{
"type": "FeatureCollection",
"name": "conflicto_uso_franja_interface",
"crs": { "type": "name", "properties": { "name": "urn:ogc:def:crs:OGC:1.3:CRS84" } },
"xy_coordinate_resolution": 1e-06,
"features": [
{ "type": "Feature", "properties": { "NOMBRE": "N/A", "Area_Ha": 18587.50754312125 }, "geometry": { "type": "Polygon", "coordinates": [ [ [ -74.935033, 10.854909 ], [ -74.934473, 10.855512 ], [ -74.933516, 10.856341 ], [ -74.932869, 10.857428 ], [ -74.931652, 10.857324 ], [ -74.929815, 10.856496 ], [ -74.929038, 10.855849 ], [ -74.928433, 10.855646 ], [ -74.928477, 10.855447 ], [ -74.928491, 10.855262 ], [ -74.928393, 10.854894 ], [ -74.928322, 10.85475 ], [ -74.928198, 10.854575 ], [ -74.928197, 10.854296 ], [ -74.928391, 10.854015 ], [ -74.928832, 10.85377 ], [ -74.929221, 10.853611 ], [ -74.929793, 10.853422 ], [ -74.931218, 10.853448 ], [ -74.931518, 10.853413 ], [ -74.932505, 10.853426 ], [ -74.932688, 10.853679 ], [ -74.9328, 10.853766 ], [ -74.932943, 10.853822 ], [ -74.933173, 10.853952 ], [ -74.933446, 10.854167 ], [ -74.933787, 10.854359 ], [ -74.934762, 10.854656 ], [ -74.935033, 10.854909 ] ] ] } },
{ "type": "Feature", "properties": { "NOMBRE": "N/A", "Area_Ha": 18587.50754312125 }, "geometry": { "type": "Polygon", "coordinates": [ [ [ -74.908077, 10.847211 ], [ -74.908876, 10.848447 ], [ -74.908288, 10.850608 ], [ -74.909491, 10.850944 ], [ -74.909931, 10.851747 ], [ -74.909465, 10.852381 ], [ -74.908753, 10.852109 ], [ -74.908469, 10.851695 ], [ -74.908029, 10.851358 ], [ -74.907615, 10.851915 ], [ -74.907382, 10.853287 ], [ -74.907084, 10.854503 ], [ -74.904367, 10.852445 ], [ -74.904625, 10.850737 ], [ -74.905076, 10.849441 ], [ -74.905216, 10.849495 ], [ -74.905964, 10.84859 ], [ -74.906206, 10.848406 ], [ -74.906703, 10.84798 ], [ -74.907052, 10.847768 ], [ -74.907224, 10.847719 ], [ -74.907502, 10.847682 ], [ -74.907715, 10.847541 ], [ -74.907874, 10.847372 ], [ -74.908077, 10.847211 ] ] ] } },
{ "type": "Feature", "properties": { "NOMBRE": "CONFLICTO MEDIO", "Area_Ha": 18587.50754312125 }, "geometry": { "type": "Polygon", "coordinates": [ [ [ -74.917204, 10.854969 ], [ -74.916233, 10.855008 ], [ -74.91578, 10.853973 ], [ -74.915845, 10.852834 ], [ -74.915043, 10.852627 ], [ -74.914629, 10.853144 ], [ -74.914447, 10.853558 ], [ -74.913943, 10.853908 ], [ -74.913606, 10.852976 ], [ -74.913606, 10.852743 ], [ -74.913839, 10.851501 ], [ -74.914202, 10.850931 ], [ -74.915211, 10.850414 ], [ -74.915858, 10.850595 ], [ -74.916376, 10.851087 ], [ -74.91679, 10.852174 ], [ -74.916816, 10.853649 ], [ -74.91679, 10.854503 ], [ -74.917204, 10.854969 ] ] ] } },
{ "type": "Feature", "properties": { "NOMBRE": "CONFLICTO MEDIO", "Area_Ha": 18587.50754312125 }, "geometry": { "type": "Polygon", "coordinates": [ [ [ -74.908753, 10.852109 ], [ -74.911238, 10.853067 ], [ -74.912118, 10.853753 ], [ -74.911911, 10.854387 ], [ -74.911186, 10.854503 ], [ -74.910733, 10.854192 ], [ -74.910125, 10.853623 ], [ -74.909646, 10.853675 ], [ -74.908999, 10.854257 ], [ -74.908184, 10.854503 ], [ -74.907084, 10.854503 ], [ -74.907382, 10.853287 ], [ -74.907615, 10.851915 ], [ -74.908029, 10.851358 ], [ -74.908469, 10.851695 ], [ -74.908753, 10.852109 ] ] ] } },
{ "type": "Feature", "properties": { "NOMBRE": "N/A", "Area_Ha": 18587.50754312125 }, "geometry": { "type": "Polygon", "coordinates": [ [ [ -74.905919, 10.858178 ], [ -74.906644, 10.858411 ], [ -74.907006, 10.859265 ], [ -74.906592, 10.859602 ], [ -74.905945, 10.860016 ], [ -74.905428, 10.860508 ], [ -74.904703, 10.860119 ], [ -74.903642, 10.859654 ], [ -74.902115, 10.858929 ], [ -74.90152, 10.858334 ], [ -74.900821, 10.857894 ], [ -74.901416, 10.857609 ], [ -74.902529, 10.857661 ], [ -74.903927, 10.858023 ], [ -74.905376, 10.858204 ], [ -74.905919, 10.858178 ] ] ] } },
{ "type": "Feature", "properties": { "NOMBRE": "CONFLICTO MEDIO", "Area_Ha": 18587.50754312125 }, "geometry": { "type": "Polygon", "coordinates": [ [ [ -74.919792, 10.851048 ], [ -74.920348, 10.851798 ], [ -74.919999, 10.852847 ], [ -74.919546, 10.8533 ], [ -74.918381, 10.853002 ], [ -74.917851, 10.852135 ], [ -74.917256, 10.851436 ], [ -74.91723, 10.850789 ], [ -74.917696, 10.850362 ], [ -74.918951, 10.850466 ], [ -74.919792, 10.851048 ] ] ] } },
{ "type": "Feature", "properties": { "NOMBRE": "N/A", "Area_Ha": 18587.50754312125 }, "geometry": { "type": "Polygon", "coordinates": [ [ [ -74.912786, 10.845387 ], [ -74.912726, 10.845652 ], [ -74.912675, 10.846117 ], [ -74.912843, 10.846674 ], [ -74.912713, 10.847295 ], [ -74.912209, 10.847864 ], [ -74.911549, 10.848175 ], [ -74.91182, 10.848576 ], [ -74.912519, 10.848874 ], [ -74.912726, 10.849094 ], [ -74.912856, 10.850233 ], [ -74.912468, 10.850944 ], [ -74.911846, 10.851126 ], [ -74.911173, 10.851126 ], [ -74.910319, 10.850957 ], [ -74.910306, 10.85022 ], [ -74.910345, 10.849806 ], [ -74.910578, 10.849236 ], [ -74.91116, 10.848576 ], [ -74.910824, 10.848084 ], [ -74.910281, 10.847826 ], [ -74.909698, 10.847502 ], [ -74.909294, 10.846501 ], [ -74.909865, 10.846153 ], [ -74.910034, 10.845963 ], [ -74.910291, 10.84571 ], [ -74.910443, 10.845494 ], [ -74.910737, 10.84496 ], [ -74.910863, 10.844911 ], [ -74.911207, 10.844874 ], [ -74.911881, 10.844938 ], [ -74.912242, 10.844889 ], [ -74.91238, 10.844907 ], [ -74.912508, 10.844961 ], [ -74.912661, 10.845114 ], [ -74.912786, 10.845387 ] ] ] } },
{ "type": "Feature", "properties": { "NOMBRE": "CONFLICTO MEDIO", "Area_Ha": 18587.50754312125 }, "geometry": { "type": "Polygon", "coordinates": [ [ [ -74.906186, 10.857245 ], [ -74.905919, 10.858178 ], [ -74.905376, 10.858204 ], [ -74.903927, 10.858023 ], [ -74.902529, 10.857661 ], [ -74.901416, 10.857609 ], [ -74.901701, 10.855098 ], [ -74.903435, 10.854115 ], [ -74.904134, 10.855487 ], [ -74.905764, 10.857143 ], [ -74.906186, 10.857245 ] ] ] } },
{ "type": "Feature", "properties": { "NOMBRE": "N/A", "Area_Ha": 18587.50754312125 }, "geometry": { "type": "Polygon", "coordinates": [ [ [ -74.899316, 10.84396 ], [ -74.899553, 10.844629 ], [ -74.899786, 10.846143 ], [ -74.899993, 10.847075 ], [ -74.899074, 10.847748 ], [ -74.898194, 10.847955 ], [ -74.897922, 10.847929 ], [ -74.897197, 10.847929 ], [ -74.896856, 10.847903 ], [ -74.899316, 10.84396 ] ] ] } },
{ "type": "Feature", "properties": { "NOMBRE": "CONFLICTO ALTO", "Area_Ha": 18587.50754312125 }, "geometry": { "type": "Polygon", "coordinates": [ [ [ -74.909863, 10.860822 ], [ -74.910035, 10.858929 ], [ -74.911795, 10.861284 ], [ -74.911536, 10.861724 ], [ -74.909863, 10.860822 ] ] ] } },
{ "type": "Feature", "properties": { "NOMBRE": "N/A", "Area_Ha": 18587.50754312125 }, "geometry": { "type": "Polygon", "coordinates": [ [ [ -74.91314, 10.858178 ], [ -74.913736, 10.858592 ], [ -74.913503, 10.859369 ], [ -74.913995, 10.86043 ], [ -74.913943, 10.861569 ], [ -74.913322, 10.861802 ], [ -74.912545, 10.861465 ], [ -74.911795, 10.861284 ], [ -74.910035, 10.858929 ], [ -74.910889, 10.857272 ], [ -74.91314, 10.858178 ] ] ] } },
{ "type": "Feature", "properties": { "NOMBRE": "CONFLICTO MUY ALTO", "Area_Ha": 18587.50754312125 }, "geometry": { "type": "Polygon", "coordinates": [ [ [ -74.909863, 10.860822 ], [ -74.908818, 10.860715 ], [ -74.907576, 10.860611 ], [ -74.906774, 10.860741 ], [ -74.905971, 10.861388 ], [ -74.905014, 10.861853 ], [ -74.902969, 10.861543 ], [ -74.901727, 10.860792 ], [ -74.900381, 10.859679 ], [ -74.900381, 10.858566 ], [ -74.900821, 10.857894 ], [ -74.90152, 10.858334 ], [ -74.902115, 10.858929 ], [ -74.903642, 10.859654 ], [ -74.904703, 10.860119 ], [ -74.905428, 10.860508 ], [ -74.905945, 10.860016 ], [ -74.906592, 10.859602 ], [ -74.907006, 10.859265 ], [ -74.906644, 10.858411 ], [ -74.905919, 10.858178 ], [ -74.906186, 10.857245 ], [ -74.907576, 10.857583 ], [ -74.908508, 10.857428 ], [ -74.908792, 10.858489 ], [ -74.908822, 10.859015 ], [ -74.910035, 10.858929 ], [ -74.909863, 10.860822 ] ] ] } },
{ "type": "Feature", "properties": { "NOMBRE": "CONFLICTO MUY ALTO", "Area_Ha": 18587.50754312125 }, "geometry": { "type": "Polygon", "coordinates": [ [ [ -74.894349, 10.852795 ], [ -74.894868, 10.853623 ], [ -74.895567, 10.854322 ], [ -74.895334, 10.855383 ], [ -74.894428, 10.855357 ], [ -74.893496, 10.858126 ], [ -74.890287, 10.857324 ], [ -74.888889, 10.856677 ], [ -74.887958, 10.855745 ], [ -74.887207, 10.856159 ], [ -74.887466, 10.857039 ], [ -74.888216, 10.857402 ], [ -74.88876, 10.858308 ], [ -74.889174, 10.858359 ], [ -74.889666, 10.857816 ], [ -74.891167, 10.858308 ], [ -74.89096, 10.859084 ], [ -74.888682, 10.859783 ], [ -74.887026, 10.859472 ], [ -74.885965, 10.858748 ], [ -74.885602, 10.85823 ], [ -74.885111, 10.858334 ], [ -74.885188, 10.85911 ], [ -74.883066, 10.858592 ], [ -74.883351, 10.856858 ], [ -74.882134, 10.856289 ], [ -74.880892, 10.855461 ], [ -74.880607, 10.854322 ], [ -74.882652, 10.853727 ], [ -74.88273, 10.855176 ], [ -74.883894, 10.855331 ], [ -74.88405, 10.856444 ], [ -74.885835, 10.855823 ], [ -74.886897, 10.855254 ], [ -74.887129, 10.854762 ], [ -74.886612, 10.854503 ], [ -74.885784, 10.854555 ], [ -74.885318, 10.85484 ], [ -74.884774, 10.85471 ], [ -74.884722, 10.854037 ], [ -74.885085, 10.853649 ], [ -74.885835, 10.853701 ], [ -74.886249, 10.853908 ], [ -74.887, 10.853985 ], [ -74.887414, 10.853701 ], [ -74.888372, 10.853934 ], [ -74.888812, 10.854891 ], [ -74.889019, 10.855668 ], [ -74.889433, 10.856108 ], [ -74.889718, 10.855694 ], [ -74.889718, 10.854891 ], [ -74.890106, 10.854167 ], [ -74.890442, 10.854011 ], [ -74.890727, 10.853675 ], [ -74.891348, 10.853313 ], [ -74.891866, 10.853468 ], [ -74.892358, 10.853338 ], [ -74.892642, 10.852743 ], [ -74.891969, 10.851061 ], [ -74.891207, 10.849829 ], [ -74.891957, 10.850017 ], [ -74.892366, 10.850072 ], [ -74.892787, 10.850251 ], [ -74.892958, 10.850767 ], [ -74.89346, 10.85163 ], [ -74.894053, 10.85228 ], [ -74.894349, 10.852795 ] ] ] } },
{ "type": "Feature", "properties": { "NOMBRE": "N/A", "Area_Ha": 18587.50754312125 }, "geometry": { "type": "Polygon", "coordinates": [ [ [ -74.917204, 10.857169 ], [ -74.916363, 10.856548 ], [ -74.915677, 10.856108 ], [ -74.914124, 10.85572 ], [ -74.913632, 10.854684 ], [ -74.913943, 10.853908 ], [ -74.914447, 10.853558 ], [ -74.914629, 10.853144 ], [ -74.915043, 10.852627 ], [ -74.915845, 10.852834 ], [ -74.91578, 10.853973 ], [ -74.916233, 10.855008 ], [ -74.917204, 10.854969 ], [ -74.918317, 10.85484 ], [ -74.918498, 10.855409 ], [ -74.919326, 10.856004 ], [ -74.921267, 10.856263 ], [ -74.921448, 10.857479 ], [ -74.921034, 10.858126 ], [ -74.92031, 10.857764 ], [ -74.9193, 10.857169 ], [ -74.91811, 10.856781 ], [ -74.917204, 10.857169 ] ] ] } },
{ "type": "Feature", "properties": { "NOMBRE": "CONFLICTO ALTO", "Area_Ha": 18587.50754312125 }, "geometry": { "type": "Polygon", "coordinates": [ [ [ -74.896856, 10.847903 ], [ -74.897197, 10.847929 ], [ -74.897922, 10.847929 ], [ -74.898194, 10.847955 ], [ -74.899074, 10.847748 ], [ -74.899993, 10.847075 ], [ -74.899786, 10.846143 ], [ -74.899553, 10.844629 ], [ -74.899316, 10.84396 ], [ -74.899515, 10.843643 ], [ -74.899764, 10.843867 ], [ -74.901008, 10.845205 ], [ -74.901228, 10.845392 ], [ -74.901565, 10.845608 ], [ -74.901796, 10.845804 ], [ -74.901976, 10.846168 ], [ -74.902022, 10.846464 ], [ -74.902034, 10.847159 ], [ -74.901974, 10.848189 ], [ -74.901908, 10.848601 ], [ -74.901894, 10.848971 ], [ -74.901929, 10.849049 ], [ -74.902133, 10.849174 ], [ -74.902475, 10.849264 ], [ -74.902615, 10.84927 ], [ -74.90271, 10.849255 ], [ -74.902963, 10.849187 ], [ -74.903107, 10.849211 ], [ -74.903205, 10.849247 ], [ -74.903471, 10.849399 ], [ -74.903784, 10.849491 ], [ -74.904226, 10.849523 ], [ -74.904442, 10.849521 ], [ -74.905076, 10.849441 ], [ -74.904625, 10.850737 ], [ -74.904367, 10.852445 ], [ -74.907084, 10.854503 ], [ -74.908184, 10.854503 ], [ -74.908999, 10.854257 ], [ -74.909646, 10.853675 ], [ -74.910125, 10.853623 ], [ -74.910733, 10.854192 ], [ -74.911186, 10.854503 ], [ -74.911911, 10.854387 ], [ -74.912118, 10.853753 ], [ -74.911238, 10.853067 ], [ -74.909465, 10.852381 ], [ -74.909931, 10.851747 ], [ -74.909491, 10.850944 ], [ -74.908288, 10.850608 ], [ -74.908876, 10.848447 ], [ -74.908077, 10.847211 ], [ -74.908778, 10.846816 ], [ -74.909294, 10.846501 ], [ -74.909698, 10.847502 ], [ -74.910281, 10.847826 ], [ -74.910824, 10.848084 ], [ -74.91116, 10.848576 ], [ -74.910578, 10.849236 ], [ -74.910345, 10.849806 ], [ -74.910306, 10.85022 ], [ -74.910319, 10.850957 ], [ -74.911173, 10.851126 ], [ -74.911846, 10.851126 ], [ -74.912468, 10.850944 ], [ -74.912856, 10.850233 ], [ -74.912726, 10.849094 ], [ -74.912519, 10.848874 ], [ -74.91182, 10.848576 ], [ -74.911549, 10.848175 ], [ -74.912209, 10.847864 ], [ -74.912713, 10.847295 ], [ -74.912843, 10.846674 ], [ -74.912675, 10.846117 ], [ -74.912726, 10.845652 ], [ -74.912786, 10.845387 ], [ -74.912918, 10.845555 ], [ -74.91305, 10.845688 ], [ -74.913367, 10.845934 ], [ -74.913378, 10.84597 ], [ -74.913643, 10.845947 ], [ -74.913926, 10.845897 ], [ -74.913987, 10.845864 ], [ -74.914097, 10.845953 ], [ -74.914217, 10.846091 ], [ -74.914267, 10.846268 ], [ -74.914288, 10.846494 ], [ -74.91421, 10.846985 ], [ -74.914266, 10.84745 ], [ -74.91446, 10.847589 ], [ -74.914991, 10.84771 ], [ -74.917307, 10.847669 ], [ -74.918173, 10.847701 ], [ -74.919129, 10.847874 ], [ -74.919695, 10.848099 ], [ -74.920137, 10.848203 ], [ -74.920898, 10.848446 ], [ -74.921001, 10.848678 ], [ -74.920927, 10.848973 ], [ -74.920348, 10.849771 ], [ -74.920221, 10.849912 ], [ -74.920125, 10.850185 ], [ -74.920125, 10.850354 ], [ -74.920215, 10.850494 ], [ -74.920328, 10.850612 ], [ -74.9205, 10.850943 ], [ -74.92059, 10.851076 ], [ -74.920687, 10.851179 ], [ -74.920762, 10.851296 ], [ -74.920979, 10.85151 ], [ -74.921173, 10.85173 ], [ -74.921435, 10.851951 ], [ -74.921817, 10.852333 ], [ -74.922026, 10.852443 ], [ -74.92216, 10.852561 ], [ -74.922377, 10.852671 ], [ -74.922766, 10.852942 ], [ -74.922958, 10.853176 ], [ -74.923295, 10.853691 ], [ -74.923453, 10.854133 ], [ -74.923484, 10.854354 ], [ -74.923492, 10.854612 ], [ -74.923433, 10.854974 ], [ -74.923464, 10.855313 ], [ -74.923569, 10.855556 ], [ -74.923704, 10.855688 ], [ -74.923779, 10.855791 ], [ -74.923988, 10.855916 ], [ -74.924175, 10.856063 ], [ -74.924631, 10.856357 ], [ -74.924892, 10.856444 ], [ -74.925302, 10.856495 ], [ -74.925645, 10.856494 ], [ -74.926272, 10.856389 ], [ -74.926741, 10.856336 ], [ -74.927054, 10.856247 ], [ -74.927658, 10.856112 ], [ -74.927911, 10.856023 ], [ -74.928135, 10.855927 ], [ -74.928306, 10.855808 ], [ -74.928433, 10.855646 ], [ -74.929038, 10.855849 ], [ -74.929815, 10.856496 ], [ -74.931652, 10.857324 ], [ -74.932869, 10.857428 ], [ -74.933516, 10.856341 ], [ -74.934473, 10.855512 ], [ -74.935033, 10.854909 ], [ -74.935218, 10.855203 ], [ -74.935507, 10.855525 ], [ -74.935974, 10.85625 ], [ -74.936157, 10.856741 ], [ -74.936477, 10.857006 ], [ -74.936674, 10.857107 ], [ -74.936957, 10.857426 ], [ -74.93709, 10.857487 ], [ -74.937262, 10.8575 ], [ -74.937514, 10.857479 ], [ -74.938164, 10.857467 ], [ -74.938347, 10.8575 ], [ -74.938494, 10.857488 ], [ -74.938691, 10.857447 ], [ -74.938815, 10.857447 ], [ -74.93895, 10.857487 ], [ -74.939159, 10.857584 ], [ -74.939327, 10.857691 ], [ -74.939481, 10.857838 ], [ -74.939573, 10.857876 ], [ -74.939727, 10.85788 ], [ -74.939855, 10.857955 ], [ -74.940014, 10.858097 ], [ -74.940294, 10.858389 ], [ -74.940379, 10.858429 ], [ -74.94057, 10.858434 ], [ -74.940647, 10.85832 ], [ -74.940737, 10.858293 ], [ -74.941173, 10.858328 ], [ -74.941524, 10.858336 ], [ -74.941655, 10.858411 ], [ -74.942472, 10.858498 ], [ -74.942657, 10.858342 ], [ -74.942765, 10.858305 ], [ -74.942937, 10.858316 ], [ -74.943179, 10.858234 ], [ -74.943307, 10.858254 ], [ -74.943422, 10.858353 ], [ -74.94379, 10.858291 ], [ -74.943905, 10.858305 ], [ -74.944015, 10.858343 ], [ -74.944337, 10.858308 ], [ -74.944814, 10.85842 ], [ -74.944816, 10.858511 ], [ -74.944873, 10.858733 ], [ -74.944996, 10.859546 ], [ -74.94409, 10.860634 ], [ -74.943735, 10.860709 ], [ -74.943434, 10.860923 ], [ -74.942968, 10.861154 ], [ -74.942752, 10.861585 ], [ -74.942632, 10.862016 ], [ -74.942439, 10.862136 ], [ -74.942246, 10.862232 ], [ -74.941957, 10.862759 ], [ -74.941982, 10.863118 ], [ -74.941959, 10.863572 ], [ -74.942102, 10.863808 ], [ -74.942322, 10.864036 ], [ -74.94242, 10.864288 ], [ -74.942433, 10.864541 ], [ -74.942324, 10.864842 ], [ -74.941693, 10.865127 ], [ -74.940585, 10.865509 ], [ -74.94032, 10.865873 ], [ -74.939668, 10.866329 ], [ -74.939213, 10.866633 ], [ -74.93888, 10.866793 ], [ -74.938412, 10.866979 ], [ -74.938219, 10.867147 ], [ -74.938026, 10.867362 ], [ -74.937809, 10.867554 ], [ -74.937592, 10.867794 ], [ -74.937374, 10.867962 ], [ -74.936723, 10.868586 ], [ -74.936385, 10.868802 ], [ -74.936022, 10.868946 ], [ -74.935815, 10.868995 ], [ -74.935522, 10.868957 ], [ -74.935248, 10.868781 ], [ -74.93486, 10.868758 ], [ -74.934449, 10.868807 ], [ -74.934111, 10.868952 ], [ -74.933846, 10.869359 ], [ -74.933629, 10.869742 ], [ -74.93343, 10.869955 ], [ -74.934018, 10.870387 ], [ -74.934309, 10.870625 ], [ -74.934697, 10.871007 ], [ -74.93494, 10.871317 ], [ -74.935258, 10.87205 ], [ -74.935258, 10.872369 ], [ -74.935065, 10.87268 ], [ -74.934848, 10.872944 ], [ -74.934632, 10.873471 ], [ -74.934415, 10.873926 ], [ -74.934222, 10.874165 ], [ -74.934135, 10.874243 ], [ -74.934104, 10.873707 ], [ -74.934286, 10.872698 ], [ -74.933639, 10.871223 ], [ -74.9325, 10.869954 ], [ -74.931956, 10.868505 ], [ -74.93294, 10.867418 ], [ -74.934467, 10.866486 ], [ -74.935502, 10.865347 ], [ -74.934337, 10.86426 ], [ -74.932759, 10.863976 ], [ -74.931775, 10.86426 ], [ -74.931387, 10.864183 ], [ -74.93074, 10.863329 ], [ -74.928255, 10.863199 ], [ -74.927427, 10.863329 ], [ -74.92678, 10.861828 ], [ -74.925538, 10.861413 ], [ -74.924709, 10.861595 ], [ -74.921966, 10.86175 ], [ -74.920568, 10.861439 ], [ -74.919559, 10.861646 ], [ -74.919016, 10.862397 ], [ -74.917333, 10.861181 ], [ -74.918032, 10.859628 ], [ -74.91974, 10.860663 ], [ -74.920413, 10.859524 ], [ -74.918627, 10.858437 ], [ -74.917204, 10.857169 ], [ -74.91811, 10.856781 ], [ -74.9193, 10.857169 ], [ -74.92031, 10.857764 ], [ -74.921034, 10.858126 ], [ -74.921448, 10.857479 ], [ -74.921267, 10.856263 ], [ -74.919326, 10.856004 ], [ -74.918498, 10.855409 ], [ -74.918317, 10.85484 ], [ -74.917204, 10.854969 ], [ -74.91679, 10.854503 ], [ -74.916816, 10.853649 ], [ -74.91679, 10.852174 ], [ -74.916376, 10.851087 ], [ -74.915858, 10.850595 ], [ -74.915211, 10.850414 ], [ -74.914202, 10.850931 ], [ -74.913839, 10.851501 ], [ -74.913606, 10.852743 ], [ -74.913606, 10.852976 ], [ -74.913943, 10.853908 ], [ -74.913632, 10.854684 ], [ -74.914124, 10.85572 ], [ -74.915677, 10.856108 ], [ -74.915418, 10.856755 ], [ -74.914072, 10.856651 ], [ -74.91314, 10.858178 ], [ -74.910889, 10.857272 ], [ -74.910035, 10.858929 ], [ -74.908822, 10.859015 ], [ -74.908792, 10.858489 ], [ -74.908508, 10.857428 ], [ -74.907576, 10.857583 ], [ -74.905764, 10.857143 ], [ -74.904134, 10.855487 ], [ -74.903435, 10.854115 ], [ -74.901701, 10.855098 ], [ -74.899863, 10.85484 ], [ -74.898595, 10.853985 ], [ -74.896602, 10.85308 ], [ -74.89536, 10.852658 ], [ -74.895117, 10.851255 ], [ -74.895376, 10.850368 ], [ -74.896032, 10.849232 ], [ -74.896856, 10.847903 ] ], [ [ -74.919792, 10.851048 ], [ -74.918951, 10.850466 ], [ -74.917696, 10.850362 ], [ -74.91723, 10.850789 ], [ -74.917256, 10.851436 ], [ -74.917851, 10.852135 ], [ -74.918381, 10.853002 ], [ -74.919546, 10.8533 ], [ -74.919999, 10.852847 ], [ -74.920348, 10.851798 ], [ -74.919792, 10.851048 ] ] ] } },
{ "type": "Feature", "properties": { "NOMBRE": "CONFLICTO MEDIO", "Area_Ha": 18587.50754312125 }, "geometry": { "type": "Polygon", "coordinates": [ [ [ -74.917333, 10.861181 ], [ -74.917126, 10.861038 ], [ -74.916647, 10.861336 ], [ -74.916376, 10.86219 ], [ -74.916376, 10.862902 ], [ -74.916505, 10.86338 ], [ -74.91745, 10.863497 ], [ -74.917799, 10.863756 ], [ -74.917566, 10.864183 ], [ -74.916906, 10.86426 ], [ -74.916414, 10.864338 ], [ -74.916427, 10.864649 ], [ -74.916816, 10.865684 ], [ -74.916466, 10.866409 ], [ -74.916207, 10.867237 ], [ -74.915897, 10.868971 ], [ -74.913878, 10.868673 ], [ -74.913089, 10.868207 ], [ -74.913102, 10.86769 ], [ -74.913335, 10.867069 ], [ -74.914189, 10.865749 ], [ -74.91437, 10.865102 ], [ -74.91424, 10.86483 ], [ -74.913309, 10.864713 ], [ -74.913037, 10.864286 ], [ -74.913438, 10.864183 ], [ -74.913943, 10.864351 ], [ -74.914473, 10.864131 ], [ -74.914667, 10.863743 ], [ -74.913969, 10.862746 ], [ -74.913309, 10.862436 ], [ -74.912558, 10.862462 ], [ -74.912299, 10.862591 ], [ -74.911898, 10.862656 ], [ -74.911251, 10.862902 ], [ -74.910889, 10.863458 ], [ -74.91085, 10.864015 ], [ -74.910682, 10.864675 ], [ -74.909957, 10.865192 ], [ -74.909556, 10.865231 ], [ -74.909129, 10.864895 ], [ -74.909116, 10.864467 ], [ -74.909595, 10.863678 ], [ -74.909776, 10.862824 ], [ -74.908844, 10.86228 ], [ -74.908094, 10.862112 ], [ -74.907149, 10.862332 ], [ -74.906618, 10.862656 ], [ -74.905855, 10.862811 ], [ -74.903901, 10.862539 ], [ -74.903176, 10.862733 ], [ -74.902814, 10.863626 ], [ -74.90205, 10.864791 ], [ -74.901118, 10.866098 ], [ -74.899915, 10.866784 ], [ -74.898737, 10.866771 ], [ -74.897728, 10.866422 ], [ -74.897586, 10.865826 ], [ -74.898207, 10.865542 ], [ -74.898608, 10.86483 ], [ -74.899061, 10.863924 ], [ -74.898621, 10.863368 ], [ -74.897974, 10.862953 ], [ -74.897146, 10.862332 ], [ -74.897016, 10.861866 ], [ -74.897443, 10.861608 ], [ -74.898466, 10.862242 ], [ -74.898906, 10.862578 ], [ -74.899346, 10.862695 ], [ -74.899773, 10.862475 ], [ -74.899941, 10.861905 ], [ -74.899734, 10.861375 ], [ -74.899566, 10.860818 ], [ -74.899837, 10.860637 ], [ -74.900484, 10.861064 ], [ -74.900834, 10.861388 ], [ -74.901377, 10.861181 ], [ -74.901582, 10.860672 ], [ -74.901727, 10.860792 ], [ -74.902969, 10.861543 ], [ -74.905014, 10.861853 ], [ -74.905971, 10.861388 ], [ -74.906774, 10.860741 ], [ -74.907576, 10.860611 ], [ -74.908818, 10.860715 ], [ -74.909863, 10.860822 ], [ -74.911536, 10.861724 ], [ -74.911795, 10.861284 ], [ -74.912545, 10.861465 ], [ -74.913322, 10.861802 ], [ -74.913943, 10.861569 ], [ -74.913995, 10.86043 ], [ -74.913503, 10.859369 ], [ -74.913736, 10.858592 ], [ -74.91314, 10.858178 ], [ -74.914072, 10.856651 ], [ -74.915418, 10.856755 ], [ -74.915677, 10.856108 ], [ -74.916363, 10.856548 ], [ -74.917204, 10.857169 ], [ -74.918627, 10.858437 ], [ -74.920413, 10.859524 ], [ -74.91974, 10.860663 ], [ -74.918032, 10.859628 ], [ -74.917333, 10.861181 ] ] ] } },
{ "type": "Feature", "properties": { "NOMBRE": "CONFLICTO ALTO", "Area_Ha": 18587.50754312125 }, "geometry": { "type": "Polygon", "coordinates": [ [ [ -74.913368, 10.868372 ], [ -74.913115, 10.869463 ], [ -74.912739, 10.869954 ], [ -74.91204, 10.87064 ], [ -74.912105, 10.871559 ], [ -74.912519, 10.872361 ], [ -74.913451, 10.872853 ], [ -74.913438, 10.873371 ], [ -74.913127, 10.874095 ], [ -74.912131, 10.87416 ], [ -74.911808, 10.873655 ], [ -74.912105, 10.873215 ], [ -74.912209, 10.872711 ], [ -74.911691, 10.87262 ], [ -74.911355, 10.872801 ], [ -74.910371, 10.87284 ], [ -74.909155, 10.872555 ], [ -74.908611, 10.87187 ], [ -74.908611, 10.870951 ], [ -74.909271, 10.869696 ], [ -74.909879, 10.868596 ], [ -74.910591, 10.868026 ], [ -74.911445, 10.866939 ], [ -74.91195, 10.86602 ], [ -74.912015, 10.865451 ], [ -74.911976, 10.864726 ], [ -74.911976, 10.86417 ], [ -74.912299, 10.862591 ], [ -74.912558, 10.862462 ], [ -74.913309, 10.862436 ], [ -74.913969, 10.862746 ], [ -74.914667, 10.863743 ], [ -74.914473, 10.864131 ], [ -74.913943, 10.864351 ], [ -74.913438, 10.864183 ], [ -74.913037, 10.864286 ], [ -74.913309, 10.864713 ], [ -74.91424, 10.86483 ], [ -74.91437, 10.865102 ], [ -74.914189, 10.865749 ], [ -74.913335, 10.867069 ], [ -74.913102, 10.86769 ], [ -74.913089, 10.868207 ], [ -74.913368, 10.868372 ] ] ] } },
{ "type": "Feature", "properties": { "NOMBRE": "CONFLICTO MEDIO", "Area_Ha": 18587.50754312125 }, "geometry": { "type": "Polygon", "coordinates": [ [ [ -74.925538, 10.861413 ], [ -74.925615, 10.862423 ], [ -74.925072, 10.863355 ], [ -74.924477, 10.864183 ], [ -74.92383, 10.86439 ], [ -74.923079, 10.864209 ], [ -74.922354, 10.863795 ], [ -74.921966, 10.863044 ], [ -74.921578, 10.862552 ], [ -74.920568, 10.861439 ], [ -74.921966, 10.86175 ], [ -74.924709, 10.861595 ], [ -74.925538, 10.861413 ] ] ] } },
{ "type": "Feature", "properties": { "NOMBRE": "CONFLICTO MEDIO", "Area_Ha": 18587.50754312125 }, "geometry": { "type": "Polygon", "coordinates": [ [ [ -74.931509, 10.874973 ], [ -74.930818, 10.87451 ], [ -74.930378, 10.874018 ], [ -74.930119, 10.873345 ], [ -74.929989, 10.871947 ], [ -74.93017, 10.869566 ], [ -74.931076, 10.867263 ], [ -74.931102, 10.865891 ], [ -74.930533, 10.865684 ], [ -74.930196, 10.866434 ], [ -74.929549, 10.868065 ], [ -74.92854, 10.870161 ], [ -74.928255, 10.871714 ], [ -74.926832, 10.872957 ], [ -74.925719, 10.873034 ], [ -74.925512, 10.872232 ], [ -74.925926, 10.870912 ], [ -74.926444, 10.869721 ], [ -74.927116, 10.870032 ], [ -74.92766, 10.869696 ], [ -74.9281, 10.868841 ], [ -74.928747, 10.867237 ], [ -74.929161, 10.865529 ], [ -74.928902, 10.864545 ], [ -74.928721, 10.86426 ], [ -74.928126, 10.863795 ], [ -74.927608, 10.86439 ], [ -74.926961, 10.865865 ], [ -74.925822, 10.868039 ], [ -74.925331, 10.869489 ], [ -74.925046, 10.869307 ], [ -74.924994, 10.868764 ], [ -74.925357, 10.867185 ], [ -74.926004, 10.86558 ], [ -74.926651, 10.86382 ], [ -74.927134, 10.862648 ], [ -74.927427, 10.863329 ], [ -74.928255, 10.863199 ], [ -74.93074, 10.863329 ], [ -74.931387, 10.864183 ], [ -74.931775, 10.86426 ], [ -74.932759, 10.863976 ], [ -74.934337, 10.86426 ], [ -74.935502, 10.865347 ], [ -74.934467, 10.866486 ], [ -74.93294, 10.867418 ], [ -74.931956, 10.868505 ], [ -74.9325, 10.869954 ], [ -74.933639, 10.871223 ], [ -74.934286, 10.872698 ], [ -74.934104, 10.873707 ], [ -74.934135, 10.874243 ], [ -74.933981, 10.874381 ], [ -74.933546, 10.874502 ], [ -74.933086, 10.87448 ], [ -74.932723, 10.874481 ], [ -74.932384, 10.874372 ], [ -74.932079, 10.874447 ], [ -74.931853, 10.874698 ], [ -74.931509, 10.874973 ] ] ] } },
{ "type": "Feature", "properties": { "NOMBRE": "CONFLICTO ALTO", "Area_Ha": 18587.50754312125 }, "geometry": { "type": "Polygon", "coordinates": [ [ [ -74.92383, 10.86439 ], [ -74.923778, 10.869411 ], [ -74.92326, 10.86967 ], [ -74.921888, 10.870006 ], [ -74.92106, 10.870705 ], [ -74.920983, 10.871895 ], [ -74.9215, 10.872931 ], [ -74.921423, 10.873681 ], [ -74.919481, 10.874225 ], [ -74.917747, 10.874251 ], [ -74.915729, 10.873888 ], [ -74.914667, 10.873448 ], [ -74.91415, 10.872672 ], [ -74.913787, 10.871921 ], [ -74.914227, 10.870912 ], [ -74.915289, 10.870368 ], [ -74.916324, 10.871041 ], [ -74.917281, 10.871223 ], [ -74.917799, 10.870084 ], [ -74.918653, 10.868557 ], [ -74.920413, 10.86646 ], [ -74.921526, 10.865994 ], [ -74.922173, 10.864649 ], [ -74.922354, 10.863795 ], [ -74.923079, 10.864209 ], [ -74.92383, 10.86439 ] ] ] } },
{ "type": "Feature", "properties": { "NOMBRE": "CONFLICTO MEDIO", "Area_Ha": 18587.50754312125 }, "geometry": { "type": "Polygon", "coordinates": [ [ [ -74.882652, 10.853727 ], [ -74.883144, 10.85317 ], [ -74.883584, 10.852523 ], [ -74.883673, 10.851921 ], [ -74.883864, 10.851857 ], [ -74.88568, 10.85137 ], [ -74.886263, 10.851177 ], [ -74.886482, 10.85163 ], [ -74.885952, 10.852316 ], [ -74.885693, 10.853041 ], [ -74.885835, 10.853701 ], [ -74.885085, 10.853649 ], [ -74.884722, 10.854037 ], [ -74.884774, 10.85471 ], [ -74.885318, 10.85484 ], [ -74.885784, 10.854555 ], [ -74.886612, 10.854503 ], [ -74.887129, 10.854762 ], [ -74.886897, 10.855254 ], [ -74.885835, 10.855823 ], [ -74.88405, 10.856444 ], [ -74.883894, 10.855331 ], [ -74.88273, 10.855176 ], [ -74.882652, 10.853727 ] ] ] } },
{ "type": "Feature", "properties": { "NOMBRE": "CONFLICTO MEDIO", "Area_Ha": 18587.50754312125 }, "geometry": { "type": "Polygon", "coordinates": [ [ [ -74.887414, 10.853701 ], [ -74.887466, 10.853287 ], [ -74.888035, 10.852562 ], [ -74.888035, 10.851164 ], [ -74.888014, 10.850598 ], [ -74.889005, 10.85025 ], [ -74.889493, 10.850136 ], [ -74.891207, 10.849829 ], [ -74.891969, 10.851061 ], [ -74.892642, 10.852743 ], [ -74.892358, 10.853338 ], [ -74.891866, 10.853468 ], [ -74.891348, 10.853313 ], [ -74.890727, 10.853675 ], [ -74.890442, 10.854011 ], [ -74.890106, 10.854167 ], [ -74.889718, 10.854891 ], [ -74.889718, 10.855694 ], [ -74.889433, 10.856108 ], [ -74.889019, 10.855668 ], [ -74.888812, 10.854891 ], [ -74.888372, 10.853934 ], [ -74.887414, 10.853701 ] ] ] } },
{ "type": "Feature", "properties": { "NOMBRE": "N/A", "Area_Ha": 18587.50754312125 }, "geometry": { "type": "Polygon", "coordinates": [ [ [ -74.885835, 10.853701 ], [ -74.885693, 10.853041 ], [ -74.885952, 10.852316 ], [ -74.886482, 10.85163 ], [ -74.886263, 10.851177 ], [ -74.888014, 10.850598 ], [ -74.888035, 10.851164 ], [ -74.888035, 10.852562 ], [ -74.887466, 10.853287 ], [ -74.887414, 10.853701 ], [ -74.887, 10.853985 ], [ -74.886249, 10.853908 ], [ -74.885835, 10.853701 ] ] ] } },
{ "type": "Feature", "properties": { "NOMBRE": "CONFLICTO MEDIO", "Area_Ha": 18587.50754312125 }, "geometry": { "type": "Polygon", "coordinates": [ [ [ -74.876334, 10.852891 ], [ -74.875832, 10.856172 ], [ -74.875522, 10.856845 ], [ -74.874952, 10.858346 ], [ -74.873865, 10.858062 ], [ -74.872235, 10.857725 ], [ -74.870486, 10.856627 ], [ -74.87063, 10.856336 ], [ -74.870787, 10.85612 ], [ -74.87095, 10.85594 ], [ -74.871125, 10.855653 ], [ -74.871173, 10.855527 ], [ -74.87125, 10.85521 ], [ -74.87125, 10.854959 ], [ -74.871279, 10.854678 ], [ -74.871363, 10.854492 ], [ -74.871478, 10.854343 ], [ -74.871568, 10.854193 ], [ -74.87161, 10.854091 ], [ -74.871664, 10.853924 ], [ -74.871664, 10.853816 ], [ -74.871694, 10.853648 ], [ -74.871695, 10.853446 ], [ -74.872132, 10.853088 ], [ -74.874622, 10.852937 ], [ -74.876334, 10.852891 ] ] ] } },
{ "type": "Feature", "properties": { "NOMBRE": "CONFLICTO MEDIO", "Area_Ha": 18587.50754312125 }, "geometry": { "type": "Polygon", "coordinates": [ [ [ -74.919345, 10.88075 ], [ -74.919054, 10.881446 ], [ -74.919404, 10.88327 ], [ -74.919559, 10.883969 ], [ -74.920103, 10.884409 ], [ -74.92084, 10.884396 ], [ -74.921694, 10.884202 ], [ -74.921824, 10.88503 ], [ -74.921177, 10.88648 ], [ -74.92031, 10.886868 ], [ -74.919637, 10.88745 ], [ -74.918472, 10.887399 ], [ -74.917294, 10.885936 ], [ -74.916156, 10.884099 ], [ -74.915289, 10.88261 ], [ -74.915146, 10.881886 ], [ -74.915444, 10.881342 ], [ -74.916207, 10.881329 ], [ -74.917126, 10.881588 ], [ -74.917773, 10.8812 ], [ -74.917256, 10.880216 ], [ -74.917437, 10.879298 ], [ -74.91855, 10.879 ], [ -74.919041, 10.880294 ], [ -74.919345, 10.88075 ] ] ] } },
{ "type": "Feature", "properties": { "NOMBRE": "CONFLICTO MUY ALTO", "Area_Ha": 18587.50754312125 }, "geometry": { "type": "Polygon", "coordinates": [ [ [ -74.905855, 10.862811 ], [ -74.905738, 10.863057 ], [ -74.905971, 10.863316 ], [ -74.906165, 10.863562 ], [ -74.906592, 10.863406 ], [ -74.908223, 10.863355 ], [ -74.908326, 10.86404 ], [ -74.907783, 10.864662 ], [ -74.907214, 10.865671 ], [ -74.906644, 10.866266 ], [ -74.905945, 10.866409 ], [ -74.905285, 10.866085 ], [ -74.905065, 10.865438 ], [ -74.905272, 10.864946 ], [ -74.905661, 10.864286 ], [ -74.905389, 10.86417 ], [ -74.903914, 10.864739 ], [ -74.902529, 10.86483 ], [ -74.9021, 10.864715 ], [ -74.902814, 10.863626 ], [ -74.903176, 10.862733 ], [ -74.903901, 10.862539 ], [ -74.905855, 10.862811 ] ] ] } },
{ "type": "Feature", "properties": { "NOMBRE": "CONFLICTO MEDIO", "Area_Ha": 18587.50754312125 }, "geometry": { "type": "Polygon", "coordinates": [ [ [ -74.92957, 10.880373 ], [ -74.928876, 10.879906 ], [ -74.9281, 10.879699 ], [ -74.927608, 10.878871 ], [ -74.92678, 10.878431 ], [ -74.925357, 10.877965 ], [ -74.923726, 10.877111 ], [ -74.921655, 10.876179 ], [ -74.921707, 10.875687 ], [ -74.92339, 10.875972 ], [ -74.924632, 10.876101 ], [ -74.92634, 10.876412 ], [ -74.928307, 10.876671 ], [ -74.929823, 10.877389 ], [ -74.929841, 10.877747 ], [ -74.929902, 10.878028 ], [ -74.92983, 10.878291 ], [ -74.929564, 10.878804 ], [ -74.92951, 10.879135 ], [ -74.929472, 10.880038 ], [ -74.92957, 10.880373 ] ] ] } },
{ "type": "Feature", "properties": { "NOMBRE": "CONFLICTO ALTO", "Area_Ha": 18587.50754312125 }, "geometry": { "type": "Polygon", "coordinates": [ [ [ -74.928122, 10.899917 ], [ -74.927298, 10.899356 ], [ -74.926935, 10.898631 ], [ -74.926418, 10.897855 ], [ -74.926314, 10.896794 ], [ -74.926366, 10.895396 ], [ -74.926211, 10.894671 ], [ -74.925797, 10.894438 ], [ -74.925305, 10.894878 ], [ -74.924994, 10.895681 ], [ -74.924658, 10.896612 ], [ -74.923907, 10.897052 ], [ -74.922302, 10.896276 ], [ -74.922535, 10.894594 ], [ -74.923234, 10.893222 ], [ -74.923234, 10.892135 ], [ -74.922898, 10.891384 ], [ -74.921811, 10.890711 ], [ -74.920905, 10.889831 ], [ -74.920775, 10.889081 ], [ -74.920931, 10.888408 ], [ -74.92207, 10.887243 ], [ -74.92251, 10.885664 ], [ -74.923001, 10.884163 ], [ -74.922898, 10.883801 ], [ -74.922432, 10.883439 ], [ -74.921707, 10.883128 ], [ -74.920775, 10.882378 ], [ -74.919637, 10.881187 ], [ -74.919041, 10.880294 ], [ -74.91855, 10.879 ], [ -74.918666, 10.877861 ], [ -74.919494, 10.876697 ], [ -74.920866, 10.8757 ], [ -74.921707, 10.875687 ], [ -74.921707, 10.875687 ], [ -74.921655, 10.876179 ], [ -74.923726, 10.877111 ], [ -74.925357, 10.877965 ], [ -74.92678, 10.878431 ], [ -74.927608, 10.878871 ], [ -74.9281, 10.879699 ], [ -74.928876, 10.879906 ], [ -74.92957, 10.880373 ], [ -74.929586, 10.880597 ], [ -74.929553, 10.880722 ], [ -74.929645, 10.881066 ], [ -74.929476, 10.881521 ], [ -74.929332, 10.881761 ], [ -74.929398, 10.882012 ], [ -74.929569, 10.882499 ], [ -74.929965, 10.88329 ], [ -74.930039, 10.8836 ], [ -74.930048, 10.883851 ], [ -74.929778, 10.884752 ], [ -74.929825, 10.885042 ], [ -74.929927, 10.885327 ], [ -74.930065, 10.885525 ], [ -74.930088, 10.885759 ], [ -74.929988, 10.88629 ], [ -74.930155, 10.886176 ], [ -74.930315, 10.886163 ], [ -74.930572, 10.886213 ], [ -74.931016, 10.886363 ], [ -74.931762, 10.886383 ], [ -74.931962, 10.886539 ], [ -74.93219, 10.886794 ], [ -74.932612, 10.887592 ], [ -74.932842, 10.888678 ], [ -74.932843, 10.889158 ], [ -74.932747, 10.88951 ], [ -74.932037, 10.890088 ], [ -74.931488, 10.890473 ], [ -74.931296, 10.890953 ], [ -74.931169, 10.891945 ], [ -74.93077, 10.892459 ], [ -74.930139, 10.893013 ], [ -74.929634, 10.893327 ], [ -74.92952, 10.893911 ], [ -74.92951, 10.894255 ], [ -74.92941, 10.894492 ], [ -74.929031, 10.894726 ], [ -74.92837, 10.895319 ], [ -74.928244, 10.895685 ], [ -74.928127, 10.896479 ], [ -74.927986, 10.897804 ], [ -74.927955, 10.898285 ], [ -74.928064, 10.89875 ], [ -74.928146, 10.899407 ], [ -74.928122, 10.899917 ] ], [ [ -74.926418, 10.881938 ], [ -74.924826, 10.880876 ], [ -74.923144, 10.880048 ], [ -74.921655, 10.879246 ], [ -74.920814, 10.879104 ], [ -74.920491, 10.879479 ], [ -74.920659, 10.880074 ], [ -74.921604, 10.880592 ], [ -74.9226, 10.880928 ], [ -74.924075, 10.881472 ], [ -74.924774, 10.882274 ], [ -74.925486, 10.883141 ], [ -74.926288, 10.883361 ], [ -74.926741, 10.882908 ], [ -74.926728, 10.882403 ], [ -74.926418, 10.881938 ] ] ] } },
{ "type": "Feature", "properties": { "NOMBRE": "CONFLICTO MEDIO", "Area_Ha": 18587.50754312125 }, "geometry": { "type": "Polygon", "coordinates": [ [ [ -74.926418, 10.881938 ], [ -74.926728, 10.882403 ], [ -74.926741, 10.882908 ], [ -74.926288, 10.883361 ], [ -74.925486, 10.883141 ], [ -74.924774, 10.882274 ], [ -74.924075, 10.881472 ], [ -74.9226, 10.880928 ], [ -74.921604, 10.880592 ], [ -74.920659, 10.880074 ], [ -74.920491, 10.879479 ], [ -74.920814, 10.879104 ], [ -74.921655, 10.879246 ], [ -74.923144, 10.880048 ], [ -74.924826, 10.880876 ], [ -74.926418, 10.881938 ] ] ] } },
{ "type": "Feature", "properties": { "NOMBRE": "CONFLICTO ALTO", "Area_Ha": 18587.50754312125 }, "geometry": { "type": "Polygon", "coordinates": [ [ [ -74.917598, 10.886313 ], [ -74.916893, 10.886777 ], [ -74.916039, 10.888511 ], [ -74.915884, 10.88934 ], [ -74.91635, 10.890271 ], [ -74.91886, 10.892109 ], [ -74.919818, 10.893222 ], [ -74.920568, 10.893895 ], [ -74.920154, 10.89537 ], [ -74.91974, 10.895939 ], [ -74.918834, 10.895241 ], [ -74.918136, 10.89493 ], [ -74.917618, 10.895034 ], [ -74.916453, 10.895758 ], [ -74.915159, 10.896949 ], [ -74.914978, 10.896069 ], [ -74.916143, 10.894749 ], [ -74.916169, 10.893584 ], [ -74.916531, 10.891954 ], [ -74.915936, 10.890737 ], [ -74.9149, 10.88877 ], [ -74.912364, 10.88745 ], [ -74.911769, 10.887243 ], [ -74.910682, 10.888615 ], [ -74.908559, 10.888356 ], [ -74.908818, 10.886777 ], [ -74.910112, 10.88582 ], [ -74.910966, 10.885587 ], [ -74.91239, 10.885716 ], [ -74.913425, 10.885069 ], [ -74.914331, 10.883672 ], [ -74.915289, 10.88261 ], [ -74.916156, 10.884099 ], [ -74.917294, 10.885936 ], [ -74.917598, 10.886313 ] ] ] } },
{ "type": "Feature", "properties": { "NOMBRE": "CONFLICTO MEDIO", "Area_Ha": 18587.50754312125 }, "geometry": { "type": "Polygon", "coordinates": [ [ [ -74.860875, 10.87175 ], [ -74.862956, 10.872361 ], [ -74.865777, 10.873888 ], [ -74.867304, 10.874975 ], [ -74.868676, 10.875726 ], [ -74.868909, 10.877512 ], [ -74.868702, 10.879065 ], [ -74.868288, 10.880126 ], [ -74.866683, 10.879919 ], [ -74.86526, 10.878806 ], [ -74.863784, 10.87702 ], [ -74.861118, 10.876244 ], [ -74.860006, 10.877693 ], [ -74.859773, 10.879091 ], [ -74.859617, 10.881394 ], [ -74.858867, 10.882999 ], [ -74.858582, 10.883749 ], [ -74.856719, 10.884526 ], [ -74.856046, 10.886467 ], [ -74.855425, 10.886674 ], [ -74.854907, 10.885742 ], [ -74.854633, 10.885533 ], [ -74.85589, 10.883892 ], [ -74.857184, 10.882649 ], [ -74.858271, 10.880527 ], [ -74.858686, 10.878042 ], [ -74.85941, 10.876438 ], [ -74.85925, 10.875269 ], [ -74.860875, 10.87175 ] ] ] } },
{ "type": "Feature", "properties": { "NOMBRE": "CONFLICTO MEDIO", "Area_Ha": 18587.50754312125 }, "geometry": { "type": "Polygon", "coordinates": [ [ [ -74.915352, 10.889629 ], [ -74.915314, 10.890064 ], [ -74.91547, 10.890867 ], [ -74.915729, 10.891358 ], [ -74.915754, 10.892653 ], [ -74.915159, 10.893222 ], [ -74.914667, 10.893196 ], [ -74.914486, 10.892885 ], [ -74.914512, 10.892471 ], [ -74.91415, 10.891384 ], [ -74.912131, 10.890504 ], [ -74.910682, 10.889987 ], [ -74.908818, 10.889909 ], [ -74.908301, 10.888848 ], [ -74.908094, 10.888123 ], [ -74.907239, 10.887321 ], [ -74.906644, 10.887062 ], [ -74.906644, 10.886208 ], [ -74.907343, 10.884836 ], [ -74.908197, 10.883723 ], [ -74.908973, 10.884396 ], [ -74.910216, 10.884577 ], [ -74.910501, 10.884448 ], [ -74.912752, 10.884086 ], [ -74.913425, 10.885069 ], [ -74.91239, 10.885716 ], [ -74.910966, 10.885587 ], [ -74.910112, 10.88582 ], [ -74.908818, 10.886777 ], [ -74.908559, 10.888356 ], [ -74.910682, 10.888615 ], [ -74.911769, 10.887243 ], [ -74.912364, 10.88745 ], [ -74.9149, 10.88877 ], [ -74.915352, 10.889629 ] ] ] } },
{ "type": "Feature", "properties": { "NOMBRE": "CONFLICTO MUY ALTO", "Area_Ha": 18587.50754312125 }, "geometry": { "type": "Polygon", "coordinates": [ [ [ -74.914435, 10.895823 ], [ -74.91415, 10.895305 ], [ -74.913787, 10.894477 ], [ -74.913089, 10.893882 ], [ -74.912778, 10.893778 ], [ -74.912183, 10.893804 ], [ -74.911717, 10.89396 ], [ -74.911044, 10.894607 ], [ -74.910656, 10.894322 ], [ -74.910086, 10.894011 ], [ -74.909672, 10.894607 ], [ -74.909828, 10.895124 ], [ -74.910656, 10.895487 ], [ -74.910397, 10.896185 ], [ -74.909879, 10.89647 ], [ -74.909388, 10.896315 ], [ -74.908663, 10.896185 ], [ -74.908301, 10.896625 ], [ -74.907835, 10.896936 ], [ -74.907162, 10.897117 ], [ -74.906353, 10.897085 ], [ -74.905369, 10.89674 ], [ -74.90449, 10.895549 ], [ -74.904144, 10.894203 ], [ -74.903955, 10.892357 ], [ -74.904162, 10.891546 ], [ -74.905622, 10.89163 ], [ -74.906049, 10.891307 ], [ -74.906528, 10.890323 ], [ -74.906955, 10.890064 ], [ -74.907925, 10.89031 ], [ -74.908637, 10.890271 ], [ -74.908818, 10.889909 ], [ -74.910682, 10.889987 ], [ -74.912131, 10.890504 ], [ -74.91415, 10.891384 ], [ -74.914512, 10.892471 ], [ -74.914486, 10.892885 ], [ -74.914667, 10.893196 ], [ -74.915159, 10.893222 ], [ -74.915754, 10.892653 ], [ -74.915729, 10.891358 ], [ -74.91547, 10.890867 ], [ -74.915314, 10.890064 ], [ -74.915352, 10.889629 ], [ -74.915936, 10.890737 ], [ -74.916531, 10.891954 ], [ -74.916169, 10.893584 ], [ -74.916143, 10.894749 ], [ -74.914978, 10.896069 ], [ -74.914435, 10.895823 ] ] ] } },
{ "type": "Feature", "properties": { "NOMBRE": "N/A", "Area_Ha": 18587.50754312125 }, "geometry": { "type": "Polygon", "coordinates": [ [ [ -74.876647, 10.876412 ], [ -74.877825, 10.876386 ], [ -74.877877, 10.880372 ], [ -74.878291, 10.880863 ], [ -74.878213, 10.881925 ], [ -74.877773, 10.88195 ], [ -74.877903, 10.883477 ], [ -74.878679, 10.883917 ], [ -74.879171, 10.886764 ], [ -74.878731, 10.88736 ], [ -74.878394, 10.888369 ], [ -74.876712, 10.889456 ], [ -74.876117, 10.889741 ], [ -74.875573, 10.890647 ], [ -74.875082, 10.890621 ], [ -74.87503, 10.888395 ], [ -74.876557, 10.888007 ], [ -74.876945, 10.887386 ], [ -74.876402, 10.887023 ], [ -74.875004, 10.886713 ], [ -74.874512, 10.885652 ], [ -74.873283, 10.885237 ], [ -74.872713, 10.884668 ], [ -74.873593, 10.882856 ], [ -74.874007, 10.879647 ], [ -74.87556, 10.880527 ], [ -74.876854, 10.878353 ], [ -74.876647, 10.876412 ] ] ] } },
{ "type": "Feature", "properties": { "NOMBRE": "N/A", "Area_Ha": 18587.50754312125 }, "geometry": { "type": "Polygon", "coordinates": [ [ [ -74.855425, 10.886674 ], [ -74.855813, 10.888279 ], [ -74.855373, 10.890815 ], [ -74.854208, 10.892057 ], [ -74.852836, 10.891824 ], [ -74.852297, 10.891364 ], [ -74.853432, 10.887101 ], [ -74.854633, 10.885533 ], [ -74.854907, 10.885742 ], [ -74.855425, 10.886674 ] ] ] } },
{ "type": "Feature", "properties": { "NOMBRE": "N/A", "Area_Ha": 18587.50754312125 }, "geometry": { "type": "Polygon", "coordinates": [ [ [ -74.846353, 10.894071 ], [ -74.846469, 10.894309 ], [ -74.84603, 10.895603 ], [ -74.845201, 10.896172 ], [ -74.844037, 10.896405 ], [ -74.842665, 10.895383 ], [ -74.844684, 10.895305 ], [ -74.846353, 10.894071 ] ] ] } },
{ "type": "Feature", "properties": { "NOMBRE": "CONFLICTO ALTO", "Area_Ha": 18587.50754312125 }, "geometry": { "type": "Polygon", "coordinates": [ [ [ -74.850633, 10.900483 ], [ -74.851335, 10.900003 ], [ -74.852163, 10.900029 ], [ -74.853716, 10.899459 ], [ -74.853872, 10.897932 ], [ -74.854985, 10.897415 ], [ -74.855476, 10.896302 ], [ -74.8547, 10.894542 ], [ -74.853742, 10.893351 ], [ -74.852836, 10.891824 ], [ -74.854208, 10.892057 ], [ -74.855373, 10.890815 ], [ -74.855813, 10.888279 ], [ -74.855425, 10.886674 ], [ -74.856046, 10.886467 ], [ -74.856719, 10.884526 ], [ -74.858582, 10.883749 ], [ -74.858867, 10.882999 ], [ -74.859617, 10.881394 ], [ -74.859773, 10.879091 ], [ -74.860006, 10.877693 ], [ -74.861118, 10.876244 ], [ -74.863784, 10.87702 ], [ -74.86526, 10.878806 ], [ -74.866683, 10.879919 ], [ -74.868288, 10.880126 ], [ -74.868702, 10.879065 ], [ -74.868909, 10.877512 ], [ -74.868676, 10.875726 ], [ -74.867304, 10.874975 ], [ -74.865777, 10.873888 ], [ -74.862956, 10.872361 ], [ -74.860875, 10.87175 ], [ -74.863041, 10.865523 ], [ -74.865206, 10.861733 ], [ -74.86575, 10.860991 ], [ -74.866148, 10.860981 ], [ -74.866554, 10.860998 ], [ -74.86685, 10.860986 ], [ -74.867164, 10.860799 ], [ -74.867381, 10.86059 ], [ -74.867526, 10.86038 ], [ -74.867742, 10.859931 ], [ -74.867978, 10.859631 ], [ -74.868128, 10.859475 ], [ -74.86843, 10.85923 ], [ -74.868865, 10.858918 ], [ -74.869167, 10.858725 ], [ -74.8693, 10.858695 ], [ -74.869535, 10.858587 ], [ -74.869614, 10.858521 ], [ -74.869801, 10.858269 ], [ -74.869903, 10.858066 ], [ -74.869999, 10.857784 ], [ -74.870215, 10.857264 ], [ -74.870335, 10.856893 ], [ -74.870486, 10.856627 ], [ -74.872235, 10.857725 ], [ -74.872609, 10.857803 ], [ -74.87261, 10.857829 ], [ -74.871704, 10.859537 ], [ -74.870798, 10.861349 ], [ -74.869737, 10.862099 ], [ -74.86953, 10.862669 ], [ -74.870462, 10.863393 ], [ -74.871859, 10.863911 ], [ -74.872817, 10.863523 ], [ -74.873257, 10.862073 ], [ -74.874163, 10.860262 ], [ -74.874939, 10.859019 ], [ -74.876233, 10.858683 ], [ -74.876958, 10.859408 ], [ -74.877191, 10.860753 ], [ -74.876363, 10.862022 ], [ -74.875017, 10.86373 ], [ -74.873645, 10.864843 ], [ -74.871782, 10.865619 ], [ -74.871264, 10.866189 ], [ -74.87129, 10.867198 ], [ -74.871497, 10.868156 ], [ -74.873153, 10.868829 ], [ -74.874163, 10.869269 ], [ -74.874965, 10.869553 ], [ -74.875405, 10.869346 ], [ -74.875974, 10.868647 ], [ -74.875974, 10.867741 ], [ -74.876078, 10.866991 ], [ -74.875793, 10.866473 ], [ -74.87556, 10.866007 ], [ -74.876259, 10.865309 ], [ -74.877269, 10.866007 ], [ -74.877217, 10.867612 ], [ -74.876518, 10.868544 ], [ -74.876207, 10.86976 ], [ -74.876, 10.870485 ], [ -74.876259, 10.871934 ], [ -74.87657, 10.872737 ], [ -74.876647, 10.876412 ], [ -74.876854, 10.878353 ], [ -74.87556, 10.880527 ], [ -74.874007, 10.879647 ], [ -74.873593, 10.882856 ], [ -74.872713, 10.884668 ], [ -74.873283, 10.885237 ], [ -74.872325, 10.885781 ], [ -74.871238, 10.88635 ], [ -74.870772, 10.886713 ], [ -74.87085, 10.887748 ], [ -74.869168, 10.887153 ], [ -74.868365, 10.88723 ], [ -74.868288, 10.889611 ], [ -74.869789, 10.890233 ], [ -74.87085, 10.891553 ], [ -74.871005, 10.892251 ], [ -74.871212, 10.892691 ], [ -74.870772, 10.893416 ], [ -74.870048, 10.893985 ], [ -74.869271, 10.894943 ], [ -74.869064, 10.896677 ], [ -74.869323, 10.897221 ], [ -74.869659, 10.897324 ], [ -74.870384, 10.896962 ], [ -74.870436, 10.896185 ], [ -74.871135, 10.895305 ], [ -74.872015, 10.895512 ], [ -74.871264, 10.897014 ], [ -74.870513, 10.898334 ], [ -74.869582, 10.899213 ], [ -74.869297, 10.899861 ], [ -74.869815, 10.901025 ], [ -74.870513, 10.901232 ], [ -74.871264, 10.901569 ], [ -74.871057, 10.902268 ], [ -74.870617, 10.902966 ], [ -74.869711, 10.903613 ], [ -74.869168, 10.903432 ], [ -74.868986, 10.902759 ], [ -74.869297, 10.901517 ], [ -74.869245, 10.900999 ], [ -74.868676, 10.900715 ], [ -74.866916, 10.900611 ], [ -74.86526, 10.902423 ], [ -74.863836, 10.905762 ], [ -74.862309, 10.905606 ], [ -74.86073, 10.907677 ], [ -74.859436, 10.908065 ], [ -74.858996, 10.909488 ], [ -74.857935, 10.909463 ], [ -74.857081, 10.908376 ], [ -74.855968, 10.907573 ], [ -74.853949, 10.907185 ], [ -74.851982, 10.907107 ], [ -74.852008, 10.903277 ], [ -74.851594, 10.901828 ], [ -74.851154, 10.900948 ], [ -74.850633, 10.900483 ] ], [ [ -74.860006, 10.895888 ], [ -74.857417, 10.899615 ], [ -74.861998, 10.901556 ], [ -74.862697, 10.900003 ], [ -74.862775, 10.897259 ], [ -74.860006, 10.895888 ] ], [ [ -74.862568, 10.896172 ], [ -74.862231, 10.895215 ], [ -74.861326, 10.894205 ], [ -74.859876, 10.893015 ], [ -74.8591, 10.892601 ], [ -74.857392, 10.892238 ], [ -74.855994, 10.892704 ], [ -74.856977, 10.893351 ], [ -74.86073, 10.895551 ], [ -74.862568, 10.896172 ] ] ] } },
{ "type": "Feature", "properties": { "NOMBRE": "CONFLICTO MEDIO", "Area_Ha": 18587.50754312125 }, "geometry": { "type": "Polygon", "coordinates": [ [ [ -74.846818, 10.89832 ], [ -74.848255, 10.895965 ], [ -74.849938, 10.893649 ], [ -74.851309, 10.893209 ], [ -74.851931, 10.892717 ], [ -74.852297, 10.891364 ], [ -74.852836, 10.891824 ], [ -74.853742, 10.893351 ], [ -74.8547, 10.894542 ], [ -74.855476, 10.896302 ], [ -74.854985, 10.897415 ], [ -74.853872, 10.897932 ], [ -74.853716, 10.899459 ], [ -74.852163, 10.900029 ], [ -74.851335, 10.900003 ], [ -74.850633, 10.900483 ], [ -74.848747, 10.898799 ], [ -74.847142, 10.898385 ], [ -74.846818, 10.89832 ] ] ] } },
{ "type": "Feature", "properties": { "NOMBRE": "CONFLICTO MUY ALTO", "Area_Ha": 18587.50754312125 }, "geometry": { "type": "Polygon", "coordinates": [ [ [ -74.84559, 10.898075 ], [ -74.844787, 10.897596 ], [ -74.842898, 10.897311 ], [ -74.842096, 10.897078 ], [ -74.841914, 10.896302 ], [ -74.84282, 10.896121 ], [ -74.844037, 10.896405 ], [ -74.845201, 10.896172 ], [ -74.84603, 10.895603 ], [ -74.846469, 10.894309 ], [ -74.846353, 10.894071 ], [ -74.846573, 10.893908 ], [ -74.849938, 10.893649 ], [ -74.848255, 10.895965 ], [ -74.846818, 10.89832 ], [ -74.84559, 10.898075 ] ] ] } },
{ "type": "Feature", "properties": { "NOMBRE": "CONFLICTO MEDIO", "Area_Ha": 18587.50754312125 }, "geometry": { "type": "Polygon", "coordinates": [ [ [ -74.844037, 10.896405 ], [ -74.84282, 10.896121 ], [ -74.841914, 10.896302 ], [ -74.842096, 10.897078 ], [ -74.842898, 10.897311 ], [ -74.844787, 10.897596 ], [ -74.84559, 10.898075 ], [ -74.844917, 10.898955 ], [ -74.844244, 10.899006 ], [ -74.844037, 10.898463 ], [ -74.842975, 10.89867 ], [ -74.841371, 10.898955 ], [ -74.840077, 10.898101 ], [ -74.838317, 10.897065 ], [ -74.83754, 10.896574 ], [ -74.837282, 10.894658 ], [ -74.839818, 10.894141 ], [ -74.842665, 10.895383 ], [ -74.844037, 10.896405 ] ] ] } },
{ "type": "Feature", "properties": { "NOMBRE": "N/A", "Area_Ha": 18587.50754312125 }, "geometry": { "type": "Polygon", "coordinates": [ [ [ -74.860006, 10.895888 ], [ -74.862775, 10.897259 ], [ -74.862697, 10.900003 ], [ -74.861998, 10.901556 ], [ -74.857417, 10.899615 ], [ -74.860006, 10.895888 ] ] ] } },
{ "type": "Feature", "properties": { "NOMBRE": "CONFLICTO MEDIO", "Area_Ha": 18587.50754312125 }, "geometry": { "type": "Polygon", "coordinates": [ [ [ -74.862568, 10.896172 ], [ -74.86073, 10.895551 ], [ -74.856977, 10.893351 ], [ -74.855994, 10.892704 ], [ -74.857392, 10.892238 ], [ -74.8591, 10.892601 ], [ -74.859876, 10.893015 ], [ -74.861326, 10.894205 ], [ -74.862231, 10.895215 ], [ -74.862568, 10.896172 ] ] ] } },
{ "type": "Feature", "properties": { "NOMBRE": "N/A", "Area_Ha": 18587.50754312125 }, "geometry": { "type": "Polygon", "coordinates": [ [ [ -74.878151, 10.889785 ], [ -74.878679, 10.890724 ], [ -74.8793, 10.892536 ], [ -74.879093, 10.89339 ], [ -74.878886, 10.893752 ], [ -74.878472, 10.89383 ], [ -74.877929, 10.89352 ], [ -74.875159, 10.896185 ], [ -74.874926, 10.897479 ], [ -74.871976, 10.897454 ], [ -74.871046, 10.897398 ], [ -74.871264, 10.897014 ], [ -74.872015, 10.895512 ], [ -74.871135, 10.895305 ], [ -74.870436, 10.896185 ], [ -74.870384, 10.896962 ], [ -74.869659, 10.897324 ], [ -74.869323, 10.897221 ], [ -74.869064, 10.896677 ], [ -74.869271, 10.894943 ], [ -74.870048, 10.893985 ], [ -74.870772, 10.893416 ], [ -74.871212, 10.892691 ], [ -74.872183, 10.89176 ], [ -74.873425, 10.892044 ], [ -74.874849, 10.892148 ], [ -74.876194, 10.891527 ], [ -74.877696, 10.890258 ], [ -74.878151, 10.889785 ] ] ] } },
{ "type": "Feature", "properties": { "NOMBRE": "CONFLICTO MEDIO", "Area_Ha": 18587.50754312125 }, "geometry": { "type": "Polygon", "coordinates": [ [ [ -74.87503, 10.888395 ], [ -74.87459, 10.888033 ], [ -74.873218, 10.888084 ], [ -74.872752, 10.889508 ], [ -74.872183, 10.89176 ], [ -74.871212, 10.892691 ], [ -74.871005, 10.892251 ], [ -74.87085, 10.891553 ], [ -74.869789, 10.890233 ], [ -74.868288, 10.889611 ], [ -74.868365, 10.88723 ], [ -74.869168, 10.887153 ], [ -74.87085, 10.887748 ], [ -74.870772, 10.886713 ], [ -74.871238, 10.88635 ], [ -74.872325, 10.885781 ], [ -74.873283, 10.885237 ], [ -74.874512, 10.885652 ], [ -74.875004, 10.886713 ], [ -74.876402, 10.887023 ], [ -74.876945, 10.887386 ], [ -74.876557, 10.888007 ], [ -74.87503, 10.888395 ] ] ] } },
{ "type": "Feature", "properties": { "NOMBRE": "CONFLICTO MUY ALTO", "Area_Ha": 18587.50754312125 }, "geometry": { "type": "Polygon", "coordinates": [ [ [ -74.879171, 10.886764 ], [ -74.879663, 10.887722 ], [ -74.878938, 10.888964 ], [ -74.877696, 10.890258 ], [ -74.876194, 10.891527 ], [ -74.874849, 10.892148 ], [ -74.873425, 10.892044 ], [ -74.872183, 10.89176 ], [ -74.872752, 10.889508 ], [ -74.873218, 10.888084 ], [ -74.87459, 10.888033 ], [ -74.87503, 10.888395 ], [ -74.875082, 10.890621 ], [ -74.875573, 10.890647 ], [ -74.876117, 10.889741 ], [ -74.876712, 10.889456 ], [ -74.878394, 10.888369 ], [ -74.878731, 10.88736 ], [ -74.879171, 10.886764 ] ] ] } },
{ "type": "Feature", "properties": { "NOMBRE": "N/A", "Area_Ha": 18587.50754312125 }, "geometry": { "type": "Polygon", "coordinates": [ [ [ -74.884192, 10.880527 ], [ -74.883402, 10.881109 ], [ -74.88273, 10.882145 ], [ -74.882057, 10.882999 ], [ -74.881643, 10.883283 ], [ -74.881177, 10.88274 ], [ -74.881643, 10.881109 ], [ -74.881643, 10.880773 ], [ -74.881228, 10.879867 ], [ -74.880556, 10.879091 ], [ -74.879701, 10.87834 ], [ -74.879184, 10.877978 ], [ -74.879029, 10.877434 ], [ -74.879236, 10.877124 ], [ -74.880271, 10.877201 ], [ -74.881617, 10.878236 ], [ -74.882497, 10.878547 ], [ -74.882781, 10.878909 ], [ -74.882626, 10.879375 ], [ -74.882574, 10.879841 ], [ -74.882755, 10.879945 ], [ -74.883325, 10.879945 ], [ -74.883713, 10.879324 ], [ -74.883868, 10.879168 ], [ -74.884153, 10.878702 ], [ -74.884594, 10.878802 ], [ -74.884295, 10.879854 ], [ -74.884192, 10.880527 ] ] ] } },
{ "type": "Feature", "properties": { "NOMBRE": "CONFLICTO MUY ALTO", "Area_Ha": 18587.50754312125 }, "geometry": { "type": "Polygon", "coordinates": [ [ [ -74.881604, 10.897091 ], [ -74.880983, 10.897531 ], [ -74.880788, 10.898838 ], [ -74.880517, 10.899343 ], [ -74.879688, 10.899252 ], [ -74.878977, 10.899653 ], [ -74.879274, 10.900313 ], [ -74.880374, 10.900702 ], [ -74.880685, 10.901595 ], [ -74.88031, 10.902164 ], [ -74.879274, 10.901685 ], [ -74.878459, 10.901465 ], [ -74.87798, 10.901219 ], [ -74.877411, 10.900352 ], [ -74.877514, 10.899628 ], [ -74.878265, 10.898942 ], [ -74.878032, 10.898398 ], [ -74.877333, 10.898269 ], [ -74.8771, 10.898036 ], [ -74.877502, 10.897661 ], [ -74.878226, 10.897259 ], [ -74.878951, 10.896612 ], [ -74.878783, 10.896134 ], [ -74.877786, 10.896392 ], [ -74.876945, 10.896845 ], [ -74.875858, 10.897738 ], [ -74.87547, 10.897919 ], [ -74.875056, 10.897997 ], [ -74.874422, 10.898592 ], [ -74.873826, 10.898696 ], [ -74.873192, 10.89801 ], [ -74.873055, 10.897463 ], [ -74.874926, 10.897479 ], [ -74.875159, 10.896185 ], [ -74.877929, 10.89352 ], [ -74.878472, 10.89383 ], [ -74.878886, 10.893752 ], [ -74.879093, 10.89339 ], [ -74.879195, 10.892968 ], [ -74.879973, 10.893727 ], [ -74.880905, 10.894995 ], [ -74.881604, 10.897091 ] ] ] } },
{ "type": "Feature", "properties": { "NOMBRE": "CONFLICTO MEDIO", "Area_Ha": 18587.50754312125 }, "geometry": { "type": "Polygon", "coordinates": [ [ [ -74.873539, 10.898385 ], [ -74.873309, 10.898709 ], [ -74.872325, 10.899951 ], [ -74.872248, 10.900702 ], [ -74.872532, 10.900986 ], [ -74.872843, 10.901504 ], [ -74.87173, 10.9014 ], [ -74.871782, 10.901866 ], [ -74.872403, 10.90241 ], [ -74.872532, 10.903109 ], [ -74.871808, 10.9036 ], [ -74.87217, 10.904817 ], [ -74.872325, 10.904869 ], [ -74.873645, 10.904765 ], [ -74.87437, 10.90492 ], [ -74.874836, 10.905102 ], [ -74.875405, 10.905464 ], [ -74.875483, 10.905852 ], [ -74.875276, 10.906266 ], [ -74.874422, 10.906473 ], [ -74.874189, 10.906629 ], [ -74.873309, 10.906784 ], [ -74.870177, 10.906344 ], [ -74.868676, 10.906551 ], [ -74.867589, 10.907301 ], [ -74.866088, 10.908647 ], [ -74.86557, 10.909579 ], [ -74.865234, 10.91064 ], [ -74.864923, 10.911779 ], [ -74.864612, 10.912271 ], [ -74.863784, 10.911132 ], [ -74.862723, 10.910485 ], [ -74.86161, 10.910071 ], [ -74.862516, 10.909346 ], [ -74.863551, 10.909165 ], [ -74.864276, 10.908596 ], [ -74.86438, 10.907379 ], [ -74.864509, 10.906111 ], [ -74.864276, 10.904946 ], [ -74.864222, 10.904857 ], [ -74.86526, 10.902423 ], [ -74.866916, 10.900611 ], [ -74.868676, 10.900715 ], [ -74.869245, 10.900999 ], [ -74.869297, 10.901517 ], [ -74.868986, 10.902759 ], [ -74.869168, 10.903432 ], [ -74.869711, 10.903613 ], [ -74.870617, 10.902966 ], [ -74.871057, 10.902268 ], [ -74.871264, 10.901569 ], [ -74.870513, 10.901232 ], [ -74.869815, 10.901025 ], [ -74.869297, 10.899861 ], [ -74.869582, 10.899213 ], [ -74.870513, 10.898334 ], [ -74.871046, 10.897398 ], [ -74.871976, 10.897454 ], [ -74.873055, 10.897463 ], [ -74.873192, 10.89801 ], [ -74.873539, 10.898385 ] ] ] } },
{ "type": "Feature", "properties": { "NOMBRE": "CONFLICTO MEDIO", "Area_Ha": 18587.50754312125 }, "geometry": { "type": "Polygon", "coordinates": [ [ [ -74.884594, 10.878802 ], [ -74.884153, 10.878702 ], [ -74.883868, 10.879168 ], [ -74.883713, 10.879324 ], [ -74.883325, 10.879945 ], [ -74.882755, 10.879945 ], [ -74.882574, 10.879841 ], [ -74.882626, 10.879375 ], [ -74.882781, 10.878909 ], [ -74.882497, 10.878547 ], [ -74.881617, 10.878236 ], [ -74.880271, 10.877201 ], [ -74.879236, 10.877124 ], [ -74.879029, 10.877434 ], [ -74.879184, 10.877978 ], [ -74.879701, 10.87834 ], [ -74.880556, 10.879091 ], [ -74.881228, 10.879867 ], [ -74.881643, 10.880773 ], [ -74.881643, 10.881109 ], [ -74.881177, 10.88274 ], [ -74.881643, 10.883283 ], [ -74.882057, 10.882999 ], [ -74.88273, 10.882145 ], [ -74.883402, 10.881109 ], [ -74.884192, 10.880527 ], [ -74.885305, 10.880553 ], [ -74.885822, 10.881355 ], [ -74.887867, 10.881303 ], [ -74.888333, 10.882779 ], [ -74.887246, 10.883038 ], [ -74.887453, 10.88415 ], [ -74.882743, 10.883736 ], [ -74.881526, 10.88384 ], [ -74.881552, 10.885677 ], [ -74.886547, 10.886868 ], [ -74.886392, 10.887334 ], [ -74.885797, 10.887567 ], [ -74.885952, 10.888783 ], [ -74.886677, 10.889171 ], [ -74.887142, 10.889974 ], [ -74.886211, 10.890906 ], [ -74.883778, 10.893545 ], [ -74.883053, 10.894995 ], [ -74.883286, 10.896367 ], [ -74.883131, 10.89691 ], [ -74.881604, 10.897091 ], [ -74.880905, 10.894995 ], [ -74.879973, 10.893727 ], [ -74.879195, 10.892968 ], [ -74.8793, 10.892536 ], [ -74.878679, 10.890724 ], [ -74.878151, 10.889785 ], [ -74.878938, 10.888964 ], [ -74.879663, 10.887722 ], [ -74.879171, 10.886764 ], [ -74.878679, 10.883917 ], [ -74.877903, 10.883477 ], [ -74.877773, 10.88195 ], [ -74.878213, 10.881925 ], [ -74.878291, 10.880863 ], [ -74.877877, 10.880372 ], [ -74.877825, 10.876386 ], [ -74.876647, 10.876412 ], [ -74.876576, 10.873035 ], [ -74.8771, 10.872995 ], [ -74.879274, 10.873979 ], [ -74.881319, 10.876205 ], [ -74.882095, 10.877732 ], [ -74.882743, 10.87812 ], [ -74.883441, 10.877576 ], [ -74.883726, 10.876412 ], [ -74.884528, 10.875247 ], [ -74.885201, 10.875558 ], [ -74.884839, 10.877939 ], [ -74.884594, 10.878802 ] ] ] } },
{ "type": "Feature", "properties": { "NOMBRE": "CONFLICTO MUY ALTO", "Area_Ha": 18587.50754312125 }, "geometry": { "type": "Polygon", "coordinates": [ [ [ -74.871808, 10.9036 ], [ -74.873115, 10.903639 ], [ -74.875056, 10.903652 ], [ -74.875625, 10.903782 ], [ -74.875858, 10.904299 ], [ -74.876402, 10.904998 ], [ -74.877139, 10.905179 ], [ -74.877644, 10.905684 ], [ -74.877618, 10.906202 ], [ -74.877864, 10.906641 ], [ -74.878239, 10.906939 ], [ -74.878161, 10.907884 ], [ -74.877346, 10.908363 ], [ -74.874913, 10.908337 ], [ -74.874473, 10.908207 ], [ -74.873348, 10.907987 ], [ -74.87217, 10.907534 ], [ -74.871005, 10.90712 ], [ -74.870216, 10.906965 ], [ -74.869306, 10.906464 ], [ -74.870177, 10.906344 ], [ -74.873309, 10.906784 ], [ -74.874189, 10.906629 ], [ -74.874422, 10.906473 ], [ -74.875276, 10.906266 ], [ -74.875483, 10.905852 ], [ -74.875405, 10.905464 ], [ -74.874836, 10.905102 ], [ -74.87437, 10.90492 ], [ -74.873645, 10.904765 ], [ -74.872325, 10.904869 ], [ -74.87217, 10.904817 ], [ -74.871808, 10.9036 ] ] ] } },
{ "type": "Feature", "properties": { "NOMBRE": "CONFLICTO MUY ALTO", "Area_Ha": 18587.50754312125 }, "geometry": { "type": "Polygon", "coordinates": [ [ [ -74.883598, 10.876935 ], [ -74.883247, 10.876684 ], [ -74.883092, 10.875635 ], [ -74.883402, 10.874755 ], [ -74.88251, 10.87394 ], [ -74.881345, 10.87306 ], [ -74.880387, 10.872491 ], [ -74.879818, 10.872361 ], [ -74.879481, 10.872905 ], [ -74.87886, 10.872905 ], [ -74.878239, 10.872387 ], [ -74.878524, 10.871559 ], [ -74.879274, 10.871171 ], [ -74.880336, 10.871637 ], [ -74.881371, 10.872128 ], [ -74.881397, 10.871274 ], [ -74.880103, 10.870576 ], [ -74.879714, 10.870006 ], [ -74.880336, 10.869489 ], [ -74.882173, 10.870213 ], [ -74.884891, 10.87042 ], [ -74.885305, 10.871352 ], [ -74.888669, 10.872335 ], [ -74.887893, 10.874147 ], [ -74.887764, 10.876269 ], [ -74.8881, 10.878884 ], [ -74.888747, 10.880255 ], [ -74.889265, 10.880592 ], [ -74.890429, 10.881187 ], [ -74.889989, 10.881834 ], [ -74.888488, 10.88349 ], [ -74.888799, 10.884396 ], [ -74.890145, 10.884422 ], [ -74.891749, 10.884836 ], [ -74.89193, 10.886726 ], [ -74.891025, 10.887036 ], [ -74.889989, 10.887554 ], [ -74.890688, 10.88833 ], [ -74.891827, 10.888693 ], [ -74.89281, 10.889443 ], [ -74.892655, 10.890064 ], [ -74.893095, 10.891333 ], [ -74.892707, 10.892756 ], [ -74.891827, 10.893662 ], [ -74.891335, 10.89449 ], [ -74.891542, 10.89493 ], [ -74.892888, 10.895189 ], [ -74.89369, 10.895551 ], [ -74.894855, 10.896612 ], [ -74.895088, 10.897777 ], [ -74.8947, 10.898864 ], [ -74.895062, 10.899744 ], [ -74.895192, 10.900598 ], [ -74.895023, 10.901206 ], [ -74.89567, 10.902268 ], [ -74.8958, 10.90307 ], [ -74.895826, 10.904066 ], [ -74.89712, 10.905063 ], [ -74.897197, 10.906641 ], [ -74.897599, 10.907573 ], [ -74.897663, 10.909243 ], [ -74.898194, 10.910886 ], [ -74.897922, 10.911701 ], [ -74.89734, 10.912154 ], [ -74.896576, 10.912206 ], [ -74.896395, 10.91165 ], [ -74.897133, 10.91086 ], [ -74.897262, 10.910084 ], [ -74.89712, 10.907754 ], [ -74.896421, 10.907146 ], [ -74.896059, 10.905451 ], [ -74.895295, 10.903885 ], [ -74.894752, 10.902695 ], [ -74.894428, 10.900611 ], [ -74.894169, 10.899356 ], [ -74.893923, 10.898308 ], [ -74.892707, 10.897544 ], [ -74.891698, 10.896509 ], [ -74.890843, 10.896056 ], [ -74.890391, 10.895875 ], [ -74.889446, 10.895914 ], [ -74.888501, 10.895629 ], [ -74.888398, 10.894917 ], [ -74.889511, 10.894607 ], [ -74.889912, 10.893817 ], [ -74.890378, 10.893144 ], [ -74.891387, 10.892963 ], [ -74.891439, 10.891229 ], [ -74.88942, 10.891307 ], [ -74.889342, 10.889961 ], [ -74.88766, 10.889624 ], [ -74.887893, 10.889055 ], [ -74.888488, 10.887864 ], [ -74.888902, 10.886182 ], [ -74.888307, 10.884836 ], [ -74.887764, 10.884526 ], [ -74.887453, 10.88415 ], [ -74.887246, 10.883038 ], [ -74.888333, 10.882779 ], [ -74.887867, 10.881303 ], [ -74.885822, 10.881355 ], [ -74.885305, 10.880553 ], [ -74.884192, 10.880527 ], [ -74.884295, 10.879854 ], [ -74.884839, 10.877939 ], [ -74.885201, 10.875558 ], [ -74.884528, 10.875247 ], [ -74.883726, 10.876412 ], [ -74.883598, 10.876935 ] ] ] } },
{ "type": "Feature", "properties": { "NOMBRE": "N/A", "Area_Ha": 18587.50754312125 }, "geometry": { "type": "Polygon", "coordinates": [ [ [ -74.92788, 10.902294 ], [ -74.92656, 10.901556 ], [ -74.925085, 10.901116 ], [ -74.924645, 10.902229 ], [ -74.923687, 10.903807 ], [ -74.921979, 10.90404 ], [ -74.920995, 10.903833 ], [ -74.921513, 10.902695 ], [ -74.921358, 10.901504 ], [ -74.921228, 10.89977 ], [ -74.921384, 10.898683 ], [ -74.921021, 10.896794 ], [ -74.919857, 10.896612 ], [ -74.918847, 10.89801 ], [ -74.916751, 10.899822 ], [ -74.916311, 10.900546 ], [ -74.915276, 10.90096 ], [ -74.915224, 10.902332 ], [ -74.915146, 10.903238 ], [ -74.91393, 10.904455 ], [ -74.912895, 10.904972 ], [ -74.912972, 10.902979 ], [ -74.914163, 10.901038 ], [ -74.914525, 10.899641 ], [ -74.91393, 10.897648 ], [ -74.914215, 10.896354 ], [ -74.914978, 10.896069 ], [ -74.915159, 10.896949 ], [ -74.916453, 10.895758 ], [ -74.917618, 10.895034 ], [ -74.918136, 10.89493 ], [ -74.918834, 10.895241 ], [ -74.91974, 10.895939 ], [ -74.920154, 10.89537 ], [ -74.920568, 10.893895 ], [ -74.919818, 10.893222 ], [ -74.91886, 10.892109 ], [ -74.91635, 10.890271 ], [ -74.915884, 10.88934 ], [ -74.916039, 10.888511 ], [ -74.916893, 10.886777 ], [ -74.917598, 10.886313 ], [ -74.918472, 10.887399 ], [ -74.919637, 10.88745 ], [ -74.92031, 10.886868 ], [ -74.921177, 10.88648 ], [ -74.921824, 10.88503 ], [ -74.921694, 10.884202 ], [ -74.92084, 10.884396 ], [ -74.920103, 10.884409 ], [ -74.919559, 10.883969 ], [ -74.919404, 10.88327 ], [ -74.919054, 10.881446 ], [ -74.919345, 10.88075 ], [ -74.919637, 10.881187 ], [ -74.920775, 10.882378 ], [ -74.921707, 10.883128 ], [ -74.922432, 10.883439 ], [ -74.922898, 10.883801 ], [ -74.923001, 10.884163 ], [ -74.92251, 10.885664 ], [ -74.92207, 10.887243 ], [ -74.920931, 10.888408 ], [ -74.920775, 10.889081 ], [ -74.920905, 10.889831 ], [ -74.921811, 10.890711 ], [ -74.922898, 10.891384 ], [ -74.923234, 10.892135 ], [ -74.923234, 10.893222 ], [ -74.922535, 10.894594 ], [ -74.922302, 10.896276 ], [ -74.923907, 10.897052 ], [ -74.924658, 10.896612 ], [ -74.924994, 10.895681 ], [ -74.925305, 10.894878 ], [ -74.925797, 10.894438 ], [ -74.926211, 10.894671 ], [ -74.926366, 10.895396 ], [ -74.926314, 10.896794 ], [ -74.926418, 10.897855 ], [ -74.926935, 10.898631 ], [ -74.927298, 10.899356 ], [ -74.928122, 10.899917 ], [ -74.92788, 10.902294 ] ] ] } },
{ "type": "Feature", "properties": { "NOMBRE": "CONFLICTO MEDIO", "Area_Ha": 18587.50754312125 }, "geometry": { "type": "Polygon", "coordinates": [ [ [ -74.921312, 10.900887 ], [ -74.919572, 10.902488 ], [ -74.916311, 10.900546 ], [ -74.916751, 10.899822 ], [ -74.918847, 10.89801 ], [ -74.919857, 10.896612 ], [ -74.921021, 10.896794 ], [ -74.921384, 10.898683 ], [ -74.921228, 10.89977 ], [ -74.921312, 10.900887 ] ] ] } },
{ "type": "Feature", "properties": { "NOMBRE": "CONFLICTO MEDIO", "Area_Ha": 18587.50754312125 }, "geometry": { "type": "Polygon", "coordinates": [ [ [ -74.922451, 10.903976 ], [ -74.922445, 10.904015 ], [ -74.923506, 10.906991 ], [ -74.922626, 10.907431 ], [ -74.921435, 10.909243 ], [ -74.920426, 10.90989 ], [ -74.919468, 10.909993 ], [ -74.919546, 10.908673 ], [ -74.920374, 10.905878 ], [ -74.9204, 10.904713 ], [ -74.920995, 10.903833 ], [ -74.921979, 10.90404 ], [ -74.922451, 10.903976 ] ] ] } },
{ "type": "Feature", "properties": { "NOMBRE": "CONFLICTO ALTO", "Area_Ha": 18587.50754312125 }, "geometry": { "type": "Polygon", "coordinates": [ [ [ -74.927087, 10.910064 ], [ -74.925913, 10.909424 ], [ -74.924257, 10.908492 ], [ -74.922626, 10.907431 ], [ -74.923506, 10.906991 ], [ -74.922445, 10.904015 ], [ -74.922451, 10.903976 ], [ -74.923687, 10.903807 ], [ -74.924645, 10.902229 ], [ -74.925085, 10.901116 ], [ -74.92656, 10.901556 ], [ -74.92788, 10.902294 ], [ -74.927087, 10.910064 ] ] ] } },
{ "type": "Feature", "properties": { "NOMBRE": "CONFLICTO MEDIO", "Area_Ha": 18587.50754312125 }, "geometry": { "type": "Polygon", "coordinates": [ [ [ -74.909168, 10.976529 ], [ -74.909769, 10.975118 ], [ -74.909951, 10.9746 ], [ -74.909743, 10.974264 ], [ -74.909045, 10.975325 ], [ -74.908553, 10.97548 ], [ -74.908579, 10.974962 ], [ -74.90876, 10.974082 ], [ -74.907414, 10.973901 ], [ -74.907518, 10.973202 ], [ -74.90876, 10.972504 ], [ -74.909226, 10.97196 ], [ -74.909847, 10.972348 ], [ -74.910339, 10.972866 ], [ -74.910468, 10.973306 ], [ -74.911296, 10.973642 ], [ -74.911193, 10.974833 ], [ -74.912254, 10.974859 ], [ -74.912125, 10.975998 ], [ -74.913496, 10.976024 ], [ -74.914777, 10.975752 ], [ -74.914596, 10.976295 ], [ -74.914726, 10.976865 ], [ -74.914799, 10.97735 ], [ -74.91375, 10.9775 ], [ -74.912103, 10.977264 ], [ -74.912073, 10.977085 ], [ -74.911736, 10.976412 ], [ -74.91096, 10.97636 ], [ -74.910701, 10.976024 ], [ -74.911012, 10.975169 ], [ -74.910546, 10.974988 ], [ -74.909692, 10.976024 ], [ -74.909457, 10.976625 ], [ -74.909168, 10.976529 ] ] ] } },
{ "type": "Feature", "properties": { "NOMBRE": "N/A", "Area_Ha": 18587.50754312125 }, "geometry": { "type": "Polygon", "coordinates": [ [ [ -74.926983, 10.91108 ], [ -74.926301, 10.911261 ], [ -74.925499, 10.912167 ], [ -74.925033, 10.913979 ], [ -74.924308, 10.91504 ], [ -74.923351, 10.914678 ], [ -74.922393, 10.913591 ], [ -74.921306, 10.911753 ], [ -74.920426, 10.90989 ], [ -74.921435, 10.909243 ], [ -74.922626, 10.907431 ], [ -74.924257, 10.908492 ], [ -74.925913, 10.909424 ], [ -74.927087, 10.910064 ], [ -74.926983, 10.91108 ] ] ] } },
{ "type": "Feature", "properties": { "NOMBRE": "CONFLICTO MEDIO", "Area_Ha": 18587.50754312125 }, "geometry": { "type": "Polygon", "coordinates": [ [ [ -74.915314, 10.916476 ], [ -74.915444, 10.918159 ], [ -74.915211, 10.920022 ], [ -74.912442, 10.9245 ], [ -74.910656, 10.925872 ], [ -74.910759, 10.923956 ], [ -74.912053, 10.923128 ], [ -74.912312, 10.921523 ], [ -74.912519, 10.919712 ], [ -74.91283, 10.918159 ], [ -74.914072, 10.916658 ], [ -74.915314, 10.916476 ] ] ] } },
{ "type": "Feature", "properties": { "NOMBRE": "CONFLICTO ALTO", "Area_Ha": 18587.50754312125 }, "geometry": { "type": "Polygon", "coordinates": [ [ [ -74.910656, 10.925872 ], [ -74.912442, 10.9245 ], [ -74.915211, 10.920022 ], [ -74.915444, 10.918159 ], [ -74.915314, 10.916476 ], [ -74.915625, 10.915208 ], [ -74.915289, 10.914121 ], [ -74.914849, 10.913655 ], [ -74.914279, 10.912827 ], [ -74.913347, 10.912103 ], [ -74.912235, 10.911637 ], [ -74.911329, 10.91143 ], [ -74.910449, 10.911352 ], [ -74.909388, 10.91086 ], [ -74.909698, 10.90998 ], [ -74.909957, 10.909488 ], [ -74.910035, 10.908608 ], [ -74.910449, 10.907599 ], [ -74.910423, 10.907263 ], [ -74.910138, 10.906952 ], [ -74.909828, 10.906409 ], [ -74.909931, 10.904985 ], [ -74.910682, 10.902682 ], [ -74.911562, 10.902009 ], [ -74.912752, 10.901491 ], [ -74.913089, 10.90087 ], [ -74.913011, 10.900145 ], [ -74.912778, 10.899019 ], [ -74.912545, 10.898308 ], [ -74.912312, 10.897738 ], [ -74.912222, 10.896405 ], [ -74.911833, 10.895577 ], [ -74.911044, 10.894607 ], [ -74.911717, 10.89396 ], [ -74.912183, 10.893804 ], [ -74.912778, 10.893778 ], [ -74.913089, 10.893882 ], [ -74.913787, 10.894477 ], [ -74.91415, 10.895305 ], [ -74.914435, 10.895823 ], [ -74.914978, 10.896069 ], [ -74.914215, 10.896354 ], [ -74.91393, 10.897648 ], [ -74.914525, 10.899641 ], [ -74.914163, 10.901038 ], [ -74.912972, 10.902979 ], [ -74.912895, 10.904972 ], [ -74.91393, 10.904455 ], [ -74.915146, 10.903238 ], [ -74.915224, 10.902332 ], [ -74.915276, 10.90096 ], [ -74.916311, 10.900546 ], [ -74.919572, 10.902488 ], [ -74.921312, 10.900887 ], [ -74.921358, 10.901504 ], [ -74.921513, 10.902695 ], [ -74.920995, 10.903833 ], [ -74.9204, 10.904713 ], [ -74.920374, 10.905878 ], [ -74.919546, 10.908673 ], [ -74.919468, 10.909993 ], [ -74.920426, 10.90989 ], [ -74.921306, 10.911753 ], [ -74.922393, 10.913591 ], [ -74.923351, 10.914678 ], [ -74.924308, 10.91504 ], [ -74.925033, 10.913979 ], [ -74.925499, 10.912167 ], [ -74.926301, 10.911261 ], [ -74.926983, 10.91108 ], [ -74.925382, 10.926765 ], [ -74.924062, 10.926855 ], [ -74.923208, 10.926803 ], [ -74.922018, 10.926104 ], [ -74.921164, 10.925975 ], [ -74.920232, 10.925923 ], [ -74.918757, 10.926493 ], [ -74.918705, 10.927295 ], [ -74.921474, 10.930711 ], [ -74.922691, 10.931902 ], [ -74.922846, 10.932911 ], [ -74.922251, 10.934024 ], [ -74.921086, 10.93449 ], [ -74.919585, 10.934464 ], [ -74.918317, 10.934102 ], [ -74.917023, 10.933481 ], [ -74.91402, 10.930427 ], [ -74.911329, 10.926855 ], [ -74.910656, 10.925872 ] ] ] } },
{ "type": "Feature", "properties": { "NOMBRE": "N/A", "Area_Ha": 18587.50754312125 }, "geometry": { "type": "Polygon", "coordinates": [ [ [ -74.922931, 10.937541 ], [ -74.921811, 10.936975 ], [ -74.920232, 10.936664 ], [ -74.918731, 10.936198 ], [ -74.917359, 10.936224 ], [ -74.916065, 10.935732 ], [ -74.915496, 10.933403 ], [ -74.913995, 10.933274 ], [ -74.914189, 10.930598 ], [ -74.917023, 10.933481 ], [ -74.918317, 10.934102 ], [ -74.919585, 10.934464 ], [ -74.921086, 10.93449 ], [ -74.922251, 10.934024 ], [ -74.922846, 10.932911 ], [ -74.922691, 10.931902 ], [ -74.921474, 10.930711 ], [ -74.918705, 10.927295 ], [ -74.918757, 10.926493 ], [ -74.920232, 10.925923 ], [ -74.921164, 10.925975 ], [ -74.922018, 10.926104 ], [ -74.923208, 10.926803 ], [ -74.924062, 10.926855 ], [ -74.925382, 10.926765 ], [ -74.924532, 10.935102 ], [ -74.923759, 10.936249 ], [ -74.923802, 10.936277 ], [ -74.923639, 10.936521 ], [ -74.923157, 10.937142 ], [ -74.922931, 10.937541 ] ] ] } },
{ "type": "Feature", "properties": { "NOMBRE": "CONFLICTO MEDIO", "Area_Ha": 18587.50754312125 }, "geometry": { "type": "Polygon", "coordinates": [ [ [ -74.915635, 10.933975 ], [ -74.914907, 10.934704 ], [ -74.914622, 10.935545 ], [ -74.913639, 10.935648 ], [ -74.912966, 10.935493 ], [ -74.91237, 10.935402 ], [ -74.912034, 10.935014 ], [ -74.912629, 10.934393 ], [ -74.912888, 10.933759 ], [ -74.912862, 10.933267 ], [ -74.913173, 10.932788 ], [ -74.913613, 10.932931 ], [ -74.913995, 10.933274 ], [ -74.915496, 10.933403 ], [ -74.915635, 10.933975 ] ] ] } },
{ "type": "Feature", "properties": { "NOMBRE": "CONFLICTO MEDIO", "Area_Ha": 18587.50754312125 }, "geometry": { "type": "Polygon", "coordinates": [ [ [ -74.915974, 10.94272 ], [ -74.916492, 10.943497 ], [ -74.916647, 10.944713 ], [ -74.916621, 10.945593 ], [ -74.916932, 10.945956 ], [ -74.913205, 10.948104 ], [ -74.912584, 10.946111 ], [ -74.913231, 10.9458 ], [ -74.913671, 10.945541 ], [ -74.914292, 10.944351 ], [ -74.914603, 10.94329 ], [ -74.914551, 10.942927 ], [ -74.915974, 10.94272 ] ] ] } },
{ "type": "Feature", "properties": { "NOMBRE": "N/A", "Area_Ha": 18587.50754312125 }, "geometry": { "type": "Polygon", "coordinates": [ [ [ -74.916932, 10.945956 ], [ -74.916621, 10.945593 ], [ -74.916647, 10.944713 ], [ -74.916492, 10.943497 ], [ -74.915974, 10.94272 ], [ -74.916673, 10.942902 ], [ -74.917657, 10.943471 ], [ -74.91833, 10.944092 ], [ -74.9184, 10.945287 ], [ -74.916932, 10.945956 ] ] ] } },
{ "type": "Feature", "properties": { "NOMBRE": "CONFLICTO MEDIO", "Area_Ha": 18587.50754312125 }, "geometry": { "type": "Polygon", "coordinates": [ [ [ -74.908721, 10.944797 ], [ -74.909498, 10.945703 ], [ -74.909963, 10.946751 ], [ -74.9103, 10.947282 ], [ -74.910843, 10.947968 ], [ -74.911076, 10.948408 ], [ -74.909873, 10.949456 ], [ -74.911361, 10.950789 ], [ -74.912254, 10.951772 ], [ -74.912409, 10.95229 ], [ -74.912422, 10.953222 ], [ -74.912694, 10.953597 ], [ -74.913548, 10.953688 ], [ -74.914079, 10.953804 ], [ -74.914402, 10.953817 ], [ -74.914609, 10.954477 ], [ -74.91453, 10.955633 ], [ -74.91393, 10.955894 ], [ -74.91217, 10.955842 ], [ -74.909841, 10.956308 ], [ -74.907925, 10.955842 ], [ -74.907408, 10.954393 ], [ -74.908081, 10.953565 ], [ -74.908961, 10.954082 ], [ -74.910255, 10.954393 ], [ -74.911083, 10.953306 ], [ -74.911186, 10.952426 ], [ -74.910617, 10.951701 ], [ -74.909426, 10.951339 ], [ -74.909168, 10.950097 ], [ -74.909523, 10.94965 ], [ -74.909058, 10.949055 ], [ -74.90876, 10.948576 ], [ -74.90832, 10.948123 ], [ -74.907893, 10.947437 ], [ -74.907841, 10.946531 ], [ -74.907958, 10.945677 ], [ -74.908436, 10.945017 ], [ -74.908721, 10.944797 ] ] ] } },
{ "type": "Feature", "properties": { "NOMBRE": "CONFLICTO MEDIO", "Area_Ha": 18587.50754312125 }, "geometry": { "type": "Polygon", "coordinates": [ [ [ -74.901118, 10.92701 ], [ -74.901099, 10.927327 ], [ -74.901041, 10.927709 ], [ -74.899954, 10.927528 ], [ -74.899048, 10.92745 ], [ -74.898271, 10.926984 ], [ -74.897547, 10.926182 ], [ -74.89633, 10.925354 ], [ -74.894933, 10.925328 ], [ -74.894803, 10.92481 ], [ -74.89514, 10.924189 ], [ -74.895528, 10.922455 ], [ -74.896512, 10.922196 ], [ -74.897702, 10.923076 ], [ -74.899462, 10.925276 ], [ -74.901118, 10.92701 ] ] ] } },
{ "type": "Feature", "properties": { "NOMBRE": "N/A", "Area_Ha": 18587.50754312125 }, "geometry": { "type": "Polygon", "coordinates": [ [ [ -74.910061, 10.938605 ], [ -74.909951, 10.938185 ], [ -74.909679, 10.937926 ], [ -74.909718, 10.937175 ], [ -74.909886, 10.93636 ], [ -74.9103, 10.935752 ], [ -74.91237, 10.935402 ], [ -74.912966, 10.935493 ], [ -74.913639, 10.935648 ], [ -74.914038, 10.935606 ], [ -74.914027, 10.935855 ], [ -74.913613, 10.936451 ], [ -74.912616, 10.937473 ], [ -74.912332, 10.938094 ], [ -74.912293, 10.93878 ], [ -74.91248, 10.939084 ], [ -74.912157, 10.939317 ], [ -74.911639, 10.93964 ], [ -74.911368, 10.93977 ], [ -74.911057, 10.93977 ], [ -74.91063, 10.939201 ], [ -74.910669, 10.938812 ], [ -74.910061, 10.938605 ] ] ] } },
{ "type": "Feature", "properties": { "NOMBRE": "N/A", "Area_Ha": 18587.50754312125 }, "geometry": { "type": "Polygon", "coordinates": [ [ [ -74.908382, 10.932171 ], [ -74.908656, 10.932077 ], [ -74.909588, 10.930783 ], [ -74.910908, 10.930394 ], [ -74.912021, 10.930653 ], [ -74.912176, 10.93218 ], [ -74.910468, 10.934199 ], [ -74.908631, 10.936114 ], [ -74.907854, 10.937072 ], [ -74.906948, 10.937175 ], [ -74.906913, 10.937155 ], [ -74.907285, 10.936554 ], [ -74.907104, 10.935131 ], [ -74.908009, 10.933008 ], [ -74.908382, 10.932171 ] ] ] } },
{ "type": "Feature", "properties": { "NOMBRE": "CONFLICTO MUY ALTO", "Area_Ha": 18587.50754312125 }, "geometry": { "type": "Polygon", "coordinates": [ [ [ -74.906913, 10.937155 ], [ -74.906948, 10.937175 ], [ -74.907854, 10.937072 ], [ -74.908631, 10.936114 ], [ -74.910468, 10.934199 ], [ -74.912176, 10.93218 ], [ -74.912021, 10.930653 ], [ -74.910908, 10.930394 ], [ -74.909588, 10.930783 ], [ -74.908656, 10.932077 ], [ -74.908382, 10.932171 ], [ -74.908631, 10.931611 ], [ -74.908993, 10.930368 ], [ -74.910675, 10.928634 ], [ -74.912082, 10.927855 ], [ -74.91402, 10.930427 ], [ -74.914189, 10.930598 ], [ -74.913995, 10.933274 ], [ -74.913613, 10.932931 ], [ -74.913173, 10.932788 ], [ -74.912862, 10.933267 ], [ -74.912888, 10.933759 ], [ -74.912629, 10.934393 ], [ -74.912034, 10.935014 ], [ -74.91237, 10.935402 ], [ -74.9103, 10.935752 ], [ -74.909886, 10.93636 ], [ -74.909718, 10.937175 ], [ -74.909679, 10.937926 ], [ -74.909951, 10.938185 ], [ -74.910061, 10.938605 ], [ -74.909789, 10.939006 ], [ -74.909724, 10.939395 ], [ -74.909465, 10.939608 ], [ -74.908954, 10.939602 ], [ -74.908715, 10.93986 ], [ -74.908643, 10.940475 ], [ -74.908611, 10.940948 ], [ -74.908417, 10.941271 ], [ -74.90788, 10.941504 ], [ -74.907841, 10.94206 ], [ -74.908016, 10.942649 ], [ -74.908514, 10.943283 ], [ -74.908851, 10.944228 ], [ -74.908721, 10.944797 ], [ -74.908436, 10.945017 ], [ -74.907958, 10.945677 ], [ -74.907841, 10.946531 ], [ -74.907893, 10.947437 ], [ -74.90832, 10.948123 ], [ -74.90876, 10.948576 ], [ -74.909058, 10.949055 ], [ -74.909523, 10.94965 ], [ -74.909168, 10.950097 ], [ -74.905234, 10.95196 ], [ -74.904405, 10.948596 ], [ -74.903603, 10.947069 ], [ -74.90262, 10.9458 ], [ -74.90161, 10.944429 ], [ -74.90172, 10.941394 ], [ -74.902315, 10.940281 ], [ -74.903014, 10.939738 ], [ -74.903402, 10.940385 ], [ -74.904257, 10.941006 ], [ -74.904645, 10.940799 ], [ -74.904748, 10.940022 ], [ -74.905421, 10.940048 ], [ -74.905809, 10.939738 ], [ -74.905654, 10.939065 ], [ -74.905551, 10.938754 ], [ -74.906198, 10.938314 ], [ -74.906913, 10.937155 ] ] ] } },
{ "type": "Feature", "properties": { "NOMBRE": "CONFLICTO ALTO", "Area_Ha": 18587.50754312125 }, "geometry": { "type": "MultiPolygon", "coordinates": [ [ [ [ -74.89185, 10.932326 ], [ -74.892722, 10.933103 ], [ -74.893222, 10.9335 ], [ -74.893947, 10.933681 ], [ -74.89437, 10.933673 ], [ -74.894502, 10.933642 ], [ -74.894603, 10.9352 ], [ -74.893861, 10.935476 ], [ -74.892774, 10.935165 ], [ -74.892204, 10.935303 ], [ -74.892032, 10.935614 ], [ -74.892118, 10.937201 ], [ -74.89236, 10.937753 ], [ -74.89305, 10.937771 ], [ -74.893844, 10.937253 ], [ -74.894637, 10.936373 ], [ -74.895086, 10.935769 ], [ -74.895396, 10.935251 ], [ -74.895707, 10.933957 ], [ -74.897553, 10.934561 ], [ -74.895828, 10.936011 ], [ -74.896345, 10.93677 ], [ -74.894862, 10.941014 ], [ -74.893723, 10.940876 ], [ -74.892998, 10.940083 ], [ -74.89079, 10.940462 ], [ -74.8906, 10.940134 ], [ -74.890531, 10.93884 ], [ -74.890393, 10.937581 ], [ -74.889823, 10.935959 ], [ -74.889444, 10.935251 ], [ -74.888736, 10.934578 ], [ -74.888736, 10.93363 ], [ -74.889133, 10.932888 ], [ -74.890341, 10.933664 ], [ -74.891221, 10.93344 ], [ -74.89185, 10.932326 ] ] ], [ [ [ -74.901099, 10.927327 ], [ -74.901118, 10.92701 ], [ -74.901662, 10.927295 ], [ -74.902438, 10.927554 ], [ -74.903215, 10.928951 ], [ -74.90438, 10.929573 ], [ -74.904884, 10.929495 ], [ -74.905298, 10.928822 ], [ -74.906243, 10.928977 ], [ -74.906165, 10.929611 ], [ -74.907239, 10.929663 ], [ -74.907666, 10.928938 ], [ -74.908068, 10.928201 ], [ -74.90821, 10.928343 ], [ -74.908935, 10.928938 ], [ -74.909621, 10.927929 ], [ -74.909232, 10.927463 ], [ -74.90887, 10.926855 ], [ -74.909155, 10.926273 ], [ -74.910281, 10.926803 ], [ -74.911186, 10.927709 ], [ -74.911743, 10.927515 ], [ -74.911777, 10.92745 ], [ -74.912082, 10.927855 ], [ -74.910675, 10.928634 ], [ -74.908993, 10.930368 ], [ -74.908631, 10.931611 ], [ -74.908009, 10.933008 ], [ -74.907104, 10.935131 ], [ -74.907285, 10.936554 ], [ -74.906198, 10.938314 ], [ -74.905551, 10.938754 ], [ -74.905654, 10.939065 ], [ -74.905809, 10.939738 ], [ -74.905421, 10.940048 ], [ -74.904748, 10.940022 ], [ -74.904645, 10.940799 ], [ -74.904257, 10.941006 ], [ -74.903402, 10.940385 ], [ -74.903014, 10.939738 ], [ -74.902315, 10.940281 ], [ -74.90172, 10.941394 ], [ -74.90161, 10.944429 ], [ -74.900497, 10.943238 ], [ -74.899307, 10.943497 ], [ -74.900109, 10.944506 ], [ -74.900834, 10.945127 ], [ -74.900963, 10.946111 ], [ -74.900471, 10.946706 ], [ -74.899695, 10.946836 ], [ -74.898323, 10.946758 ], [ -74.896563, 10.946292 ], [ -74.896253, 10.944972 ], [ -74.895942, 10.943186 ], [ -74.896072, 10.941271 ], [ -74.896641, 10.939796 ], [ -74.898039, 10.939796 ], [ -74.89853, 10.94065 ], [ -74.899721, 10.941996 ], [ -74.900653, 10.941944 ], [ -74.900937, 10.94153 ], [ -74.900627, 10.940598 ], [ -74.899928, 10.939123 ], [ -74.899255, 10.938139 ], [ -74.898582, 10.936819 ], [ -74.898168, 10.936354 ], [ -74.898349, 10.935474 ], [ -74.899126, 10.934956 ], [ -74.899514, 10.933765 ], [ -74.899954, 10.932704 ], [ -74.901118, 10.930996 ], [ -74.901662, 10.930013 ], [ -74.901843, 10.929081 ], [ -74.901558, 10.928175 ], [ -74.901041, 10.927709 ], [ -74.901099, 10.927327 ] ] ] ] } },
{ "type": "Feature", "properties": { "NOMBRE": "CONFLICTO MEDIO", "Area_Ha": 18587.50754312125 }, "geometry": { "type": "Polygon", "coordinates": [ [ [ -74.91151, 10.944312 ], [ -74.911258, 10.944021 ], [ -74.91105, 10.943672 ], [ -74.910727, 10.943025 ], [ -74.91052, 10.942222 ], [ -74.910416, 10.941265 ], [ -74.910442, 10.940423 ], [ -74.909899, 10.939841 ], [ -74.909465, 10.939608 ], [ -74.909724, 10.939395 ], [ -74.909789, 10.939006 ], [ -74.910061, 10.938605 ], [ -74.910669, 10.938812 ], [ -74.91063, 10.939201 ], [ -74.911057, 10.93977 ], [ -74.911368, 10.93977 ], [ -74.911639, 10.93964 ], [ -74.912157, 10.939317 ], [ -74.91248, 10.939084 ], [ -74.913127, 10.938916 ], [ -74.913503, 10.939304 ], [ -74.913296, 10.939938 ], [ -74.912584, 10.940339 ], [ -74.91182, 10.940585 ], [ -74.91173, 10.940909 ], [ -74.912286, 10.941685 ], [ -74.913257, 10.941827 ], [ -74.91402, 10.941193 ], [ -74.915043, 10.939123 ], [ -74.915534, 10.938437 ], [ -74.91591, 10.93823 ], [ -74.916389, 10.93845 ], [ -74.916518, 10.938735 ], [ -74.916479, 10.939472 ], [ -74.916026, 10.940042 ], [ -74.915379, 10.941116 ], [ -74.914745, 10.941685 ], [ -74.914292, 10.942267 ], [ -74.9138, 10.942449 ], [ -74.913516, 10.942979 ], [ -74.913567, 10.943587 ], [ -74.913464, 10.944144 ], [ -74.913205, 10.944623 ], [ -74.912778, 10.944882 ], [ -74.912364, 10.944817 ], [ -74.911989, 10.944532 ], [ -74.91151, 10.944312 ] ] ] } },
{ "type": "Feature", "properties": { "NOMBRE": "CONFLICTO ALTO", "Area_Ha": 18587.50754312125 }, "geometry": { "type": "Polygon", "coordinates": [ [ [ -74.914799, 10.97735 ], [ -74.914726, 10.976865 ], [ -74.914596, 10.976295 ], [ -74.914777, 10.975752 ], [ -74.914182, 10.975467 ], [ -74.913665, 10.975389 ], [ -74.913276, 10.974691 ], [ -74.913302, 10.973707 ], [ -74.912992, 10.972465 ], [ -74.912345, 10.972051 ], [ -74.912526, 10.970084 ], [ -74.913147, 10.969851 ], [ -74.913975, 10.96866 ], [ -74.914648, 10.966978 ], [ -74.915864, 10.967392 ], [ -74.917961, 10.969437 ], [ -74.918608, 10.969411 ], [ -74.918504, 10.968686 ], [ -74.916356, 10.966771 ], [ -74.916719, 10.964882 ], [ -74.914674, 10.964804 ], [ -74.914907, 10.963277 ], [ -74.916201, 10.96338 ], [ -74.917003, 10.962759 ], [ -74.917806, 10.962345 ], [ -74.918427, 10.963096 ], [ -74.919177, 10.963484 ], [ -74.91954, 10.962785 ], [ -74.919384, 10.961077 ], [ -74.918789, 10.960585 ], [ -74.918039, 10.960326 ], [ -74.917314, 10.959628 ], [ -74.917443, 10.959136 ], [ -74.917288, 10.957919 ], [ -74.916926, 10.957298 ], [ -74.916072, 10.956625 ], [ -74.916667, 10.955849 ], [ -74.917702, 10.954762 ], [ -74.918123, 10.95253 ], [ -74.919468, 10.95253 ], [ -74.92009, 10.951805 ], [ -74.919883, 10.950252 ], [ -74.918588, 10.948337 ], [ -74.916932, 10.945956 ], [ -74.9184, 10.945287 ], [ -74.919941, 10.946966 ], [ -74.920024, 10.947271 ], [ -74.92, 10.947493 ], [ -74.919917, 10.947704 ], [ -74.919882, 10.947874 ], [ -74.919864, 10.948062 ], [ -74.919888, 10.94822 ], [ -74.919941, 10.948413 ], [ -74.920042, 10.948612 ], [ -74.920196, 10.948999 ], [ -74.920392, 10.949708 ], [ -74.920428, 10.949907 ], [ -74.920861, 10.950241 ], [ -74.92111, 10.950545 ], [ -74.921169, 10.950733 ], [ -74.921228, 10.950844 ], [ -74.921335, 10.950932 ], [ -74.921561, 10.951078 ], [ -74.921768, 10.951166 ], [ -74.922106, 10.951218 ], [ -74.922278, 10.951289 ], [ -74.922456, 10.951505 ], [ -74.922604, 10.951623 ], [ -74.923013, 10.951734 ], [ -74.923209, 10.951816 ], [ -74.923434, 10.95195 ], [ -74.923606, 10.952097 ], [ -74.924181, 10.952747 ], [ -74.924916, 10.950837 ], [ -74.925438, 10.950901 ], [ -74.92622, 10.951159 ], [ -74.926451, 10.951194 ], [ -74.92673, 10.951188 ], [ -74.927424, 10.951082 ], [ -74.92785, 10.951053 ], [ -74.928337, 10.95107 ], [ -74.928799, 10.951164 ], [ -74.929155, 10.951275 ], [ -74.92954, 10.951433 ], [ -74.929714, 10.951537 ], [ -74.929169, 10.952083 ], [ -74.93, 10.952916 ], [ -74.926247, 10.956666 ], [ -74.925835, 10.959167 ], [ -74.926247, 10.961666 ], [ -74.927086, 10.963333 ], [ -74.927498, 10.965834 ], [ -74.927498, 10.96717 ], [ -74.926676, 10.96682 ], [ -74.926149, 10.966632 ], [ -74.925327, 10.966674 ], [ -74.924895, 10.966622 ], [ -74.924557, 10.966664 ], [ -74.924199, 10.966768 ], [ -74.923883, 10.96707 ], [ -74.923472, 10.967529 ], [ -74.923093, 10.967852 ], [ -74.92264, 10.968091 ], [ -74.922239, 10.968237 ], [ -74.922056, 10.968377 ], [ -74.921784, 10.96868 ], [ -74.921435, 10.969201 ], [ -74.921232, 10.969744 ], [ -74.920956, 10.970354 ], [ -74.920513, 10.970979 ], [ -74.920094, 10.971533 ], [ -74.919491, 10.972218 ], [ -74.920818, 10.972546 ], [ -74.920418, 10.974166 ], [ -74.919201, 10.975384 ], [ -74.918232, 10.975943 ], [ -74.915665, 10.977226 ], [ -74.914799, 10.97735 ] ] ] } },
{ "type": "Feature", "properties": { "NOMBRE": "CONFLICTO MEDIO", "Area_Ha": 18587.50754312125 }, "geometry": { "type": "Polygon", "coordinates": [ [ [ -74.912526, 10.970084 ], [ -74.911245, 10.970123 ], [ -74.910882, 10.969268 ], [ -74.912306, 10.969087 ], [ -74.912746, 10.967897 ], [ -74.912306, 10.964894 ], [ -74.911322, 10.965024 ], [ -74.911038, 10.965127 ], [ -74.910261, 10.964998 ], [ -74.910261, 10.964222 ], [ -74.909821, 10.963005 ], [ -74.909407, 10.963704 ], [ -74.908915, 10.964765 ], [ -74.9092, 10.96549 ], [ -74.908501, 10.966007 ], [ -74.908113, 10.966629 ], [ -74.908165, 10.967923 ], [ -74.908682, 10.968492 ], [ -74.907621, 10.968725 ], [ -74.906664, 10.968078 ], [ -74.905447, 10.966447 ], [ -74.907544, 10.965386 ], [ -74.907699, 10.964377 ], [ -74.908216, 10.964092 ], [ -74.908216, 10.963212 ], [ -74.906974, 10.962617 ], [ -74.905939, 10.963756 ], [ -74.905266, 10.963186 ], [ -74.906431, 10.96184 ], [ -74.906094, 10.96153 ], [ -74.903402, 10.961452 ], [ -74.903454, 10.962332 ], [ -74.903584, 10.963109 ], [ -74.903325, 10.964273 ], [ -74.903066, 10.96492 ], [ -74.902315, 10.964791 ], [ -74.900918, 10.963626 ], [ -74.900918, 10.963238 ], [ -74.901643, 10.963367 ], [ -74.902393, 10.963549 ], [ -74.902704, 10.963238 ], [ -74.90229, 10.962539 ], [ -74.901591, 10.962022 ], [ -74.901668, 10.961038 ], [ -74.903454, 10.960779 ], [ -74.905602, 10.959848 ], [ -74.906922, 10.958942 ], [ -74.907246, 10.958178 ], [ -74.908708, 10.957596 ], [ -74.909834, 10.958126 ], [ -74.91096, 10.958269 ], [ -74.912345, 10.958101 ], [ -74.913108, 10.958217 ], [ -74.914273, 10.959278 ], [ -74.91514, 10.958929 ], [ -74.915437, 10.957932 ], [ -74.915127, 10.957272 ], [ -74.915192, 10.956625 ], [ -74.916072, 10.956625 ], [ -74.916926, 10.957298 ], [ -74.917288, 10.957919 ], [ -74.917443, 10.959136 ], [ -74.917314, 10.959628 ], [ -74.918039, 10.960326 ], [ -74.918789, 10.960585 ], [ -74.919384, 10.961077 ], [ -74.91954, 10.962785 ], [ -74.919177, 10.963484 ], [ -74.918427, 10.963096 ], [ -74.917806, 10.962345 ], [ -74.917003, 10.962759 ], [ -74.916201, 10.96338 ], [ -74.914907, 10.963277 ], [ -74.914674, 10.964804 ], [ -74.916719, 10.964882 ], [ -74.916356, 10.966771 ], [ -74.918504, 10.968686 ], [ -74.918608, 10.969411 ], [ -74.917961, 10.969437 ], [ -74.915864, 10.967392 ], [ -74.914648, 10.966978 ], [ -74.913975, 10.96866 ], [ -74.913147, 10.969851 ], [ -74.912526, 10.970084 ] ] ] } },
{ "type": "Feature", "properties": { "NOMBRE": "CONFLICTO MUY ALTO", "Area_Ha": 18587.50754312125 }, "geometry": { "type": "Polygon", "coordinates": [ [ [ -74.909457, 10.976625 ], [ -74.909692, 10.976024 ], [ -74.910546, 10.974988 ], [ -74.911012, 10.975169 ], [ -74.910701, 10.976024 ], [ -74.91096, 10.97636 ], [ -74.911736, 10.976412 ], [ -74.912073, 10.977085 ], [ -74.912103, 10.977264 ], [ -74.910835, 10.977083 ], [ -74.909457, 10.976625 ] ] ] } },
{ "type": "Feature", "properties": { "NOMBRE": "N/A", "Area_Ha": 18587.50754312125 }, "geometry": { "type": "Polygon", "coordinates": [ [ [ -74.900734, 10.983889 ], [ -74.900879, 10.984461 ], [ -74.90053, 10.985354 ], [ -74.900025, 10.985923 ], [ -74.898433, 10.985975 ], [ -74.897786, 10.985276 ], [ -74.898343, 10.984332 ], [ -74.899417, 10.983801 ], [ -74.899779, 10.983076 ], [ -74.900271, 10.983723 ], [ -74.900734, 10.983889 ] ] ] } },
{ "type": "Feature", "properties": { "NOMBRE": "N/A", "Area_Ha": 18587.50754312125 }, "geometry": { "type": "Polygon", "coordinates": [ [ [ -74.902496, 10.984583 ], [ -74.901358, 10.984112 ], [ -74.900271, 10.983723 ], [ -74.899779, 10.983076 ], [ -74.899184, 10.981834 ], [ -74.900064, 10.981679 ], [ -74.900944, 10.981472 ], [ -74.901513, 10.980928 ], [ -74.902471, 10.98054 ], [ -74.903402, 10.980617 ], [ -74.903377, 10.979841 ], [ -74.902574, 10.97953 ], [ -74.902445, 10.978625 ], [ -74.900245, 10.978521 ], [ -74.900297, 10.977434 ], [ -74.899546, 10.977382 ], [ -74.89965, 10.976865 ], [ -74.900141, 10.976062 ], [ -74.901435, 10.976062 ], [ -74.902134, 10.976476 ], [ -74.90361, 10.976813 ], [ -74.904981, 10.976658 ], [ -74.90625, 10.976666 ], [ -74.904999, 10.977083 ], [ -74.904587, 10.9775 ], [ -74.903748, 10.981667 ], [ -74.902916, 10.983333 ], [ -74.902496, 10.984583 ] ] ] } },
{ "type": "Feature", "properties": { "NOMBRE": "CONFLICTO MUY ALTO", "Area_Ha": 18587.50754312125 }, "geometry": { "type": "Polygon", "coordinates": [ [ [ -74.899627, 10.982758 ], [ -74.898407, 10.982779 ], [ -74.896182, 10.982856 ], [ -74.893309, 10.983063 ], [ -74.891963, 10.983063 ], [ -74.891471, 10.982779 ], [ -74.891393, 10.980268 ], [ -74.892869, 10.980087 ], [ -74.893567, 10.979569 ], [ -74.89349, 10.978275 ], [ -74.893179, 10.976205 ], [ -74.893671, 10.974082 ], [ -74.892403, 10.973461 ], [ -74.891316, 10.973125 ], [ -74.890746, 10.973487 ], [ -74.890358, 10.974471 ], [ -74.889789, 10.974962 ], [ -74.889038, 10.974859 ], [ -74.88865, 10.974212 ], [ -74.889116, 10.973409 ], [ -74.889763, 10.972659 ], [ -74.89041, 10.972038 ], [ -74.890798, 10.971132 ], [ -74.891911, 10.971132 ], [ -74.892765, 10.971857 ], [ -74.893982, 10.971753 ], [ -74.894473, 10.970666 ], [ -74.894603, 10.968958 ], [ -74.893386, 10.967974 ], [ -74.892532, 10.966965 ], [ -74.891419, 10.967534 ], [ -74.891471, 10.968596 ], [ -74.891368, 10.968984 ], [ -74.890695, 10.968958 ], [ -74.889996, 10.968699 ], [ -74.889401, 10.969734 ], [ -74.888572, 10.970381 ], [ -74.887615, 10.970278 ], [ -74.886812, 10.969657 ], [ -74.886528, 10.968363 ], [ -74.886528, 10.967405 ], [ -74.885337, 10.965774 ], [ -74.885674, 10.965516 ], [ -74.886812, 10.965774 ], [ -74.888857, 10.965205 ], [ -74.889116, 10.964196 ], [ -74.888624, 10.96228 ], [ -74.888779, 10.962022 ], [ -74.889582, 10.963031 ], [ -74.890048, 10.964377 ], [ -74.891212, 10.964843 ], [ -74.892377, 10.964377 ], [ -74.89336, 10.962902 ], [ -74.893969, 10.96206 ], [ -74.895845, 10.959679 ], [ -74.895858, 10.958282 ], [ -74.897553, 10.956858 ], [ -74.898045, 10.958722 ], [ -74.897023, 10.959045 ], [ -74.896751, 10.959485 ], [ -74.896699, 10.960171 ], [ -74.89679, 10.961155 ], [ -74.897281, 10.961815 ], [ -74.898071, 10.962112 ], [ -74.898537, 10.962022 ], [ -74.899274, 10.961646 ], [ -74.899507, 10.961232 ], [ -74.899883, 10.960365 ], [ -74.899896, 10.958903 ], [ -74.899313, 10.957686 ], [ -74.89899, 10.95691 ], [ -74.899093, 10.955888 ], [ -74.899585, 10.955681 ], [ -74.900827, 10.955564 ], [ -74.902108, 10.955732 ], [ -74.902807, 10.956509 ], [ -74.902535, 10.957065 ], [ -74.901591, 10.957609 ], [ -74.90075, 10.958308 ], [ -74.900801, 10.959032 ], [ -74.901112, 10.959886 ], [ -74.901668, 10.961038 ], [ -74.901591, 10.962022 ], [ -74.90229, 10.962539 ], [ -74.902704, 10.963238 ], [ -74.902393, 10.963549 ], [ -74.901643, 10.963367 ], [ -74.900918, 10.963238 ], [ -74.900918, 10.963626 ], [ -74.902315, 10.964791 ], [ -74.903066, 10.96492 ], [ -74.903325, 10.964273 ], [ -74.903584, 10.963109 ], [ -74.903454, 10.962332 ], [ -74.903402, 10.961452 ], [ -74.906094, 10.96153 ], [ -74.906431, 10.96184 ], [ -74.905266, 10.963186 ], [ -74.905939, 10.963756 ], [ -74.906974, 10.962617 ], [ -74.908216, 10.963212 ], [ -74.908216, 10.964092 ], [ -74.907699, 10.964377 ], [ -74.907544, 10.965386 ], [ -74.905447, 10.966447 ], [ -74.906664, 10.968078 ], [ -74.907621, 10.968725 ], [ -74.908682, 10.968492 ], [ -74.908165, 10.967923 ], [ -74.908113, 10.966629 ], [ -74.908501, 10.966007 ], [ -74.9092, 10.96549 ], [ -74.908915, 10.964765 ], [ -74.909407, 10.963704 ], [ -74.909821, 10.963005 ], [ -74.910261, 10.964222 ], [ -74.910261, 10.964998 ], [ -74.911038, 10.965127 ], [ -74.911322, 10.965024 ], [ -74.912306, 10.964894 ], [ -74.912746, 10.967897 ], [ -74.912306, 10.969087 ], [ -74.910882, 10.969268 ], [ -74.911245, 10.970123 ], [ -74.912526, 10.970084 ], [ -74.912345, 10.972051 ], [ -74.912992, 10.972465 ], [ -74.913302, 10.973707 ], [ -74.913276, 10.974691 ], [ -74.913665, 10.975389 ], [ -74.914182, 10.975467 ], [ -74.914777, 10.975752 ], [ -74.913496, 10.976024 ], [ -74.912125, 10.975998 ], [ -74.912254, 10.974859 ], [ -74.911193, 10.974833 ], [ -74.911296, 10.973642 ], [ -74.910468, 10.973306 ], [ -74.910339, 10.972866 ], [ -74.909847, 10.972348 ], [ -74.909226, 10.97196 ], [ -74.90876, 10.972504 ], [ -74.907518, 10.973202 ], [ -74.907414, 10.973901 ], [ -74.90876, 10.974082 ], [ -74.908579, 10.974962 ], [ -74.908553, 10.97548 ], [ -74.909045, 10.975325 ], [ -74.909743, 10.974264 ], [ -74.909951, 10.9746 ], [ -74.909769, 10.975118 ], [ -74.909168, 10.976529 ], [ -74.908333, 10.97625 ], [ -74.907913, 10.975834 ], [ -74.907501, 10.976251 ], [ -74.90625, 10.976666 ], [ -74.904981, 10.976658 ], [ -74.90361, 10.976813 ], [ -74.902134, 10.976476 ], [ -74.901435, 10.976062 ], [ -74.900141, 10.976062 ], [ -74.89965, 10.976865 ], [ -74.899546, 10.977382 ], [ -74.900297, 10.977434 ], [ -74.900245, 10.978521 ], [ -74.902445, 10.978625 ], [ -74.902574, 10.97953 ], [ -74.903377, 10.979841 ], [ -74.903402, 10.980617 ], [ -74.902471, 10.98054 ], [ -74.901513, 10.980928 ], [ -74.900944, 10.981472 ], [ -74.900064, 10.981679 ], [ -74.899184, 10.981834 ], [ -74.899627, 10.982758 ] ] ] } },
{ "type": "Feature", "properties": { "NOMBRE": "N/A", "Area_Ha": 18587.50754312125 }, "geometry": { "type": "Polygon", "coordinates": [ [ [ -74.898172, 10.982787 ], [ -74.898291, 10.983193 ], [ -74.897993, 10.984163 ], [ -74.896867, 10.984603 ], [ -74.894111, 10.984474 ], [ -74.893787, 10.983736 ], [ -74.892092, 10.98384 ], [ -74.89182, 10.985548 ], [ -74.889983, 10.985574 ], [ -74.890061, 10.983477 ], [ -74.891083, 10.983206 ], [ -74.891471, 10.982779 ], [ -74.891963, 10.983063 ], [ -74.893309, 10.983063 ], [ -74.896182, 10.982856 ], [ -74.898172, 10.982787 ] ] ] } },
{ "type": "Feature", "properties": { "NOMBRE": "CONFLICTO MEDIO", "Area_Ha": 18587.50754312125 }, "geometry": { "type": "Polygon", "coordinates": [ [ [ -74.901513, 10.990465 ], [ -74.900685, 10.990543 ], [ -74.900478, 10.991138 ], [ -74.898847, 10.99119 ], [ -74.899701, 10.989249 ], [ -74.899572, 10.988317 ], [ -74.899831, 10.987256 ], [ -74.901177, 10.987696 ], [ -74.902083, 10.987411 ], [ -74.902212, 10.986635 ], [ -74.901435, 10.985755 ], [ -74.90066, 10.98502 ], [ -74.900879, 10.984461 ], [ -74.900734, 10.983889 ], [ -74.901358, 10.984112 ], [ -74.902496, 10.984583 ], [ -74.902916, 10.985833 ], [ -74.903748, 10.986667 ], [ -74.904167, 10.989584 ], [ -74.904062, 10.990312 ], [ -74.902988, 10.990388 ], [ -74.901513, 10.990465 ] ] ] } },
{ "type": "Feature", "properties": { "NOMBRE": "N/A", "Area_Ha": 18587.50754312125 }, "geometry": { "type": "Polygon", "coordinates": [ [ [ -74.89949, 10.99591 ], [ -74.898537, 10.995305 ], [ -74.897812, 10.994917 ], [ -74.897553, 10.99427 ], [ -74.898252, 10.99383 ], [ -74.89833, 10.993028 ], [ -74.898796, 10.992821 ], [ -74.899572, 10.992717 ], [ -74.900892, 10.992639 ], [ -74.901125, 10.991552 ], [ -74.901513, 10.990465 ], [ -74.902988, 10.990388 ], [ -74.904062, 10.990312 ], [ -74.903884, 10.991555 ], [ -74.903187, 10.992312 ], [ -74.901258, 10.99296 ], [ -74.89949, 10.99591 ] ] ] } },
{ "type": "Feature", "properties": { "NOMBRE": "N/A", "Area_Ha": 18587.50754312125 }, "geometry": { "type": "Polygon", "coordinates": [ [ [ -74.87691, 11.016083 ], [ -74.875282, 11.018055 ], [ -74.8736, 11.019945 ], [ -74.873496, 11.020359 ], [ -74.874221, 11.020747 ], [ -74.873936, 11.021756 ], [ -74.872823, 11.021834 ], [ -74.87272, 11.022792 ], [ -74.873263, 11.023335 ], [ -74.872798, 11.023956 ], [ -74.872435, 11.025198 ], [ -74.874325, 11.026933 ], [ -74.874661, 11.028615 ], [ -74.872772, 11.028175 ], [ -74.87215, 11.028304 ], [ -74.871995, 11.029495 ], [ -74.873328, 11.031384 ], [ -74.873341, 11.033895 ], [ -74.872021, 11.035758 ], [ -74.869873, 11.038631 ], [ -74.866405, 11.037518 ], [ -74.864386, 11.037259 ], [ -74.862031, 11.035473 ], [ -74.861021, 11.03493 ], [ -74.861668, 11.033972 ], [ -74.862031, 11.03317 ], [ -74.860737, 11.032678 ], [ -74.859313, 11.032652 ], [ -74.858071, 11.031565 ], [ -74.855043, 11.029547 ], [ -74.853335, 11.029055 ], [ -74.851316, 11.028848 ], [ -74.851445, 11.028123 ], [ -74.850358, 11.026726 ], [ -74.847045, 11.025742 ], [ -74.843836, 11.02538 ], [ -74.84174, 11.02538 ], [ -74.838634, 11.02613 ], [ -74.836719, 11.026467 ], [ -74.835114, 11.027476 ], [ -74.83382, 11.027476 ], [ -74.8325, 11.027114 ], [ -74.833561, 11.026156 ], [ -74.835735, 11.023128 ], [ -74.836589, 11.021368 ], [ -74.837495, 11.02129 ], [ -74.838064, 11.021704 ], [ -74.838893, 11.021704 ], [ -74.839954, 11.021472 ], [ -74.839928, 11.020721 ], [ -74.838737, 11.020203 ], [ -74.837521, 11.020333 ], [ -74.835813, 11.019763 ], [ -74.83294, 11.017667 ], [ -74.830041, 11.015959 ], [ -74.828547, 11.015046 ], [ -74.828388, 11.01361 ], [ -74.828015, 11.011746 ], [ -74.828177, 11.01153 ], [ -74.828404, 11.011187 ], [ -74.828544, 11.011026 ], [ -74.8291, 11.011236 ], [ -74.829875, 11.011434 ], [ -74.830763, 11.011521 ], [ -74.831113, 11.011606 ], [ -74.831476, 11.011727 ], [ -74.832513, 11.012152 ], [ -74.833275, 11.012543 ], [ -74.835659, 11.01418 ], [ -74.836971, 11.014983 ], [ -74.837198, 11.015163 ], [ -74.838644, 11.01574 ], [ -74.839396, 11.013888 ], [ -74.840471, 11.012827 ], [ -74.842697, 11.012439 ], [ -74.845958, 11.014044 ], [ -74.846217, 11.013785 ], [ -74.848107, 11.013681 ], [ -74.84909, 11.013707 ], [ -74.849737, 11.013086 ], [ -74.850074, 11.011818 ], [ -74.850695, 11.010938 ], [ -74.851471, 11.011559 ], [ -74.851031, 11.012594 ], [ -74.850695, 11.013888 ], [ -74.851109, 11.014069 ], [ -74.851833, 11.013578 ], [ -74.852248, 11.012827 ], [ -74.852791, 11.013164 ], [ -74.851626, 11.014432 ], [ -74.85129, 11.015467 ], [ -74.851471, 11.016373 ], [ -74.852351, 11.016735 ], [ -74.852869, 11.016218 ], [ -74.853412, 11.015752 ], [ -74.854292, 11.015105 ], [ -74.855302, 11.015415 ], [ -74.855612, 11.016062 ], [ -74.855793, 11.016606 ], [ -74.859572, 11.016036 ], [ -74.860219, 11.015182 ], [ -74.860763, 11.013811 ], [ -74.86141, 11.012698 ], [ -74.86216, 11.012128 ], [ -74.86304, 11.013345 ], [ -74.863118, 11.014975 ], [ -74.863118, 11.016554 ], [ -74.863428, 11.018262 ], [ -74.864101, 11.018418 ], [ -74.864593, 11.017745 ], [ -74.865395, 11.017434 ], [ -74.865602, 11.018133 ], [ -74.866767, 11.017952 ], [ -74.866922, 11.016994 ], [ -74.867466, 11.017201 ], [ -74.867388, 11.019065 ], [ -74.868009, 11.018987 ], [ -74.868216, 11.018081 ], [ -74.869821, 11.019323 ], [ -74.870261, 11.018909 ], [ -74.869588, 11.017408 ], [ -74.868294, 11.016528 ], [ -74.867569, 11.015622 ], [ -74.867233, 11.015105 ], [ -74.867544, 11.014147 ], [ -74.868993, 11.014302 ], [ -74.871348, 11.011611 ], [ -74.871271, 11.00923 ], [ -74.871633, 11.008919 ], [ -74.874454, 11.011067 ], [ -74.872772, 11.013112 ], [ -74.873212, 11.013811 ], [ -74.87303, 11.014302 ], [ -74.871969, 11.014639 ], [ -74.872021, 11.017563 ], [ -74.873626, 11.017253 ], [ -74.873496, 11.014432 ], [ -74.875075, 11.013914 ], [ -74.876145, 11.012952 ], [ -74.87667, 11.015043 ], [ -74.87675, 11.015446 ], [ -74.87691, 11.016083 ] ] ] } },
{ "type": "Feature", "properties": { "NOMBRE": "N/A", "Area_Ha": 18587.50754312125 }, "geometry": { "type": "Polygon", "coordinates": [ [ [ -74.893279, 10.975773 ], [ -74.892118, 10.975791 ], [ -74.891445, 10.975609 ], [ -74.89116, 10.974807 ], [ -74.890358, 10.974471 ], [ -74.890746, 10.973487 ], [ -74.891316, 10.973125 ], [ -74.892403, 10.973461 ], [ -74.893671, 10.974082 ], [ -74.893279, 10.975773 ] ] ] } },
{ "type": "Feature", "properties": { "NOMBRE": "CONFLICTO MEDIO", "Area_Ha": 18587.50754312125 }, "geometry": { "type": "Polygon", "coordinates": [ [ [ -74.891393, 10.980268 ], [ -74.89116, 10.979854 ], [ -74.890979, 10.978715 ], [ -74.891497, 10.977318 ], [ -74.890928, 10.975946 ], [ -74.889789, 10.974962 ], [ -74.890358, 10.974471 ], [ -74.89116, 10.974807 ], [ -74.891445, 10.975609 ], [ -74.892118, 10.975791 ], [ -74.893279, 10.975773 ], [ -74.893179, 10.976205 ], [ -74.89349, 10.978275 ], [ -74.893567, 10.979569 ], [ -74.892869, 10.980087 ], [ -74.891393, 10.980268 ] ] ] } },
{ "type": "Feature", "properties": { "NOMBRE": "CONFLICTO ALTO", "Area_Ha": 18587.50754312125 }, "geometry": { "type": "Polygon", "coordinates": [ [ [ -74.879395, 11.005389 ], [ -74.874467, 11.002526 ], [ -74.873328, 11.00395 ], [ -74.872215, 11.003639 ], [ -74.870688, 11.002889 ], [ -74.869161, 11.003147 ], [ -74.867815, 11.002293 ], [ -74.866754, 11.001465 ], [ -74.865771, 11.000482 ], [ -74.866418, 11.000119 ], [ -74.867608, 11.000663 ], [ -74.868436, 11.000404 ], [ -74.869006, 10.999653 ], [ -74.869032, 10.998437 ], [ -74.868618, 10.997738 ], [ -74.868695, 10.994063 ], [ -74.869938, 10.993908 ], [ -74.870067, 10.991656 ], [ -74.870507, 10.990595 ], [ -74.869886, 10.989948 ], [ -74.870766, 10.986997 ], [ -74.86942, 10.985859 ], [ -74.871102, 10.985755 ], [ -74.871723, 10.985004 ], [ -74.873432, 10.983219 ], [ -74.874907, 10.98283 ], [ -74.875709, 10.984124 ], [ -74.877055, 10.984668 ], [ -74.879436, 10.981925 ], [ -74.88306, 10.979492 ], [ -74.885622, 10.977473 ], [ -74.886916, 10.974936 ], [ -74.88865, 10.974212 ], [ -74.889038, 10.974859 ], [ -74.889789, 10.974962 ], [ -74.890928, 10.975946 ], [ -74.891497, 10.977318 ], [ -74.890979, 10.978715 ], [ -74.89116, 10.979854 ], [ -74.891393, 10.980268 ], [ -74.891471, 10.982779 ], [ -74.891083, 10.983206 ], [ -74.890061, 10.983477 ], [ -74.889983, 10.985574 ], [ -74.89182, 10.985548 ], [ -74.892092, 10.98384 ], [ -74.893787, 10.983736 ], [ -74.894111, 10.984474 ], [ -74.896867, 10.984603 ], [ -74.897993, 10.984163 ], [ -74.898291, 10.983193 ], [ -74.898172, 10.982787 ], [ -74.899627, 10.982758 ], [ -74.899779, 10.983076 ], [ -74.899417, 10.983801 ], [ -74.898343, 10.984332 ], [ -74.897786, 10.985276 ], [ -74.898433, 10.985975 ], [ -74.900025, 10.985923 ], [ -74.90053, 10.985354 ], [ -74.90066, 10.98502 ], [ -74.901435, 10.985755 ], [ -74.902212, 10.986635 ], [ -74.902083, 10.987411 ], [ -74.901177, 10.987696 ], [ -74.899831, 10.987256 ], [ -74.899572, 10.988317 ], [ -74.899701, 10.989249 ], [ -74.898847, 10.99119 ], [ -74.900478, 10.991138 ], [ -74.900685, 10.990543 ], [ -74.901513, 10.990465 ], [ -74.901125, 10.991552 ], [ -74.900892, 10.992639 ], [ -74.899572, 10.992717 ], [ -74.898796, 10.992821 ], [ -74.89833, 10.993028 ], [ -74.898252, 10.99383 ], [ -74.897553, 10.99427 ], [ -74.897812, 10.994917 ], [ -74.898537, 10.995305 ], [ -74.89949, 10.99591 ], [ -74.89835, 10.997812 ], [ -74.888607, 10.991082 ], [ -74.888795, 10.990795 ], [ -74.888396, 10.991402 ], [ -74.888133, 10.991809 ], [ -74.885311, 10.996229 ], [ -74.879395, 11.005389 ] ] ] } },
{ "type": "Feature", "properties": { "NOMBRE": "N/A", "Area_Ha": 18587.50754312125 }, "geometry": { "type": "Polygon", "coordinates": [ [ [ -74.880148, 11.039796 ], [ -74.87831, 11.040287 ], [ -74.877923, 11.040424 ], [ -74.877844, 11.041465 ], [ -74.877288, 11.04175 ], [ -74.875606, 11.042449 ], [ -74.87404, 11.042604 ], [ -74.873199, 11.041957 ], [ -74.872862, 11.041167 ], [ -74.873238, 11.040507 ], [ -74.874066, 11.040663 ], [ -74.87567, 11.041154 ], [ -74.876395, 11.04096 ], [ -74.87668, 11.038398 ], [ -74.877197, 11.038217 ], [ -74.876809, 11.036328 ], [ -74.872021, 11.035758 ], [ -74.873341, 11.033895 ], [ -74.876421, 11.03493 ], [ -74.877275, 11.035448 ], [ -74.878906, 11.035577 ], [ -74.879268, 11.034904 ], [ -74.880614, 11.033455 ], [ -74.882451, 11.031747 ], [ -74.884108, 11.030401 ], [ -74.884237, 11.029236 ], [ -74.883668, 11.028097 ], [ -74.882296, 11.026596 ], [ -74.882322, 11.021549 ], [ -74.883849, 11.021368 ], [ -74.885091, 11.0201 ], [ -74.886282, 11.019763 ], [ -74.889232, 11.01931 ], [ -74.892713, 11.021032 ], [ -74.895302, 11.022662 ], [ -74.897087, 11.024167 ], [ -74.896667, 11.024584 ], [ -74.894165, 11.025416 ], [ -74.892914, 11.026668 ], [ -74.892082, 11.028334 ], [ -74.889168, 11.03125 ], [ -74.887497, 11.032084 ], [ -74.884163, 11.032917 ], [ -74.883331, 11.03375 ], [ -74.881668, 11.034583 ], [ -74.881248, 11.035 ], [ -74.880836, 11.035833 ], [ -74.881668, 11.0375 ], [ -74.880836, 11.039167 ], [ -74.881104, 11.039709 ], [ -74.880148, 11.039796 ] ] ] } },
{ "type": "Feature", "properties": { "NOMBRE": "CONFLICTO MEDIO", "Area_Ha": 18587.50754312125 }, "geometry": { "type": "Polygon", "coordinates": [ [ [ -74.834803, 11.032782 ], [ -74.835567, 11.032937 ], [ -74.83605, 11.033576 ], [ -74.836586, 11.033913 ], [ -74.83426, 11.034231 ], [ -74.83206, 11.035473 ], [ -74.831439, 11.034386 ], [ -74.831516, 11.033636 ], [ -74.832888, 11.033532 ], [ -74.834182, 11.033248 ], [ -74.834803, 11.032782 ] ] ] } },
{ "type": "Feature", "properties": { "NOMBRE": "CONFLICTO ALTO", "Area_Ha": 18587.50754312125 }, "geometry": { "type": "Polygon", "coordinates": [ [ [ -74.836142, 10.984782 ], [ -74.837495, 10.983659 ], [ -74.838867, 10.983193 ], [ -74.840471, 10.983426 ], [ -74.842024, 10.983167 ], [ -74.842801, 10.982675 ], [ -74.843965, 10.981899 ], [ -74.846709, 10.981381 ], [ -74.847019, 10.982546 ], [ -74.848676, 10.982856 ], [ -74.849194, 10.983736 ], [ -74.850488, 10.983529 ], [ -74.851186, 10.98503 ], [ -74.85217, 10.984668 ], [ -74.853102, 10.985108 ], [ -74.853153, 10.985496 ], [ -74.852532, 10.98635 ], [ -74.850125, 10.986169 ], [ -74.850146, 10.98871 ], [ -74.845907, 10.990103 ], [ -74.84513, 10.988421 ], [ -74.840911, 10.990724 ], [ -74.837532, 10.990939 ], [ -74.837105, 10.989827 ], [ -74.836752, 10.988726 ], [ -74.836629, 10.988291 ], [ -74.836374, 10.987083 ], [ -74.836294, 10.98662 ], [ -74.836176, 10.9854 ], [ -74.836142, 10.984782 ] ] ] } },
{ "type": "Feature", "properties": { "NOMBRE": "CONFLICTO MUY ALTO", "Area_Ha": 18587.50754312125 }, "geometry": { "type": "Polygon", "coordinates": [ [ [ -74.875222, 11.034527 ], [ -74.875101, 11.032562 ], [ -74.876874, 11.032549 ], [ -74.87692, 11.035233 ], [ -74.876421, 11.03493 ], [ -74.875222, 11.034527 ] ] ] } },
{ "type": "Feature", "properties": { "NOMBRE": "CONFLICTO MEDIO", "Area_Ha": 18587.50754312125 }, "geometry": { "type": "Polygon", "coordinates": [ [ [ -74.872586, 11.024681 ], [ -74.873289, 11.025431 ], [ -74.874907, 11.026273 ], [ -74.875877, 11.025846 ], [ -74.876434, 11.026324 ], [ -74.876084, 11.026997 ], [ -74.876822, 11.027864 ], [ -74.877676, 11.02811 ], [ -74.87787, 11.02943 ], [ -74.878116, 11.029417 ], [ -74.878129, 11.028434 ], [ -74.878621, 11.028408 ], [ -74.878789, 11.029288 ], [ -74.879294, 11.029495 ], [ -74.879203, 11.030038 ], [ -74.879734, 11.029974 ], [ -74.879941, 11.028938 ], [ -74.880678, 11.028861 ], [ -74.880834, 11.029391 ], [ -74.881157, 11.029404 ], [ -74.881558, 11.028084 ], [ -74.881727, 11.027424 ], [ -74.881274, 11.026726 ], [ -74.880976, 11.026078 ], [ -74.881028, 11.025677 ], [ -74.881326, 11.025315 ], [ -74.881908, 11.025186 ], [ -74.882303, 11.02523 ], [ -74.882296, 11.026596 ], [ -74.883668, 11.028097 ], [ -74.884237, 11.029236 ], [ -74.884108, 11.030401 ], [ -74.882451, 11.031747 ], [ -74.880614, 11.033455 ], [ -74.879268, 11.034904 ], [ -74.878906, 11.035577 ], [ -74.877275, 11.035448 ], [ -74.87692, 11.035233 ], [ -74.876874, 11.032549 ], [ -74.875101, 11.032562 ], [ -74.875222, 11.034527 ], [ -74.873341, 11.033895 ], [ -74.873328, 11.031384 ], [ -74.871995, 11.029495 ], [ -74.87215, 11.028304 ], [ -74.872772, 11.028175 ], [ -74.874661, 11.028615 ], [ -74.874325, 11.026933 ], [ -74.872435, 11.025198 ], [ -74.872586, 11.024681 ] ] ] } },
{ "type": "Feature", "properties": { "NOMBRE": "CONFLICTO MUY ALTO", "Area_Ha": 18587.50754312125 }, "geometry": { "type": "Polygon", "coordinates": [ [ [ -74.878719, 11.016269 ], [ -74.878711, 11.016619 ], [ -74.879139, 11.017201 ], [ -74.878996, 11.017706 ], [ -74.878517, 11.018081 ], [ -74.878349, 11.019026 ], [ -74.877495, 11.019582 ], [ -74.877392, 11.020721 ], [ -74.877599, 11.021989 ], [ -74.877806, 11.023063 ], [ -74.878077, 11.024163 ], [ -74.878996, 11.024137 ], [ -74.879229, 11.023607 ], [ -74.87976, 11.023154 ], [ -74.880523, 11.023335 ], [ -74.881118, 11.023697 ], [ -74.881481, 11.023413 ], [ -74.881222, 11.022675 ], [ -74.880924, 11.02195 ], [ -74.881209, 11.021174 ], [ -74.881985, 11.020669 ], [ -74.881921, 11.019323 ], [ -74.882322, 11.019013 ], [ -74.88271, 11.019207 ], [ -74.882956, 11.0201 ], [ -74.882865, 11.020837 ], [ -74.882322, 11.021549 ], [ -74.882303, 11.02523 ], [ -74.881908, 11.025186 ], [ -74.881326, 11.025315 ], [ -74.881028, 11.025677 ], [ -74.880976, 11.026078 ], [ -74.881274, 11.026726 ], [ -74.881727, 11.027424 ], [ -74.881558, 11.028084 ], [ -74.881157, 11.029404 ], [ -74.880834, 11.029391 ], [ -74.880678, 11.028861 ], [ -74.879941, 11.028938 ], [ -74.879734, 11.029974 ], [ -74.879203, 11.030038 ], [ -74.879294, 11.029495 ], [ -74.878789, 11.029288 ], [ -74.878621, 11.028408 ], [ -74.878129, 11.028434 ], [ -74.878116, 11.029417 ], [ -74.87787, 11.02943 ], [ -74.877676, 11.02811 ], [ -74.876822, 11.027864 ], [ -74.876084, 11.026997 ], [ -74.876434, 11.026324 ], [ -74.875877, 11.025846 ], [ -74.874907, 11.026273 ], [ -74.873289, 11.025431 ], [ -74.872586, 11.024681 ], [ -74.872782, 11.024008 ], [ -74.873186, 11.024008 ], [ -74.873587, 11.023529 ], [ -74.87382, 11.022804 ], [ -74.874363, 11.022973 ], [ -74.875023, 11.023335 ], [ -74.875437, 11.02318 ], [ -74.875347, 11.022597 ], [ -74.875217, 11.022287 ], [ -74.875437, 11.021976 ], [ -74.875412, 11.021459 ], [ -74.875088, 11.021045 ], [ -74.875179, 11.020475 ], [ -74.875619, 11.020035 ], [ -74.876162, 11.019194 ], [ -74.876887, 11.01843 ], [ -74.877417, 11.01755 ], [ -74.877379, 11.01702 ], [ -74.877311, 11.016825 ], [ -74.877369, 11.016818 ], [ -74.877413, 11.016791 ], [ -74.877566, 11.016595 ], [ -74.877753, 11.016452 ], [ -74.877843, 11.016421 ], [ -74.878719, 11.016269 ] ] ] } },
{ "type": "Feature", "properties": { "NOMBRE": "CONFLICTO MEDIO", "Area_Ha": 18587.50754312125 }, "geometry": { "type": "Polygon", "coordinates": [ [ [ -74.877311, 11.016825 ], [ -74.877379, 11.01702 ], [ -74.877417, 11.01755 ], [ -74.876887, 11.01843 ], [ -74.876162, 11.019194 ], [ -74.875619, 11.020035 ], [ -74.875179, 11.020475 ], [ -74.875088, 11.021045 ], [ -74.875412, 11.021459 ], [ -74.875437, 11.021976 ], [ -74.875217, 11.022287 ], [ -74.875347, 11.022597 ], [ -74.875437, 11.02318 ], [ -74.875023, 11.023335 ], [ -74.874363, 11.022973 ], [ -74.87382, 11.022804 ], [ -74.873587, 11.023529 ], [ -74.873186, 11.024008 ], [ -74.872782, 11.024008 ], [ -74.872798, 11.023956 ], [ -74.873263, 11.023335 ], [ -74.87272, 11.022792 ], [ -74.872823, 11.021834 ], [ -74.873936, 11.021756 ], [ -74.874221, 11.020747 ], [ -74.873496, 11.020359 ], [ -74.8736, 11.019945 ], [ -74.875282, 11.018055 ], [ -74.87691, 11.016083 ], [ -74.877061, 11.016741 ], [ -74.877251, 11.016821 ], [ -74.877311, 11.016825 ] ] ] } },
{ "type": "Feature", "properties": { "NOMBRE": "CONFLICTO MUY ALTO", "Area_Ha": 18587.50754312125 }, "geometry": { "type": "Polygon", "coordinates": [ [ [ -74.885091, 11.0201 ], [ -74.884017, 11.01887 ], [ -74.883655, 11.01812 ], [ -74.883771, 11.017615 ], [ -74.883927, 11.016696 ], [ -74.884056, 11.015532 ], [ -74.884044, 11.015245 ], [ -74.884371, 11.015151 ], [ -74.884793, 11.014968 ], [ -74.884953, 11.014863 ], [ -74.885156, 11.014701 ], [ -74.885679, 11.014234 ], [ -74.885908, 11.014105 ], [ -74.886333, 11.013919 ], [ -74.886541, 11.014393 ], [ -74.885816, 11.015674 ], [ -74.884755, 11.016541 ], [ -74.88425, 11.016929 ], [ -74.884315, 11.018146 ], [ -74.885454, 11.019776 ], [ -74.88562, 11.01995 ], [ -74.885091, 11.0201 ] ] ] } },
{ "type": "Feature", "properties": { "NOMBRE": "CONFLICTO MEDIO", "Area_Ha": 18587.50754312125 }, "geometry": { "type": "Polygon", "coordinates": [ [ [ -74.88562, 11.01995 ], [ -74.885454, 11.019776 ], [ -74.884315, 11.018146 ], [ -74.88425, 11.016929 ], [ -74.884755, 11.016541 ], [ -74.885816, 11.015674 ], [ -74.886541, 11.014393 ], [ -74.886333, 11.013919 ], [ -74.887414, 11.013459 ], [ -74.887848, 11.013992 ], [ -74.888624, 11.014678 ], [ -74.889271, 11.0157 ], [ -74.889733, 11.016087 ], [ -74.889426, 11.016632 ], [ -74.888326, 11.01777 ], [ -74.887886, 11.01856 ], [ -74.887175, 11.019336 ], [ -74.887018, 11.01965 ], [ -74.886282, 11.019763 ], [ -74.88562, 11.01995 ] ] ] } },
{ "type": "Feature", "properties": { "NOMBRE": "CONFLICTO MEDIO", "Area_Ha": 18587.50754312125 }, "geometry": { "type": "Polygon", "coordinates": [ [ [ -74.884044, 11.015245 ], [ -74.884056, 11.015532 ], [ -74.883927, 11.016696 ], [ -74.883771, 11.017615 ], [ -74.883655, 11.01812 ], [ -74.884017, 11.01887 ], [ -74.885091, 11.0201 ], [ -74.883849, 11.021368 ], [ -74.882322, 11.021549 ], [ -74.882865, 11.020837 ], [ -74.882956, 11.0201 ], [ -74.88271, 11.019207 ], [ -74.882322, 11.019013 ], [ -74.881921, 11.019323 ], [ -74.881985, 11.020669 ], [ -74.881209, 11.021174 ], [ -74.880924, 11.02195 ], [ -74.881222, 11.022675 ], [ -74.881481, 11.023413 ], [ -74.881118, 11.023697 ], [ -74.880523, 11.023335 ], [ -74.87976, 11.023154 ], [ -74.879229, 11.023607 ], [ -74.878996, 11.024137 ], [ -74.878077, 11.024163 ], [ -74.877806, 11.023063 ], [ -74.877599, 11.021989 ], [ -74.877392, 11.020721 ], [ -74.877495, 11.019582 ], [ -74.878349, 11.019026 ], [ -74.878517, 11.018081 ], [ -74.878996, 11.017706 ], [ -74.879139, 11.017201 ], [ -74.878711, 11.016619 ], [ -74.878719, 11.016269 ], [ -74.88301, 11.015553 ], [ -74.88347, 11.015437 ], [ -74.884044, 11.015245 ] ] ] } },
{ "type": "Feature", "properties": { "NOMBRE": "CONFLICTO MUY ALTO", "Area_Ha": 18587.50754312125 }, "geometry": { "type": "Polygon", "coordinates": [ [ [ -74.895803, 11.014745 ], [ -74.896194, 11.015959 ], [ -74.896479, 11.016438 ], [ -74.896285, 11.017214 ], [ -74.896, 11.017628 ], [ -74.896039, 11.018741 ], [ -74.894499, 11.018909 ], [ -74.894499, 11.020035 ], [ -74.893606, 11.020837 ], [ -74.892713, 11.021032 ], [ -74.889232, 11.01931 ], [ -74.887018, 11.01965 ], [ -74.887175, 11.019336 ], [ -74.887886, 11.01856 ], [ -74.888326, 11.01777 ], [ -74.889426, 11.016632 ], [ -74.889733, 11.016087 ], [ -74.889271, 11.0157 ], [ -74.888624, 11.014678 ], [ -74.887848, 11.013992 ], [ -74.887414, 11.013459 ], [ -74.88792, 11.013254 ], [ -74.888084, 11.01321 ], [ -74.888406, 11.013163 ], [ -74.888738, 11.013178 ], [ -74.888882, 11.013201 ], [ -74.889284, 11.013315 ], [ -74.890504, 11.013711 ], [ -74.890742, 11.013765 ], [ -74.890938, 11.013778 ], [ -74.892431, 11.013641 ], [ -74.892718, 11.01357 ], [ -74.893202, 11.013421 ], [ -74.893453, 11.013375 ], [ -74.893641, 11.013389 ], [ -74.893718, 11.013407 ], [ -74.893922, 11.013502 ], [ -74.894114, 11.013646 ], [ -74.894292, 11.01383 ], [ -74.8945, 11.014015 ], [ -74.89485, 11.014227 ], [ -74.894988, 11.014292 ], [ -74.895463, 11.014642 ], [ -74.895634, 11.014708 ], [ -74.895803, 11.014745 ] ] ] } },
{ "type": "Feature", "properties": { "NOMBRE": "CONFLICTO MEDIO", "Area_Ha": 18587.50754312125 }, "geometry": { "type": "Polygon", "coordinates": [ [ [ -74.873238, 11.040507 ], [ -74.871943, 11.039899 ], [ -74.869226, 11.039356 ], [ -74.869345, 11.038462 ], [ -74.869873, 11.038631 ], [ -74.872021, 11.035758 ], [ -74.876809, 11.036328 ], [ -74.877197, 11.038217 ], [ -74.87668, 11.038398 ], [ -74.876395, 11.04096 ], [ -74.87567, 11.041154 ], [ -74.874066, 11.040663 ], [ -74.873238, 11.040507 ] ] ] } },
{ "type": "Feature", "properties": { "NOMBRE": "CONFLICTO MEDIO", "Area_Ha": 18587.50754312125 }, "geometry": { "type": "Polygon", "coordinates": [ [ [ -74.830945, 11.040851 ], [ -74.830352, 11.040339 ], [ -74.829938, 11.039226 ], [ -74.82986, 11.038036 ], [ -74.830145, 11.037259 ], [ -74.831154, 11.036431 ], [ -74.83206, 11.035473 ], [ -74.832785, 11.036043 ], [ -74.833872, 11.036742 ], [ -74.834105, 11.038217 ], [ -74.834156, 11.038916 ], [ -74.83403, 11.039995 ], [ -74.832759, 11.040572 ], [ -74.831672, 11.040779 ], [ -74.830945, 11.040851 ] ] ] } },
{ "type": "Feature", "properties": { "NOMBRE": "CONFLICTO MEDIO", "Area_Ha": 18587.50754312125 }, "geometry": { "type": "Polygon", "coordinates": [ [ [ -74.840057, 11.032005 ], [ -74.840031, 11.030892 ], [ -74.839566, 11.030737 ], [ -74.838246, 11.030763 ], [ -74.836097, 11.030892 ], [ -74.835041, 11.031029 ], [ -74.8347, 11.029883 ], [ -74.834441, 11.028848 ], [ -74.833432, 11.028744 ], [ -74.831956, 11.029158 ], [ -74.830973, 11.029055 ], [ -74.830559, 11.028382 ], [ -74.830326, 11.026933 ], [ -74.829265, 11.026363 ], [ -74.828929, 11.025522 ], [ -74.828929, 11.018483 ], [ -74.828547, 11.015046 ], [ -74.830041, 11.015959 ], [ -74.83294, 11.017667 ], [ -74.835813, 11.019763 ], [ -74.837521, 11.020333 ], [ -74.838737, 11.020203 ], [ -74.839928, 11.020721 ], [ -74.839954, 11.021472 ], [ -74.838893, 11.021704 ], [ -74.838064, 11.021704 ], [ -74.837495, 11.02129 ], [ -74.836589, 11.021368 ], [ -74.835735, 11.023128 ], [ -74.833561, 11.026156 ], [ -74.8325, 11.027114 ], [ -74.83382, 11.027476 ], [ -74.835114, 11.027476 ], [ -74.836719, 11.026467 ], [ -74.838634, 11.02613 ], [ -74.84174, 11.02538 ], [ -74.843836, 11.02538 ], [ -74.847045, 11.025742 ], [ -74.850358, 11.026726 ], [ -74.851445, 11.028123 ], [ -74.850281, 11.027942 ], [ -74.846787, 11.028071 ], [ -74.844871, 11.028615 ], [ -74.844224, 11.029857 ], [ -74.844173, 11.030867 ], [ -74.841455, 11.031462 ], [ -74.840057, 11.032005 ] ] ] } },
{ "type": "Feature", "properties": { "NOMBRE": "CONFLICTO ALTO", "Area_Ha": 18587.50754312125 }, "geometry": { "type": "Polygon", "coordinates": [ [ [ -74.832279, 11.044041 ], [ -74.831698, 11.04316 ], [ -74.830843, 11.042358 ], [ -74.829938, 11.041556 ], [ -74.830093, 11.040934 ], [ -74.831672, 11.040779 ], [ -74.832759, 11.040572 ], [ -74.83403, 11.039995 ], [ -74.832279, 11.044041 ] ] ] } },
{ "type": "Feature", "properties": { "NOMBRE": "N/A", "Area_Ha": 18587.50754312125 }, "geometry": { "type": "Polygon", "coordinates": [ [ [ -74.83206, 11.035473 ], [ -74.831154, 11.036431 ], [ -74.830145, 11.037259 ], [ -74.82986, 11.038036 ], [ -74.829938, 11.039226 ], [ -74.830352, 11.040339 ], [ -74.830945, 11.040851 ], [ -74.830093, 11.040934 ], [ -74.829938, 11.041556 ], [ -74.830843, 11.042358 ], [ -74.831698, 11.04316 ], [ -74.832279, 11.044041 ], [ -74.832176, 11.044324 ], [ -74.831528, 11.044803 ], [ -74.830807, 11.045621 ], [ -74.830498, 11.045858 ], [ -74.829546, 11.046929 ], [ -74.829316, 11.046805 ], [ -74.822701, 11.042242 ], [ -74.824784, 11.039173 ], [ -74.824413, 11.039143 ], [ -74.826493, 11.035538 ], [ -74.827846, 11.030124 ], [ -74.828929, 11.025522 ], [ -74.829265, 11.026363 ], [ -74.830326, 11.026933 ], [ -74.830559, 11.028382 ], [ -74.830973, 11.029055 ], [ -74.831956, 11.029158 ], [ -74.833432, 11.028744 ], [ -74.834441, 11.028848 ], [ -74.8347, 11.029883 ], [ -74.835062, 11.031099 ], [ -74.835114, 11.032031 ], [ -74.834803, 11.032782 ], [ -74.834182, 11.033248 ], [ -74.832888, 11.033532 ], [ -74.831516, 11.033636 ], [ -74.831439, 11.034386 ], [ -74.83206, 11.035473 ] ] ] } },
{ "type": "Feature", "properties": { "NOMBRE": "N/A", "Area_Ha": 18587.50754312125 }, "geometry": { "type": "Polygon", "coordinates": [ [ [ -74.850561, 11.005097 ], [ -74.848628, 11.005373 ], [ -74.84573, 11.006823 ], [ -74.843694, 11.008548 ], [ -74.842382, 11.009066 ], [ -74.841692, 11.010929 ], [ -74.841843, 11.012588 ], [ -74.840471, 11.012827 ], [ -74.839396, 11.013888 ], [ -74.840339, 11.011538 ], [ -74.840402, 11.011417 ], [ -74.841585, 11.008191 ], [ -74.841831, 11.00701 ], [ -74.841935, 11.006441 ], [ -74.842043, 11.005663 ], [ -74.842169, 11.005037 ], [ -74.842232, 11.00421 ], [ -74.84216, 11.003798 ], [ -74.842026, 11.003186 ], [ -74.841681, 11.0023 ], [ -74.841424, 11.001518 ], [ -74.840178, 10.998146 ], [ -74.839602, 10.99653 ], [ -74.839087, 10.995176 ], [ -74.83849, 10.993503 ], [ -74.838166, 10.992736 ], [ -74.837867, 10.991789 ], [ -74.837532, 10.990939 ], [ -74.840911, 10.990724 ], [ -74.84513, 10.988421 ], [ -74.845907, 10.990103 ], [ -74.850146, 10.98871 ], [ -74.850125, 10.986169 ], [ -74.852532, 10.98635 ], [ -74.852877, 10.987566 ], [ -74.851264, 10.988343 ], [ -74.851989, 10.990207 ], [ -74.855198, 10.990491 ], [ -74.855017, 10.991087 ], [ -74.854396, 10.992096 ], [ -74.853128, 10.994451 ], [ -74.852299, 10.995124 ], [ -74.850229, 10.995461 ], [ -74.849504, 10.996392 ], [ -74.848624, 10.997117 ], [ -74.846554, 10.998256 ], [ -74.844198, 10.998515 ], [ -74.844069, 10.99911 ], [ -74.845311, 11.000042 ], [ -74.845492, 11.001336 ], [ -74.845027, 11.002992 ], [ -74.845544, 11.003458 ], [ -74.846605, 11.002578 ], [ -74.848469, 11.003562 ], [ -74.849582, 11.003743 ], [ -74.851109, 11.003872 ], [ -74.851295, 11.004849 ], [ -74.850561, 11.005097 ] ] ] } },
{ "type": "Feature", "properties": { "NOMBRE": "CONFLICTO ALTO", "Area_Ha": 18587.50754312125 }, "geometry": { "type": "Polygon", "coordinates": [ [ [ -74.851264, 10.988343 ], [ -74.85336, 10.987334 ], [ -74.855327, 10.987023 ], [ -74.855845, 10.988628 ], [ -74.855198, 10.990491 ], [ -74.851989, 10.990207 ], [ -74.851264, 10.988343 ] ] ] } },
{ "type": "Feature", "properties": { "NOMBRE": "CONFLICTO MUY ALTO", "Area_Ha": 18587.50754312125 }, "geometry": { "type": "Polygon", "coordinates": [ [ [ -74.838867, 10.983193 ], [ -74.837469, 10.982779 ], [ -74.838013, 10.982054 ], [ -74.840446, 10.981562 ], [ -74.841455, 10.981407 ], [ -74.842568, 10.982132 ], [ -74.843299, 10.982343 ], [ -74.842024, 10.983167 ], [ -74.840471, 10.983426 ], [ -74.838867, 10.983193 ] ] ] } },
{ "type": "Feature", "properties": { "NOMBRE": "CONFLICTO MUY ALTO", "Area_Ha": 18587.50754312125 }, "geometry": { "type": "Polygon", "coordinates": [ [ [ -74.846118, 10.98149 ], [ -74.846036, 10.980216 ], [ -74.847227, 10.979828 ], [ -74.849038, 10.978767 ], [ -74.850721, 10.980527 ], [ -74.849608, 10.981459 ], [ -74.847589, 10.982106 ], [ -74.846944, 10.982263 ], [ -74.846709, 10.981381 ], [ -74.846118, 10.98149 ] ] ] } },
{ "type": "Feature", "properties": { "NOMBRE": "N/A", "Area_Ha": 18587.50754312125 }, "geometry": { "type": "Polygon", "coordinates": [ [ [ -74.863328, 10.992841 ], [ -74.86361, 10.993183 ], [ -74.864748, 10.993597 ], [ -74.864878, 10.994839 ], [ -74.864593, 10.996962 ], [ -74.864205, 10.999317 ], [ -74.862212, 10.998566 ], [ -74.859494, 10.997971 ], [ -74.858796, 10.998023 ], [ -74.856414, 10.996185 ], [ -74.855146, 10.995046 ], [ -74.855483, 10.994166 ], [ -74.858666, 10.995357 ], [ -74.859676, 10.993908 ], [ -74.861021, 10.992795 ], [ -74.861405, 10.99244 ], [ -74.862471, 10.993623 ], [ -74.863328, 10.992841 ] ] ] } },
{ "type": "Feature", "properties": { "NOMBRE": "N/A", "Area_Ha": 18587.50754312125 }, "geometry": { "type": "Polygon", "coordinates": [ [ [ -74.868579, 10.986428 ], [ -74.86942, 10.985859 ], [ -74.870766, 10.986997 ], [ -74.869886, 10.989948 ], [ -74.869226, 10.99075 ], [ -74.867699, 10.991527 ], [ -74.865706, 10.991708 ], [ -74.864712, 10.991579 ], [ -74.865706, 10.990672 ], [ -74.867181, 10.988835 ], [ -74.868579, 10.986428 ] ] ] } },
{ "type": "Feature", "properties": { "NOMBRE": "CONFLICTO MEDIO", "Area_Ha": 18587.50754312125 }, "geometry": { "type": "Polygon", "coordinates": [ [ [ -74.871581, 10.979595 ], [ -74.872461, 10.978948 ], [ -74.87435, 10.977111 ], [ -74.874739, 10.977188 ], [ -74.874532, 10.977809 ], [ -74.873108, 10.979233 ], [ -74.872823, 10.980139 ], [ -74.873134, 10.981459 ], [ -74.873988, 10.98195 ], [ -74.875722, 10.981847 ], [ -74.877353, 10.980061 ], [ -74.877896, 10.980372 ], [ -74.879139, 10.97988 ], [ -74.879604, 10.979129 ], [ -74.879915, 10.977136 ], [ -74.881002, 10.976153 ], [ -74.876395, 10.972426 ], [ -74.876576, 10.971339 ], [ -74.877146, 10.970847 ], [ -74.87756, 10.970174 ], [ -74.877767, 10.969191 ], [ -74.87787, 10.96813 ], [ -74.878207, 10.967094 ], [ -74.878854, 10.967017 ], [ -74.879578, 10.967508 ], [ -74.879786, 10.967819 ], [ -74.880691, 10.967974 ], [ -74.881416, 10.96756 ], [ -74.881131, 10.966913 ], [ -74.881209, 10.966421 ], [ -74.881416, 10.965516 ], [ -74.881131, 10.965127 ], [ -74.881054, 10.964351 ], [ -74.881727, 10.963937 ], [ -74.882762, 10.963393 ], [ -74.883823, 10.963186 ], [ -74.88447, 10.963549 ], [ -74.88491, 10.964222 ], [ -74.885065, 10.964584 ], [ -74.885661, 10.963937 ], [ -74.885738, 10.963756 ], [ -74.886256, 10.963859 ], [ -74.886256, 10.964403 ], [ -74.886696, 10.964843 ], [ -74.88711, 10.964765 ], [ -74.887524, 10.963963 ], [ -74.887524, 10.963186 ], [ -74.887861, 10.962798 ], [ -74.888275, 10.962953 ], [ -74.888624, 10.96228 ], [ -74.889116, 10.964196 ], [ -74.888857, 10.965205 ], [ -74.886812, 10.965774 ], [ -74.885674, 10.965516 ], [ -74.885337, 10.965774 ], [ -74.886528, 10.967405 ], [ -74.886528, 10.968363 ], [ -74.886812, 10.969657 ], [ -74.887615, 10.970278 ], [ -74.888572, 10.970381 ], [ -74.889401, 10.969734 ], [ -74.889996, 10.968699 ], [ -74.890695, 10.968958 ], [ -74.891368, 10.968984 ], [ -74.891471, 10.968596 ], [ -74.891419, 10.967534 ], [ -74.892532, 10.966965 ], [ -74.893386, 10.967974 ], [ -74.894603, 10.968958 ], [ -74.894473, 10.970666 ], [ -74.893982, 10.971753 ], [ -74.892765, 10.971857 ], [ -74.891911, 10.971132 ], [ -74.890798, 10.971132 ], [ -74.89041, 10.972038 ], [ -74.889763, 10.972659 ], [ -74.889116, 10.973409 ], [ -74.88865, 10.974212 ], [ -74.886916, 10.974936 ], [ -74.885622, 10.977473 ], [ -74.88306, 10.979492 ], [ -74.879436, 10.981925 ], [ -74.877055, 10.984668 ], [ -74.875709, 10.984124 ], [ -74.874907, 10.98283 ], [ -74.873432, 10.983219 ], [ -74.871723, 10.985004 ], [ -74.871102, 10.985755 ], [ -74.86942, 10.985859 ], [ -74.868579, 10.986428 ], [ -74.867388, 10.985988 ], [ -74.867544, 10.984254 ], [ -74.869329, 10.984564 ], [ -74.871581, 10.979595 ] ] ] } },
{ "type": "Feature", "properties": { "NOMBRE": "CONFLICTO MEDIO", "Area_Ha": 18587.50754312125 }, "geometry": { "type": "Polygon", "coordinates": [ [ [ -74.852532, 10.98635 ], [ -74.853153, 10.985496 ], [ -74.853102, 10.985108 ], [ -74.85217, 10.984668 ], [ -74.851186, 10.98503 ], [ -74.850488, 10.983529 ], [ -74.849194, 10.983736 ], [ -74.848676, 10.982856 ], [ -74.847019, 10.982546 ], [ -74.846944, 10.982263 ], [ -74.847589, 10.982106 ], [ -74.849608, 10.981459 ], [ -74.850721, 10.980527 ], [ -74.85173, 10.981614 ], [ -74.851161, 10.982416 ], [ -74.851419, 10.983607 ], [ -74.852299, 10.983995 ], [ -74.854396, 10.984875 ], [ -74.85481, 10.985807 ], [ -74.855509, 10.985962 ], [ -74.855845, 10.985082 ], [ -74.856, 10.984539 ], [ -74.857036, 10.983788 ], [ -74.857346, 10.982779 ], [ -74.857967, 10.982416 ], [ -74.857993, 10.9834 ], [ -74.8582, 10.984228 ], [ -74.858718, 10.983917 ], [ -74.858666, 10.982753 ], [ -74.85877, 10.981743 ], [ -74.859883, 10.981381 ], [ -74.861358, 10.980682 ], [ -74.861332, 10.979776 ], [ -74.861358, 10.978793 ], [ -74.861668, 10.978379 ], [ -74.861888, 10.978205 ], [ -74.862367, 10.978819 ], [ -74.863092, 10.979414 ], [ -74.863532, 10.979595 ], [ -74.863843, 10.97988 ], [ -74.862963, 10.980734 ], [ -74.862652, 10.98195 ], [ -74.863221, 10.983788 ], [ -74.862083, 10.984124 ], [ -74.862057, 10.984539 ], [ -74.86392, 10.984383 ], [ -74.864334, 10.98472 ], [ -74.863661, 10.985082 ], [ -74.860763, 10.985807 ], [ -74.860944, 10.986816 ], [ -74.859624, 10.98736 ], [ -74.85952, 10.989456 ], [ -74.858045, 10.990207 ], [ -74.858071, 10.991578 ], [ -74.8582, 10.991915 ], [ -74.858097, 10.994192 ], [ -74.858718, 10.994244 ], [ -74.859132, 10.991889 ], [ -74.859727, 10.991578 ], [ -74.85965, 10.99031 ], [ -74.85996, 10.990284 ], [ -74.860116, 10.991009 ], [ -74.861405, 10.99244 ], [ -74.861021, 10.992795 ], [ -74.859676, 10.993908 ], [ -74.858666, 10.995357 ], [ -74.855483, 10.994166 ], [ -74.855146, 10.995046 ], [ -74.856414, 10.996185 ], [ -74.858796, 10.998023 ], [ -74.859494, 10.997971 ], [ -74.862212, 10.998566 ], [ -74.864205, 10.999317 ], [ -74.864593, 10.996962 ], [ -74.864878, 10.994839 ], [ -74.864748, 10.993597 ], [ -74.86361, 10.993183 ], [ -74.863328, 10.992841 ], [ -74.864712, 10.991579 ], [ -74.865706, 10.991708 ], [ -74.867699, 10.991527 ], [ -74.869226, 10.99075 ], [ -74.869886, 10.989948 ], [ -74.870507, 10.990595 ], [ -74.870067, 10.991656 ], [ -74.869938, 10.993908 ], [ -74.868695, 10.994063 ], [ -74.868618, 10.997738 ], [ -74.869032, 10.998437 ], [ -74.869006, 10.999653 ], [ -74.868436, 11.000404 ], [ -74.867608, 11.000663 ], [ -74.866418, 11.000119 ], [ -74.865771, 11.000482 ], [ -74.866754, 11.001465 ], [ -74.867815, 11.002293 ], [ -74.869161, 11.003147 ], [ -74.870688, 11.002889 ], [ -74.872215, 11.003639 ], [ -74.873328, 11.00395 ], [ -74.874467, 11.002526 ], [ -74.879395, 11.005389 ], [ -74.876708, 11.009591 ], [ -74.876402, 11.010104 ], [ -74.876263, 11.010411 ], [ -74.876184, 11.010633 ], [ -74.876087, 11.011003 ], [ -74.876035, 11.011275 ], [ -74.876004, 11.011601 ], [ -74.875999, 11.0119 ], [ -74.876024, 11.012251 ], [ -74.876145, 11.012952 ], [ -74.875075, 11.013914 ], [ -74.873496, 11.014432 ], [ -74.873626, 11.017253 ], [ -74.872021, 11.017563 ], [ -74.871969, 11.014639 ], [ -74.87303, 11.014302 ], [ -74.873212, 11.013811 ], [ -74.872772, 11.013112 ], [ -74.874454, 11.011067 ], [ -74.871633, 11.008919 ], [ -74.871271, 11.00923 ], [ -74.871348, 11.011611 ], [ -74.868993, 11.014302 ], [ -74.867544, 11.014147 ], [ -74.868035, 11.012568 ], [ -74.867518, 11.011714 ], [ -74.867828, 11.010782 ], [ -74.867104, 11.010213 ], [ -74.866224, 11.010161 ], [ -74.865861, 11.009902 ], [ -74.866249, 11.008375 ], [ -74.864722, 11.006771 ], [ -74.865266, 11.00439 ], [ -74.863273, 11.00206 ], [ -74.861358, 11.000611 ], [ -74.85965, 11.000456 ], [ -74.858304, 11.004467 ], [ -74.858485, 11.005891 ], [ -74.855716, 11.008557 ], [ -74.854059, 11.007935 ], [ -74.853335, 11.008091 ], [ -74.85292, 11.006952 ], [ -74.851626, 11.00659 ], [ -74.851109, 11.003872 ], [ -74.849582, 11.003743 ], [ -74.848469, 11.003562 ], [ -74.846605, 11.002578 ], [ -74.845544, 11.003458 ], [ -74.845027, 11.002992 ], [ -74.845492, 11.001336 ], [ -74.845311, 11.000042 ], [ -74.844069, 10.99911 ], [ -74.844198, 10.998515 ], [ -74.846554, 10.998256 ], [ -74.848624, 10.997117 ], [ -74.849504, 10.996392 ], [ -74.850229, 10.995461 ], [ -74.852299, 10.995124 ], [ -74.853128, 10.994451 ], [ -74.854396, 10.992096 ], [ -74.855017, 10.991087 ], [ -74.855198, 10.990491 ], [ -74.855845, 10.988628 ], [ -74.855327, 10.987023 ], [ -74.85336, 10.987334 ], [ -74.852877, 10.987566 ], [ -74.852532, 10.98635 ] ] ] } },
{ "type": "Feature", "properties": { "NOMBRE": "N/A", "Area_Ha": 18587.50754312125 }, "geometry": { "type": "Polygon", "coordinates": [ [ [ -74.858718, 10.975765 ], [ -74.858407, 10.974419 ], [ -74.858407, 10.973332 ], [ -74.858951, 10.972633 ], [ -74.860297, 10.972969 ], [ -74.861203, 10.973849 ], [ -74.861798, 10.974522 ], [ -74.862574, 10.974885 ], [ -74.863065, 10.974967 ], [ -74.863247, 10.975558 ], [ -74.863351, 10.976101 ], [ -74.862859, 10.976464 ], [ -74.86185, 10.976955 ], [ -74.861539, 10.977758 ], [ -74.860711, 10.978068 ], [ -74.85996, 10.977835 ], [ -74.859261, 10.978016 ], [ -74.859029, 10.978922 ], [ -74.859287, 10.979492 ], [ -74.859417, 10.980139 ], [ -74.859132, 10.980812 ], [ -74.858666, 10.980967 ], [ -74.858123, 10.979983 ], [ -74.857864, 10.979233 ], [ -74.857967, 10.978456 ], [ -74.858511, 10.977059 ], [ -74.858718, 10.975765 ] ] ] } },
{ "type": "Feature", "properties": { "NOMBRE": "CONFLICTO MEDIO", "Area_Ha": 18587.50754312125 }, "geometry": { "type": "Polygon", "coordinates": [ [ [ -74.853826, 10.981536 ], [ -74.852636, 10.98076 ], [ -74.851652, 10.979725 ], [ -74.851342, 10.978689 ], [ -74.851756, 10.977266 ], [ -74.85349, 10.976541 ], [ -74.855198, 10.975428 ], [ -74.856052, 10.974962 ], [ -74.855767, 10.972711 ], [ -74.855405, 10.970925 ], [ -74.85481, 10.97033 ], [ -74.854137, 10.969941 ], [ -74.853852, 10.969191 ], [ -74.854266, 10.968803 ], [ -74.855146, 10.96901 ], [ -74.855716, 10.96932 ], [ -74.856104, 10.968777 ], [ -74.85644, 10.966525 ], [ -74.857113, 10.965541 ], [ -74.857036, 10.963911 ], [ -74.856311, 10.962979 ], [ -74.855871, 10.962177 ], [ -74.855431, 10.961219 ], [ -74.855405, 10.960339 ], [ -74.856156, 10.96021 ], [ -74.856958, 10.961504 ], [ -74.857657, 10.962953 ], [ -74.858459, 10.963782 ], [ -74.859029, 10.963756 ], [ -74.860271, 10.962229 ], [ -74.86084, 10.961866 ], [ -74.86185, 10.962047 ], [ -74.864127, 10.960106 ], [ -74.864541, 10.960469 ], [ -74.864179, 10.961633 ], [ -74.864231, 10.964946 ], [ -74.863868, 10.96945 ], [ -74.862963, 10.972452 ], [ -74.862833, 10.973254 ], [ -74.862652, 10.973642 ], [ -74.863065, 10.974967 ], [ -74.862574, 10.974885 ], [ -74.861798, 10.974522 ], [ -74.861203, 10.973849 ], [ -74.860297, 10.972969 ], [ -74.858951, 10.972633 ], [ -74.858407, 10.973332 ], [ -74.858407, 10.974419 ], [ -74.858718, 10.975765 ], [ -74.857864, 10.975532 ], [ -74.857553, 10.975661 ], [ -74.857631, 10.976231 ], [ -74.857864, 10.976903 ], [ -74.857709, 10.977913 ], [ -74.85732, 10.978741 ], [ -74.857269, 10.979595 ], [ -74.85745, 10.980708 ], [ -74.857346, 10.981873 ], [ -74.856906, 10.98252 ], [ -74.855742, 10.982727 ], [ -74.855405, 10.981976 ], [ -74.855043, 10.98032 ], [ -74.854499, 10.978689 ], [ -74.853619, 10.978534 ], [ -74.853542, 10.979285 ], [ -74.853593, 10.980346 ], [ -74.853826, 10.981536 ] ] ] } },
{ "type": "Feature", "properties": { "NOMBRE": "CONFLICTO MUY ALTO", "Area_Ha": 18587.50754312125 }, "geometry": { "type": "Polygon", "coordinates": [ [ [ -74.861668, 10.978379 ], [ -74.861358, 10.978793 ], [ -74.861332, 10.979776 ], [ -74.861358, 10.980682 ], [ -74.859883, 10.981381 ], [ -74.85877, 10.981743 ], [ -74.858666, 10.982753 ], [ -74.858718, 10.983917 ], [ -74.8582, 10.984228 ], [ -74.857993, 10.9834 ], [ -74.857967, 10.982416 ], [ -74.857346, 10.982779 ], [ -74.857036, 10.983788 ], [ -74.856, 10.984539 ], [ -74.855845, 10.985082 ], [ -74.855509, 10.985962 ], [ -74.85481, 10.985807 ], [ -74.854396, 10.984875 ], [ -74.852299, 10.983995 ], [ -74.851419, 10.983607 ], [ -74.851161, 10.982416 ], [ -74.85173, 10.981614 ], [ -74.852869, 10.981873 ], [ -74.853826, 10.981536 ], [ -74.853593, 10.980346 ], [ -74.853542, 10.979285 ], [ -74.853619, 10.978534 ], [ -74.854499, 10.978689 ], [ -74.855043, 10.98032 ], [ -74.855405, 10.981976 ], [ -74.855742, 10.982727 ], [ -74.856906, 10.98252 ], [ -74.857346, 10.981873 ], [ -74.85745, 10.980708 ], [ -74.857269, 10.979595 ], [ -74.85732, 10.978741 ], [ -74.857709, 10.977913 ], [ -74.857864, 10.976903 ], [ -74.857631, 10.976231 ], [ -74.857553, 10.975661 ], [ -74.857864, 10.975532 ], [ -74.858718, 10.975765 ], [ -74.858511, 10.977059 ], [ -74.857967, 10.978456 ], [ -74.857864, 10.979233 ], [ -74.858123, 10.979983 ], [ -74.858666, 10.980967 ], [ -74.859132, 10.980812 ], [ -74.859417, 10.980139 ], [ -74.859287, 10.979492 ], [ -74.859029, 10.978922 ], [ -74.859261, 10.978016 ], [ -74.85996, 10.977835 ], [ -74.860711, 10.978068 ], [ -74.861539, 10.977758 ], [ -74.86185, 10.976955 ], [ -74.862859, 10.976464 ], [ -74.863351, 10.976101 ], [ -74.863247, 10.975558 ], [ -74.862652, 10.973642 ], [ -74.862833, 10.973254 ], [ -74.864205, 10.973875 ], [ -74.866224, 10.975868 ], [ -74.867958, 10.9768 ], [ -74.868656, 10.977395 ], [ -74.869096, 10.978405 ], [ -74.871581, 10.979595 ], [ -74.869329, 10.984564 ], [ -74.867544, 10.984254 ], [ -74.867388, 10.985988 ], [ -74.868579, 10.986428 ], [ -74.867181, 10.988835 ], [ -74.865706, 10.990672 ], [ -74.862471, 10.993623 ], [ -74.860116, 10.991009 ], [ -74.85996, 10.990284 ], [ -74.85965, 10.99031 ], [ -74.859727, 10.991578 ], [ -74.859132, 10.991889 ], [ -74.858718, 10.994244 ], [ -74.858097, 10.994192 ], [ -74.8582, 10.991915 ], [ -74.858071, 10.991578 ], [ -74.858045, 10.990207 ], [ -74.85952, 10.989456 ], [ -74.859624, 10.98736 ], [ -74.860944, 10.986816 ], [ -74.860763, 10.985807 ], [ -74.863661, 10.985082 ], [ -74.864334, 10.98472 ], [ -74.86392, 10.984383 ], [ -74.862057, 10.984539 ], [ -74.862083, 10.984124 ], [ -74.863221, 10.983788 ], [ -74.862652, 10.98195 ], [ -74.862963, 10.980734 ], [ -74.863843, 10.97988 ], [ -74.864904, 10.979621 ], [ -74.86568, 10.979828 ], [ -74.866508, 10.979388 ], [ -74.867026, 10.97856 ], [ -74.866974, 10.977913 ], [ -74.866405, 10.977913 ], [ -74.865991, 10.977085 ], [ -74.865344, 10.976231 ], [ -74.864257, 10.97636 ], [ -74.861668, 10.978379 ] ] ] } },
{ "type": "Feature", "properties": { "NOMBRE": "N/A", "Area_Ha": 18587.50754312125 }, "geometry": { "type": "Polygon", "coordinates": [ [ [ -74.863843, 10.97988 ], [ -74.863532, 10.979595 ], [ -74.863092, 10.979414 ], [ -74.862367, 10.978819 ], [ -74.861888, 10.978205 ], [ -74.864257, 10.97636 ], [ -74.865344, 10.976231 ], [ -74.865991, 10.977085 ], [ -74.866405, 10.977913 ], [ -74.866974, 10.977913 ], [ -74.867026, 10.97856 ], [ -74.866508, 10.979388 ], [ -74.86568, 10.979828 ], [ -74.864904, 10.979621 ], [ -74.863843, 10.97988 ] ] ] } },
{ "type": "Feature", "properties": { "NOMBRE": "CONFLICTO MUY ALTO", "Area_Ha": 18587.50754312125 }, "geometry": { "type": "Polygon", "coordinates": [ [ [ -74.864541, 10.960469 ], [ -74.866146, 10.959382 ], [ -74.867414, 10.959356 ], [ -74.867569, 10.959951 ], [ -74.86612, 10.96096 ], [ -74.865033, 10.962047 ], [ -74.864197, 10.962769 ], [ -74.864179, 10.961633 ], [ -74.864541, 10.960469 ] ] ] } },
{ "type": "Feature", "properties": { "NOMBRE": "CONFLICTO MEDIO", "Area_Ha": 18587.50754312125 }, "geometry": { "type": "Polygon", "coordinates": [ [ [ -74.828304, 10.899343 ], [ -74.828644, 10.899595 ], [ -74.829368, 10.899595 ], [ -74.830688, 10.899 ], [ -74.831594, 10.897628 ], [ -74.832578, 10.896515 ], [ -74.83426, 10.896127 ], [ -74.83545, 10.896489 ], [ -74.836149, 10.897136 ], [ -74.836201, 10.897758 ], [ -74.834053, 10.897525 ], [ -74.833665, 10.901148 ], [ -74.831491, 10.901925 ], [ -74.829938, 10.900605 ], [ -74.828773, 10.901252 ], [ -74.828592, 10.902132 ], [ -74.829032, 10.902494 ], [ -74.828592, 10.903477 ], [ -74.827324, 10.903581 ], [ -74.827117, 10.902905 ], [ -74.828304, 10.899343 ] ] ] } },
{ "type": "Feature", "properties": { "NOMBRE": "CONFLICTO MEDIO", "Area_Ha": 18587.50754312125 }, "geometry": { "type": "Polygon", "coordinates": [ [ [ -74.826077, 10.905786 ], [ -74.826495, 10.906143 ], [ -74.828359, 10.904487 ], [ -74.829187, 10.904099 ], [ -74.830352, 10.90428 ], [ -74.831154, 10.90459 ], [ -74.830688, 10.905289 ], [ -74.829653, 10.905703 ], [ -74.828462, 10.906557 ], [ -74.827738, 10.907515 ], [ -74.826418, 10.90767 ], [ -74.825615, 10.907826 ], [ -74.825362, 10.907751 ], [ -74.826077, 10.905786 ] ] ] } },
{ "type": "Feature", "properties": { "NOMBRE": "CONFLICTO MUY ALTO", "Area_Ha": 18587.50754312125 }, "geometry": { "type": "Polygon", "coordinates": [ [ [ -74.831154, 10.90459 ], [ -74.831581, 10.904953 ], [ -74.831607, 10.905884 ], [ -74.830287, 10.907101 ], [ -74.828708, 10.908317 ], [ -74.827802, 10.909094 ], [ -74.826897, 10.909896 ], [ -74.825137, 10.909611 ], [ -74.82475, 10.909377 ], [ -74.824868, 10.90911 ], [ -74.825362, 10.907751 ], [ -74.825615, 10.907826 ], [ -74.826418, 10.90767 ], [ -74.827738, 10.907515 ], [ -74.828462, 10.906557 ], [ -74.829653, 10.905703 ], [ -74.830688, 10.905289 ], [ -74.831154, 10.90459 ] ] ] } },
{ "type": "Feature", "properties": { "NOMBRE": "CONFLICTO MEDIO", "Area_Ha": 18587.50754312125 }, "geometry": { "type": "Polygon", "coordinates": [ [ [ -74.828083, 10.908853 ], [ -74.828346, 10.909482 ], [ -74.828268, 10.910957 ], [ -74.827311, 10.912432 ], [ -74.826974, 10.913287 ], [ -74.826198, 10.913571 ], [ -74.824438, 10.912665 ], [ -74.823643, 10.911888 ], [ -74.82475, 10.909377 ], [ -74.825137, 10.909611 ], [ -74.826897, 10.909896 ], [ -74.828083, 10.908853 ] ] ] } },
{ "type": "Feature", "properties": { "NOMBRE": "N/A", "Area_Ha": 18587.50754312125 }, "geometry": { "type": "Polygon", "coordinates": [ [ [ -74.828935, 10.908143 ], [ -74.829355, 10.908447 ], [ -74.830002, 10.90868 ], [ -74.830158, 10.910077 ], [ -74.831918, 10.911527 ], [ -74.833496, 10.91251 ], [ -74.83316, 10.913623 ], [ -74.832435, 10.914762 ], [ -74.83184, 10.915021 ], [ -74.831063, 10.915254 ], [ -74.828682, 10.914529 ], [ -74.827155, 10.913882 ], [ -74.826198, 10.913571 ], [ -74.826974, 10.913287 ], [ -74.827311, 10.912432 ], [ -74.828268, 10.910957 ], [ -74.828346, 10.909482 ], [ -74.828083, 10.908853 ], [ -74.828708, 10.908317 ], [ -74.828935, 10.908143 ] ] ] } },
{ "type": "Feature", "properties": { "NOMBRE": "CONFLICTO MEDIO", "Area_Ha": 18587.50754312125 }, "geometry": { "type": "Polygon", "coordinates": [ [ [ -74.830536, 10.906872 ], [ -74.831236, 10.90736 ], [ -74.833324, 10.907377 ], [ -74.834169, 10.907808 ], [ -74.834877, 10.90824 ], [ -74.836085, 10.908343 ], [ -74.837137, 10.908826 ], [ -74.837965, 10.909154 ], [ -74.83888, 10.908947 ], [ -74.840157, 10.908706 ], [ -74.840847, 10.908861 ], [ -74.840553, 10.909465 ], [ -74.840191, 10.91012 ], [ -74.840312, 10.911104 ], [ -74.841106, 10.91119 ], [ -74.841761, 10.91176 ], [ -74.840036, 10.91314 ], [ -74.837931, 10.912432 ], [ -74.836706, 10.91264 ], [ -74.836499, 10.913502 ], [ -74.83643, 10.914123 ], [ -74.835446, 10.9149 ], [ -74.834135, 10.915418 ], [ -74.833514, 10.915573 ], [ -74.833169, 10.915849 ], [ -74.831063, 10.915254 ], [ -74.83184, 10.915021 ], [ -74.832435, 10.914762 ], [ -74.83316, 10.913623 ], [ -74.833496, 10.91251 ], [ -74.831918, 10.911527 ], [ -74.830158, 10.910077 ], [ -74.830002, 10.90868 ], [ -74.829355, 10.908447 ], [ -74.828935, 10.908143 ], [ -74.830287, 10.907101 ], [ -74.830536, 10.906872 ] ] ] } },
{ "type": "Feature", "properties": { "NOMBRE": "CONFLICTO ALTO", "Area_Ha": 18587.50754312125 }, "geometry": { "type": "Polygon", "coordinates": [ [ [ -74.840346, 10.912881 ], [ -74.840467, 10.913865 ], [ -74.841675, 10.915141 ], [ -74.841813, 10.917177 ], [ -74.840778, 10.918282 ], [ -74.839156, 10.918661 ], [ -74.838259, 10.919213 ], [ -74.837706, 10.920283 ], [ -74.83567, 10.918765 ], [ -74.835325, 10.918213 ], [ -74.833807, 10.917833 ], [ -74.833169, 10.915849 ], [ -74.833514, 10.915573 ], [ -74.834135, 10.915418 ], [ -74.835446, 10.9149 ], [ -74.83643, 10.914123 ], [ -74.836499, 10.913502 ], [ -74.836706, 10.91264 ], [ -74.837931, 10.912432 ], [ -74.840036, 10.91314 ], [ -74.840346, 10.912881 ] ] ] } },
{ "type": "Feature", "properties": { "NOMBRE": "N/A", "Area_Ha": 18587.50754312125 }, "geometry": { "type": "Polygon", "coordinates": [ [ [ -74.888669, 10.872335 ], [ -74.89123, 10.87311 ], [ -74.890436, 10.875111 ], [ -74.89016, 10.877389 ], [ -74.890677, 10.87801 ], [ -74.891575, 10.878666 ], [ -74.891195, 10.880219 ], [ -74.890429, 10.881187 ], [ -74.889265, 10.880592 ], [ -74.888747, 10.880255 ], [ -74.8881, 10.878884 ], [ -74.887764, 10.876269 ], [ -74.887893, 10.874147 ], [ -74.888669, 10.872335 ] ] ] } },
{ "type": "Feature", "properties": { "NOMBRE": "CONFLICTO MUY ALTO", "Area_Ha": 18587.50754312125 }, "geometry": { "type": "Polygon", "coordinates": [ [ [ -74.849931, 10.909396 ], [ -74.850293, 10.910189 ], [ -74.850069, 10.910949 ], [ -74.849224, 10.911104 ], [ -74.848171, 10.911052 ], [ -74.847308, 10.910828 ], [ -74.846843, 10.910535 ], [ -74.846146, 10.909813 ], [ -74.846946, 10.909482 ], [ -74.849034, 10.909344 ], [ -74.849931, 10.909396 ] ] ] } },
{ "type": "Feature", "properties": { "NOMBRE": "CONFLICTO MEDIO", "Area_Ha": 18587.50754312125 }, "geometry": { "type": "Polygon", "coordinates": [ [ [ -74.908329, 10.875577 ], [ -74.906681, 10.877009 ], [ -74.906215, 10.877596 ], [ -74.905766, 10.878286 ], [ -74.905438, 10.878631 ], [ -74.904886, 10.878907 ], [ -74.90442, 10.878666 ], [ -74.905111, 10.877889 ], [ -74.904817, 10.877027 ], [ -74.904058, 10.876906 ], [ -74.902799, 10.877027 ], [ -74.901677, 10.876733 ], [ -74.900832, 10.876319 ], [ -74.900659, 10.875922 ], [ -74.90197, 10.876198 ], [ -74.903161, 10.876423 ], [ -74.904265, 10.876371 ], [ -74.904541, 10.875853 ], [ -74.904714, 10.875008 ], [ -74.904024, 10.874594 ], [ -74.903489, 10.874111 ], [ -74.903903, 10.873645 ], [ -74.904593, 10.873662 ], [ -74.905093, 10.87342 ], [ -74.904973, 10.872851 ], [ -74.904144, 10.872782 ], [ -74.903385, 10.872782 ], [ -74.90285, 10.872678 ], [ -74.902902, 10.872264 ], [ -74.903765, 10.871919 ], [ -74.904731, 10.871919 ], [ -74.905577, 10.872161 ], [ -74.905956, 10.872247 ], [ -74.906534, 10.872092 ], [ -74.90681, 10.872782 ], [ -74.908018, 10.87254 ], [ -74.908225, 10.873093 ], [ -74.908122, 10.87361 ], [ -74.907707, 10.874956 ], [ -74.908329, 10.875577 ] ] ] } },
{ "type": "Feature", "properties": { "NOMBRE": "CONFLICTO MEDIO", "Area_Ha": 18587.50754312125 }, "geometry": { "type": "Polygon", "coordinates": [ [ [ -74.891575, 10.878666 ], [ -74.891583, 10.87732 ], [ -74.892964, 10.877044 ], [ -74.89424, 10.877423 ], [ -74.89569, 10.877976 ], [ -74.898312, 10.878562 ], [ -74.901349, 10.880184 ], [ -74.901453, 10.881185 ], [ -74.900314, 10.881564 ], [ -74.899831, 10.881979 ], [ -74.899253, 10.882651 ], [ -74.897803, 10.883411 ], [ -74.897596, 10.884653 ], [ -74.897665, 10.885964 ], [ -74.896872, 10.886275 ], [ -74.896699, 10.885412 ], [ -74.895733, 10.885067 ], [ -74.894422, 10.885033 ], [ -74.893524, 10.884256 ], [ -74.893093, 10.883462 ], [ -74.893869, 10.882824 ], [ -74.894094, 10.88191 ], [ -74.893317, 10.881651 ], [ -74.892903, 10.881306 ], [ -74.892489, 10.880581 ], [ -74.892092, 10.880702 ], [ -74.891764, 10.88153 ], [ -74.891713, 10.883066 ], [ -74.891419, 10.883911 ], [ -74.890574, 10.883894 ], [ -74.890246, 10.883152 ], [ -74.89047, 10.88203 ], [ -74.890429, 10.881187 ], [ -74.891195, 10.880219 ], [ -74.891575, 10.878666 ] ] ] } },
{ "type": "Feature", "properties": { "NOMBRE": "CONFLICTO MEDIO", "Area_Ha": 18587.50754312125 }, "geometry": { "type": "Polygon", "coordinates": [ [ [ -74.904912, 10.867744 ], [ -74.902712, 10.86745 ], [ -74.902833, 10.866277 ], [ -74.9048, 10.866381 ], [ -74.904912, 10.867744 ] ] ] } },
{ "type": "Feature", "properties": { "NOMBRE": "CONFLICTO MUY ALTO", "Area_Ha": 18587.50754312125 }, "geometry": { "type": "Polygon", "coordinates": [ [ [ -74.891203, 10.873176 ], [ -74.891613, 10.873057 ], [ -74.892222, 10.87262 ], [ -74.892103, 10.871363 ], [ -74.891911, 10.871108 ], [ -74.89248, 10.870832 ], [ -74.892394, 10.869883 ], [ -74.892739, 10.86921 ], [ -74.893481, 10.86921 ], [ -74.894171, 10.870177 ], [ -74.893999, 10.871195 ], [ -74.893464, 10.871384 ], [ -74.892826, 10.87185 ], [ -74.892705, 10.872954 ], [ -74.892774, 10.873593 ], [ -74.893127, 10.873706 ], [ -74.892981, 10.874594 ], [ -74.89217, 10.874576 ], [ -74.891514, 10.875474 ], [ -74.891255, 10.876147 ], [ -74.891169, 10.876975 ], [ -74.891376, 10.877199 ], [ -74.891583, 10.87732 ], [ -74.891575, 10.878666 ], [ -74.890677, 10.87801 ], [ -74.89016, 10.877389 ], [ -74.890436, 10.875111 ], [ -74.891203, 10.873176 ] ] ] } },
{ "type": "Feature", "properties": { "NOMBRE": "N/A", "Area_Ha": 18587.50754312125 }, "geometry": { "type": "Polygon", "coordinates": [ [ [ -74.904854, 10.877134 ], [ -74.904265, 10.877699 ], [ -74.902799, 10.878407 ], [ -74.901194, 10.878562 ], [ -74.900383, 10.878303 ], [ -74.900866, 10.877803 ], [ -74.902264, 10.877475 ], [ -74.902799, 10.877027 ], [ -74.904058, 10.876906 ], [ -74.904817, 10.877027 ], [ -74.904854, 10.877134 ] ] ] } },
{ "type": "Feature", "properties": { "NOMBRE": "N/A", "Area_Ha": 18587.50754312125 }, "geometry": { "type": "Polygon", "coordinates": [ [ [ -74.903855, 10.874441 ], [ -74.903402, 10.874611 ], [ -74.902609, 10.875077 ], [ -74.901832, 10.874421 ], [ -74.901315, 10.87418 ], [ -74.90097, 10.873576 ], [ -74.900486, 10.873524 ], [ -74.900625, 10.874249 ], [ -74.900642, 10.874801 ], [ -74.900021, 10.874645 ], [ -74.899624, 10.874007 ], [ -74.899538, 10.873369 ], [ -74.899727, 10.872644 ], [ -74.900538, 10.872782 ], [ -74.901677, 10.872903 ], [ -74.902212, 10.872782 ], [ -74.902333, 10.872402 ], [ -74.902039, 10.871902 ], [ -74.901487, 10.871436 ], [ -74.901263, 10.871712 ], [ -74.900676, 10.871712 ], [ -74.899607, 10.87097 ], [ -74.899779, 10.870177 ], [ -74.900745, 10.870625 ], [ -74.90147, 10.870504 ], [ -74.90197, 10.8694 ], [ -74.902919, 10.868848 ], [ -74.903765, 10.868727 ], [ -74.904196, 10.869159 ], [ -74.903489, 10.869831 ], [ -74.902937, 10.870453 ], [ -74.902781, 10.870987 ], [ -74.90342, 10.87097 ], [ -74.904213, 10.870677 ], [ -74.904783, 10.870401 ], [ -74.905197, 10.870642 ], [ -74.905093, 10.871333 ], [ -74.904731, 10.871919 ], [ -74.903765, 10.871919 ], [ -74.902902, 10.872264 ], [ -74.90285, 10.872678 ], [ -74.903385, 10.872782 ], [ -74.904144, 10.872782 ], [ -74.904973, 10.872851 ], [ -74.905093, 10.87342 ], [ -74.904593, 10.873662 ], [ -74.903903, 10.873645 ], [ -74.903489, 10.874111 ], [ -74.903855, 10.874441 ] ] ] } },
{ "type": "Feature", "properties": { "NOMBRE": "CONFLICTO MUY ALTO", "Area_Ha": 18587.50754312125 }, "geometry": { "type": "Polygon", "coordinates": [ [ [ -74.904731, 10.871919 ], [ -74.905093, 10.871333 ], [ -74.905197, 10.870642 ], [ -74.904783, 10.870401 ], [ -74.904213, 10.870677 ], [ -74.90342, 10.87097 ], [ -74.902781, 10.870987 ], [ -74.902937, 10.870453 ], [ -74.903489, 10.869831 ], [ -74.904196, 10.869159 ], [ -74.903765, 10.868727 ], [ -74.902919, 10.868848 ], [ -74.90197, 10.8694 ], [ -74.90147, 10.870504 ], [ -74.900745, 10.870625 ], [ -74.899779, 10.870177 ], [ -74.899607, 10.87097 ], [ -74.900676, 10.871712 ], [ -74.901263, 10.871712 ], [ -74.901487, 10.871436 ], [ -74.902039, 10.871902 ], [ -74.902333, 10.872402 ], [ -74.902212, 10.872782 ], [ -74.901677, 10.872903 ], [ -74.900538, 10.872782 ], [ -74.899727, 10.872644 ], [ -74.899538, 10.873369 ], [ -74.899624, 10.874007 ], [ -74.900021, 10.874645 ], [ -74.900642, 10.874801 ], [ -74.900625, 10.874249 ], [ -74.900486, 10.873524 ], [ -74.90097, 10.873576 ], [ -74.901315, 10.87418 ], [ -74.901832, 10.874421 ], [ -74.902609, 10.875077 ], [ -74.903402, 10.874611 ], [ -74.903855, 10.874441 ], [ -74.904024, 10.874594 ], [ -74.904714, 10.875008 ], [ -74.904541, 10.875853 ], [ -74.904265, 10.876371 ], [ -74.903161, 10.876423 ], [ -74.90197, 10.876198 ], [ -74.900659, 10.875922 ], [ -74.900832, 10.876319 ], [ -74.901677, 10.876733 ], [ -74.902799, 10.877027 ], [ -74.902264, 10.877475 ], [ -74.900866, 10.877803 ], [ -74.900383, 10.878303 ], [ -74.901194, 10.878562 ], [ -74.902799, 10.878407 ], [ -74.904265, 10.877699 ], [ -74.904854, 10.877134 ], [ -74.905111, 10.877889 ], [ -74.90442, 10.878666 ], [ -74.904886, 10.878907 ], [ -74.905438, 10.878631 ], [ -74.905766, 10.878286 ], [ -74.906215, 10.877596 ], [ -74.906681, 10.877009 ], [ -74.908329, 10.875577 ], [ -74.909295, 10.875232 ], [ -74.911262, 10.875577 ], [ -74.911158, 10.876267 ], [ -74.909226, 10.876474 ], [ -74.909088, 10.876819 ], [ -74.911124, 10.877958 ], [ -74.910848, 10.878614 ], [ -74.909709, 10.878407 ], [ -74.908605, 10.878131 ], [ -74.908087, 10.878545 ], [ -74.906948, 10.878994 ], [ -74.905602, 10.878994 ], [ -74.905361, 10.879891 ], [ -74.905948, 10.880615 ], [ -74.907397, 10.881651 ], [ -74.907535, 10.882651 ], [ -74.906603, 10.882997 ], [ -74.905257, 10.883687 ], [ -74.904084, 10.883135 ], [ -74.902738, 10.883307 ], [ -74.901427, 10.883307 ], [ -74.900219, 10.882789 ], [ -74.899253, 10.882651 ], [ -74.899831, 10.881979 ], [ -74.900314, 10.881564 ], [ -74.901453, 10.881185 ], [ -74.901349, 10.880184 ], [ -74.898312, 10.878562 ], [ -74.89569, 10.877976 ], [ -74.89424, 10.877423 ], [ -74.893987, 10.877348 ], [ -74.894396, 10.877044 ], [ -74.894724, 10.876733 ], [ -74.895258, 10.876112 ], [ -74.895172, 10.875284 ], [ -74.893775, 10.874835 ], [ -74.893889, 10.873948 ], [ -74.893964, 10.873972 ], [ -74.895155, 10.874024 ], [ -74.895569, 10.87342 ], [ -74.896156, 10.873369 ], [ -74.896138, 10.874714 ], [ -74.897018, 10.874507 ], [ -74.897105, 10.873455 ], [ -74.897087, 10.872213 ], [ -74.897864, 10.871781 ], [ -74.89795, 10.870918 ], [ -74.897208, 10.870642 ], [ -74.897381, 10.869814 ], [ -74.898589, 10.870021 ], [ -74.899658, 10.869124 ], [ -74.899883, 10.868744 ], [ -74.899451, 10.868572 ], [ -74.897829, 10.868399 ], [ -74.896328, 10.867916 ], [ -74.896069, 10.867174 ], [ -74.897586, 10.865826 ], [ -74.897728, 10.866422 ], [ -74.898414, 10.866659 ], [ -74.898381, 10.867019 ], [ -74.898537, 10.867709 ], [ -74.900107, 10.867864 ], [ -74.900383, 10.867744 ], [ -74.902712, 10.86745 ], [ -74.904912, 10.867744 ], [ -74.906086, 10.867847 ], [ -74.906396, 10.868503 ], [ -74.907293, 10.868848 ], [ -74.907845, 10.869089 ], [ -74.907845, 10.869538 ], [ -74.90681, 10.870642 ], [ -74.906534, 10.872092 ], [ -74.905956, 10.872247 ], [ -74.905577, 10.872161 ], [ -74.904731, 10.871919 ] ], [ [ -74.897605, 10.873593 ], [ -74.89764, 10.87556 ], [ -74.897329, 10.876026 ], [ -74.896915, 10.87606 ], [ -74.89638, 10.876474 ], [ -74.896863, 10.877475 ], [ -74.897312, 10.877579 ], [ -74.897398, 10.876975 ], [ -74.897674, 10.876526 ], [ -74.898243, 10.876198 ], [ -74.898658, 10.875698 ], [ -74.898399, 10.874939 ], [ -74.898105, 10.873662 ], [ -74.897605, 10.873593 ] ] ] } },
{ "type": "Feature", "properties": { "NOMBRE": "N/A", "Area_Ha": 18587.50754312125 }, "geometry": { "type": "Polygon", "coordinates": [ [ [ -74.897605, 10.873593 ], [ -74.898105, 10.873662 ], [ -74.898399, 10.874939 ], [ -74.898658, 10.875698 ], [ -74.898243, 10.876198 ], [ -74.897674, 10.876526 ], [ -74.897398, 10.876975 ], [ -74.897312, 10.877579 ], [ -74.896863, 10.877475 ], [ -74.89638, 10.876474 ], [ -74.896915, 10.87606 ], [ -74.897329, 10.876026 ], [ -74.89764, 10.87556 ], [ -74.897605, 10.873593 ] ] ] } },
{ "type": "Feature", "properties": { "NOMBRE": "CONFLICTO MUY ALTO", "Area_Ha": 18587.50754312125 }, "geometry": { "type": "Polygon", "coordinates": [ [ [ -74.8583, 10.91157 ], [ -74.858834, 10.911949 ], [ -74.858869, 10.913054 ], [ -74.858472, 10.913813 ], [ -74.857575, 10.91402 ], [ -74.857195, 10.914123 ], [ -74.857109, 10.915418 ], [ -74.856005, 10.91559 ], [ -74.856005, 10.91628 ], [ -74.855125, 10.91628 ], [ -74.854987, 10.915901 ], [ -74.855332, 10.91559 ], [ -74.855418, 10.914814 ], [ -74.854521, 10.914865 ], [ -74.853589, 10.914572 ], [ -74.853227, 10.913899 ], [ -74.853296, 10.913416 ], [ -74.853296, 10.912967 ], [ -74.853572, 10.913381 ], [ -74.854745, 10.913399 ], [ -74.855573, 10.912829 ], [ -74.855539, 10.912191 ], [ -74.856643, 10.91119 ], [ -74.857575, 10.911225 ], [ -74.8583, 10.91157 ] ] ] } },
{ "type": "Feature", "properties": { "NOMBRE": "CONFLICTO MEDIO", "Area_Ha": 18587.50754312125 }, "geometry": { "type": "Polygon", "coordinates": [ [ [ -74.858996, 10.909488 ], [ -74.859887, 10.90962 ], [ -74.861043, 10.910207 ], [ -74.860663, 10.911708 ], [ -74.86018, 10.912484 ], [ -74.858869, 10.913054 ], [ -74.858834, 10.911949 ], [ -74.8583, 10.91157 ], [ -74.859024, 10.911104 ], [ -74.859231, 10.910517 ], [ -74.858627, 10.909913 ], [ -74.857935, 10.909463 ], [ -74.858996, 10.909488 ] ] ] } },
{ "type": "Feature", "properties": { "NOMBRE": "CONFLICTO MEDIO", "Area_Ha": 18587.50754312125 }, "geometry": { "type": "Polygon", "coordinates": [ [ [ -74.856005, 10.91628 ], [ -74.856384, 10.916936 ], [ -74.856471, 10.917471 ], [ -74.857195, 10.917505 ], [ -74.857678, 10.91861 ], [ -74.858869, 10.918817 ], [ -74.859766, 10.918437 ], [ -74.86144, 10.917385 ], [ -74.862406, 10.916177 ], [ -74.863873, 10.914917 ], [ -74.864925, 10.914779 ], [ -74.865236, 10.915659 ], [ -74.865098, 10.916401 ], [ -74.864459, 10.91697 ], [ -74.864132, 10.916988 ], [ -74.863597, 10.916729 ], [ -74.863044, 10.916608 ], [ -74.862596, 10.916729 ], [ -74.861992, 10.917436 ], [ -74.861526, 10.918316 ], [ -74.860249, 10.919058 ], [ -74.859714, 10.919455 ], [ -74.859697, 10.9203 ], [ -74.859645, 10.921301 ], [ -74.858679, 10.921491 ], [ -74.854987, 10.921422 ], [ -74.854745, 10.920352 ], [ -74.853986, 10.920145 ], [ -74.853889, 10.918695 ], [ -74.854814, 10.918799 ], [ -74.855349, 10.918661 ], [ -74.854969, 10.917781 ], [ -74.854227, 10.917488 ], [ -74.853986, 10.91716 ], [ -74.85314, 10.917039 ], [ -74.852968, 10.915435 ], [ -74.852312, 10.915228 ], [ -74.851898, 10.914192 ], [ -74.850518, 10.913451 ], [ -74.849862, 10.912898 ], [ -74.84893, 10.914175 ], [ -74.848344, 10.914382 ], [ -74.847619, 10.914003 ], [ -74.847654, 10.913278 ], [ -74.846756, 10.911484 ], [ -74.845652, 10.910759 ], [ -74.845652, 10.910017 ], [ -74.846146, 10.909813 ], [ -74.846843, 10.910535 ], [ -74.847308, 10.910828 ], [ -74.848171, 10.911052 ], [ -74.849224, 10.911104 ], [ -74.850069, 10.910949 ], [ -74.850293, 10.910189 ], [ -74.849931, 10.909396 ], [ -74.850501, 10.908792 ], [ -74.852002, 10.908326 ], [ -74.852744, 10.90874 ], [ -74.853365, 10.910431 ], [ -74.853261, 10.91138 ], [ -74.853192, 10.912277 ], [ -74.853296, 10.912967 ], [ -74.853296, 10.913416 ], [ -74.853227, 10.913899 ], [ -74.853589, 10.914572 ], [ -74.854521, 10.914865 ], [ -74.855418, 10.914814 ], [ -74.855332, 10.91559 ], [ -74.854987, 10.915901 ], [ -74.855125, 10.91628 ], [ -74.856005, 10.91628 ] ] ] } },
{ "type": "Feature", "properties": { "NOMBRE": "CONFLICTO MEDIO", "Area_Ha": 18587.50754312125 }, "geometry": { "type": "Polygon", "coordinates": [ [ [ -74.841131, 10.90472 ], [ -74.840424, 10.904823 ], [ -74.839958, 10.904081 ], [ -74.839906, 10.902339 ], [ -74.840493, 10.901493 ], [ -74.841115, 10.90132 ], [ -74.841097, 10.901804 ], [ -74.841131, 10.90472 ] ] ] } },
{ "type": "Feature", "properties": { "NOMBRE": "CONFLICTO MEDIO", "Area_Ha": 18587.50754312125 }, "geometry": { "type": "Polygon", "coordinates": [ [ [ -74.841269, 10.90786 ], [ -74.841597, 10.907411 ], [ -74.842132, 10.906428 ], [ -74.842446, 10.905667 ], [ -74.842667, 10.905772 ], [ -74.844893, 10.905876 ], [ -74.84353, 10.908775 ], [ -74.841269, 10.90786 ] ] ] } },
{ "type": "Feature", "properties": { "NOMBRE": "CONFLICTO MEDIO", "Area_Ha": 18587.50754312125 }, "geometry": { "type": "Polygon", "coordinates": [ [ [ -74.837905, 10.900941 ], [ -74.839164, 10.904288 ], [ -74.836197, 10.904357 ], [ -74.836214, 10.9012 ], [ -74.837905, 10.900941 ] ] ] } },
{ "type": "Feature", "properties": { "NOMBRE": "CONFLICTO MUY ALTO", "Area_Ha": 18587.50754312125 }, "geometry": { "type": "MultiPolygon", "coordinates": [ [ [ [ -74.829032, 10.902494 ], [ -74.829381, 10.902623 ], [ -74.829756, 10.903361 ], [ -74.829821, 10.903956 ], [ -74.830352, 10.90428 ], [ -74.829187, 10.904099 ], [ -74.828359, 10.904487 ], [ -74.826495, 10.906143 ], [ -74.826077, 10.905786 ], [ -74.827117, 10.902905 ], [ -74.827324, 10.903581 ], [ -74.828592, 10.903477 ], [ -74.829032, 10.902494 ] ] ], [ [ [ -74.841115, 10.90132 ], [ -74.840493, 10.901493 ], [ -74.839906, 10.902339 ], [ -74.839958, 10.904081 ], [ -74.840424, 10.904823 ], [ -74.841131, 10.90472 ], [ -74.841873, 10.905393 ], [ -74.842446, 10.905667 ], [ -74.842132, 10.906428 ], [ -74.841597, 10.907411 ], [ -74.841269, 10.90786 ], [ -74.839423, 10.907377 ], [ -74.837629, 10.905289 ], [ -74.836197, 10.904357 ], [ -74.839164, 10.904288 ], [ -74.837905, 10.900941 ], [ -74.838716, 10.900061 ], [ -74.839975, 10.899388 ], [ -74.841166, 10.899958 ], [ -74.841115, 10.90132 ] ] ] ] } },
{ "type": "Feature", "properties": { "NOMBRE": "CONFLICTO MUY ALTO", "Area_Ha": 18587.50754312125 }, "geometry": { "type": "Polygon", "coordinates": [ [ [ -74.849724, 10.900303 ], [ -74.84931, 10.901959 ], [ -74.84667, 10.901165 ], [ -74.847032, 10.899526 ], [ -74.848016, 10.899647 ], [ -74.849724, 10.900303 ] ] ] } },
{ "type": "Feature", "properties": { "NOMBRE": "CONFLICTO ALTO", "Area_Ha": 18587.50754312125 }, "geometry": { "type": "Polygon", "coordinates": [ [ [ -74.843064, 10.921888 ], [ -74.843685, 10.922561 ], [ -74.844185, 10.924873 ], [ -74.843564, 10.92508 ], [ -74.840562, 10.925097 ], [ -74.839371, 10.924666 ], [ -74.840165, 10.921457 ], [ -74.841442, 10.92175 ], [ -74.843064, 10.921888 ] ] ] } },
{ "type": "Feature", "properties": { "NOMBRE": "CONFLICTO ALTO", "Area_Ha": 18587.50754312125 }, "geometry": { "type": "Polygon", "coordinates": [ [ [ -74.84912, 10.918765 ], [ -74.850224, 10.918765 ], [ -74.851398, 10.919938 ], [ -74.853365, 10.92156 ], [ -74.853399, 10.924735 ], [ -74.851363, 10.925045 ], [ -74.85126, 10.922078 ], [ -74.848948, 10.922285 ], [ -74.84843, 10.924804 ], [ -74.845842, 10.924959 ], [ -74.845669, 10.923613 ], [ -74.846825, 10.923579 ], [ -74.847136, 10.92244 ], [ -74.846221, 10.922095 ], [ -74.846101, 10.921336 ], [ -74.846446, 10.919938 ], [ -74.846739, 10.918886 ], [ -74.84912, 10.918765 ] ] ] } },
{ "type": "Feature", "properties": { "NOMBRE": "CONFLICTO MEDIO", "Area_Ha": 18587.50754312125 }, "geometry": { "type": "Polygon", "coordinates": [ [ [ -74.845842, 10.924959 ], [ -74.844185, 10.924873 ], [ -74.843685, 10.922561 ], [ -74.843064, 10.921888 ], [ -74.843754, 10.920128 ], [ -74.846446, 10.919938 ], [ -74.846101, 10.921336 ], [ -74.846221, 10.922095 ], [ -74.847136, 10.92244 ], [ -74.846825, 10.923579 ], [ -74.845669, 10.923613 ], [ -74.845842, 10.924959 ] ] ] } },
{ "type": "Feature", "properties": { "NOMBRE": "CONFLICTO MEDIO", "Area_Ha": 18587.50754312125 }, "geometry": { "type": "Polygon", "coordinates": [ [ [ -74.852985, 10.918592 ], [ -74.850224, 10.918765 ], [ -74.84912, 10.918765 ], [ -74.849275, 10.915883 ], [ -74.849155, 10.915314 ], [ -74.849914, 10.915021 ], [ -74.851001, 10.915107 ], [ -74.851915, 10.915849 ], [ -74.851933, 10.916332 ], [ -74.851553, 10.916384 ], [ -74.851467, 10.917039 ], [ -74.852778, 10.917057 ], [ -74.852985, 10.918592 ] ] ] } },
{ "type": "Feature", "properties": { "NOMBRE": "CONFLICTO MUY ALTO", "Area_Ha": 18587.50754312125 }, "geometry": { "type": "Polygon", "coordinates": [ [ [ -74.850224, 10.918765 ], [ -74.852985, 10.918592 ], [ -74.853889, 10.918695 ], [ -74.853986, 10.920145 ], [ -74.854745, 10.920352 ], [ -74.854987, 10.921422 ], [ -74.858679, 10.921491 ], [ -74.858161, 10.924976 ], [ -74.856022, 10.923493 ], [ -74.853399, 10.924735 ], [ -74.853365, 10.92156 ], [ -74.851398, 10.919938 ], [ -74.850224, 10.918765 ] ] ] } },
{ "type": "Feature", "properties": { "NOMBRE": "CONFLICTO MUY ALTO", "Area_Ha": 18587.50754312125 }, "geometry": { "type": "Polygon", "coordinates": [ [ [ -74.889116, 10.918799 ], [ -74.888667, 10.918109 ], [ -74.888771, 10.917454 ], [ -74.890048, 10.917108 ], [ -74.889841, 10.915556 ], [ -74.888909, 10.915521 ], [ -74.88884, 10.916246 ], [ -74.888115, 10.91597 ], [ -74.887528, 10.915279 ], [ -74.885976, 10.915176 ], [ -74.885389, 10.913727 ], [ -74.884699, 10.913658 ], [ -74.883974, 10.911967 ], [ -74.884802, 10.911414 ], [ -74.885182, 10.910586 ], [ -74.885907, 10.91031 ], [ -74.886459, 10.910793 ], [ -74.88601, 10.913243 ], [ -74.888391, 10.913209 ], [ -74.888426, 10.910069 ], [ -74.887218, 10.909758 ], [ -74.887011, 10.90924 ], [ -74.887287, 10.908447 ], [ -74.888012, 10.908412 ], [ -74.888253, 10.907273 ], [ -74.89022, 10.908136 ], [ -74.891324, 10.908792 ], [ -74.891879, 10.909402 ], [ -74.891497, 10.909896 ], [ -74.891152, 10.910828 ], [ -74.890979, 10.912174 ], [ -74.89167, 10.912967 ], [ -74.892463, 10.912691 ], [ -74.893171, 10.912363 ], [ -74.89355, 10.913088 ], [ -74.893947, 10.913468 ], [ -74.894016, 10.914796 ], [ -74.89336, 10.915694 ], [ -74.891428, 10.916039 ], [ -74.891117, 10.916453 ], [ -74.890496, 10.918247 ], [ -74.889116, 10.918799 ] ] ] } },
{ "type": "Feature", "properties": { "NOMBRE": "N/A", "Area_Ha": 18587.50754312125 }, "geometry": { "type": "Polygon", "coordinates": [ [ [ -74.826198, 10.913571 ], [ -74.826448, 10.914279 ], [ -74.826379, 10.915176 ], [ -74.825999, 10.91628 ], [ -74.825068, 10.91666 ], [ -74.823756, 10.916211 ], [ -74.822238, 10.916694 ], [ -74.821436, 10.916889 ], [ -74.823643, 10.911888 ], [ -74.824438, 10.912665 ], [ -74.826198, 10.913571 ] ] ] } },
{ "type": "Feature", "properties": { "NOMBRE": "CONFLICTO MUY ALTO", "Area_Ha": 18587.50754312125 }, "geometry": { "type": "Polygon", "coordinates": [ [ [ -74.848586, 10.953153 ], [ -74.845531, 10.949409 ], [ -74.847912, 10.948477 ], [ -74.851062, 10.951784 ], [ -74.848586, 10.953153 ] ] ] } },
{ "type": "Feature", "properties": { "NOMBRE": "CONFLICTO MEDIO", "Area_Ha": 18587.50754312125 }, "geometry": { "type": "Polygon", "coordinates": [ [ [ -74.883974, 10.911967 ], [ -74.884699, 10.913658 ], [ -74.885389, 10.913727 ], [ -74.885976, 10.915176 ], [ -74.887528, 10.915279 ], [ -74.888115, 10.91597 ], [ -74.88884, 10.916246 ], [ -74.888909, 10.915521 ], [ -74.889841, 10.915556 ], [ -74.890048, 10.917108 ], [ -74.888771, 10.917454 ], [ -74.888667, 10.918109 ], [ -74.889116, 10.918799 ], [ -74.887252, 10.917971 ], [ -74.886114, 10.916832 ], [ -74.885596, 10.916039 ], [ -74.884906, 10.915418 ], [ -74.883767, 10.915521 ], [ -74.883629, 10.916142 ], [ -74.881489, 10.915245 ], [ -74.881662, 10.911207 ], [ -74.881282, 10.909447 ], [ -74.882801, 10.908654 ], [ -74.884285, 10.909068 ], [ -74.884147, 10.910655 ], [ -74.883802, 10.911345 ], [ -74.883974, 10.911967 ] ] ] } },
{ "type": "Feature", "properties": { "NOMBRE": "CONFLICTO MUY ALTO", "Area_Ha": 18587.50754312125 }, "geometry": { "type": "Polygon", "coordinates": [ [ [ -74.850224, 10.937986 ], [ -74.85057, 10.937607 ], [ -74.852433, 10.936226 ], [ -74.853365, 10.9374 ], [ -74.853675, 10.938504 ], [ -74.852778, 10.938918 ], [ -74.850673, 10.938883 ], [ -74.849051, 10.938573 ], [ -74.850224, 10.937986 ] ] ] } },
{ "type": "Feature", "properties": { "NOMBRE": "CONFLICTO MUY ALTO", "Area_Ha": 18587.50754312125 }, "geometry": { "type": "Polygon", "coordinates": [ [ [ -74.858714, 10.94789 ], [ -74.857489, 10.949598 ], [ -74.856022, 10.948822 ], [ -74.856298, 10.947787 ], [ -74.857195, 10.946993 ], [ -74.858714, 10.94789 ] ] ] } },
{ "type": "Feature", "properties": { "NOMBRE": "N/A", "Area_Ha": 18587.50754312125 }, "geometry": { "type": "MultiPolygon", "coordinates": [ [ [ [ -74.850233, 10.938799 ], [ -74.850345, 10.939643 ], [ -74.849189, 10.940885 ], [ -74.848171, 10.941368 ], [ -74.846791, 10.941161 ], [ -74.846049, 10.940678 ], [ -74.848257, 10.939056 ], [ -74.846636, 10.93488 ], [ -74.846877, 10.934501 ], [ -74.847912, 10.935157 ], [ -74.849051, 10.938573 ], [ -74.850233, 10.938799 ] ] ], [ [ [ -74.84227, 10.938228 ], [ -74.84296, 10.938901 ], [ -74.843478, 10.939487 ], [ -74.842874, 10.93985 ], [ -74.841597, 10.939332 ], [ -74.841149, 10.9384 ], [ -74.84227, 10.938228 ] ] ] ] } },
{ "type": "Feature", "properties": { "NOMBRE": "CONFLICTO MUY ALTO", "Area_Ha": 18587.50754312125 }, "geometry": { "type": "Polygon", "coordinates": [ [ [ -74.859665, 10.942879 ], [ -74.85968, 10.945544 ], [ -74.858231, 10.945302 ], [ -74.858524, 10.938348 ], [ -74.859059, 10.938159 ], [ -74.859542, 10.942334 ], [ -74.859665, 10.942879 ] ] ] } },
{ "type": "Feature", "properties": { "NOMBRE": "CONFLICTO MUY ALTO", "Area_Ha": 18587.50754312125 }, "geometry": { "type": "Polygon", "coordinates": [ [ [ -74.852537, 10.949823 ], [ -74.849569, 10.947131 ], [ -74.851018, 10.945889 ], [ -74.851053, 10.945268 ], [ -74.850397, 10.945544 ], [ -74.850052, 10.944922 ], [ -74.849569, 10.945199 ], [ -74.8495, 10.946234 ], [ -74.848465, 10.946268 ], [ -74.848257, 10.945509 ], [ -74.847981, 10.945613 ], [ -74.847464, 10.944508 ], [ -74.851846, 10.944198 ], [ -74.855815, 10.944681 ], [ -74.855573, 10.946406 ], [ -74.854504, 10.948615 ], [ -74.852537, 10.949823 ] ] ] } },
{ "type": "Feature", "properties": { "NOMBRE": "N/A", "Area_Ha": 18587.50754312125 }, "geometry": { "type": "Polygon", "coordinates": [ [ [ -74.844358, 10.935001 ], [ -74.845341, 10.935174 ], [ -74.846152, 10.936606 ], [ -74.845083, 10.936985 ], [ -74.844203, 10.935571 ], [ -74.844358, 10.935001 ] ] ] } },
{ "type": "Feature", "properties": { "NOMBRE": "CONFLICTO MEDIO", "Area_Ha": 18587.50754312125 }, "geometry": { "type": "Polygon", "coordinates": [ [ [ -74.822238, 10.916694 ], [ -74.823756, 10.916211 ], [ -74.825068, 10.91666 ], [ -74.825999, 10.91628 ], [ -74.826379, 10.915176 ], [ -74.826448, 10.914279 ], [ -74.826198, 10.913571 ], [ -74.827155, 10.913882 ], [ -74.828682, 10.914529 ], [ -74.831063, 10.915254 ], [ -74.833169, 10.915849 ], [ -74.833807, 10.917833 ], [ -74.835325, 10.918213 ], [ -74.83567, 10.918765 ], [ -74.837706, 10.920283 ], [ -74.838819, 10.920749 ], [ -74.840165, 10.921457 ], [ -74.839371, 10.924666 ], [ -74.840562, 10.925097 ], [ -74.842975, 10.925083 ], [ -74.84384, 10.926391 ], [ -74.847291, 10.930049 ], [ -74.850501, 10.934328 ], [ -74.849362, 10.934742 ], [ -74.850224, 10.937986 ], [ -74.849051, 10.938573 ], [ -74.847912, 10.935157 ], [ -74.846877, 10.934501 ], [ -74.846636, 10.93488 ], [ -74.848257, 10.939056 ], [ -74.846049, 10.940678 ], [ -74.846791, 10.941161 ], [ -74.848171, 10.941368 ], [ -74.849189, 10.940885 ], [ -74.850345, 10.939643 ], [ -74.850233, 10.938799 ], [ -74.850673, 10.938883 ], [ -74.852778, 10.938918 ], [ -74.855297, 10.939332 ], [ -74.857402, 10.938745 ], [ -74.858524, 10.938348 ], [ -74.858231, 10.945302 ], [ -74.85968, 10.945544 ], [ -74.859665, 10.942879 ], [ -74.860405, 10.946165 ], [ -74.858714, 10.94789 ], [ -74.857195, 10.946993 ], [ -74.856298, 10.947787 ], [ -74.856022, 10.948822 ], [ -74.852088, 10.951341 ], [ -74.851363, 10.951617 ], [ -74.851062, 10.951784 ], [ -74.847912, 10.948477 ], [ -74.845531, 10.949409 ], [ -74.848586, 10.953153 ], [ -74.84843, 10.953239 ], [ -74.846256, 10.954205 ], [ -74.844669, 10.954965 ], [ -74.843806, 10.955137 ], [ -74.838802, 10.953998 ], [ -74.83756, 10.95279 ], [ -74.837215, 10.949236 ], [ -74.837284, 10.948304 ], [ -74.837767, 10.947235 ], [ -74.837387, 10.944163 ], [ -74.838561, 10.943818 ], [ -74.840251, 10.945406 ], [ -74.840044, 10.946613 ], [ -74.842529, 10.949512 ], [ -74.843771, 10.948546 ], [ -74.841666, 10.944922 ], [ -74.843116, 10.943749 ], [ -74.846256, 10.948408 ], [ -74.847878, 10.947373 ], [ -74.845428, 10.942921 ], [ -74.844634, 10.942231 ], [ -74.844047, 10.94161 ], [ -74.842253, 10.94123 ], [ -74.841528, 10.940505 ], [ -74.840942, 10.93916 ], [ -74.840493, 10.938262 ], [ -74.839561, 10.938331 ], [ -74.839941, 10.93916 ], [ -74.838353, 10.939021 ], [ -74.838664, 10.936985 ], [ -74.841252, 10.936054 ], [ -74.842046, 10.935088 ], [ -74.841563, 10.933983 ], [ -74.839975, 10.933811 ], [ -74.839527, 10.933017 ], [ -74.841149, 10.931671 ], [ -74.83963, 10.928979 ], [ -74.838457, 10.927565 ], [ -74.838008, 10.92615 ], [ -74.836214, 10.925529 ], [ -74.836421, 10.92722 ], [ -74.836007, 10.927668 ], [ -74.837008, 10.928807 ], [ -74.836317, 10.929946 ], [ -74.835455, 10.929428 ], [ -74.835317, 10.928565 ], [ -74.834488, 10.928531 ], [ -74.833798, 10.925045 ], [ -74.833453, 10.923941 ], [ -74.833695, 10.923458 ], [ -74.835041, 10.923976 ], [ -74.83611, 10.923182 ], [ -74.836317, 10.922009 ], [ -74.835179, 10.921664 ], [ -74.834005, 10.922112 ], [ -74.832867, 10.922423 ], [ -74.832314, 10.922009 ], [ -74.832832, 10.920594 ], [ -74.832625, 10.918868 ], [ -74.831348, 10.917039 ], [ -74.830106, 10.916418 ], [ -74.828795, 10.916315 ], [ -74.827932, 10.916901 ], [ -74.827828, 10.917937 ], [ -74.828449, 10.918489 ], [ -74.829174, 10.918523 ], [ -74.82914, 10.919662 ], [ -74.82769, 10.919731 ], [ -74.826931, 10.919386 ], [ -74.825585, 10.918351 ], [ -74.824308, 10.917799 ], [ -74.823066, 10.917454 ], [ -74.821927, 10.917902 ], [ -74.820807, 10.918314 ], [ -74.821436, 10.916889 ], [ -74.822238, 10.916694 ] ], [ [ -74.844203, 10.935571 ], [ -74.845083, 10.936985 ], [ -74.846152, 10.936606 ], [ -74.845341, 10.935174 ], [ -74.844358, 10.935001 ], [ -74.844203, 10.935571 ] ], [ [ -74.841149, 10.9384 ], [ -74.841597, 10.939332 ], [ -74.842874, 10.93985 ], [ -74.843478, 10.939487 ], [ -74.84296, 10.938901 ], [ -74.84227, 10.938228 ], [ -74.841149, 10.9384 ] ], [ [ -74.854504, 10.948615 ], [ -74.855573, 10.946406 ], [ -74.855815, 10.944681 ], [ -74.851846, 10.944198 ], [ -74.847464, 10.944508 ], [ -74.847981, 10.945613 ], [ -74.848257, 10.945509 ], [ -74.848465, 10.946268 ], [ -74.8495, 10.946234 ], [ -74.849569, 10.945199 ], [ -74.850052, 10.944922 ], [ -74.850397, 10.945544 ], [ -74.851053, 10.945268 ], [ -74.851018, 10.945889 ], [ -74.849569, 10.947131 ], [ -74.852537, 10.949823 ], [ -74.854504, 10.948615 ] ] ] } },
{ "type": "Feature", "properties": { "NOMBRE": "CONFLICTO MEDIO", "Area_Ha": 18587.50754312125 }, "geometry": { "type": "Polygon", "coordinates": [ [ [ -74.858714, 10.94789 ], [ -74.860819, 10.948943 ], [ -74.85918, 10.952031 ], [ -74.8583, 10.951514 ], [ -74.858369, 10.950496 ], [ -74.857489, 10.949598 ], [ -74.858714, 10.94789 ] ] ] } },
{ "type": "Feature", "properties": { "NOMBRE": "CONFLICTO MUY ALTO", "Area_Ha": 18587.50754312125 }, "geometry": { "type": "Polygon", "coordinates": [ [ [ -74.867091, 10.957941 ], [ -74.868566, 10.956647 ], [ -74.869515, 10.956285 ], [ -74.870033, 10.95694 ], [ -74.871033, 10.955594 ], [ -74.8725, 10.956492 ], [ -74.870481, 10.958234 ], [ -74.869998, 10.958424 ], [ -74.870222, 10.959252 ], [ -74.869963, 10.959891 ], [ -74.869291, 10.959977 ], [ -74.868807, 10.958752 ], [ -74.869222, 10.957993 ], [ -74.868807, 10.957717 ], [ -74.867427, 10.958545 ], [ -74.867091, 10.957941 ] ] ] } },
{ "type": "Feature", "properties": { "NOMBRE": "CONFLICTO MUY ALTO", "Area_Ha": 18587.50754312125 }, "geometry": { "type": "Polygon", "coordinates": [ [ [ -74.860819, 10.948943 ], [ -74.862216, 10.947097 ], [ -74.865011, 10.94758 ], [ -74.866461, 10.948097 ], [ -74.867393, 10.947062 ], [ -74.867427, 10.945613 ], [ -74.868393, 10.944336 ], [ -74.868945, 10.94299 ], [ -74.871258, 10.942576 ], [ -74.871637, 10.941713 ], [ -74.872258, 10.941886 ], [ -74.872293, 10.942576 ], [ -74.871603, 10.942921 ], [ -74.870602, 10.943232 ], [ -74.869601, 10.943853 ], [ -74.868807, 10.944784 ], [ -74.8686, 10.945958 ], [ -74.867945, 10.947545 ], [ -74.866875, 10.948787 ], [ -74.865598, 10.950133 ], [ -74.864425, 10.952687 ], [ -74.862285, 10.950996 ], [ -74.862768, 10.949892 ], [ -74.860819, 10.948943 ] ] ] } },
{ "type": "Feature", "properties": { "NOMBRE": "CONFLICTO MUY ALTO", "Area_Ha": 18587.50754312125 }, "geometry": { "type": "Polygon", "coordinates": [ [ [ -74.874316, 10.945121 ], [ -74.875174, 10.945017 ], [ -74.876382, 10.945328 ], [ -74.876848, 10.946398 ], [ -74.876382, 10.947571 ], [ -74.874691, 10.949038 ], [ -74.874053, 10.950297 ], [ -74.874139, 10.951022 ], [ -74.873225, 10.951263 ], [ -74.873087, 10.952023 ], [ -74.8731, 10.952243 ], [ -74.872776, 10.952402 ], [ -74.871948, 10.953576 ], [ -74.870723, 10.954369 ], [ -74.86936, 10.955681 ], [ -74.869015, 10.955646 ], [ -74.868894, 10.955146 ], [ -74.869446, 10.954559 ], [ -74.869532, 10.9538 ], [ -74.870412, 10.95361 ], [ -74.871654, 10.952799 ], [ -74.871775, 10.951074 ], [ -74.872586, 10.950608 ], [ -74.872983, 10.950056 ], [ -74.873345, 10.949866 ], [ -74.873294, 10.949107 ], [ -74.872914, 10.94902 ], [ -74.872448, 10.949607 ], [ -74.872103, 10.949469 ], [ -74.873018, 10.948106 ], [ -74.874208, 10.948002 ], [ -74.874432, 10.946311 ], [ -74.874036, 10.946311 ], [ -74.872379, 10.947813 ], [ -74.870878, 10.948296 ], [ -74.869739, 10.948917 ], [ -74.868842, 10.949918 ], [ -74.868652, 10.950763 ], [ -74.868894, 10.951885 ], [ -74.86917, 10.952644 ], [ -74.868842, 10.953455 ], [ -74.868204, 10.953869 ], [ -74.868273, 10.954904 ], [ -74.867893, 10.955353 ], [ -74.867617, 10.954801 ], [ -74.867065, 10.953972 ], [ -74.86791, 10.953041 ], [ -74.867962, 10.952143 ], [ -74.867669, 10.95166 ], [ -74.86722, 10.950867 ], [ -74.867703, 10.949762 ], [ -74.868359, 10.948417 ], [ -74.869308, 10.948002 ], [ -74.870585, 10.947416 ], [ -74.87231, 10.947243 ], [ -74.874316, 10.945121 ] ] ] } },
{ "type": "Feature", "properties": { "NOMBRE": "CONFLICTO MUY ALTO", "Area_Ha": 18587.50754312125 }, "geometry": { "type": "Polygon", "coordinates": [ [ [ -74.82914, 10.919662 ], [ -74.829545, 10.919679 ], [ -74.829605, 10.920602 ], [ -74.830149, 10.920697 ], [ -74.830045, 10.921517 ], [ -74.827414, 10.921586 ], [ -74.827367, 10.919584 ], [ -74.82769, 10.919731 ], [ -74.82914, 10.919662 ] ] ] } },
{ "type": "Feature", "properties": { "NOMBRE": "CONFLICTO MEDIO", "Area_Ha": 18587.50754312125 }, "geometry": { "type": "Polygon", "coordinates": [ [ [ -74.871543, 10.96004 ], [ -74.87093, 10.960115 ], [ -74.869584, 10.960564 ], [ -74.868997, 10.960943 ], [ -74.868945, 10.961806 ], [ -74.869022, 10.962245 ], [ -74.86829, 10.962582 ], [ -74.867634, 10.962306 ], [ -74.867945, 10.960719 ], [ -74.868531, 10.959684 ], [ -74.868807, 10.958752 ], [ -74.869291, 10.959977 ], [ -74.869963, 10.959891 ], [ -74.870222, 10.959252 ], [ -74.869998, 10.958424 ], [ -74.870481, 10.958234 ], [ -74.8725, 10.956492 ], [ -74.871033, 10.955594 ], [ -74.870033, 10.95694 ], [ -74.869515, 10.956285 ], [ -74.868566, 10.956647 ], [ -74.867091, 10.957941 ], [ -74.866737, 10.957303 ], [ -74.866633, 10.955888 ], [ -74.865633, 10.955612 ], [ -74.865046, 10.957026 ], [ -74.864287, 10.956647 ], [ -74.864977, 10.955336 ], [ -74.863838, 10.954887 ], [ -74.863459, 10.956026 ], [ -74.861699, 10.954749 ], [ -74.860801, 10.956336 ], [ -74.859939, 10.956095 ], [ -74.860215, 10.954956 ], [ -74.858903, 10.954645 ], [ -74.857282, 10.954404 ], [ -74.856867, 10.952885 ], [ -74.857592, 10.952471 ], [ -74.858869, 10.952678 ], [ -74.85918, 10.952031 ], [ -74.861216, 10.953136 ], [ -74.861595, 10.952307 ], [ -74.863873, 10.954067 ], [ -74.864425, 10.952687 ], [ -74.865598, 10.950133 ], [ -74.866875, 10.948787 ], [ -74.867945, 10.947545 ], [ -74.8686, 10.945958 ], [ -74.868807, 10.944784 ], [ -74.869601, 10.943853 ], [ -74.870602, 10.943232 ], [ -74.871603, 10.942921 ], [ -74.872293, 10.942576 ], [ -74.872258, 10.941886 ], [ -74.871637, 10.941713 ], [ -74.871258, 10.942576 ], [ -74.868945, 10.94299 ], [ -74.868393, 10.944336 ], [ -74.866383, 10.943456 ], [ -74.8632, 10.942377 ], [ -74.863717, 10.940272 ], [ -74.866961, 10.938651 ], [ -74.869273, 10.937201 ], [ -74.87024, 10.937581 ], [ -74.870309, 10.938374 ], [ -74.871275, 10.938547 ], [ -74.871413, 10.938271 ], [ -74.875243, 10.939824 ], [ -74.874622, 10.940756 ], [ -74.873138, 10.940825 ], [ -74.874484, 10.941791 ], [ -74.876417, 10.940272 ], [ -74.877659, 10.940756 ], [ -74.877003, 10.941756 ], [ -74.876382, 10.941894 ], [ -74.876382, 10.942688 ], [ -74.874691, 10.944724 ], [ -74.87231, 10.947243 ], [ -74.870585, 10.947416 ], [ -74.869308, 10.948002 ], [ -74.868359, 10.948417 ], [ -74.867703, 10.949762 ], [ -74.86722, 10.950867 ], [ -74.867669, 10.95166 ], [ -74.867962, 10.952143 ], [ -74.86791, 10.953041 ], [ -74.867065, 10.953972 ], [ -74.867617, 10.954801 ], [ -74.867893, 10.955353 ], [ -74.868273, 10.954904 ], [ -74.868204, 10.953869 ], [ -74.868842, 10.953455 ], [ -74.86917, 10.952644 ], [ -74.868894, 10.951885 ], [ -74.868652, 10.950763 ], [ -74.868842, 10.949918 ], [ -74.869739, 10.948917 ], [ -74.870878, 10.948296 ], [ -74.872379, 10.947813 ], [ -74.874036, 10.946311 ], [ -74.874432, 10.946311 ], [ -74.874208, 10.948002 ], [ -74.873018, 10.948106 ], [ -74.872103, 10.949469 ], [ -74.872448, 10.949607 ], [ -74.872914, 10.94902 ], [ -74.873294, 10.949107 ], [ -74.873345, 10.949866 ], [ -74.872983, 10.950056 ], [ -74.872586, 10.950608 ], [ -74.871775, 10.951074 ], [ -74.871654, 10.952799 ], [ -74.870412, 10.95361 ], [ -74.869532, 10.9538 ], [ -74.869446, 10.954559 ], [ -74.868894, 10.955146 ], [ -74.869015, 10.955646 ], [ -74.86936, 10.955681 ], [ -74.870723, 10.954369 ], [ -74.871948, 10.953576 ], [ -74.872776, 10.952402 ], [ -74.874536, 10.95154 ], [ -74.876606, 10.948813 ], [ -74.878642, 10.946639 ], [ -74.880195, 10.945501 ], [ -74.880747, 10.94588 ], [ -74.880747, 10.946708 ], [ -74.883025, 10.947122 ], [ -74.88306, 10.947985 ], [ -74.880333, 10.947882 ], [ -74.879091, 10.949987 ], [ -74.879609, 10.951678 ], [ -74.879678, 10.953265 ], [ -74.879229, 10.953852 ], [ -74.877711, 10.953714 ], [ -74.877297, 10.955232 ], [ -74.87809, 10.955853 ], [ -74.878953, 10.956026 ], [ -74.880264, 10.955922 ], [ -74.881714, 10.955991 ], [ -74.881472, 10.957337 ], [ -74.880713, 10.958269 ], [ -74.881265, 10.959822 ], [ -74.881058, 10.960477 ], [ -74.880437, 10.960857 ], [ -74.880126, 10.961858 ], [ -74.880402, 10.962272 ], [ -74.881127, 10.962375 ], [ -74.881783, 10.96241 ], [ -74.882714, 10.96272 ], [ -74.883823, 10.963186 ], [ -74.882762, 10.963393 ], [ -74.881727, 10.963937 ], [ -74.881472, 10.9631 ], [ -74.880886, 10.963204 ], [ -74.87954, 10.963825 ], [ -74.878228, 10.964653 ], [ -74.877642, 10.964998 ], [ -74.877021, 10.964791 ], [ -74.876848, 10.962824 ], [ -74.876779, 10.961409 ], [ -74.876813, 10.960201 ], [ -74.876986, 10.958959 ], [ -74.876468, 10.958303 ], [ -74.876054, 10.958165 ], [ -74.876123, 10.957544 ], [ -74.87633, 10.957026 ], [ -74.876158, 10.956474 ], [ -74.87564, 10.956647 ], [ -74.874363, 10.957648 ], [ -74.873742, 10.957717 ], [ -74.8725, 10.957786 ], [ -74.871913, 10.959511 ], [ -74.871543, 10.96004 ] ] ] } },
{ "type": "Feature", "properties": { "NOMBRE": "CONFLICTO MUY ALTO", "Area_Ha": 18587.50754312125 }, "geometry": { "type": "Polygon", "coordinates": [ [ [ -74.869022, 10.962245 ], [ -74.868945, 10.961806 ], [ -74.868997, 10.960943 ], [ -74.869584, 10.960564 ], [ -74.87093, 10.960115 ], [ -74.871543, 10.96004 ], [ -74.87143, 10.960201 ], [ -74.870015, 10.961789 ], [ -74.869022, 10.962245 ] ] ] } },
{ "type": "Feature", "properties": { "NOMBRE": "CONFLICTO MUY ALTO", "Area_Ha": 18587.50754312125 }, "geometry": { "type": "Polygon", "coordinates": [ [ [ -74.87024, 10.937581 ], [ -74.870567, 10.937546 ], [ -74.870636, 10.936615 ], [ -74.86986, 10.936545 ], [ -74.869739, 10.935821 ], [ -74.870498, 10.935648 ], [ -74.870826, 10.93463 ], [ -74.871275, 10.933388 ], [ -74.872086, 10.932353 ], [ -74.873518, 10.931576 ], [ -74.875123, 10.930662 ], [ -74.876158, 10.930144 ], [ -74.87652, 10.930783 ], [ -74.876658, 10.931887 ], [ -74.875968, 10.932146 ], [ -74.875968, 10.932611 ], [ -74.876399, 10.932732 ], [ -74.876434, 10.933129 ], [ -74.876089, 10.93306 ], [ -74.87583, 10.934095 ], [ -74.875157, 10.934665 ], [ -74.873225, 10.934734 ], [ -74.873156, 10.935234 ], [ -74.873742, 10.935148 ], [ -74.873863, 10.935717 ], [ -74.8725, 10.937063 ], [ -74.871689, 10.937305 ], [ -74.871413, 10.938271 ], [ -74.871275, 10.938547 ], [ -74.870309, 10.938374 ], [ -74.87024, 10.937581 ] ] ] } },
{ "type": "Feature", "properties": { "NOMBRE": "CONFLICTO MUY ALTO", "Area_Ha": 18587.50754312125 }, "geometry": { "type": "Polygon", "coordinates": [ [ [ -74.87847, 10.926762 ], [ -74.878453, 10.927504 ], [ -74.876969, 10.927452 ], [ -74.876537, 10.927677 ], [ -74.875606, 10.928212 ], [ -74.874846, 10.928695 ], [ -74.874398, 10.929023 ], [ -74.874208, 10.929765 ], [ -74.873811, 10.929885 ], [ -74.873432, 10.929678 ], [ -74.8725, 10.929747 ], [ -74.871741, 10.929592 ], [ -74.871689, 10.92885 ], [ -74.872086, 10.928505 ], [ -74.872155, 10.927953 ], [ -74.872879, 10.927763 ], [ -74.873501, 10.927884 ], [ -74.874018, 10.927556 ], [ -74.874691, 10.927159 ], [ -74.875192, 10.926987 ], [ -74.876054, 10.926659 ], [ -74.876537, 10.926262 ], [ -74.877193, 10.9259 ], [ -74.878194, 10.926348 ], [ -74.87847, 10.926762 ] ] ] } },
{ "type": "Feature", "properties": { "NOMBRE": "CONFLICTO MUY ALTO", "Area_Ha": 18587.50754312125 }, "geometry": { "type": "Polygon", "coordinates": [ [ [ -74.877962, 10.940979 ], [ -74.87828, 10.940721 ], [ -74.878815, 10.939858 ], [ -74.879264, 10.938996 ], [ -74.879626, 10.938219 ], [ -74.880385, 10.937874 ], [ -74.880816, 10.938098 ], [ -74.880661, 10.938633 ], [ -74.879988, 10.938892 ], [ -74.879798, 10.9401 ], [ -74.879557, 10.940738 ], [ -74.878901, 10.941342 ], [ -74.878684, 10.941513 ], [ -74.879574, 10.94217 ], [ -74.878401, 10.943447 ], [ -74.877435, 10.945138 ], [ -74.876848, 10.946398 ], [ -74.876382, 10.945328 ], [ -74.875174, 10.945017 ], [ -74.874316, 10.945121 ], [ -74.874691, 10.944724 ], [ -74.876382, 10.942688 ], [ -74.876382, 10.941894 ], [ -74.877003, 10.941756 ], [ -74.877659, 10.940756 ], [ -74.877962, 10.940979 ] ] ] } },
{ "type": "Feature", "properties": { "NOMBRE": "CONFLICTO MUY ALTO", "Area_Ha": 18587.50754312125 }, "geometry": { "type": "Polygon", "coordinates": [ [ [ -74.875847, 10.939824 ], [ -74.87671, 10.938616 ], [ -74.877538, 10.937633 ], [ -74.877665, 10.937313 ], [ -74.877003, 10.936804 ], [ -74.875537, 10.937029 ], [ -74.874432, 10.937564 ], [ -74.873863, 10.937702 ], [ -74.873949, 10.937236 ], [ -74.875364, 10.9362 ], [ -74.875657, 10.935545 ], [ -74.877228, 10.935631 ], [ -74.878004, 10.936459 ], [ -74.878867, 10.935959 ], [ -74.879816, 10.935648 ], [ -74.88054, 10.935096 ], [ -74.881558, 10.934699 ], [ -74.882473, 10.934872 ], [ -74.883301, 10.935182 ], [ -74.883163, 10.935924 ], [ -74.882887, 10.936183 ], [ -74.881213, 10.936321 ], [ -74.879937, 10.937098 ], [ -74.879022, 10.937909 ], [ -74.877659, 10.939289 ], [ -74.874484, 10.941791 ], [ -74.873138, 10.940825 ], [ -74.874622, 10.940756 ], [ -74.875243, 10.939824 ], [ -74.875847, 10.939824 ] ] ] } },
{ "type": "Feature", "properties": { "NOMBRE": "CONFLICTO MUY ALTO", "Area_Ha": 18587.50754312125 }, "geometry": { "type": "Polygon", "coordinates": [ [ [ -74.876468, 10.921551 ], [ -74.875761, 10.921293 ], [ -74.875192, 10.921638 ], [ -74.874967, 10.922069 ], [ -74.874898, 10.922621 ], [ -74.875226, 10.922932 ], [ -74.875054, 10.923329 ], [ -74.874243, 10.923398 ], [ -74.873587, 10.92376 ], [ -74.873328, 10.924726 ], [ -74.872707, 10.925261 ], [ -74.871447, 10.925554 ], [ -74.871051, 10.926089 ], [ -74.870429, 10.926762 ], [ -74.870257, 10.927073 ], [ -74.869636, 10.927314 ], [ -74.868531, 10.927073 ], [ -74.868255, 10.926555 ], [ -74.868773, 10.926245 ], [ -74.869498, 10.926038 ], [ -74.87024, 10.925848 ], [ -74.870671, 10.92533 ], [ -74.87112, 10.924743 ], [ -74.872483, 10.924347 ], [ -74.872879, 10.923864 ], [ -74.873207, 10.923053 ], [ -74.87388, 10.922673 ], [ -74.874329, 10.922311 ], [ -74.87426, 10.921241 ], [ -74.875019, 10.920999 ], [ -74.87533, 10.920378 ], [ -74.876399, 10.919826 ], [ -74.876986, 10.920896 ], [ -74.876468, 10.921551 ] ] ] } },
{ "type": "Feature", "properties": { "NOMBRE": "CONFLICTO MEDIO", "Area_Ha": 18587.50754312125 }, "geometry": { "type": "Polygon", "coordinates": [ [ [ -74.87426, 10.921241 ], [ -74.874329, 10.922311 ], [ -74.87388, 10.922673 ], [ -74.873207, 10.923053 ], [ -74.872879, 10.923864 ], [ -74.872483, 10.924347 ], [ -74.87112, 10.924743 ], [ -74.870671, 10.92533 ], [ -74.87024, 10.925848 ], [ -74.869498, 10.926038 ], [ -74.868773, 10.926245 ], [ -74.869463, 10.924933 ], [ -74.868221, 10.923967 ], [ -74.871258, 10.921655 ], [ -74.873501, 10.920516 ], [ -74.87426, 10.921241 ] ] ] } },
{ "type": "Feature", "properties": { "NOMBRE": "CONFLICTO MEDIO", "Area_Ha": 18587.50754312125 }, "geometry": { "type": "MultiPolygon", "coordinates": [ [ [ [ -74.870257, 10.927073 ], [ -74.870429, 10.926762 ], [ -74.871051, 10.926089 ], [ -74.871447, 10.925554 ], [ -74.872707, 10.925261 ], [ -74.873328, 10.924726 ], [ -74.873587, 10.92376 ], [ -74.874243, 10.923398 ], [ -74.875054, 10.923329 ], [ -74.875226, 10.922932 ], [ -74.874898, 10.922621 ], [ -74.874967, 10.922069 ], [ -74.875192, 10.921638 ], [ -74.875761, 10.921293 ], [ -74.876468, 10.921551 ], [ -74.876813, 10.922449 ], [ -74.877504, 10.92269 ], [ -74.878608, 10.922138 ], [ -74.880092, 10.921103 ], [ -74.880644, 10.921379 ], [ -74.881093, 10.923656 ], [ -74.881196, 10.924519 ], [ -74.878677, 10.923898 ], [ -74.877952, 10.924002 ], [ -74.87709, 10.925037 ], [ -74.877193, 10.9259 ], [ -74.876537, 10.926262 ], [ -74.876054, 10.926659 ], [ -74.875192, 10.926987 ], [ -74.874691, 10.927159 ], [ -74.874018, 10.927556 ], [ -74.873501, 10.927884 ], [ -74.872879, 10.927763 ], [ -74.872155, 10.927953 ], [ -74.872086, 10.928505 ], [ -74.871689, 10.92885 ], [ -74.871741, 10.929592 ], [ -74.8725, 10.929747 ], [ -74.873432, 10.929678 ], [ -74.873811, 10.929885 ], [ -74.874208, 10.929765 ], [ -74.874398, 10.929023 ], [ -74.874846, 10.928695 ], [ -74.875606, 10.928212 ], [ -74.876537, 10.927677 ], [ -74.876969, 10.927452 ], [ -74.878453, 10.927504 ], [ -74.87847, 10.926762 ], [ -74.880886, 10.927245 ], [ -74.88161, 10.925244 ], [ -74.882645, 10.925313 ], [ -74.882887, 10.926314 ], [ -74.884647, 10.92659 ], [ -74.882973, 10.93011 ], [ -74.88337, 10.93061 ], [ -74.88406, 10.930817 ], [ -74.884837, 10.930524 ], [ -74.885544, 10.930196 ], [ -74.886286, 10.93042 ], [ -74.886562, 10.931369 ], [ -74.886459, 10.932284 ], [ -74.886165, 10.932232 ], [ -74.886062, 10.93287 ], [ -74.886752, 10.933112 ], [ -74.886683, 10.934717 ], [ -74.88582, 10.934509 ], [ -74.88532, 10.933302 ], [ -74.88475, 10.932266 ], [ -74.883681, 10.931732 ], [ -74.882904, 10.93111 ], [ -74.882456, 10.931128 ], [ -74.882249, 10.931542 ], [ -74.882749, 10.932404 ], [ -74.883922, 10.933146 ], [ -74.884492, 10.933647 ], [ -74.884509, 10.934596 ], [ -74.884009, 10.935614 ], [ -74.883681, 10.936149 ], [ -74.883491, 10.937149 ], [ -74.882939, 10.937253 ], [ -74.882645, 10.938081 ], [ -74.882162, 10.938357 ], [ -74.881835, 10.939082 ], [ -74.881645, 10.939824 ], [ -74.881627, 10.940549 ], [ -74.881662, 10.941308 ], [ -74.881196, 10.941428 ], [ -74.88023, 10.940635 ], [ -74.879703, 10.940352 ], [ -74.879798, 10.9401 ], [ -74.879988, 10.938892 ], [ -74.880661, 10.938633 ], [ -74.880816, 10.938098 ], [ -74.880385, 10.937874 ], [ -74.879626, 10.938219 ], [ -74.879264, 10.938996 ], [ -74.878815, 10.939858 ], [ -74.87828, 10.940721 ], [ -74.877962, 10.940979 ], [ -74.877659, 10.940756 ], [ -74.876417, 10.940272 ], [ -74.877659, 10.939289 ], [ -74.879022, 10.937909 ], [ -74.879937, 10.937098 ], [ -74.881213, 10.936321 ], [ -74.882887, 10.936183 ], [ -74.883163, 10.935924 ], [ -74.883301, 10.935182 ], [ -74.882473, 10.934872 ], [ -74.881558, 10.934699 ], [ -74.88054, 10.935096 ], [ -74.879816, 10.935648 ], [ -74.878867, 10.935959 ], [ -74.878004, 10.936459 ], [ -74.877228, 10.935631 ], [ -74.875657, 10.935545 ], [ -74.875364, 10.9362 ], [ -74.873949, 10.937236 ], [ -74.873863, 10.937702 ], [ -74.874432, 10.937564 ], [ -74.875537, 10.937029 ], [ -74.877003, 10.936804 ], [ -74.877665, 10.937313 ], [ -74.877538, 10.937633 ], [ -74.87671, 10.938616 ], [ -74.875847, 10.939824 ], [ -74.875243, 10.939824 ], [ -74.871413, 10.938271 ], [ -74.871689, 10.937305 ], [ -74.8725, 10.937063 ], [ -74.873863, 10.935717 ], [ -74.873742, 10.935148 ], [ -74.873156, 10.935234 ], [ -74.873225, 10.934734 ], [ -74.875157, 10.934665 ], [ -74.87583, 10.934095 ], [ -74.876089, 10.93306 ], [ -74.876434, 10.933129 ], [ -74.876399, 10.932732 ], [ -74.875968, 10.932611 ], [ -74.875968, 10.932146 ], [ -74.876658, 10.931887 ], [ -74.87652, 10.930783 ], [ -74.876158, 10.930144 ], [ -74.875123, 10.930662 ], [ -74.873518, 10.931576 ], [ -74.872086, 10.932353 ], [ -74.871275, 10.933388 ], [ -74.870826, 10.93463 ], [ -74.870498, 10.935648 ], [ -74.869739, 10.935821 ], [ -74.86986, 10.936545 ], [ -74.86791, 10.935631 ], [ -74.864804, 10.934216 ], [ -74.862182, 10.932387 ], [ -74.864873, 10.930041 ], [ -74.866081, 10.928522 ], [ -74.866495, 10.928039 ], [ -74.868497, 10.927832 ], [ -74.870567, 10.928591 ], [ -74.871154, 10.927383 ], [ -74.870257, 10.927073 ] ], [ [ -74.879678, 10.929488 ], [ -74.878332, 10.929765 ], [ -74.877676, 10.931248 ], [ -74.877987, 10.932215 ], [ -74.878815, 10.931973 ], [ -74.87985, 10.930938 ], [ -74.879678, 10.929488 ] ] ], [ [ [ -74.895396, 10.935251 ], [ -74.895086, 10.935769 ], [ -74.894637, 10.936373 ], [ -74.893844, 10.937253 ], [ -74.89305, 10.937771 ], [ -74.89236, 10.937753 ], [ -74.892118, 10.937201 ], [ -74.892032, 10.935614 ], [ -74.892204, 10.935303 ], [ -74.892774, 10.935165 ], [ -74.893861, 10.935476 ], [ -74.894603, 10.9352 ], [ -74.895396, 10.935251 ] ] ] ] } },
{ "type": "Feature", "properties": { "NOMBRE": "CONFLICTO MUY ALTO", "Area_Ha": 18587.50754312125 }, "geometry": { "type": "Polygon", "coordinates": [ [ [ -74.889689, 10.941896 ], [ -74.889651, 10.94129 ], [ -74.888253, 10.941066 ], [ -74.888063, 10.93991 ], [ -74.887114, 10.939772 ], [ -74.887166, 10.940479 ], [ -74.887425, 10.940704 ], [ -74.887477, 10.941843 ], [ -74.886821, 10.942188 ], [ -74.887028, 10.942809 ], [ -74.88777, 10.942395 ], [ -74.888219, 10.942119 ], [ -74.888719, 10.942205 ], [ -74.88915, 10.942205 ], [ -74.889223, 10.942321 ], [ -74.88865, 10.942843 ], [ -74.887753, 10.943741 ], [ -74.886286, 10.943637 ], [ -74.886045, 10.942688 ], [ -74.885285, 10.942671 ], [ -74.884992, 10.941204 ], [ -74.884233, 10.941377 ], [ -74.882922, 10.941101 ], [ -74.882059, 10.940669 ], [ -74.881628, 10.940542 ], [ -74.881645, 10.939824 ], [ -74.881735, 10.939471 ], [ -74.881955, 10.939738 ], [ -74.882628, 10.940014 ], [ -74.883405, 10.940324 ], [ -74.884009, 10.940393 ], [ -74.884233, 10.9401 ], [ -74.885182, 10.939789 ], [ -74.885458, 10.939513 ], [ -74.885078, 10.93903 ], [ -74.884405, 10.938702 ], [ -74.883508, 10.938357 ], [ -74.882645, 10.938081 ], [ -74.882939, 10.937253 ], [ -74.883491, 10.937149 ], [ -74.883836, 10.937736 ], [ -74.884457, 10.937805 ], [ -74.884923, 10.937581 ], [ -74.885216, 10.937218 ], [ -74.885717, 10.93727 ], [ -74.886183, 10.937891 ], [ -74.88651, 10.938789 ], [ -74.887235, 10.939237 ], [ -74.887684, 10.938961 ], [ -74.887787, 10.938167 ], [ -74.887632, 10.937978 ], [ -74.887183, 10.937771 ], [ -74.88689, 10.937374 ], [ -74.886959, 10.937115 ], [ -74.888029, 10.936528 ], [ -74.88815, 10.935993 ], [ -74.887494, 10.93501 ], [ -74.886683, 10.934717 ], [ -74.886752, 10.933112 ], [ -74.886062, 10.93287 ], [ -74.886165, 10.932232 ], [ -74.886459, 10.932284 ], [ -74.886562, 10.931369 ], [ -74.886469, 10.931048 ], [ -74.886994, 10.93099 ], [ -74.888684, 10.931266 ], [ -74.889323, 10.931835 ], [ -74.889133, 10.932888 ], [ -74.888736, 10.93363 ], [ -74.888736, 10.934578 ], [ -74.889444, 10.935251 ], [ -74.889823, 10.935959 ], [ -74.890393, 10.937581 ], [ -74.890531, 10.93884 ], [ -74.8906, 10.940134 ], [ -74.89079, 10.940462 ], [ -74.889823, 10.941774 ], [ -74.889689, 10.941896 ] ] ] } },
{ "type": "Feature", "properties": { "NOMBRE": "CONFLICTO MEDIO", "Area_Ha": 18587.50754312125 }, "geometry": { "type": "Polygon", "coordinates": [ [ [ -74.881996, 10.923871 ], [ -74.882059, 10.923242 ], [ -74.881679, 10.921603 ], [ -74.880627, 10.920309 ], [ -74.878401, 10.918843 ], [ -74.876952, 10.9176 ], [ -74.875761, 10.917083 ], [ -74.874743, 10.917376 ], [ -74.874122, 10.917894 ], [ -74.872293, 10.91653 ], [ -74.871775, 10.914615 ], [ -74.872362, 10.913097 ], [ -74.873345, 10.912579 ], [ -74.87545, 10.912821 ], [ -74.876279, 10.915305 ], [ -74.877504, 10.915909 ], [ -74.880782, 10.9176 ], [ -74.881869, 10.918566 ], [ -74.882473, 10.918981 ], [ -74.883249, 10.919067 ], [ -74.884164, 10.919032 ], [ -74.885492, 10.918756 ], [ -74.887649, 10.919757 ], [ -74.888495, 10.920257 ], [ -74.889133, 10.9215 ], [ -74.889651, 10.921741 ], [ -74.890237, 10.92093 ], [ -74.890824, 10.921396 ], [ -74.890393, 10.922414 ], [ -74.889806, 10.923208 ], [ -74.889841, 10.924191 ], [ -74.890582, 10.924985 ], [ -74.890117, 10.925951 ], [ -74.889133, 10.925675 ], [ -74.888788, 10.925071 ], [ -74.889012, 10.924088 ], [ -74.889392, 10.923311 ], [ -74.888184, 10.921914 ], [ -74.887321, 10.920844 ], [ -74.884992, 10.920206 ], [ -74.883301, 10.919774 ], [ -74.882663, 10.919878 ], [ -74.882473, 10.920516 ], [ -74.88249, 10.921379 ], [ -74.883129, 10.922328 ], [ -74.883905, 10.922932 ], [ -74.884492, 10.923294 ], [ -74.885458, 10.923363 ], [ -74.886321, 10.923363 ], [ -74.887339, 10.924191 ], [ -74.887045, 10.924605 ], [ -74.884457, 10.92445 ], [ -74.883698, 10.924674 ], [ -74.883215, 10.924243 ], [ -74.881996, 10.923871 ] ] ] } },
{ "type": "Feature", "properties": { "NOMBRE": "CONFLICTO MUY ALTO", "Area_Ha": 18587.50754312125 }, "geometry": { "type": "Polygon", "coordinates": [ [ [ -74.88161, 10.925244 ], [ -74.881196, 10.924519 ], [ -74.881124, 10.923918 ], [ -74.881765, 10.923795 ], [ -74.882283, 10.923967 ], [ -74.883215, 10.924243 ], [ -74.883698, 10.924674 ], [ -74.88394, 10.925296 ], [ -74.888426, 10.925623 ], [ -74.888702, 10.92659 ], [ -74.888667, 10.92728 ], [ -74.889461, 10.927832 ], [ -74.889633, 10.929178 ], [ -74.889064, 10.930023 ], [ -74.887874, 10.930058 ], [ -74.887339, 10.929765 ], [ -74.887218, 10.92866 ], [ -74.887994, 10.928039 ], [ -74.887925, 10.927539 ], [ -74.887408, 10.92678 ], [ -74.886441, 10.926503 ], [ -74.885251, 10.926348 ], [ -74.884647, 10.92659 ], [ -74.882887, 10.926314 ], [ -74.882645, 10.925313 ], [ -74.88161, 10.925244 ] ] ] } },
{ "type": "Feature", "properties": { "NOMBRE": "N/A", "Area_Ha": 18587.50754312125 }, "geometry": { "type": "MultiPolygon", "coordinates": [ [ [ [ -74.909899, 10.939841 ], [ -74.910442, 10.940423 ], [ -74.910416, 10.941265 ], [ -74.91052, 10.942222 ], [ -74.910727, 10.943025 ], [ -74.91105, 10.943672 ], [ -74.911258, 10.944021 ], [ -74.91151, 10.944312 ], [ -74.911264, 10.944623 ], [ -74.91107, 10.944972 ], [ -74.911018, 10.945554 ], [ -74.911251, 10.945697 ], [ -74.911743, 10.94558 ], [ -74.912209, 10.945606 ], [ -74.912584, 10.946111 ], [ -74.913205, 10.948104 ], [ -74.916932, 10.945956 ], [ -74.918588, 10.948337 ], [ -74.919883, 10.950252 ], [ -74.92009, 10.951805 ], [ -74.919468, 10.95253 ], [ -74.918123, 10.95253 ], [ -74.917702, 10.954762 ], [ -74.916667, 10.955849 ], [ -74.916072, 10.956625 ], [ -74.915192, 10.956625 ], [ -74.915127, 10.957272 ], [ -74.915437, 10.957932 ], [ -74.91514, 10.958929 ], [ -74.914273, 10.959278 ], [ -74.913108, 10.958217 ], [ -74.912345, 10.958101 ], [ -74.91096, 10.958269 ], [ -74.909834, 10.958126 ], [ -74.908708, 10.957596 ], [ -74.907246, 10.958178 ], [ -74.906922, 10.958942 ], [ -74.905602, 10.959848 ], [ -74.903454, 10.960779 ], [ -74.901668, 10.961038 ], [ -74.901112, 10.959886 ], [ -74.900801, 10.959032 ], [ -74.90075, 10.958308 ], [ -74.901591, 10.957609 ], [ -74.902535, 10.957065 ], [ -74.902807, 10.956509 ], [ -74.902108, 10.955732 ], [ -74.900827, 10.955564 ], [ -74.899585, 10.955681 ], [ -74.899093, 10.955888 ], [ -74.89899, 10.95691 ], [ -74.899313, 10.957686 ], [ -74.899896, 10.958903 ], [ -74.899883, 10.960365 ], [ -74.899507, 10.961232 ], [ -74.899274, 10.961646 ], [ -74.898537, 10.962022 ], [ -74.898071, 10.962112 ], [ -74.897281, 10.961815 ], [ -74.89679, 10.961155 ], [ -74.896699, 10.960171 ], [ -74.896751, 10.959485 ], [ -74.897023, 10.959045 ], [ -74.898045, 10.958722 ], [ -74.897553, 10.956858 ], [ -74.895858, 10.958282 ], [ -74.895845, 10.959679 ], [ -74.893969, 10.96206 ], [ -74.89336, 10.962902 ], [ -74.892377, 10.964377 ], [ -74.891212, 10.964843 ], [ -74.890048, 10.964377 ], [ -74.889582, 10.963031 ], [ -74.888779, 10.962022 ], [ -74.888624, 10.96228 ], [ -74.888275, 10.962953 ], [ -74.887861, 10.962798 ], [ -74.887524, 10.963186 ], [ -74.887524, 10.963963 ], [ -74.88711, 10.964765 ], [ -74.886696, 10.964843 ], [ -74.886256, 10.964403 ], [ -74.886256, 10.963859 ], [ -74.885738, 10.963756 ], [ -74.885661, 10.963937 ], [ -74.885065, 10.964584 ], [ -74.88491, 10.964222 ], [ -74.88447, 10.963549 ], [ -74.883823, 10.963186 ], [ -74.882714, 10.96272 ], [ -74.881783, 10.96241 ], [ -74.881127, 10.962375 ], [ -74.880402, 10.962272 ], [ -74.880126, 10.961858 ], [ -74.880437, 10.960857 ], [ -74.881058, 10.960477 ], [ -74.881265, 10.959822 ], [ -74.880713, 10.958269 ], [ -74.881472, 10.957337 ], [ -74.881714, 10.955991 ], [ -74.880264, 10.955922 ], [ -74.878953, 10.956026 ], [ -74.87809, 10.955853 ], [ -74.877297, 10.955232 ], [ -74.877711, 10.953714 ], [ -74.879229, 10.953852 ], [ -74.879678, 10.953265 ], [ -74.879609, 10.951678 ], [ -74.879091, 10.949987 ], [ -74.880333, 10.947882 ], [ -74.88306, 10.947985 ], [ -74.883025, 10.947122 ], [ -74.880747, 10.946708 ], [ -74.880747, 10.94588 ], [ -74.880195, 10.945501 ], [ -74.878642, 10.946639 ], [ -74.876606, 10.948813 ], [ -74.874536, 10.95154 ], [ -74.8731, 10.952243 ], [ -74.873087, 10.952023 ], [ -74.873225, 10.951263 ], [ -74.874139, 10.951022 ], [ -74.874053, 10.950297 ], [ -74.874691, 10.949038 ], [ -74.876382, 10.947571 ], [ -74.876848, 10.946398 ], [ -74.877435, 10.945138 ], [ -74.878401, 10.943447 ], [ -74.879574, 10.94217 ], [ -74.878684, 10.941513 ], [ -74.878901, 10.941342 ], [ -74.879557, 10.940738 ], [ -74.879703, 10.940352 ], [ -74.88023, 10.940635 ], [ -74.881196, 10.941428 ], [ -74.881662, 10.941308 ], [ -74.881628, 10.940542 ], [ -74.882059, 10.940669 ], [ -74.882922, 10.941101 ], [ -74.884233, 10.941377 ], [ -74.884992, 10.941204 ], [ -74.885285, 10.942671 ], [ -74.886045, 10.942688 ], [ -74.886286, 10.943637 ], [ -74.887753, 10.943741 ], [ -74.88865, 10.942843 ], [ -74.889823, 10.941774 ], [ -74.89079, 10.940462 ], [ -74.892998, 10.940083 ], [ -74.893723, 10.940876 ], [ -74.894862, 10.941014 ], [ -74.896345, 10.93677 ], [ -74.895828, 10.936011 ], [ -74.897553, 10.934561 ], [ -74.895707, 10.933957 ], [ -74.895396, 10.935251 ], [ -74.894603, 10.9352 ], [ -74.89424, 10.929575 ], [ -74.893654, 10.93011 ], [ -74.893015, 10.930041 ], [ -74.892912, 10.929523 ], [ -74.892843, 10.928557 ], [ -74.892032, 10.928315 ], [ -74.891911, 10.929143 ], [ -74.892273, 10.930144 ], [ -74.892394, 10.930731 ], [ -74.892118, 10.931852 ], [ -74.891221, 10.93344 ], [ -74.890341, 10.933664 ], [ -74.889133, 10.932888 ], [ -74.889323, 10.931835 ], [ -74.888684, 10.931266 ], [ -74.886994, 10.93099 ], [ -74.886469, 10.931048 ], [ -74.886286, 10.93042 ], [ -74.885544, 10.930196 ], [ -74.884837, 10.930524 ], [ -74.88406, 10.930817 ], [ -74.88337, 10.93061 ], [ -74.882973, 10.93011 ], [ -74.884647, 10.92659 ], [ -74.885251, 10.926348 ], [ -74.886441, 10.926503 ], [ -74.887408, 10.92678 ], [ -74.887925, 10.927539 ], [ -74.887994, 10.928039 ], [ -74.887218, 10.92866 ], [ -74.887339, 10.929765 ], [ -74.887874, 10.930058 ], [ -74.889064, 10.930023 ], [ -74.889633, 10.929178 ], [ -74.889461, 10.927832 ], [ -74.888667, 10.92728 ], [ -74.888702, 10.92659 ], [ -74.888426, 10.925623 ], [ -74.88394, 10.925296 ], [ -74.883698, 10.924674 ], [ -74.884457, 10.92445 ], [ -74.887045, 10.924605 ], [ -74.887339, 10.924191 ], [ -74.886321, 10.923363 ], [ -74.885458, 10.923363 ], [ -74.884492, 10.923294 ], [ -74.883905, 10.922932 ], [ -74.883129, 10.922328 ], [ -74.88249, 10.921379 ], [ -74.882473, 10.920516 ], [ -74.882663, 10.919878 ], [ -74.883301, 10.919774 ], [ -74.884992, 10.920206 ], [ -74.887321, 10.920844 ], [ -74.888184, 10.921914 ], [ -74.889392, 10.923311 ], [ -74.889012, 10.924088 ], [ -74.888788, 10.925071 ], [ -74.889133, 10.925675 ], [ -74.890117, 10.925951 ], [ -74.890582, 10.924985 ], [ -74.889841, 10.924191 ], [ -74.889806, 10.923208 ], [ -74.890393, 10.922414 ], [ -74.890824, 10.921396 ], [ -74.890237, 10.92093 ], [ -74.889651, 10.921741 ], [ -74.889133, 10.9215 ], [ -74.888495, 10.920257 ], [ -74.887649, 10.919757 ], [ -74.885492, 10.918756 ], [ -74.884164, 10.919032 ], [ -74.883249, 10.919067 ], [ -74.882473, 10.918981 ], [ -74.881869, 10.918566 ], [ -74.880782, 10.9176 ], [ -74.877504, 10.915909 ], [ -74.876279, 10.915305 ], [ -74.87545, 10.912821 ], [ -74.873345, 10.912579 ], [ -74.872362, 10.913097 ], [ -74.871775, 10.914615 ], [ -74.872293, 10.91653 ], [ -74.874122, 10.917894 ], [ -74.874743, 10.917376 ], [ -74.875761, 10.917083 ], [ -74.876952, 10.9176 ], [ -74.878401, 10.918843 ], [ -74.880627, 10.920309 ], [ -74.881679, 10.921603 ], [ -74.882059, 10.923242 ], [ -74.881996, 10.923871 ], [ -74.881765, 10.923795 ], [ -74.881124, 10.923918 ], [ -74.881093, 10.923656 ], [ -74.880644, 10.921379 ], [ -74.880092, 10.921103 ], [ -74.878608, 10.922138 ], [ -74.877504, 10.92269 ], [ -74.876813, 10.922449 ], [ -74.876468, 10.921551 ], [ -74.876986, 10.920896 ], [ -74.876399, 10.919826 ], [ -74.87533, 10.920378 ], [ -74.875019, 10.920999 ], [ -74.87426, 10.921241 ], [ -74.873501, 10.920516 ], [ -74.871258, 10.921655 ], [ -74.868221, 10.923967 ], [ -74.869463, 10.924933 ], [ -74.868773, 10.926245 ], [ -74.868255, 10.926555 ], [ -74.868531, 10.927073 ], [ -74.869636, 10.927314 ], [ -74.870257, 10.927073 ], [ -74.871154, 10.927383 ], [ -74.870567, 10.928591 ], [ -74.868497, 10.927832 ], [ -74.866495, 10.928039 ], [ -74.866081, 10.928522 ], [ -74.864873, 10.930041 ], [ -74.862182, 10.932387 ], [ -74.864804, 10.934216 ], [ -74.86791, 10.935631 ], [ -74.86986, 10.936545 ], [ -74.870636, 10.936615 ], [ -74.870567, 10.937546 ], [ -74.87024, 10.937581 ], [ -74.869273, 10.937201 ], [ -74.866961, 10.938651 ], [ -74.863717, 10.940272 ], [ -74.8632, 10.942377 ], [ -74.866383, 10.943456 ], [ -74.868393, 10.944336 ], [ -74.867427, 10.945613 ], [ -74.867393, 10.947062 ], [ -74.866461, 10.948097 ], [ -74.865011, 10.94758 ], [ -74.862216, 10.947097 ], [ -74.860819, 10.948943 ], [ -74.858714, 10.94789 ], [ -74.860405, 10.946165 ], [ -74.859542, 10.942334 ], [ -74.859059, 10.938159 ], [ -74.857402, 10.938745 ], [ -74.855297, 10.939332 ], [ -74.852778, 10.938918 ], [ -74.853675, 10.938504 ], [ -74.853365, 10.9374 ], [ -74.852433, 10.936226 ], [ -74.85057, 10.937607 ], [ -74.850224, 10.937986 ], [ -74.849362, 10.934742 ], [ -74.850501, 10.934328 ], [ -74.847291, 10.930049 ], [ -74.84384, 10.926391 ], [ -74.842975, 10.925083 ], [ -74.843564, 10.92508 ], [ -74.844185, 10.924873 ], [ -74.845842, 10.924959 ], [ -74.84843, 10.924804 ], [ -74.848948, 10.922285 ], [ -74.85126, 10.922078 ], [ -74.851363, 10.925045 ], [ -74.853399, 10.924735 ], [ -74.856022, 10.923493 ], [ -74.858161, 10.924976 ], [ -74.858679, 10.921491 ], [ -74.859645, 10.921301 ], [ -74.859697, 10.9203 ], [ -74.859714, 10.919455 ], [ -74.860249, 10.919058 ], [ -74.861526, 10.918316 ], [ -74.861992, 10.917436 ], [ -74.862596, 10.916729 ], [ -74.863044, 10.916608 ], [ -74.863597, 10.916729 ], [ -74.864132, 10.916988 ], [ -74.864459, 10.91697 ], [ -74.865098, 10.916401 ], [ -74.865236, 10.915659 ], [ -74.864925, 10.914779 ], [ -74.863873, 10.914917 ], [ -74.862406, 10.916177 ], [ -74.86144, 10.917385 ], [ -74.859766, 10.918437 ], [ -74.858869, 10.918817 ], [ -74.857678, 10.91861 ], [ -74.857195, 10.917505 ], [ -74.856471, 10.917471 ], [ -74.856384, 10.916936 ], [ -74.856005, 10.91628 ], [ -74.856005, 10.91559 ], [ -74.857109, 10.915418 ], [ -74.857195, 10.914123 ], [ -74.857575, 10.91402 ], [ -74.858472, 10.913813 ], [ -74.858869, 10.913054 ], [ -74.86018, 10.912484 ], [ -74.860663, 10.911708 ], [ -74.861043, 10.910207 ], [ -74.859887, 10.90962 ], [ -74.858996, 10.909488 ], [ -74.859436, 10.908065 ], [ -74.86073, 10.907677 ], [ -74.862309, 10.905606 ], [ -74.863836, 10.905762 ], [ -74.864222, 10.904857 ], [ -74.864276, 10.904946 ], [ -74.864509, 10.906111 ], [ -74.86438, 10.907379 ], [ -74.864276, 10.908596 ], [ -74.863551, 10.909165 ], [ -74.862516, 10.909346 ], [ -74.86161, 10.910071 ], [ -74.862723, 10.910485 ], [ -74.863784, 10.911132 ], [ -74.864612, 10.912271 ], [ -74.864923, 10.911779 ], [ -74.865234, 10.91064 ], [ -74.86557, 10.909579 ], [ -74.866088, 10.908647 ], [ -74.867589, 10.907301 ], [ -74.868676, 10.906551 ], [ -74.869306, 10.906464 ], [ -74.870216, 10.906965 ], [ -74.871005, 10.90712 ], [ -74.87217, 10.907534 ], [ -74.873348, 10.907987 ], [ -74.874473, 10.908207 ], [ -74.874913, 10.908337 ], [ -74.877346, 10.908363 ], [ -74.878161, 10.907884 ], [ -74.878239, 10.906939 ], [ -74.877864, 10.906641 ], [ -74.877618, 10.906202 ], [ -74.877644, 10.905684 ], [ -74.877139, 10.905179 ], [ -74.876402, 10.904998 ], [ -74.875858, 10.904299 ], [ -74.875625, 10.903782 ], [ -74.875056, 10.903652 ], [ -74.873115, 10.903639 ], [ -74.871808, 10.9036 ], [ -74.872532, 10.903109 ], [ -74.872403, 10.90241 ], [ -74.871782, 10.901866 ], [ -74.87173, 10.9014 ], [ -74.872843, 10.901504 ], [ -74.872532, 10.900986 ], [ -74.872248, 10.900702 ], [ -74.872325, 10.899951 ], [ -74.873309, 10.898709 ], [ -74.873539, 10.898385 ], [ -74.873826, 10.898696 ], [ -74.874422, 10.898592 ], [ -74.875056, 10.897997 ], [ -74.87547, 10.897919 ], [ -74.875858, 10.897738 ], [ -74.876945, 10.896845 ], [ -74.877786, 10.896392 ], [ -74.878783, 10.896134 ], [ -74.878951, 10.896612 ], [ -74.878226, 10.897259 ], [ -74.877502, 10.897661 ], [ -74.8771, 10.898036 ], [ -74.877333, 10.898269 ], [ -74.878032, 10.898398 ], [ -74.878265, 10.898942 ], [ -74.877514, 10.899628 ], [ -74.877411, 10.900352 ], [ -74.87798, 10.901219 ], [ -74.878459, 10.901465 ], [ -74.879274, 10.901685 ], [ -74.88031, 10.902164 ], [ -74.880685, 10.901595 ], [ -74.880374, 10.900702 ], [ -74.879274, 10.900313 ], [ -74.878977, 10.899653 ], [ -74.879688, 10.899252 ], [ -74.880517, 10.899343 ], [ -74.880788, 10.898838 ], [ -74.880983, 10.897531 ], [ -74.881604, 10.897091 ], [ -74.883131, 10.89691 ], [ -74.883286, 10.896367 ], [ -74.883053, 10.894995 ], [ -74.883778, 10.893545 ], [ -74.886211, 10.890906 ], [ -74.887142, 10.889974 ], [ -74.886677, 10.889171 ], [ -74.885952, 10.888783 ], [ -74.885797, 10.887567 ], [ -74.886392, 10.887334 ], [ -74.886547, 10.886868 ], [ -74.881552, 10.885677 ], [ -74.881526, 10.88384 ], [ -74.882743, 10.883736 ], [ -74.887453, 10.88415 ], [ -74.887764, 10.884526 ], [ -74.888307, 10.884836 ], [ -74.888902, 10.886182 ], [ -74.888488, 10.887864 ], [ -74.887893, 10.889055 ], [ -74.88766, 10.889624 ], [ -74.889342, 10.889961 ], [ -74.88942, 10.891307 ], [ -74.891439, 10.891229 ], [ -74.891387, 10.892963 ], [ -74.890378, 10.893144 ], [ -74.889912, 10.893817 ], [ -74.889511, 10.894607 ], [ -74.888398, 10.894917 ], [ -74.888501, 10.895629 ], [ -74.889446, 10.895914 ], [ -74.890391, 10.895875 ], [ -74.890843, 10.896056 ], [ -74.891698, 10.896509 ], [ -74.892707, 10.897544 ], [ -74.893923, 10.898308 ], [ -74.894169, 10.899356 ], [ -74.894428, 10.900611 ], [ -74.894752, 10.902695 ], [ -74.895295, 10.903885 ], [ -74.896059, 10.905451 ], [ -74.896421, 10.907146 ], [ -74.89712, 10.907754 ], [ -74.897236, 10.909664 ], [ -74.895345, 10.909568 ], [ -74.89481, 10.910034 ], [ -74.895, 10.911242 ], [ -74.894189, 10.911691 ], [ -74.893464, 10.911777 ], [ -74.892808, 10.911207 ], [ -74.89236, 10.909931 ], [ -74.891324, 10.908792 ], [ -74.89022, 10.908136 ], [ -74.888253, 10.907273 ], [ -74.888012, 10.908412 ], [ -74.887287, 10.908447 ], [ -74.887011, 10.90924 ], [ -74.887218, 10.909758 ], [ -74.888426, 10.910069 ], [ -74.888391, 10.913209 ], [ -74.88601, 10.913243 ], [ -74.886459, 10.910793 ], [ -74.885907, 10.91031 ], [ -74.885182, 10.910586 ], [ -74.884802, 10.911414 ], [ -74.883974, 10.911967 ], [ -74.883802, 10.911345 ], [ -74.884147, 10.910655 ], [ -74.884285, 10.909068 ], [ -74.882801, 10.908654 ], [ -74.881282, 10.909447 ], [ -74.881662, 10.911207 ], [ -74.881489, 10.915245 ], [ -74.883629, 10.916142 ], [ -74.883767, 10.915521 ], [ -74.884906, 10.915418 ], [ -74.885596, 10.916039 ], [ -74.886114, 10.916832 ], [ -74.887252, 10.917971 ], [ -74.889116, 10.918799 ], [ -74.890496, 10.918247 ], [ -74.891117, 10.916453 ], [ -74.891428, 10.916039 ], [ -74.89336, 10.915694 ], [ -74.894016, 10.914796 ], [ -74.893947, 10.913468 ], [ -74.894741, 10.913537 ], [ -74.895845, 10.913485 ], [ -74.89657, 10.913002 ], [ -74.896576, 10.912206 ], [ -74.89734, 10.912154 ], [ -74.897922, 10.911701 ], [ -74.898194, 10.910886 ], [ -74.897663, 10.909243 ], [ -74.897599, 10.907573 ], [ -74.897197, 10.906641 ], [ -74.89712, 10.905063 ], [ -74.895826, 10.904066 ], [ -74.8958, 10.90307 ], [ -74.89567, 10.902268 ], [ -74.895023, 10.901206 ], [ -74.895192, 10.900598 ], [ -74.895062, 10.899744 ], [ -74.8947, 10.898864 ], [ -74.895088, 10.897777 ], [ -74.894855, 10.896612 ], [ -74.89369, 10.895551 ], [ -74.892888, 10.895189 ], [ -74.891542, 10.89493 ], [ -74.891335, 10.89449 ], [ -74.891827, 10.893662 ], [ -74.892707, 10.892756 ], [ -74.893095, 10.891333 ], [ -74.892938, 10.890879 ], [ -74.893205, 10.890666 ], [ -74.893964, 10.889993 ], [ -74.894844, 10.890097 ], [ -74.895396, 10.890097 ], [ -74.895517, 10.889683 ], [ -74.896432, 10.889734 ], [ -74.896967, 10.890062 ], [ -74.897501, 10.889959 ], [ -74.897726, 10.889493 ], [ -74.897553, 10.889079 ], [ -74.896742, 10.888544 ], [ -74.894396, 10.888492 ], [ -74.893602, 10.88882 ], [ -74.89281, 10.889443 ], [ -74.891827, 10.888693 ], [ -74.890688, 10.88833 ], [ -74.889989, 10.887554 ], [ -74.891025, 10.887036 ], [ -74.89193, 10.886726 ], [ -74.891749, 10.884836 ], [ -74.890145, 10.884422 ], [ -74.888799, 10.884396 ], [ -74.888488, 10.88349 ], [ -74.889989, 10.881834 ], [ -74.890429, 10.881187 ], [ -74.89047, 10.88203 ], [ -74.890246, 10.883152 ], [ -74.890574, 10.883894 ], [ -74.891419, 10.883911 ], [ -74.891713, 10.883066 ], [ -74.891764, 10.88153 ], [ -74.892092, 10.880702 ], [ -74.892489, 10.880581 ], [ -74.892903, 10.881306 ], [ -74.893317, 10.881651 ], [ -74.894094, 10.88191 ], [ -74.893869, 10.882824 ], [ -74.893093, 10.883462 ], [ -74.893524, 10.884256 ], [ -74.894422, 10.885033 ], [ -74.895733, 10.885067 ], [ -74.896699, 10.885412 ], [ -74.896872, 10.886275 ], [ -74.897665, 10.885964 ], [ -74.897596, 10.884653 ], [ -74.897803, 10.883411 ], [ -74.899253, 10.882651 ], [ -74.900219, 10.882789 ], [ -74.901427, 10.883307 ], [ -74.902738, 10.883307 ], [ -74.904084, 10.883135 ], [ -74.905257, 10.883687 ], [ -74.906603, 10.882997 ], [ -74.907535, 10.882651 ], [ -74.907397, 10.881651 ], [ -74.905948, 10.880615 ], [ -74.905361, 10.879891 ], [ -74.905602, 10.878994 ], [ -74.906948, 10.878994 ], [ -74.908087, 10.878545 ], [ -74.908605, 10.878131 ], [ -74.909709, 10.878407 ], [ -74.910848, 10.878614 ], [ -74.911124, 10.877958 ], [ -74.909088, 10.876819 ], [ -74.909226, 10.876474 ], [ -74.911158, 10.876267 ], [ -74.911262, 10.875577 ], [ -74.909295, 10.875232 ], [ -74.908329, 10.875577 ], [ -74.907707, 10.874956 ], [ -74.908122, 10.87361 ], [ -74.908225, 10.873093 ], [ -74.908018, 10.87254 ], [ -74.90681, 10.872782 ], [ -74.906534, 10.872092 ], [ -74.90681, 10.870642 ], [ -74.907845, 10.869538 ], [ -74.907845, 10.869089 ], [ -74.907293, 10.868848 ], [ -74.906396, 10.868503 ], [ -74.906086, 10.867847 ], [ -74.904912, 10.867744 ], [ -74.9048, 10.866381 ], [ -74.902833, 10.866277 ], [ -74.902712, 10.86745 ], [ -74.900383, 10.867744 ], [ -74.900107, 10.867864 ], [ -74.898537, 10.867709 ], [ -74.898381, 10.867019 ], [ -74.898414, 10.866659 ], [ -74.898737, 10.866771 ], [ -74.899915, 10.866784 ], [ -74.901118, 10.866098 ], [ -74.9021, 10.864715 ], [ -74.902529, 10.86483 ], [ -74.903914, 10.864739 ], [ -74.905389, 10.86417 ], [ -74.905661, 10.864286 ], [ -74.905272, 10.864946 ], [ -74.905065, 10.865438 ], [ -74.905285, 10.866085 ], [ -74.905945, 10.866409 ], [ -74.906644, 10.866266 ], [ -74.907214, 10.865671 ], [ -74.907783, 10.864662 ], [ -74.908326, 10.86404 ], [ -74.908223, 10.863355 ], [ -74.906592, 10.863406 ], [ -74.906165, 10.863562 ], [ -74.905971, 10.863316 ], [ -74.905738, 10.863057 ], [ -74.905855, 10.862811 ], [ -74.906618, 10.862656 ], [ -74.907149, 10.862332 ], [ -74.908094, 10.862112 ], [ -74.908844, 10.86228 ], [ -74.909776, 10.862824 ], [ -74.909595, 10.863678 ], [ -74.909116, 10.864467 ], [ -74.909129, 10.864895 ], [ -74.909556, 10.865231 ], [ -74.909957, 10.865192 ], [ -74.910682, 10.864675 ], [ -74.91085, 10.864015 ], [ -74.910889, 10.863458 ], [ -74.911251, 10.862902 ], [ -74.911898, 10.862656 ], [ -74.912299, 10.862591 ], [ -74.911976, 10.86417 ], [ -74.911976, 10.864726 ], [ -74.912015, 10.865451 ], [ -74.91195, 10.86602 ], [ -74.911445, 10.866939 ], [ -74.910591, 10.868026 ], [ -74.909879, 10.868596 ], [ -74.909271, 10.869696 ], [ -74.908611, 10.870951 ], [ -74.908611, 10.87187 ], [ -74.909155, 10.872555 ], [ -74.910371, 10.87284 ], [ -74.911355, 10.872801 ], [ -74.911691, 10.87262 ], [ -74.912209, 10.872711 ], [ -74.912105, 10.873215 ], [ -74.911808, 10.873655 ], [ -74.912131, 10.87416 ], [ -74.913127, 10.874095 ], [ -74.913438, 10.873371 ], [ -74.913451, 10.872853 ], [ -74.912519, 10.872361 ], [ -74.912105, 10.871559 ], [ -74.91204, 10.87064 ], [ -74.912739, 10.869954 ], [ -74.913115, 10.869463 ], [ -74.913368, 10.868372 ], [ -74.913878, 10.868673 ], [ -74.915897, 10.868971 ], [ -74.916207, 10.867237 ], [ -74.916466, 10.866409 ], [ -74.916816, 10.865684 ], [ -74.916427, 10.864649 ], [ -74.916414, 10.864338 ], [ -74.916906, 10.86426 ], [ -74.917566, 10.864183 ], [ -74.917799, 10.863756 ], [ -74.91745, 10.863497 ], [ -74.916505, 10.86338 ], [ -74.916376, 10.862902 ], [ -74.916376, 10.86219 ], [ -74.916647, 10.861336 ], [ -74.917126, 10.861038 ], [ -74.919016, 10.862397 ], [ -74.919559, 10.861646 ], [ -74.920568, 10.861439 ], [ -74.921578, 10.862552 ], [ -74.921966, 10.863044 ], [ -74.922354, 10.863795 ], [ -74.922173, 10.864649 ], [ -74.921526, 10.865994 ], [ -74.920413, 10.86646 ], [ -74.918653, 10.868557 ], [ -74.917799, 10.870084 ], [ -74.917281, 10.871223 ], [ -74.916324, 10.871041 ], [ -74.915289, 10.870368 ], [ -74.914227, 10.870912 ], [ -74.913787, 10.871921 ], [ -74.91415, 10.872672 ], [ -74.914667, 10.873448 ], [ -74.915729, 10.873888 ], [ -74.917747, 10.874251 ], [ -74.919481, 10.874225 ], [ -74.921423, 10.873681 ], [ -74.9215, 10.872931 ], [ -74.920983, 10.871895 ], [ -74.92106, 10.870705 ], [ -74.921888, 10.870006 ], [ -74.92326, 10.86967 ], [ -74.923778, 10.869411 ], [ -74.92383, 10.86439 ], [ -74.924477, 10.864183 ], [ -74.925072, 10.863355 ], [ -74.925615, 10.862423 ], [ -74.925538, 10.861413 ], [ -74.92678, 10.861828 ], [ -74.927134, 10.862648 ], [ -74.926651, 10.86382 ], [ -74.926004, 10.86558 ], [ -74.925357, 10.867185 ], [ -74.924994, 10.868764 ], [ -74.925046, 10.869307 ], [ -74.925331, 10.869489 ], [ -74.925822, 10.868039 ], [ -74.926961, 10.865865 ], [ -74.927608, 10.86439 ], [ -74.928126, 10.863795 ], [ -74.928721, 10.86426 ], [ -74.928902, 10.864545 ], [ -74.929161, 10.865529 ], [ -74.928747, 10.867237 ], [ -74.9281, 10.868841 ], [ -74.92766, 10.869696 ], [ -74.927116, 10.870032 ], [ -74.926444, 10.869721 ], [ -74.925926, 10.870912 ], [ -74.925512, 10.872232 ], [ -74.925719, 10.873034 ], [ -74.926832, 10.872957 ], [ -74.928255, 10.871714 ], [ -74.92854, 10.870161 ], [ -74.929549, 10.868065 ], [ -74.930196, 10.866434 ], [ -74.930533, 10.865684 ], [ -74.931102, 10.865891 ], [ -74.931076, 10.867263 ], [ -74.93017, 10.869566 ], [ -74.929989, 10.871947 ], [ -74.930119, 10.873345 ], [ -74.930378, 10.874018 ], [ -74.930818, 10.87451 ], [ -74.931509, 10.874973 ], [ -74.930728, 10.875429 ], [ -74.930806, 10.875675 ], [ -74.930673, 10.875734 ], [ -74.930309, 10.876281 ], [ -74.93014, 10.876592 ], [ -74.929823, 10.877389 ], [ -74.928307, 10.876671 ], [ -74.92634, 10.876412 ], [ -74.924632, 10.876101 ], [ -74.92339, 10.875972 ], [ -74.921707, 10.875687 ], [ -74.920866, 10.8757 ], [ -74.919494, 10.876697 ], [ -74.918666, 10.877861 ], [ -74.91855, 10.879 ], [ -74.917437, 10.879298 ], [ -74.917256, 10.880216 ], [ -74.917773, 10.8812 ], [ -74.917126, 10.881588 ], [ -74.916207, 10.881329 ], [ -74.915444, 10.881342 ], [ -74.915146, 10.881886 ], [ -74.915289, 10.88261 ], [ -74.914331, 10.883672 ], [ -74.913425, 10.885069 ], [ -74.912752, 10.884086 ], [ -74.910501, 10.884448 ], [ -74.910216, 10.884577 ], [ -74.908973, 10.884396 ], [ -74.908197, 10.883723 ], [ -74.907343, 10.884836 ], [ -74.906644, 10.886208 ], [ -74.906644, 10.887062 ], [ -74.907239, 10.887321 ], [ -74.908094, 10.888123 ], [ -74.908301, 10.888848 ], [ -74.908818, 10.889909 ], [ -74.908637, 10.890271 ], [ -74.907925, 10.89031 ], [ -74.906955, 10.890064 ], [ -74.906528, 10.890323 ], [ -74.906049, 10.891307 ], [ -74.905622, 10.89163 ], [ -74.904162, 10.891546 ], [ -74.903955, 10.892357 ], [ -74.904144, 10.894203 ], [ -74.90449, 10.895549 ], [ -74.905369, 10.89674 ], [ -74.906353, 10.897085 ], [ -74.907162, 10.897117 ], [ -74.907835, 10.896936 ], [ -74.908301, 10.896625 ], [ -74.908663, 10.896185 ], [ -74.909388, 10.896315 ], [ -74.909879, 10.89647 ], [ -74.910397, 10.896185 ], [ -74.910656, 10.895487 ], [ -74.909828, 10.895124 ], [ -74.909672, 10.894607 ], [ -74.910086, 10.894011 ], [ -74.910656, 10.894322 ], [ -74.911044, 10.894607 ], [ -74.911833, 10.895577 ], [ -74.912222, 10.896405 ], [ -74.912312, 10.897738 ], [ -74.912545, 10.898308 ], [ -74.912778, 10.899019 ], [ -74.913011, 10.900145 ], [ -74.913089, 10.90087 ], [ -74.912752, 10.901491 ], [ -74.911562, 10.902009 ], [ -74.910682, 10.902682 ], [ -74.909931, 10.904985 ], [ -74.909828, 10.906409 ], [ -74.910138, 10.906952 ], [ -74.910423, 10.907263 ], [ -74.910449, 10.907599 ], [ -74.910035, 10.908608 ], [ -74.909957, 10.909488 ], [ -74.909698, 10.90998 ], [ -74.909388, 10.91086 ], [ -74.910449, 10.911352 ], [ -74.911329, 10.91143 ], [ -74.912235, 10.911637 ], [ -74.913347, 10.912103 ], [ -74.914279, 10.912827 ], [ -74.914849, 10.913655 ], [ -74.915289, 10.914121 ], [ -74.915625, 10.915208 ], [ -74.915314, 10.916476 ], [ -74.914072, 10.916658 ], [ -74.91283, 10.918159 ], [ -74.912519, 10.919712 ], [ -74.912312, 10.921523 ], [ -74.912053, 10.923128 ], [ -74.910759, 10.923956 ], [ -74.910656, 10.925872 ], [ -74.911329, 10.926855 ], [ -74.911777, 10.92745 ], [ -74.911743, 10.927515 ], [ -74.911186, 10.927709 ], [ -74.910281, 10.926803 ], [ -74.909155, 10.926273 ], [ -74.90887, 10.926855 ], [ -74.909232, 10.927463 ], [ -74.909621, 10.927929 ], [ -74.908935, 10.928938 ], [ -74.90821, 10.928343 ], [ -74.908068, 10.928201 ], [ -74.907666, 10.928938 ], [ -74.907239, 10.929663 ], [ -74.906165, 10.929611 ], [ -74.906243, 10.928977 ], [ -74.905298, 10.928822 ], [ -74.904884, 10.929495 ], [ -74.90438, 10.929573 ], [ -74.903215, 10.928951 ], [ -74.902438, 10.927554 ], [ -74.901662, 10.927295 ], [ -74.901118, 10.92701 ], [ -74.899462, 10.925276 ], [ -74.897702, 10.923076 ], [ -74.896512, 10.922196 ], [ -74.895528, 10.922455 ], [ -74.89514, 10.924189 ], [ -74.894803, 10.92481 ], [ -74.894933, 10.925328 ], [ -74.89633, 10.925354 ], [ -74.897547, 10.926182 ], [ -74.898271, 10.926984 ], [ -74.899048, 10.92745 ], [ -74.899954, 10.927528 ], [ -74.901041, 10.927709 ], [ -74.901558, 10.928175 ], [ -74.901843, 10.929081 ], [ -74.901662, 10.930013 ], [ -74.901118, 10.930996 ], [ -74.899954, 10.932704 ], [ -74.899514, 10.933765 ], [ -74.899126, 10.934956 ], [ -74.898349, 10.935474 ], [ -74.898168, 10.936354 ], [ -74.898582, 10.936819 ], [ -74.899255, 10.938139 ], [ -74.899928, 10.939123 ], [ -74.900627, 10.940598 ], [ -74.900937, 10.94153 ], [ -74.900653, 10.941944 ], [ -74.899721, 10.941996 ], [ -74.89853, 10.94065 ], [ -74.898039, 10.939796 ], [ -74.896641, 10.939796 ], [ -74.896072, 10.941271 ], [ -74.895942, 10.943186 ], [ -74.896253, 10.944972 ], [ -74.896563, 10.946292 ], [ -74.898323, 10.946758 ], [ -74.899695, 10.946836 ], [ -74.900471, 10.946706 ], [ -74.900963, 10.946111 ], [ -74.900834, 10.945127 ], [ -74.900109, 10.944506 ], [ -74.899307, 10.943497 ], [ -74.900497, 10.943238 ], [ -74.90161, 10.944429 ], [ -74.90262, 10.9458 ], [ -74.903603, 10.947069 ], [ -74.904405, 10.948596 ], [ -74.905234, 10.95196 ], [ -74.909168, 10.950097 ], [ -74.909426, 10.951339 ], [ -74.910617, 10.951701 ], [ -74.911186, 10.952426 ], [ -74.911083, 10.953306 ], [ -74.910255, 10.954393 ], [ -74.908961, 10.954082 ], [ -74.908081, 10.953565 ], [ -74.907408, 10.954393 ], [ -74.907925, 10.955842 ], [ -74.909841, 10.956308 ], [ -74.91217, 10.955842 ], [ -74.91393, 10.955894 ], [ -74.91453, 10.955633 ], [ -74.914609, 10.954477 ], [ -74.914402, 10.953817 ], [ -74.914079, 10.953804 ], [ -74.913548, 10.953688 ], [ -74.912694, 10.953597 ], [ -74.912422, 10.953222 ], [ -74.912409, 10.95229 ], [ -74.912254, 10.951772 ], [ -74.911361, 10.950789 ], [ -74.909873, 10.949456 ], [ -74.911076, 10.948408 ], [ -74.910843, 10.947968 ], [ -74.9103, 10.947282 ], [ -74.909963, 10.946751 ], [ -74.909498, 10.945703 ], [ -74.908721, 10.944797 ], [ -74.908851, 10.944228 ], [ -74.908514, 10.943283 ], [ -74.908016, 10.942649 ], [ -74.907841, 10.94206 ], [ -74.90788, 10.941504 ], [ -74.908417, 10.941271 ], [ -74.908611, 10.940948 ], [ -74.908643, 10.940475 ], [ -74.908715, 10.93986 ], [ -74.908954, 10.939602 ], [ -74.909465, 10.939608 ], [ -74.909899, 10.939841 ] ], [ [ -74.898727, 10.890321 ], [ -74.897726, 10.892046 ], [ -74.89676, 10.894082 ], [ -74.896622, 10.894945 ], [ -74.898243, 10.895049 ], [ -74.898209, 10.89567 ], [ -74.901073, 10.895497 ], [ -74.901246, 10.895773 ], [ -74.902592, 10.895497 ], [ -74.902661, 10.894807 ], [ -74.903247, 10.894531 ], [ -74.903316, 10.893289 ], [ -74.902453, 10.892081 ], [ -74.90235, 10.89108 ], [ -74.902315, 10.890321 ], [ -74.904006, 10.889838 ], [ -74.903937, 10.889113 ], [ -74.903109, 10.889113 ], [ -74.903799, 10.887491 ], [ -74.902902, 10.886836 ], [ -74.900452, 10.888734 ], [ -74.898727, 10.890321 ] ], [ [ -74.903575, 10.899311 ], [ -74.90392, 10.902761 ], [ -74.905404, 10.904435 ], [ -74.906318, 10.902986 ], [ -74.907837, 10.90026 ], [ -74.90656, 10.899052 ], [ -74.903195, 10.896188 ], [ -74.902212, 10.897378 ], [ -74.903575, 10.899311 ] ], [ [ -74.901953, 10.900001 ], [ -74.901401, 10.900432 ], [ -74.901246, 10.900777 ], [ -74.901418, 10.90114 ], [ -74.901574, 10.902158 ], [ -74.902126, 10.902554 ], [ -74.903092, 10.902071 ], [ -74.903006, 10.899483 ], [ -74.902143, 10.899552 ], [ -74.901953, 10.900001 ] ], [ [ -74.89833, 10.907282 ], [ -74.899382, 10.90849 ], [ -74.90059, 10.908542 ], [ -74.90059, 10.90635 ], [ -74.901539, 10.906592 ], [ -74.901729, 10.908369 ], [ -74.901591, 10.908835 ], [ -74.901073, 10.909284 ], [ -74.900883, 10.909784 ], [ -74.901228, 10.910215 ], [ -74.902609, 10.910543 ], [ -74.902764, 10.911302 ], [ -74.902281, 10.911682 ], [ -74.901504, 10.912182 ], [ -74.90021, 10.914011 ], [ -74.899037, 10.914615 ], [ -74.898778, 10.915098 ], [ -74.899348, 10.915443 ], [ -74.898985, 10.916082 ], [ -74.89764, 10.916254 ], [ -74.897363, 10.916945 ], [ -74.89921, 10.917117 ], [ -74.901643, 10.917514 ], [ -74.90197, 10.916203 ], [ -74.902419, 10.915616 ], [ -74.901746, 10.915288 ], [ -74.901798, 10.914805 ], [ -74.902764, 10.91446 ], [ -74.90285, 10.913356 ], [ -74.904127, 10.911975 ], [ -74.90442, 10.911251 ], [ -74.905628, 10.911182 ], [ -74.905956, 10.911837 ], [ -74.905663, 10.912407 ], [ -74.905111, 10.912458 ], [ -74.904507, 10.912683 ], [ -74.904334, 10.913166 ], [ -74.903937, 10.913614 ], [ -74.903696, 10.91446 ], [ -74.904041, 10.915167 ], [ -74.904576, 10.915788 ], [ -74.905594, 10.916168 ], [ -74.906767, 10.916151 ], [ -74.907181, 10.916617 ], [ -74.908113, 10.91741 ], [ -74.908372, 10.918014 ], [ -74.907837, 10.918118 ], [ -74.907595, 10.918463 ], [ -74.907923, 10.919308 ], [ -74.908424, 10.919395 ], [ -74.90851, 10.918532 ], [ -74.909045, 10.918101 ], [ -74.909131, 10.91729 ], [ -74.908838, 10.917186 ], [ -74.908803, 10.916565 ], [ -74.909372, 10.916513 ], [ -74.9092, 10.916065 ], [ -74.907475, 10.915616 ], [ -74.907751, 10.914926 ], [ -74.909925, 10.913269 ], [ -74.908993, 10.912027 ], [ -74.907854, 10.912165 ], [ -74.907129, 10.911751 ], [ -74.906232, 10.911268 ], [ -74.906094, 10.910923 ], [ -74.906681, 10.910474 ], [ -74.907026, 10.908714 ], [ -74.906232, 10.908542 ], [ -74.906301, 10.909542 ], [ -74.905508, 10.910302 ], [ -74.904748, 10.910233 ], [ -74.903541, 10.909611 ], [ -74.902885, 10.907817 ], [ -74.902505, 10.90654 ], [ -74.903679, 10.905712 ], [ -74.903782, 10.903745 ], [ -74.902816, 10.904366 ], [ -74.901712, 10.90547 ], [ -74.900055, 10.905332 ], [ -74.899089, 10.904711 ], [ -74.898381, 10.905022 ], [ -74.89833, 10.907282 ] ], [ [ -74.882611, 10.904504 ], [ -74.881196, 10.904332 ], [ -74.881369, 10.903624 ], [ -74.878487, 10.902865 ], [ -74.878159, 10.904125 ], [ -74.880816, 10.905884 ], [ -74.881006, 10.905229 ], [ -74.882611, 10.905212 ], [ -74.882611, 10.904504 ] ], [ [ -74.88815, 10.901674 ], [ -74.887287, 10.901933 ], [ -74.887252, 10.902641 ], [ -74.887753, 10.902934 ], [ -74.88777, 10.903883 ], [ -74.888063, 10.903831 ], [ -74.888357, 10.903555 ], [ -74.888702, 10.903555 ], [ -74.888995, 10.903866 ], [ -74.889168, 10.903676 ], [ -74.888771, 10.902779 ], [ -74.888426, 10.90233 ], [ -74.88815, 10.901674 ] ], [ [ -74.896087, 10.949676 ], [ -74.89619, 10.948192 ], [ -74.895604, 10.947606 ], [ -74.895638, 10.945052 ], [ -74.89512, 10.944776 ], [ -74.892981, 10.944914 ], [ -74.892532, 10.945501 ], [ -74.892705, 10.946708 ], [ -74.892429, 10.948296 ], [ -74.891566, 10.948296 ], [ -74.891221, 10.947329 ], [ -74.887459, 10.94726 ], [ -74.887045, 10.950021 ], [ -74.887321, 10.951471 ], [ -74.887874, 10.952644 ], [ -74.887805, 10.954714 ], [ -74.886907, 10.95575 ], [ -74.885907, 10.955681 ], [ -74.885561, 10.954714 ], [ -74.884975, 10.951988 ], [ -74.883594, 10.952333 ], [ -74.883422, 10.954887 ], [ -74.883353, 10.957061 ], [ -74.88601, 10.956405 ], [ -74.886045, 10.957061 ], [ -74.887805, 10.957648 ], [ -74.888943, 10.956888 ], [ -74.889392, 10.958234 ], [ -74.890496, 10.958441 ], [ -74.890427, 10.956026 ], [ -74.889461, 10.955991 ], [ -74.888978, 10.955439 ], [ -74.889772, 10.955128 ], [ -74.890013, 10.954438 ], [ -74.890358, 10.954059 ], [ -74.891221, 10.952816 ], [ -74.891635, 10.950815 ], [ -74.891566, 10.949331 ], [ -74.892256, 10.949331 ], [ -74.892567, 10.950677 ], [ -74.892394, 10.951194 ], [ -74.892256, 10.95292 ], [ -74.892912, 10.95292 ], [ -74.892912, 10.953507 ], [ -74.893671, 10.953438 ], [ -74.893913, 10.952368 ], [ -74.894189, 10.951747 ], [ -74.894534, 10.951988 ], [ -74.894706, 10.952713 ], [ -74.894396, 10.953438 ], [ -74.893947, 10.954266 ], [ -74.895258, 10.954369 ], [ -74.895776, 10.953058 ], [ -74.895224, 10.95154 ], [ -74.895776, 10.950953 ], [ -74.89764, 10.950677 ], [ -74.898157, 10.951125 ], [ -74.898399, 10.953092 ], [ -74.900159, 10.953852 ], [ -74.901194, 10.952954 ], [ -74.901815, 10.951988 ], [ -74.902436, 10.95009 ], [ -74.901712, 10.949607 ], [ -74.896087, 10.949676 ] ] ], [ [ [ -74.888029, 10.936528 ], [ -74.886959, 10.937115 ], [ -74.88689, 10.937374 ], [ -74.887183, 10.937771 ], [ -74.887632, 10.937978 ], [ -74.887787, 10.938167 ], [ -74.887684, 10.938961 ], [ -74.887235, 10.939237 ], [ -74.88651, 10.938789 ], [ -74.886183, 10.937891 ], [ -74.885717, 10.93727 ], [ -74.885216, 10.937218 ], [ -74.884923, 10.937581 ], [ -74.884457, 10.937805 ], [ -74.883836, 10.937736 ], [ -74.883491, 10.937149 ], [ -74.883681, 10.936149 ], [ -74.884009, 10.935614 ], [ -74.884509, 10.934596 ], [ -74.884492, 10.933647 ], [ -74.883922, 10.933146 ], [ -74.882749, 10.932404 ], [ -74.882249, 10.931542 ], [ -74.882456, 10.931128 ], [ -74.882904, 10.93111 ], [ -74.883681, 10.931732 ], [ -74.88475, 10.932266 ], [ -74.88532, 10.933302 ], [ -74.88582, 10.934509 ], [ -74.886683, 10.934717 ], [ -74.887494, 10.93501 ], [ -74.88815, 10.935993 ], [ -74.888029, 10.936528 ] ] ], [ [ [ -74.877987, 10.932215 ], [ -74.877676, 10.931248 ], [ -74.878332, 10.929765 ], [ -74.879678, 10.929488 ], [ -74.87985, 10.930938 ], [ -74.878815, 10.931973 ], [ -74.877987, 10.932215 ] ] ], [ [ [ -74.885078, 10.93903 ], [ -74.885458, 10.939513 ], [ -74.885182, 10.939789 ], [ -74.884233, 10.9401 ], [ -74.884009, 10.940393 ], [ -74.883405, 10.940324 ], [ -74.882628, 10.940014 ], [ -74.881955, 10.939738 ], [ -74.881735, 10.939471 ], [ -74.881835, 10.939082 ], [ -74.882162, 10.938357 ], [ -74.882645, 10.938081 ], [ -74.883508, 10.938357 ], [ -74.884405, 10.938702 ], [ -74.885078, 10.93903 ] ] ], [ [ [ -74.880886, 10.927245 ], [ -74.87847, 10.926762 ], [ -74.878194, 10.926348 ], [ -74.877193, 10.9259 ], [ -74.87709, 10.925037 ], [ -74.877952, 10.924002 ], [ -74.878677, 10.923898 ], [ -74.881196, 10.924519 ], [ -74.88161, 10.925244 ], [ -74.880886, 10.927245 ] ] ] ] } },
{ "type": "Feature", "properties": { "NOMBRE": "CONFLICTO MEDIO", "Area_Ha": 18587.50754312125 }, "geometry": { "type": "Polygon", "coordinates": [ [ [ -74.89281, 10.889443 ], [ -74.893602, 10.88882 ], [ -74.894396, 10.888492 ], [ -74.896742, 10.888544 ], [ -74.897553, 10.889079 ], [ -74.897726, 10.889493 ], [ -74.897501, 10.889959 ], [ -74.896967, 10.890062 ], [ -74.896432, 10.889734 ], [ -74.895517, 10.889683 ], [ -74.895396, 10.890097 ], [ -74.894844, 10.890097 ], [ -74.893964, 10.889993 ], [ -74.893205, 10.890666 ], [ -74.892938, 10.890879 ], [ -74.892655, 10.890064 ], [ -74.89281, 10.889443 ] ] ] } },
{ "type": "Feature", "properties": { "NOMBRE": "CONFLICTO MUY ALTO", "Area_Ha": 18587.50754312125 }, "geometry": { "type": "Polygon", "coordinates": [ [ [ -74.902401, 10.89157 ], [ -74.901763, 10.891805 ], [ -74.90147, 10.891218 ], [ -74.900866, 10.891287 ], [ -74.900228, 10.892133 ], [ -74.899745, 10.892737 ], [ -74.899848, 10.893634 ], [ -74.899538, 10.894238 ], [ -74.898916, 10.894583 ], [ -74.898312, 10.894428 ], [ -74.898312, 10.893582 ], [ -74.898882, 10.893358 ], [ -74.899072, 10.892064 ], [ -74.900124, 10.890287 ], [ -74.900935, 10.890062 ], [ -74.901625, 10.889976 ], [ -74.901729, 10.888785 ], [ -74.902747, 10.887767 ], [ -74.902902, 10.886836 ], [ -74.903799, 10.887491 ], [ -74.903109, 10.889113 ], [ -74.903937, 10.889113 ], [ -74.904006, 10.889838 ], [ -74.902315, 10.890321 ], [ -74.90235, 10.89108 ], [ -74.902401, 10.89157 ] ] ] } },
{ "type": "Feature", "properties": { "NOMBRE": "CONFLICTO MEDIO", "Area_Ha": 18587.50754312125 }, "geometry": { "type": "Polygon", "coordinates": [ [ [ -74.906643, 10.89913 ], [ -74.904731, 10.901899 ], [ -74.903833, 10.901886 ], [ -74.903575, 10.899311 ], [ -74.902212, 10.897378 ], [ -74.903195, 10.896188 ], [ -74.906643, 10.89913 ] ] ] } },
{ "type": "Feature", "properties": { "NOMBRE": "CONFLICTO MUY ALTO", "Area_Ha": 18587.50754312125 }, "geometry": { "type": "Polygon", "coordinates": [ [ [ -74.903006, 10.899483 ], [ -74.903092, 10.902071 ], [ -74.902126, 10.902554 ], [ -74.901574, 10.902158 ], [ -74.901418, 10.90114 ], [ -74.901246, 10.900777 ], [ -74.901401, 10.900432 ], [ -74.901953, 10.900001 ], [ -74.902143, 10.899552 ], [ -74.903006, 10.899483 ] ] ] } },
{ "type": "Feature", "properties": { "NOMBRE": "CONFLICTO MUY ALTO", "Area_Ha": 18587.50754312125 }, "geometry": { "type": "Polygon", "coordinates": [ [ [ -74.903833, 10.901886 ], [ -74.904731, 10.901899 ], [ -74.906643, 10.89913 ], [ -74.907837, 10.90026 ], [ -74.906318, 10.902986 ], [ -74.905404, 10.904435 ], [ -74.90392, 10.902761 ], [ -74.903833, 10.901886 ] ] ] } },
{ "type": "Feature", "properties": { "NOMBRE": "CONFLICTO MEDIO", "Area_Ha": 18587.50754312125 }, "geometry": { "type": "Polygon", "coordinates": [ [ [ -74.90442, 10.911251 ], [ -74.9048, 10.910716 ], [ -74.904748, 10.910233 ], [ -74.905508, 10.910302 ], [ -74.906301, 10.909542 ], [ -74.906232, 10.908542 ], [ -74.907026, 10.908714 ], [ -74.906681, 10.910474 ], [ -74.906094, 10.910923 ], [ -74.906232, 10.911268 ], [ -74.907129, 10.911751 ], [ -74.907854, 10.912165 ], [ -74.907457, 10.912959 ], [ -74.906888, 10.913304 ], [ -74.904835, 10.9127 ], [ -74.904507, 10.912683 ], [ -74.905111, 10.912458 ], [ -74.905663, 10.912407 ], [ -74.905956, 10.911837 ], [ -74.905628, 10.911182 ], [ -74.90442, 10.911251 ] ] ] } },
{ "type": "Feature", "properties": { "NOMBRE": "CONFLICTO MUY ALTO", "Area_Ha": 18587.50754312125 }, "geometry": { "type": "Polygon", "coordinates": [ [ [ -74.904507, 10.912683 ], [ -74.904835, 10.9127 ], [ -74.906888, 10.913304 ], [ -74.907457, 10.912959 ], [ -74.907854, 10.912165 ], [ -74.908993, 10.912027 ], [ -74.909925, 10.913269 ], [ -74.907751, 10.914926 ], [ -74.907475, 10.915616 ], [ -74.9092, 10.916065 ], [ -74.909372, 10.916513 ], [ -74.908803, 10.916565 ], [ -74.908838, 10.917186 ], [ -74.909131, 10.91729 ], [ -74.909045, 10.918101 ], [ -74.90851, 10.918532 ], [ -74.908424, 10.919395 ], [ -74.907923, 10.919308 ], [ -74.907595, 10.918463 ], [ -74.907837, 10.918118 ], [ -74.908372, 10.918014 ], [ -74.908113, 10.91741 ], [ -74.907181, 10.916617 ], [ -74.906767, 10.916151 ], [ -74.905594, 10.916168 ], [ -74.904576, 10.915788 ], [ -74.904041, 10.915167 ], [ -74.903696, 10.91446 ], [ -74.903937, 10.913614 ], [ -74.904334, 10.913166 ], [ -74.904507, 10.912683 ] ] ] } },
{ "type": "Feature", "properties": { "NOMBRE": "CONFLICTO MEDIO", "Area_Ha": 18587.50754312125 }, "geometry": { "type": "Polygon", "coordinates": [ [ [ -74.901729, 10.908369 ], [ -74.902229, 10.908507 ], [ -74.902695, 10.908369 ], [ -74.902979, 10.908073 ], [ -74.903541, 10.909611 ], [ -74.903906, 10.909799 ], [ -74.903782, 10.910077 ], [ -74.903075, 10.910474 ], [ -74.902609, 10.910543 ], [ -74.901228, 10.910215 ], [ -74.900883, 10.909784 ], [ -74.901073, 10.909284 ], [ -74.901591, 10.908835 ], [ -74.901729, 10.908369 ] ] ] } },
{ "type": "Feature", "properties": { "NOMBRE": "CONFLICTO MUY ALTO", "Area_Ha": 18587.50754312125 }, "geometry": { "type": "Polygon", "coordinates": [ [ [ -74.902609, 10.910543 ], [ -74.903075, 10.910474 ], [ -74.903782, 10.910077 ], [ -74.903906, 10.909799 ], [ -74.904748, 10.910233 ], [ -74.9048, 10.910716 ], [ -74.90442, 10.911251 ], [ -74.904127, 10.911975 ], [ -74.90285, 10.913356 ], [ -74.902764, 10.91446 ], [ -74.901798, 10.914805 ], [ -74.901746, 10.915288 ], [ -74.902419, 10.915616 ], [ -74.90197, 10.916203 ], [ -74.901643, 10.917514 ], [ -74.89921, 10.917117 ], [ -74.897363, 10.916945 ], [ -74.89764, 10.916254 ], [ -74.898985, 10.916082 ], [ -74.899348, 10.915443 ], [ -74.898778, 10.915098 ], [ -74.899037, 10.914615 ], [ -74.90021, 10.914011 ], [ -74.901504, 10.912182 ], [ -74.902281, 10.911682 ], [ -74.902764, 10.911302 ], [ -74.902609, 10.910543 ] ] ] } },
{ "type": "Feature", "properties": { "NOMBRE": "CONFLICTO MUY ALTO", "Area_Ha": 18587.50754312125 }, "geometry": { "type": "Polygon", "coordinates": [ [ [ -74.902979, 10.908073 ], [ -74.902695, 10.908369 ], [ -74.902229, 10.908507 ], [ -74.901729, 10.908369 ], [ -74.901539, 10.906592 ], [ -74.90059, 10.90635 ], [ -74.90059, 10.908542 ], [ -74.899382, 10.90849 ], [ -74.89833, 10.907282 ], [ -74.898381, 10.905022 ], [ -74.899089, 10.904711 ], [ -74.900055, 10.905332 ], [ -74.901712, 10.90547 ], [ -74.902816, 10.904366 ], [ -74.903782, 10.903745 ], [ -74.903679, 10.905712 ], [ -74.902505, 10.90654 ], [ -74.902885, 10.907817 ], [ -74.902979, 10.908073 ] ] ] } },
{ "type": "Feature", "properties": { "NOMBRE": "CONFLICTO MUY ALTO", "Area_Ha": 18587.50754312125 }, "geometry": { "type": "Polygon", "coordinates": [ [ [ -74.881006, 10.905229 ], [ -74.880816, 10.905884 ], [ -74.878159, 10.904125 ], [ -74.878487, 10.902865 ], [ -74.881369, 10.903624 ], [ -74.881196, 10.904332 ], [ -74.882611, 10.904504 ], [ -74.882611, 10.905212 ], [ -74.881006, 10.905229 ] ] ] } },
{ "type": "Feature", "properties": { "NOMBRE": "CONFLICTO MUY ALTO", "Area_Ha": 18587.50754312125 }, "geometry": { "type": "Polygon", "coordinates": [ [ [ -74.888771, 10.902779 ], [ -74.889168, 10.903676 ], [ -74.888995, 10.903866 ], [ -74.888702, 10.903555 ], [ -74.888357, 10.903555 ], [ -74.888063, 10.903831 ], [ -74.88777, 10.903883 ], [ -74.887753, 10.902934 ], [ -74.887252, 10.902641 ], [ -74.887287, 10.901933 ], [ -74.88815, 10.901674 ], [ -74.888426, 10.90233 ], [ -74.888771, 10.902779 ] ] ] } },
{ "type": "Feature", "properties": { "NOMBRE": "CONFLICTO MEDIO", "Area_Ha": 18587.50754312125 }, "geometry": { "type": "Polygon", "coordinates": [ [ [ -74.896087, 10.949676 ], [ -74.893429, 10.949883 ], [ -74.892912, 10.948434 ], [ -74.892429, 10.948296 ], [ -74.892705, 10.946708 ], [ -74.892532, 10.945501 ], [ -74.892981, 10.944914 ], [ -74.89512, 10.944776 ], [ -74.895638, 10.945052 ], [ -74.895604, 10.947606 ], [ -74.89619, 10.948192 ], [ -74.896087, 10.949676 ] ] ] } },
{ "type": "Feature", "properties": { "NOMBRE": "CONFLICTO MEDIO", "Area_Ha": 18587.50754312125 }, "geometry": { "type": "Polygon", "coordinates": [ [ [ -74.898399, 10.953092 ], [ -74.899227, 10.951988 ], [ -74.901815, 10.951988 ], [ -74.901194, 10.952954 ], [ -74.900159, 10.953852 ], [ -74.898399, 10.953092 ] ] ] } },
{ "type": "Feature", "properties": { "NOMBRE": "CONFLICTO MUY ALTO", "Area_Ha": 18587.50754312125 }, "geometry": { "type": "Polygon", "coordinates": [ [ [ -74.888943, 10.956888 ], [ -74.889116, 10.956405 ], [ -74.88846, 10.955957 ], [ -74.887805, 10.954714 ], [ -74.887874, 10.952644 ], [ -74.888288, 10.951643 ], [ -74.889392, 10.951574 ], [ -74.888943, 10.950815 ], [ -74.88716, 10.950623 ], [ -74.887045, 10.950021 ], [ -74.887459, 10.94726 ], [ -74.891221, 10.947329 ], [ -74.891566, 10.948296 ], [ -74.892429, 10.948296 ], [ -74.892912, 10.948434 ], [ -74.893429, 10.949883 ], [ -74.896087, 10.949676 ], [ -74.901712, 10.949607 ], [ -74.902436, 10.95009 ], [ -74.901815, 10.951988 ], [ -74.899227, 10.951988 ], [ -74.898399, 10.953092 ], [ -74.898157, 10.951125 ], [ -74.89764, 10.950677 ], [ -74.895776, 10.950953 ], [ -74.895224, 10.95154 ], [ -74.895776, 10.953058 ], [ -74.895258, 10.954369 ], [ -74.893947, 10.954266 ], [ -74.894396, 10.953438 ], [ -74.894706, 10.952713 ], [ -74.894534, 10.951988 ], [ -74.894189, 10.951747 ], [ -74.893913, 10.952368 ], [ -74.893671, 10.953438 ], [ -74.892912, 10.953507 ], [ -74.892912, 10.95292 ], [ -74.892256, 10.95292 ], [ -74.892394, 10.951194 ], [ -74.892567, 10.950677 ], [ -74.892256, 10.949331 ], [ -74.891566, 10.949331 ], [ -74.891635, 10.950815 ], [ -74.890082, 10.950953 ], [ -74.889772, 10.952161 ], [ -74.889254, 10.95223 ], [ -74.889116, 10.953817 ], [ -74.890013, 10.954438 ], [ -74.889772, 10.955128 ], [ -74.888978, 10.955439 ], [ -74.889461, 10.955991 ], [ -74.890427, 10.956026 ], [ -74.890496, 10.958441 ], [ -74.889392, 10.958234 ], [ -74.888943, 10.956888 ] ] ] } },
{ "type": "Feature", "properties": { "NOMBRE": "CONFLICTO MEDIO", "Area_Ha": 18587.50754312125 }, "geometry": { "type": "Polygon", "coordinates": [ [ [ -74.890013, 10.954438 ], [ -74.889116, 10.953817 ], [ -74.889254, 10.95223 ], [ -74.889772, 10.952161 ], [ -74.890082, 10.950953 ], [ -74.891635, 10.950815 ], [ -74.891221, 10.952816 ], [ -74.890358, 10.954059 ], [ -74.890013, 10.954438 ] ] ] } },
{ "type": "Feature", "properties": { "NOMBRE": "CONFLICTO MEDIO", "Area_Ha": 18587.50754312125 }, "geometry": { "type": "Polygon", "coordinates": [ [ [ -74.88716, 10.950623 ], [ -74.888943, 10.950815 ], [ -74.889392, 10.951574 ], [ -74.888288, 10.951643 ], [ -74.887874, 10.952644 ], [ -74.887321, 10.951471 ], [ -74.88716, 10.950623 ] ] ] } },
{ "type": "Feature", "properties": { "NOMBRE": "CONFLICTO MEDIO", "Area_Ha": 18587.50754312125 }, "geometry": { "type": "Polygon", "coordinates": [ [ [ -74.887805, 10.954714 ], [ -74.88846, 10.955957 ], [ -74.889116, 10.956405 ], [ -74.888943, 10.956888 ], [ -74.887805, 10.957648 ], [ -74.886045, 10.957061 ], [ -74.88601, 10.956405 ], [ -74.883353, 10.957061 ], [ -74.883422, 10.954887 ], [ -74.883594, 10.952333 ], [ -74.884975, 10.951988 ], [ -74.885561, 10.954714 ], [ -74.885907, 10.955681 ], [ -74.886907, 10.95575 ], [ -74.887805, 10.954714 ] ] ] } },
{ "type": "Feature", "properties": { "NOMBRE": "CONFLICTO MEDIO", "Area_Ha": 18587.50754312125 }, "geometry": { "type": "Polygon", "coordinates": [ [ [ -74.873173, 10.966792 ], [ -74.870378, 10.968138 ], [ -74.86917, 10.968483 ], [ -74.868238, 10.968414 ], [ -74.868031, 10.967414 ], [ -74.868652, 10.96524 ], [ -74.86917, 10.963859 ], [ -74.869825, 10.964032 ], [ -74.871378, 10.963031 ], [ -74.872345, 10.961478 ], [ -74.873483, 10.96065 ], [ -74.874243, 10.961237 ], [ -74.873863, 10.96203 ], [ -74.873311, 10.963583 ], [ -74.872828, 10.964239 ], [ -74.872276, 10.964894 ], [ -74.872241, 10.965895 ], [ -74.873242, 10.966137 ], [ -74.873173, 10.966792 ] ] ] } },
{ "type": "Feature", "properties": { "NOMBRE": "CONFLICTO MEDIO", "Area_Ha": 18587.50754312125 }, "geometry": { "type": "Polygon", "coordinates": [ [ [ -74.846705, 10.965343 ], [ -74.845989, 10.96461 ], [ -74.845583, 10.964161 ], [ -74.8451, 10.964032 ], [ -74.84471, 10.964064 ], [ -74.844772, 10.95996 ], [ -74.849258, 10.960132 ], [ -74.849431, 10.957199 ], [ -74.849948, 10.955336 ], [ -74.850121, 10.953955 ], [ -74.852295, 10.954231 ], [ -74.851674, 10.956198 ], [ -74.851122, 10.95751 ], [ -74.850949, 10.957993 ], [ -74.854055, 10.958821 ], [ -74.853779, 10.960615 ], [ -74.852571, 10.960857 ], [ -74.852295, 10.961892 ], [ -74.85057, 10.962375 ], [ -74.849224, 10.963065 ], [ -74.84843, 10.963756 ], [ -74.848257, 10.964135 ], [ -74.848257, 10.965032 ], [ -74.850328, 10.966689 ], [ -74.851432, 10.968069 ], [ -74.850639, 10.968414 ], [ -74.848188, 10.966309 ], [ -74.846705, 10.965343 ] ] ] } },
{ "type": "Feature", "properties": { "NOMBRE": "CONFLICTO MEDIO", "Area_Ha": 18587.50754312125 }, "geometry": { "type": "Polygon", "coordinates": [ [ [ -74.850949, 10.971865 ], [ -74.852122, 10.972383 ], [ -74.849879, 10.974522 ], [ -74.846912, 10.972521 ], [ -74.845048, 10.97045 ], [ -74.846014, 10.969829 ], [ -74.849948, 10.972659 ], [ -74.850949, 10.971865 ] ] ] } },
{ "type": "Feature", "properties": { "NOMBRE": "CONFLICTO MEDIO", "Area_Ha": 18587.50754312125 }, "geometry": { "type": "Polygon", "coordinates": [ [ [ -74.842218, 10.957009 ], [ -74.842063, 10.958182 ], [ -74.83963, 10.958303 ], [ -74.839337, 10.959666 ], [ -74.838112, 10.959632 ], [ -74.836956, 10.958907 ], [ -74.834903, 10.958424 ], [ -74.833798, 10.958476 ], [ -74.83366, 10.959097 ], [ -74.834488, 10.959666 ], [ -74.83492, 10.961858 ], [ -74.834592, 10.962324 ], [ -74.833298, 10.960443 ], [ -74.832521, 10.959477 ], [ -74.832211, 10.957941 ], [ -74.832918, 10.957199 ], [ -74.83423, 10.956561 ], [ -74.835576, 10.956578 ], [ -74.836197, 10.957044 ], [ -74.836835, 10.957579 ], [ -74.839406, 10.957044 ], [ -74.842218, 10.957009 ] ] ] } },
{ "type": "Feature", "properties": { "NOMBRE": "CONFLICTO MEDIO", "Area_Ha": 18587.50754312125 }, "geometry": { "type": "Polygon", "coordinates": [ [ [ -74.831642, 10.934889 ], [ -74.833401, 10.935338 ], [ -74.834471, 10.935821 ], [ -74.834402, 10.938029 ], [ -74.833885, 10.939306 ], [ -74.832228, 10.939375 ], [ -74.830434, 10.939203 ], [ -74.830261, 10.937857 ], [ -74.830813, 10.936545 ], [ -74.830261, 10.93589 ], [ -74.83071, 10.93482 ], [ -74.831642, 10.934889 ] ] ] } },
{ "type": "Feature", "properties": { "NOMBRE": "CONFLICTO MEDIO", "Area_Ha": 18587.50754312125 }, "geometry": { "type": "Polygon", "coordinates": [ [ [ -74.825775, 10.929678 ], [ -74.825223, 10.929161 ], [ -74.825464, 10.927849 ], [ -74.826189, 10.927711 ], [ -74.829157, 10.928298 ], [ -74.83178, 10.929506 ], [ -74.833609, 10.931335 ], [ -74.834471, 10.932957 ], [ -74.833712, 10.933129 ], [ -74.832159, 10.930748 ], [ -74.829191, 10.930058 ], [ -74.828122, 10.930161 ], [ -74.825775, 10.929678 ] ] ] } },
{ "type": "Feature", "properties": { "NOMBRE": "CONFLICTO MEDIO", "Area_Ha": 18587.50754312125 }, "geometry": { "type": "Polygon", "coordinates": [ [ [ -74.823066, 10.920585 ], [ -74.824567, 10.920585 ], [ -74.82543, 10.920948 ], [ -74.825344, 10.9215 ], [ -74.824688, 10.921707 ], [ -74.824377, 10.922224 ], [ -74.824515, 10.922846 ], [ -74.824705, 10.92357 ], [ -74.82405, 10.924019 ], [ -74.822031, 10.924122 ], [ -74.821548, 10.922915 ], [ -74.822203, 10.921189 ], [ -74.823066, 10.920585 ] ] ] } },
{ "type": "Feature", "properties": { "NOMBRE": "N/A", "Area_Ha": 18587.50754312125 }, "geometry": { "type": "MultiPolygon", "coordinates": [ [ [ [ -74.862768, 10.949892 ], [ -74.862285, 10.950996 ], [ -74.864425, 10.952687 ], [ -74.863873, 10.954067 ], [ -74.861595, 10.952307 ], [ -74.861216, 10.953136 ], [ -74.85918, 10.952031 ], [ -74.860819, 10.948943 ], [ -74.862768, 10.949892 ] ] ], [ [ [ -74.827414, 10.921586 ], [ -74.830045, 10.921517 ], [ -74.830149, 10.920697 ], [ -74.829605, 10.920602 ], [ -74.829545, 10.919679 ], [ -74.82914, 10.919662 ], [ -74.829174, 10.918523 ], [ -74.828449, 10.918489 ], [ -74.827828, 10.917937 ], [ -74.827932, 10.916901 ], [ -74.828795, 10.916315 ], [ -74.830106, 10.916418 ], [ -74.831348, 10.917039 ], [ -74.832625, 10.918868 ], [ -74.832832, 10.920594 ], [ -74.832314, 10.922009 ], [ -74.832867, 10.922423 ], [ -74.834005, 10.922112 ], [ -74.835179, 10.921664 ], [ -74.836317, 10.922009 ], [ -74.83611, 10.923182 ], [ -74.835041, 10.923976 ], [ -74.833695, 10.923458 ], [ -74.833453, 10.923941 ], [ -74.833798, 10.925045 ], [ -74.834488, 10.928531 ], [ -74.835317, 10.928565 ], [ -74.835455, 10.929428 ], [ -74.836317, 10.929946 ], [ -74.837008, 10.928807 ], [ -74.836007, 10.927668 ], [ -74.836421, 10.92722 ], [ -74.836214, 10.925529 ], [ -74.838008, 10.92615 ], [ -74.838457, 10.927565 ], [ -74.83963, 10.928979 ], [ -74.841149, 10.931671 ], [ -74.839527, 10.933017 ], [ -74.839975, 10.933811 ], [ -74.841563, 10.933983 ], [ -74.842046, 10.935088 ], [ -74.841252, 10.936054 ], [ -74.838664, 10.936985 ], [ -74.838353, 10.939021 ], [ -74.839941, 10.93916 ], [ -74.839561, 10.938331 ], [ -74.840493, 10.938262 ], [ -74.840942, 10.93916 ], [ -74.841528, 10.940505 ], [ -74.842253, 10.94123 ], [ -74.844047, 10.94161 ], [ -74.844634, 10.942231 ], [ -74.845428, 10.942921 ], [ -74.847878, 10.947373 ], [ -74.846256, 10.948408 ], [ -74.843116, 10.943749 ], [ -74.841666, 10.944922 ], [ -74.843771, 10.948546 ], [ -74.842529, 10.949512 ], [ -74.840044, 10.946613 ], [ -74.840251, 10.945406 ], [ -74.838561, 10.943818 ], [ -74.837387, 10.944163 ], [ -74.837767, 10.947235 ], [ -74.837284, 10.948304 ], [ -74.837215, 10.949236 ], [ -74.83756, 10.95279 ], [ -74.838802, 10.953998 ], [ -74.843806, 10.955137 ], [ -74.844669, 10.954965 ], [ -74.846256, 10.954205 ], [ -74.84843, 10.953239 ], [ -74.851363, 10.951617 ], [ -74.852088, 10.951341 ], [ -74.856022, 10.948822 ], [ -74.857489, 10.949598 ], [ -74.858369, 10.950496 ], [ -74.8583, 10.951514 ], [ -74.85918, 10.952031 ], [ -74.858869, 10.952678 ], [ -74.857592, 10.952471 ], [ -74.856867, 10.952885 ], [ -74.857282, 10.954404 ], [ -74.858903, 10.954645 ], [ -74.860215, 10.954956 ], [ -74.859939, 10.956095 ], [ -74.860801, 10.956336 ], [ -74.861699, 10.954749 ], [ -74.863459, 10.956026 ], [ -74.863838, 10.954887 ], [ -74.864977, 10.955336 ], [ -74.864287, 10.956647 ], [ -74.865046, 10.957026 ], [ -74.865633, 10.955612 ], [ -74.866633, 10.955888 ], [ -74.866737, 10.957303 ], [ -74.867427, 10.958545 ], [ -74.868807, 10.957717 ], [ -74.869222, 10.957993 ], [ -74.868807, 10.958752 ], [ -74.868531, 10.959684 ], [ -74.867945, 10.960719 ], [ -74.867634, 10.962306 ], [ -74.86829, 10.962582 ], [ -74.870015, 10.961789 ], [ -74.87143, 10.960201 ], [ -74.871913, 10.959511 ], [ -74.8725, 10.957786 ], [ -74.873742, 10.957717 ], [ -74.874363, 10.957648 ], [ -74.87564, 10.956647 ], [ -74.876158, 10.956474 ], [ -74.87633, 10.957026 ], [ -74.876123, 10.957544 ], [ -74.876054, 10.958165 ], [ -74.876468, 10.958303 ], [ -74.876986, 10.958959 ], [ -74.876813, 10.960201 ], [ -74.876779, 10.961409 ], [ -74.876848, 10.962824 ], [ -74.877021, 10.964791 ], [ -74.877642, 10.964998 ], [ -74.878228, 10.964653 ], [ -74.87954, 10.963825 ], [ -74.880886, 10.963204 ], [ -74.881472, 10.9631 ], [ -74.881727, 10.963937 ], [ -74.881054, 10.964351 ], [ -74.881131, 10.965127 ], [ -74.881416, 10.965516 ], [ -74.881209, 10.966421 ], [ -74.881131, 10.966913 ], [ -74.881416, 10.96756 ], [ -74.880691, 10.967974 ], [ -74.879786, 10.967819 ], [ -74.879578, 10.967508 ], [ -74.878854, 10.967017 ], [ -74.878207, 10.967094 ], [ -74.87787, 10.96813 ], [ -74.877767, 10.969191 ], [ -74.87756, 10.970174 ], [ -74.877146, 10.970847 ], [ -74.876576, 10.971339 ], [ -74.876395, 10.972426 ], [ -74.881002, 10.976153 ], [ -74.879915, 10.977136 ], [ -74.879604, 10.979129 ], [ -74.879139, 10.97988 ], [ -74.877896, 10.980372 ], [ -74.877353, 10.980061 ], [ -74.875722, 10.981847 ], [ -74.873988, 10.98195 ], [ -74.873134, 10.981459 ], [ -74.872823, 10.980139 ], [ -74.873108, 10.979233 ], [ -74.874532, 10.977809 ], [ -74.874739, 10.977188 ], [ -74.87435, 10.977111 ], [ -74.872461, 10.978948 ], [ -74.871581, 10.979595 ], [ -74.869096, 10.978405 ], [ -74.868656, 10.977395 ], [ -74.867958, 10.9768 ], [ -74.866224, 10.975868 ], [ -74.864205, 10.973875 ], [ -74.862833, 10.973254 ], [ -74.862963, 10.972452 ], [ -74.863868, 10.96945 ], [ -74.864231, 10.964946 ], [ -74.864197, 10.962769 ], [ -74.865033, 10.962047 ], [ -74.86612, 10.96096 ], [ -74.867569, 10.959951 ], [ -74.867414, 10.959356 ], [ -74.866146, 10.959382 ], [ -74.864541, 10.960469 ], [ -74.864127, 10.960106 ], [ -74.86185, 10.962047 ], [ -74.86084, 10.961866 ], [ -74.860271, 10.962229 ], [ -74.859029, 10.963756 ], [ -74.858459, 10.963782 ], [ -74.857657, 10.962953 ], [ -74.856958, 10.961504 ], [ -74.856156, 10.96021 ], [ -74.855405, 10.960339 ], [ -74.855431, 10.961219 ], [ -74.855871, 10.962177 ], [ -74.856311, 10.962979 ], [ -74.857036, 10.963911 ], [ -74.857113, 10.965541 ], [ -74.85644, 10.966525 ], [ -74.856104, 10.968777 ], [ -74.855716, 10.96932 ], [ -74.855146, 10.96901 ], [ -74.854266, 10.968803 ], [ -74.853852, 10.969191 ], [ -74.854137, 10.969941 ], [ -74.85481, 10.97033 ], [ -74.855405, 10.970925 ], [ -74.855767, 10.972711 ], [ -74.856052, 10.974962 ], [ -74.855198, 10.975428 ], [ -74.85349, 10.976541 ], [ -74.851756, 10.977266 ], [ -74.851342, 10.978689 ], [ -74.851652, 10.979725 ], [ -74.852636, 10.98076 ], [ -74.853826, 10.981536 ], [ -74.852869, 10.981873 ], [ -74.85173, 10.981614 ], [ -74.850721, 10.980527 ], [ -74.849038, 10.978767 ], [ -74.847227, 10.979828 ], [ -74.846036, 10.980216 ], [ -74.846118, 10.98149 ], [ -74.843965, 10.981899 ], [ -74.843299, 10.982343 ], [ -74.842568, 10.982132 ], [ -74.841455, 10.981407 ], [ -74.840446, 10.981562 ], [ -74.838013, 10.982054 ], [ -74.837469, 10.982779 ], [ -74.838867, 10.983193 ], [ -74.837495, 10.983659 ], [ -74.836142, 10.984782 ], [ -74.83614, 10.984098 ], [ -74.83616, 10.983076 ], [ -74.836135, 10.981506 ], [ -74.835594, 10.981566 ], [ -74.835082, 10.981686 ], [ -74.834745, 10.981704 ], [ -74.834758, 10.981395 ], [ -74.834892, 10.980304 ], [ -74.834203, 10.980468 ], [ -74.834229, 10.979545 ], [ -74.834205, 10.978415 ], [ -74.834008, 10.978383 ], [ -74.83395, 10.978116 ], [ -74.833867, 10.977452 ], [ -74.833665, 10.976098 ], [ -74.833477, 10.97552 ], [ -74.832211, 10.975944 ], [ -74.831956, 10.975274 ], [ -74.830898, 10.973148 ], [ -74.830445, 10.972196 ], [ -74.830213, 10.971105 ], [ -74.830101, 10.9707 ], [ -74.829901, 10.969402 ], [ -74.829219, 10.969576 ], [ -74.829121, 10.968824 ], [ -74.828964, 10.967854 ], [ -74.828839, 10.967413 ], [ -74.828709, 10.967126 ], [ -74.828382, 10.967248 ], [ -74.828262, 10.967269 ], [ -74.828146, 10.96652 ], [ -74.827994, 10.965894 ], [ -74.827904, 10.964849 ], [ -74.827736, 10.964006 ], [ -74.827576, 10.963522 ], [ -74.827536, 10.963347 ], [ -74.827374, 10.962951 ], [ -74.827155, 10.962564 ], [ -74.826712, 10.9616 ], [ -74.826577, 10.961398 ], [ -74.826045, 10.960964 ], [ -74.825912, 10.960874 ], [ -74.825637, 10.960753 ], [ -74.825245, 10.960609 ], [ -74.825282, 10.960536 ], [ -74.825508, 10.960284 ], [ -74.826133, 10.959702 ], [ -74.825482, 10.958904 ], [ -74.8247, 10.9579 ], [ -74.824375, 10.957375 ], [ -74.823799, 10.956698 ], [ -74.823699, 10.956558 ], [ -74.823659, 10.956414 ], [ -74.823632, 10.956102 ], [ -74.823625, 10.955638 ], [ -74.823632, 10.95505 ], [ -74.823729, 10.952324 ], [ -74.821735, 10.952236 ], [ -74.821699, 10.95089 ], [ -74.821759, 10.948466 ], [ -74.821784, 10.945741 ], [ -74.818346, 10.946885 ], [ -74.818129, 10.9464 ], [ -74.817934, 10.945889 ], [ -74.817766, 10.945607 ], [ -74.817501, 10.945342 ], [ -74.817809, 10.944915 ], [ -74.817851, 10.944821 ], [ -74.818105, 10.943961 ], [ -74.817988, 10.943942 ], [ -74.817712, 10.943863 ], [ -74.817441, 10.943897 ], [ -74.817309, 10.943847 ], [ -74.817068, 10.943683 ], [ -74.817224, 10.94326 ], [ -74.81744, 10.94258 ], [ -74.817489, 10.942516 ], [ -74.817616, 10.942136 ], [ -74.817999, 10.941267 ], [ -74.81764, 10.941072 ], [ -74.817932, 10.940566 ], [ -74.81828, 10.940078 ], [ -74.817752, 10.939709 ], [ -74.817559, 10.939556 ], [ -74.816443, 10.938244 ], [ -74.816375, 10.938138 ], [ -74.815739, 10.93736 ], [ -74.814976, 10.936309 ], [ -74.815043, 10.936286 ], [ -74.815603, 10.936233 ], [ -74.815557, 10.936029 ], [ -74.815494, 10.935861 ], [ -74.815286, 10.935478 ], [ -74.814903, 10.934882 ], [ -74.814853, 10.934756 ], [ -74.814739, 10.934545 ], [ -74.814598, 10.934396 ], [ -74.814194, 10.93424 ], [ -74.81406, 10.934172 ], [ -74.813782, 10.934007 ], [ -74.813263, 10.933652 ], [ -74.813109, 10.933563 ], [ -74.81268, 10.933364 ], [ -74.813769, 10.930768 ], [ -74.817288, 10.923729 ], [ -74.820807, 10.918314 ], [ -74.821927, 10.917902 ], [ -74.823066, 10.917454 ], [ -74.824308, 10.917799 ], [ -74.825585, 10.918351 ], [ -74.826931, 10.919386 ], [ -74.827367, 10.919584 ], [ -74.827414, 10.921586 ] ], [ [ -74.873242, 10.966137 ], [ -74.872241, 10.965895 ], [ -74.872276, 10.964894 ], [ -74.872828, 10.964239 ], [ -74.873311, 10.963583 ], [ -74.873863, 10.96203 ], [ -74.874243, 10.961237 ], [ -74.873483, 10.96065 ], [ -74.872345, 10.961478 ], [ -74.871378, 10.963031 ], [ -74.869825, 10.964032 ], [ -74.86917, 10.963859 ], [ -74.868652, 10.96524 ], [ -74.868031, 10.967414 ], [ -74.868238, 10.968414 ], [ -74.86917, 10.968483 ], [ -74.870378, 10.968138 ], [ -74.873173, 10.966792 ], [ -74.873242, 10.966137 ] ], [ [ -74.844772, 10.95996 ], [ -74.844703, 10.964549 ], [ -74.843599, 10.968 ], [ -74.846705, 10.965343 ], [ -74.848188, 10.966309 ], [ -74.850639, 10.968414 ], [ -74.851432, 10.968069 ], [ -74.850328, 10.966689 ], [ -74.848257, 10.965032 ], [ -74.848257, 10.964135 ], [ -74.84843, 10.963756 ], [ -74.849224, 10.963065 ], [ -74.85057, 10.962375 ], [ -74.852295, 10.961892 ], [ -74.852571, 10.960857 ], [ -74.853779, 10.960615 ], [ -74.854055, 10.958821 ], [ -74.850949, 10.957993 ], [ -74.851122, 10.95751 ], [ -74.851674, 10.956198 ], [ -74.852295, 10.954231 ], [ -74.850121, 10.953955 ], [ -74.849948, 10.955336 ], [ -74.849431, 10.957199 ], [ -74.849258, 10.960132 ], [ -74.844772, 10.95996 ] ], [ [ -74.849948, 10.972659 ], [ -74.846014, 10.969829 ], [ -74.845048, 10.97045 ], [ -74.846912, 10.972521 ], [ -74.849879, 10.974522 ], [ -74.852122, 10.972383 ], [ -74.850949, 10.971865 ], [ -74.849948, 10.972659 ] ], [ [ -74.839406, 10.957044 ], [ -74.836835, 10.957579 ], [ -74.836197, 10.957044 ], [ -74.835576, 10.956578 ], [ -74.83423, 10.956561 ], [ -74.832918, 10.957199 ], [ -74.832211, 10.957941 ], [ -74.832521, 10.959477 ], [ -74.833298, 10.960443 ], [ -74.834592, 10.962324 ], [ -74.83492, 10.961858 ], [ -74.834488, 10.959666 ], [ -74.83366, 10.959097 ], [ -74.833798, 10.958476 ], [ -74.834903, 10.958424 ], [ -74.836956, 10.958907 ], [ -74.838112, 10.959632 ], [ -74.839337, 10.959666 ], [ -74.83963, 10.958303 ], [ -74.842063, 10.958182 ], [ -74.842218, 10.957009 ], [ -74.839406, 10.957044 ] ], [ [ -74.83071, 10.93482 ], [ -74.830261, 10.93589 ], [ -74.830813, 10.936545 ], [ -74.830261, 10.937857 ], [ -74.830434, 10.939203 ], [ -74.832228, 10.939375 ], [ -74.833885, 10.939306 ], [ -74.834402, 10.938029 ], [ -74.834471, 10.935821 ], [ -74.833401, 10.935338 ], [ -74.831642, 10.934889 ], [ -74.83071, 10.93482 ] ], [ [ -74.828122, 10.930161 ], [ -74.829191, 10.930058 ], [ -74.832159, 10.930748 ], [ -74.833712, 10.933129 ], [ -74.834471, 10.932957 ], [ -74.833609, 10.931335 ], [ -74.83178, 10.929506 ], [ -74.829157, 10.928298 ], [ -74.826189, 10.927711 ], [ -74.825464, 10.927849 ], [ -74.825223, 10.929161 ], [ -74.825775, 10.929678 ], [ -74.828122, 10.930161 ] ], [ [ -74.822203, 10.921189 ], [ -74.821548, 10.922915 ], [ -74.822031, 10.924122 ], [ -74.82405, 10.924019 ], [ -74.824705, 10.92357 ], [ -74.824515, 10.922846 ], [ -74.824377, 10.922224 ], [ -74.824688, 10.921707 ], [ -74.825344, 10.9215 ], [ -74.82543, 10.920948 ], [ -74.824567, 10.920585 ], [ -74.823066, 10.920585 ], [ -74.822203, 10.921189 ] ] ] ] } },
{ "type": "Feature", "properties": { "NOMBRE": "CONFLICTO MEDIO", "Area_Ha": 18587.50754312125 }, "geometry": { "type": "Polygon", "coordinates": [ [ [ -74.902902, 10.886836 ], [ -74.902747, 10.887767 ], [ -74.901729, 10.888785 ], [ -74.901625, 10.889976 ], [ -74.900935, 10.890062 ], [ -74.900124, 10.890287 ], [ -74.899072, 10.892064 ], [ -74.898882, 10.893358 ], [ -74.898312, 10.893582 ], [ -74.898312, 10.894428 ], [ -74.898916, 10.894583 ], [ -74.899538, 10.894238 ], [ -74.899848, 10.893634 ], [ -74.899745, 10.892737 ], [ -74.900228, 10.892133 ], [ -74.900866, 10.891287 ], [ -74.90147, 10.891218 ], [ -74.901763, 10.891805 ], [ -74.902401, 10.89157 ], [ -74.902453, 10.892081 ], [ -74.903316, 10.893289 ], [ -74.903247, 10.894531 ], [ -74.902661, 10.894807 ], [ -74.902592, 10.895497 ], [ -74.901246, 10.895773 ], [ -74.901073, 10.895497 ], [ -74.898209, 10.89567 ], [ -74.898243, 10.895049 ], [ -74.896622, 10.894945 ], [ -74.89676, 10.894082 ], [ -74.897726, 10.892046 ], [ -74.898727, 10.890321 ], [ -74.900452, 10.888734 ], [ -74.902902, 10.886836 ] ] ] } },
{ "type": "Feature", "properties": { "NOMBRE": "CONFLICTO MEDIO", "Area_Ha": 18587.50754312125 }, "geometry": { "type": "Polygon", "coordinates": [ [ [ -74.89657, 10.913002 ], [ -74.895845, 10.913485 ], [ -74.894741, 10.913537 ], [ -74.893947, 10.913468 ], [ -74.89355, 10.913088 ], [ -74.893171, 10.912363 ], [ -74.892463, 10.912691 ], [ -74.89167, 10.912967 ], [ -74.890979, 10.912174 ], [ -74.891152, 10.910828 ], [ -74.891497, 10.909896 ], [ -74.891879, 10.909402 ], [ -74.89236, 10.909931 ], [ -74.892808, 10.911207 ], [ -74.893464, 10.911777 ], [ -74.894189, 10.911691 ], [ -74.895, 10.911242 ], [ -74.89481, 10.910034 ], [ -74.895345, 10.909568 ], [ -74.897236, 10.909664 ], [ -74.897262, 10.910084 ], [ -74.897133, 10.91086 ], [ -74.896395, 10.91165 ], [ -74.896576, 10.912206 ], [ -74.89657, 10.913002 ] ] ] } },
{ "type": "Feature", "properties": { "NOMBRE": "CONFLICTO MEDIO", "Area_Ha": 18587.50754312125 }, "geometry": { "type": "Polygon", "coordinates": [ [ [ -74.889223, 10.942321 ], [ -74.88915, 10.942205 ], [ -74.888719, 10.942205 ], [ -74.888219, 10.942119 ], [ -74.88777, 10.942395 ], [ -74.887028, 10.942809 ], [ -74.886821, 10.942188 ], [ -74.887477, 10.941843 ], [ -74.887425, 10.940704 ], [ -74.887166, 10.940479 ], [ -74.887114, 10.939772 ], [ -74.888063, 10.93991 ], [ -74.888253, 10.941066 ], [ -74.889651, 10.94129 ], [ -74.889689, 10.941896 ], [ -74.889223, 10.942321 ] ] ] } },
{ "type": "Feature", "properties": { "NOMBRE": "CONFLICTO MEDIO", "Area_Ha": 18587.50754312125 }, "geometry": { "type": "Polygon", "coordinates": [ [ [ -74.894502, 10.933642 ], [ -74.89437, 10.933673 ], [ -74.893947, 10.933681 ], [ -74.893222, 10.9335 ], [ -74.892722, 10.933103 ], [ -74.89185, 10.932326 ], [ -74.892118, 10.931852 ], [ -74.892394, 10.930731 ], [ -74.892273, 10.930144 ], [ -74.891911, 10.929143 ], [ -74.892032, 10.928315 ], [ -74.892843, 10.928557 ], [ -74.892912, 10.929523 ], [ -74.893015, 10.930041 ], [ -74.893654, 10.93011 ], [ -74.89424, 10.929575 ], [ -74.894502, 10.933642 ] ] ] } },
{ "type": "Feature", "properties": { "NOMBRE": "CONFLICTO MUY ALTO", "Area_Ha": 18587.50754312125 }, "geometry": { "type": "Polygon", "coordinates": [ [ [ -74.84471, 10.964064 ], [ -74.8451, 10.964032 ], [ -74.845583, 10.964161 ], [ -74.845989, 10.96461 ], [ -74.846705, 10.965343 ], [ -74.843599, 10.968 ], [ -74.844703, 10.964549 ], [ -74.84471, 10.964064 ] ] ] } },
{ "type": "Feature", "properties": { "NOMBRE": "CONFLICTO ALTO", "Area_Ha": 18587.50754312125 }, "geometry": { "type": "Polygon", "coordinates": [ [ [ -74.867544, 11.014147 ], [ -74.866403, 11.015287 ], [ -74.864331, 11.015569 ], [ -74.863118, 11.015647 ], [ -74.863118, 11.014975 ], [ -74.86304, 11.013345 ], [ -74.86216, 11.012128 ], [ -74.86141, 11.012698 ], [ -74.860763, 11.013811 ], [ -74.860219, 11.015182 ], [ -74.859572, 11.016036 ], [ -74.855793, 11.016606 ], [ -74.855612, 11.016062 ], [ -74.855302, 11.015415 ], [ -74.854292, 11.015105 ], [ -74.853412, 11.015752 ], [ -74.852869, 11.016218 ], [ -74.852351, 11.016735 ], [ -74.851471, 11.016373 ], [ -74.85129, 11.015467 ], [ -74.851626, 11.014432 ], [ -74.852791, 11.013164 ], [ -74.852248, 11.012827 ], [ -74.851833, 11.013578 ], [ -74.851109, 11.014069 ], [ -74.850695, 11.013888 ], [ -74.851031, 11.012594 ], [ -74.851471, 11.011559 ], [ -74.850695, 11.010938 ], [ -74.850074, 11.011818 ], [ -74.849737, 11.013086 ], [ -74.84909, 11.013707 ], [ -74.848107, 11.013681 ], [ -74.846217, 11.013785 ], [ -74.845958, 11.014044 ], [ -74.842697, 11.012439 ], [ -74.841843, 11.012588 ], [ -74.841692, 11.010929 ], [ -74.842382, 11.009066 ], [ -74.843694, 11.008548 ], [ -74.84573, 11.006823 ], [ -74.848628, 11.005373 ], [ -74.850561, 11.005097 ], [ -74.851295, 11.004849 ], [ -74.851626, 11.00659 ], [ -74.85292, 11.006952 ], [ -74.853335, 11.008091 ], [ -74.854059, 11.007935 ], [ -74.855716, 11.008557 ], [ -74.858485, 11.005891 ], [ -74.858304, 11.004467 ], [ -74.85965, 11.000456 ], [ -74.861358, 11.000611 ], [ -74.863273, 11.00206 ], [ -74.865266, 11.00439 ], [ -74.864722, 11.006771 ], [ -74.866249, 11.008375 ], [ -74.865861, 11.009902 ], [ -74.866224, 11.010161 ], [ -74.867104, 11.010213 ], [ -74.867828, 11.010782 ], [ -74.867518, 11.011714 ], [ -74.868035, 11.012568 ], [ -74.867544, 11.014147 ] ] ] } },
{ "type": "Feature", "properties": { "NOMBRE": "CONFLICTO MUY ALTO", "Area_Ha": 18587.50754312125 }, "geometry": { "type": "Polygon", "coordinates": [ [ [ -74.836586, 11.033913 ], [ -74.83605, 11.033576 ], [ -74.835567, 11.032937 ], [ -74.834803, 11.032782 ], [ -74.835114, 11.032031 ], [ -74.835062, 11.031099 ], [ -74.835041, 11.031029 ], [ -74.836097, 11.030892 ], [ -74.838246, 11.030763 ], [ -74.839566, 11.030737 ], [ -74.840031, 11.030892 ], [ -74.840057, 11.032005 ], [ -74.838013, 11.033739 ], [ -74.836586, 11.033913 ] ] ] } },
{ "type": "Feature", "properties": { "NOMBRE": "CONFLICTO MEDIO", "Area_Ha": 18587.50754312125 }, "geometry": { "type": "Polygon", "coordinates": [ [ [ -74.863118, 11.015647 ], [ -74.864331, 11.015569 ], [ -74.866403, 11.015287 ], [ -74.867544, 11.014147 ], [ -74.867233, 11.015105 ], [ -74.867569, 11.015622 ], [ -74.868294, 11.016528 ], [ -74.869588, 11.017408 ], [ -74.870261, 11.018909 ], [ -74.869821, 11.019323 ], [ -74.868216, 11.018081 ], [ -74.868009, 11.018987 ], [ -74.867388, 11.019065 ], [ -74.867466, 11.017201 ], [ -74.866922, 11.016994 ], [ -74.866767, 11.017952 ], [ -74.865602, 11.018133 ], [ -74.865395, 11.017434 ], [ -74.864593, 11.017745 ], [ -74.864101, 11.018418 ], [ -74.863428, 11.018262 ], [ -74.863118, 11.016554 ], [ -74.863118, 11.015647 ] ] ] } },
{ "type": "Feature", "properties": { "NOMBRE": "CONFLICTO ALTO", "Area_Ha": 18587.50754312125 }, "geometry": { "type": "Polygon", "coordinates": [ [ [ -74.83403, 11.039995 ], [ -74.834156, 11.038916 ], [ -74.834105, 11.038217 ], [ -74.833872, 11.036742 ], [ -74.832785, 11.036043 ], [ -74.83206, 11.035473 ], [ -74.83426, 11.034231 ], [ -74.836097, 11.033972 ], [ -74.838013, 11.033739 ], [ -74.840057, 11.032005 ], [ -74.841455, 11.031462 ], [ -74.844173, 11.030867 ], [ -74.844224, 11.029857 ], [ -74.844871, 11.028615 ], [ -74.846787, 11.028071 ], [ -74.850281, 11.027942 ], [ -74.851445, 11.028123 ], [ -74.851316, 11.028848 ], [ -74.853335, 11.029055 ], [ -74.855043, 11.029547 ], [ -74.858071, 11.031565 ], [ -74.859313, 11.032652 ], [ -74.860737, 11.032678 ], [ -74.862031, 11.03317 ], [ -74.861668, 11.033972 ], [ -74.861021, 11.03493 ], [ -74.862031, 11.035473 ], [ -74.864386, 11.037259 ], [ -74.866405, 11.037518 ], [ -74.869345, 11.038462 ], [ -74.869226, 11.039356 ], [ -74.871943, 11.039899 ], [ -74.873238, 11.040507 ], [ -74.872862, 11.041167 ], [ -74.873199, 11.041957 ], [ -74.87404, 11.042604 ], [ -74.875606, 11.042449 ], [ -74.877288, 11.04175 ], [ -74.877844, 11.041465 ], [ -74.877923, 11.040424 ], [ -74.87831, 11.040287 ], [ -74.880148, 11.039796 ], [ -74.881104, 11.039709 ], [ -74.881248, 11.04 ], [ -74.8825, 11.04125 ], [ -74.881668, 11.042083 ], [ -74.878334, 11.042917 ], [ -74.876663, 11.04375 ], [ -74.876251, 11.044167 ], [ -74.87617, 11.04449 ], [ -74.875351, 11.044787 ], [ -74.872572, 11.045631 ], [ -74.870904, 11.046187 ], [ -74.869895, 11.046146 ], [ -74.867223, 11.04561 ], [ -74.866719, 11.04476 ], [ -74.866561, 11.042356 ], [ -74.864977, 11.039549 ], [ -74.86325, 11.03713 ], [ -74.861321, 11.036353 ], [ -74.859219, 11.036497 ], [ -74.857491, 11.036381 ], [ -74.856426, 11.03523 ], [ -74.855043, 11.034135 ], [ -74.853489, 11.033761 ], [ -74.851761, 11.033905 ], [ -74.849976, 11.03451 ], [ -74.849141, 11.035561 ], [ -74.849069, 11.037893 ], [ -74.848723, 11.039275 ], [ -74.848018, 11.040456 ], [ -74.847039, 11.041161 ], [ -74.845743, 11.041104 ], [ -74.845383, 11.040225 ], [ -74.845513, 11.03857 ], [ -74.846348, 11.035863 ], [ -74.845993, 11.035732 ], [ -74.845128, 11.035876 ], [ -74.84414, 11.036 ], [ -74.843769, 11.035691 ], [ -74.843337, 11.034806 ], [ -74.843152, 11.034167 ], [ -74.841587, 11.034373 ], [ -74.839507, 11.03532 ], [ -74.838436, 11.036515 ], [ -74.837551, 11.036659 ], [ -74.83403, 11.039995 ] ] ] } },
{ "type": "Feature", "properties": { "NOMBRE": "CONFLICTO MEDIO", "Area_Ha": 18587.50754312125 }, "geometry": { "type": "Polygon", "coordinates": [ [ [ -74.891911, 10.871108 ], [ -74.892103, 10.871363 ], [ -74.892222, 10.87262 ], [ -74.891613, 10.873057 ], [ -74.891203, 10.873176 ], [ -74.89123, 10.87311 ], [ -74.888669, 10.872335 ], [ -74.886978, 10.871841 ], [ -74.887235, 10.870246 ], [ -74.888219, 10.870159 ], [ -74.888201, 10.871039 ], [ -74.889254, 10.871488 ], [ -74.889806, 10.87078 ], [ -74.890117, 10.870711 ], [ -74.890306, 10.871229 ], [ -74.8906, 10.871833 ], [ -74.891566, 10.87166 ], [ -74.891911, 10.871108 ] ] ] } },
{ "type": "Feature", "properties": { "NOMBRE": "N/A", "Area_Ha": 18587.50754312125 }, "geometry": { "type": "Polygon", "coordinates": [ [ [ -74.896069, 10.867174 ], [ -74.896328, 10.867916 ], [ -74.897829, 10.868399 ], [ -74.899451, 10.868572 ], [ -74.899883, 10.868744 ], [ -74.899658, 10.869124 ], [ -74.898589, 10.870021 ], [ -74.897381, 10.869814 ], [ -74.897208, 10.870642 ], [ -74.89795, 10.870918 ], [ -74.897864, 10.871781 ], [ -74.897087, 10.872213 ], [ -74.897105, 10.873455 ], [ -74.897018, 10.874507 ], [ -74.896138, 10.874714 ], [ -74.896156, 10.873369 ], [ -74.895569, 10.87342 ], [ -74.895155, 10.874024 ], [ -74.893964, 10.873972 ], [ -74.893889, 10.873948 ], [ -74.893775, 10.874835 ], [ -74.895172, 10.875284 ], [ -74.895258, 10.876112 ], [ -74.894724, 10.876733 ], [ -74.894396, 10.877044 ], [ -74.893987, 10.877348 ], [ -74.892964, 10.877044 ], [ -74.891583, 10.87732 ], [ -74.891376, 10.877199 ], [ -74.891169, 10.876975 ], [ -74.891255, 10.876147 ], [ -74.891514, 10.875474 ], [ -74.89217, 10.874576 ], [ -74.892981, 10.874594 ], [ -74.893127, 10.873706 ], [ -74.892774, 10.873593 ], [ -74.892705, 10.872954 ], [ -74.892826, 10.87185 ], [ -74.893464, 10.871384 ], [ -74.893999, 10.871195 ], [ -74.894171, 10.870177 ], [ -74.893481, 10.86921 ], [ -74.892739, 10.86921 ], [ -74.892394, 10.869883 ], [ -74.89248, 10.870832 ], [ -74.891911, 10.871108 ], [ -74.891566, 10.87166 ], [ -74.8906, 10.871833 ], [ -74.890306, 10.871229 ], [ -74.890117, 10.870711 ], [ -74.889806, 10.87078 ], [ -74.889254, 10.871488 ], [ -74.888201, 10.871039 ], [ -74.888219, 10.870159 ], [ -74.887235, 10.870246 ], [ -74.886978, 10.871841 ], [ -74.885305, 10.871352 ], [ -74.884891, 10.87042 ], [ -74.882173, 10.870213 ], [ -74.880336, 10.869489 ], [ -74.879714, 10.870006 ], [ -74.880103, 10.870576 ], [ -74.881397, 10.871274 ], [ -74.881371, 10.872128 ], [ -74.880336, 10.871637 ], [ -74.879274, 10.871171 ], [ -74.878524, 10.871559 ], [ -74.878239, 10.872387 ], [ -74.87886, 10.872905 ], [ -74.879481, 10.872905 ], [ -74.879818, 10.872361 ], [ -74.880387, 10.872491 ], [ -74.881345, 10.87306 ], [ -74.88251, 10.87394 ], [ -74.883402, 10.874755 ], [ -74.883092, 10.875635 ], [ -74.883247, 10.876684 ], [ -74.883598, 10.876935 ], [ -74.883441, 10.877576 ], [ -74.882743, 10.87812 ], [ -74.882095, 10.877732 ], [ -74.881319, 10.876205 ], [ -74.879274, 10.873979 ], [ -74.8771, 10.872995 ], [ -74.876576, 10.873035 ], [ -74.87657, 10.872737 ], [ -74.876259, 10.871934 ], [ -74.876, 10.870485 ], [ -74.876207, 10.86976 ], [ -74.876518, 10.868544 ], [ -74.877217, 10.867612 ], [ -74.877269, 10.866007 ], [ -74.876259, 10.865309 ], [ -74.87556, 10.866007 ], [ -74.875793, 10.866473 ], [ -74.876078, 10.866991 ], [ -74.875974, 10.867741 ], [ -74.875974, 10.868647 ], [ -74.875405, 10.869346 ], [ -74.874965, 10.869553 ], [ -74.874163, 10.869269 ], [ -74.873153, 10.868829 ], [ -74.871497, 10.868156 ], [ -74.87129, 10.867198 ], [ -74.871264, 10.866189 ], [ -74.871782, 10.865619 ], [ -74.873645, 10.864843 ], [ -74.875017, 10.86373 ], [ -74.876363, 10.862022 ], [ -74.877191, 10.860753 ], [ -74.876958, 10.859408 ], [ -74.876233, 10.858683 ], [ -74.874939, 10.859019 ], [ -74.874163, 10.860262 ], [ -74.873257, 10.862073 ], [ -74.872817, 10.863523 ], [ -74.871859, 10.863911 ], [ -74.870462, 10.863393 ], [ -74.86953, 10.862669 ], [ -74.869737, 10.862099 ], [ -74.870798, 10.861349 ], [ -74.871704, 10.859537 ], [ -74.87261, 10.857829 ], [ -74.872609, 10.857803 ], [ -74.873865, 10.858062 ], [ -74.874952, 10.858346 ], [ -74.875522, 10.856845 ], [ -74.875832, 10.856172 ], [ -74.876334, 10.852891 ], [ -74.88071, 10.852966 ], [ -74.882115, 10.852442 ], [ -74.883673, 10.851921 ], [ -74.883584, 10.852523 ], [ -74.883144, 10.85317 ], [ -74.882652, 10.853727 ], [ -74.880607, 10.854322 ], [ -74.880892, 10.855461 ], [ -74.882134, 10.856289 ], [ -74.883351, 10.856858 ], [ -74.883066, 10.858592 ], [ -74.885188, 10.85911 ], [ -74.885111, 10.858334 ], [ -74.885602, 10.85823 ], [ -74.885965, 10.858748 ], [ -74.887026, 10.859472 ], [ -74.888682, 10.859783 ], [ -74.89096, 10.859084 ], [ -74.891167, 10.858308 ], [ -74.889666, 10.857816 ], [ -74.889174, 10.858359 ], [ -74.88876, 10.858308 ], [ -74.888216, 10.857402 ], [ -74.887466, 10.857039 ], [ -74.887207, 10.856159 ], [ -74.887958, 10.855745 ], [ -74.888889, 10.856677 ], [ -74.890287, 10.857324 ], [ -74.893496, 10.858126 ], [ -74.894428, 10.855357 ], [ -74.895334, 10.855383 ], [ -74.895567, 10.854322 ], [ -74.894868, 10.853623 ], [ -74.894349, 10.852795 ], [ -74.89536, 10.852658 ], [ -74.896602, 10.85308 ], [ -74.898595, 10.853985 ], [ -74.899863, 10.85484 ], [ -74.901701, 10.855098 ], [ -74.901416, 10.857609 ], [ -74.900821, 10.857894 ], [ -74.900381, 10.858566 ], [ -74.900381, 10.859679 ], [ -74.901582, 10.860672 ], [ -74.901377, 10.861181 ], [ -74.900834, 10.861388 ], [ -74.900484, 10.861064 ], [ -74.899837, 10.860637 ], [ -74.899566, 10.860818 ], [ -74.899734, 10.861375 ], [ -74.899941, 10.861905 ], [ -74.899773, 10.862475 ], [ -74.899346, 10.862695 ], [ -74.898906, 10.862578 ], [ -74.898466, 10.862242 ], [ -74.897443, 10.861608 ], [ -74.897016, 10.861866 ], [ -74.897146, 10.862332 ], [ -74.897974, 10.862953 ], [ -74.898621, 10.863368 ], [ -74.899061, 10.863924 ], [ -74.898608, 10.86483 ], [ -74.898207, 10.865542 ], [ -74.897586, 10.865826 ], [ -74.896069, 10.867174 ] ] ] } }
]
}
