{
"type": "FeatureCollection",
"name": "curvas_nivel_amb",
"crs": { "type": "name", "properties": { "name": "urn:ogc:def:crs:OGC:1.3:CRS84" } },
"features": [
{ "type": "Feature", "properties": { "ELEV": 50.0 }, "geometry": { "type": "LineString", "coordinates": [ [ -74.912956672886793, 11.029521218727595 ], [ -74.912956673305956, 11.029521218724952 ], [ -74.91295845924796, 11.029797370488918 ], [ -74.912958459107656, 11.029797370397748 ], [ -74.912956672886793, 11.029521218727595 ] ] } },
{ "type": "Feature", "properties": { "ELEV": 50.0 }, "geometry": { "type": "LineString", "coordinates": [ [ -74.916867026995192, 11.029220346593423 ], [ -74.917425008307617, 11.029078735366772 ], [ -74.917519049511483, 11.029216221613757 ], [ -74.917432169867141, 11.030183339425212 ], [ -74.917150045492079, 11.029770881179594 ], [ -74.916870606741981, 11.029772648946999 ], [ -74.916867026995192, 11.029220346593423 ] ] } },
{ "type": "Feature", "properties": { "ELEV": 50.0 }, "geometry": { "type": "LineString", "coordinates": [ [ -74.913791416206919, 11.028963622512368 ], [ -74.913793203394363, 11.029239774147694 ], [ -74.913234325468082, 11.02924330297845 ], [ -74.913513764592594, 11.029241538368662 ], [ -74.913791416206919, 11.028963622512368 ] ] } },
{ "type": "Feature", "properties": { "ELEV": 50.0 }, "geometry": { "type": "LineString", "coordinates": [ [ -74.832460849815448, 11.027533096303911 ], [ -74.832740300102031, 11.027531406410064 ], [ -74.832740300383193, 11.027531406684536 ], [ -74.832460849909168, 11.027533096395402 ], [ -74.832460849815448, 11.027533096303911 ] ] } },
{ "type": "Feature", "properties": { "ELEV": 50.0 }, "geometry": { "type": "LineString", "coordinates": [ [ -74.833844063171199, 11.025260098558011 ], [ -74.83356495785722, 11.025317021715766 ], [ -74.83356666930267, 11.025593186055952 ], [ -74.833847828962618, 11.025867659730208 ], [ -74.834125565077557, 11.025589805116459 ], [ -74.834123853111137, 11.025313640863001 ], [ -74.833844063171199, 11.025260098558011 ] ] } },
{ "type": "Feature", "properties": { "ELEV": 50.0 }, "geometry": { "type": "LineString", "coordinates": [ [ -74.821823002251548, 11.024559283495867 ], [ -74.821823002305749, 11.024559283219366 ], [ -74.821824702678541, 11.024835449942941 ], [ -74.821824702537128, 11.024835449667615 ], [ -74.821823002251548, 11.024559283495867 ] ] } },
{ "type": "Feature", "properties": { "ELEV": 50.0 }, "geometry": { "type": "LineString", "coordinates": [ [ -74.892986115113644, 11.023847141734024 ], [ -74.893637781387071, 11.02378783909832 ], [ -74.894483517953546, 11.024942451939534 ], [ -74.895042393596114, 11.024938958945059 ], [ -74.894954553787841, 11.025768005193758 ], [ -74.89420938437685, 11.025772662437516 ], [ -74.894211152204988, 11.026048817475603 ], [ -74.89420938381798, 11.025772662441007 ], [ -74.89392817758079, 11.02549825390062 ], [ -74.893089861919023, 11.025503490071296 ], [ -74.892710210835389, 11.024401196368371 ], [ -74.892986115113644, 11.023847141734024 ] ] } },
{ "type": "Feature", "properties": { "ELEV": 50.0 }, "geometry": { "type": "LineString", "coordinates": [ [ -74.822658797689712, 11.024139995692684 ], [ -74.822380199802197, 11.024279758415362 ], [ -74.822661349328499, 11.024554244351293 ], [ -74.822799372418913, 11.024277238566169 ], [ -74.822658797689712, 11.024139995692684 ] ] } },
{ "type": "Feature", "properties": { "ELEV": 50.0 }, "geometry": { "type": "LineString", "coordinates": [ [ -74.831304876654457, 11.021372173760302 ], [ -74.830103057328429, 11.022852363484555 ], [ -74.830171988275424, 11.02395664829398 ], [ -74.830485332416529, 11.024415048605476 ], [ -74.83104445535055, 11.024448495664174 ], [ -74.831600615247069, 11.02400325624806 ], [ -74.83188006224438, 11.02400156795729 ], [ -74.832434243827961, 11.023237203847314 ], [ -74.833272962304292, 11.023293506118982 ], [ -74.834115864816184, 11.024024874275351 ], [ -74.834675043391513, 11.024067520091617 ], [ -74.834785965851225, 11.023928761649701 ], [ -74.835119724987052, 11.022545869184398 ], [ -74.834943644920628, 11.02231678930664 ], [ -74.833546776281665, 11.022382775276832 ], [ -74.832985106451829, 11.021937386886622 ], [ -74.832707229172414, 11.022192226707256 ], [ -74.832427784012935, 11.022193915486568 ], [ -74.831864905211333, 11.021552908046315 ], [ -74.831304876654457, 11.021372173760302 ] ] } },
{ "type": "Feature", "properties": { "ELEV": 50.0 }, "geometry": { "type": "LineString", "coordinates": [ [ -74.874197914695515, 11.020926008864 ], [ -74.875176528463882, 11.021012015648264 ], [ -74.87525753410938, 11.021195627214954 ], [ -74.875179444443233, 11.021472278877679 ], [ -74.874900006709709, 11.02147400667179 ], [ -74.87462231815087, 11.021751892080163 ], [ -74.874624067233768, 11.022028050177555 ], [ -74.874345794854662, 11.022213882740401 ], [ -74.874066064837365, 11.02216958367908 ], [ -74.87378225524003, 11.021480915185242 ], [ -74.873836394544426, 11.021204411758854 ], [ -74.874197914695515, 11.020926008864 ] ] } },
{ "type": "Feature", "properties": { "ELEV": 50.0 }, "geometry": { "type": "LineString", "coordinates": [ [ -74.821518906713663, 11.020556552041084 ], [ -74.82138003383038, 11.020695474204377 ], [ -74.821520606165038, 11.020832718055763 ], [ -74.821550805930627, 11.02069444856121 ], [ -74.821518906713663, 11.020556552041084 ] ] } },
{ "type": "Feature", "properties": { "ELEV": 50.0 }, "geometry": { "type": "LineString", "coordinates": [ [ -74.855323671473187, 11.019108863873935 ], [ -74.855323671750895, 11.019108863596067 ], [ -74.855882549246701, 11.019105444815008 ], [ -74.855603110384692, 11.019107154749181 ], [ -74.855323671473187, 11.019108863873935 ] ] } },
{ "type": "Feature", "properties": { "ELEV": 50.0 }, "geometry": { "type": "LineString", "coordinates": [ [ -74.865238495055763, 11.018219544256189 ], [ -74.865377343332682, 11.018080605207313 ], [ -74.865657649633889, 11.018216966567849 ], [ -74.86538111330043, 11.01867895089894 ], [ -74.865044629488963, 11.018496906517433 ], [ -74.865238495055763, 11.018219544256189 ] ] } },
{ "type": "Feature", "properties": { "ELEV": 50.0 }, "geometry": { "type": "LineString", "coordinates": [ [ -74.872082922743175, 11.017901211182251 ], [ -74.872641792418179, 11.017897761561144 ], [ -74.872641792488466, 11.017897761629754 ], [ -74.872364104092497, 11.018175644990707 ], [ -74.872084668737983, 11.018177369614882 ], [ -74.872082922743175, 11.017901211182251 ] ] } },
{ "type": "Feature", "properties": { "ELEV": 50.0 }, "geometry": { "type": "LineString", "coordinates": [ [ -74.873618066034567, 11.01761556424861 ], [ -74.873797702514381, 11.01761445469509 ], [ -74.873761279047713, 11.018167017606613 ], [ -74.874489557606594, 11.018438686910921 ], [ -74.874044209710007, 11.018717607656756 ], [ -74.873484173974958, 11.01853695452364 ], [ -74.8734827176838, 11.018306822550086 ], [ -74.873761278488843, 11.018167017610065 ], [ -74.873386951572542, 11.017893160628761 ], [ -74.873618066034567, 11.01761556424861 ] ] } },
{ "type": "Feature", "properties": { "ELEV": 50.0 }, "geometry": { "type": "LineString", "coordinates": [ [ -74.851679738622764, 11.017336012118326 ], [ -74.851401164716023, 11.017475798345718 ], [ -74.851682329236127, 11.017750254189977 ], [ -74.851820320848347, 11.017473239946044 ], [ -74.851679738622764, 11.017336012118326 ] ] } },
{ "type": "Feature", "properties": { "ELEV": 50.0 }, "geometry": { "type": "LineString", "coordinates": [ [ -74.838260682047263, 11.016451013585243 ], [ -74.838260682606133, 11.016451013581857 ], [ -74.838262396740191, 11.016727177446738 ], [ -74.838262396599902, 11.016727177355529 ], [ -74.838260682047263, 11.016451013585243 ] ] } },
{ "type": "Feature", "properties": { "ELEV": 50.0 }, "geometry": { "type": "LineString", "coordinates": [ [ -74.808633162668144, 11.015524370315788 ], [ -74.808912605524199, 11.015522704174506 ], [ -74.808912605665611, 11.015522704449841 ], [ -74.808633162948453, 11.015524370452205 ], [ -74.808633162668144, 11.015524370315788 ] ] } },
{ "type": "Feature", "properties": { "ELEV": 50.0 }, "geometry": { "type": "LineString", "coordinates": [ [ -74.843552820817365, 11.013657167551226 ], [ -74.844111691755216, 11.013653771557829 ], [ -74.84425312908354, 11.013929085631505 ], [ -74.843834835208014, 11.014069714386229 ], [ -74.843554539857053, 11.013933330547227 ], [ -74.843552820817365, 11.013657167551226 ] ] } },
{ "type": "Feature", "properties": { "ELEV": 50.0 }, "geometry": { "type": "LineString", "coordinates": [ [ -74.844670561954629, 11.013650375092292 ], [ -74.844949997402253, 11.013648676057274 ], [ -74.844949997683401, 11.013648676331744 ], [ -74.84467056223491, 11.013650375228673 ], [ -74.844670561954629, 11.013650375092292 ] ] } },
{ "type": "Feature", "properties": { "ELEV": 50.0 }, "geometry": { "type": "LineString", "coordinates": [ [ -74.807505279223889, 11.013874019885993 ], [ -74.80750527950164, 11.013874019608155 ], [ -74.807505279782774, 11.013874019882662 ], [ -74.807505279504184, 11.013874020022412 ], [ -74.807505279223889, 11.013874019885993 ] ] } },
{ "type": "Feature", "properties": { "ELEV": 50.0 }, "geometry": { "type": "LineString", "coordinates": [ [ -74.840197877507606, 11.013401356732981 ], [ -74.840756748799819, 11.01339796720235 ], [ -74.841037901002466, 11.013672435548671 ], [ -74.841601923998539, 11.01449753434739 ], [ -74.841605358476016, 11.015049860914116 ], [ -74.840773055044693, 11.016021519854739 ], [ -74.840492758687134, 11.015885133272276 ], [ -74.840770479820137, 11.015607274627094 ], [ -74.840490184261498, 11.015470888249284 ], [ -74.840211175682342, 11.01554162391151 ], [ -74.839656160317844, 11.016166381184387 ], [ -74.839376721937612, 11.016168075450611 ], [ -74.839098998659722, 11.016445933105791 ], [ -74.838816130057495, 11.015895299379993 ], [ -74.838160679193976, 11.015346922758333 ], [ -74.838250396528267, 11.014794030847574 ], [ -74.837969245668972, 11.014519560034246 ], [ -74.837689808295167, 11.014521252223073 ], [ -74.837967531878817, 11.014243395763174 ], [ -74.837969245946695, 11.014519559756387 ], [ -74.838250396805989, 11.014794030569718 ], [ -74.83880892835893, 11.01473541180358 ], [ -74.840197877507606, 11.013401356732981 ] ] } },
{ "type": "Feature", "properties": { "ELEV": 50.0 }, "geometry": { "type": "LineString", "coordinates": [ [ -74.845227711833431, 11.013370814580561 ], [ -74.845227712111139, 11.0133708143027 ], [ -74.84522771225258, 11.01337081457801 ], [ -74.845227712114593, 11.013370814855024 ], [ -74.845227711833431, 11.013370814580561 ] ] } },
{ "type": "Feature", "properties": { "ELEV": 50.0 }, "geometry": { "type": "LineString", "coordinates": [ [ -74.807783034870113, 11.013596186779225 ], [ -74.807783035147864, 11.013596186501395 ], [ -74.807783035428983, 11.013596186775896 ], [ -74.807783035151232, 11.013596187053727 ], [ -74.807783034870113, 11.013596186779225 ] ] } },
{ "type": "Feature", "properties": { "ELEV": 50.0 }, "geometry": { "type": "LineString", "coordinates": [ [ -74.843827099104203, 11.012826980929646 ], [ -74.843827099337062, 11.012826980928233 ], [ -74.843827099245644, 11.012826981204958 ], [ -74.843827099104203, 11.012826980929646 ] ] } },
{ "type": "Feature", "properties": { "ELEV": 50.0 }, "geometry": { "type": "LineString", "coordinates": [ [ -74.809176022227007, 11.01289743957204 ], [ -74.808617985163835, 11.013038855088404 ], [ -74.808479951277747, 11.013315855885855 ], [ -74.808621357687329, 11.013591191351155 ], [ -74.809180239155936, 11.013587859966067 ], [ -74.809741651520071, 11.013998780031917 ], [ -74.809878840671018, 11.013583694565751 ], [ -74.809735745839987, 11.013032191632533 ], [ -74.809176022227007, 11.01289743957204 ] ] } },
{ "type": "Feature", "properties": { "ELEV": 100.0 }, "geometry": { "type": "LineString", "coordinates": [ [ -74.854997527159441, 11.011654221362775 ], [ -74.855835476113285, 11.011593864495531 ], [ -74.856210127824582, 11.011922979407201 ], [ -74.855841012419873, 11.012477580029735 ], [ -74.85603249167599, 11.013304923995733 ], [ -74.855570229965949, 11.013860094405754 ], [ -74.855290796139641, 11.013861802834136 ], [ -74.85500530926457, 11.012896947042849 ], [ -74.854725876396927, 11.012898654871973 ], [ -74.854449901393309, 11.013452685117779 ], [ -74.853750453298531, 11.013318872543769 ], [ -74.853748724994105, 11.013042711131879 ], [ -74.854387963661765, 11.012486461961117 ], [ -74.854718960088732, 11.011794009636766 ], [ -74.854997527159441, 11.011654221362775 ] ] } },
{ "type": "Feature", "properties": { "ELEV": 50.0 }, "geometry": { "type": "LineString", "coordinates": [ [ -74.804697404545166, 11.011681299410458 ], [ -74.804697404824054, 11.011681299316738 ], [ -74.804697404894469, 11.01168129940838 ], [ -74.804697404824893, 11.011681299454821 ], [ -74.804697404545166, 11.011681299410458 ] ] } },
{ "type": "Feature", "properties": { "ELEV": 50.0 }, "geometry": { "type": "LineString", "coordinates": [ [ -74.922888788380106, 11.009804857019123 ], [ -74.922704599779948, 11.010128212493219 ], [ -74.922892671544474, 11.010403182773517 ], [ -74.923077158773651, 11.010125852398174 ], [ -74.922888788380106, 11.009804857019123 ] ] } },
{ "type": "Feature", "properties": { "ELEV": 100.0 }, "geometry": { "type": "LineString", "coordinates": [ [ -74.939933556021344, 11.00974243268934 ], [ -74.939933556159247, 11.009742432412295 ], [ -74.940212972292514, 11.009740646867348 ], [ -74.939933556161648, 11.009742432780493 ], [ -74.939933556021344, 11.00974243268934 ] ] } },
{ "type": "Feature", "properties": { "ELEV": 100.0 }, "geometry": { "type": "LineString", "coordinates": [ [ -74.857315735473392, 11.009983015168524 ], [ -74.858060015355875, 11.009840374502408 ], [ -74.858202328080878, 11.010253760576814 ], [ -74.857225361928613, 11.01042544252846 ], [ -74.857148115092144, 11.010260212240766 ], [ -74.857315735473392, 11.009983015168524 ] ] } },
{ "type": "Feature", "properties": { "ELEV": 100.0 }, "geometry": { "type": "LineString", "coordinates": [ [ -74.859311382338475, 11.008866113253944 ], [ -74.859544239427649, 11.008864687020788 ], [ -74.859733991513934, 11.009415866995061 ], [ -74.859458028710279, 11.009969900006158 ], [ -74.858900902754769, 11.010249483362653 ], [ -74.858902635131585, 11.010525644086085 ], [ -74.858899169725944, 11.009973322707262 ], [ -74.858476561171372, 11.009423567698111 ], [ -74.858892586369777, 11.008923912157989 ], [ -74.859311382338475, 11.008866113253944 ] ] } },
{ "type": "Feature", "properties": { "ELEV": 100.0 }, "geometry": { "type": "LineString", "coordinates": [ [ -74.829829729818996, 11.008769068344911 ], [ -74.829829729957012, 11.008769068067908 ], [ -74.82982972995957, 11.008769068482152 ], [ -74.829829729818996, 11.008769068344911 ] ] } },
{ "type": "Feature", "properties": { "ELEV": 50.0 }, "geometry": { "type": "LineString", "coordinates": [ [ -74.902197769848016, 11.00777193050968 ], [ -74.903036917701726, 11.007904754069816 ], [ -74.903041942437753, 11.008687189578955 ], [ -74.902483395559372, 11.00873671798783 ], [ -74.902342798348911, 11.00859951647274 ], [ -74.902197769848016, 11.00777193050968 ] ] } },
{ "type": "Feature", "properties": { "ELEV": 100.0 }, "geometry": { "type": "LineString", "coordinates": [ [ -74.860096162229539, 11.007756621328499 ], [ -74.860840145217864, 11.007567948354765 ], [ -74.861027585932135, 11.007750913489952 ], [ -74.861029320166125, 11.008027073852993 ], [ -74.86028504733973, 11.008169720776671 ], [ -74.86009789559678, 11.008032781838184 ], [ -74.860096162229539, 11.007756621328499 ] ] } },
{ "type": "Feature", "properties": { "ELEV": 100.0 }, "geometry": { "type": "LineString", "coordinates": [ [ -74.831639215242973, 11.007653455614856 ], [ -74.832058362717689, 11.007650926643034 ], [ -74.832061777227679, 11.008203256611161 ], [ -74.832060069670518, 11.007927091631416 ], [ -74.831639215242973, 11.007653455614856 ] ] } },
{ "type": "Feature", "properties": { "ELEV": 50.0 }, "geometry": { "type": "LineString", "coordinates": [ [ -74.806067108513588, 11.007162230344084 ], [ -74.805931317723662, 11.007807455532628 ], [ -74.80607271849523, 11.008082793071379 ], [ -74.806140894378245, 11.007806208888171 ], [ -74.806067108513588, 11.007162230344084 ] ] } },
{ "type": "Feature", "properties": { "ELEV": 50.0 }, "geometry": { "type": "LineString", "coordinates": [ [ -74.80236179026825, 11.006723948504892 ], [ -74.802710337784561, 11.006599133019465 ], [ -74.803363099709699, 11.006718003352731 ], [ -74.802992199596986, 11.006996385272526 ], [ -74.802993879649378, 11.007272554652596 ], [ -74.802714443864971, 11.00727421389503 ], [ -74.802712763932561, 11.00699804441793 ], [ -74.80236179026825, 11.006723948504892 ] ] } },
{ "type": "Feature", "properties": { "ELEV": 50.0 }, "geometry": { "type": "LineString", "coordinates": [ [ -74.804662926026182, 11.00601983317665 ], [ -74.804384332620771, 11.006159578165979 ], [ -74.804665448224156, 11.006434086474282 ], [ -74.804733625342223, 11.006157502431094 ], [ -74.804662926026182, 11.00601983317665 ] ] } },
{ "type": "Feature", "properties": { "ELEV": 100.0 }, "geometry": { "type": "LineString", "coordinates": [ [ -74.819937750331235, 11.005790582939186 ], [ -74.82030947786501, 11.00565026629007 ], [ -74.820450041782649, 11.005787512257999 ], [ -74.820453434075006, 11.00633984570001 ], [ -74.820315414241449, 11.006616850020714 ], [ -74.820036546838367, 11.006710580638048 ], [ -74.819616832716775, 11.00662103710239 ], [ -74.819937750331235, 11.005790582939186 ] ] } },
{ "type": "Feature", "properties": { "ELEV": 100.0 }, "geometry": { "type": "LineString", "coordinates": [ [ -74.818820023306259, 11.005797279609496 ], [ -74.81902493998156, 11.005796052194189 ], [ -74.818916556685338, 11.006349055694921 ], [ -74.818914861906251, 11.006072888671094 ], [ -74.818820023306259, 11.005797279609496 ] ] } },
{ "type": "Feature", "properties": { "ELEV": 100.0 }, "geometry": { "type": "LineString", "coordinates": [ [ -74.815209000323563, 11.005542708683514 ], [ -74.815348716402326, 11.005541873504349 ], [ -74.815559982028233, 11.005816788151666 ], [ -74.815281226152905, 11.00592892563426 ], [ -74.814931259075792, 11.005820546427035 ], [ -74.815209000323563, 11.005542708683514 ] ] } },
{ "type": "Feature", "properties": { "ELEV": 100.0 }, "geometry": { "type": "LineString", "coordinates": [ [ -74.811923980990102, 11.005286148869873 ], [ -74.811923981129397, 11.005286148800002 ], [ -74.811923981199683, 11.005286148868622 ], [ -74.811923981130107, 11.005286148915069 ], [ -74.811923980990102, 11.005286148869873 ] ] } },
{ "type": "Feature", "properties": { "ELEV": 100.0 }, "geometry": { "type": "LineString", "coordinates": [ [ -74.859425107985558, 11.004722848034104 ], [ -74.85970418592899, 11.004665904938982 ], [ -74.861663970771986, 11.005261473724136 ], [ -74.861665705196756, 11.005537634032013 ], [ -74.862510053067581, 11.006499054335944 ], [ -74.863071508126467, 11.006909866009163 ], [ -74.863350934018399, 11.006908151350018 ], [ -74.863632530524171, 11.007251636432564 ], [ -74.863942938804257, 11.007733029511785 ], [ -74.864059920852497, 11.008560822948734 ], [ -74.86392078606508, 11.008653734062442 ], [ -74.863359615792007, 11.008288951465442 ], [ -74.862520683196351, 11.008190535218702 ], [ -74.862238120463331, 11.007693278092859 ], [ -74.861118994001444, 11.007474182471666 ], [ -74.861117259492019, 11.007198021838285 ], [ -74.860277246666726, 11.00692699857154 ], [ -74.859521090278918, 11.00610311661406 ], [ -74.859425107985558, 11.004722848034104 ] ] } },
{ "type": "Feature", "properties": { "ELEV": 50.0 }, "geometry": { "type": "LineString", "coordinates": [ [ -74.855509704030126, 11.004194452057508 ], [ -74.855790857768326, 11.00446890602004 ], [ -74.855234888525146, 11.00493258931332 ], [ -74.855047452866557, 11.004749619695907 ], [ -74.855120238036761, 11.00447300318328 ], [ -74.855509704030126, 11.004194452057508 ] ] } },
{ "type": "Feature", "properties": { "ELEV": 100.0 }, "geometry": { "type": "LineString", "coordinates": [ [ -74.931504262392664, 11.002616011981958 ], [ -74.93318252662803, 11.00288149537144 ], [ -74.933465539208441, 11.003432014535436 ], [ -74.933746751564385, 11.003706384376349 ], [ -74.934026162941052, 11.003704605221037 ], [ -74.934581381544334, 11.003148748898258 ], [ -74.934860792257268, 11.003146969055202 ], [ -74.935695254315661, 11.002564226702024 ], [ -74.937091952257887, 11.002501525156074 ], [ -74.938493127154757, 11.003123807693138 ], [ -74.939610602788875, 11.003091568131051 ], [ -74.941842427136976, 11.002550094646526 ], [ -74.942265158709517, 11.003099709715693 ], [ -74.94226696783474, 11.003375857081352 ], [ -74.9435263021917, 11.003671575667129 ], [ -74.943721836511799, 11.004195025856012 ], [ -74.943384721499541, 11.005025659507091 ], [ -74.942636658749493, 11.005306604715253 ], [ -74.942421148404122, 11.005584142190795 ], [ -74.942422958093218, 11.00586028948576 ], [ -74.941032905477556, 11.00693929468669 ], [ -74.939916883987593, 11.007195737642531 ], [ -74.939360265256354, 11.007536821631611 ], [ -74.938941143944348, 11.007539498535975 ], [ -74.938656310507056, 11.006712839170524 ], [ -74.937398227706453, 11.006610405473745 ], [ -74.936836512906055, 11.00617213355912 ], [ -74.9368347083673, 11.005895985352257 ], [ -74.935993764027387, 11.005487108392847 ], [ -74.935271798447104, 11.006182110253571 ], [ -74.935162557302547, 11.006569430431846 ], [ -74.934716576660506, 11.006737968501682 ], [ -74.934219038071447, 11.007569618674918 ], [ -74.93321494548195, 11.007852174093554 ], [ -74.932381500955103, 11.008593907623439 ], [ -74.931263355701873, 11.008527380055929 ], [ -74.930708429945057, 11.009130572759073 ], [ -74.930429064308399, 11.009140239713929 ], [ -74.929872748120232, 11.009530402041552 ], [ -74.929313912964503, 11.009533954467763 ], [ -74.928747288467775, 11.008340857717361 ], [ -74.928189952592305, 11.008574532342013 ], [ -74.928120594108265, 11.006503765104446 ], [ -74.927896035673996, 11.00634738466087 ], [ -74.927617048414731, 11.006414908538879 ], [ -74.927449998049013, 11.006508022702125 ], [ -74.927451793949643, 11.006784172433335 ], [ -74.926226254785846, 11.007390299222346 ], [ -74.925832978602571, 11.007070605776589 ], [ -74.926152512092372, 11.006792417532255 ], [ -74.926150717400517, 11.006516267589207 ], [ -74.926833489471804, 11.006235774364095 ], [ -74.926865359135292, 11.005407088427233 ], [ -74.927888081253897, 11.005124436057596 ], [ -74.928164575990294, 11.004673918919865 ], [ -74.929070197813815, 11.004288446310062 ], [ -74.929068400823454, 11.004012296797859 ], [ -74.930019464179736, 11.003453932731164 ], [ -74.930949757346468, 11.003282323213249 ], [ -74.931504262392664, 11.002616011981958 ] ] } },
{ "type": "Feature", "properties": { "ELEV": 100.0 }, "geometry": { "type": "LineString", "coordinates": [ [ -74.812703885567302, 11.003348248403093 ], [ -74.812750269699123, 11.003317285127585 ], [ -74.812843600806858, 11.00334741454024 ], [ -74.81275061081945, 11.00337307663364 ], [ -74.812703885567302, 11.003348248403093 ] ] } },
{ "type": "Feature", "properties": { "ELEV": 100.0 }, "geometry": { "type": "LineString", "coordinates": [ [ -74.823085958103874, 11.00273375719749 ], [ -74.822808227900452, 11.003011600324044 ], [ -74.82308850526185, 11.003148006339819 ], [ -74.823227370329619, 11.003009084682251 ], [ -74.823085958103874, 11.00273375719749 ] ] } },
{ "type": "Feature", "properties": { "ELEV": 50.0 }, "geometry": { "type": "LineString", "coordinates": [ [ -74.857175871234887, 11.002527238178793 ], [ -74.857455294123142, 11.002525529613914 ], [ -74.857737312188505, 11.00293806211841 ], [ -74.858572984376821, 11.002518692753132 ], [ -74.859689288304963, 11.002290923324885 ], [ -74.860248555943613, 11.00235500731185 ], [ -74.860903236833096, 11.002780596700518 ], [ -74.860904970148852, 11.003056757173265 ], [ -74.861931253852248, 11.003326638618205 ], [ -74.862774380260959, 11.004094747128718 ], [ -74.864173580120124, 11.004417566577803 ], [ -74.864177053558095, 11.0049698865643 ], [ -74.864457635285802, 11.005152277769749 ], [ -74.864741981681206, 11.005933014791635 ], [ -74.865298658709975, 11.005584382922027 ], [ -74.86641592095522, 11.005508475476123 ], [ -74.866738741036031, 11.006058831576205 ], [ -74.866646416766741, 11.006611739521574 ], [ -74.866982596600593, 11.006747757684986 ], [ -74.867726859996878, 11.006605095544145 ], [ -74.868376240009169, 11.00618684547641 ], [ -74.868991844239048, 11.006321142033002 ], [ -74.869077413130142, 11.006596785173025 ], [ -74.868938861663253, 11.00678175123557 ], [ -74.868380592162666, 11.006877243751193 ], [ -74.868242620520107, 11.0071542625254 ], [ -74.867781533372366, 11.008814119297847 ], [ -74.867835956801613, 11.009135982764876 ], [ -74.868955813715218, 11.009469699888127 ], [ -74.869237331674611, 11.009799370262968 ], [ -74.869520941375725, 11.010460431040729 ], [ -74.869356769278198, 11.011013781594297 ], [ -74.868409323637252, 11.011433870077482 ], [ -74.867288746393967, 11.010987058229279 ], [ -74.86673071673161, 11.011122000271627 ], [ -74.865891501005947, 11.010979869666162 ], [ -74.865610680213521, 11.010760659622418 ], [ -74.865051822401028, 11.01076409402415 ], [ -74.865055299178351, 11.011316413367185 ], [ -74.864889379655722, 11.011593603231118 ], [ -74.864221354187507, 11.012011962860431 ], [ -74.863944530190452, 11.012427918772902 ], [ -74.863946267898015, 11.012704078591058 ], [ -74.863668226535196, 11.012926722575809 ], [ -74.863388795019901, 11.012928438452326 ], [ -74.863191285559367, 11.013261055834368 ], [ -74.863396091866605, 11.014088309891228 ], [ -74.863675524614862, 11.014086593920839 ], [ -74.863770406479318, 11.014362181659889 ], [ -74.863399566913046, 11.014640629726737 ], [ -74.863334921169724, 11.015469538333667 ], [ -74.86424481985884, 11.015740119401695 ], [ -74.863967993055041, 11.016156076010741 ], [ -74.86368855854181, 11.016157792659831 ], [ -74.863410861794165, 11.016435668886846 ], [ -74.862857204167724, 11.017267580725489 ], [ -74.862021502150995, 11.017686967255242 ], [ -74.862023238915981, 11.017963127281336 ], [ -74.861464365254037, 11.017966557299989 ], [ -74.861462629009608, 11.017690397185852 ], [ -74.860903177957411, 11.017601772681207 ], [ -74.860812346679722, 11.017970557683119 ], [ -74.860441499701011, 11.018249003259152 ], [ -74.859789768970941, 11.018299028275619 ], [ -74.859649761131962, 11.018253858142135 ], [ -74.860156857561137, 11.01742223602418 ], [ -74.860061977278718, 11.017146647095673 ], [ -74.859503105089573, 11.017150073041071 ], [ -74.859087418892585, 11.017704962902753 ], [ -74.858951168511737, 11.018258140145303 ], [ -74.857833418770298, 11.018264988106345 ], [ -74.857276276287507, 11.01854457116802 ], [ -74.856999147995722, 11.018914496423601 ], [ -74.856436230906056, 11.018273542340498 ], [ -74.854760641994304, 11.018449495136533 ], [ -74.854482760720941, 11.018699748876395 ], [ -74.854203322296399, 11.018701457089412 ], [ -74.853641851440244, 11.018290630885829 ], [ -74.853640122437511, 11.018014469547111 ], [ -74.853358956110952, 11.017740015857992 ], [ -74.852522371075437, 11.018021297698319 ], [ -74.852524099037055, 11.018297459212313 ], [ -74.851965567494489, 11.01835610415621 ], [ -74.851825502643095, 11.018301724832337 ], [ -74.851682329239594, 11.017750254742301 ], [ -74.850839699498891, 11.017064966097989 ], [ -74.850002249705796, 11.017208160530082 ], [ -74.849724537198185, 11.017486026310712 ], [ -74.849165660804204, 11.017489433392964 ], [ -74.849163936103764, 11.017213271337939 ], [ -74.848882773844124, 11.016938812413922 ], [ -74.848042737325628, 11.016667758039237 ], [ -74.847616688765854, 11.015565661762759 ], [ -74.846730084196707, 11.015294886505901 ], [ -74.846493776682919, 11.014743978700077 ], [ -74.846072901489848, 11.014470366808252 ], [ -74.846262170009553, 11.0128121766948 ], [ -74.846755994363136, 11.01198065306777 ], [ -74.847359711052135, 11.011700806056307 ], [ -74.847726834027767, 11.010824023849837 ], [ -74.848004830586916, 11.010592187389742 ], [ -74.849120833793236, 11.01030921815221 ], [ -74.849394232124979, 11.009340948219142 ], [ -74.849765943945357, 11.009200597316182 ], [ -74.849671076704411, 11.008925002998714 ], [ -74.849391646733281, 11.008926705012581 ], [ -74.850229505419023, 11.00885255667739 ], [ -74.851348949600151, 11.009121904434288 ], [ -74.85191126120155, 11.009670819290251 ], [ -74.852188245944873, 11.009277885367169 ], [ -74.852467675801236, 11.00927618035819 ], [ -74.852743939994042, 11.008768178605255 ], [ -74.854419650648424, 11.00861986154408 ], [ -74.854416194489914, 11.008067538753817 ], [ -74.854135038402816, 11.007793084061557 ], [ -74.854133310534806, 11.007516922472295 ], [ -74.854412162514436, 11.007423162138624 ], [ -74.854686981750845, 11.006685024963438 ], [ -74.855244798552903, 11.006515914175152 ], [ -74.856645564874142, 11.007087312798474 ], [ -74.85692412682215, 11.006947523511272 ], [ -74.857100029668658, 11.005289418192472 ], [ -74.856353165686755, 11.00501781290258 ], [ -74.856491148758963, 11.004740797708662 ], [ -74.856387895558981, 11.004189085432657 ], [ -74.856903367033425, 11.003633590747642 ], [ -74.857175871234887, 11.002527238178793 ] ] } },
{ "type": "Feature", "properties": { "ELEV": 50.0 }, "geometry": { "type": "LineString", "coordinates": [ [ -74.922555931476268, 11.00156813573642 ], [ -74.922555931753891, 11.0015681354585 ], [ -74.922555931895388, 11.001568135733768 ], [ -74.922555931757472, 11.001568136010798 ], [ -74.922555931476268, 11.00156813573642 ] ] } },
{ "type": "Feature", "properties": { "ELEV": 50.0 }, "geometry": { "type": "LineString", "coordinates": [ [ -74.921997109050608, 11.001571672032803 ], [ -74.921997109188524, 11.001571671755766 ], [ -74.921997109469729, 11.001571672030151 ], [ -74.921997109192091, 11.001571672308067 ], [ -74.921997109050608, 11.001571672032803 ] ] } },
{ "type": "Feature", "properties": { "ELEV": 50.0 }, "geometry": { "type": "LineString", "coordinates": [ [ -74.801284542089476, 11.001897197212708 ], [ -74.801009304864337, 11.002589278318737 ], [ -74.80129041411071, 11.002863791025465 ], [ -74.80173582674314, 11.00258496978881 ], [ -74.801380202360576, 11.002310899322238 ], [ -74.801284542089476, 11.001897197212708 ] ] } },
{ "type": "Feature", "properties": { "ELEV": 100.0 }, "geometry": { "type": "LineString", "coordinates": [ [ -74.821681463804964, 11.001545417357287 ], [ -74.821544012142411, 11.001914477323378 ], [ -74.821688816063755, 11.002742139022574 ], [ -74.822428866429519, 11.001909170045712 ], [ -74.822380597754218, 11.001633282939961 ], [ -74.821681463804964, 11.001545417357287 ] ] } },
{ "type": "Feature", "properties": { "ELEV": 100.0 }, "geometry": { "type": "LineString", "coordinates": [ [ -74.81944660798591, 11.001650869972016 ], [ -74.819446608040963, 11.0016508698336 ], [ -74.819446608321229, 11.001650869970009 ], [ -74.819446608042654, 11.001650870109764 ], [ -74.81944660798591, 11.001650869972016 ] ] } },
{ "type": "Feature", "properties": { "ELEV": 100.0 }, "geometry": { "type": "LineString", "coordinates": [ [ -74.94145722510639, 11.000619443508809 ], [ -74.941901428165963, 11.00089276340638 ], [ -74.941903236580728, 11.001168910871852 ], [ -74.942114148798041, 11.001374681771477 ], [ -74.943510108257925, 11.001201120562698 ], [ -74.944000603056949, 11.001431654790215 ], [ -74.943516504261169, 11.002176929137567 ], [ -74.942679749130917, 11.002406661020187 ], [ -74.94232958371056, 11.002270820920534 ], [ -74.941835193063611, 11.001445504923389 ], [ -74.941344421172417, 11.001172482619987 ], [ -74.94145722510639, 11.000619443508809 ] ] } },
{ "type": "Feature", "properties": { "ELEV": 50.0 }, "geometry": { "type": "LineString", "coordinates": [ [ -74.79707215528984, 10.998469892264547 ], [ -74.797072155382139, 10.998469892125911 ], [ -74.797072155662406, 10.998469892262344 ], [ -74.79707215538339, 10.998469892333036 ], [ -74.79707215528984, 10.998469892264547 ] ] } },
{ "type": "Feature", "properties": { "ELEV": 100.0 }, "geometry": { "type": "LineString", "coordinates": [ [ -74.919969134337052, 10.996613573770338 ], [ -74.920566671634731, 10.996425689829577 ], [ -74.920791389001607, 10.996608377805165 ], [ -74.92068320219424, 10.997161386205432 ], [ -74.920109335202028, 10.997717337548327 ], [ -74.920073868364724, 10.997993724044532 ], [ -74.920580379393598, 10.998542847592875 ], [ -74.920859788080747, 10.998541081355267 ], [ -74.920931428745206, 10.998816790733269 ], [ -74.920025335872253, 10.999129364956827 ], [ -74.919852129132195, 10.998271287531253 ], [ -74.919969134337052, 10.996613573770338 ] ] } },
{ "type": "Feature", "properties": { "ELEV": 100.0 }, "geometry": { "type": "LineString", "coordinates": [ [ -74.814637202186915, 10.992013411968335 ], [ -74.814638891100671, 10.992289579834029 ], [ -74.814359471209599, 10.992291247583543 ], [ -74.814359471207354, 10.992291247215322 ], [ -74.814637202186915, 10.992013411968335 ] ] } },
{ "type": "Feature", "properties": { "ELEV": 50.0 }, "geometry": { "type": "LineString", "coordinates": [ [ -74.910192443995982, 10.990875741415403 ], [ -74.909914818028483, 10.991153649224817 ], [ -74.910195998512762, 10.991428046494896 ], [ -74.910473624385475, 10.99115013843438 ], [ -74.910192443995982, 10.990875741415403 ] ] } },
{ "type": "Feature", "properties": { "ELEV": 100.0 }, "geometry": { "type": "LineString", "coordinates": [ [ -74.92137032143043, 10.991081472968839 ], [ -74.921649723102618, 10.991079707049225 ], [ -74.921649723150082, 10.99107970718701 ], [ -74.921372109237169, 10.991357624008868 ], [ -74.92137032143043, 10.991081472968839 ] ] } },
{ "type": "Feature", "properties": { "ELEV": 100.0 }, "geometry": { "type": "LineString", "coordinates": [ [ -74.914105864939145, 10.991127293274241 ], [ -74.914664002461251, 10.991020217753205 ], [ -74.914874222498781, 10.99112245509173 ], [ -74.914387642679102, 10.991493737004843 ], [ -74.914108239562822, 10.991495496179816 ], [ -74.914105864939145, 10.991127293274241 ] ] } },
{ "type": "Feature", "properties": { "ELEV": 100.0 }, "geometry": { "type": "LineString", "coordinates": [ [ -74.918015714903305, 10.990826490786752 ], [ -74.91857362609845, 10.99068488941133 ], [ -74.918853920341064, 10.990821201765096 ], [ -74.918948839618523, 10.991096765660661 ], [ -74.919047330259872, 10.991924631959755 ], [ -74.918769712890239, 10.992202546892885 ], [ -74.918587015036465, 10.992756025324661 ], [ -74.918728502172897, 10.993031295014072 ], [ -74.919705521931348, 10.992887045384585 ], [ -74.919979387037259, 10.99202921218083 ], [ -74.92053792424457, 10.99198425994984 ], [ -74.92082105036539, 10.992557809524582 ], [ -74.92152074990743, 10.992737495902352 ], [ -74.921786230326802, 10.994392790925263 ], [ -74.921678335788371, 10.995498121847902 ], [ -74.921402506915229, 10.996052190184312 ], [ -74.921124888880016, 10.996330107508818 ], [ -74.920845482319905, 10.996331873885104 ], [ -74.921398929905465, 10.995499888356683 ], [ -74.921397141532651, 10.995223737434541 ], [ -74.921046096717774, 10.994949794167059 ], [ -74.921044308755611, 10.994673643177613 ], [ -74.919436355091079, 10.994471368949375 ], [ -74.918878248920393, 10.994583764620005 ], [ -74.918362175641576, 10.995795233974695 ], [ -74.917399464141795, 10.996353634798286 ], [ -74.917223136491259, 10.997893368711544 ], [ -74.916512559093491, 10.999120858436971 ], [ -74.916114888769286, 10.999353502402542 ], [ -74.91499754473864, 10.999406574250608 ], [ -74.914994870142621, 10.998992346218689 ], [ -74.915274280170905, 10.998990585044437 ], [ -74.916132423022518, 10.997742441160103 ], [ -74.91579046098785, 10.9971922712321 ], [ -74.916790513362002, 10.995805150365724 ], [ -74.91662574923356, 10.995253863583914 ], [ -74.916829944714053, 10.994700249999887 ], [ -74.917479214352014, 10.994281910411416 ], [ -74.917758619537437, 10.994280147698758 ], [ -74.918143538881054, 10.993311149362619 ], [ -74.918587014477652, 10.992756025328188 ], [ -74.918306718612456, 10.992619712960588 ], [ -74.918269115700468, 10.992205705979806 ], [ -74.918022853212946, 10.991931096960561 ], [ -74.918015714903305, 10.990826490786752 ] ] } },
{ "type": "Feature", "properties": { "ELEV": 100.0 }, "geometry": { "type": "LineString", "coordinates": [ [ -74.929698598959845, 10.989924084950305 ], [ -74.929744267860855, 10.989785714458481 ], [ -74.930306015877036, 10.990235842094672 ], [ -74.930584360312821, 10.990071885189947 ], [ -74.931980356632778, 10.989909595909877 ], [ -74.932822919465636, 10.990574917080551 ], [ -74.93393974473841, 10.990449461013428 ], [ -74.934314076142456, 10.990723240313748 ], [ -74.934617501713177, 10.99154979070576 ], [ -74.93506778224851, 10.992044013502435 ], [ -74.935905217075245, 10.991921314021202 ], [ -74.938141001205508, 10.991996820888597 ], [ -74.938422946031466, 10.992384715345555 ], [ -74.938984026262162, 10.992730172295053 ], [ -74.939822452269013, 10.992759343318996 ], [ -74.940551601022023, 10.993168928765186 ], [ -74.941223245602473, 10.993330336001101 ], [ -74.941708361470276, 10.994266178848703 ], [ -74.941791804814017, 10.994817964131425 ], [ -74.941514932950525, 10.995206355661539 ], [ -74.938446198138877, 10.995943958290628 ], [ -74.938448002504984, 10.996220106413436 ], [ -74.938169746863892, 10.996397619098294 ], [ -74.937048579834197, 10.995860816215471 ], [ -74.935931823688477, 10.995999436742101 ], [ -74.935656667005318, 10.996652138107326 ], [ -74.935378654705133, 10.996867305175726 ], [ -74.93342614132186, 10.997389227623845 ], [ -74.932308584040612, 10.997406332853222 ], [ -74.932026503499003, 10.996997426076076 ], [ -74.931746798395665, 10.996953177603032 ], [ -74.930630434605021, 10.997153584464556 ], [ -74.930346177077539, 10.996409756052625 ], [ -74.930065873656417, 10.996273455925541 ], [ -74.929601994764397, 10.996552562511157 ], [ -74.929511054948819, 10.99689067000571 ], [ -74.928953640133244, 10.9971090007079 ], [ -74.928115421978006, 10.997114320292638 ], [ -74.927914051447189, 10.996839436648825 ], [ -74.927830632002383, 10.996287643386657 ], [ -74.928106089013326, 10.995678341245052 ], [ -74.929222271165926, 10.995450329137983 ], [ -74.929783474789346, 10.995814980958579 ], [ -74.930619292437626, 10.995441458127468 ], [ -74.932015862945647, 10.995363543462876 ], [ -74.932851525628038, 10.994967002802579 ], [ -74.933474184717483, 10.994042507756793 ], [ -74.933581605432096, 10.992661022370443 ], [ -74.933111440056834, 10.991973611359249 ], [ -74.931719444435601, 10.992751763948075 ], [ -74.930601325082648, 10.992679963805969 ], [ -74.930320127308221, 10.992405588583473 ], [ -74.930040725817378, 10.992407362448912 ], [ -74.929618032788483, 10.991857723622639 ], [ -74.929910208462942, 10.990751225026566 ], [ -74.929698598959845, 10.989924084950305 ] ] } },
{ "type": "Feature", "properties": { "ELEV": 100.0 }, "geometry": { "type": "LineString", "coordinates": [ [ -74.93561253544307, 10.989886496515213 ], [ -74.935612535722015, 10.989886496444402 ], [ -74.935612535769025, 10.989886496513142 ], [ -74.935612535723067, 10.989886496605486 ], [ -74.93561253544307, 10.989886496515213 ] ] } },
{ "type": "Feature", "properties": { "ELEV": 50.0 }, "geometry": { "type": "LineString", "coordinates": [ [ -74.886713632317722, 10.989641503122694 ], [ -74.886993038243119, 10.989639769371513 ], [ -74.886993038383011, 10.989639769401332 ], [ -74.886993038243602, 10.989639769448225 ], [ -74.886713632317722, 10.989641503122694 ] ] } },
{ "type": "Feature", "properties": { "ELEV": 100.0 }, "geometry": { "type": "LineString", "coordinates": [ [ -74.813507712643627, 10.990086904460917 ], [ -74.813507712781657, 10.990086904183917 ], [ -74.813507712923055, 10.99008690445925 ], [ -74.813507712643627, 10.990086904460917 ] ] } },
{ "type": "Feature", "properties": { "ELEV": 50.0 }, "geometry": { "type": "LineString", "coordinates": [ [ -74.833338593672423, 10.988725200116651 ], [ -74.833060033000336, 10.988864966817024 ], [ -74.83361885970028, 10.988861597923972 ], [ -74.833338593672423, 10.988725200116651 ] ] } },
{ "type": "Feature", "properties": { "ELEV": 50.0 }, "geometry": { "type": "LineString", "coordinates": [ [ -74.789983221762796, 10.989121566189835 ], [ -74.790029663771904, 10.989100048100294 ], [ -74.790060838595011, 10.989121109328803 ], [ -74.790030069393126, 10.989167320688614 ], [ -74.789983221762796, 10.989121566189835 ] ] } },
{ "type": "Feature", "properties": { "ELEV": 100.0 }, "geometry": { "type": "LineString", "coordinates": [ [ -74.923023474414308, 10.987480914483054 ], [ -74.923581077461662, 10.987293280296594 ], [ -74.923652119632635, 10.987476938984535 ], [ -74.923303587897294, 10.98758960805624 ], [ -74.923023474414308, 10.987480914483054 ] ] } },
{ "type": "Feature", "properties": { "ELEV": 100.0 }, "geometry": { "type": "LineString", "coordinates": [ [ -74.816003890084318, 10.987034051666789 ], [ -74.815726164489519, 10.987311887303363 ], [ -74.815727853303173, 10.987588055089033 ], [ -74.816008957300511, 10.987862554342655 ], [ -74.816566943181357, 10.98772113338193 ], [ -74.816564408778575, 10.987306882312891 ], [ -74.816283304680383, 10.987032383286964 ], [ -74.816003890084318, 10.987034051666789 ] ] } },
{ "type": "Feature", "properties": { "ELEV": 100.0 }, "geometry": { "type": "LineString", "coordinates": [ [ -74.915973722732858, 10.986144591630122 ], [ -74.916307574381918, 10.985921558013809 ], [ -74.916587506595874, 10.986002643193093 ], [ -74.916869578105775, 10.986415110345296 ], [ -74.91714897598915, 10.986413349437301 ], [ -74.917150759009814, 10.986689501278022 ], [ -74.917464810712147, 10.986963684566881 ], [ -74.917433723640016, 10.987240043575357 ], [ -74.917154325025791, 10.987241804875616 ], [ -74.916969842190227, 10.987519130650751 ], [ -74.916879680729579, 10.987979970642774 ], [ -74.916600875840757, 10.988073782161019 ], [ -74.916604441072366, 10.988626086095532 ], [ -74.91660087546822, 10.988073782163365 ], [ -74.91627312705171, 10.987799684360626 ], [ -74.916148489620511, 10.987248143365397 ], [ -74.91570720137095, 10.986698596778609 ], [ -74.915973722732858, 10.986144591630122 ] ] } },
{ "type": "Feature", "properties": { "ELEV": 50.0 }, "geometry": { "type": "LineString", "coordinates": [ [ -74.794482155438502, 10.986057062623498 ], [ -74.794482155997343, 10.986057062620201 ], [ -74.794483824585171, 10.986333233953729 ], [ -74.794483824304081, 10.986333233679209 ], [ -74.794482155438502, 10.986057062623498 ] ] } },
{ "type": "Feature", "properties": { "ELEV": 100.0 }, "geometry": { "type": "LineString", "coordinates": [ [ -74.810408011999655, 10.985824606502625 ], [ -74.810129439587797, 10.985964353503377 ], [ -74.810410537466893, 10.986238859030056 ], [ -74.810688267988965, 10.985961027599792 ], [ -74.810408011999655, 10.985824606502625 ] ] } },
{ "type": "Feature", "properties": { "ELEV": 50.0 }, "geometry": { "type": "LineString", "coordinates": [ [ -74.795318736723459, 10.98577594550839 ], [ -74.795318737282301, 10.985775945505091 ], [ -74.795880910465144, 10.986324988409784 ], [ -74.7961603277883, 10.986323338751257 ], [ -74.796441415232337, 10.986597859178712 ], [ -74.796720832445629, 10.98659620882859 ], [ -74.796998578368544, 10.986318387553807 ], [ -74.797000249895461, 10.986594558496639 ], [ -74.796441415234824, 10.986597859592969 ], [ -74.796160327510549, 10.986323339029072 ], [ -74.795601493380218, 10.986326638362659 ], [ -74.795599823195488, 10.986050467202201 ], [ -74.795318736723459, 10.98577594550839 ] ] } },
{ "type": "Feature", "properties": { "ELEV": 100.0 }, "geometry": { "type": "LineString", "coordinates": [ [ -74.81599308137001, 10.98526657767893 ], [ -74.815881991632239, 10.985377711969331 ], [ -74.81599544561729, 10.985653212433688 ], [ -74.816366307569169, 10.98537482057236 ], [ -74.816272325408647, 10.985237292937855 ], [ -74.81599308137001, 10.98526657767893 ] ] } },
{ "type": "Feature", "properties": { "ELEV": 100.0 }, "geometry": { "type": "LineString", "coordinates": [ [ -74.81347566477524, 10.984839710286936 ], [ -74.813478194287981, 10.985253962135067 ], [ -74.8137584509264, 10.985390380404493 ], [ -74.813868529551769, 10.985113546033709 ], [ -74.813755077699611, 10.984838044419208 ], [ -74.81347566477524, 10.984839710286936 ] ] } },
{ "type": "Feature", "properties": { "ELEV": 100.0 }, "geometry": { "type": "LineString", "coordinates": [ [ -74.813472292245748, 10.984287373918688 ], [ -74.813194566055003, 10.984565207258081 ], [ -74.813475664771872, 10.984839709734603 ], [ -74.81361368468508, 10.984562709018762 ], [ -74.813472292245748, 10.984287373918688 ] ] } },
{ "type": "Feature", "properties": { "ELEV": 150.0 }, "geometry": { "type": "LineString", "coordinates": [ [ -74.907341646041303, 10.982056374412908 ], [ -74.90734164613356, 10.982056374274247 ], [ -74.907621041549731, 10.982054622938895 ], [ -74.907621041481647, 10.982054623215491 ], [ -74.907341646041303, 10.982056374412908 ] ] } },
{ "type": "Feature", "properties": { "ELEV": 50.0 }, "geometry": { "type": "LineString", "coordinates": [ [ -74.885543405535316, 10.981363729171765 ], [ -74.885821635176811, 10.981177893206567 ], [ -74.886940646880419, 10.981394520786724 ], [ -74.887268114990675, 10.981629205066504 ], [ -74.887612740292852, 10.982731737454969 ], [ -74.887511475298354, 10.983284700661255 ], [ -74.887611628711412, 10.984388749189742 ], [ -74.88716803973098, 10.985772338775272 ], [ -74.886970660269256, 10.986118772662429 ], [ -74.886691257745511, 10.986120505813556 ], [ -74.886413521797934, 10.98638458759943 ], [ -74.885854365256122, 10.986332821397301 ], [ -74.88538694034257, 10.986059551239972 ], [ -74.884871196268577, 10.985510411841846 ], [ -74.884446835790001, 10.984684537253878 ], [ -74.884652882231876, 10.984130925044088 ], [ -74.884228524978184, 10.983305049653968 ], [ -74.884341437986848, 10.982752014431094 ], [ -74.884708013788511, 10.981810773039886 ], [ -74.885543405535316, 10.981363729171765 ] ] } },
{ "type": "Feature", "properties": { "ELEV": 100.0 }, "geometry": { "type": "LineString", "coordinates": [ [ -74.920929903259321, 10.980590082666804 ], [ -74.92130099691714, 10.980366810026979 ], [ -74.92269938346449, 10.980578908134449 ], [ -74.92288743175186, 10.980853882242926 ], [ -74.923034935855654, 10.981405274575675 ], [ -74.922911420175112, 10.981682217341463 ], [ -74.922916408619002, 10.983891483423973 ], [ -74.922723514033819, 10.984306945898881 ], [ -74.92188622243728, 10.984450317754861 ], [ -74.921325049917357, 10.984085645832995 ], [ -74.920208064736471, 10.984184752275626 ], [ -74.920020016001885, 10.98390977648306 ], [ -74.920201637557255, 10.983190607450558 ], [ -74.921372592493938, 10.982796587601165 ], [ -74.921309569202151, 10.98169233577122 ], [ -74.921447479366833, 10.98141530252177 ], [ -74.921026605083682, 10.981141797419484 ], [ -74.920929903259321, 10.980590082666804 ] ] } },
{ "type": "Feature", "properties": { "ELEV": 50.0 }, "geometry": { "type": "LineString", "coordinates": [ [ -74.83021313605424, 10.980320662414485 ], [ -74.830213136473361, 10.980320662411968 ], [ -74.830214837368203, 10.980596828181534 ], [ -74.830214837227928, 10.98059682809032 ], [ -74.83021313605424, 10.980320662414485 ] ] } },
{ "type": "Feature", "properties": { "ELEV": 50.0 }, "geometry": { "type": "LineString", "coordinates": [ [ -74.826855165985137, 10.979512309067559 ], [ -74.826577458054089, 10.979790151998012 ], [ -74.826579155765501, 10.980066318246362 ], [ -74.82692841347091, 10.980064221906671 ], [ -74.826996566819233, 10.979787636407639 ], [ -74.826855165985137, 10.979512309067559 ] ] } },
{ "type": "Feature", "properties": { "ELEV": 100.0 }, "geometry": { "type": "LineString", "coordinates": [ [ -74.91531275147905, 10.978968507217219 ], [ -74.915423795903337, 10.978857343051281 ], [ -74.915703899197723, 10.978966045522697 ], [ -74.91570567972083, 10.979242197663114 ], [ -74.915985961109826, 10.97937851486761 ], [ -74.916543598834679, 10.979197470494769 ], [ -74.917382026710953, 10.979231641868212 ], [ -74.917290678250495, 10.979508380161684 ], [ -74.916826807460765, 10.97978746526695 ], [ -74.916268024001141, 10.979790984152942 ], [ -74.915705679443221, 10.979242197941026 ], [ -74.915427474839674, 10.979428057568771 ], [ -74.91524002711904, 10.979245128271106 ], [ -74.91531275147905, 10.978968507217219 ] ] } },
{ "type": "Feature", "properties": { "ELEV": 50.0 }, "geometry": { "type": "LineString", "coordinates": [ [ -74.925942837817871, 10.978072942409078 ], [ -74.926035072439234, 10.977934277754576 ], [ -74.926315355938925, 10.978070585133885 ], [ -74.926037757172026, 10.978348503701987 ], [ -74.925942837817871, 10.978072942409078 ] ] } },
{ "type": "Feature", "properties": { "ELEV": 50.0 }, "geometry": { "type": "LineString", "coordinates": [ [ -74.793599716348439, 10.978743468372139 ], [ -74.793321139636134, 10.978883200237048 ], [ -74.793602216723642, 10.9791577249391 ], [ -74.794019665231076, 10.978879083901901 ], [ -74.793878293047442, 10.978603736290518 ], [ -74.793599716348439, 10.978743468372139 ] ] } },
{ "type": "Feature", "properties": { "ELEV": 100.0 }, "geometry": { "type": "LineString", "coordinates": [ [ -74.919879893044282, 10.976638376352652 ], [ -74.918904411420684, 10.977012743983774 ], [ -74.91904588880108, 10.977288014731119 ], [ -74.919325277745827, 10.977286253270293 ], [ -74.919327061355432, 10.97756240512923 ], [ -74.919608234146182, 10.977836794762776 ], [ -74.91995568675064, 10.977558440804943 ], [ -74.919879893044282, 10.976638376352652 ] ] } },
{ "type": "Feature", "properties": { "ELEV": 50.0 }, "geometry": { "type": "LineString", "coordinates": [ [ -74.828235204812742, 10.976742259943469 ], [ -74.82879401092525, 10.976738903291647 ], [ -74.829075113671735, 10.97701339091183 ], [ -74.828236903722512, 10.977018426265746 ], [ -74.828235204812742, 10.976742259943469 ] ] } },
{ "type": "Feature", "properties": { "ELEV": 150.0 }, "geometry": { "type": "LineString", "coordinates": [ [ -74.956503716250509, 10.975392625095486 ], [ -74.957029747514937, 10.975132812579819 ], [ -74.957311076398014, 10.975426886676585 ], [ -74.957870790812379, 10.975567941419405 ], [ -74.958199160888455, 10.975934038766725 ], [ -74.958064928083758, 10.976763372984513 ], [ -74.957622601237475, 10.977042374811578 ], [ -74.957355122552542, 10.977872565938153 ], [ -74.957049288998491, 10.978100479146518 ], [ -74.956769816541367, 10.978088757741199 ], [ -74.956481762639072, 10.976773552139415 ], [ -74.956152181610861, 10.97622335571214 ], [ -74.956134842967131, 10.97594730987738 ], [ -74.956505533931036, 10.975668770612378 ], [ -74.956503716250509, 10.975392625095486 ] ] } },
{ "type": "Feature", "properties": { "ELEV": 50.0 }, "geometry": { "type": "LineString", "coordinates": [ [ -74.796095770295153, 10.975644730622696 ], [ -74.795957179268271, 10.975829668744728 ], [ -74.796097717166603, 10.975966930051747 ], [ -74.796376289787815, 10.975827196185923 ], [ -74.796095770295153, 10.975644730622696 ] ] } },
{ "type": "Feature", "properties": { "ELEV": 100.0 }, "geometry": { "type": "LineString", "coordinates": [ [ -74.816395289413052, 10.974879887647591 ], [ -74.816487580021885, 10.974741247950208 ], [ -74.817605022752758, 10.974706961854858 ], [ -74.818725125704091, 10.975107635452964 ], [ -74.819566926717272, 10.975689483102457 ], [ -74.8199312324072, 10.976515838080834 ], [ -74.820413029959326, 10.976973253133545 ], [ -74.820692434408997, 10.976971582216194 ], [ -74.820894264976275, 10.977338611449021 ], [ -74.820944742019265, 10.977614486796194 ], [ -74.820700611853411, 10.978306390478272 ], [ -74.820421206150513, 10.978308061603672 ], [ -74.820149412554443, 10.979552485002806 ], [ -74.819517532657045, 10.980660972956144 ], [ -74.819427807224073, 10.981490041720916 ], [ -74.819663394315143, 10.982317165260469 ], [ -74.819331485543259, 10.982871504936927 ], [ -74.818852664392665, 10.984531432340543 ], [ -74.81906645202109, 10.985220597557928 ], [ -74.81934205794029, 10.984597550407241 ], [ -74.82017860067765, 10.984316369245288 ], [ -74.820734630061281, 10.983857349703973 ], [ -74.82101404093244, 10.983855677457088 ], [ -74.821290366043726, 10.983350767312482 ], [ -74.821756426260151, 10.983409349797606 ], [ -74.821758120064032, 10.983685516725178 ], [ -74.822411772397473, 10.983957779037691 ], [ -74.822974225998479, 10.984546217091298 ], [ -74.824231333721855, 10.984499227881221 ], [ -74.824654408915777, 10.985141102856344 ], [ -74.824932971883598, 10.985001343612703 ], [ -74.825773186656804, 10.985318508012901 ], [ -74.826890831994334, 10.985311798105213 ], [ -74.827342987974149, 10.986137611070413 ], [ -74.82740396895251, 10.986965773362794 ], [ -74.827835801895745, 10.987515530882222 ], [ -74.827978909018142, 10.988067023034388 ], [ -74.828093264613372, 10.989999568185862 ], [ -74.829018738962887, 10.990546354812565 ], [ -74.829020440649074, 10.990822520488363 ], [ -74.830840051552357, 10.991363920794047 ], [ -74.831121171627402, 10.991638403471196 ], [ -74.830986574472774, 10.992467740894215 ], [ -74.831409109068275, 10.993017546894414 ], [ -74.831410813370269, 10.993293712154983 ], [ -74.832904453968865, 10.993837060703896 ], [ -74.83286982565464, 10.995770496536519 ], [ -74.832359260826692, 10.996049750448496 ], [ -74.832825530370513, 10.996138997363781 ], [ -74.834323741427795, 10.997418775442153 ], [ -74.834345785037229, 10.997970992444298 ], [ -74.834964489600267, 10.999900481414835 ], [ -74.835046216334462, 11.001280862222584 ], [ -74.835429806551431, 11.00155471967828 ], [ -74.835660185446855, 11.002658026581797 ], [ -74.835939611676139, 11.002656337784057 ], [ -74.83611068785369, 11.003207653227765 ], [ -74.835715306120676, 11.004038567311715 ], [ -74.834902018228277, 11.004319656781988 ], [ -74.834334317451294, 11.005151610892794 ], [ -74.834336026405424, 11.005427775479449 ], [ -74.83344811665269, 11.006445779299769 ], [ -74.833168686461079, 11.006447466379559 ], [ -74.832890850182878, 11.006706907004377 ], [ -74.831774237235052, 11.006893159111998 ], [ -74.831217508353603, 11.007241736506399 ], [ -74.830378361556569, 11.0071087085509 ], [ -74.829543477172152, 11.007666091432624 ], [ -74.82926574994157, 11.007943940339528 ], [ -74.829134557051418, 11.00932560876719 ], [ -74.828718815612461, 11.009880464748862 ], [ -74.828439381162497, 11.009882148090014 ], [ -74.827604485429646, 11.010439527282257 ], [ -74.827607892664318, 11.010991858344536 ], [ -74.827889031606446, 11.011266340900855 ], [ -74.828168467449942, 11.011264658225565 ], [ -74.827609596002134, 11.011268024146032 ], [ -74.827606188535285, 11.010715692818977 ], [ -74.827325050418906, 11.010441209865558 ], [ -74.827047318783173, 11.010719057257717 ], [ -74.827049021833091, 11.010995222873058 ], [ -74.826216162534209, 11.01188399808898 ], [ -74.824819368653735, 11.011955525394825 ], [ -74.824650977624486, 11.011838176565542 ], [ -74.824532399581798, 11.010734184533648 ], [ -74.825369855754587, 11.010591061342668 ], [ -74.825553593598812, 11.010175692373915 ], [ -74.825365602288144, 11.009900646903088 ], [ -74.824527298007283, 11.009905686626736 ], [ -74.82438588004932, 11.009630360172098 ], [ -74.824608539597335, 11.007971964448593 ], [ -74.824793127776701, 11.007694678559163 ], [ -74.825350291867792, 11.007415153517147 ], [ -74.825069159134429, 11.007140667581846 ], [ -74.824510294769766, 11.007144026277741 ], [ -74.823947464665238, 11.006502995946057 ], [ -74.823530582669335, 11.006873735017983 ], [ -74.823186388991402, 11.007704331336432 ], [ -74.822560636923754, 11.008191397223603 ], [ -74.822000920836714, 11.008056668397538 ], [ -74.821508093031923, 11.007438227927443 ], [ -74.821434840033504, 11.006886313915977 ], [ -74.821990309539999, 11.00633062800912 ], [ -74.821986914387651, 11.005778295040814 ], [ -74.821706634680837, 11.005641888346215 ], [ -74.821428051907915, 11.005781647746215 ], [ -74.82086579579591, 11.005232665909755 ], [ -74.821697866167213, 11.004215027706261 ], [ -74.822349303288519, 11.004119060705102 ], [ -74.822254462552635, 11.003843453369136 ], [ -74.821975033060355, 11.003845129760242 ], [ -74.82169051272183, 11.003018305887405 ], [ -74.820988548382559, 11.002470161380788 ], [ -74.820845442383558, 11.00191866546273 ], [ -74.821119781946834, 11.001088490299958 ], [ -74.820555841569245, 11.000263339503725 ], [ -74.820411043134243, 10.999435676161893 ], [ -74.819991905094867, 10.999438187113531 ], [ -74.819714173555113, 10.999716027808283 ], [ -74.818875895278168, 10.999721047252168 ], [ -74.818874201483411, 10.999444880171559 ], [ -74.819711631918807, 10.999301777147583 ], [ -74.819989362857712, 10.999023936603212 ], [ -74.820123144062691, 10.998056515677293 ], [ -74.819982584804706, 10.997919269157688 ], [ -74.819704007345379, 10.998059025924576 ], [ -74.819300957743806, 10.996128198878599 ], [ -74.818433054451418, 10.995857215631139 ], [ -74.81815193951148, 10.995582720046666 ], [ -74.818008843849526, 10.995031221184814 ], [ -74.817586327797784, 10.99448139310029 ], [ -74.817724346584299, 10.994204390304661 ], [ -74.81716381338417, 10.993931564297762 ], [ -74.816605816767861, 10.994072988184007 ], [ -74.816318789187335, 10.992831903850288 ], [ -74.815759385817827, 10.992743186124301 ], [ -74.815196041129539, 10.992010075970946 ], [ -74.815101212668793, 10.991734464238425 ], [ -74.815259140213001, 10.990904987759411 ], [ -74.814628760296245, 10.99063257254898 ], [ -74.814808285732241, 10.989526789290952 ], [ -74.815456881171897, 10.988970562108346 ], [ -74.815455192484777, 10.988694394167403 ], [ -74.815734608728192, 10.988692726042698 ], [ -74.816290061820354, 10.988137053801113 ], [ -74.815727853025436, 10.987588055366867 ], [ -74.815448437820237, 10.987589723319861 ], [ -74.814613567339464, 10.988147061265082 ], [ -74.814610191653344, 10.98759472536617 ], [ -74.814329932784688, 10.98745830843067 ], [ -74.813913340696544, 10.987875060261191 ], [ -74.814054736044525, 10.988150395032081 ], [ -74.813779256481965, 10.988796453690094 ], [ -74.812661589632, 10.98880311752891 ], [ -74.812381610557978, 10.988712726757354 ], [ -74.812379924678837, 10.988436558478016 ], [ -74.812098822861586, 10.988162055430269 ], [ -74.810421482340047, 10.988033955388227 ], [ -74.810279248337295, 10.987620533933244 ], [ -74.810415588432008, 10.987067365155765 ], [ -74.809296243455691, 10.986797846820551 ], [ -74.809292878149719, 10.986245508964451 ], [ -74.809570609889377, 10.985967678388315 ], [ -74.809568927332805, 10.985691509350364 ], [ -74.809848341665543, 10.985689847080511 ], [ -74.809986365498418, 10.985412847425279 ], [ -74.809844975616031, 10.985137510182421 ], [ -74.809286147943638, 10.985140834294665 ], [ -74.809008416264504, 10.985418664638409 ], [ -74.809006734037879, 10.985142495598105 ], [ -74.809844975612677, 10.985137509630082 ], [ -74.810122145101843, 10.984767622544098 ], [ -74.810958420511469, 10.98444043705347 ], [ -74.811243728310245, 10.985405363516023 ], [ -74.81179918627717, 10.984849698868327 ], [ -74.812637425726408, 10.984844705385758 ], [ -74.81319456549619, 10.984565207261408 ], [ -74.812913467156875, 10.984290704162266 ], [ -74.812911781478562, 10.984014535884508 ], [ -74.81318950768285, 10.983736702556754 ], [ -74.813186136172021, 10.983184366059865 ], [ -74.813743694381998, 10.982973909243453 ], [ -74.814020997110717, 10.98262703338384 ], [ -74.813739900259165, 10.982352530845173 ], [ -74.813738214255594, 10.982076362382241 ], [ -74.814293661458578, 10.981520695072831 ], [ -74.814566324127384, 10.980414356766353 ], [ -74.815401175055825, 10.979857021857011 ], [ -74.814559578260457, 10.97930968463316 ], [ -74.814004134956846, 10.979865351905888 ], [ -74.813723041010391, 10.979590849024703 ], [ -74.813445318768757, 10.979868681937882 ], [ -74.813726412247235, 10.980143185211405 ], [ -74.813445318209943, 10.979868681941214 ], [ -74.813443632732842, 10.979592513665104 ], [ -74.813162539658308, 10.979318009998762 ], [ -74.813158327062126, 10.978627589026257 ], [ -74.813716298512176, 10.978486175624971 ], [ -74.813880571377993, 10.977932840321271 ], [ -74.813842518037902, 10.976275997244086 ], [ -74.814258253742992, 10.9757211635358 ], [ -74.814394584630293, 10.975167994610665 ], [ -74.81509275665465, 10.975108597695886 ], [ -74.815652744431546, 10.975298583401637 ], [ -74.816395289413052, 10.974879887647591 ] ] } },
{ "type": "Feature", "properties": { "ELEV": 100.0 }, "geometry": { "type": "LineString", "coordinates": [ [ -74.95688265571377, 10.974009403905168 ], [ -74.95786025684265, 10.973968599860513 ], [ -74.960376978324348, 10.974302534111343 ], [ -74.961213814685138, 10.974099890393138 ], [ -74.961680487513775, 10.974254687824983 ], [ -74.96177604370682, 10.97462228070799 ], [ -74.961127194829103, 10.97508672152674 ], [ -74.961129016751372, 10.975362866282264 ], [ -74.960851458273908, 10.975640810582055 ], [ -74.96122760978767, 10.976190700487368 ], [ -74.962062916696794, 10.975755741614831 ], [ -74.96374047230448, 10.975937796391083 ], [ -74.964577743723751, 10.975800891655508 ], [ -74.965645656391288, 10.975333738792635 ], [ -74.965688567319276, 10.974781150161011 ], [ -74.965965937240782, 10.974475587955524 ], [ -74.966803472255791, 10.97437944205986 ], [ -74.96764255642158, 10.974517478143325 ], [ -74.968476867596152, 10.973934669524994 ], [ -74.969035565553469, 10.973922427250924 ], [ -74.969595597310317, 10.974111538498594 ], [ -74.969877133173725, 10.974435438678274 ], [ -74.970163747568094, 10.975525458998259 ], [ -74.970905461696645, 10.975023579273016 ], [ -74.971557954555962, 10.975111406314356 ], [ -74.972398309937162, 10.975440696332196 ], [ -74.973112000481962, 10.976113905871177 ], [ -74.972284136928891, 10.976947734638911 ], [ -74.972285969530517, 10.97722387750273 ], [ -74.970740428518866, 10.978224796498125 ], [ -74.969346354965836, 10.978661343178782 ], [ -74.967670810862913, 10.978785152637672 ], [ -74.966836134918736, 10.979314964216229 ], [ -74.965998452881692, 10.979390949687645 ], [ -74.965162677671216, 10.979755349997419 ], [ -74.965164504136851, 10.980031493997663 ], [ -74.964607953509287, 10.98037041948634 ], [ -74.963490595216641, 10.980404753286821 ], [ -74.962654911822312, 10.980784105525974 ], [ -74.96181756704641, 10.98091224100669 ], [ -74.960141332445758, 10.98093484442448 ], [ -74.959306257623155, 10.981407564375553 ], [ -74.959026908801135, 10.981415027696693 ], [ -74.958531032249169, 10.981178883845237 ], [ -74.958183532129283, 10.9806288065581 ], [ -74.957904146496674, 10.980630604210306 ], [ -74.957620313081009, 10.979957379860746 ], [ -74.956497329957799, 10.979138047773509 ], [ -74.955097567880216, 10.978715546895391 ], [ -74.954812128317641, 10.977796855582049 ], [ -74.954531079921168, 10.977545516028957 ], [ -74.953692086870987, 10.97742268605136 ], [ -74.953096519372565, 10.97789992112547 ], [ -74.953098334313594, 10.978176067161014 ], [ -74.952859699741893, 10.978305055715321 ], [ -74.951741324990081, 10.978184771667804 ], [ -74.951734070537839, 10.977080186557728 ], [ -74.952177456098369, 10.976525027746783 ], [ -74.953963991863631, 10.976283434616411 ], [ -74.954793360480238, 10.974943349152053 ], [ -74.955072741289527, 10.974941555272247 ], [ -74.956185014302946, 10.974136623274095 ], [ -74.95688265571377, 10.974009403905168 ] ] } },
{ "type": "Feature", "properties": { "ELEV": 100.0 }, "geometry": { "type": "LineString", "coordinates": [ [ -74.962011259009657, 10.973976400208118 ], [ -74.962609451985216, 10.973900504310615 ], [ -74.963552830102003, 10.973966462977062 ], [ -74.962612413641594, 10.974349102735319 ], [ -74.962053676329674, 10.974355841885856 ], [ -74.961843458606992, 10.974253637806131 ], [ -74.962011259009657, 10.973976400208118 ] ] } },
{ "type": "Feature", "properties": { "ELEV": 100.0 }, "geometry": { "type": "LineString", "coordinates": [ [ -74.813973793826307, 10.974894323538187 ], [ -74.813973793918606, 10.97489432339955 ], [ -74.813973794059152, 10.9748943235368 ], [ -74.813973793920283, 10.974894323675715 ], [ -74.813973793826307, 10.974894323538187 ] ] } },
{ "type": "Feature", "properties": { "ELEV": 50.0 }, "geometry": { "type": "LineString", "coordinates": [ [ -74.822349107706188, 10.973739603474799 ], [ -74.822211099969394, 10.97401660623806 ], [ -74.822630201619688, 10.974014097960916 ], [ -74.822349107706188, 10.973739603474799 ] ] } },
{ "type": "Feature", "properties": { "ELEV": 50.0 }, "geometry": { "type": "LineString", "coordinates": [ [ -74.794131030452633, 10.974183348650612 ], [ -74.794131030731208, 10.974183348510879 ], [ -74.794131031011446, 10.974183348647315 ], [ -74.794131030733709, 10.974183348925132 ], [ -74.794131030452633, 10.974183348650612 ] ] } },
{ "type": "Feature", "properties": { "ELEV": 150.0 }, "geometry": { "type": "LineString", "coordinates": [ [ -74.908869896832783, 10.97348569470854 ], [ -74.909521546468127, 10.973442156953988 ], [ -74.910115165257039, 10.974030214479022 ], [ -74.909818928854278, 10.976241387022817 ], [ -74.909597191469928, 10.976518942282771 ], [ -74.909426897585519, 10.977348503423523 ], [ -74.908990693376538, 10.977793102273157 ], [ -74.908931089932096, 10.978180106203743 ], [ -74.908439271158343, 10.978942642460796 ], [ -74.908159878872041, 10.978944394194741 ], [ -74.907604492166797, 10.979477191008511 ], [ -74.90732569013197, 10.979570993362008 ], [ -74.907045410870481, 10.979434667405222 ], [ -74.90677222079168, 10.980402955303125 ], [ -74.906492826721504, 10.980404705876072 ], [ -74.906215204686362, 10.980682609565957 ], [ -74.90594112532105, 10.981512820589188 ], [ -74.905661730071458, 10.98151457052793 ], [ -74.905314257267392, 10.981792911159207 ], [ -74.904930843804905, 10.983728466011897 ], [ -74.904284228428764, 10.984561008928436 ], [ -74.904249626466253, 10.98538972043823 ], [ -74.904577795593553, 10.986768490456598 ], [ -74.903181383717325, 10.986869286338502 ], [ -74.90234465617533, 10.987104658497087 ], [ -74.902064606577667, 10.9870051493789 ], [ -74.901499526851907, 10.986028295648465 ], [ -74.900939106170611, 10.985778646810337 ], [ -74.900380600790683, 10.985828164185746 ], [ -74.900102084289131, 10.985967986839251 ], [ -74.900103851332048, 10.986244141374494 ], [ -74.899824771989358, 10.986296096528003 ], [ -74.898707783060374, 10.986399064538555 ], [ -74.896631298706154, 10.986265813889126 ], [ -74.896677664072016, 10.985713192607331 ], [ -74.89733030242391, 10.984604458542305 ], [ -74.898971945648384, 10.984014267414702 ], [ -74.899570421260066, 10.982933485007756 ], [ -74.901288068712745, 10.982094260087994 ], [ -74.902083700376679, 10.981260791536428 ], [ -74.902225621279342, 10.980983739073581 ], [ -74.902345638695436, 10.979325996823052 ], [ -74.901807042286549, 10.977948535610103 ], [ -74.901828453522569, 10.977396070930558 ], [ -74.902557216515959, 10.976666582923768 ], [ -74.902836607576177, 10.976664836688618 ], [ -74.903532653103241, 10.97628075801482 ], [ -74.904336714720685, 10.974066408474227 ], [ -74.905053756817566, 10.973845794002514 ], [ -74.90701020555359, 10.973947931478964 ], [ -74.908869896832783, 10.97348569470854 ] ] } },
{ "type": "Feature", "properties": { "ELEV": 50.0 }, "geometry": { "type": "LineString", "coordinates": [ [ -74.822626251436645, 10.973369708359151 ], [ -74.822347415202827, 10.973463436180648 ], [ -74.822349107983896, 10.973739603196957 ], [ -74.822630201897411, 10.974014097683078 ], [ -74.822907909598129, 10.973736258529572 ], [ -74.822906216298676, 10.973460091599449 ], [ -74.822626251436645, 10.973369708359151 ] ] } },
{ "type": "Feature", "properties": { "ELEV": 50.0 }, "geometry": { "type": "LineString", "coordinates": [ [ -74.956354106108336, 10.971527384942618 ], [ -74.956725397755704, 10.971340894836379 ], [ -74.959240443081441, 10.971423859016321 ], [ -74.959520379914068, 10.971507029345688 ], [ -74.960082774030553, 10.97205572361592 ], [ -74.961202559427562, 10.972393710157709 ], [ -74.963715976675928, 10.972229572342005 ], [ -74.964551239659698, 10.971790225745462 ], [ -74.965111295637229, 10.971983866675501 ], [ -74.96734357585197, 10.971557014062801 ], [ -74.96790257605906, 10.97159106005398 ], [ -74.968184236370163, 10.971934434277172 ], [ -74.968289940691818, 10.972555100839099 ], [ -74.967984300736774, 10.973385542590851 ], [ -74.968752326483838, 10.973341127153148 ], [ -74.969309512483605, 10.973100819653833 ], [ -74.969870247888309, 10.973396360915714 ], [ -74.970152217240653, 10.973785756428734 ], [ -74.972946640954987, 10.973866289561265 ], [ -74.973437645247813, 10.974178712958572 ], [ -74.973542198009767, 10.974730344470897 ], [ -74.974076024061389, 10.975647398728933 ], [ -74.974355402286747, 10.975645587047159 ], [ -74.974805465234553, 10.976102925265225 ], [ -74.974639672736799, 10.976380155152217 ], [ -74.974360293869296, 10.976381967214445 ], [ -74.974252211015994, 10.976934976984916 ], [ -74.973809559725709, 10.977593714427273 ], [ -74.972695323164089, 10.978095714701896 ], [ -74.972341312451348, 10.978880447198394 ], [ -74.970467294904012, 10.979168740696963 ], [ -74.969630978903496, 10.979450309258082 ], [ -74.969632809468337, 10.979726452519442 ], [ -74.969074348436195, 10.979776092182904 ], [ -74.968518570736421, 10.980230741228693 ], [ -74.967960169472974, 10.980289583878106 ], [ -74.967682614755461, 10.980567533963228 ], [ -74.967408716973338, 10.981397771144664 ], [ -74.9671301632861, 10.981525097226683 ], [ -74.966570105361399, 10.981334153171643 ], [ -74.966011487832759, 10.981360775828195 ], [ -74.964059747547708, 10.981971717497988 ], [ -74.962662614799541, 10.981950048506583 ], [ -74.961686789532777, 10.982263181568705 ], [ -74.961688613195776, 10.982539326101488 ], [ -74.961271356100411, 10.982818172405191 ], [ -74.960433194157318, 10.982823574124984 ], [ -74.960431371612614, 10.982547429388871 ], [ -74.960151681123435, 10.982503205281645 ], [ -74.960012291424874, 10.982550129328363 ], [ -74.96001411358057, 10.982826274133991 ], [ -74.959038685765023, 10.983200765202893 ], [ -74.958477482187561, 10.982836169281192 ], [ -74.95819809445895, 10.982837967525828 ], [ -74.958196273988904, 10.982561822419145 ], [ -74.957259523852031, 10.981739378862009 ], [ -74.95623384629279, 10.981554788929666 ], [ -74.955672240863521, 10.981128230900197 ], [ -74.95501897597552, 10.980925310586482 ], [ -74.954691208093564, 10.980651258768999 ], [ -74.954689391253254, 10.980375113041767 ], [ -74.954265771489247, 10.979687440106243 ], [ -74.953426344272756, 10.979499518816729 ], [ -74.952030082156853, 10.97960973537851 ], [ -74.951050116436562, 10.979293834961734 ], [ -74.950716915234111, 10.978191338646418 ], [ -74.95005958147361, 10.977367076240672 ], [ -74.949998269118211, 10.976538994494451 ], [ -74.950192025306919, 10.976261595159587 ], [ -74.950104586849022, 10.97570983893698 ], [ -74.949767516577111, 10.975435839680655 ], [ -74.949488134275967, 10.975437628705528 ], [ -74.949767516574852, 10.975435839335473 ], [ -74.950602491519476, 10.974947214423079 ], [ -74.950806137956761, 10.97404839586698 ], [ -74.951434744318647, 10.974044367803106 ], [ -74.951990483326426, 10.973580542441626 ], [ -74.952269863324517, 10.973578751352358 ], [ -74.952826204498237, 10.973206973521249 ], [ -74.952824390791022, 10.972930827303928 ], [ -74.952826204777608, 10.973206973519458 ], [ -74.953664342735323, 10.973201597367693 ], [ -74.953662528111437, 10.972925451335822 ], [ -74.954218261419228, 10.972461622799534 ], [ -74.95505624567889, 10.972433231024667 ], [ -74.956354106108336, 10.971527384942618 ] ] } },
{ "type": "Feature", "properties": { "ELEV": 100.0 }, "geometry": { "type": "LineString", "coordinates": [ [ -74.908296943443091, 10.971279969303213 ], [ -74.908668393326963, 10.971111942988708 ], [ -74.909506598383118, 10.971114579414692 ], [ -74.909787883363563, 10.971408706117577 ], [ -74.910908084863138, 10.971815925899497 ], [ -74.912041608856157, 10.974294287495365 ], [ -74.912298835766947, 10.975673491832177 ], [ -74.912153862752191, 10.975950566332534 ], [ -74.912061149760945, 10.977331968309327 ], [ -74.911645617244062, 10.977886906070786 ], [ -74.911647393678308, 10.978163058889248 ], [ -74.911230527171128, 10.978510881726258 ], [ -74.910951135747325, 10.978512635953427 ], [ -74.910024712101858, 10.97927790245787 ], [ -74.909065365878703, 10.983978714647034 ], [ -74.908753410691602, 10.984348891102606 ], [ -74.9081758419007, 10.984536623946799 ], [ -74.908477266766539, 10.984856924865541 ], [ -74.908756664559746, 10.984855171909089 ], [ -74.909504980405856, 10.98535677667387 ], [ -74.90960450610126, 10.986350342870525 ], [ -74.909367507212892, 10.986738460535943 ], [ -74.908399811062623, 10.987296862386604 ], [ -74.907051150297619, 10.987581486301162 ], [ -74.907148275248801, 10.989237864171622 ], [ -74.90735461185244, 10.989512734477906 ], [ -74.906984626993932, 10.991724370728079 ], [ -74.907063910525409, 10.992552366725095 ], [ -74.906655996395145, 10.994211912202109 ], [ -74.905526835267366, 10.995323651455614 ], [ -74.905528608899743, 10.995599804947361 ], [ -74.904639111260181, 10.996323408855949 ], [ -74.904085432940576, 10.997127756337761 ], [ -74.903247202485389, 10.997133007448044 ], [ -74.90296513486156, 10.996720526319884 ], [ -74.902963363289658, 10.996444372435953 ], [ -74.902683068357163, 10.996308045062724 ], [ -74.901962800262183, 10.997279131404381 ], [ -74.901854577287352, 10.997832138994218 ], [ -74.902134873670349, 10.997968467010764 ], [ -74.902693400723805, 10.997918942789317 ], [ -74.902806346154861, 10.998102345530844 ], [ -74.903094616908604, 10.999481364823435 ], [ -74.90306445608185, 10.999757718656459 ], [ -74.902746898999709, 11.000035872575999 ], [ -74.902619160408037, 11.000865167468909 ], [ -74.90164652461759, 11.001699752805481 ], [ -74.901602612050468, 11.002114275485132 ], [ -74.901323196844743, 11.002116024581467 ], [ -74.901045257072326, 11.002347901692737 ], [ -74.899927447260055, 11.002331881778865 ], [ -74.899369795212536, 11.002519479607441 ], [ -74.897970387468433, 11.002164609038761 ], [ -74.897686376429647, 11.001448353017597 ], [ -74.89713107974103, 11.002004152726839 ], [ -74.897136380828528, 11.00283261687713 ], [ -74.896578430549397, 11.002974184362886 ], [ -74.896580197112669, 11.003250338880363 ], [ -74.89686049786917, 11.003386671476603 ], [ -74.896862264764735, 11.003662826217445 ], [ -74.896307404084027, 11.004287664271395 ], [ -74.895191276143066, 11.004536276618948 ], [ -74.892955353473241, 11.004460467578898 ], [ -74.8923933425597, 11.003966870544504 ], [ -74.892391579775477, 11.003690715092192 ], [ -74.891899073491132, 11.003141450373088 ], [ -74.892216878918106, 11.002587137676455 ], [ -74.891818646986266, 11.001484952055616 ], [ -74.892065968569085, 11.000102579033975 ], [ -74.892553182162445, 10.999823377897327 ], [ -74.892920799621635, 10.999047821690505 ], [ -74.893200213303331, 10.999046080799797 ], [ -74.893585750652733, 10.998159945984741 ], [ -74.894587627547992, 10.997526050402341 ], [ -74.896262520614172, 10.997268727656744 ], [ -74.897373395493844, 10.996203158052813 ], [ -74.897371629350161, 10.995927003258897 ], [ -74.897927505049992, 10.995463256162809 ], [ -74.898202792034127, 10.994817150318463 ], [ -74.898482200930047, 10.994815405179249 ], [ -74.898815724218252, 10.994537156208567 ], [ -74.899287955853879, 10.993705709096462 ], [ -74.899583041861021, 10.992184954601656 ], [ -74.900046066795127, 10.991767813041449 ], [ -74.900304990293407, 10.990385367449452 ], [ -74.900684750645354, 10.989692580129509 ], [ -74.900964154258958, 10.989690833568934 ], [ -74.901380606339202, 10.98927398198348 ], [ -74.901236483428079, 10.988584469838676 ], [ -74.900396507998352, 10.988313554535694 ], [ -74.900121524285382, 10.989005686491977 ], [ -74.899284198211234, 10.989149000080888 ], [ -74.899002144961528, 10.988736512954222 ], [ -74.89900037853225, 10.988460358286886 ], [ -74.898719209774626, 10.988185948270583 ], [ -74.896484995971292, 10.988357697959072 ], [ -74.895361968594557, 10.98751647425185 ], [ -74.894914043385114, 10.987381182130203 ], [ -74.894659056862466, 10.986830437937087 ], [ -74.894746904530038, 10.986001391603125 ], [ -74.895072285036193, 10.985907309178492 ], [ -74.895150938960271, 10.985722708271933 ], [ -74.895205523405835, 10.984893869244479 ], [ -74.895945301276839, 10.984060760904173 ], [ -74.896310780939842, 10.982953818314396 ], [ -74.897565425382808, 10.982531747046545 ], [ -74.898957336533655, 10.981729086636058 ], [ -74.899443410993527, 10.981277283520425 ], [ -74.899441645382907, 10.98100112878906 ], [ -74.900067341958433, 10.980536946573254 ], [ -74.900346737061938, 10.980535202015481 ], [ -74.900623776586329, 10.980165251128261 ], [ -74.90033908331678, 10.979338532184412 ], [ -74.900059689336913, 10.979340276547509 ], [ -74.899953150814611, 10.979064775795456 ], [ -74.899914695220076, 10.978512684410205 ], [ -74.90014575714892, 10.978235076342672 ], [ -74.900051449040546, 10.978051554583679 ], [ -74.899772056223469, 10.978053298481042 ], [ -74.899011813282684, 10.977137489510683 ], [ -74.898971032062619, 10.976585412130259 ], [ -74.899202093717719, 10.976307804849895 ], [ -74.899200329188972, 10.976031649851498 ], [ -74.900873583943223, 10.975537917267545 ], [ -74.901430156218737, 10.975189234840416 ], [ -74.901705129475999, 10.97449710359958 ], [ -74.902725137396374, 10.973800317847083 ], [ -74.902906093639942, 10.972970690975377 ], [ -74.90420282733119, 10.971857924345995 ], [ -74.904481455570121, 10.971737825673557 ], [ -74.905320018238484, 10.971795704132136 ], [ -74.905876931735733, 10.971502246308912 ], [ -74.906997750611254, 10.972006135214594 ], [ -74.907462330924005, 10.971837526949949 ], [ -74.907832010280387, 10.971393347911379 ], [ -74.908296943443091, 10.971279969303213 ] ] } },
{ "type": "Feature", "properties": { "ELEV": 150.0 }, "geometry": { "type": "LineString", "coordinates": [ [ -74.923195627852934, 10.9709100929529 ], [ -74.923195627907916, 10.970910092814472 ], [ -74.923195627909706, 10.970910093090621 ], [ -74.923195627852934, 10.9709100929529 ] ] } },
{ "type": "Feature", "properties": { "ELEV": 50.0 }, "geometry": { "type": "LineString", "coordinates": [ [ -74.797735754363146, 10.969605107248823 ], [ -74.79745718808185, 10.969744841321752 ], [ -74.797458857170128, 10.970021012220087 ], [ -74.797739927756979, 10.970295533970875 ], [ -74.798019329447456, 10.970293884847138 ], [ -74.798085840477626, 10.969741131202227 ], [ -74.798015155405849, 10.969603458231354 ], [ -74.797735754363146, 10.969605107248823 ] ] } },
{ "type": "Feature", "properties": { "ELEV": 150.0 }, "geometry": { "type": "LineString", "coordinates": [ [ -74.9215848824429, 10.968710958683056 ], [ -74.922341979571385, 10.968517228755426 ], [ -74.922815998222504, 10.968703190450141 ], [ -74.923214636726186, 10.969529161135581 ], [ -74.923191163119455, 10.970219715394311 ], [ -74.922912376650373, 10.970313529519036 ], [ -74.922678070669065, 10.970084873267288 ], [ -74.922629466739437, 10.9697695658336 ], [ -74.922350340679671, 10.969810779307311 ], [ -74.922352125711299, 10.970086930534094 ], [ -74.922074974781239, 10.970433882714561 ], [ -74.920676503432631, 10.970201062083648 ], [ -74.92051705579766, 10.969546180894687 ], [ -74.920635561680626, 10.969269270950919 ], [ -74.920947883704102, 10.968960454111931 ], [ -74.9215848824429, 10.968710958683056 ] ] } },
{ "type": "Feature", "properties": { "ELEV": 150.0 }, "geometry": { "type": "LineString", "coordinates": [ [ -74.925357306378601, 10.966754004772321 ], [ -74.927079778909828, 10.966687882866415 ], [ -74.928478303502715, 10.966931524839667 ], [ -74.929873911699303, 10.966725429863036 ], [ -74.930153886185167, 10.966815710200002 ], [ -74.930925161084048, 10.967271091930002 ], [ -74.930926953649688, 10.967547241803723 ], [ -74.931522424657132, 10.967819628300029 ], [ -74.932149422133961, 10.968644135567734 ], [ -74.932097617984141, 10.969749108247544 ], [ -74.931666614609767, 10.970304163957531 ], [ -74.931483948274746, 10.970857644550708 ], [ -74.931020423129652, 10.971185479170641 ], [ -74.930461856361632, 10.971219188986231 ], [ -74.930236046551101, 10.970865555678222 ], [ -74.930175868584982, 10.970203149933528 ], [ -74.929056674431294, 10.969952489427437 ], [ -74.928941937068416, 10.969492946886973 ], [ -74.928353448287197, 10.969220511324739 ], [ -74.927931565645139, 10.96878921339397 ], [ -74.927373062151148, 10.96883219920956 ], [ -74.927091989100433, 10.968572610008504 ], [ -74.925412091614547, 10.968024004092442 ], [ -74.924853601138196, 10.968068957612074 ], [ -74.92429380020765, 10.967911399442354 ], [ -74.923177770481445, 10.968148581969583 ], [ -74.9230694324377, 10.967596941034541 ], [ -74.923173753286363, 10.967527241925193 ], [ -74.923730725547316, 10.967247563223495 ], [ -74.924848176413732, 10.967230642497837 ], [ -74.925357306378601, 10.966754004772321 ] ] } },
{ "type": "Feature", "properties": { "ELEV": 50.0 }, "geometry": { "type": "LineString", "coordinates": [ [ -74.845178810735931, 10.966973949151171 ], [ -74.845218256594208, 10.966898390094356 ], [ -74.845498114941861, 10.966972015282042 ], [ -74.845219580247573, 10.967111789273515 ], [ -74.845178810735931, 10.966973949151171 ] ] } },
{ "type": "Feature", "properties": { "ELEV": 50.0 }, "geometry": { "type": "LineString", "coordinates": [ [ -74.820352727661472, 10.967123284407011 ], [ -74.820352727939166, 10.967123284129173 ], [ -74.82035272794171, 10.967123284543428 ], [ -74.820352727661472, 10.967123284407011 ] ] } },
{ "type": "Feature", "properties": { "ELEV": 50.0 }, "geometry": { "type": "LineString", "coordinates": [ [ -74.911708964892611, 10.966011453504645 ], [ -74.911712514269311, 10.966563759819547 ], [ -74.911433134146662, 10.966565512604268 ], [ -74.911710739416677, 10.966287606527532 ], [ -74.911708964892611, 10.966011453504645 ] ] } },
{ "type": "Feature", "properties": { "ELEV": 50.0 }, "geometry": { "type": "LineString", "coordinates": [ [ -74.918132309085919, 10.965602868285112 ], [ -74.917994993874146, 10.965971950255348 ], [ -74.918136463462901, 10.966247222641034 ], [ -74.918415842187059, 10.966245463762448 ], [ -74.918693439588438, 10.965967553015027 ], [ -74.918411687205904, 10.965601109512342 ], [ -74.918132309085919, 10.965602868285112 ] ] } },
{ "type": "Feature", "properties": { "ELEV": 100.0 }, "geometry": { "type": "LineString", "coordinates": [ [ -74.927619211459472, 10.963701923433218 ], [ -74.928181539912316, 10.964250689560401 ], [ -74.928741313124618, 10.964404953987946 ], [ -74.930412509241208, 10.963615202766601 ], [ -74.931096813952053, 10.964508391650394 ], [ -74.931584186912403, 10.964781464038897 ], [ -74.931821183209578, 10.965424337709615 ], [ -74.932100558904381, 10.965422566419281 ], [ -74.932943470183602, 10.966153649875846 ], [ -74.933135104353809, 10.966980916865001 ], [ -74.933439557550031, 10.967255145849892 ], [ -74.93344135244638, 10.967531295312513 ], [ -74.933792369509064, 10.967805228283149 ], [ -74.933865804677339, 10.968357083699875 ], [ -74.934356512323276, 10.96863012896798 ], [ -74.934451434431864, 10.968905686893876 ], [ -74.934330570186276, 10.970011097129838 ], [ -74.934508775245618, 10.970562286679202 ], [ -74.93437088171423, 10.970839323119442 ], [ -74.933536331387543, 10.971396943819826 ], [ -74.933493359109676, 10.971949538185221 ], [ -74.933262635894195, 10.972273190517566 ], [ -74.932704649827699, 10.972396401938843 ], [ -74.932150790732194, 10.973154756438564 ], [ -74.931591426744163, 10.973066251502821 ], [ -74.93047748100777, 10.973625637745858 ], [ -74.928522934221846, 10.973813762053419 ], [ -74.927055027705563, 10.97364731620141 ], [ -74.926953663467856, 10.973095634192408 ], [ -74.927119503594454, 10.972818422999321 ], [ -74.926839225438584, 10.972682115746522 ], [ -74.926352988344846, 10.97309943463169 ], [ -74.925725907787594, 10.973340111098278 ], [ -74.925445348333795, 10.973160407368839 ], [ -74.925162030391547, 10.972554642283038 ], [ -74.924609903096126, 10.973583877069093 ], [ -74.923215276529589, 10.973947754493103 ], [ -74.923057414244198, 10.974224913778261 ], [ -74.923070030444507, 10.975053321022491 ], [ -74.922672056506912, 10.976355421997228 ], [ -74.920442476155301, 10.977223974861552 ], [ -74.920168351086843, 10.978040384095575 ], [ -74.918496024838575, 10.97867229570585 ], [ -74.917469811129195, 10.978402599294418 ], [ -74.91709372755399, 10.977852641952015 ], [ -74.917091946112109, 10.977576490010835 ], [ -74.916810775533108, 10.977302097613943 ], [ -74.915691437649329, 10.977032980386882 ], [ -74.915501618561663, 10.976481848040047 ], [ -74.916096279720989, 10.974821125703592 ], [ -74.916930879288927, 10.974263545793479 ], [ -74.916660631472439, 10.97371292048237 ], [ -74.917468047374967, 10.972879347654077 ], [ -74.917616580234665, 10.972280058836997 ], [ -74.91806032947953, 10.971770965284168 ], [ -74.919258115176476, 10.971211093426893 ], [ -74.919416833039705, 10.969829278576778 ], [ -74.920106373588453, 10.968444118487239 ], [ -74.920733196306841, 10.968164004315801 ], [ -74.920731413098295, 10.96788785279084 ], [ -74.921219658922126, 10.967781213174577 ], [ -74.922054388365012, 10.967248280293777 ], [ -74.922330311649873, 10.966711748513022 ], [ -74.922885716811592, 10.966189672072939 ], [ -74.923721350432515, 10.96579777009867 ], [ -74.924837966361309, 10.965652637389649 ], [ -74.925112876369326, 10.964960495298213 ], [ -74.925391359093297, 10.964820654888211 ], [ -74.927065826993783, 10.964533908689365 ], [ -74.927619211459472, 10.963701923433218 ] ] } },
{ "type": "Feature", "properties": { "ELEV": 50.0 }, "geometry": { "type": "LineString", "coordinates": [ [ -74.956616240950126, 10.963240981627459 ], [ -74.957509617722607, 10.96314319248418 ], [ -74.957649908054748, 10.963234343799517 ], [ -74.957653541464666, 10.963786634887576 ], [ -74.956677562327158, 10.964069060071481 ], [ -74.956616240950126, 10.963240981627459 ] ] } },
{ "type": "Feature", "properties": { "ELEV": 50.0 }, "geometry": { "type": "LineString", "coordinates": [ [ -74.949686052115908, 10.96300923577722 ], [ -74.949967232250415, 10.963283595323649 ], [ -74.94968967076791, 10.963561529576856 ], [ -74.949548175947996, 10.963286276210255 ], [ -74.949686052115908, 10.96300923577722 ] ] } },
{ "type": "Feature", "properties": { "ELEV": 50.0 }, "geometry": { "type": "LineString", "coordinates": [ [ -74.93291795708744, 10.962226188842365 ], [ -74.932828818489057, 10.962840445271453 ], [ -74.932922839693035, 10.962977929375468 ], [ -74.933478894562967, 10.962560161130666 ], [ -74.933477100465382, 10.962284011584391 ], [ -74.93291795708744, 10.962226188842365 ] ] } },
{ "type": "Feature", "properties": { "ELEV": 50.0 }, "geometry": { "type": "LineString", "coordinates": [ [ -74.936827769824177, 10.961986578024341 ], [ -74.93701761257239, 10.962537692436948 ], [ -74.936832562625256, 10.962722975351054 ], [ -74.936552890749695, 10.962678725845272 ], [ -74.936496117811728, 10.962541006189987 ], [ -74.936829566979782, 10.962262727026928 ], [ -74.936827769824177, 10.961986578024341 ] ] } },
{ "type": "Feature", "properties": { "ELEV": 50.0 }, "geometry": { "type": "LineString", "coordinates": [ [ -74.956381853171095, 10.961585541733172 ], [ -74.956939378713287, 10.961397857984741 ], [ -74.957596080289903, 10.962130060606485 ], [ -74.956386391380462, 10.962275906327454 ], [ -74.95624579930741, 10.962138729842014 ], [ -74.956381853171095, 10.961585541733172 ] ] } },
{ "type": "Feature", "properties": { "ELEV": 50.0 }, "geometry": { "type": "LineString", "coordinates": [ [ -74.914193180080161, 10.961301072467123 ], [ -74.914334643906784, 10.961576347938843 ], [ -74.914196732362171, 10.961853377941145 ], [ -74.91391558113817, 10.96157897944483 ], [ -74.914193180080161, 10.961301072467123 ] ] } },
{ "type": "Feature", "properties": { "ELEV": 50.0 }, "geometry": { "type": "LineString", "coordinates": [ [ -74.94408420174652, 10.960835745075334 ], [ -74.944924114547192, 10.961106546619762 ], [ -74.945065603862957, 10.961381803014033 ], [ -74.945022651522464, 10.961934395448734 ], [ -74.944510472507901, 10.961937663305628 ], [ -74.944367179330428, 10.961386259121506 ], [ -74.944017966983395, 10.961388486161598 ], [ -74.94408420174652, 10.960835745075334 ] ] } },
{ "type": "Feature", "properties": { "ELEV": 50.0 }, "geometry": { "type": "LineString", "coordinates": [ [ -74.95344123660216, 10.960499769548575 ], [ -74.953580316348678, 10.960406825666375 ], [ -74.953861194280123, 10.960635156959915 ], [ -74.954979571271437, 10.960766065711393 ], [ -74.955260752501545, 10.961040419661341 ], [ -74.95526256659754, 10.961316566195745 ], [ -74.954704737383764, 10.961458222548382 ], [ -74.954424462496263, 10.961321940857323 ], [ -74.953586357960674, 10.961327313494175 ], [ -74.95344123660216, 10.960499769548575 ] ] } },
{ "type": "Feature", "properties": { "ELEV": 50.0 }, "geometry": { "type": "LineString", "coordinates": [ [ -74.815564247902159, 10.960799755687846 ], [ -74.815426237373345, 10.961076755648904 ], [ -74.815567616920163, 10.961352091710255 ], [ -74.815705627392688, 10.961075091690512 ], [ -74.815564247902159, 10.960799755687846 ] ] } },
{ "type": "Feature", "properties": { "ELEV": 50.0 }, "geometry": { "type": "LineString", "coordinates": [ [ -74.874511055171098, 10.959890658557082 ], [ -74.874511055309043, 10.959890658280061 ], [ -74.874790435296916, 10.959888940646449 ], [ -74.874511055312524, 10.959890658832382 ], [ -74.874511055171098, 10.959890658557082 ] ] } },
{ "type": "Feature", "properties": { "ELEV": 50.0 }, "geometry": { "type": "LineString", "coordinates": [ [ -74.973591146496616, 10.958713054571469 ], [ -74.973962409032524, 10.958526547931752 ], [ -74.974075374641743, 10.958709919712771 ], [ -74.973687471203462, 10.959195701949152 ], [ -74.97312737257964, 10.958992211187608 ], [ -74.973406735384231, 10.958990402949883 ], [ -74.973591146496616, 10.958713054571469 ] ] } },
{ "type": "Feature", "properties": { "ELEV": 50.0 }, "geometry": { "type": "LineString", "coordinates": [ [ -74.874783478257228, 10.958784304387253 ], [ -74.874783478535747, 10.958784304247455 ], [ -74.874783478815985, 10.958784304383817 ], [ -74.874783478538347, 10.958784304661698 ], [ -74.874783478257228, 10.958784304387253 ] ] } },
{ "type": "Feature", "properties": { "ELEV": 50.0 }, "geometry": { "type": "LineString", "coordinates": [ [ -74.949186076211575, 10.957765421039333 ], [ -74.949650329333494, 10.957555334045811 ], [ -74.950210054822293, 10.957703641846484 ], [ -74.950120912344488, 10.958311760580687 ], [ -74.95059014091926, 10.958861075847175 ], [ -74.950780004377449, 10.959412177634936 ], [ -74.951059371417898, 10.959410390074225 ], [ -74.949663053040751, 10.959498225133871 ], [ -74.949476291539639, 10.95942051698345 ], [ -74.94937955228454, 10.958868818448176 ], [ -74.949099583231543, 10.958778555504061 ], [ -74.948820819450049, 10.958872390333154 ], [ -74.948822626925747, 10.959148537696851 ], [ -74.948819011463982, 10.958596242967745 ], [ -74.949186076211575, 10.957765421039333 ] ] } },
{ "type": "Feature", "properties": { "ELEV": 50.0 }, "geometry": { "type": "LineString", "coordinates": [ [ -74.81499031402511, 10.958317567392088 ], [ -74.814852303693044, 10.958594567037379 ], [ -74.814993681197024, 10.958869903680604 ], [ -74.815273069492505, 10.958868240447455 ], [ -74.815550773337478, 10.958590408904493 ], [ -74.81499031402511, 10.958317567392088 ] ] } },
{ "type": "Feature", "properties": { "ELEV": 50.0 }, "geometry": { "type": "LineString", "coordinates": [ [ -74.969764053538768, 10.95735702669238 ], [ -74.970115083068379, 10.957630914291141 ], [ -74.970328868756127, 10.958273895394345 ], [ -74.970608231304681, 10.958272089975132 ], [ -74.970702570764203, 10.958455583756209 ], [ -74.970611734732913, 10.958801364975841 ], [ -74.970332371688471, 10.958803170484336 ], [ -74.969778670290992, 10.959566175789165 ], [ -74.969764053538768, 10.95735702669238 ] ] } },
{ "type": "Feature", "properties": { "ELEV": 50.0 }, "geometry": { "type": "LineString", "coordinates": [ [ -74.938195859090868, 10.957559317724334 ], [ -74.938480620473612, 10.958385988269697 ], [ -74.938202151253293, 10.958525838842123 ], [ -74.938013209359084, 10.958112799270207 ], [ -74.938195859090868, 10.957559317724334 ] ] } },
{ "type": "Feature", "properties": { "ELEV": 50.0 }, "geometry": { "type": "LineString", "coordinates": [ [ -74.975000247207547, 10.957047002281929 ], [ -74.975442568148125, 10.957044137125967 ], [ -74.975354028150562, 10.957735097275833 ], [ -74.975213431396995, 10.957597930647152 ], [ -74.975000247207547, 10.957047002281929 ] ] } },
{ "type": "Feature", "properties": { "ELEV": 50.0 }, "geometry": { "type": "LineString", "coordinates": [ [ -74.918638252272672, 10.957406841777882 ], [ -74.918638252691721, 10.957406841775246 ], [ -74.918640032074904, 10.957682993968737 ], [ -74.918640031794638, 10.957682993832419 ], [ -74.918638252272672, 10.957406841777882 ] ] } },
{ "type": "Feature", "properties": { "ELEV": 50.0 }, "geometry": { "type": "LineString", "coordinates": [ [ -74.875333538423391, 10.957400073154723 ], [ -74.875521529836064, 10.957675086644933 ], [ -74.875431883009895, 10.958227977395307 ], [ -74.875340496464943, 10.958504709441558 ], [ -74.875061118005462, 10.95850642764014 ], [ -74.874962774485155, 10.957678522861311 ], [ -74.875333538423391, 10.957400073154723 ] ] } },
{ "type": "Feature", "properties": { "ELEV": 50.0 }, "geometry": { "type": "LineString", "coordinates": [ [ -74.800457912655276, 10.957713271972272 ], [ -74.800365617772741, 10.957851907029834 ], [ -74.80046041766208, 10.95812752754394 ], [ -74.800598442307816, 10.957850532313149 ], [ -74.800457912655276, 10.957713271972272 ] ] } },
{ "type": "Feature", "properties": { "ELEV": 50.0 }, "geometry": { "type": "LineString", "coordinates": [ [ -74.946150587361018, 10.956404014898006 ], [ -74.946289367385091, 10.956265049597549 ], [ -74.946476513085756, 10.956401934736151 ], [ -74.946666367005705, 10.956953040883697 ], [ -74.946295233701065, 10.957162529185812 ], [ -74.946150587361018, 10.956404014898006 ] ] } },
{ "type": "Feature", "properties": { "ELEV": 50.0 }, "geometry": { "type": "LineString", "coordinates": [ [ -74.929242790367795, 10.95556460821585 ], [ -74.929301219613933, 10.955958755264646 ], [ -74.929525906312165, 10.956141441511495 ], [ -74.929804975403513, 10.956093648621556 ], [ -74.92980193310008, 10.955624193307706 ], [ -74.929242790367795, 10.95556460821585 ] ] } },
{ "type": "Feature", "properties": { "ELEV": 50.0 }, "geometry": { "type": "LineString", "coordinates": [ [ -74.979340762267285, 10.95508578080457 ], [ -74.979526083192241, 10.954946500970314 ], [ -74.980087093980188, 10.955288051629779 ], [ -74.980257004207871, 10.955632140740075 ], [ -74.979871410477671, 10.956463105948233 ], [ -74.979822883238299, 10.957568036608496 ], [ -74.978982966652865, 10.957297334974792 ], [ -74.978981131204094, 10.95702119281637 ], [ -74.978350736503359, 10.9567491292306 ], [ -74.978199627488237, 10.956197801240641 ], [ -74.978182273054728, 10.955921759658686 ], [ -74.978412870675641, 10.955588878817617 ], [ -74.978970853907654, 10.955474796938693 ], [ -74.979340762267285, 10.95508578080457 ] ] } },
{ "type": "Feature", "properties": { "ELEV": 50.0 }, "geometry": { "type": "LineString", "coordinates": [ [ -74.81972471047051, 10.955803749648201 ], [ -74.819447013320058, 10.956081584003924 ], [ -74.81972808562935, 10.95635608457029 ], [ -74.82000578268952, 10.956078249964209 ], [ -74.81972471047051, 10.955803749648201 ] ] } },
{ "type": "Feature", "properties": { "ELEV": 50.0 }, "geometry": { "type": "LineString", "coordinates": [ [ -74.914348343237108, 10.954396000745023 ], [ -74.915265379303833, 10.954252161774708 ], [ -74.915733656984955, 10.954663466656982 ], [ -74.914991871015403, 10.955165219843193 ], [ -74.914154119198528, 10.955225711885443 ], [ -74.913876524856903, 10.95550361784592 ], [ -74.913874750111816, 10.955227464771962 ], [ -74.914154119195857, 10.955225711471213 ], [ -74.914348343237108, 10.954396000745023 ] ] } },
{ "type": "Feature", "properties": { "ELEV": 50.0 }, "geometry": { "type": "LineString", "coordinates": [ [ -74.940122643643988, 10.953128504198377 ], [ -74.939984760964265, 10.953405540934952 ], [ -74.940125341741307, 10.953542726714673 ], [ -74.940403805125882, 10.953402875570177 ], [ -74.940122643643988, 10.953128504198377 ] ] } },
{ "type": "Feature", "properties": { "ELEV": 50.0 }, "geometry": { "type": "LineString", "coordinates": [ [ -74.813563942000158, 10.953492927150052 ], [ -74.813285399365896, 10.95363267226011 ], [ -74.81328708061335, 10.953908841029659 ], [ -74.813847529912564, 10.954181687323407 ], [ -74.813849212048481, 10.954457856271226 ], [ -74.814129156818794, 10.954548250957609 ], [ -74.814965065670876, 10.954175040142385 ], [ -74.814683999143412, 10.953900533840566 ], [ -74.813563942000158, 10.953492927150052 ] ] } },
{ "type": "Feature", "properties": { "ELEV": 50.0 }, "geometry": { "type": "LineString", "coordinates": [ [ -74.945987447594149, 10.952814987092044 ], [ -74.946266809385534, 10.952813204703835 ], [ -74.946268613749652, 10.953089352596328 ], [ -74.945989251837545, 10.953091134753498 ], [ -74.945987447594149, 10.952814987092044 ] ] } },
{ "type": "Feature", "properties": { "ELEV": 50.0 }, "geometry": { "type": "LineString", "coordinates": [ [ -74.815514575765306, 10.952652788634843 ], [ -74.815236035059812, 10.952792535262711 ], [ -74.815237717983024, 10.953068703747745 ], [ -74.815518783745617, 10.953343209322606 ], [ -74.815798166776048, 10.953341546436638 ], [ -74.816075865739478, 10.953063715221946 ], [ -74.816074182040268, 10.952787546865688 ], [ -74.815514575765306, 10.952652788634843 ] ] } },
{ "type": "Feature", "properties": { "ELEV": 50.0 }, "geometry": { "type": "LineString", "coordinates": [ [ -74.892899118577787, 10.951768197322092 ], [ -74.893178488258357, 10.95176646383497 ], [ -74.893181998148762, 10.952318776637444 ], [ -74.892902628228612, 10.952320509936182 ], [ -74.892899118577787, 10.951768197322092 ] ] } },
{ "type": "Feature", "properties": { "ELEV": 50.0 }, "geometry": { "type": "LineString", "coordinates": [ [ -74.948490861901675, 10.9511420540613 ], [ -74.948587594531531, 10.951693753854386 ], [ -74.948215114419625, 10.951696132813526 ], [ -74.948213308486388, 10.951419985124801 ], [ -74.948490861901675, 10.9511420540613 ] ] } },
{ "type": "Feature", "properties": { "ELEV": 50.0 }, "geometry": { "type": "LineString", "coordinates": [ [ -74.816905591724137, 10.951677883203466 ], [ -74.816905592282893, 10.951677883200139 ], [ -74.816907276299276, 10.951954051588283 ], [ -74.816907276019052, 10.951954051451864 ], [ -74.816905591724137, 10.951677883203466 ] ] } },
{ "type": "Feature", "properties": { "ELEV": 50.0 }, "geometry": { "type": "LineString", "coordinates": [ [ -74.968042263418127, 10.950464250183536 ], [ -74.968320707126551, 10.950324375983623 ], [ -74.968792686525887, 10.951287875892062 ], [ -74.969446343367039, 10.951559812582552 ], [ -74.96953163667358, 10.952387728650109 ], [ -74.969181591321458, 10.953770766438881 ], [ -74.969743960776171, 10.954319446044138 ], [ -74.971140298073408, 10.954241386695729 ], [ -74.971515061246194, 10.954584158549952 ], [ -74.971143679278242, 10.954752252101853 ], [ -74.970582951018713, 10.954452104749196 ], [ -74.970025146352896, 10.954593785867772 ], [ -74.969840733404226, 10.95487113229199 ], [ -74.970028799768215, 10.95514607287582 ], [ -74.970308159433969, 10.955144268240016 ], [ -74.970313640842733, 10.955972699124082 ], [ -74.969756289768611, 10.956183416169662 ], [ -74.969382439040814, 10.955978714049733 ], [ -74.969743960498633, 10.954319446322081 ], [ -74.969462775723088, 10.954045106833112 ], [ -74.968810938497199, 10.954049314753474 ], [ -74.968621961393978, 10.953636301135894 ], [ -74.968755252234828, 10.952668895882775 ], [ -74.968613140184416, 10.952301605425868 ], [ -74.968121224123607, 10.951844519829956 ], [ -74.968420211440474, 10.951290279330815 ], [ -74.968044087559576, 10.950740394233414 ], [ -74.968042263418127, 10.950464250183536 ] ] } },
{ "type": "Feature", "properties": { "ELEV": 50.0 }, "geometry": { "type": "LineString", "coordinates": [ [ -74.894570064873676, 10.950929324426973 ], [ -74.894570065151285, 10.950929324149085 ], [ -74.894570065292726, 10.950929324424369 ], [ -74.89457006515363, 10.95092932451729 ], [ -74.894570064873676, 10.950929324426973 ] ] } },
{ "type": "Feature", "properties": { "ELEV": 50.0 }, "geometry": { "type": "LineString", "coordinates": [ [ -74.915800138273127, 10.950520592698469 ], [ -74.915800138551589, 10.950520592558636 ], [ -74.915800138692177, 10.950520592695836 ], [ -74.91580013855426, 10.950520592972868 ], [ -74.915800138273127, 10.950520592698469 ] ] } },
{ "type": "Feature", "properties": { "ELEV": 50.0 }, "geometry": { "type": "LineString", "coordinates": [ [ -74.922223724920244, 10.950204028716065 ], [ -74.922223725339293, 10.950204028713424 ], [ -74.922227288399611, 10.950756332050918 ], [ -74.922227288259037, 10.950756331913727 ], [ -74.922223724920244, 10.950204028716065 ] ] } },
{ "type": "Feature", "properties": { "ELEV": 50.0 }, "geometry": { "type": "LineString", "coordinates": [ [ -74.949182034102193, 10.950033004192804 ], [ -74.949880430221228, 10.950028541899048 ], [ -74.949882237461551, 10.950304688969528 ], [ -74.949323519877879, 10.950308259025649 ], [ -74.949182034102193, 10.950033004192804 ] ] } },
{ "type": "Feature", "properties": { "ELEV": 50.0 }, "geometry": { "type": "LineString", "coordinates": [ [ -74.921104491728457, 10.949934914692545 ], [ -74.921104492287185, 10.949934914689027 ], [ -74.921385635766882, 10.950209307697483 ], [ -74.921106272573326, 10.95021106675539 ], [ -74.921104491728457, 10.949934914692545 ] ] } },
{ "type": "Feature", "properties": { "ELEV": 100.0 }, "geometry": { "type": "LineString", "coordinates": [ [ -74.984390504293003, 10.951262135564486 ], [ -74.983691741204581, 10.951209775452659 ], [ -74.983496381378373, 10.950916481994582 ], [ -74.983686470338782, 10.950418170024932 ], [ -74.98396582325914, 10.950416353657944 ], [ -74.984120752481658, 10.950083962200376 ], [ -74.983961777868331, 10.949808842589499 ], [ -74.983956721494692, 10.949049453717734 ], [ -74.984373951676602, 10.948776863629012 ] ] } },
{ "type": "Feature", "properties": { "ELEV": 50.0 }, "geometry": { "type": "LineString", "coordinates": [ [ -74.871930674772059, 10.949412043517837 ], [ -74.871932410249315, 10.949688203209483 ], [ -74.872213516165957, 10.949962648884688 ], [ -74.871938482551315, 10.950654762240633 ], [ -74.871377137293464, 10.950243949937567 ], [ -74.871932409690572, 10.949688203212913 ], [ -74.871930674772059, 10.949412043517837 ] ] } },
{ "type": "Feature", "properties": { "ELEV": 50.0 }, "geometry": { "type": "LineString", "coordinates": [ [ -74.920816228074315, 10.948555914200362 ], [ -74.920957689400851, 10.948831186803025 ], [ -74.92054131608765, 10.9492480523664 ], [ -74.919984074014835, 10.949481694891581 ], [ -74.919610997323431, 10.949391987700324 ], [ -74.919701894316574, 10.949046211835611 ], [ -74.920260174033373, 10.948973658348958 ], [ -74.920816228074315, 10.948555914200362 ] ] } },
{ "type": "Feature", "properties": { "ELEV": 100.0 }, "geometry": { "type": "LineString", "coordinates": [ [ -74.981713489983946, 10.947798325720017 ], [ -74.981296911791773, 10.94816923561431 ], [ -74.981717774876117, 10.94844265646775 ], [ -74.981902172563565, 10.948165305366047 ], [ -74.981713489983946, 10.947798325720017 ] ] } },
{ "type": "Feature", "properties": { "ELEV": 50.0 }, "geometry": { "type": "LineString", "coordinates": [ [ -74.949860553350888, 10.946990923777902 ], [ -74.94986055362935, 10.946990923638047 ], [ -74.949860553909602, 10.946990923774335 ], [ -74.94986055363205, 10.946990924052265 ], [ -74.949860553350888, 10.946990923777902 ] ] } },
{ "type": "Feature", "properties": { "ELEV": 50.0 }, "geometry": { "type": "LineString", "coordinates": [ [ -74.932260170580093, 10.946964780151658 ], [ -74.931981707566067, 10.947104623539655 ], [ -74.932262856198051, 10.947379004768415 ], [ -74.932540423934256, 10.947101086255477 ], [ -74.932260170580093, 10.946964780151658 ] ] } },
{ "type": "Feature", "properties": { "ELEV": 50.0 }, "geometry": { "type": "LineString", "coordinates": [ [ -74.930301467270326, 10.94648402848224 ], [ -74.930022620101553, 10.946564695219825 ], [ -74.930308238299133, 10.947529454714083 ], [ -74.930868745780785, 10.947802070524077 ], [ -74.931426569237516, 10.947660460117003 ], [ -74.931140052757428, 10.946557627139114 ], [ -74.930301467270326, 10.94648402848224 ] ] } },
{ "type": "Feature", "properties": { "ELEV": 50.0 }, "geometry": { "type": "LineString", "coordinates": [ [ -74.929460327860852, 10.946015926879651 ], [ -74.929182757458662, 10.946293843063666 ], [ -74.929743261607555, 10.946566461464965 ], [ -74.929927712387766, 10.946289133627607 ], [ -74.929460327860852, 10.946015926879651 ] ] } },
{ "type": "Feature", "properties": { "ELEV": 50.0 }, "geometry": { "type": "LineString", "coordinates": [ [ -74.920171651012907, 10.946074502059812 ], [ -74.920519960671314, 10.945934228969724 ], [ -74.920522629863541, 10.946348457038491 ], [ -74.920243269866688, 10.946350214696363 ], [ -74.920171651012907, 10.946074502059812 ] ] } },
{ "type": "Feature", "properties": { "ELEV": 50.0 }, "geometry": { "type": "LineString", "coordinates": [ [ -74.80206241449352, 10.945828037370561 ], [ -74.80178387133347, 10.945967771759596 ], [ -74.801787210156633, 10.946520113091061 ], [ -74.802067145214053, 10.946610520665919 ], [ -74.802623675542563, 10.946238993895513 ], [ -74.802622005377813, 10.945962823354984 ], [ -74.802340957640965, 10.945688302765802 ], [ -74.80206241449352, 10.945828037370561 ] ] } },
{ "type": "Feature", "properties": { "ELEV": 50.0 }, "geometry": { "type": "LineString", "coordinates": [ [ -74.798431328344122, 10.945987542410871 ], [ -74.798431328621845, 10.945987542133055 ], [ -74.798431328902879, 10.945987542407575 ], [ -74.798431328625171, 10.945987542685392 ], [ -74.798431328344122, 10.945987542410871 ] ] } },
{ "type": "Feature", "properties": { "ELEV": 50.0 }, "geometry": { "type": "LineString", "coordinates": [ [ -74.962975656316374, 10.944697599694516 ], [ -74.963254401182141, 10.944603754891318 ], [ -74.96409366679876, 10.944782460494356 ], [ -74.964656312118947, 10.945377178604883 ], [ -74.965491634941046, 10.94495756665162 ], [ -74.966329687439071, 10.944952169377069 ], [ -74.966499119656561, 10.94522723414984 ], [ -74.966448714904999, 10.946056027294292 ], [ -74.966618148028189, 10.946331091670404 ], [ -74.966897500006695, 10.946329291588336 ], [ -74.967180497293654, 10.946879779874882 ], [ -74.966904486045109, 10.947387844859932 ], [ -74.966590517659952, 10.947435894193042 ], [ -74.966772403430483, 10.948539346312442 ], [ -74.966913903142512, 10.948814590188816 ], [ -74.967193257492326, 10.948812789570447 ], [ -74.966263898568513, 10.949094935473608 ], [ -74.965801495647057, 10.949581188031368 ], [ -74.965522596125595, 10.949652023758322 ], [ -74.965243500721002, 10.949693272342246 ], [ -74.964682708885277, 10.949381276523656 ], [ -74.964124453490754, 10.949453909481369 ], [ -74.963291846062631, 10.950287737432747 ], [ -74.962786730709453, 10.949945791446607 ], [ -74.962725402366203, 10.949117715987349 ], [ -74.962943429310613, 10.948287843632489 ], [ -74.963840548128246, 10.948765345592738 ], [ -74.964397892208353, 10.948554640901712 ], [ -74.96466960024496, 10.947393034971139 ], [ -74.965501103840126, 10.946393518447783 ], [ -74.965780091521452, 10.94633649047873 ], [ -74.965499829104829, 10.946200217400142 ], [ -74.963548305200547, 10.946811117267675 ], [ -74.962846891480694, 10.946355367884472 ], [ -74.962975656316374, 10.944697599694516 ] ] } },
{ "type": "Feature", "properties": { "ELEV": 50.0 }, "geometry": { "type": "LineString", "coordinates": [ [ -74.817423932219, 10.945046517664007 ], [ -74.817423932777757, 10.945046517660682 ], [ -74.817425616230182, 10.945322686226799 ], [ -74.817425615949119, 10.945322685952295 ], [ -74.817423932219, 10.945046517664007 ] ] } },
{ "type": "Feature", "properties": { "ELEV": 50.0 }, "geometry": { "type": "LineString", "coordinates": [ [ -74.965765522681679, 10.944127334278651 ], [ -74.965765522820888, 10.944127334208716 ], [ -74.965765523100686, 10.944127334275951 ], [ -74.965765522821954, 10.944127334369801 ], [ -74.965765522681679, 10.944127334278651 ] ] } },
{ "type": "Feature", "properties": { "ELEV": 50.0 }, "geometry": { "type": "LineString", "coordinates": [ [ -74.800659684652217, 10.944869682932296 ], [ -74.800521664125597, 10.945146677451527 ], [ -74.800663021046589, 10.945422024093983 ], [ -74.800940730196544, 10.945144205452689 ], [ -74.800659684652217, 10.944869682932296 ] ] } },
{ "type": "Feature", "properties": { "ELEV": 50.0 }, "geometry": { "type": "LineString", "coordinates": [ [ -74.876641712996076, 10.943307374262091 ], [ -74.876503769297983, 10.943584391615028 ], [ -74.876644320445536, 10.9437216124321 ], [ -74.876783133258542, 10.943582674407974 ], [ -74.876641712996076, 10.943307374262091 ] ] } },
{ "type": "Feature", "properties": { "ELEV": 50.0 }, "geometry": { "type": "LineString", "coordinates": [ [ -74.7945067209873, 10.943801187310768 ], [ -74.794786098883009, 10.943799545072757 ], [ -74.794789423928393, 10.944351888614541 ], [ -74.79451115419711, 10.944537645472225 ], [ -74.793952951978085, 10.944632986790037 ], [ -74.793671912107968, 10.944358456637827 ], [ -74.794508383299117, 10.944077359126293 ], [ -74.7945067209873, 10.943801187310768 ] ] } },
{ "type": "Feature", "properties": { "ELEV": 50.0 }, "geometry": { "type": "LineString", "coordinates": [ [ -74.96426655788629, 10.94275620030256 ], [ -74.96435876454278, 10.942617528672836 ], [ -74.964360129083104, 10.942824637414928 ], [ -74.96426655788629, 10.94275620030256 ] ] } },
{ "type": "Feature", "properties": { "ELEV": 50.0 }, "geometry": { "type": "LineString", "coordinates": [ [ -74.815597902680395, 10.943400311931207 ], [ -74.815736748737194, 10.943261396799366 ], [ -74.815807433099209, 10.943399065853054 ], [ -74.815738430625359, 10.943537565655557 ], [ -74.815597902680395, 10.943400311931207 ] ] } },
{ "type": "Feature", "properties": { "ELEV": 50.0 }, "geometry": { "type": "LineString", "coordinates": [ [ -74.798133626428694, 10.942951304796798 ], [ -74.79785591595865, 10.943229121011729 ], [ -74.798136957545836, 10.943503646797511 ], [ -74.798414667926707, 10.9432258303325 ], [ -74.798133626428694, 10.942951304796798 ] ] } },
{ "type": "Feature", "properties": { "ELEV": 50.0 }, "geometry": { "type": "LineString", "coordinates": [ [ -74.90512424442197, 10.941197813716386 ], [ -74.905405366640949, 10.9414722249153 ], [ -74.905684724501739, 10.941470481876431 ], [ -74.905693549087687, 10.942851254115222 ], [ -74.905414190216263, 10.942852997653732 ], [ -74.904859001150811, 10.943408792963783 ], [ -74.904302046007857, 10.943688433061766 ], [ -74.903465729269001, 10.94396981438457 ], [ -74.902907008656641, 10.943973297482412 ], [ -74.903186368983768, 10.943971555646892 ], [ -74.903742738250259, 10.943599866030029 ], [ -74.904665704801289, 10.942305336577379 ], [ -74.905408895650751, 10.942024534157078 ], [ -74.905127773237851, 10.941750122780002 ], [ -74.90512424442197, 10.941197813716386 ] ] } },
{ "type": "Feature", "properties": { "ELEV": 50.0 }, "geometry": { "type": "LineString", "coordinates": [ [ -74.795612587895818, 10.941861415172978 ], [ -74.796171338829993, 10.941858128906308 ], [ -74.796173002660566, 10.942134300594214 ], [ -74.795891963526799, 10.941859772488659 ], [ -74.795612587895818, 10.941861415172978 ] ] } },
{ "type": "Feature", "properties": { "ELEV": 50.0 }, "geometry": { "type": "LineString", "coordinates": [ [ -74.813771333085995, 10.94166203557095 ], [ -74.81349252081192, 10.941755751169802 ], [ -74.813772732927859, 10.941892176192319 ], [ -74.81405126518176, 10.941752432325272 ], [ -74.813771333085995, 10.94166203557095 ] ] } },
{ "type": "Feature", "properties": { "ELEV": 50.0 }, "geometry": { "type": "LineString", "coordinates": [ [ -74.868246929873621, 10.941149490774929 ], [ -74.868665975061347, 10.941146926756669 ], [ -74.868667705615849, 10.941423087117879 ], [ -74.868252120653821, 10.941977972132763 ], [ -74.868246929873621, 10.941149490774929 ] ] } },
{ "type": "Feature", "properties": { "ELEV": 50.0 }, "geometry": { "type": "LineString", "coordinates": [ [ -74.905958786535138, 10.94064027509526 ], [ -74.906516323020028, 10.940452684579446 ], [ -74.906798622480167, 10.940911197538068 ], [ -74.906520442546977, 10.941097044659776 ], [ -74.905961434139229, 10.941054506846186 ], [ -74.905958786535138, 10.94064027509526 ] ] } },
{ "type": "Feature", "properties": { "ELEV": 50.0 }, "geometry": { "type": "LineString", "coordinates": [ [ -74.799517172862366, 10.940733706391264 ], [ -74.799239465617603, 10.941011523371658 ], [ -74.79924113187684, 10.941287694517346 ], [ -74.79952217241194, 10.941562219148363 ], [ -74.799799879781204, 10.94128440188063 ], [ -74.799798213005189, 10.941008230820028 ], [ -74.799517172862366, 10.940733706391264 ] ] } },
{ "type": "Feature", "properties": { "ELEV": 50.0 }, "geometry": { "type": "LineString", "coordinates": [ [ -74.886957177858378, 10.939929775101715 ], [ -74.886867552587489, 10.940482665143008 ], [ -74.886961546165196, 10.9406201683641 ], [ -74.887240031850084, 10.940480363480507 ], [ -74.887238284256298, 10.940204206055787 ], [ -74.886957177858378, 10.939929775101715 ] ] } },
{ "type": "Feature", "properties": { "ELEV": 50.0 }, "geometry": { "type": "LineString", "coordinates": [ [ -74.798956759431974, 10.940460827151915 ], [ -74.798679051795006, 10.940738643669579 ], [ -74.798960091296493, 10.941013168991711 ], [ -74.799237798844231, 10.940735352224033 ], [ -74.798956759431974, 10.940460827151915 ] ] } },
{ "type": "Feature", "properties": { "ELEV": 50.0 }, "geometry": { "type": "LineString", "coordinates": [ [ -74.907839143573511, 10.939800037895441 ], [ -74.908466810072042, 10.939658033585108 ], [ -74.908653930655419, 10.939794946794725 ], [ -74.908750584352163, 10.940346672759759 ], [ -74.908472995319656, 10.940624572849417 ], [ -74.907914282608274, 10.940628064054238 ], [ -74.907633159590162, 10.940353654991299 ], [ -74.907839143573511, 10.939800037895441 ] ] } },
{ "type": "Feature", "properties": { "ELEV": 50.0 }, "geometry": { "type": "LineString", "coordinates": [ [ -74.876619119465389, 10.939717306036579 ], [ -74.876341496523082, 10.939995181388953 ], [ -74.876760537443403, 10.939992606539157 ], [ -74.876619119465389, 10.939717306036579 ] ] } },
{ "type": "Feature", "properties": { "ELEV": 150.0 }, "geometry": { "type": "LineString", "coordinates": [ [ -74.984310342053192, 10.939220696169018 ], [ -74.983614435161201, 10.939593421673393 ], [ -74.983616271860669, 10.939869563313922 ], [ -74.984317201480962, 10.940251624521967 ] ] } },
{ "type": "Feature", "properties": { "ELEV": 50.0 }, "geometry": { "type": "LineString", "coordinates": [ [ -74.817393632925686, 10.940075487578058 ], [ -74.817952373912632, 10.94007216209596 ], [ -74.817954057347961, 10.940348330392609 ], [ -74.818235111375216, 10.940622835476532 ], [ -74.818238478895836, 10.941175172096314 ], [ -74.817586612575369, 10.941179052581825 ], [ -74.817678052758708, 10.940902329969861 ], [ -74.81739699880805, 10.940627824338012 ], [ -74.817393632925686, 10.940075487578058 ] ] } },
{ "type": "Feature", "properties": { "ELEV": 50.0 }, "geometry": { "type": "LineString", "coordinates": [ [ -74.89924131503281, 10.938656906643734 ], [ -74.898962545375696, 10.938750695479859 ], [ -74.899243659641328, 10.939025113737465 ], [ -74.89952301593371, 10.939023376442906 ], [ -74.899800612919321, 10.938745483734355 ], [ -74.89924131503281, 10.938656906643734 ] ] } },
{ "type": "Feature", "properties": { "ELEV": 50.0 }, "geometry": { "type": "LineString", "coordinates": [ [ -74.800064252523882, 10.938797215963325 ], [ -74.799786547242178, 10.939075033246809 ], [ -74.800348625256717, 10.939624082010313 ], [ -74.800626330220993, 10.93934626436578 ], [ -74.800064252523882, 10.938797215963325 ] ] } },
{ "type": "Feature", "properties": { "ELEV": 50.0 }, "geometry": { "type": "LineString", "coordinates": [ [ -74.92800996895383, 10.937740228896059 ], [ -74.92800996951253, 10.937740228892531 ], [ -74.928011754157808, 10.938016380053417 ], [ -74.928011753876675, 10.938016379779032 ], [ -74.92800996895383, 10.937740228896059 ] ] } },
{ "type": "Feature", "properties": { "ELEV": 50.0 }, "geometry": { "type": "LineString", "coordinates": [ [ -74.909852092721877, 10.93785430215587 ], [ -74.910131446226572, 10.937852555253965 ], [ -74.910131446273724, 10.937852555345724 ], [ -74.909853860900256, 10.938130456125178 ], [ -74.909852092721877, 10.93785430215587 ] ] } },
{ "type": "Feature", "properties": { "ELEV": 50.0 }, "geometry": { "type": "LineString", "coordinates": [ [ -74.869273772076014, 10.937829156104689 ], [ -74.869622106647256, 10.93768893865583 ], [ -74.869692812074319, 10.937826591448028 ], [ -74.869629896003886, 10.938931659977289 ], [ -74.868791812734472, 10.9389367891247 ], [ -74.868788352107742, 10.938384468278471 ], [ -74.869205662441303, 10.93810574382838 ], [ -74.869273772076014, 10.937829156104689 ] ] } },
{ "type": "Feature", "properties": { "ELEV": 50.0 }, "geometry": { "type": "LineString", "coordinates": [ [ -74.905658256439054, 10.937328164655414 ], [ -74.905660021167165, 10.937604319170395 ], [ -74.905101312633803, 10.937607804284044 ], [ -74.905380666922326, 10.937606061578622 ], [ -74.905658256439054, 10.937328164655414 ] ] } },
{ "type": "Feature", "properties": { "ELEV": 50.0 }, "geometry": { "type": "LineString", "coordinates": [ [ -74.901747300267232, 10.937352538366763 ], [ -74.902028415957204, 10.937626954145662 ], [ -74.901752582352287, 10.938181004070902 ], [ -74.901376588257918, 10.937631012271511 ], [ -74.901747300267232, 10.937352538366763 ] ] } },
{ "type": "Feature", "properties": { "ELEV": 50.0 }, "geometry": { "type": "LineString", "coordinates": [ [ -74.823526262059005, 10.93782951147865 ], [ -74.823526262197021, 10.937829511201649 ], [ -74.82352626233839, 10.937829511476981 ], [ -74.823526262059005, 10.93782951147865 ] ] } },
{ "type": "Feature", "properties": { "ELEV": 50.0 }, "geometry": { "type": "LineString", "coordinates": [ [ -74.797543247260123, 10.937707337695116 ], [ -74.797543247398139, 10.937707337418123 ], [ -74.797543247679172, 10.937707337692652 ], [ -74.797543247401464, 10.937707337970469 ], [ -74.797543247260123, 10.937707337695116 ] ] } },
{ "type": "Feature", "properties": { "ELEV": 100.0 }, "geometry": { "type": "LineString", "coordinates": [ [ -74.951396364740816, 10.936210925573363 ], [ -74.951465297840969, 10.936072405796985 ], [ -74.951745546052351, 10.936208694738527 ], [ -74.951887025455221, 10.936483949473924 ], [ -74.952035733193568, 10.937863791745144 ], [ -74.951758193754955, 10.938141723845053 ], [ -74.951760000723198, 10.938417870819702 ], [ -74.951758193335934, 10.938141723847734 ], [ -74.95133556009408, 10.937592107016441 ], [ -74.951396364740816, 10.936210925573363 ] ] } },
{ "type": "Feature", "properties": { "ELEV": 50.0 }, "geometry": { "type": "LineString", "coordinates": [ [ -74.814298719821565, 10.936503564153554 ], [ -74.81402103184405, 10.93678139183344 ], [ -74.814443442684578, 10.937331240973526 ], [ -74.814445122440432, 10.937607409859259 ], [ -74.814585646492048, 10.937744664410962 ], [ -74.815144383568949, 10.937741344765245 ], [ -74.81528322738896, 10.937602430456703 ], [ -74.814952257212823, 10.936775860726781 ], [ -74.814298719821565, 10.936503564153554 ] ] } },
{ "type": "Feature", "properties": { "ELEV": 50.0 }, "geometry": { "type": "LineString", "coordinates": [ [ -74.905092494981304, 10.93622703118778 ], [ -74.905371848120168, 10.936225288982833 ], [ -74.905375375334117, 10.936777598424591 ], [ -74.905096021956425, 10.936779340441719 ], [ -74.905092494981304, 10.93622703118778 ] ] } },
{ "type": "Feature", "properties": { "ELEV": 50.0 }, "geometry": { "type": "LineString", "coordinates": [ [ -74.79893510650038, 10.936870600817429 ], [ -74.799214476803513, 10.936868955283844 ], [ -74.799214477084547, 10.936868955558376 ], [ -74.798935106641721, 10.936870601092776 ], [ -74.79893510650038, 10.936870600817429 ] ] } },
{ "type": "Feature", "properties": { "ELEV": 50.0 }, "geometry": { "type": "LineString", "coordinates": [ [ -74.919892792876411, 10.935305886508894 ], [ -74.91961522042098, 10.935583793855852 ], [ -74.919895458399978, 10.93572011446663 ], [ -74.920034244591989, 10.935581160699476 ], [ -74.919892792876411, 10.935305886508894 ] ] } },
{ "type": "Feature", "properties": { "ELEV": 50.0 }, "geometry": { "type": "LineString", "coordinates": [ [ -74.87240183677531, 10.935462548581015 ], [ -74.872125078839218, 10.935878500260682 ], [ -74.872126811740756, 10.936154660168988 ], [ -74.871847453569828, 10.936156372109773 ], [ -74.871662947372727, 10.936433673008009 ], [ -74.871852651775811, 10.936984851521702 ], [ -74.872411369343013, 10.936981427397367 ], [ -74.872497555659209, 10.935876217521267 ], [ -74.872682060457223, 10.935598916157753 ], [ -74.87240183677531, 10.935462548581015 ] ] } },
{ "type": "Feature", "properties": { "ELEV": 50.0 }, "geometry": { "type": "LineString", "coordinates": [ [ -74.822117617628464, 10.935904673064099 ], [ -74.822117617906159, 10.935904672786265 ], [ -74.82239867074324, 10.936179174442728 ], [ -74.822119304261108, 10.936180840793913 ], [ -74.822117617628464, 10.935904673064099 ] ] } },
{ "type": "Feature", "properties": { "ELEV": 50.0 }, "geometry": { "type": "LineString", "coordinates": [ [ -74.798650741198969, 10.936043731860577 ], [ -74.798650741476678, 10.936043731582762 ], [ -74.798650741757712, 10.936043731857287 ], [ -74.798650741479179, 10.936043731997016 ], [ -74.798650741198969, 10.936043731860577 ] ] } },
{ "type": "Feature", "properties": { "ELEV": 50.0 }, "geometry": { "type": "LineString", "coordinates": [ [ -74.837760324213164, 10.935534801801351 ], [ -74.837760324352004, 10.935534801662428 ], [ -74.8377603246322, 10.935534801798831 ], [ -74.837760324354548, 10.935534802076679 ], [ -74.837760324213164, 10.935534801801351 ] ] } },
{ "type": "Feature", "properties": { "ELEV": 50.0 }, "geometry": { "type": "LineString", "coordinates": [ [ -74.798928445480854, 10.935765915699083 ], [ -74.798928445758563, 10.935765915421269 ], [ -74.798928445899904, 10.935765915696617 ], [ -74.798928445761888, 10.935765915973613 ], [ -74.798928445480854, 10.935765915699083 ] ] } },
{ "type": "Feature", "properties": { "ELEV": 50.0 }, "geometry": { "type": "LineString", "coordinates": [ [ -74.911788099477207, 10.934804380117123 ], [ -74.911788099896228, 10.934804380114501 ], [ -74.911789869181135, 10.93508053382663 ], [ -74.911789868900883, 10.935080533690304 ], [ -74.911788099477207, 10.934804380117123 ] ] } },
{ "type": "Feature", "properties": { "ELEV": 50.0 }, "geometry": { "type": "LineString", "coordinates": [ [ -74.928544868645915, 10.934054690794635 ], [ -74.928266116884316, 10.934148504135166 ], [ -74.92854724839016, 10.934422891666708 ], [ -74.928824810216824, 10.934144977774951 ], [ -74.928544868645915, 10.934054690794635 ] ] } },
{ "type": "Feature", "properties": { "ELEV": 50.0 }, "geometry": { "type": "LineString", "coordinates": [ [ -74.897815255543094, 10.934062992613629 ], [ -74.89726006368231, 10.934618773847886 ], [ -74.89726181935653, 10.934894930045321 ], [ -74.896423760829151, 10.934900133022033 ], [ -74.896146163136436, 10.935178022653234 ], [ -74.896147918149623, 10.935454178741612 ], [ -74.896429026639751, 10.935728600600362 ], [ -74.896987733920767, 10.935725131935254 ], [ -74.89726533139779, 10.935447241316323 ], [ -74.897544684662549, 10.935445506390934 ], [ -74.897960200997943, 10.934890592202601 ], [ -74.897815255543094, 10.934062992613629 ] ] } },
{ "type": "Feature", "properties": { "ELEV": 50.0 }, "geometry": { "type": "LineString", "coordinates": [ [ -74.816243363632651, 10.934696847754211 ], [ -74.816104521462719, 10.934835762236256 ], [ -74.816245885157116, 10.935111100322775 ], [ -74.816314045528586, 10.934834516775103 ], [ -74.816243363632651, 10.934696847754211 ] ] } },
{ "type": "Feature", "properties": { "ELEV": 50.0 }, "geometry": { "type": "LineString", "coordinates": [ [ -74.859264247966593, 10.934300005353577 ], [ -74.859264248292504, 10.934300005351595 ], [ -74.859267689553661, 10.934852329423361 ], [ -74.859267689482948, 10.934852329285707 ], [ -74.859264247966593, 10.934300005353577 ] ] } },
{ "type": "Feature", "properties": { "ELEV": 50.0 }, "geometry": { "type": "LineString", "coordinates": [ [ -74.840267775199564, 10.934415007950705 ], [ -74.840547137042208, 10.93441332527844 ], [ -74.84068852131405, 10.93468864872481 ], [ -74.840550544123658, 10.934965655069652 ], [ -74.840271181624956, 10.934967337829775 ], [ -74.839990116662065, 10.934692855351031 ], [ -74.840267775199564, 10.934415007950705 ] ] } },
{ "type": "Feature", "properties": { "ELEV": 50.0 }, "geometry": { "type": "LineString", "coordinates": [ [ -74.800318625504161, 10.934653003362683 ], [ -74.800599660042138, 10.93492752794711 ], [ -74.800879028131803, 10.934925881457579 ], [ -74.801156729417471, 10.934648064019333 ], [ -74.80143776417718, 10.934922587713187 ], [ -74.801439431801469, 10.935198758908022 ], [ -74.801160896823603, 10.935338491569576 ], [ -74.800601326614029, 10.935203699547491 ], [ -74.800320291911177, 10.934929174733872 ], [ -74.800043422826334, 10.935345077272883 ], [ -74.799763221021578, 10.935208637338572 ], [ -74.800318625504161, 10.934653003362683 ] ] } },
{ "type": "Feature", "properties": { "ELEV": 50.0 }, "geometry": { "type": "LineString", "coordinates": [ [ -74.920717509198894, 10.933229477833766 ], [ -74.920580501601364, 10.933644583865084 ], [ -74.92128242685294, 10.93419249752214 ], [ -74.922118692224984, 10.933911074901197 ], [ -74.922256587267356, 10.933634044338524 ], [ -74.922115134843352, 10.933358771197922 ], [ -74.921277389145772, 10.9334100667961 ], [ -74.920996323257, 10.933144876052662 ], [ -74.920717509198894, 10.933229477833766 ] ] } },
{ "type": "Feature", "properties": { "ELEV": 50.0 }, "geometry": { "type": "LineString", "coordinates": [ [ -74.970159419933807, 10.932638548288589 ], [ -74.969974105635501, 10.93277782083341 ], [ -74.969884638507153, 10.933330709211408 ], [ -74.970164368346545, 10.93338808197106 ], [ -74.970373482078642, 10.933327557370347 ], [ -74.970346557255027, 10.932775419511932 ], [ -74.970159419933807, 10.932638548288589 ] ] } },
{ "type": "Feature", "properties": { "ELEV": 50.0 }, "geometry": { "type": "LineString", "coordinates": [ [ -74.911777483930834, 10.933147458567515 ], [ -74.911777484489534, 10.933147458564017 ], [ -74.912058602350527, 10.933421864022083 ], [ -74.91261730030908, 10.933418367788038 ], [ -74.912342375654802, 10.934110500071885 ], [ -74.91206214129096, 10.933974171677722 ], [ -74.912058602212625, 10.93342186429911 ], [ -74.911777483930834, 10.933147458567515 ] ] } },
{ "type": "Feature", "properties": { "ELEV": 50.0 }, "geometry": { "type": "LineString", "coordinates": [ [ -74.88942943141808, 10.933286458501506 ], [ -74.889429431695675, 10.933286458223623 ], [ -74.889429431976779, 10.933286458498051 ], [ -74.889429431698289, 10.933286458637856 ], [ -74.88942943141808, 10.933286458501506 ] ] } },
{ "type": "Feature", "properties": { "ELEV": 50.0 }, "geometry": { "type": "LineString", "coordinates": [ [ -74.864846227628377, 10.933437473307913 ], [ -74.864846227906014, 10.93343747303005 ], [ -74.864846228187091, 10.933437473304506 ], [ -74.864846227909467, 10.933437473582369 ], [ -74.864846227628377, 10.933437473307913 ] ] } },
{ "type": "Feature", "properties": { "ELEV": 50.0 }, "geometry": { "type": "LineString", "coordinates": [ [ -74.917914863783906, 10.9318202352193 ], [ -74.917636700266442, 10.932006089975484 ], [ -74.917638474635922, 10.932282242650807 ], [ -74.917919596144358, 10.932556642092184 ], [ -74.918288509056296, 10.9320019992445 ], [ -74.917914863783906, 10.9318202352193 ] ] } },
{ "type": "Feature", "properties": { "ELEV": 100.0 }, "geometry": { "type": "LineString", "coordinates": [ [ -74.959817511911112, 10.931738499388564 ], [ -74.95981751200361, 10.931738499295921 ], [ -74.959817512143886, 10.931738499387071 ], [ -74.959817512004676, 10.931738499457003 ], [ -74.959817511911112, 10.931738499388564 ] ] } },
{ "type": "Feature", "properties": { "ELEV": 50.0 }, "geometry": { "type": "LineString", "coordinates": [ [ -74.933276465318087, 10.931355229283676 ], [ -74.933138582271738, 10.931632262664726 ], [ -74.933280042815099, 10.931907529000155 ], [ -74.933559386858363, 10.931905761721108 ], [ -74.933697269562757, 10.931628728199806 ], [ -74.933276465318087, 10.931355229283676 ] ] } },
{ "type": "Feature", "properties": { "ELEV": 50.0 }, "geometry": { "type": "LineString", "coordinates": [ [ -74.92266226530009, 10.931560269291555 ], [ -74.922593318357315, 10.931698784433618 ], [ -74.92266493373063, 10.931974496674659 ], [ -74.922802827431809, 10.931697466347554 ], [ -74.92266226530009, 10.931560269291555 ] ] } },
{ "type": "Feature", "properties": { "ELEV": 50.0 }, "geometry": { "type": "LineString", "coordinates": [ [ -74.92014726561699, 10.931437999516168 ], [ -74.919869696414395, 10.931715906511087 ], [ -74.920150818855149, 10.931990303513819 ], [ -74.920242157560779, 10.931713566462559 ], [ -74.92014726561699, 10.931437999516168 ] ] } },
{ "type": "Feature", "properties": { "ELEV": 50.0 }, "geometry": { "type": "LineString", "coordinates": [ [ -74.888303284317459, 10.93191257868849 ], [ -74.888582636005282, 10.931910852227853 ], [ -74.888582636146694, 10.931910852503144 ], [ -74.888303284597697, 10.931912578824843 ], [ -74.888303284317459, 10.93191257868849 ] ] } },
{ "type": "Feature", "properties": { "ELEV": 50.0 }, "geometry": { "type": "LineString", "coordinates": [ [ -74.887463483405185, 10.931641598163788 ], [ -74.887742835116711, 10.931639872788027 ], [ -74.887753315633901, 10.933296817838716 ], [ -74.887744581356628, 10.931916030289043 ], [ -74.887463483405185, 10.931641598163788 ] ] } },
{ "type": "Feature", "properties": { "ELEV": 50.0 }, "geometry": { "type": "LineString", "coordinates": [ [ -74.90841470004311, 10.931511487612195 ], [ -74.908419998016953, 10.932339950127371 ], [ -74.908142414794199, 10.932617848851361 ], [ -74.908138883464318, 10.932065540293644 ], [ -74.908416465800826, 10.931787641790342 ], [ -74.90841470004311, 10.931511487612195 ] ] } },
{ "type": "Feature", "properties": { "ELEV": 50.0 }, "geometry": { "type": "LineString", "coordinates": [ [ -74.922940128139601, 10.931328385110023 ], [ -74.922801048662407, 10.931421314499689 ], [ -74.922941610770309, 10.931558511493261 ], [ -74.923033836291992, 10.931419849829195 ], [ -74.922940128139601, 10.931328385110023 ] ] } },
{ "type": "Feature", "properties": { "ELEV": 50.0 }, "geometry": { "type": "LineString", "coordinates": [ [ -74.935229183291284, 10.930928628742858 ], [ -74.934673182751965, 10.931346390518064 ], [ -74.934674972768605, 10.931622540426501 ], [ -74.934397418981703, 10.93190045862857 ], [ -74.935099359428392, 10.932448337057496 ], [ -74.935101150024096, 10.932724486876257 ], [ -74.935520465127098, 10.932767858129067 ], [ -74.935584629740191, 10.931892941599209 ], [ -74.935513002983711, 10.931617234415192 ], [ -74.935233659252987, 10.931619003158842 ], [ -74.93551300298013, 10.931617233862895 ], [ -74.93564909275733, 10.931064050033362 ], [ -74.935229183291284, 10.930928628742858 ] ] } },
{ "type": "Feature", "properties": { "ELEV": 50.0 }, "geometry": { "type": "LineString", "coordinates": [ [ -74.837732263635587, 10.930978073526285 ], [ -74.837453755275007, 10.931117835684322 ], [ -74.837455455336027, 10.931394001124081 ], [ -74.837736514459337, 10.931668486599552 ], [ -74.837874493459395, 10.931391481569296 ], [ -74.837732263635587, 10.930978073526285 ] ] } },
{ "type": "Feature", "properties": { "ELEV": 50.0 }, "geometry": { "type": "LineString", "coordinates": [ [ -74.863152847324514, 10.930686083880154 ], [ -74.863432201907358, 10.930684380773704 ], [ -74.863432202187283, 10.930684380864051 ], [ -74.863432201909646, 10.930684381141921 ], [ -74.863152847324514, 10.930686083880154 ] ] } },
{ "type": "Feature", "properties": { "ELEV": 50.0 }, "geometry": { "type": "LineString", "coordinates": [ [ -74.82459729362688, 10.930228235610706 ], [ -74.824318777774096, 10.930367986679338 ], [ -74.824320465428016, 10.930644154169915 ], [ -74.824600951079589, 10.930826598272661 ], [ -74.824879748819711, 10.930732874663251 ], [ -74.824989241755233, 10.930363984293143 ], [ -74.82459729362688, 10.930228235610706 ] ] } },
{ "type": "Feature", "properties": { "ELEV": 50.0 }, "geometry": { "type": "LineString", "coordinates": [ [ -74.958963182440186, 10.929258559347705 ], [ -74.958909127051555, 10.929535063055521 ], [ -74.958965900646618, 10.929672777844059 ], [ -74.959058107084871, 10.929534108253492 ], [ -74.958963182440186, 10.929258559347705 ] ] } },
{ "type": "Feature", "properties": { "ELEV": 50.0 }, "geometry": { "type": "LineString", "coordinates": [ [ -74.901141088480784, 10.929899822817642 ], [ -74.901141088573027, 10.929899822678985 ], [ -74.901141088853237, 10.929899822815324 ], [ -74.901141088575656, 10.929899823093212 ], [ -74.901141088480784, 10.929899822817642 ] ] } },
{ "type": "Feature", "properties": { "ELEV": 50.0 }, "geometry": { "type": "LineString", "coordinates": [ [ -74.867337398873801, 10.929739976013094 ], [ -74.867058622091221, 10.929833736054185 ], [ -74.867339702185731, 10.930108190105027 ], [ -74.867617327251494, 10.929830322902854 ], [ -74.867337398873801, 10.929739976013094 ] ] } },
{ "type": "Feature", "properties": { "ELEV": 50.0 }, "geometry": { "type": "LineString", "coordinates": [ [ -74.802526046388593, 10.930083008607172 ], [ -74.801971487792571, 10.930776730068315 ], [ -74.802252518952741, 10.931051253538744 ], [ -74.802531327254783, 10.93095754944906 ], [ -74.802807911301826, 10.930495617136684 ], [ -74.80280624328789, 10.930219446341297 ], [ -74.802526046388593, 10.930083008607172 ] ] } },
{ "type": "Feature", "properties": { "ELEV": 50.0 }, "geometry": { "type": "LineString", "coordinates": [ [ -74.79972991381203, 10.929685212829355 ], [ -74.799729913904827, 10.929685212773572 ], [ -74.79972991418451, 10.929685212827161 ], [ -74.79972991390683, 10.929685213104978 ], [ -74.79972991381203, 10.929685212829355 ] ] } },
{ "type": "Feature", "properties": { "ELEV": 50.0 }, "geometry": { "type": "LineString", "coordinates": [ [ -74.86411334323023, 10.927918509264211 ], [ -74.864252157007812, 10.927779576774428 ], [ -74.864532370835079, 10.927915953970315 ], [ -74.864253593928339, 10.928009711329302 ], [ -74.86411334323023, 10.927918509264211 ] ] } },
{ "type": "Feature", "properties": { "ELEV": 50.0 }, "geometry": { "type": "LineString", "coordinates": [ [ -74.915370031329289, 10.927049349500678 ], [ -74.915092460299832, 10.927327252291617 ], [ -74.915656460892876, 10.928152211119533 ], [ -74.916216033918701, 10.928286786327211 ], [ -74.916308262170872, 10.928148126307926 ], [ -74.916003868009227, 10.927873870113611 ], [ -74.915928716184453, 10.92704584895387 ], [ -74.915370031329289, 10.927049349500678 ] ] } },
{ "type": "Feature", "properties": { "ELEV": 50.0 }, "geometry": { "type": "LineString", "coordinates": [ [ -74.86564589391098, 10.927287774613001 ], [ -74.865576487580654, 10.927357241040326 ], [ -74.865648050812197, 10.927632975696598 ], [ -74.865739442221468, 10.927356246654535 ], [ -74.86564589391098, 10.927287774613001 ] ] } },
{ "type": "Feature", "properties": { "ELEV": 50.0 }, "geometry": { "type": "LineString", "coordinates": [ [ -74.897766095899186, 10.926330626675076 ], [ -74.897766096176767, 10.926330626397187 ], [ -74.897766096457872, 10.926330626671609 ], [ -74.897766096180291, 10.926330626949497 ], [ -74.897766095899186, 10.926330626675076 ] ] } },
{ "type": "Feature", "properties": { "ELEV": 50.0 }, "geometry": { "type": "LineString", "coordinates": [ [ -74.862847645981077, 10.926545364034952 ], [ -74.863126997019506, 10.92654366193443 ], [ -74.862849369349263, 10.926821525575129 ], [ -74.863408932178345, 10.926956201627331 ], [ -74.863690868589728, 10.927368741195 ], [ -74.8636925924515, 10.927644902589856 ], [ -74.863411517289265, 10.927370444026934 ], [ -74.863132165801829, 10.927372146420717 ], [ -74.862711416270756, 10.927098538113034 ], [ -74.862847645981077, 10.926545364034952 ] ] } },
{ "type": "Feature", "properties": { "ELEV": 50.0 }, "geometry": { "type": "LineString", "coordinates": [ [ -74.800269657387318, 10.92653357080702 ], [ -74.800273653347659, 10.927196381521069 ], [ -74.800553014254248, 10.927194736478423 ], [ -74.800689363862361, 10.926641571776026 ], [ -74.800269657387318, 10.92653357080702 ] ] } },
{ "type": "Feature", "properties": { "ELEV": 50.0 }, "geometry": { "type": "LineString", "coordinates": [ [ -74.899717993909306, 10.925766172275935 ], [ -74.899717994187768, 10.925766172136123 ], [ -74.899717994467991, 10.925766172272466 ], [ -74.89971799418953, 10.925766172412283 ], [ -74.899717993909306, 10.925766172275935 ] ] } },
{ "type": "Feature", "properties": { "ELEV": 100.0 }, "geometry": { "type": "LineString", "coordinates": [ [ -74.955025333370997, 10.925141397287899 ], [ -74.955304667555595, 10.92513961095484 ], [ -74.955304667597304, 10.925139611230737 ], [ -74.955025333464476, 10.925141397342532 ], [ -74.955025333370997, 10.925141397287899 ] ] } },
{ "type": "Feature", "properties": { "ELEV": 50.0 }, "geometry": { "type": "LineString", "coordinates": [ [ -74.799874225180631, 10.925817827867187 ], [ -74.799985136784485, 10.925679084384717 ], [ -74.800823096296924, 10.925654423515001 ], [ -74.801663792574843, 10.92608346988531 ], [ -74.801738631240895, 10.926911571460609 ], [ -74.801530777217181, 10.92718897709698 ], [ -74.801593972687385, 10.927740966431729 ], [ -74.801396511670987, 10.928087356044919 ], [ -74.800280313857769, 10.928301066753464 ], [ -74.799550643606366, 10.927753000405161 ], [ -74.799433905980862, 10.926925144026521 ], [ -74.799874225180631, 10.925817827867187 ] ] } },
{ "type": "Feature", "properties": { "ELEV": 50.0 }, "geometry": { "type": "LineString", "coordinates": [ [ -74.853899834211916, 10.925218881741985 ], [ -74.854179185434404, 10.925217188016733 ], [ -74.854184329040379, 10.926045677074104 ], [ -74.853904977602696, 10.926047370927455 ], [ -74.853903262905746, 10.925771207687893 ], [ -74.853622197849219, 10.925496738502861 ], [ -74.853342846554526, 10.925498431484376 ], [ -74.853622197845795, 10.925496737950541 ], [ -74.853899834211916, 10.925218881741985 ] ] } },
{ "type": "Feature", "properties": { "ELEV": 100.0 }, "geometry": { "type": "LineString", "coordinates": [ [ -74.971222985082363, 10.924485096893887 ], [ -74.972342131631052, 10.924754036157626 ], [ -74.972461159583816, 10.925857890589034 ], [ -74.972630582869328, 10.926132953044998 ], [ -74.973191071777904, 10.926405491877079 ], [ -74.973099785643868, 10.926682236411038 ], [ -74.972636511798484, 10.927030420171072 ], [ -74.972360979182426, 10.927607521839986 ], [ -74.970965161734398, 10.927745396645806 ], [ -74.970600371872251, 10.928907602537512 ], [ -74.970415363612759, 10.92909289901935 ], [ -74.969856693064216, 10.929096499759716 ], [ -74.969667432945315, 10.928637459495592 ], [ -74.969598308000371, 10.926980969259274 ], [ -74.969331530765047, 10.926706531793695 ], [ -74.969202412714907, 10.926155051401963 ], [ -74.969180020604725, 10.925326727510205 ], [ -74.969923083987254, 10.925045785384658 ], [ -74.970385903592259, 10.924628569581142 ], [ -74.971222985082363, 10.924485096893887 ] ] } },
{ "type": "Feature", "properties": { "ELEV": 50.0 }, "geometry": { "type": "LineString", "coordinates": [ [ -74.889095324979053, 10.924635256040316 ], [ -74.88853896436666, 10.925006916814004 ], [ -74.88826485784071, 10.925837114469845 ], [ -74.888545076513125, 10.925973467870897 ], [ -74.888822675644732, 10.925695584960232 ], [ -74.889659838325102, 10.925552328342143 ], [ -74.889797763297111, 10.925275308151521 ], [ -74.889654596305888, 10.924723856958538 ], [ -74.889095324979053, 10.924635256040316 ] ] } },
{ "type": "Feature", "properties": { "ELEV": 50.0 }, "geometry": { "type": "LineString", "coordinates": [ [ -74.856970971869686, 10.924924074286496 ], [ -74.856970972147309, 10.924924074008636 ], [ -74.857529672042659, 10.924920681066535 ], [ -74.857250322050731, 10.924922378079673 ], [ -74.856970971869686, 10.924924074286496 ] ] } },
{ "type": "Feature", "properties": { "ELEV": 50.0 }, "geometry": { "type": "LineString", "coordinates": [ [ -74.967586223362133, 10.923680049801973 ], [ -74.967308711865584, 10.923957991213376 ], [ -74.96787010258528, 10.924368613494012 ], [ -74.967867373385886, 10.923954397075027 ], [ -74.967586223362133, 10.923680049801973 ] ] } },
{ "type": "Feature", "properties": { "ELEV": 50.0 }, "geometry": { "type": "LineString", "coordinates": [ [ -74.850263138768113, 10.924412386269221 ], [ -74.850263139187149, 10.924412386266686 ], [ -74.850266560759806, 10.924964713521298 ], [ -74.850266560479596, 10.924964713384904 ], [ -74.850263138768113, 10.924412386269221 ] ] } },
{ "type": "Feature", "properties": { "ELEV": 50.0 }, "geometry": { "type": "LineString", "coordinates": [ [ -74.966467082338838, 10.923411091610737 ], [ -74.966189569825019, 10.923689032147905 ], [ -74.966470718803251, 10.923963380927173 ], [ -74.96618956954751, 10.923689032425845 ], [ -74.965636359927615, 10.924521058201654 ], [ -74.96563999488842, 10.925073348171191 ], [ -74.965360662592545, 10.925075143654523 ], [ -74.965013314161041, 10.925353532524454 ], [ -74.964811082691938, 10.926459458899021 ], [ -74.964531748681736, 10.92646125394405 ], [ -74.96425423153616, 10.926739193661234 ], [ -74.964257864813021, 10.927291483872027 ], [ -74.963982163119653, 10.927845568735718 ], [ -74.963420768671483, 10.927434939608117 ], [ -74.963416229038586, 10.926744576637471 ], [ -74.96313580549193, 10.926580682906003 ], [ -74.962020767066093, 10.926937639417575 ], [ -74.961738408691701, 10.926479189625212 ], [ -74.961459074424184, 10.926480981635365 ], [ -74.960347176089414, 10.92731658481288 ], [ -74.960628324380707, 10.927590939385434 ], [ -74.95951098211917, 10.927598103251714 ], [ -74.959233458524693, 10.927876039289593 ], [ -74.959095602593337, 10.928153080217223 ], [ -74.959194151217545, 10.92898092124925 ], [ -74.95896318271771, 10.929258559069769 ], [ -74.959522461165676, 10.929347026797721 ], [ -74.959801193863612, 10.929253187354858 ], [ -74.959799381289344, 10.928977041406961 ], [ -74.961475401839365, 10.928966291412218 ], [ -74.961479030782968, 10.929518582558313 ], [ -74.961879898547409, 10.929792166993675 ], [ -74.962184634292555, 10.930618682017149 ], [ -74.962605456950612, 10.93089213694423 ], [ -74.96316292246938, 10.930704452126015 ], [ -74.963495705967105, 10.930334105270719 ], [ -74.963622430388327, 10.929780977495497 ], [ -74.963991246104527, 10.929226294213347 ], [ -74.964552947712548, 10.929682945972418 ], [ -74.965112486799043, 10.929810852309638 ], [ -74.965391563552203, 10.929769607019875 ], [ -74.965110408970688, 10.929495258122015 ], [ -74.96510859144594, 10.929219113060759 ], [ -74.965387927800151, 10.929217317272592 ], [ -74.965110409529359, 10.929495258118425 ], [ -74.965391563829726, 10.929769606741937 ], [ -74.965669991321491, 10.929629738195922 ], [ -74.966228967428066, 10.92967216919113 ], [ -74.966785699602681, 10.929374020609741 ], [ -74.967093161651746, 10.928930192039847 ], [ -74.967332361473979, 10.927547871252102 ], [ -74.967366181374175, 10.925614559492608 ], [ -74.96752366733034, 10.924785077257432 ], [ -74.967731346515933, 10.924507584654199 ], [ -74.967589861709385, 10.924232339013848 ], [ -74.967310530386754, 10.924234135865877 ], [ -74.967308711446591, 10.923957991216072 ], [ -74.967026652683117, 10.923545571124926 ], [ -74.966467082338838, 10.923411091610737 ] ] } },
{ "type": "Feature", "properties": { "ELEV": 100.0 }, "geometry": { "type": "LineString", "coordinates": [ [ -74.953897156945274, 10.92349165773569 ], [ -74.953897157178048, 10.923491657734203 ], [ -74.953898963552547, 10.923767804895766 ], [ -74.953898963457632, 10.923767804620216 ], [ -74.953897156945274, 10.92349165773569 ] ] } },
{ "type": "Feature", "properties": { "ELEV": 50.0 }, "geometry": { "type": "LineString", "coordinates": [ [ -74.916462591097613, 10.92317620551718 ], [ -74.91632469357971, 10.923453233457767 ], [ -74.916466134774069, 10.923728511009482 ], [ -74.916743701541179, 10.923450607691283 ], [ -74.916462591097613, 10.92317620551718 ] ] } },
{ "type": "Feature", "properties": { "ELEV": 50.0 }, "geometry": { "type": "LineString", "coordinates": [ [ -74.864784130933373, 10.92349567034422 ], [ -74.864646181372208, 10.923772682984712 ], [ -74.864786717108132, 10.923909911867298 ], [ -74.864878970902424, 10.923771263575768 ], [ -74.864784130933373, 10.92349567034422 ] ] } },
{ "type": "Feature", "properties": { "ELEV": 100.0 }, "geometry": { "type": "LineString", "coordinates": [ [ -74.956968005164953, 10.923195864982532 ], [ -74.957804915012787, 10.923024813921172 ], [ -74.958085332849095, 10.92318871338894 ], [ -74.957807358521663, 10.923397611352051 ], [ -74.956968005164953, 10.923195864982532 ] ] } },
{ "type": "Feature", "properties": { "ELEV": 50.0 }, "geometry": { "type": "LineString", "coordinates": [ [ -74.918974863152712, 10.92288428894333 ], [ -74.918697299249374, 10.92316219385687 ], [ -74.918138622287515, 10.923165698370875 ], [ -74.91772138776561, 10.923444478664821 ], [ -74.918147489577763, 10.924546461669085 ], [ -74.918706168839989, 10.924542956841425 ], [ -74.919255975183901, 10.923158688467145 ], [ -74.918974863152712, 10.92288428894333 ] ] } },
{ "type": "Feature", "properties": { "ELEV": 50.0 }, "geometry": { "type": "LineString", "coordinates": [ [ -74.861152611302629, 10.923517791034714 ], [ -74.861152611580266, 10.923517790756854 ], [ -74.861152611861328, 10.923517791031314 ], [ -74.861152611582838, 10.923517791171092 ], [ -74.861152611302629, 10.923517791034714 ] ] } },
{ "type": "Feature", "properties": { "ELEV": 50.0 }, "geometry": { "type": "LineString", "coordinates": [ [ -74.847461945087261, 10.923186537112006 ], [ -74.8473713904405, 10.923601345479726 ], [ -74.84746621528862, 10.923876946740686 ], [ -74.847743857066192, 10.923599095407065 ], [ -74.847742148738163, 10.923322931432258 ], [ -74.847461945087261, 10.923186537112006 ] ] } },
{ "type": "Feature", "properties": { "ELEV": 50.0 }, "geometry": { "type": "LineString", "coordinates": [ [ -74.906963285483315, 10.92295941714853 ], [ -74.90780042376096, 10.922816113554909 ], [ -74.908080645772614, 10.922952448320643 ], [ -74.907525492805547, 10.923508242467928 ], [ -74.906966811533096, 10.923511726276525 ], [ -74.906963285483315, 10.92295941714853 ] ] } },
{ "type": "Feature", "properties": { "ELEV": 50.0 }, "geometry": { "type": "LineString", "coordinates": [ [ -74.897744454355589, 10.92292470239512 ], [ -74.897003635775192, 10.923573687947021 ], [ -74.897192202684224, 10.923940740929252 ], [ -74.897752934756653, 10.9242594564613 ], [ -74.898588329509337, 10.923840021131999 ], [ -74.89839683607434, 10.92301270937806 ], [ -74.897744454355589, 10.92292470239512 ] ] } },
{ "type": "Feature", "properties": { "ELEV": 50.0 }, "geometry": { "type": "LineString", "coordinates": [ [ -74.798574202211654, 10.923339845260671 ], [ -74.799132917570333, 10.923336559030561 ], [ -74.799132917664295, 10.923336559168101 ], [ -74.798853560054212, 10.923338202479341 ], [ -74.798574202211654, 10.923339845260671 ] ] } },
{ "type": "Feature", "properties": { "ELEV": 50.0 }, "geometry": { "type": "LineString", "coordinates": [ [ -74.919529102729484, 10.922190401641526 ], [ -74.919390321410503, 10.922329354278709 ], [ -74.919531764473945, 10.922604630042265 ], [ -74.919669658509093, 10.922327601210444 ], [ -74.919529102729484, 10.922190401641526 ] ] } },
{ "type": "Feature", "properties": { "ELEV": 50.0 }, "geometry": { "type": "LineString", "coordinates": [ [ -74.908915135044779, 10.922394910513207 ], [ -74.90891513532236, 10.922394910235308 ], [ -74.908915135603465, 10.922394910509716 ], [ -74.908915135325884, 10.922394910787617 ], [ -74.908915135044779, 10.922394910513207 ] ] } },
{ "type": "Feature", "properties": { "ELEV": 50.0 }, "geometry": { "type": "LineString", "coordinates": [ [ -74.804996077630094, 10.922749652766393 ], [ -74.804718390316197, 10.923027471566222 ], [ -74.805137424363451, 10.923024998751002 ], [ -74.804996077630094, 10.922749652766393 ] ] } },
{ "type": "Feature", "properties": { "ELEV": 50.0 }, "geometry": { "type": "LineString", "coordinates": [ [ -74.864495303225596, 10.921978485900771 ], [ -74.864216819173564, 10.922118269110879 ], [ -74.86422026593921, 10.922670591920081 ], [ -74.864501336005901, 10.922945050243804 ], [ -74.864495303225596, 10.921978485900771 ] ] } },
{ "type": "Feature", "properties": { "ELEV": 50.0 }, "geometry": { "type": "LineString", "coordinates": [ [ -74.861978605521742, 10.921579557738497 ], [ -74.861978606080456, 10.921579557735095 ], [ -74.861980327007188, 10.921855719783002 ], [ -74.861980326726098, 10.921855719508542 ], [ -74.861978605521742, 10.921579557738497 ] ] } },
{ "type": "Feature", "properties": { "ELEV": 50.0 }, "geometry": { "type": "LineString", "coordinates": [ [ -74.798565888583667, 10.921958987354257 ], [ -74.798845244994439, 10.921957344372101 ], [ -74.79884690805801, 10.922233516196497 ], [ -74.798846907638975, 10.922233516198965 ], [ -74.798565888583667, 10.921958987354257 ] ] } },
{ "type": "Feature", "properties": { "ELEV": 50.0 }, "geometry": { "type": "LineString", "coordinates": [ [ -74.8485682360553, 10.921384720461385 ], [ -74.848430270865634, 10.921661728125033 ], [ -74.848571653659477, 10.921937047664633 ], [ -74.849130350494775, 10.921933670699318 ], [ -74.849407988965723, 10.921655818368306 ], [ -74.849126931859132, 10.921381343670888 ], [ -74.8485682360553, 10.921384720461385 ] ] } },
{ "type": "Feature", "properties": { "ELEV": 50.0 }, "geometry": { "type": "LineString", "coordinates": [ [ -74.899407041214317, 10.920797103928502 ], [ -74.899132968583928, 10.92162730557083 ], [ -74.899694282435505, 10.922038069889792 ], [ -74.899971866420586, 10.921760179131828 ], [ -74.900039066909571, 10.921345511914923 ], [ -74.899686380428648, 10.920795369342477 ], [ -74.899407041214317, 10.920797103928502 ] ] } },
{ "type": "Feature", "properties": { "ELEV": 50.0 }, "geometry": { "type": "LineString", "coordinates": [ [ -74.801635474403696, 10.921388561596125 ], [ -74.801497462174865, 10.921665555090195 ], [ -74.801919826810149, 10.922215428879307 ], [ -74.802197516510574, 10.921937612313476 ], [ -74.801635474403696, 10.921388561596125 ] ] } },
{ "type": "Feature", "properties": { "ELEV": 50.0 }, "geometry": { "type": "LineString", "coordinates": [ [ -74.909183885518459, 10.920736241587068 ], [ -74.909183885937466, 10.920736241584448 ], [ -74.909185650345336, 10.921012396110189 ], [ -74.909185650203909, 10.921012395834907 ], [ -74.909183885518459, 10.920736241587068 ] ] } },
{ "type": "Feature", "properties": { "ELEV": 50.0 }, "geometry": { "type": "LineString", "coordinates": [ [ -74.851360001646214, 10.921091662595712 ], [ -74.851918696294916, 10.921088280519715 ], [ -74.851918696575979, 10.921088280794189 ], [ -74.851639349135752, 10.921089972098487 ], [ -74.851361713240891, 10.921367826318516 ], [ -74.851360001646214, 10.921091662595712 ] ] } },
{ "type": "Feature", "properties": { "ELEV": 50.0 }, "geometry": { "type": "LineString", "coordinates": [ [ -74.849402860720943, 10.920827327379213 ], [ -74.849125222886016, 10.921105179594798 ], [ -74.849406279688893, 10.921379654341171 ], [ -74.849683917432131, 10.921101801876073 ], [ -74.849402860720943, 10.920827327379213 ] ] } },
{ "type": "Feature", "properties": { "ELEV": 100.0 }, "geometry": { "type": "LineString", "coordinates": [ [ -74.975385549494746, 10.920315909084113 ], [ -74.975385549843907, 10.920315909081861 ], [ -74.975387375346685, 10.920592052588807 ], [ -74.975387375275929, 10.920592052451186 ], [ -74.975385549494746, 10.920315909084113 ] ] } },
{ "type": "Feature", "properties": { "ELEV": 50.0 }, "geometry": { "type": "LineString", "coordinates": [ [ -74.8639254123092, 10.920186841494496 ], [ -74.863647790697854, 10.920464704597086 ], [ -74.863649513264519, 10.920740866123884 ], [ -74.86393058077924, 10.92101532539041 ], [ -74.864206479427466, 10.92046130056084 ], [ -74.8639254123092, 10.920186841494496 ] ] } },
{ "type": "Feature", "properties": { "ELEV": 50.0 }, "geometry": { "type": "LineString", "coordinates": [ [ -74.853312005042369, 10.920527495544722 ], [ -74.853591351692288, 10.920525802937622 ], [ -74.853593064979378, 10.920801966460351 ], [ -74.852756737229655, 10.92108320618973 ], [ -74.853312005042369, 10.920527495544722 ] ] } },
{ "type": "Feature", "properties": { "ELEV": 50.0 }, "geometry": { "type": "LineString", "coordinates": [ [ -74.849678788689005, 10.920273310986715 ], [ -74.849401151581702, 10.920551163336365 ], [ -74.84940286099858, 10.920827327101362 ], [ -74.849683917709768, 10.921101801598221 ], [ -74.850239191926875, 10.920546095872572 ], [ -74.84995813539912, 10.92027162187472 ], [ -74.849678788689005, 10.920273310986715 ] ] } },
{ "type": "Feature", "properties": { "ELEV": 50.0 }, "geometry": { "type": "LineString", "coordinates": [ [ -74.796324394908638, 10.92086743204402 ], [ -74.796603750575642, 10.920865791477695 ], [ -74.796603750669178, 10.920865791546193 ], [ -74.796603750577717, 10.92086579182291 ], [ -74.796324394908638, 10.92086743204402 ] ] } },
{ "type": "Feature", "properties": { "ELEV": 50.0 }, "geometry": { "type": "LineString", "coordinates": [ [ -74.864204325918905, 10.920116098753413 ], [ -74.863925412586838, 10.920186841216633 ], [ -74.864206479705089, 10.920461300282973 ], [ -74.864274592754299, 10.920184713549633 ], [ -74.864204325918905, 10.920116098753413 ] ] } },
{ "type": "Feature", "properties": { "ELEV": 50.0 }, "geometry": { "type": "LineString", "coordinates": [ [ -74.850235771964748, 10.9199937688637 ], [ -74.849958135676744, 10.92027162159687 ], [ -74.850239192204512, 10.920546095594714 ], [ -74.850377155236956, 10.92026908745378 ], [ -74.850235771964748, 10.9199937688637 ] ] } },
{ "type": "Feature", "properties": { "ELEV": 50.0 }, "geometry": { "type": "LineString", "coordinates": [ [ -74.911968423548601, 10.919338026330484 ], [ -74.91183228961134, 10.919891206553945 ], [ -74.911973724766838, 10.920166487229912 ], [ -74.91225129368361, 10.919888587783332 ], [ -74.9122495263519, 10.919612434011281 ], [ -74.911968423548601, 10.919338026330484 ] ] } },
{ "type": "Feature", "properties": { "ELEV": 50.0 }, "geometry": { "type": "LineString", "coordinates": [ [ -74.862246763398829, 10.919782805987799 ], [ -74.861968279823969, 10.919922587004761 ], [ -74.862527829070515, 10.92005726691896 ], [ -74.863085656702751, 10.919915784375691 ], [ -74.862246763398829, 10.919782805987799 ] ] } },
{ "type": "Feature", "properties": { "ELEV": 50.0 }, "geometry": { "type": "LineString", "coordinates": [ [ -74.909173298399935, 10.91907931598965 ], [ -74.909731970803264, 10.919075829271952 ], [ -74.909457928675877, 10.919906035583606 ], [ -74.909178591746155, 10.919907778812005 ], [ -74.909173298399935, 10.91907931598965 ] ] } },
{ "type": "Feature", "properties": { "ELEV": 50.0 }, "geometry": { "type": "LineString", "coordinates": [ [ -74.795479689627385, 10.91976766363508 ], [ -74.795479689766239, 10.919767663496174 ], [ -74.795759044746077, 10.919766024069876 ], [ -74.795479689767902, 10.919767663772348 ], [ -74.795479689627385, 10.91976766363508 ] ] } },
{ "type": "Feature", "properties": { "ELEV": 100.0 }, "geometry": { "type": "LineString", "coordinates": [ [ -74.953305992501328, 10.91852458000133 ], [ -74.953867056454484, 10.918889208878722 ], [ -74.95414638489774, 10.918887424888485 ], [ -74.954333807886201, 10.919070333351213 ], [ -74.954335614006382, 10.91934648024335 ], [ -74.954709256721245, 10.919528198748685 ], [ -74.955547243273983, 10.919522843398807 ], [ -74.956104437284878, 10.919295724648373 ], [ -74.956425736184443, 10.919609279420607 ], [ -74.956670586015761, 10.920436187397767 ], [ -74.956949915435075, 10.920434400599044 ], [ -74.957512192745583, 10.920983119054041 ], [ -74.958070852274929, 10.920979543350699 ], [ -74.958351992216606, 10.92125390165403 ], [ -74.958355612857318, 10.921806194021935 ], [ -74.958076885454275, 10.921900031068812 ], [ -74.957516716291011, 10.921673485148537 ], [ -74.956960768775573, 10.922091279457527 ], [ -74.95612277573187, 10.922096639922115 ], [ -74.95572990428515, 10.921822994021028 ], [ -74.95569474013692, 10.920718586107217 ], [ -74.955554472836468, 10.920627430099678 ], [ -74.954997318948301, 10.920861123322124 ], [ -74.954435497313611, 10.920381436181961 ], [ -74.953596604982053, 10.920248715406103 ], [ -74.953317425621265, 10.920273511367537 ], [ -74.952761322731064, 10.920668286461169 ], [ -74.952480638914338, 10.920462959231726 ], [ -74.951365572369809, 10.920815272658073 ], [ -74.950527129284424, 10.920751580309807 ], [ -74.950525326468224, 10.920475432813143 ], [ -74.950802596399086, 10.92015805452424 ], [ -74.952198602230396, 10.920050520932003 ], [ -74.9527556374927, 10.91979842298767 ], [ -74.953125188681085, 10.919354210097801 ], [ -74.953305992501328, 10.91852458000133 ] ] } },
{ "type": "Feature", "properties": { "ELEV": 250.0 }, "geometry": { "type": "LineString", "coordinates": [ [ -74.984173559469795, 10.918641562493686 ], [ -74.98397777135564, 10.918603381616716 ], [ -74.984031802550831, 10.918326877260904 ], [ -74.984171463972032, 10.918325971578954 ] ] } },
{ "type": "Feature", "properties": { "ELEV": 50.0 }, "geometry": { "type": "LineString", "coordinates": [ [ -74.855257140793967, 10.918858665740315 ], [ -74.855536485435636, 10.918856971614066 ], [ -74.855631315159798, 10.919132569851536 ], [ -74.855260570370021, 10.919410991486343 ], [ -74.855262284738799, 10.919687154446517 ], [ -74.855257140793967, 10.918858665740315 ] ] } },
{ "type": "Feature", "properties": { "ELEV": 50.0 }, "geometry": { "type": "LineString", "coordinates": [ [ -74.804687530540619, 10.917918314040438 ], [ -74.804410680386908, 10.918334217495651 ], [ -74.804412347885545, 10.91861038826082 ], [ -74.804692255775748, 10.918700797624764 ], [ -74.804971051763715, 10.918607092921306 ], [ -74.805060833276173, 10.918054202260336 ], [ -74.804687530540619, 10.917918314040438 ] ] } },
{ "type": "Feature", "properties": { "ELEV": 50.0 }, "geometry": { "type": "LineString", "coordinates": [ [ -74.908321182888983, 10.916875308920543 ], [ -74.908043612015277, 10.917153204995191 ], [ -74.90832470943181, 10.917427617276502 ], [ -74.908602280210914, 10.91714972095248 ], [ -74.908321182888983, 10.916875308920543 ] ] } },
{ "type": "Feature", "properties": { "ELEV": 50.0 }, "geometry": { "type": "LineString", "coordinates": [ [ -74.80161216332769, 10.917522165172613 ], [ -74.801334476432956, 10.917799980716232 ], [ -74.801615492941949, 10.918074507029177 ], [ -74.801893179747367, 10.917796691236081 ], [ -74.80161216332769, 10.917522165172613 ] ] } },
{ "type": "Feature", "properties": { "ELEV": 100.0 }, "geometry": { "type": "LineString", "coordinates": [ [ -74.836867684657349, 10.917588741524428 ], [ -74.837089803616905, 10.917366467340599 ], [ -74.837369022266031, 10.917344077733091 ], [ -74.838487892124306, 10.917579011277482 ], [ -74.839048283373842, 10.917851819466902 ], [ -74.8391663771271, 10.918127285365083 ], [ -74.838912008992267, 10.918404989845609 ], [ -74.837935427550804, 10.918594974737827 ], [ -74.83747211324048, 10.91896599195065 ], [ -74.83738409186941, 10.919795048145158 ], [ -74.837665138478158, 10.920069535939804 ], [ -74.837666837020834, 10.92034570154534 ], [ -74.83679072152492, 10.921731842671694 ], [ -74.836666081758352, 10.922284942930638 ], [ -74.836800909925728, 10.92338883686474 ], [ -74.836569814855991, 10.923666400617304 ], [ -74.835592082806315, 10.923672270381495 ], [ -74.8349902128396, 10.924228234416013 ], [ -74.834899074625781, 10.924550986748176 ], [ -74.834061580517215, 10.924648069456856 ], [ -74.833781379336372, 10.924511661586644 ], [ -74.833496516587473, 10.923615796475387 ], [ -74.83321716415459, 10.923617471067024 ], [ -74.832935975810827, 10.923319965264927 ], [ -74.832863313557255, 10.922860106630745 ], [ -74.832932304239137, 10.922721604830597 ], [ -74.833211655879211, 10.922719930634614 ], [ -74.834042928677178, 10.921610242076536 ], [ -74.834600781454412, 10.92146880875565 ], [ -74.834878435653863, 10.921190967068448 ], [ -74.835438266488268, 10.921371726091804 ], [ -74.836051704943998, 10.921183927382316 ], [ -74.836271790036221, 10.920630254334444 ], [ -74.835985653166688, 10.919527267807792 ], [ -74.835706304946655, 10.919528944052693 ], [ -74.835561541607319, 10.918701283946765 ], [ -74.836535378392895, 10.918064180729329 ], [ -74.836867684657349, 10.917588741524428 ] ] } },
{ "type": "Feature", "properties": { "ELEV": 50.0 }, "geometry": { "type": "LineString", "coordinates": [ [ -74.910550558681209, 10.916032902630281 ], [ -74.910276520843681, 10.916863108558582 ], [ -74.910557619638439, 10.917137518492231 ], [ -74.910836953894503, 10.917135774579236 ], [ -74.910838719510863, 10.917411928624503 ], [ -74.91056115068416, 10.917689826942244 ], [ -74.911120407989344, 10.917778389464333 ], [ -74.911397387275514, 10.917408439398969 ], [ -74.911395621143726, 10.917132285444049 ], [ -74.911114521436772, 10.916857876135353 ], [ -74.911110989925575, 10.916305568108891 ], [ -74.91082989162534, 10.916031158623534 ], [ -74.910550558681209, 10.916032902630281 ] ] } },
{ "type": "Feature", "properties": { "ELEV": 50.0 }, "geometry": { "type": "LineString", "coordinates": [ [ -74.858874874007185, 10.916627325401388 ], [ -74.859155934204168, 10.916901790755393 ], [ -74.859299041085094, 10.917453266714091 ], [ -74.859160228617029, 10.917592196632725 ], [ -74.858600684098107, 10.917457509254048 ], [ -74.858597249399068, 10.91690518448562 ], [ -74.858874874007185, 10.916627325401388 ] ] } },
{ "type": "Feature", "properties": { "ELEV": 50.0 }, "geometry": { "type": "LineString", "coordinates": [ [ -74.854684740846949, 10.916652749046298 ], [ -74.854964083798635, 10.916651055916599 ], [ -74.854965797868033, 10.916927218878422 ], [ -74.854686454518955, 10.916928912052812 ], [ -74.854684740846949, 10.916652749046298 ] ] } },
{ "type": "Feature", "properties": { "ELEV": 50.0 }, "geometry": { "type": "LineString", "coordinates": [ [ -74.803281607710645, 10.916407608535449 ], [ -74.802912472162433, 10.916962144828332 ], [ -74.803286606305349, 10.917236121022446 ], [ -74.803471173982587, 10.916958852714046 ], [ -74.803281607710645, 10.916407608535449 ] ] } },
{ "type": "Feature", "properties": { "ELEV": 50.0 }, "geometry": { "type": "LineString", "coordinates": [ [ -74.909151247517386, 10.915627387191375 ], [ -74.908872796724339, 10.915767206658767 ], [ -74.908874560299964, 10.916043361046315 ], [ -74.909155657127613, 10.916317772629908 ], [ -74.909713441754192, 10.916176209832805 ], [ -74.909710795216043, 10.915761978870783 ], [ -74.909151247517386, 10.915627387191375 ] ] } },
{ "type": "Feature", "properties": { "ELEV": 50.0 }, "geometry": { "type": "LineString", "coordinates": [ [ -74.911385908546251, 10.915613438734427 ], [ -74.911107459162579, 10.915753260057928 ], [ -74.911388557368056, 10.916027669293943 ], [ -74.911666123740062, 10.915749770865304 ], [ -74.911385908546251, 10.915613438734427 ] ] } },
{ "type": "Feature", "properties": { "ELEV": 50.0 }, "geometry": { "type": "LineString", "coordinates": [ [ -74.856774662321882, 10.915811556320863 ], [ -74.857192816655783, 10.915670932412848 ], [ -74.857286788353093, 10.915808448799131 ], [ -74.856915190967584, 10.915948790373566 ], [ -74.856774662321882, 10.915811556320863 ] ] } },
{ "type": "Feature", "properties": { "ELEV": 50.0 }, "geometry": { "type": "LineString", "coordinates": [ [ -74.849091901382991, 10.91571998462207 ], [ -74.848534070064289, 10.915861441753313 ], [ -74.848396106535816, 10.916138449084745 ], [ -74.848537485834868, 10.916413769166052 ], [ -74.848816829119301, 10.916412081684804 ], [ -74.848818537474173, 10.916688245891104 ], [ -74.848539193794039, 10.916689933693064 ], [ -74.847983921728272, 10.917245635810431 ], [ -74.848264404289793, 10.917428058043935 ], [ -74.848822808067951, 10.917378655558409 ], [ -74.849378932776872, 10.916961033918117 ], [ -74.849658276716966, 10.916959345307655 ], [ -74.849661695200794, 10.917511673155623 ], [ -74.850781636493124, 10.917919162196295 ], [ -74.85105841484426, 10.917503227238726 ], [ -74.851056704431144, 10.9172270636733 ], [ -74.849091901382991, 10.91571998462207 ] ] } },
{ "type": "Feature", "properties": { "ELEV": 50.0 }, "geometry": { "type": "LineString", "coordinates": [ [ -74.909984246363507, 10.914839721335527 ], [ -74.90970550273164, 10.914933515804913 ], [ -74.909709031052614, 10.915485824336354 ], [ -74.909990128041869, 10.915760235258741 ], [ -74.910268872546368, 10.915666440555965 ], [ -74.910638374185254, 10.915203858726139 ], [ -74.910543498197313, 10.914928285857552 ], [ -74.909984246363507, 10.914839721335527 ] ] } },
{ "type": "Feature", "properties": { "ELEV": 50.0 }, "geometry": { "type": "LineString", "coordinates": [ [ -74.855931493996991, 10.914988151002992 ], [ -74.856164278122719, 10.914986739344986 ], [ -74.856072879217535, 10.915263466985795 ], [ -74.85607287893734, 10.9152634668494 ], [ -74.855931493996991, 10.914988151002992 ] ] } },
{ "type": "Feature", "properties": { "ELEV": 50.0 }, "geometry": { "type": "LineString", "coordinates": [ [ -74.854672746430722, 10.914719607854071 ], [ -74.854952087578383, 10.914717915031286 ], [ -74.854957228401702, 10.91554640429057 ], [ -74.854955514420894, 10.915270241027246 ], [ -74.854674459780796, 10.914995770897246 ], [ -74.854672746430722, 10.914719607854071 ] ] } },
{ "type": "Feature", "properties": { "ELEV": 50.0 }, "geometry": { "type": "LineString", "coordinates": [ [ -74.857743775778005, 10.914424810262798 ], [ -74.857745492475317, 10.914700972825159 ], [ -74.858724900000112, 10.914971199446109 ], [ -74.858868004874324, 10.915522675953067 ], [ -74.858309322835439, 10.91552606900912 ], [ -74.858028265350342, 10.915251602372093 ], [ -74.8577489243321, 10.915253297944346 ], [ -74.857467867714618, 10.914978830798344 ], [ -74.857745491916631, 10.914700972828554 ], [ -74.857743775778005, 10.914424810262798 ] ] } },
{ "type": "Feature", "properties": { "ELEV": 50.0 }, "geometry": { "type": "LineString", "coordinates": [ [ -74.797960653709339, 10.91422946293565 ], [ -74.797960653987033, 10.914229462657838 ], [ -74.79796065398925, 10.914229463026066 ], [ -74.797960653709339, 10.91422946293565 ] ] } },
{ "type": "Feature", "properties": { "ELEV": 50.0 }, "geometry": { "type": "LineString", "coordinates": [ [ -74.853827874307044, 10.913620032035045 ], [ -74.854107214234247, 10.913618339877168 ], [ -74.854107214515295, 10.91361834015164 ], [ -74.853827874401873, 10.913620032310643 ], [ -74.853827874307044, 10.913620032035045 ] ] } },
{ "type": "Feature", "properties": { "ELEV": 50.0 }, "geometry": { "type": "LineString", "coordinates": [ [ -74.800750816315443, 10.913660698613677 ], [ -74.800750816874128, 10.913660698610389 ], [ -74.800752479984354, 10.91393687029613 ], [ -74.800752479703334, 10.913936870021599 ], [ -74.800750816315443, 10.913660698613677 ] ] } },
{ "type": "Feature", "properties": { "ELEV": 50.0 }, "geometry": { "type": "LineString", "coordinates": [ [ -74.794605145258984, 10.913696790457971 ], [ -74.794605145314023, 10.913696790319557 ], [ -74.794605145407971, 10.913696790457097 ], [ -74.794605145315259, 10.913696790526689 ], [ -74.794605145258984, 10.913696790457971 ] ] } },
{ "type": "Feature", "properties": { "ELEV": 100.0 }, "geometry": { "type": "LineString", "coordinates": [ [ -74.956897482213975, 10.912426151987507 ], [ -74.957457933884172, 10.912698726665447 ], [ -74.957599403114003, 10.912973980167063 ], [ -74.956627196596656, 10.913808670557005 ], [ -74.956630811198011, 10.914360963766704 ], [ -74.956351487260505, 10.914362749386287 ], [ -74.956346065924137, 10.913534309334841 ], [ -74.956625389018669, 10.913532523808414 ], [ -74.956897482213975, 10.912426151987507 ] ] } },
{ "type": "Feature", "properties": { "ELEV": 50.0 }, "geometry": { "type": "LineString", "coordinates": [ [ -74.858850833313312, 10.912761051977448 ], [ -74.858850833732319, 10.912761051974901 ], [ -74.858852550487185, 10.913037214673382 ], [ -74.858852550206123, 10.913037214398919 ], [ -74.858850833313312, 10.912761051977448 ] ] } },
{ "type": "Feature", "properties": { "ELEV": 50.0 }, "geometry": { "type": "LineString", "coordinates": [ [ -74.855219432071962, 10.912783081124006 ], [ -74.855219432630619, 10.912783081120621 ], [ -74.855221145895584, 10.91305924425253 ], [ -74.855221145755053, 10.913059244115299 ], [ -74.855219432071962, 10.912783081124006 ] ] } },
{ "type": "Feature", "properties": { "ELEV": 100.0 }, "geometry": { "type": "LineString", "coordinates": [ [ -74.969042484379543, 10.911519804547057 ], [ -74.969275250364106, 10.91151830736208 ], [ -74.97002410340987, 10.912121032906349 ], [ -74.97072203768424, 10.91206130948291 ], [ -74.971138741161781, 10.911713431705133 ], [ -74.971979429284275, 10.912122251320898 ], [ -74.972815108928572, 10.911771672329509 ], [ -74.973374110584189, 10.911823300633728 ], [ -74.974029135381656, 10.912316157480992 ], [ -74.973993715980981, 10.912592541381754 ], [ -74.973660355863444, 10.912870846439041 ], [ -74.973662178776763, 10.913146990228498 ], [ -74.972826041332411, 10.913428536033743 ], [ -74.972548543157117, 10.913706480102041 ], [ -74.972273959310982, 10.914426254450365 ], [ -74.971995106500984, 10.91449906272619 ], [ -74.971435206342377, 10.91431199065145 ], [ -74.969762411751759, 10.914798363023104 ], [ -74.969485111296166, 10.915106987824332 ], [ -74.969206152794371, 10.915164014042542 ], [ -74.968043141862026, 10.914287794608986 ], [ -74.968354003347628, 10.913015476360757 ], [ -74.969190782567793, 10.912830592876436 ], [ -74.969468738437484, 10.912621687515815 ], [ -74.968960507148651, 10.911796488087761 ], [ -74.969042484379543, 10.911519804547057 ] ] } },
{ "type": "Feature", "properties": { "ELEV": 50.0 }, "geometry": { "type": "LineString", "coordinates": [ [ -74.859959597331979, 10.911373454091439 ], [ -74.85968197823631, 10.911651313004803 ], [ -74.85996217388589, 10.911787697083 ], [ -74.860100983399121, 10.91164876753284 ], [ -74.859959597331979, 10.911373454091439 ] ] } },
{ "type": "Feature", "properties": { "ELEV": 50.0 }, "geometry": { "type": "LineString", "coordinates": [ [ -74.855489346101621, 10.91126249192884 ], [ -74.855212578916891, 10.91167842909972 ], [ -74.855493630055435, 10.911952898947467 ], [ -74.855772968069587, 10.911951205802076 ], [ -74.856050591627863, 10.911673349798519 ], [ -74.855767826587055, 10.911122717562614 ], [ -74.855489346101621, 10.91126249192884 ] ] } },
{ "type": "Feature", "properties": { "ELEV": 50.0 }, "geometry": { "type": "LineString", "coordinates": [ [ -74.851019941931327, 10.911289545886437 ], [ -74.850881127643476, 10.911428471984392 ], [ -74.851023360828108, 10.911841872961036 ], [ -74.851860521144204, 10.911698723414164 ], [ -74.851577763142629, 10.911148086045849 ], [ -74.851019941931327, 10.911289545886437 ] ] } },
{ "type": "Feature", "properties": { "ELEV": 100.0 }, "geometry": { "type": "LineString", "coordinates": [ [ -74.947380727321928, 10.909449084710849 ], [ -74.947380727740921, 10.909449084708188 ], [ -74.947382525535829, 10.909725233199937 ], [ -74.947382525394374, 10.90972523292468 ], [ -74.947380727321928, 10.909449084710849 ] ] } },
{ "type": "Feature", "properties": { "ELEV": 100.0 }, "geometry": { "type": "LineString", "coordinates": [ [ -74.940666265527085, 10.907834749645898 ], [ -74.940668057224315, 10.908110899085541 ], [ -74.940389632288998, 10.908250743789743 ], [ -74.939830095059804, 10.90811620812058 ], [ -74.940388288756012, 10.908043631608599 ], [ -74.940666265527085, 10.907834749645898 ] ] } },
{ "type": "Feature", "properties": { "ELEV": 50.0 }, "geometry": { "type": "LineString", "coordinates": [ [ -74.797855949445918, 10.908430263436978 ], [ -74.797924955420072, 10.908291767342282 ], [ -74.798205129258619, 10.908428213334986 ], [ -74.79792633870241, 10.908521910759951 ], [ -74.797855949445918, 10.908430263436978 ] ] } },
{ "type": "Feature", "properties": { "ELEV": 250.0 }, "geometry": { "type": "LineString", "coordinates": [ [ -74.984423896493965, 10.91427407860462 ], [ -74.98400491793555, 10.91427679480964 ], [ -74.983671105792212, 10.913082291252943 ], [ -74.983642333073504, 10.912254015726388 ], [ -74.983229669619689, 10.911704381329004 ], [ -74.983227838121124, 10.911428239116475 ], [ -74.983701170821547, 10.910596710422482 ], [ -74.983407204596489, 10.908389382279353 ], [ -74.983962168693068, 10.907833479261594 ], [ -74.984051609975481, 10.907280591782078 ], [ -74.984375642769422, 10.907002338277458 ] ] } },
{ "type": "Feature", "properties": { "ELEV": 50.0 }, "geometry": { "type": "LineString", "coordinates": [ [ -74.798760494832322, 10.907872588723016 ], [ -74.798760495110017, 10.907872588445207 ], [ -74.798760495391008, 10.907872588719732 ], [ -74.798760495112489, 10.907872588859458 ], [ -74.798760494832322, 10.907872588723016 ] ] } },
{ "type": "Feature", "properties": { "ELEV": 100.0 }, "geometry": { "type": "LineString", "coordinates": [ [ -74.940847104136182, 10.907005121574786 ], [ -74.941033317152645, 10.90700394146732 ], [ -74.940944690029767, 10.907694904958612 ], [ -74.940804133962985, 10.907557715261666 ], [ -74.940847104136182, 10.907005121574786 ] ] } },
{ "type": "Feature", "properties": { "ELEV": 250.0 }, "geometry": { "type": "LineString", "coordinates": [ [ -74.984371979325402, 10.906450054339228 ], [ -74.984232323409401, 10.906450959002386 ], [ -74.984371979323569, 10.906450054063084 ] ] } },
{ "type": "Feature", "properties": { "ELEV": 50.0 }, "geometry": { "type": "LineString", "coordinates": [ [ -74.802946891702888, 10.907226564968694 ], [ -74.802947640681893, 10.907350842004186 ], [ -74.803226649421447, 10.907293963245118 ], [ -74.802946891702888, 10.907226564968694 ] ] } },
{ "type": "Feature", "properties": { "ELEV": 100.0 }, "geometry": { "type": "LineString", "coordinates": [ [ -74.937864115062979, 10.906471688260705 ], [ -74.937865904161896, 10.906747838091585 ], [ -74.938147013036641, 10.907022220428747 ], [ -74.938429911964818, 10.90757275213954 ], [ -74.938431701460502, 10.907848901859735 ], [ -74.938712812106957, 10.908123283391395 ], [ -74.938250855750894, 10.908678529697669 ], [ -74.938160432734747, 10.909093343762844 ], [ -74.937740555095601, 10.908957920376274 ], [ -74.937736977125113, 10.908405620743205 ], [ -74.938147012717423, 10.907022220430765 ], [ -74.93786590413265, 10.906747838367933 ], [ -74.937864115062979, 10.906471688260705 ] ] } },
{ "type": "Feature", "properties": { "ELEV": 100.0 }, "geometry": { "type": "LineString", "coordinates": [ [ -74.966325423076682, 10.901871780711511 ], [ -74.966325423168882, 10.901871780572842 ], [ -74.966325423309442, 10.901871780710016 ], [ -74.966325423170147, 10.901871780766143 ], [ -74.966325423076682, 10.901871780711511 ] ] } },
{ "type": "Feature", "properties": { "ELEV": 100.0 }, "geometry": { "type": "LineString", "coordinates": [ [ -74.953741081128314, 10.899604932406973 ], [ -74.953602327085591, 10.899743896237517 ], [ -74.953743784614801, 10.900019153276842 ], [ -74.954305110517183, 10.900429812143228 ], [ -74.954628268742965, 10.900013513096479 ], [ -74.954649741500106, 10.899737217448815 ], [ -74.954299251312094, 10.899532333671829 ], [ -74.953741081128314, 10.899604932406973 ] ] } },
{ "type": "Feature", "properties": { "ELEV": 250.0 }, "geometry": { "type": "LineString", "coordinates": [ [ -74.984348171723823, 10.902860206431921 ], [ -74.984208517537454, 10.902861110927942 ], [ -74.984018650565957, 10.902310032203793 ], [ -74.983644409660883, 10.902036301220408 ], [ -74.983361442107821, 10.90148582477805 ], [ -74.98308213480847, 10.901487632444436 ], [ -74.983361442105092, 10.901485824363839 ], [ -74.983819633242405, 10.90037824185265 ], [ -74.984089788082031, 10.898995722154861 ], [ -74.984321169319344, 10.898787108551412 ] ] } },
{ "type": "Feature", "properties": { "ELEV": 100.0 }, "geometry": { "type": "LineString", "coordinates": [ [ -74.828584146222866, 10.896925055074208 ], [ -74.828584146314284, 10.896925054797487 ], [ -74.82858414645564, 10.89692505507282 ], [ -74.828584146222866, 10.896925055074208 ] ] } },
{ "type": "Feature", "properties": { "ELEV": 150.0 }, "geometry": { "type": "LineString", "coordinates": [ [ -74.928224455380473, 10.895209856292224 ], [ -74.928572882310192, 10.895097199605747 ], [ -74.928713248978568, 10.895206781693043 ], [ -74.928296950168473, 10.895623644650131 ], [ -74.928224455380473, 10.895209856292224 ] ] } },
{ "type": "Feature", "properties": { "ELEV": 200.0 }, "geometry": { "type": "LineString", "coordinates": [ [ -74.984259162992359, 10.931525550064697 ], [ -74.983562359891906, 10.931761038397601 ], [ -74.98244323887765, 10.931500514599179 ], [ -74.982415412729566, 10.931316592508779 ], [ -74.982720943684768, 10.931253242962322 ], [ -74.983109737410871, 10.930207472711182 ], [ -74.982937620898198, 10.928827820215185 ], [ -74.983254337299527, 10.927444996471486 ], [ -74.983381163581484, 10.925511096975077 ], [ -74.983548196775686, 10.924957705840434 ], [ -74.983511658188092, 10.924129481373043 ], [ -74.982942001780302, 10.922476252123456 ], [ -74.983067000951934, 10.920266210102147 ], [ -74.982954709251402, 10.919714630044968 ], [ -74.982443325447392, 10.918889482110211 ], [ -74.982579474071002, 10.916955521328131 ], [ -74.982114091956944, 10.915577765342615 ], [ -74.982274359454607, 10.914472110596694 ], [ -74.982188732501868, 10.914196510968209 ], [ -74.981487383635695, 10.913740795093126 ], [ -74.980368765806745, 10.913545521356207 ], [ -74.980179626742824, 10.913104897775852 ], [ -74.980361397149508, 10.912433060895658 ], [ -74.981650366292882, 10.911990762697432 ], [ -74.981641553275921, 10.911714665425949 ], [ -74.981285921888116, 10.911440812864262 ], [ -74.98132881520803, 10.910888226506852 ], [ -74.980909230999032, 10.910798890106976 ], [ -74.98031651529692, 10.910342466916951 ], [ -74.980342064720404, 10.909513838003825 ], [ -74.980898866083109, 10.90923408186767 ], [ -74.980897037183695, 10.908957939219373 ], [ -74.980332922896778, 10.908133124268817 ], [ -74.98027482623138, 10.907028881557803 ], [ -74.98043367938439, 10.9064755452009 ], [ -74.980178642643821, 10.90592488492849 ], [ -74.980382643109408, 10.905095102143379 ], [ -74.980870340575038, 10.904926255955822 ], [ -74.981492572427143, 10.903983306361525 ], [ -74.981085744834814, 10.903709783007024 ], [ -74.981078432543967, 10.90260521211108 ], [ -74.980897881513357, 10.902054070342844 ], [ -74.979870097661347, 10.901508403922492 ], [ -74.979866444416061, 10.900956117998208 ], [ -74.98016204869225, 10.900401898442517 ], [ -74.98027444453956, 10.899296553151617 ], [ -74.980553750242976, 10.899294748263877 ], [ -74.98188710470248, 10.898181510685859 ], [ -74.981937481730242, 10.897352721441052 ], [ -74.982244162907875, 10.896798429388388 ], [ -74.982393846906163, 10.895968998059297 ], [ -74.982763964433701, 10.895621411420292 ], [ -74.983043266287652, 10.895619604866132 ], [ -74.983595010928639, 10.894580456822727 ], [ -74.984290061179877, 10.894092689392846 ] ] } },
{ "type": "Feature", "properties": { "ELEV": 150.0 }, "geometry": { "type": "LineString", "coordinates": [ [ -74.963889700403385, 10.892498053810355 ], [ -74.964028989510794, 10.892441930258972 ], [ -74.964403565310974, 10.892770919740405 ], [ -74.96431831193722, 10.893968147510934 ], [ -74.963598761163297, 10.894985333590752 ], [ -74.962652745050804, 10.895543706166277 ], [ -74.962565072515801, 10.896372740022532 ], [ -74.962379773350406, 10.896512005121048 ], [ -74.962097753051509, 10.896099573907877 ], [ -74.962233786957313, 10.89554638803039 ], [ -74.961921124153818, 10.894719916165938 ], [ -74.962021212243144, 10.893890802751605 ], [ -74.961893459726255, 10.893339304865552 ], [ -74.963889700403385, 10.892498053810355 ] ] } },
{ "type": "Feature", "properties": { "ELEV": 100.0 }, "geometry": { "type": "LineString", "coordinates": [ [ -74.920314435928802, 10.89222169920583 ], [ -74.920452910358762, 10.892036722708477 ], [ -74.920732219287402, 10.892034973470862 ], [ -74.920813202257804, 10.892218575561357 ], [ -74.920456214993692, 10.892552208185652 ], [ -74.920316206081679, 10.89249785216194 ], [ -74.920314435928802, 10.89222169920583 ] ] } },
{ "type": "Feature", "properties": { "ELEV": 50.0 }, "geometry": { "type": "LineString", "coordinates": [ [ -74.802578167247447, 10.892383997875838 ], [ -74.802578167386272, 10.892383997736932 ], [ -74.802857495713852, 10.892382355906147 ], [ -74.802857495436186, 10.892382356183958 ], [ -74.802578167247447, 10.892383997875838 ] ] } },
{ "type": "Feature", "properties": { "ELEV": 100.0 }, "geometry": { "type": "LineString", "coordinates": [ [ -74.977428506595459, 10.891306427430617 ], [ -74.977987104159226, 10.89130282510229 ], [ -74.978082027006948, 10.891578368160483 ], [ -74.977158320702202, 10.892688946079726 ], [ -74.97660071424788, 10.892843171074398 ], [ -74.975760258382962, 10.892461252431822 ], [ -74.975274864820406, 10.892977239868912 ], [ -74.975105764540928, 10.89380679600669 ], [ -74.974654812492162, 10.894251549644608 ], [ -74.973817270315479, 10.894312173777637 ], [ -74.973629613121659, 10.89409245712578 ], [ -74.975151000389758, 10.893254193370177 ], [ -74.975202308339334, 10.892563473673968 ], [ -74.975758176892256, 10.892145659413291 ], [ -74.976033833726305, 10.891591572284829 ], [ -74.976312092006623, 10.891431976167834 ], [ -74.977428506595459, 10.891306427430617 ] ] } },
{ "type": "Feature", "properties": { "ELEV": 100.0 }, "geometry": { "type": "LineString", "coordinates": [ [ -74.924919481620918, 10.891640501470897 ], [ -74.924961157194076, 10.89191640323299 ], [ -74.924922143240153, 10.892054729931264 ], [ -74.924874704685294, 10.891916945876728 ], [ -74.924919481620918, 10.891640501470897 ] ] } },
{ "type": "Feature", "properties": { "ELEV": 100.0 }, "geometry": { "type": "LineString", "coordinates": [ [ -74.925197014633326, 10.891362596055027 ], [ -74.925197014911731, 10.891362595915199 ], [ -74.925197014968489, 10.891362596052922 ], [ -74.925197014913209, 10.891362596145326 ], [ -74.925197014633326, 10.891362596055027 ] ] } },
{ "type": "Feature", "properties": { "ELEV": 100.0 }, "geometry": { "type": "LineString", "coordinates": [ [ -74.915415925153795, 10.89059534544746 ], [ -74.915415925291683, 10.89059534517043 ], [ -74.915695233799397, 10.890593601022225 ], [ -74.915417690732426, 10.890871499273029 ], [ -74.915415925153795, 10.89059534544746 ] ] } },
{ "type": "Feature", "properties": { "ELEV": 100.0 }, "geometry": { "type": "LineString", "coordinates": [ [ -74.949765111010549, 10.88955043120415 ], [ -74.950184063817773, 10.889547767821172 ], [ -74.950800005097179, 10.891200807680557 ], [ -74.950615001633437, 10.891386090700152 ], [ -74.948658380228693, 10.891168396133384 ], [ -74.9486557609101, 10.890765679807233 ], [ -74.949210818846211, 10.890216737329812 ], [ -74.949490121312849, 10.890214962202782 ], [ -74.949766907920392, 10.889826579381992 ], [ -74.949765111010549, 10.88955043120415 ] ] } },
{ "type": "Feature", "properties": { "ELEV": 100.0 }, "geometry": { "type": "LineString", "coordinates": [ [ -74.8344077485675, 10.889985844241634 ], [ -74.834316332220652, 10.890262567438384 ], [ -74.834409861950547, 10.890331052280919 ], [ -74.834502546310148, 10.890261453770355 ], [ -74.8344077485675, 10.889985844241634 ] ] } },
{ "type": "Feature", "properties": { "ELEV": 100.0 }, "geometry": { "type": "LineString", "coordinates": [ [ -74.958418028586806, 10.888666831873655 ], [ -74.958140533808489, 10.888944761407538 ], [ -74.958142338331385, 10.889220908210447 ], [ -74.958701389358694, 10.889286378442641 ], [ -74.958697328068496, 10.888665048616094 ], [ -74.958418028586806, 10.888666831873655 ] ] } },
{ "type": "Feature", "properties": { "ELEV": 150.0 }, "geometry": { "type": "LineString", "coordinates": [ [ -74.931116271202981, 10.888839919492318 ], [ -74.931883889115838, 10.888762411830651 ], [ -74.932863702861766, 10.889105076068379 ], [ -74.932979744990504, 10.8893805070166 ], [ -74.932704337662045, 10.889658404634909 ], [ -74.933007511565691, 10.889748548254293 ], [ -74.93312220283407, 10.890208095678954 ], [ -74.932731684512476, 10.890289460201474 ], [ -74.932456323084921, 10.890902697349993 ], [ -74.931619634456197, 10.891098651531612 ], [ -74.931153784949473, 10.891048982827614 ], [ -74.931088157117145, 10.890497071188317 ], [ -74.931261262664876, 10.889667493986428 ], [ -74.931116271202981, 10.888839919492318 ] ] } },
{ "type": "Feature", "properties": { "ELEV": 150.0 }, "geometry": { "type": "LineString", "coordinates": [ [ -74.933554835919395, 10.887996071967262 ], [ -74.933554836238585, 10.887996071965251 ], [ -74.933556617676516, 10.888272223114196 ], [ -74.933556617634835, 10.8882722228383 ], [ -74.933554835919395, 10.887996071967262 ] ] } },
{ "type": "Feature", "properties": { "ELEV": 100.0 }, "geometry": { "type": "LineString", "coordinates": [ [ -74.904777595942491, 10.886795267850976 ], [ -74.905336209539854, 10.886791799310874 ], [ -74.905341475974097, 10.887620266010931 ], [ -74.9045035535419, 10.887625468567123 ], [ -74.904500044034975, 10.887073157353237 ], [ -74.904777595942491, 10.886795267850976 ] ] } },
{ "type": "Feature", "properties": { "ELEV": 50.0 }, "geometry": { "type": "LineString", "coordinates": [ [ -74.805619154672485, 10.887118671465682 ], [ -74.805619155231113, 10.887118671462394 ], [ -74.805620818682172, 10.88739484288166 ], [ -74.805620818401167, 10.887394842607129 ], [ -74.805619154672485, 10.887118671465682 ] ] } },
{ "type": "Feature", "properties": { "ELEV": 50.0 }, "geometry": { "type": "LineString", "coordinates": [ [ -74.810084142909119, 10.886401911739314 ], [ -74.809528001268774, 10.886819462485665 ], [ -74.809808990314082, 10.887093985252893 ], [ -74.810179751756053, 10.886815618009667 ], [ -74.810224637353301, 10.886539172905284 ], [ -74.810084142909119, 10.886401911739314 ] ] } },
{ "type": "Feature", "properties": { "ELEV": 100.0 }, "geometry": { "type": "LineString", "coordinates": [ [ -74.960630745424837, 10.885338801459069 ], [ -74.960492903546054, 10.885615840069352 ], [ -74.961330792064885, 10.885610485352595 ], [ -74.961189337397485, 10.885335231877766 ], [ -74.960630745424837, 10.885338801459069 ] ] } },
{ "type": "Feature", "properties": { "ELEV": 50.0 }, "geometry": { "type": "LineString", "coordinates": [ [ -74.808678371038084, 10.884891208748241 ], [ -74.808400717088844, 10.885169025375342 ], [ -74.808402382934403, 10.885445196126962 ], [ -74.808686702469927, 10.886272061710113 ], [ -74.80896602387736, 10.88627041509352 ], [ -74.809238677668603, 10.885164086041936 ], [ -74.808957691160586, 10.88488956234543 ], [ -74.808678371038084, 10.884891208748241 ] ] } },
{ "type": "Feature", "properties": { "ELEV": 100.0 }, "geometry": { "type": "LineString", "coordinates": [ [ -74.906439384062949, 10.884575616611082 ], [ -74.906582549275427, 10.885127059619586 ], [ -74.906446409320324, 10.885680238218132 ], [ -74.905886042492966, 10.885407552736593 ], [ -74.905884286739095, 10.88513139731595 ], [ -74.90644114023614, 10.884851771952096 ], [ -74.906439384062949, 10.884575616611082 ] ] } },
{ "type": "Feature", "properties": { "ELEV": 200.0 }, "geometry": { "type": "LineString", "coordinates": [ [ -74.934928175774999, 10.884397307993138 ], [ -74.935207475265216, 10.88439554665846 ], [ -74.935207475359221, 10.884395546795949 ], [ -74.935207475266708, 10.884395546888589 ], [ -74.934928175774999, 10.884397307993138 ] ] } },
{ "type": "Feature", "properties": { "ELEV": 50.0 }, "geometry": { "type": "LineString", "coordinates": [ [ -74.806718135858276, 10.884074213114701 ], [ -74.806718135997102, 10.884074212975792 ], [ -74.806718136277254, 10.884074213112234 ], [ -74.806718135999589, 10.884074213390052 ], [ -74.806718135858276, 10.884074213114701 ] ] } },
{ "type": "Feature", "properties": { "ELEV": 100.0 }, "geometry": { "type": "LineString", "coordinates": [ [ -74.906432359982304, 10.883470995193772 ], [ -74.906432360121073, 10.883470995054829 ], [ -74.906432360401254, 10.883470995191171 ], [ -74.906432360123702, 10.883470995469061 ], [ -74.906432359982304, 10.883470995193772 ] ] } },
{ "type": "Feature", "properties": { "ELEV": 100.0 }, "geometry": { "type": "LineString", "coordinates": [ [ -74.839305126465845, 10.883880642075962 ], [ -74.839677545790565, 10.883878409862993 ], [ -74.839399925875568, 10.884156250049877 ], [ -74.839401620247713, 10.88443241603097 ], [ -74.839122305029477, 10.884434090343294 ], [ -74.839305126465845, 10.883880642075962 ] ] } },
{ "type": "Feature", "properties": { "ELEV": 100.0 }, "geometry": { "type": "LineString", "coordinates": [ [ -74.930443020782675, 10.881884859102506 ], [ -74.93030550523568, 10.882217119178497 ], [ -74.930445746802803, 10.882308291384691 ], [ -74.930583025148238, 10.881939211071362 ], [ -74.930443020782675, 10.881884859102506 ] ] } },
{ "type": "Feature", "properties": { "ELEV": 50.0 }, "geometry": { "type": "LineString", "coordinates": [ [ -74.81061443222319, 10.881703718324694 ], [ -74.810522160285998, 10.881842352604194 ], [ -74.810616933457609, 10.882117973619128 ], [ -74.810894582659913, 10.881840155716416 ], [ -74.81061443222319, 10.881703718324694 ] ] } },
{ "type": "Feature", "properties": { "ELEV": 50.0 }, "geometry": { "type": "LineString", "coordinates": [ [ -74.806412197982596, 10.879657119519326 ], [ -74.806970829415334, 10.879653832005443 ], [ -74.80725347309199, 10.880204529846225 ], [ -74.807532789351896, 10.880202885713762 ], [ -74.807258465960189, 10.881033043151623 ], [ -74.807539446974275, 10.88130756985144 ], [ -74.806979980896074, 10.881172773094626 ], [ -74.806418851695526, 10.880761804378761 ], [ -74.805580901546321, 10.880766734048839 ], [ -74.805303247460543, 10.881044547790708 ], [ -74.805304909528758, 10.881320719091908 ], [ -74.805298259986515, 10.880216033588717 ], [ -74.805575913713611, 10.879938219681435 ], [ -74.806134545649996, 10.879934933744639 ], [ -74.806412197982596, 10.879657119519326 ] ] } },
{ "type": "Feature", "properties": { "ELEV": 200.0 }, "geometry": { "type": "LineString", "coordinates": [ [ -74.936512444563789, 10.878864079513869 ], [ -74.936847597365755, 10.878861965287884 ], [ -74.936961098269563, 10.879137411064422 ], [ -74.93668537030058, 10.879691474045101 ], [ -74.936738599294628, 10.880519623480494 ], [ -74.936579794386461, 10.880643363911766 ], [ -74.936299349660487, 10.880467162064155 ], [ -74.936020410758431, 10.880524153745798 ], [ -74.936022193351661, 10.880800304382319 ], [ -74.936020410548963, 10.880524153747119 ], [ -74.935739332508504, 10.880249764319588 ], [ -74.936014072402386, 10.879542284900205 ], [ -74.93651422747071, 10.87914023006409 ], [ -74.936512444563789, 10.878864079513869 ] ] } },
{ "type": "Feature", "properties": { "ELEV": 100.0 }, "geometry": { "type": "LineString", "coordinates": [ [ -74.839086737901923, 10.878634602457174 ], [ -74.839088431386443, 10.878910768860582 ], [ -74.838529811502099, 10.878914114154052 ], [ -74.838809121534325, 10.878912441219528 ], [ -74.839086737901923, 10.878634602457174 ] ] } },
{ "type": "Feature", "properties": { "ELEV": 100.0 }, "geometry": { "type": "LineString", "coordinates": [ [ -74.963374282387051, 10.877772950123282 ], [ -74.96309559650264, 10.877866784597993 ], [ -74.96393346171601, 10.877861426547172 ], [ -74.963653721531912, 10.87779417629481 ], [ -74.963374282387051, 10.877772950123282 ] ] } },
{ "type": "Feature", "properties": { "ELEV": 50.0 }, "geometry": { "type": "LineString", "coordinates": [ [ -74.812828100400921, 10.878238402772451 ], [ -74.812550456065992, 10.878516221663 ], [ -74.81283143838958, 10.878790742607485 ], [ -74.812969426009317, 10.878513748112205 ], [ -74.812828100400921, 10.878238402772451 ] ] } },
{ "type": "Feature", "properties": { "ELEV": 50.0 }, "geometry": { "type": "LineString", "coordinates": [ [ -74.810034964807571, 10.878254880371422 ], [ -74.810314278818325, 10.87825323344814 ], [ -74.810315945483936, 10.878529404582144 ], [ -74.810036631213038, 10.878531050995877 ], [ -74.810034964807571, 10.878254880371422 ] ] } },
{ "type": "Feature", "properties": { "ELEV": 300.0 }, "geometry": { "type": "LineString", "coordinates": [ [ -74.984189260863175, 10.878866499137262 ], [ -74.982452645798503, 10.880227807358379 ], [ -74.982384841401853, 10.880533468846137 ], [ -74.98070912386342, 10.880545900828528 ], [ -74.980312447526714, 10.879689311123451 ], [ -74.980418692413423, 10.878860160584646 ], [ -74.981531987447468, 10.87826998369826 ], [ -74.981811273347574, 10.878268181104561 ], [ -74.982168733122336, 10.878020402675393 ], [ -74.982166908390965, 10.877744259679945 ], [ -74.982365384077866, 10.877589559029051 ], [ -74.983480218907729, 10.877233679416166 ], [ -74.984174810694341, 10.876681903878387 ] ] } },
{ "type": "Feature", "properties": { "ELEV": 50.0 }, "geometry": { "type": "LineString", "coordinates": [ [ -74.809473005557734, 10.877705831465471 ], [ -74.809473005835386, 10.877705831187654 ], [ -74.809473006116363, 10.877705831462178 ], [ -74.809473005838711, 10.877705831739995 ], [ -74.809473005557734, 10.877705831465471 ] ] } },
{ "type": "Feature", "properties": { "ELEV": 100.0 }, "geometry": { "type": "LineString", "coordinates": [ [ -74.839079965543647, 10.877529937889351 ], [ -74.83907996582127, 10.877529937611511 ], [ -74.8390799658238, 10.877529938025761 ], [ -74.839079965543647, 10.877529937889351 ] ] } },
{ "type": "Feature", "properties": { "ELEV": 100.0 }, "geometry": { "type": "LineString", "coordinates": [ [ -74.949955812595036, 10.875925341326857 ], [ -74.949865109179584, 10.87629413031231 ], [ -74.950237494746617, 10.876291765615862 ], [ -74.950235699691262, 10.876015617272946 ], [ -74.949955812595036, 10.875925341326857 ] ] } },
{ "type": "Feature", "properties": { "ELEV": 150.0 }, "geometry": { "type": "LineString", "coordinates": [ [ -74.875634155082579, 10.876204150343231 ], [ -74.875801736109906, 10.87620312678459 ], [ -74.876227596332143, 10.877305208830306 ], [ -74.875948293886765, 10.877306915359139 ], [ -74.875666689256917, 10.876940407530917 ], [ -74.875634155082579, 10.876204150343231 ] ] } },
{ "type": "Feature", "properties": { "ELEV": 100.0 }, "geometry": { "type": "LineString", "coordinates": [ [ -74.853035101650676, 10.875788996061214 ], [ -74.852757502517193, 10.876066844943452 ], [ -74.852759207750765, 10.876343008982293 ], [ -74.853040218537942, 10.876617487629581 ], [ -74.853595416806186, 10.876061788703817 ], [ -74.853314406343145, 10.875787310690686 ], [ -74.853035101650676, 10.875788996061214 ] ] } },
{ "type": "Feature", "properties": { "ELEV": 100.0 }, "geometry": { "type": "LineString", "coordinates": [ [ -74.839350808566337, 10.876147434330656 ], [ -74.839630116105411, 10.876145761344572 ], [ -74.839631809412182, 10.876421927433482 ], [ -74.839352501687898, 10.876423600738789 ], [ -74.839350808566337, 10.876147434330656 ] ] } },
{ "type": "Feature", "properties": { "ELEV": 100.0 }, "geometry": { "type": "LineString", "coordinates": [ [ -74.956373746304735, 10.875010020120605 ], [ -74.956095359557324, 10.875149872614946 ], [ -74.956655014283498, 10.875312002820433 ], [ -74.957212508037813, 10.875142755252933 ], [ -74.956652583223317, 10.874939203965674 ], [ -74.956373746304735, 10.875010020120605 ] ] } },
{ "type": "Feature", "properties": { "ELEV": 50.0 }, "geometry": { "type": "LineString", "coordinates": [ [ -74.812528765974974, 10.874926008425799 ], [ -74.812394115254648, 10.87575534321476 ], [ -74.812534604790756, 10.875892604044477 ], [ -74.812813081380042, 10.875752870496937 ], [ -74.812902848147473, 10.875199980450988 ], [ -74.812808076223135, 10.874924360010716 ], [ -74.812528765974974, 10.874926008425799 ] ] } },
{ "type": "Feature", "properties": { "ELEV": 100.0 }, "geometry": { "type": "LineString", "coordinates": [ [ -74.836550972477738, 10.875059483899749 ], [ -74.836666076261835, 10.875611148954505 ], [ -74.836556325531646, 10.875934011407779 ], [ -74.835995739005483, 10.87561515730394 ], [ -74.83571643173731, 10.875616826903224 ], [ -74.835714742159126, 10.875340659822355 ], [ -74.836550972477738, 10.875059483899749 ] ] } },
{ "type": "Feature", "properties": { "ELEV": 100.0 }, "geometry": { "type": "LineString", "coordinates": [ [ -74.892130343167011, 10.874445944536481 ], [ -74.89213034325924, 10.874445944397829 ], [ -74.892130343539407, 10.874445944534186 ], [ -74.892130343261854, 10.874445944812063 ], [ -74.892130343167011, 10.874445944536481 ] ] } },
{ "type": "Feature", "properties": { "ELEV": 50.0 }, "geometry": { "type": "LineString", "coordinates": [ [ -74.811965142620849, 10.874100793301807 ], [ -74.811687500558548, 10.874378610995333 ], [ -74.811968477721351, 10.874653133550106 ], [ -74.812246119693839, 10.874375315608129 ], [ -74.811965142620849, 10.874100793301807 ] ] } },
{ "type": "Feature", "properties": { "ELEV": 50.0 }, "geometry": { "type": "LineString", "coordinates": [ [ -74.812242784447406, 10.873822975157262 ], [ -74.811965142898472, 10.874100793023985 ], [ -74.812246119971491, 10.874375315330314 ], [ -74.812523761430612, 10.874097497215136 ], [ -74.812242784447406, 10.873822975157262 ] ] } },
{ "type": "Feature", "properties": { "ELEV": 50.0 }, "geometry": { "type": "LineString", "coordinates": [ [ -74.812519869784566, 10.873453099786312 ], [ -74.812241117028691, 10.873546804508935 ], [ -74.812242784725044, 10.873822974879443 ], [ -74.812523761708249, 10.874097496937319 ], [ -74.812661748188603, 10.873820502801708 ], [ -74.812519869784566, 10.873453099786312 ] ] } },
{ "type": "Feature", "properties": { "ELEV": 100.0 }, "geometry": { "type": "LineString", "coordinates": [ [ -74.85357835789884, 10.873300149350849 ], [ -74.853578358177273, 10.873300149211087 ], [ -74.853578358317776, 10.873300149348324 ], [ -74.853578358179846, 10.873300149625326 ], [ -74.85357835789884, 10.873300149350849 ] ] } },
{ "type": "Feature", "properties": { "ELEV": 150.0 }, "geometry": { "type": "LineString", "coordinates": [ [ -74.925078226807258, 10.872860388308707 ], [ -74.92507999850325, 10.873136540834087 ], [ -74.925361060757183, 10.873410942864222 ], [ -74.925083541409961, 10.873688845873071 ], [ -74.925085312656478, 10.873964998524533 ], [ -74.925078226807258, 10.872860388308707 ] ] } },
{ "type": "Feature", "properties": { "ELEV": 50.0 }, "geometry": { "type": "LineString", "coordinates": [ [ -74.810004977180483, 10.873283808240837 ], [ -74.81028428666464, 10.873282162363315 ], [ -74.810287618327379, 10.873834503985613 ], [ -74.810006642778447, 10.87355997895901 ], [ -74.810004977180483, 10.873283808240837 ] ] } },
{ "type": "Feature", "properties": { "ELEV": 300.0 }, "geometry": { "type": "LineString", "coordinates": [ [ -74.974225315386349, 10.871443835411718 ], [ -74.974504596265291, 10.871442040435761 ], [ -74.974506412961134, 10.871718184965264 ], [ -74.974506412728388, 10.871718184966761 ], [ -74.974225315386349, 10.871443835411718 ] ] } },
{ "type": "Feature", "properties": { "ELEV": 100.0 }, "geometry": { "type": "LineString", "coordinates": [ [ -74.909985935267912, 10.87129760374062 ], [ -74.90970840114619, 10.871575494698034 ], [ -74.909715429556385, 10.872680114850311 ], [ -74.909996479419249, 10.872954533145899 ], [ -74.910553306855235, 10.872674904863565 ], [ -74.910691195191404, 10.872397881436919 ], [ -74.910548033167245, 10.871846440163511 ], [ -74.909985935267912, 10.87129760374062 ] ] } },
{ "type": "Feature", "properties": { "ELEV": 100.0 }, "geometry": { "type": "LineString", "coordinates": [ [ -74.902715591521655, 10.869961880890811 ], [ -74.902719092795422, 10.870514193289347 ], [ -74.901882966230588, 10.870795537232555 ], [ -74.902159925492043, 10.870425599856882 ], [ -74.902439800673207, 10.870515922472343 ], [ -74.902717341855677, 10.870238037094422 ], [ -74.902715591521655, 10.869961880890811 ] ] } },
{ "type": "Feature", "properties": { "ELEV": 100.0 }, "geometry": { "type": "LineString", "coordinates": [ [ -74.893917892227108, 10.870016234188892 ], [ -74.894336395840028, 10.869944612251329 ], [ -74.894617867147559, 10.870288087128257 ], [ -74.894619610088611, 10.870564244627991 ], [ -74.894134332004796, 10.871119573286981 ], [ -74.894207641028103, 10.871671457905872 ], [ -74.894630068720915, 10.872221189516576 ], [ -74.894635298694212, 10.873049661890139 ], [ -74.894356874658655, 10.873189463214894 ], [ -74.894076707386532, 10.873053106654757 ], [ -74.894074964536131, 10.872776949112538 ], [ -74.893515938349495, 10.872711353362268 ], [ -74.893328434849181, 10.87250538276527 ], [ -74.893418048976727, 10.871952493644301 ], [ -74.893649052169039, 10.871674901461979 ], [ -74.893599018847098, 10.871122873087518 ], [ -74.893783472342676, 10.870845567813729 ], [ -74.893917892227108, 10.870016234188892 ] ] } },
{ "type": "Feature", "properties": { "ELEV": 100.0 }, "geometry": { "type": "LineString", "coordinates": [ [ -74.86640217563199, 10.869356086965642 ], [ -74.86640217605094, 10.869356086963096 ], [ -74.866403892755528, 10.869632249249728 ], [ -74.866403892474523, 10.869632248975257 ], [ -74.86640217563199, 10.869356086965642 ] ] } },
{ "type": "Feature", "properties": { "ELEV": 100.0 }, "geometry": { "type": "LineString", "coordinates": [ [ -74.890419773174514, 10.868933100763417 ], [ -74.890142219685572, 10.869210976761526 ], [ -74.890423250934703, 10.869485416599474 ], [ -74.890700804329967, 10.869207540353097 ], [ -74.890419773174514, 10.868933100763417 ] ] } },
{ "type": "Feature", "properties": { "ELEV": 50.0 }, "geometry": { "type": "LineString", "coordinates": [ [ -74.813049018932631, 10.86857079480037 ], [ -74.812912702030346, 10.869123959243741 ], [ -74.813054022037718, 10.869399305377517 ], [ -74.813329990961975, 10.868845317019211 ], [ -74.813049018932631, 10.86857079480037 ] ] } },
{ "type": "Feature", "properties": { "ELEV": 50.0 }, "geometry": { "type": "LineString", "coordinates": [ [ -74.809556047404428, 10.868315201605226 ], [ -74.8096948675786, 10.868176293706268 ], [ -74.810254308858049, 10.868311089040558 ], [ -74.810071435666572, 10.868864527671699 ], [ -74.80969986124947, 10.86900480653855 ], [ -74.809559376260665, 10.868867543352073 ], [ -74.809556047404428, 10.868315201605226 ] ] } },
{ "type": "Feature", "properties": { "ELEV": 100.0 }, "geometry": { "type": "LineString", "coordinates": [ [ -74.894881473034232, 10.867800947486478 ], [ -74.894881473453168, 10.867800947483897 ], [ -74.894883216090264, 10.868077105262913 ], [ -74.89488321580923, 10.868077104988476 ], [ -74.894881473034232, 10.867800947486478 ] ] } },
{ "type": "Feature", "properties": { "ELEV": 50.0 }, "geometry": { "type": "LineString", "coordinates": [ [ -74.804387245355997, 10.868069411617205 ], [ -74.805224330579179, 10.867926404967445 ], [ -74.805364813399208, 10.86806367053366 ], [ -74.805230142043229, 10.868893005631788 ], [ -74.804671530095263, 10.868896286496302 ], [ -74.804387245355997, 10.868069411617205 ] ] } },
{ "type": "Feature", "properties": { "ELEV": 100.0 }, "geometry": { "type": "LineString", "coordinates": [ [ -74.868626234571806, 10.867685537564876 ], [ -74.868626234850524, 10.867685537471129 ], [ -74.868626234852812, 10.867685537839344 ], [ -74.868626234571806, 10.867685537564876 ] ] } },
{ "type": "Feature", "properties": { "ELEV": 100.0 }, "geometry": { "type": "LineString", "coordinates": [ [ -74.855776923217832, 10.867487221405543 ], [ -74.856894109219155, 10.867480473242766 ], [ -74.856895817297669, 10.867756637059392 ], [ -74.855778630129791, 10.867763385260423 ], [ -74.855776923217832, 10.867487221405543 ] ] } },
{ "type": "Feature", "properties": { "ELEV": 100.0 }, "geometry": { "type": "LineString", "coordinates": [ [ -74.885101940417385, 10.867170666018305 ], [ -74.884963161537755, 10.867309601926427 ], [ -74.88510338514719, 10.867400798445985 ], [ -74.885242452952639, 10.867307888850444 ], [ -74.885101940417385, 10.867170666018305 ] ] } },
{ "type": "Feature", "properties": { "ELEV": 100.0 }, "geometry": { "type": "LineString", "coordinates": [ [ -74.869741693516104, 10.867402581347763 ], [ -74.869741693654021, 10.867402581070749 ], [ -74.86974169393504, 10.867402581345212 ], [ -74.869741693656323, 10.867402581438967 ], [ -74.869741693516104, 10.867402581347763 ] ] } },
{ "type": "Feature", "properties": { "ELEV": 250.0 }, "geometry": { "type": "LineString", "coordinates": [ [ -74.937329275791697, 10.866944518601624 ], [ -74.937050247722709, 10.866985729032479 ], [ -74.937472735499256, 10.867535389632069 ], [ -74.937057373454849, 10.868090331701811 ], [ -74.937059155054442, 10.868366482355754 ], [ -74.937340221014892, 10.868640872295988 ], [ -74.937952864072713, 10.868360847636305 ], [ -74.938081414070425, 10.868083875203425 ], [ -74.938079631578432, 10.867807724712144 ], [ -74.937722308268533, 10.867257654351972 ], [ -74.937329275791697, 10.866944518601624 ] ] } },
{ "type": "Feature", "properties": { "ELEV": 50.0 }, "geometry": { "type": "LineString", "coordinates": [ [ -74.814995801186754, 10.867178403801816 ], [ -74.814718167733105, 10.867456222871798 ], [ -74.814859488224386, 10.867731568339 ], [ -74.81472317491928, 10.868284733153951 ], [ -74.815282338604163, 10.868373490738769 ], [ -74.8154214337399, 10.868280609143779 ], [ -74.815416424629674, 10.867452099183383 ], [ -74.814995801186754, 10.867178403801816 ] ] } },
{ "type": "Feature", "properties": { "ELEV": 100.0 }, "geometry": { "type": "LineString", "coordinates": [ [ -74.87113300183384, 10.866565598573681 ], [ -74.87113300225279, 10.866565598571132 ], [ -74.871134722715411, 10.86684176015995 ], [ -74.871134722574041, 10.866841759884641 ], [ -74.87113300183384, 10.866565598573681 ] ] } },
{ "type": "Feature", "properties": { "ELEV": 50.0 }, "geometry": { "type": "LineString", "coordinates": [ [ -74.808568500847159, 10.866663929883533 ], [ -74.808570164644578, 10.866940100937144 ], [ -74.808292523914432, 10.867217915541712 ], [ -74.808221035009794, 10.866942155112177 ], [ -74.808568500847159, 10.866663929883533 ] ] } },
{ "type": "Feature", "properties": { "ELEV": 100.0 }, "geometry": { "type": "LineString", "coordinates": [ [ -74.875040688947095, 10.866155144946628 ], [ -74.874855183741303, 10.8662667450211 ], [ -74.87504551700853, 10.866928394889237 ], [ -74.875231022491036, 10.866816794648051 ], [ -74.875320670829325, 10.866263905324631 ], [ -74.875040688947095, 10.866155144946628 ] ] } },
{ "type": "Feature", "properties": { "ELEV": 100.0 }, "geometry": { "type": "LineString", "coordinates": [ [ -74.894864919293866, 10.865177451093187 ], [ -74.894586502446543, 10.865317251237947 ], [ -74.894588244542518, 10.86559340883176 ], [ -74.894869275201586, 10.865867844548273 ], [ -74.895146821018514, 10.865589965476074 ], [ -74.895145078409698, 10.86531380797183 ], [ -74.894864919293866, 10.865177451093187 ] ] } },
{ "type": "Feature", "properties": { "ELEV": 50.0 }, "geometry": { "type": "LineString", "coordinates": [ [ -74.809679056677197, 10.865552670442714 ], [ -74.809684049487174, 10.866381183144641 ], [ -74.809965016845126, 10.866655709439849 ], [ -74.809966681088056, 10.86693188042266 ], [ -74.809687377692796, 10.866933524923205 ], [ -74.809679056677197, 10.865552670442714 ] ] } },
{ "type": "Feature", "properties": { "ELEV": 50.0 }, "geometry": { "type": "LineString", "coordinates": [ [ -74.805489521858959, 10.865577306386786 ], [ -74.805770485230099, 10.865851837268091 ], [ -74.805635815199722, 10.866681172179266 ], [ -74.805497823638362, 10.866958164347734 ], [ -74.804939215651615, 10.866961445258395 ], [ -74.80521851966401, 10.866959804377467 ], [ -74.805356511228268, 10.866682812847051 ], [ -74.805489521858959, 10.865577306386786 ] ] } },
{ "type": "Feature", "properties": { "ELEV": 100.0 }, "geometry": { "type": "LineString", "coordinates": [ [ -74.872518890524447, 10.864860675805799 ], [ -74.872240418805305, 10.86499388226461 ], [ -74.87196743891478, 10.86600817424144 ], [ -74.872247592040537, 10.866144553607043 ], [ -74.87336332682429, 10.865907612697487 ], [ -74.87354837312391, 10.865722370547497 ], [ -74.873360455788813, 10.865447344542073 ], [ -74.873081163912175, 10.865449046538112 ], [ -74.872518890524447, 10.864860675805799 ] ] } },
{ "type": "Feature", "properties": { "ELEV": 250.0 }, "geometry": { "type": "LineString", "coordinates": [ [ -74.984402603300865, 10.86889287507662 ], [ -74.984262964937898, 10.868893776815387 ], [ -74.983980403510301, 10.868398522685371 ], [ -74.983701127160003, 10.868400325635012 ], [ -74.983252096010631, 10.868071838244061 ], [ -74.982888724414835, 10.866969563810759 ], [ -74.983397774842857, 10.864757040870622 ], [ -74.983677047882892, 10.864755238765383 ], [ -74.984371581293473, 10.864198446484352 ] ] } },
{ "type": "Feature", "properties": { "ELEV": 50.0 }, "geometry": { "type": "LineString", "coordinates": [ [ -74.812188885014791, 10.864893463598014 ], [ -74.811446303025221, 10.865266080834909 ], [ -74.811634169819911, 10.865541154013098 ], [ -74.812471519121004, 10.8654441579693 ], [ -74.812749709183265, 10.865258397398112 ], [ -74.812468185984926, 10.864891816993008 ], [ -74.812188885014791, 10.864893463598014 ] ] } },
{ "type": "Feature", "properties": { "ELEV": 100.0 }, "geometry": { "type": "LineString", "coordinates": [ [ -74.858551941383823, 10.864570629483008 ], [ -74.858273502526842, 10.864710399443844 ], [ -74.858554504677997, 10.864984874067014 ], [ -74.858833798444564, 10.864983185336467 ], [ -74.858971735911993, 10.864706177888204 ], [ -74.858551941383823, 10.864570629483008 ] ] } },
{ "type": "Feature", "properties": { "ELEV": 50.0 }, "geometry": { "type": "LineString", "coordinates": [ [ -74.806043145116988, 10.8647455104713 ], [ -74.806322447039875, 10.864743869193306 ], [ -74.80632410791651, 10.865020041180722 ], [ -74.806044805875132, 10.865021682224413 ], [ -74.806043145116988, 10.8647455104713 ] ] } },
{ "type": "Feature", "properties": { "ELEV": 250.0 }, "geometry": { "type": "LineString", "coordinates": [ [ -74.984367932583837, 10.863646161285084 ], [ -74.984228296608308, 10.863647062302512 ], [ -74.984367932581563, 10.863646160939906 ] ] } },
{ "type": "Feature", "properties": { "ELEV": 150.0 }, "geometry": { "type": "LineString", "coordinates": [ [ -74.962158451085401, 10.862684084791761 ], [ -74.962158451399588, 10.862684084789757 ], [ -74.962160254879223, 10.862960231536356 ], [ -74.962160254852918, 10.862960231398439 ], [ -74.962158451085401, 10.862684084791761 ] ] } },
{ "type": "Feature", "properties": { "ELEV": 50.0 }, "geometry": { "type": "LineString", "coordinates": [ [ -74.806872744077822, 10.863359729881624 ], [ -74.806874405659144, 10.86363590125484 ], [ -74.807155367468852, 10.863910431085847 ], [ -74.806874405381492, 10.863635901532648 ], [ -74.806872744077822, 10.863359729881624 ] ] } },
{ "type": "Feature", "properties": { "ELEV": 300.0 }, "geometry": { "type": "LineString", "coordinates": [ [ -74.975841036697531, 10.862320302404648 ], [ -74.976446126083559, 10.862316413313641 ], [ -74.976403214409714, 10.862869000988152 ], [ -74.97556781822928, 10.863242578209798 ], [ -74.97548560455941, 10.86287489843289 ], [ -74.975841036697531, 10.862320302404648 ] ] } },
{ "type": "Feature", "properties": { "ELEV": 300.0 }, "geometry": { "type": "LineString", "coordinates": [ [ -74.940929865587606, 10.862266509813416 ], [ -74.940929865653544, 10.862266509812999 ], [ -74.940929865619225, 10.86226650990527 ], [ -74.940929865587606, 10.862266509813416 ] ] } },
{ "type": "Feature", "properties": { "ELEV": 100.0 }, "geometry": { "type": "LineString", "coordinates": [ [ -74.857414277059405, 10.861263419091443 ], [ -74.857135840306128, 10.861403187631028 ], [ -74.857416837986463, 10.861677664032783 ], [ -74.857694421028398, 10.861399813595373 ], [ -74.857414277059405, 10.861263419091443 ] ] } },
{ "type": "Feature", "properties": { "ELEV": 50.0 }, "geometry": { "type": "LineString", "coordinates": [ [ -74.819978622894908, 10.859784157524718 ], [ -74.8195624675581, 10.860246918900556 ], [ -74.819705460144419, 10.860798431272523 ], [ -74.819983919752886, 10.860658693887913 ], [ -74.820264470353308, 10.860864168003628 ], [ -74.820682995792154, 10.860792645582636 ], [ -74.82067964902815, 10.86024030696611 ], [ -74.820258196719351, 10.859828532981517 ], [ -74.819978622894908, 10.859784157524718 ] ] } },
{ "type": "Feature", "properties": { "ELEV": 100.0 }, "geometry": { "type": "LineString", "coordinates": [ [ -74.900414859771956, 10.859481755458662 ], [ -74.900694141963541, 10.859480029294716 ], [ -74.900694142244561, 10.859480029569147 ], [ -74.90041486005299, 10.859481755733096 ], [ -74.900414859771956, 10.859481755458662 ] ] } },
{ "type": "Feature", "properties": { "ELEV": 150.0 }, "geometry": { "type": "LineString", "coordinates": [ [ -74.959340489913089, 10.858835835856922 ], [ -74.959899033432407, 10.858832277057976 ], [ -74.960042271397356, 10.859383681251781 ], [ -74.959960290834445, 10.859660362233598 ], [ -74.960185149767142, 10.859879855871325 ], [ -74.960744955904374, 10.860069597890595 ], [ -74.961861144051412, 10.859924400116295 ], [ -74.962150334811867, 10.861441425134375 ], [ -74.961870159336442, 10.861305133648603 ], [ -74.961587280266258, 10.860754622170255 ], [ -74.960470187861119, 10.860761746124487 ], [ -74.959914343435727, 10.861179526963376 ], [ -74.959354895253099, 10.861045012859204 ], [ -74.958978929646435, 10.860495090977107 ], [ -74.959008964562997, 10.85939026504057 ], [ -74.959340489913089, 10.858835835856922 ] ] } },
{ "type": "Feature", "properties": { "ELEV": 50.0 }, "geometry": { "type": "LineString", "coordinates": [ [ -74.810479515364349, 10.859333892659729 ], [ -74.810201051318373, 10.859473621957791 ], [ -74.810202714929957, 10.859749792893325 ], [ -74.810482843098541, 10.859886234169043 ], [ -74.810479515364349, 10.859333892659729 ] ] } },
{ "type": "Feature", "properties": { "ELEV": 150.0 }, "geometry": { "type": "LineString", "coordinates": [ [ -74.91185747395032, 10.858168089420108 ], [ -74.911718712981767, 10.858307034700267 ], [ -74.91185893793488, 10.858398218397651 ], [ -74.911997991679911, 10.858305298740106 ], [ -74.91185747395032, 10.858168089420108 ] ] } },
{ "type": "Feature", "properties": { "ELEV": 100.0 }, "geometry": { "type": "LineString", "coordinates": [ [ -74.861306378154367, 10.858340064806269 ], [ -74.861306378573289, 10.858340064803734 ], [ -74.861308088814951, 10.858616228091948 ], [ -74.861308088533946, 10.858616227817475 ], [ -74.861306378154367, 10.858340064806269 ] ] } },
{ "type": "Feature", "properties": { "ELEV": 50.0 }, "geometry": { "type": "LineString", "coordinates": [ [ -74.811309913226609, 10.85808619085822 ], [ -74.811032282834972, 10.858364005948893 ], [ -74.811033947036066, 10.858640176776834 ], [ -74.811314906595499, 10.858914702661293 ], [ -74.811309913226609, 10.85808619085822 ] ] } },
{ "type": "Feature", "properties": { "ELEV": 100.0 }, "geometry": { "type": "LineString", "coordinates": [ [ -74.898447092320012, 10.857468677517808 ], [ -74.898339450152648, 10.858113733594472 ], [ -74.898733351404033, 10.858571581980092 ], [ -74.899011469263343, 10.858385753091968 ], [ -74.898866594282822, 10.85755814409695 ], [ -74.898725209639039, 10.857282849293849 ], [ -74.898447092320012, 10.857468677517808 ] ] } },
{ "type": "Feature", "properties": { "ELEV": 50.0 }, "geometry": { "type": "LineString", "coordinates": [ [ -74.808514885704, 10.857757410508347 ], [ -74.808375653784751, 10.857827274325773 ], [ -74.808377315461271, 10.858103445570453 ], [ -74.808797089228165, 10.858239067732638 ], [ -74.808935905639686, 10.858100161060284 ], [ -74.808794596122382, 10.857824811378002 ], [ -74.808514885704, 10.857757410508347 ] ] } },
{ "type": "Feature", "properties": { "ELEV": 100.0 }, "geometry": { "type": "LineString", "coordinates": [ [ -74.858506673280729, 10.857252299109774 ], [ -74.858506673839301, 10.857252299106399 ], [ -74.858510088872904, 10.857804626322297 ], [ -74.858510088591913, 10.857804626047821 ], [ -74.858506673280729, 10.857252299109774 ] ] } },
{ "type": "Feature", "properties": { "ELEV": 100.0 }, "geometry": { "type": "LineString", "coordinates": [ [ -74.860180682999314, 10.856966007094998 ], [ -74.860184101851971, 10.857518333512767 ], [ -74.860465097893254, 10.8577928076077 ], [ -74.860468516976439, 10.858345133909626 ], [ -74.860190938715675, 10.858622986570344 ], [ -74.859909941696515, 10.858348512051258 ], [ -74.859908232921995, 10.858072348537117 ], [ -74.860185810509591, 10.857794496718892 ], [ -74.860180682999314, 10.856966007094998 ] ] } },
{ "type": "Feature", "properties": { "ELEV": 150.0 }, "geometry": { "type": "LineString", "coordinates": [ [ -74.88838834090032, 10.856794141822494 ], [ -74.889226185144793, 10.856788997320111 ], [ -74.889926124681239, 10.857060867157044 ], [ -74.889509434508085, 10.85741850166238 ], [ -74.888951069187797, 10.857453493219287 ], [ -74.887831512723466, 10.857073728989425 ], [ -74.88838834090032, 10.856794141822494 ] ] } },
{ "type": "Feature", "properties": { "ELEV": 150.0 }, "geometry": { "type": "LineString", "coordinates": [ [ -74.956529794782028, 10.856092138570803 ], [ -74.956438502319571, 10.856368878004812 ], [ -74.956532490999422, 10.856506359642571 ], [ -74.956671226991318, 10.856367397824156 ], [ -74.956529794782028, 10.856092138570803 ] ] } },
{ "type": "Feature", "properties": { "ELEV": 200.0 }, "geometry": { "type": "LineString", "coordinates": [ [ -74.984317782718335, 10.856052229933585 ], [ -74.984123208742773, 10.856191562214137 ], [ -74.983906176147968, 10.857159504030125 ], [ -74.982931478149908, 10.857580021281761 ], [ -74.983077488854448, 10.858545622130329 ], [ -74.983356756151977, 10.858543821360739 ], [ -74.983917660559797, 10.858899205158689 ], [ -74.984336197074867, 10.858841274084249 ] ] } },
{ "type": "Feature", "properties": { "ELEV": 100.0 }, "geometry": { "type": "LineString", "coordinates": [ [ -74.856548254540499, 10.856711776948526 ], [ -74.856827541006965, 10.856710091031731 ], [ -74.85682754128797, 10.85671009130621 ], [ -74.856548254611184, 10.856711777086185 ], [ -74.856548254540499, 10.856711776948526 ] ] } },
{ "type": "Feature", "properties": { "ELEV": 150.0 }, "geometry": { "type": "LineString", "coordinates": [ [ -74.961646123677468, 10.855507239358538 ], [ -74.961830860658026, 10.855285134734546 ], [ -74.961944009644469, 10.855505339802646 ], [ -74.961834596179017, 10.85585751171911 ], [ -74.961646123677468, 10.855507239358538 ] ] } },
{ "type": "Feature", "properties": { "ELEV": 150.0 }, "geometry": { "type": "LineString", "coordinates": [ [ -74.892848142556687, 10.855385888443433 ], [ -74.89312742198797, 10.855384169996737 ], [ -74.89329672884783, 10.85565929689681 ], [ -74.89341365911757, 10.856487083247638 ], [ -74.892305810315747, 10.857966800206418 ], [ -74.892026528445186, 10.8579685182414 ], [ -74.891841499411569, 10.858153768901717 ], [ -74.891750723137804, 10.858522552379029 ], [ -74.891472351098514, 10.858668924300629 ], [ -74.89119244777828, 10.858572013784672 ], [ -74.890982117000902, 10.858435222453549 ], [ -74.890789129045743, 10.857884070859118 ], [ -74.890791896628897, 10.857055546774282 ], [ -74.892158635569288, 10.856770974037691 ], [ -74.891644882956967, 10.856497964763571 ], [ -74.891732762531149, 10.855668917649758 ], [ -74.892012042732304, 10.855667200238022 ], [ -74.892013780879481, 10.855943358417365 ], [ -74.892572920100122, 10.856031975447284 ], [ -74.892848142556687, 10.855385888443433 ] ] } },
{ "type": "Feature", "properties": { "ELEV": 150.0 }, "geometry": { "type": "LineString", "coordinates": [ [ -74.967914911995919, 10.854638731751194 ], [ -74.967969861400675, 10.85450030146513 ], [ -74.968110398504692, 10.854637481316169 ], [ -74.967971669104884, 10.854776447527469 ], [ -74.967914911995919, 10.854638731751194 ] ] } },
{ "type": "Feature", "properties": { "ELEV": 100.0 }, "geometry": { "type": "LineString", "coordinates": [ [ -74.901501413500341, 10.854642109499066 ], [ -74.901362648276972, 10.854781050670125 ], [ -74.901504033554545, 10.85505634409313 ], [ -74.901558142317739, 10.854779842491633 ], [ -74.901501413500341, 10.854642109499066 ] ] } },
{ "type": "Feature", "properties": { "ELEV": 150.0 }, "geometry": { "type": "LineString", "coordinates": [ [ -74.960426957032141, 10.854134218160267 ], [ -74.960428758165293, 10.85441036520494 ], [ -74.960709826325271, 10.854684732520516 ], [ -74.96098909381621, 10.854682952954212 ], [ -74.960430558509216, 10.854686512249717 ], [ -74.960426957032141, 10.854134218160267 ] ] } },
{ "type": "Feature", "properties": { "ELEV": 150.0 }, "geometry": { "type": "LineString", "coordinates": [ [ -74.8841835366065, 10.854334394776959 ], [ -74.885300655473401, 10.854327551761825 ], [ -74.885864411832188, 10.855152606419134 ], [ -74.88614542447678, 10.855427053268558 ], [ -74.886424705079691, 10.85542534124265 ], [ -74.885867010197387, 10.855566845314842 ], [ -74.885586863415938, 10.855430477479695 ], [ -74.885313211827665, 10.856329706491699 ], [ -74.884756813315448, 10.856678328291965 ], [ -74.883639166278826, 10.856602322824891 ], [ -74.883078526139499, 10.85627435096983 ], [ -74.883076796125394, 10.855998191368318 ], [ -74.882755887616241, 10.855723985235056 ], [ -74.882752428444121, 10.855171665903994 ], [ -74.8841835366065, 10.854334394776959 ] ] } },
{ "type": "Feature", "properties": { "ELEV": 100.0 }, "geometry": { "type": "LineString", "coordinates": [ [ -74.862397291010296, 10.854098804991153 ], [ -74.862118578345175, 10.854192549603363 ], [ -74.862540924673056, 10.854742339824373 ], [ -74.862542635605948, 10.855018502705311 ], [ -74.862962416931026, 10.855154047717562 ], [ -74.863240844917783, 10.855014275182121 ], [ -74.863237421677596, 10.854461949636004 ], [ -74.862956427163255, 10.854187477922435 ], [ -74.862397291010296, 10.854098804991153 ] ] } },
{ "type": "Feature", "properties": { "ELEV": 250.0 }, "geometry": { "type": "LineString", "coordinates": [ [ -74.943106952720555, 10.853415602908811 ], [ -74.943389792240623, 10.853966138988325 ], [ -74.944509252208718, 10.854327280998218 ], [ -74.945071127000546, 10.854839229792784 ], [ -74.945628595124418, 10.854670008492834 ], [ -74.946460862525782, 10.853808646186305 ], [ -74.946834115344416, 10.853944365153568 ], [ -74.946928993344443, 10.854219925421361 ], [ -74.946612119713137, 10.855602733519518 ], [ -74.946867040386635, 10.856153441577128 ], [ -74.946731732091806, 10.856430458452408 ], [ -74.946782180015973, 10.856982460359825 ], [ -74.946487148569943, 10.857868041370393 ], [ -74.946017391483778, 10.858644263660706 ], [ -74.946144755181052, 10.859471939701335 ], [ -74.946065817048293, 10.860577081768632 ], [ -74.94516773172559, 10.861135085452963 ], [ -74.944275835048302, 10.861416887027518 ], [ -74.943610930868346, 10.862249573499522 ], [ -74.943609849566698, 10.862801902282856 ], [ -74.943871215395035, 10.863628732672622 ], [ -74.943455200795299, 10.864080124429542 ], [ -74.943145254806083, 10.864737966123943 ], [ -74.943045884680757, 10.865567077305057 ], [ -74.942350659801221, 10.866031739813186 ], [ -74.942071378652827, 10.866033504563848 ], [ -74.941794180668978, 10.866357443959311 ], [ -74.940692701162476, 10.868785415244204 ], [ -74.940358274270181, 10.868897991677372 ], [ -74.939859726236804, 10.869545516027157 ], [ -74.939580441407273, 10.869547279078011 ], [ -74.939302660605577, 10.86978187444752 ], [ -74.936791450663463, 10.870163222117592 ], [ -74.936067978761116, 10.870582024675269 ], [ -74.935958935724329, 10.870996954866099 ], [ -74.935123745719054, 10.871416459628435 ], [ -74.935503251820151, 10.872518717209415 ], [ -74.93553721217387, 10.874175475442341 ], [ -74.935370326774063, 10.875005013172697 ], [ -74.935147784751351, 10.875144496525055 ], [ -74.934030054831709, 10.875063667389393 ], [ -74.934303681533279, 10.874183246259035 ], [ -74.933708410684844, 10.873910832186287 ], [ -74.933458694457968, 10.873083917142308 ], [ -74.933177949902344, 10.872859733047132 ], [ -74.931407018359323, 10.872544498791424 ], [ -74.931204835000102, 10.870060305379603 ], [ -74.931484121720246, 10.870058549817259 ], [ -74.931759854357168, 10.869504491093169 ], [ -74.931585175944576, 10.868400938386888 ], [ -74.931472277576944, 10.868217539512504 ], [ -74.931192992591974, 10.868219294730936 ], [ -74.931109052694922, 10.867575442362968 ], [ -74.931746323680557, 10.867401491064115 ], [ -74.932106496761733, 10.867569173200966 ], [ -74.932434565480904, 10.868947923444788 ], [ -74.932316649128552, 10.869224827552127 ], [ -74.932552942534357, 10.869775666642862 ], [ -74.933158824710659, 10.869890210676127 ], [ -74.933719480866628, 10.870210187249626 ], [ -74.933927878260732, 10.870043178219985 ], [ -74.933155573055217, 10.869385248357597 ], [ -74.932744716957998, 10.868669810314611 ], [ -74.93276242798585, 10.867012723654687 ], [ -74.933135171303661, 10.866216412158094 ], [ -74.934248300310372, 10.86558804388415 ], [ -74.935085923847922, 10.865548251524197 ], [ -74.935393578794304, 10.865615355092704 ], [ -74.935649481169733, 10.86631949138016 ], [ -74.935929777406272, 10.866474984996568 ], [ -74.936488119778971, 10.8664369474109 ], [ -74.936849406011248, 10.866158508970814 ], [ -74.936764285638418, 10.865951923873951 ], [ -74.936438011470841, 10.865884939091229 ], [ -74.936255791675364, 10.865057600876501 ], [ -74.935410897730648, 10.864510597303044 ], [ -74.935356456618521, 10.864188750816336 ], [ -74.934373935508589, 10.863412474747332 ], [ -74.934372157208344, 10.863136323564504 ], [ -74.933951793031909, 10.862914586135942 ], [ -74.933113239950259, 10.862808901563122 ], [ -74.932275880069369, 10.862888685422002 ], [ -74.931433280970836, 10.862153710045364 ], [ -74.930594777240884, 10.862055415000981 ], [ -74.930523182893623, 10.861779701547334 ], [ -74.931430839824074, 10.861774001198667 ], [ -74.931708343202303, 10.861496095364641 ], [ -74.932546475064484, 10.861536856069243 ], [ -74.932703990288886, 10.861213676286667 ], [ -74.932813022636751, 10.859556014945166 ], [ -74.933650852488171, 10.859550748314973 ], [ -74.933930721435303, 10.85964104272742 ], [ -74.934121645865176, 10.860376275285969 ], [ -74.934425974059153, 10.860650523486141 ], [ -74.934427751992104, 10.860926674704665 ], [ -74.934778627374001, 10.861200629488675 ], [ -74.935335997180232, 10.861013013908837 ], [ -74.935471485201305, 10.8603677825784 ], [ -74.935890400720965, 10.860365145667554 ], [ -74.936061525687606, 10.860916392706235 ], [ -74.936452869985033, 10.860969160948455 ], [ -74.936864249029895, 10.861463661714973 ], [ -74.936934406829465, 10.862015543796433 ], [ -74.936740296677627, 10.862231559222931 ], [ -74.936461018129521, 10.86223331827018 ], [ -74.936462125721931, 10.862405145470488 ], [ -74.937022025391343, 10.862609802255919 ], [ -74.937468597451669, 10.862564502026204 ], [ -74.937437107606101, 10.862012376618456 ], [ -74.937668058402934, 10.861734759386215 ], [ -74.937573184747961, 10.861459195330015 ], [ -74.93807232182975, 10.860903726040489 ], [ -74.937915157209233, 10.860352392797843 ], [ -74.93712541776992, 10.86008120654861 ], [ -74.936971136918174, 10.859529854272747 ], [ -74.936116014183625, 10.859259076698027 ], [ -74.935879726275616, 10.858708239695595 ], [ -74.936157667346947, 10.858499368508729 ], [ -74.936995047335799, 10.858425055516335 ], [ -74.936993267464089, 10.858148904673863 ], [ -74.937551421390964, 10.858084019830045 ], [ -74.93783109173404, 10.858143627279706 ], [ -74.937832872374429, 10.858419777984819 ], [ -74.938672477879521, 10.858690648694408 ], [ -74.938953534530441, 10.85896503871767 ], [ -74.940070991196748, 10.859013224160663 ], [ -74.940910242530478, 10.859228858122892 ], [ -74.940656960715842, 10.857849649014023 ], [ -74.940339211958374, 10.857299330524139 ], [ -74.939721246198232, 10.856750904710291 ], [ -74.939775318637373, 10.856474401812719 ], [ -74.939913172603767, 10.856197371156183 ], [ -74.940609125057264, 10.855847779781575 ], [ -74.94088151283465, 10.854779771165942 ], [ -74.941447131789857, 10.85587208116724 ], [ -74.941726403600398, 10.8558703186124 ], [ -74.942569976389848, 10.856755941807819 ], [ -74.943128372320928, 10.856729401635954 ], [ -74.943235249570577, 10.855071759683517 ], [ -74.942831252558989, 10.853969666253436 ], [ -74.942829468130753, 10.853693516013458 ], [ -74.943106952720555, 10.853415602908811 ] ] } },
{ "type": "Feature", "properties": { "ELEV": 100.0 }, "geometry": { "type": "LineString", "coordinates": [ [ -74.852059249666496, 10.853424738462225 ], [ -74.852059249804441, 10.85342473818522 ], [ -74.852060950902782, 10.853700903083505 ], [ -74.85206095076272, 10.853700903015302 ], [ -74.852059249666496, 10.853424738462225 ] ] } },
{ "type": "Feature", "properties": { "ELEV": 100.0 }, "geometry": { "type": "LineString", "coordinates": [ [ -74.851493879395164, 10.85232344121613 ], [ -74.852052445878456, 10.852320079920824 ], [ -74.852054147072096, 10.852596244769222 ], [ -74.851495579795554, 10.852599605877568 ], [ -74.851493879395164, 10.85232344121613 ] ] } },
{ "type": "Feature", "properties": { "ELEV": 250.0 }, "geometry": { "type": "LineString", "coordinates": [ [ -74.984200792294374, 10.88060950192488 ], [ -74.98371309266166, 10.880771973858627 ], [ -74.983229034898358, 10.881485213356223 ], [ -74.980436596168943, 10.881571385269506 ], [ -74.979869917121221, 10.880348033782255 ], [ -74.977474305055253, 10.879431450436789 ], [ -74.976744423735823, 10.878331528513852 ], [ -74.976742603942682, 10.878055384614768 ], [ -74.975896275461338, 10.877784676451833 ], [ -74.975605860805842, 10.877510389389386 ], [ -74.97498234128831, 10.8761336209877 ], [ -74.974781389043713, 10.875306445426018 ], [ -74.973919467029404, 10.874483518203048 ], [ -74.973632866917839, 10.872828422996864 ], [ -74.973268794482607, 10.872278449470445 ], [ -74.972633054139393, 10.87200637616637 ], [ -74.972481624196845, 10.871731192131088 ], [ -74.972368276244538, 10.870903450668635 ], [ -74.972657297624522, 10.869244656792731 ], [ -74.971836108876332, 10.866764518751342 ], [ -74.971818782891177, 10.864555377283743 ], [ -74.972500043960679, 10.863906641438954 ], [ -74.973576034065758, 10.86371563142329 ], [ -74.973833905570089, 10.862885506942032 ], [ -74.974677352905474, 10.861775466020431 ], [ -74.97499595882968, 10.861221107396146 ], [ -74.974994143590607, 10.860944962858412 ], [ -74.975273414487276, 10.860943169034426 ], [ -74.975515960795192, 10.860665454854256 ], [ -74.976067237535872, 10.859557288754226 ], [ -74.976656143851201, 10.858863114306898 ], [ -74.976782312371171, 10.85844806956249 ], [ -74.97673561114604, 10.856791434069297 ], [ -74.977137936765374, 10.855684224813311 ], [ -74.977401422613482, 10.855406375458982 ], [ -74.977749898684635, 10.855312083491446 ], [ -74.978581029984085, 10.85429416847871 ], [ -74.978859385350475, 10.854154300428396 ], [ -74.979090574671304, 10.852910113131305 ], [ -74.979683540494477, 10.852077832065868 ], [ -74.979960984019854, 10.851799891696508 ], [ -74.980240245674878, 10.851798094823264 ], [ -74.980517082249278, 10.851428106109783 ], [ -74.981353652519658, 10.851238617491017 ], [ -74.981711827768123, 10.852617087903431 ], [ -74.981550744745817, 10.852894280495716 ], [ -74.981740559807392, 10.85344536857111 ], [ -74.982302726738709, 10.853994057686606 ], [ -74.980954773582042, 10.854278894462629 ], [ -74.98050460822428, 10.854834103294552 ], [ -74.980431448983268, 10.855386885042575 ], [ -74.980265254424836, 10.855595071418774 ], [ -74.979893355674463, 10.855666503948461 ], [ -74.979895174525183, 10.855942647720745 ], [ -74.979709906910188, 10.856081917852693 ], [ -74.979291917765025, 10.85622268520714 ], [ -74.979109376905157, 10.856776170820165 ], [ -74.979651912865393, 10.857877301725347 ], [ -74.979615479829221, 10.858706002661078 ], [ -74.979905664838427, 10.860361067234953 ], [ -74.979743561883154, 10.861190577152339 ], [ -74.979758120491169, 10.863399726593896 ], [ -74.97836721441638, 10.864237147200456 ], [ -74.978257323771771, 10.864514009993048 ], [ -74.97725448331957, 10.864907080102743 ], [ -74.97697811750561, 10.865350706991917 ], [ -74.976561023018249, 10.865629545120752 ], [ -74.976562840515584, 10.865905689272898 ], [ -74.975868286057022, 10.866462466830683 ], [ -74.975873737113815, 10.867290899575032 ], [ -74.975021295159863, 10.867572534982733 ], [ -74.975039539722658, 10.867848573777428 ], [ -74.975319855086866, 10.868004575542027 ], [ -74.976437743592484, 10.868115740421716 ], [ -74.976722475115707, 10.868942376254729 ], [ -74.977279212410053, 10.868662638719595 ], [ -74.977553397395724, 10.867887638526511 ], [ -74.977844438387606, 10.869671571698442 ], [ -74.978820699669384, 10.86948118235671 ], [ -74.979189223010977, 10.870307274923887 ], [ -74.979192864490983, 10.870859562174964 ], [ -74.978694712415134, 10.871553159487609 ], [ -74.977855701940967, 10.871381033634616 ], [ -74.977577045572588, 10.871477509409143 ], [ -74.977016605424296, 10.871195755650495 ], [ -74.976738386143438, 10.871358636744283 ], [ -74.976943783425185, 10.872254821059027 ], [ -74.976746635376259, 10.872611147077805 ], [ -74.976301083851368, 10.872811268026167 ], [ -74.976148279371756, 10.873640718448017 ], [ -74.975847541481571, 10.873918808978587 ], [ -74.977039041576006, 10.874601530920417 ], [ -74.977876891173338, 10.874596136430959 ], [ -74.978157084518173, 10.874732409554509 ], [ -74.978161332487176, 10.875376745035275 ], [ -74.978441830191343, 10.8755590416995 ], [ -74.979000397944958, 10.875555442749929 ], [ -74.979002219480563, 10.87583158638412 ], [ -74.979563064971558, 10.876173165673906 ], [ -74.979979713313114, 10.875825285643044 ], [ -74.980045889599793, 10.875272548684814 ], [ -74.980504884392474, 10.874993433983713 ], [ -74.980314238321156, 10.873613887729361 ], [ -74.980380414013453, 10.873061150819755 ], [ -74.980661517941527, 10.873335493387174 ], [ -74.982058836662461, 10.873464557456956 ], [ -74.98261977103445, 10.87381993855969 ], [ -74.98289896137382, 10.873804328558014 ], [ -74.983140139151658, 10.873319500763047 ], [ -74.983115543526281, 10.87276735015071 ], [ -74.98260736586947, 10.871942166090195 ], [ -74.982673537617941, 10.871389429436379 ], [ -74.983159539628971, 10.870972060427755 ], [ -74.984415016079495, 10.870770645591382 ] ] } },
{ "type": "Feature", "properties": { "ELEV": 100.0 }, "geometry": { "type": "LineString", "coordinates": [ [ -74.852047343324401, 10.851491586444572 ], [ -74.852047343415791, 10.851491586167848 ], [ -74.85232662596249, 10.851489905685259 ], [ -74.852326625684896, 10.851489905963106 ], [ -74.852047343324401, 10.851491586444572 ] ] } },
{ "type": "Feature", "properties": { "ELEV": 250.0 }, "geometry": { "type": "LineString", "coordinates": [ [ -74.946715996785002, 10.850078863186656 ], [ -74.948110893413059, 10.849849109300269 ], [ -74.94861500188469, 10.850066846642449 ], [ -74.948879277656303, 10.851445975193297 ], [ -74.948528232219772, 10.852000518778638 ], [ -74.948409481611478, 10.852829751890374 ], [ -74.948130213667341, 10.852831519975103 ], [ -74.94812842451195, 10.852555370864236 ], [ -74.947004916755333, 10.851568303165045 ], [ -74.946538756834499, 10.851460787689039 ], [ -74.947281680086888, 10.85117992727584 ], [ -74.947372980876281, 10.850903189006392 ], [ -74.946997050317577, 10.850353246398226 ], [ -74.946717784225925, 10.85035501257474 ], [ -74.946715996785002, 10.850078863186656 ] ] } },
{ "type": "Feature", "properties": { "ELEV": 200.0 }, "geometry": { "type": "LineString", "coordinates": [ [ -74.93803157365285, 10.849857505283032 ], [ -74.938615851065819, 10.849909058290956 ], [ -74.938936437268211, 10.850127968486476 ], [ -74.939043297386036, 10.851231942745025 ], [ -74.938904998714449, 10.851439935455755 ], [ -74.938345127375925, 10.851236340783801 ], [ -74.938000677505997, 10.85041002386944 ], [ -74.93803157365285, 10.849857505283032 ] ] } },
{ "type": "Feature", "properties": { "ELEV": 200.0 }, "geometry": { "type": "LineString", "coordinates": [ [ -74.933866178102889, 10.849607541303392 ], [ -74.934146333539587, 10.849743862220063 ], [ -74.934147665421861, 10.849950975953249 ], [ -74.933869019313704, 10.850049383711619 ], [ -74.933421125836958, 10.849886499836648 ], [ -74.933866178102889, 10.849607541303392 ] ] } },
{ "type": "Feature", "properties": { "ELEV": 200.0 }, "geometry": { "type": "LineString", "coordinates": [ [ -74.940427164534967, 10.849290089111754 ], [ -74.940565609796039, 10.849105108576467 ], [ -74.940917661828635, 10.84956315829649 ], [ -74.940851409297167, 10.850115899520118 ], [ -74.940849627185969, 10.849839748886584 ], [ -74.940475490498486, 10.849565946129351 ], [ -74.940427164534967, 10.849290089111754 ] ] } },
{ "type": "Feature", "properties": { "ELEV": 200.0 }, "geometry": { "type": "LineString", "coordinates": [ [ -74.940283968910236, 10.848738668368243 ], [ -74.9402839689796, 10.848738668298763 ], [ -74.940283969259312, 10.848738668366041 ], [ -74.940283968980651, 10.848738668459854 ], [ -74.940283968910236, 10.848738668368243 ] ] } },
{ "type": "Feature", "properties": { "ELEV": 50.0 }, "geometry": { "type": "LineString", "coordinates": [ [ -74.806508796681555, 10.849276621946609 ], [ -74.806508796959179, 10.849276621668798 ], [ -74.807067371883534, 10.849273343457106 ], [ -74.806788084306575, 10.849274983104564 ], [ -74.806508796681555, 10.849276621946609 ] ] } },
{ "type": "Feature", "properties": { "ELEV": 50.0 }, "geometry": { "type": "LineString", "coordinates": [ [ -74.805375073471581, 10.846521457054203 ], [ -74.805375073609568, 10.846521456777213 ], [ -74.80565435871334, 10.846519819374961 ], [ -74.805376730763115, 10.846797629051542 ], [ -74.805375073471581, 10.846521457054203 ] ] } },
{ "type": "Feature", "properties": { "ELEV": 200.0 }, "geometry": { "type": "LineString", "coordinates": [ [ -74.98424614542219, 10.845194784060554 ], [ -74.983545402037521, 10.844803894988818 ], [ -74.98271036773113, 10.845223505542391 ], [ -74.981871238335245, 10.845021791206001 ], [ -74.981317274256767, 10.845715744534026 ], [ -74.981319092706514, 10.845991888245472 ], [ -74.981040200304619, 10.84604891386388 ], [ -74.980760580340984, 10.84599548172879 ], [ -74.980758762403028, 10.845719337923715 ], [ -74.980477689218219, 10.845444990655395 ], [ -74.98037325738882, 10.846550284287421 ], [ -74.979090492993961, 10.846834688326329 ], [ -74.978813960237247, 10.847250699614978 ], [ -74.978256716148493, 10.847447589765569 ], [ -74.977418579392619, 10.847397743262601 ], [ -74.97714113634251, 10.847675681342505 ], [ -74.976861878081408, 10.847677474696567 ], [ -74.976725878259842, 10.848230659889282 ], [ -74.977874470363048, 10.848775594149966 ], [ -74.977987990000216, 10.849051020614406 ], [ -74.977432496879061, 10.849514849557712 ], [ -74.977297103025592, 10.85016008328202 ], [ -74.977718717553003, 10.850571608239106 ], [ -74.978967214216965, 10.849320882456665 ], [ -74.980012619072212, 10.849038004037444 ], [ -74.980216609522472, 10.84820822519762 ], [ -74.980493322463559, 10.847819827379181 ], [ -74.98189003536929, 10.847875275001066 ], [ -74.98300445633285, 10.847472276166727 ], [ -74.983844685725401, 10.847839672131851 ], [ -74.983940048004655, 10.84818425129694 ], [ -74.984267062833112, 10.848366246890013 ] ] } },
{ "type": "Feature", "properties": { "ELEV": 50.0 }, "geometry": { "type": "LineString", "coordinates": [ [ -74.807602715429638, 10.845403662240235 ], [ -74.808161283104738, 10.845400382922641 ], [ -74.807883658845157, 10.845678194248865 ], [ -74.807886977392485, 10.84623053731926 ], [ -74.807609352060524, 10.846508348824825 ], [ -74.807464732654495, 10.845680653516554 ], [ -74.807602715429638, 10.845403662240235 ] ] } },
{ "type": "Feature", "properties": { "ELEV": 150.0 }, "geometry": { "type": "LineString", "coordinates": [ [ -74.9645501246099, 10.844028153781336 ], [ -74.964271769002991, 10.844168008352195 ], [ -74.964273571550976, 10.844444154938875 ], [ -74.963996116457494, 10.844722082728993 ], [ -74.964277176652402, 10.84499644795935 ], [ -74.964833889102749, 10.844716738346179 ], [ -74.964925171902181, 10.844439997911181 ], [ -74.964923368757184, 10.844163851432828 ], [ -74.9645501246099, 10.844028153781336 ] ] } },
{ "type": "Feature", "properties": { "ELEV": 100.0 }, "geometry": { "type": "LineString", "coordinates": [ [ -74.856751670449526, 10.844420799498346 ], [ -74.856473247569568, 10.84456056505736 ], [ -74.856474951292483, 10.844836729075892 ], [ -74.856755930422864, 10.845111209017475 ], [ -74.857033501460975, 10.844833361319571 ], [ -74.856751670449526, 10.844420799498346 ] ] } },
{ "type": "Feature", "properties": { "ELEV": 200.0 }, "geometry": { "type": "LineString", "coordinates": [ [ -74.971528458344963, 10.843514090742477 ], [ -74.97125137369936, 10.843847252851454 ], [ -74.971253182503773, 10.844123398557592 ], [ -74.970973926543095, 10.844125185994615 ], [ -74.970882649813575, 10.844401926960893 ], [ -74.971163714954429, 10.844676284996025 ], [ -74.97200329385214, 10.844947066430619 ], [ -74.972098792529692, 10.845314663981128 ], [ -74.972191274834358, 10.845222019375891 ], [ -74.971954941337501, 10.84467121919327 ], [ -74.971902970061109, 10.843843081291086 ], [ -74.971528458344963, 10.843514090742477 ] ] } },
{ "type": "Feature", "properties": { "ELEV": 50.0 }, "geometry": { "type": "LineString", "coordinates": [ [ -74.810377274939128, 10.842349372471043 ], [ -74.810472029694949, 10.842624996502382 ], [ -74.810385580961793, 10.843730228584741 ], [ -74.810383919555406, 10.8434540572994 ], [ -74.809822035364746, 10.842904997487361 ], [ -74.810377274939128, 10.842349372471043 ] ] } },
{ "type": "Feature", "properties": { "ELEV": 50.0 }, "geometry": { "type": "LineString", "coordinates": [ [ -74.8053502215691, 10.842378877839765 ], [ -74.805629502830158, 10.842377240525249 ], [ -74.805629503111092, 10.842377240799783 ], [ -74.805629502833469, 10.842377241077592 ], [ -74.8053502215691, 10.842378877839765 ] ] } },
{ "type": "Feature", "properties": { "ELEV": 50.0 }, "geometry": { "type": "LineString", "coordinates": [ [ -74.812608190230335, 10.841783891187761 ], [ -74.812330573804658, 10.842061705109785 ], [ -74.812611516360406, 10.842336232395743 ], [ -74.812889132696284, 10.842058418226024 ], [ -74.812608190230335, 10.841783891187761 ] ] } },
{ "type": "Feature", "properties": { "ELEV": 50.0 }, "geometry": { "type": "LineString", "coordinates": [ [ -74.813442700946851, 10.841226618323752 ], [ -74.813304725261972, 10.841503610837977 ], [ -74.813446028432594, 10.841778959295405 ], [ -74.813723643444192, 10.841501144570918 ], [ -74.813442700946851, 10.841226618323752 ] ] } },
{ "type": "Feature", "properties": { "ELEV": 150.0 }, "geometry": { "type": "LineString", "coordinates": [ [ -74.89205614930907, 10.840477634770291 ], [ -74.892194625010092, 10.84029267151951 ], [ -74.892475047808318, 10.840475061542962 ], [ -74.892478520087494, 10.841027378429098 ], [ -74.892201423803314, 10.841374291987831 ], [ -74.8919225912434, 10.841445047086999 ], [ -74.891828634575489, 10.841307539445792 ], [ -74.892013076458127, 10.841030237531058 ], [ -74.89205614930907, 10.840477634770291 ] ] } },
{ "type": "Feature", "properties": { "ELEV": 100.0 }, "geometry": { "type": "LineString", "coordinates": [ [ -74.859794684383104, 10.839707482045421 ], [ -74.85923870255354, 10.840125098601723 ], [ -74.859242113690243, 10.84067742592199 ], [ -74.859523090390752, 10.840951903632391 ], [ -74.860079926258209, 10.840672368296374 ], [ -74.860074807319819, 10.839843877703712 ], [ -74.859794684383104, 10.839707482045421 ] ] } },
{ "type": "Feature", "properties": { "ELEV": 250.0 }, "geometry": { "type": "LineString", "coordinates": [ [ -74.978201897850099, 10.839108032650708 ], [ -74.978479786966744, 10.838899131248828 ], [ -74.978759188054084, 10.838920349883814 ], [ -74.979318897932586, 10.839100858364469 ], [ -74.979506880183948, 10.83937580649801 ], [ -74.979321923763379, 10.839561098728257 ], [ -74.97848568484909, 10.839796600268469 ], [ -74.978170620523642, 10.839660545488996 ], [ -74.978201897850099, 10.839108032650708 ] ] } },
{ "type": "Feature", "properties": { "ELEV": 50.0 }, "geometry": { "type": "LineString", "coordinates": [ [ -74.81650421159037, 10.839459439298228 ], [ -74.81622549046601, 10.839553142543494 ], [ -74.816506433267662, 10.839827666121751 ], [ -74.816784043494224, 10.839549849351721 ], [ -74.81650421159037, 10.839459439298228 ] ] } },
{ "type": "Feature", "properties": { "ELEV": 250.0 }, "geometry": { "type": "LineString", "coordinates": [ [ -74.973131875488207, 10.838588231567552 ], [ -74.973449661390504, 10.838379078686703 ], [ -74.97400816176922, 10.838375500944245 ], [ -74.974288770008641, 10.838580820459029 ], [ -74.974290580789457, 10.838856965475134 ], [ -74.974572547879959, 10.839269393197222 ], [ -74.975837332166776, 10.840503988078709 ], [ -74.97606399543109, 10.841607159398793 ], [ -74.976546945688128, 10.842248425217893 ], [ -74.976826198966023, 10.842246633035423 ], [ -74.977109382569751, 10.842843153494142 ], [ -74.977059881192901, 10.843810017807664 ], [ -74.976838291459359, 10.844087596535903 ], [ -74.976559036475962, 10.844089389029781 ], [ -74.976281594993395, 10.84436732583241 ], [ -74.975161374807882, 10.843887178079944 ], [ -74.974877344193402, 10.843161246170876 ], [ -74.974034871432764, 10.842448640238816 ], [ -74.973475277113153, 10.842286532212997 ], [ -74.973098594006558, 10.841626169316172 ], [ -74.972631362023193, 10.841353005149955 ], [ -74.973131875488207, 10.838588231567552 ] ] } },
{ "type": "Feature", "properties": { "ELEV": 50.0 }, "geometry": { "type": "LineString", "coordinates": [ [ -74.812593224571899, 10.839298352734783 ], [ -74.812593224849522, 10.839298352456971 ], [ -74.812593225130456, 10.839298352731497 ], [ -74.812593224852833, 10.839298353009308 ], [ -74.812593224571899, 10.839298352734783 ] ] } },
{ "type": "Feature", "properties": { "ELEV": 50.0 }, "geometry": { "type": "LineString", "coordinates": [ [ -74.809240235820155, 10.83904187926502 ], [ -74.809521173305114, 10.839316410327779 ], [ -74.80980045122331, 10.839314770241801 ], [ -74.809241895625561, 10.839318050849721 ], [ -74.808683339846993, 10.839321330170183 ], [ -74.808962617896228, 10.839319690290333 ], [ -74.809240235820155, 10.83904187926502 ] ] } },
{ "type": "Feature", "properties": { "ELEV": 50.0 }, "geometry": { "type": "LineString", "coordinates": [ [ -74.810078067964426, 10.839036958311802 ], [ -74.810078068242049, 10.839036958033985 ], [ -74.810078068522984, 10.839036958308519 ], [ -74.810078068245375, 10.839036958586329 ], [ -74.810078067964426, 10.839036958311802 ] ] } },
{ "type": "Feature", "properties": { "ELEV": 200.0 }, "geometry": { "type": "LineString", "coordinates": [ [ -74.984200304345407, 10.838240993793939 ], [ -74.984060680055094, 10.838241892885147 ], [ -74.984058860422579, 10.837965749495487 ], [ -74.983684710532955, 10.837692003362708 ], [ -74.984194065371298, 10.837294216470504 ] ] } },
{ "type": "Feature", "properties": { "ELEV": 200.0 }, "geometry": { "type": "LineString", "coordinates": [ [ -74.943460036415928, 10.836015212460465 ], [ -74.943552764343991, 10.835959395390812 ], [ -74.943972000448056, 10.836011983409039 ], [ -74.943553714823082, 10.836106675477598 ], [ -74.943460036415928, 10.836015212460465 ] ] } },
{ "type": "Feature", "properties": { "ELEV": 300.0 }, "geometry": { "type": "LineString", "coordinates": [ [ -74.958700732327486, 10.835642563411099 ], [ -74.958909271879079, 10.83550315836707 ], [ -74.959189420116232, 10.835639457100283 ], [ -74.959261029101626, 10.835915160850517 ], [ -74.958913562781831, 10.836162844414854 ], [ -74.95858617396371, 10.835919450578468 ], [ -74.958700732327486, 10.835642563411099 ] ] } },
{ "type": "Feature", "properties": { "ELEV": 50.0 }, "geometry": { "type": "LineString", "coordinates": [ [ -74.799726620707844, 10.836059588821476 ], [ -74.799726620987116, 10.836059588819845 ], [ -74.799726620849128, 10.836059589096832 ], [ -74.799726620707844, 10.836059588821476 ] ] } },
{ "type": "Feature", "properties": { "ELEV": 150.0 }, "geometry": { "type": "LineString", "coordinates": [ [ -74.930139185005771, 10.834580031764961 ], [ -74.929583330979199, 10.834997757381471 ], [ -74.929864354558532, 10.835272161067802 ], [ -74.930142724319225, 10.835132336255906 ], [ -74.930139185005771, 10.834580031764961 ] ] } },
{ "type": "Feature", "properties": { "ELEV": 200.0 }, "geometry": { "type": "LineString", "coordinates": [ [ -74.9841748321724, 10.834374986161412 ], [ -74.983475461324801, 10.834188303245346 ], [ -74.982359480891077, 10.834347216618095 ], [ -74.981521278554553, 10.834281595146567 ], [ -74.980402430393028, 10.834004740264698 ], [ -74.979841087957766, 10.833574387319555 ], [ -74.979839272994383, 10.833298243138341 ], [ -74.979559510183165, 10.833221138236222 ], [ -74.979187702623335, 10.833302427462597 ], [ -74.979189516990374, 10.833578571752952 ], [ -74.979003958511058, 10.83367181515904 ], [ -74.978444345769205, 10.833504453875895 ], [ -74.978305241559809, 10.833584248427998 ], [ -74.978307055166482, 10.833860392861194 ], [ -74.977610150546042, 10.834048969139015 ], [ -74.976771809680159, 10.833962294816534 ], [ -74.976488940198905, 10.833411796122128 ], [ -74.97593020834428, 10.833378557428318 ], [ -74.975373166721468, 10.833603052965097 ], [ -74.975374977644435, 10.833879197888784 ], [ -74.97509754259454, 10.834157132356522 ], [ -74.97579928041479, 10.834704947690799 ], [ -74.975942526793659, 10.835256341923538 ], [ -74.976780267620654, 10.83525096995834 ], [ -74.97706132684074, 10.835525323044285 ], [ -74.97614742474822, 10.836083497582193 ], [ -74.976137751379923, 10.836635872351662 ], [ -74.976510686382483, 10.836725532661456 ], [ -74.976791747301519, 10.836999886044056 ], [ -74.97763009678296, 10.837086558805511 ], [ -74.978462096425858, 10.836206723915494 ], [ -74.979112766124317, 10.836064467934932 ], [ -74.97911095140131, 10.835788323676113 ], [ -74.980133645880272, 10.835597650394488 ], [ -74.980507185181551, 10.835779353896909 ], [ -74.980585283136634, 10.836331163350884 ], [ -74.981265166177892, 10.837799622577734 ], [ -74.982102986831237, 10.837805740615687 ], [ -74.982939140117026, 10.837558724678908 ], [ -74.983432371366078, 10.838245938215957 ], [ -74.983434190472408, 10.838522081705854 ], [ -74.983188499178382, 10.839075973731269 ], [ -74.982487363953624, 10.839632796878401 ], [ -74.982304834027389, 10.840186282134903 ], [ -74.982570923806961, 10.841013035670395 ], [ -74.982963088109784, 10.841194614864159 ], [ -74.984219544817961, 10.841160223298861 ] ] } },
{ "type": "Feature", "properties": { "ELEV": 100.0 }, "geometry": { "type": "LineString", "coordinates": [ [ -74.870646729735, 10.833289817385335 ], [ -74.870368324864685, 10.833429592824917 ], [ -74.870370039530869, 10.833705754849742 ], [ -74.870649873750438, 10.83379611421252 ], [ -74.871487090363715, 10.833698974534148 ], [ -74.871578462150794, 10.833422247791184 ], [ -74.870646729735, 10.833289817385335 ] ] } },
{ "type": "Feature", "properties": { "ELEV": 200.0 }, "geometry": { "type": "LineString", "coordinates": [ [ -74.984441602452677, 10.832479633540704 ], [ -74.983000404816465, 10.832725612394603 ], [ -74.98304876325335, 10.833001456652925 ], [ -74.984166737677697, 10.833146147797935 ] ] } },
{ "type": "Feature", "properties": { "ELEV": 50.0 }, "geometry": { "type": "LineString", "coordinates": [ [ -74.81730537847956, 10.83337875276751 ], [ -74.816747391665544, 10.833474102131461 ], [ -74.816378360556214, 10.834028637071336 ], [ -74.816473116483181, 10.834304258657284 ], [ -74.817031660260895, 10.834300966588154 ], [ -74.817447235359793, 10.833746156589919 ], [ -74.81730537847956, 10.83337875276751 ] ] } },
{ "type": "Feature", "properties": { "ELEV": 50.0 }, "geometry": { "type": "LineString", "coordinates": [ [ -74.803898392020685, 10.833135287765824 ], [ -74.803761236134719, 10.833550363291073 ], [ -74.803902526361426, 10.833825718269392 ], [ -74.804180145473921, 10.833547911775304 ], [ -74.804178491492124, 10.833271739449509 ], [ -74.803898392020685, 10.833135287765824 ] ] } },
{ "type": "Feature", "properties": { "ELEV": 250.0 }, "geometry": { "type": "LineString", "coordinates": [ [ -74.956187435754714, 10.832068453313404 ], [ -74.956930839427599, 10.831870423571116 ], [ -74.957490076624211, 10.831981282008309 ], [ -74.957604082464101, 10.832335620052493 ], [ -74.958052373779424, 10.832562905665139 ], [ -74.958441824157788, 10.83233029905878 ], [ -74.958440029015151, 10.832054151287076 ], [ -74.95888547736601, 10.831844201791686 ], [ -74.959096259103248, 10.832049981696386 ], [ -74.959455421035443, 10.833601093471149 ], [ -74.959734669177223, 10.833599318178017 ], [ -74.960856380098733, 10.834317101246425 ], [ -74.960868515792313, 10.836181095348358 ], [ -74.961044845463405, 10.836456132301045 ], [ -74.961319927981108, 10.838111333542681 ], [ -74.96113782623938, 10.838940968641861 ], [ -74.960730522455009, 10.839495878446666 ], [ -74.960550021200774, 10.840877820795413 ], [ -74.960202751031503, 10.841156189589674 ], [ -74.960066045540501, 10.841605817515919 ], [ -74.959786790031956, 10.841607594404772 ], [ -74.959552968834998, 10.841988800425403 ], [ -74.959029300753343, 10.843649085035631 ], [ -74.956732481360717, 10.844319565169393 ], [ -74.956616814820137, 10.84532137741199 ], [ -74.956461078017213, 10.845529486420011 ], [ -74.955069601153809, 10.846280503149014 ], [ -74.954372458405516, 10.846440268821155 ], [ -74.953836770461933, 10.847272147646045 ], [ -74.953838563963302, 10.84754829590833 ], [ -74.953404607843041, 10.847919262636452 ], [ -74.951730823906757, 10.848206038661182 ], [ -74.95131491496123, 10.848668941932623 ], [ -74.951179224102418, 10.849277354095488 ], [ -74.950623919555795, 10.849777961744177 ], [ -74.950625710532663, 10.850054110492781 ], [ -74.950346803662114, 10.850111109945578 ], [ -74.950123868003828, 10.849228809933591 ], [ -74.949778964911417, 10.848678674329619 ], [ -74.949981252416478, 10.847572752089643 ], [ -74.950328540476917, 10.847294391866644 ], [ -74.950546579193372, 10.846464530192383 ], [ -74.95087990273565, 10.84618625823331 ], [ -74.951159760651805, 10.846276538256078 ], [ -74.95144200718299, 10.846735016086738 ], [ -74.951997245757056, 10.846225203264774 ], [ -74.952554871846147, 10.846083587616024 ], [ -74.952738058716051, 10.845622159486869 ], [ -74.952405087626445, 10.844519631345214 ], [ -74.95309248299229, 10.842858313492423 ], [ -74.953364571950857, 10.841751948743779 ], [ -74.95475906174174, 10.841466942487314 ], [ -74.955037122243127, 10.841281071451778 ], [ -74.955922966077964, 10.840078756967769 ], [ -74.955816984601782, 10.839527110915247 ], [ -74.955231617968948, 10.838978507405994 ], [ -74.956787195128342, 10.838416312769544 ], [ -74.956413319660314, 10.838181978965018 ], [ -74.95585455746459, 10.838146075081678 ], [ -74.955620053084289, 10.837871404012638 ], [ -74.955424918371733, 10.836491844637314 ], [ -74.95548117180067, 10.835939168540399 ], [ -74.956302039376496, 10.835381639853807 ], [ -74.956428235296357, 10.835104679335494 ], [ -74.956389741558155, 10.834552604788781 ], [ -74.956248323176112, 10.834277342934582 ], [ -74.955757843897857, 10.834004296015966 ], [ -74.955620980242657, 10.833452845236238 ], [ -74.955777006210212, 10.832347217001422 ], [ -74.956187435754714, 10.832068453313404 ] ] } },
{ "type": "Feature", "properties": { "ELEV": 100.0 }, "geometry": { "type": "LineString", "coordinates": [ [ -74.862821386243979, 10.832370598262774 ], [ -74.863100649619838, 10.832368910669977 ], [ -74.863243696842559, 10.832920393117416 ], [ -74.863105773262063, 10.833197400232281 ], [ -74.862826509258923, 10.833199087956315 ], [ -74.862685169906072, 10.832923768474046 ], [ -74.862821386243979, 10.832370598262774 ] ] } },
{ "type": "Feature", "properties": { "ELEV": 100.0 }, "geometry": { "type": "LineString", "coordinates": [ [ -74.864217699869457, 10.832362157789412 ], [ -74.864219409285084, 10.8326383208025 ], [ -74.864500381005342, 10.832912794598617 ], [ -74.8647796443381, 10.832911105679781 ], [ -74.864500381008767, 10.832912795150941 ], [ -74.86422282685875, 10.833190646852197 ], [ -74.86408148620319, 10.832915328191891 ], [ -74.864217699869457, 10.832362157789412 ] ] } },
{ "type": "Feature", "properties": { "ELEV": 100.0 }, "geometry": { "type": "LineString", "coordinates": [ [ -74.865055487491063, 10.832357090473877 ], [ -74.865055488049578, 10.832357090470497 ], [ -74.865057197396013, 10.832633253632618 ], [ -74.865057197115036, 10.832633253358148 ], [ -74.865055487491063, 10.832357090473877 ] ] } },
{ "type": "Feature", "properties": { "ELEV": 200.0 }, "geometry": { "type": "LineString", "coordinates": [ [ -74.946318883809894, 10.831854755121567 ], [ -74.946671513451577, 10.832404850625075 ], [ -74.946606162129314, 10.833095665901787 ], [ -74.946279478537463, 10.832959648065591 ], [ -74.946318883809894, 10.831854755121567 ] ] } },
{ "type": "Feature", "properties": { "ELEV": 250.0 }, "geometry": { "type": "LineString", "coordinates": [ [ -74.959164274900786, 10.831773390385123 ], [ -74.959443521536912, 10.831771615558386 ], [ -74.959443521558995, 10.831771615650302 ], [ -74.959164275041303, 10.83177339052231 ], [ -74.959164274900786, 10.831773390385123 ] ] } },
{ "type": "Feature", "properties": { "ELEV": 100.0 }, "geometry": { "type": "LineString", "coordinates": [ [ -74.863655758144077, 10.831813208511058 ], [ -74.86365575856297, 10.831813208508526 ], [ -74.863657466538086, 10.832089371763265 ], [ -74.863657466257962, 10.832089371626868 ], [ -74.863655758144077, 10.831813208511058 ] ] } },
{ "type": "Feature", "properties": { "ELEV": 200.0 }, "geometry": { "type": "LineString", "coordinates": [ [ -74.944639825643492, 10.831313028387758 ], [ -74.944639825734797, 10.831313028111023 ], [ -74.944919074514246, 10.831311266876776 ], [ -74.944919074235898, 10.831311267016613 ], [ -74.944639825643492, 10.831313028387758 ] ] } },
{ "type": "Feature", "properties": { "ELEV": 100.0 }, "geometry": { "type": "LineString", "coordinates": [ [ -74.867837267439924, 10.830591154072133 ], [ -74.867560289491394, 10.830961062367487 ], [ -74.867841261913725, 10.83123553289885 ], [ -74.868399783794942, 10.831232148726061 ], [ -74.868677331672941, 10.830954294201883 ], [ -74.868396358924457, 10.830679824511384 ], [ -74.867837267439924, 10.830591154072133 ] ] } },
{ "type": "Feature", "properties": { "ELEV": 100.0 }, "geometry": { "type": "LineString", "coordinates": [ [ -74.866720225508175, 10.83059791897468 ], [ -74.866443246011684, 10.830967826495021 ], [ -74.867003478745133, 10.831240607263556 ], [ -74.867281028132268, 10.830962753781638 ], [ -74.866720225508175, 10.83059791897468 ] ] } },
{ "type": "Feature", "properties": { "ELEV": 250.0 }, "geometry": { "type": "LineString", "coordinates": [ [ -74.958734633901372, 10.830119165545895 ], [ -74.959432028196275, 10.830004270820787 ], [ -74.959518315751183, 10.830390345120639 ], [ -74.959155970288194, 10.830496207404511 ], [ -74.958876051660923, 10.830394426272946 ], [ -74.958734633901372, 10.830119165545895 ] ] } },
{ "type": "Feature", "properties": { "ELEV": 250.0 }, "geometry": { "type": "LineString", "coordinates": [ [ -74.974677638075903, 10.82974131618662 ], [ -74.97534652580012, 10.829539777055238 ], [ -74.97646659730016, 10.830006010504848 ], [ -74.976749462492222, 10.83055650995921 ], [ -74.976826520227306, 10.83166064128195 ], [ -74.976478759885467, 10.831860125578697 ], [ -74.975919381248104, 10.83172782486402 ], [ -74.975498302627528, 10.831392998752412 ], [ -74.975496492017129, 10.831116853804964 ], [ -74.974569560355803, 10.830294321745544 ], [ -74.974472010563915, 10.830018789728904 ], [ -74.974677638075903, 10.82974131618662 ] ] } },
{ "type": "Feature", "properties": { "ELEV": 150.0 }, "geometry": { "type": "LineString", "coordinates": [ [ -74.897854591941382, 10.829947570769761 ], [ -74.897993059901722, 10.829762606211709 ], [ -74.898552729320528, 10.829943272961046 ], [ -74.898275735965157, 10.830303997197591 ], [ -74.897996538707019, 10.830314921571741 ], [ -74.897828405772671, 10.830223900354873 ], [ -74.897854591941382, 10.829947570769761 ] ] } },
{ "type": "Feature", "properties": { "ELEV": 200.0 }, "geometry": { "type": "LineString", "coordinates": [ [ -74.984422018403393, 10.829506160275466 ], [ -74.98358361600215, 10.829407996597352 ], [ -74.984000203761141, 10.829060122369722 ], [ -74.984419063428163, 10.829057427109747 ] ] } },
{ "type": "Feature", "properties": { "ELEV": 150.0 }, "geometry": { "type": "LineString", "coordinates": [ [ -74.899664525534334, 10.829107920925631 ], [ -74.899664525673103, 10.829107920786688 ], [ -74.899664525767051, 10.829107920924196 ], [ -74.899664525674552, 10.829107921016821 ], [ -74.899664525534334, 10.829107920925631 ] ] } },
{ "type": "Feature", "properties": { "ELEV": 250.0 }, "geometry": { "type": "LineString", "coordinates": [ [ -74.957046609093609, 10.828196768315498 ], [ -74.957207711280873, 10.828195745900214 ], [ -74.957833872947035, 10.82902024922147 ], [ -74.958341409665266, 10.829293185626295 ], [ -74.958481518591057, 10.829844614194773 ], [ -74.958315766464935, 10.830121826186931 ], [ -74.957480326951071, 10.830480615163101 ], [ -74.955764458300763, 10.830414179400352 ], [ -74.955589539696078, 10.829586809943056 ], [ -74.956214255772153, 10.829030528130296 ], [ -74.956140859778486, 10.828478674567521 ], [ -74.957046609093609, 10.828196768315498 ] ] } },
{ "type": "Feature", "properties": { "ELEV": 100.0 }, "geometry": { "type": "LineString", "coordinates": [ [ -74.866984658288374, 10.828202818912294 ], [ -74.866986939256549, 10.828571035506451 ], [ -74.867265627273923, 10.828477290530369 ], [ -74.866984658288374, 10.828202818912294 ] ] } },
{ "type": "Feature", "properties": { "ELEV": 50.0 }, "geometry": { "type": "LineString", "coordinates": [ [ -74.801912928691138, 10.82803752565032 ], [ -74.802750733917719, 10.828032629250684 ], [ -74.802752386053541, 10.828308802162629 ], [ -74.802474768892665, 10.828586607451033 ], [ -74.801636962275722, 10.828591502932635 ], [ -74.801914579779378, 10.828313698415512 ], [ -74.801912928691138, 10.82803752565032 ] ] } },
{ "type": "Feature", "properties": { "ELEV": 100.0 }, "geometry": { "type": "LineString", "coordinates": [ [ -74.866698558556493, 10.827099858533803 ], [ -74.866424431682276, 10.827930036563702 ], [ -74.866705399947449, 10.828204508824376 ], [ -74.866773504056042, 10.827927923816219 ], [ -74.866698558556493, 10.827099858533803 ] ] } },
{ "type": "Feature", "properties": { "ELEV": 200.0 }, "geometry": { "type": "LineString", "coordinates": [ [ -74.97616472126991, 10.82655598947006 ], [ -74.975886387786602, 10.826695850835744 ], [ -74.975888197997307, 10.826971995796887 ], [ -74.976168342200381, 10.827108279022818 ], [ -74.976446675853481, 10.826968417361929 ], [ -74.976444865131924, 10.82669227249418 ], [ -74.97616472126991, 10.82655598947006 ] ] } },
{ "type": "Feature", "properties": { "ELEV": 100.0 }, "geometry": { "type": "LineString", "coordinates": [ [ -74.861951176848748, 10.827128554521801 ], [ -74.861951177126286, 10.827128554243954 ], [ -74.861951177407249, 10.827128554518429 ], [ -74.861951177129697, 10.827128554796278 ], [ -74.861951176848748, 10.827128554521801 ] ] } },
{ "type": "Feature", "properties": { "ELEV": 50.0 }, "geometry": { "type": "LineString", "coordinates": [ [ -74.807207429841796, 10.826073274935331 ], [ -74.806929819726093, 10.826351082726518 ], [ -74.807210741144104, 10.826625618360159 ], [ -74.807278901969511, 10.826349037591429 ], [ -74.807207429841796, 10.826073274935331 ] ] } },
{ "type": "Feature", "properties": { "ELEV": 150.0 }, "geometry": { "type": "LineString", "coordinates": [ [ -74.918630828341236, 10.825400348591808 ], [ -74.918630828618731, 10.825400348313918 ], [ -74.918630828760115, 10.825400348589206 ], [ -74.918630828621374, 10.825400348728147 ], [ -74.918630828341236, 10.825400348591808 ] ] } },
{ "type": "Feature", "properties": { "ELEV": 100.0 }, "geometry": { "type": "LineString", "coordinates": [ [ -74.859986145081862, 10.825483366657563 ], [ -74.86082391603145, 10.82547831400518 ], [ -74.860827325352076, 10.826030641349288 ], [ -74.860548067766089, 10.82603232618416 ], [ -74.85999296126073, 10.826588021850037 ], [ -74.859996369138443, 10.827140349510087 ], [ -74.859849924152172, 10.826036536196815 ], [ -74.859986145081862, 10.825483366657563 ] ] } },
{ "type": "Feature", "properties": { "ELEV": 150.0 }, "geometry": { "type": "LineString", "coordinates": [ [ -74.903549658768981, 10.825217616081007 ], [ -74.90354965918786, 10.825217616078421 ], [ -74.903551402768713, 10.825493773040703 ], [ -74.903551402488873, 10.82549377295037 ], [ -74.903549658768981, 10.825217616081007 ] ] } },
{ "type": "Feature", "properties": { "ELEV": 250.0 }, "geometry": { "type": "LineString", "coordinates": [ [ -74.956730340586532, 10.824884860884413 ], [ -74.956884353928118, 10.824711284193993 ], [ -74.957163573895002, 10.824706374618923 ], [ -74.957631908621721, 10.82515530011573 ], [ -74.957588954975122, 10.825707891538295 ], [ -74.957172654439759, 10.826105046833357 ], [ -74.956822834130605, 10.825988912289446 ], [ -74.956730340586532, 10.824884860884413 ] ] } },
{ "type": "Feature", "properties": { "ELEV": 200.0 }, "geometry": { "type": "LineString", "coordinates": [ [ -74.952601991980771, 10.82463486019557 ], [ -74.952973120723939, 10.824448404075689 ], [ -74.953253554296083, 10.824630735306753 ], [ -74.952698053380004, 10.825094519099583 ], [ -74.952417619525789, 10.824912187385213 ], [ -74.952601991980771, 10.82463486019557 ] ] } },
{ "type": "Feature", "properties": { "ELEV": 150.0 }, "geometry": { "type": "LineString", "coordinates": [ [ -74.930347682569774, 10.823532184962456 ], [ -74.930069322991443, 10.823672008196288 ], [ -74.930488188313404, 10.823669387456746 ], [ -74.930347682569774, 10.823532184962456 ] ] } },
{ "type": "Feature", "properties": { "ELEV": 50.0 }, "geometry": { "type": "LineString", "coordinates": [ [ -74.806358049513605, 10.82414497702746 ], [ -74.806916577698999, 10.824141706035793 ], [ -74.806916577979919, 10.824141706310328 ], [ -74.806638968483043, 10.824419514046623 ], [ -74.80635970415824, 10.82442114932056 ], [ -74.806358049513605, 10.82414497702746 ] ] } },
{ "type": "Feature", "properties": { "ELEV": 150.0 }, "geometry": { "type": "LineString", "coordinates": [ [ -74.91750154431584, 10.823474211763482 ], [ -74.917782546595063, 10.823748630389007 ], [ -74.918341038417609, 10.823745158333947 ], [ -74.918342795717066, 10.824021312926337 ], [ -74.918061792532981, 10.823746894947931 ], [ -74.917782546598573, 10.823748630941319 ], [ -74.91750154431584, 10.823474211763482 ] ] } },
{ "type": "Feature", "properties": { "ELEV": 150.0 }, "geometry": { "type": "LineString", "coordinates": [ [ -74.916098295543421, 10.822378266926231 ], [ -74.916100050841223, 10.822654421813347 ], [ -74.916381050894827, 10.822928842356678 ], [ -74.915824314427539, 10.823208465771948 ], [ -74.915766710742545, 10.822932657579161 ], [ -74.916100050282736, 10.822654421816813 ], [ -74.916098295543421, 10.822378266926231 ] ] } },
{ "type": "Feature", "properties": { "ELEV": 50.0 }, "geometry": { "type": "LineString", "coordinates": [ [ -74.806070514408077, 10.822765750938395 ], [ -74.806070514685686, 10.822765750660587 ], [ -74.806629040595638, 10.822762481151987 ], [ -74.806349777525867, 10.822764116447575 ], [ -74.806070514408077, 10.822765750938395 ] ] } },
{ "type": "Feature", "properties": { "ELEV": 100.0 }, "geometry": { "type": "LineString", "coordinates": [ [ -74.862756532713902, 10.821876391690799 ], [ -74.862478985407122, 10.822154240555305 ], [ -74.862759944408026, 10.822428718001749 ], [ -74.863037491622592, 10.822150868890054 ], [ -74.862756532713902, 10.821876391690799 ] ] } },
{ "type": "Feature", "properties": { "ELEV": 100.0 }, "geometry": { "type": "LineString", "coordinates": [ [ -74.854099663373958, 10.82192852964646 ], [ -74.854099663511889, 10.821928529369455 ], [ -74.854099663792837, 10.821928529643946 ], [ -74.854099663515285, 10.821928529921784 ], [ -74.854099663373958, 10.82192852964646 ] ] } },
{ "type": "Feature", "properties": { "ELEV": 100.0 }, "geometry": { "type": "LineString", "coordinates": [ [ -74.859822669052178, 10.821617914399942 ], [ -74.860101922668377, 10.821616231175698 ], [ -74.859964850723102, 10.822031318774455 ], [ -74.859684745337034, 10.821894919839835 ], [ -74.859822669052178, 10.821617914399942 ] ] } },
{ "type": "Feature", "properties": { "ELEV": 150.0 }, "geometry": { "type": "LineString", "coordinates": [ [ -74.916367011654089, 10.820719603491467 ], [ -74.916646255154888, 10.820717868981186 ], [ -74.916927253971892, 10.820992289556017 ], [ -74.916648009842589, 10.820994024090359 ], [ -74.916367011654089, 10.820719603491467 ] ] } },
{ "type": "Feature", "properties": { "ELEV": 200.0 }, "geometry": { "type": "LineString", "coordinates": [ [ -74.984211957085691, 10.882296803949894 ], [ -74.983739844901564, 10.882704882259167 ], [ -74.983741671933331, 10.882981024901532 ], [ -74.983519568601366, 10.883183300055 ], [ -74.982680598085693, 10.883022400862343 ], [ -74.98184395950274, 10.883214209083052 ], [ -74.981569596932772, 10.883961598668233 ], [ -74.980177700239423, 10.884660970657757 ], [ -74.979061052298434, 10.884747075826077 ], [ -74.978501946636669, 10.884671779736331 ], [ -74.978221287621338, 10.884466472713283 ], [ -74.978497289332822, 10.883966079692572 ], [ -74.979891113275713, 10.883558199647208 ], [ -74.980025287809625, 10.882728868984882 ], [ -74.97954502495962, 10.881903501655515 ], [ -74.979319770451056, 10.881628799208656 ], [ -74.979040481000055, 10.881630600085966 ], [ -74.978757952039985, 10.881141478889809 ], [ -74.978105872626116, 10.881084313915535 ], [ -74.977918465628363, 10.880901417965232 ], [ -74.977897417977331, 10.8805333463915 ], [ -74.977635534551368, 10.880350930037618 ], [ -74.976156868410158, 10.879992244938382 ], [ -74.97573469495795, 10.879166495050045 ], [ -74.974829676757096, 10.878399081384524 ], [ -74.974780947299038, 10.878068007708102 ], [ -74.974220556012654, 10.877795455465881 ], [ -74.974241985450561, 10.877243005649904 ], [ -74.97369555343144, 10.875826286999578 ], [ -74.973413985085756, 10.875480928728663 ], [ -74.973134700357335, 10.875482723232837 ], [ -74.97257386676246, 10.875141942860877 ], [ -74.972289156306431, 10.874318255849012 ], [ -74.971670443197411, 10.873669494814411 ], [ -74.97167607613369, 10.872564832725271 ], [ -74.971539503523374, 10.872289552773001 ], [ -74.969941191602004, 10.871195179347628 ], [ -74.969846285602941, 10.870919631079877 ], [ -74.970029573229851, 10.870476605011339 ], [ -74.970308853825713, 10.870474814144119 ], [ -74.970864876555893, 10.87008462861707 ], [ -74.970987188028573, 10.869807687389034 ], [ -74.970984575221038, 10.86704613750897 ], [ -74.970676588122899, 10.866219642305055 ], [ -74.970599903698186, 10.864287036555661 ], [ -74.970805735945888, 10.863733403504861 ], [ -74.970899725430598, 10.862628173909956 ], [ -74.971093404730922, 10.862350775531471 ], [ -74.972489380018473, 10.862282646549064 ], [ -74.973601053562234, 10.861450988731971 ], [ -74.974151341022022, 10.86019094506832 ], [ -74.974704891024629, 10.859427961240058 ], [ -74.975003200899991, 10.859287967696714 ], [ -74.975185943067089, 10.857077544706152 ], [ -74.974964827016635, 10.856484166431127 ], [ -74.974685560209963, 10.856485959247967 ], [ -74.974404758510047, 10.856254090973687 ], [ -74.974245982965158, 10.855702797236102 ], [ -74.97475692069365, 10.854594892766476 ], [ -74.974393422673813, 10.854528186554488 ], [ -74.973800690243181, 10.854048715891919 ], [ -74.97369027443996, 10.853773267718999 ], [ -74.973411017066738, 10.851841963153735 ], [ -74.97370188740571, 10.851287784788434 ], [ -74.973864007283609, 10.850458275563927 ], [ -74.973526587341752, 10.850108967344521 ], [ -74.972688392154197, 10.850051577781981 ], [ -74.972403879257769, 10.849252546569938 ], [ -74.971843004756707, 10.84889713613614 ], [ -74.971557319199945, 10.847918609073995 ], [ -74.971278059769418, 10.847920397404435 ], [ -74.970995814952829, 10.847466545562627 ], [ -74.970922200987403, 10.846887087126328 ], [ -74.97113891080329, 10.8460572287915 ], [ -74.970224986289594, 10.845510763992017 ], [ -74.970420839104236, 10.844957196510212 ], [ -74.969859822309544, 10.844578414381427 ], [ -74.969491721010314, 10.844134668651677 ], [ -74.969489913728466, 10.843858522928576 ], [ -74.96873265098948, 10.843034892687481 ], [ -74.968903572538991, 10.842481485263578 ], [ -74.968818510494856, 10.84192971419262 ], [ -74.967329153456859, 10.841939230596935 ], [ -74.967323438044474, 10.841064767856658 ], [ -74.968016457028938, 10.840277894560202 ], [ -74.967873220118335, 10.839726494404562 ], [ -74.967314113926349, 10.839638012746789 ], [ -74.967126742718122, 10.839455104069092 ], [ -74.967030050134341, 10.838903405972356 ], [ -74.967357934874528, 10.837796681609063 ], [ -74.967112309564101, 10.837245934315161 ], [ -74.967239018305492, 10.836692809916856 ], [ -74.967571712277191, 10.836322475571322 ], [ -74.967673423656279, 10.835861563332138 ], [ -74.968369740859629, 10.835580959044069 ], [ -74.968486901017442, 10.833923265223225 ], [ -74.968715997174769, 10.833369486896542 ], [ -74.969503885126301, 10.832858165077491 ], [ -74.969780823711545, 10.832503527740581 ], [ -74.971457098474417, 10.832615548537852 ], [ -74.972017471840246, 10.832899627847505 ], [ -74.972294231264328, 10.832518141289802 ], [ -74.972292423397136, 10.832241995826879 ], [ -74.972067220026887, 10.831967279496819 ], [ -74.971171830505213, 10.831696848774712 ], [ -74.971166410552328, 10.830868411764069 ], [ -74.970885853224601, 10.830669363709461 ], [ -74.970047629967638, 10.830599405187161 ], [ -74.970009113713829, 10.830047336457516 ], [ -74.969788356573076, 10.829772589387755 ], [ -74.97003138243997, 10.828114092093665 ], [ -74.970310623719016, 10.828112308115523 ], [ -74.970673917646579, 10.826729200035091 ], [ -74.971215866087519, 10.82562110759212 ], [ -74.971409326701817, 10.825313029774392 ], [ -74.971965705293243, 10.824988684737212 ], [ -74.972523544872516, 10.824887835496114 ], [ -74.973362839975195, 10.82512410485278 ], [ -74.973688165601516, 10.825052984230805 ], [ -74.974193385150187, 10.824024025771173 ], [ -74.974796072658606, 10.823665109624054 ], [ -74.974461255602819, 10.822286468183218 ], [ -74.974739586554264, 10.822146608734927 ], [ -74.975578971205067, 10.822397666691758 ], [ -74.976133046440651, 10.821723452436688 ], [ -74.976131236904365, 10.821447307422851 ], [ -74.976990914082904, 10.820061018226207 ], [ -74.977515999821676, 10.819698650606227 ], [ -74.977762681974838, 10.82005607311676 ], [ -74.97780422596567, 10.821068380183018 ], [ -74.978083459407529, 10.821066590320033 ], [ -74.97822549134834, 10.821433888186345 ], [ -74.977948068786233, 10.821711822947973 ], [ -74.977887316622628, 10.823092993964243 ], [ -74.978656018968906, 10.823210801034872 ], [ -74.980046553425183, 10.822342727880283 ], [ -74.980365277377885, 10.823629409951581 ], [ -74.980655191420425, 10.823903704658493 ], [ -74.980657005519205, 10.824179848870589 ], [ -74.980345134505271, 10.82528647472906 ], [ -74.979227959725335, 10.825259125487054 ], [ -74.978112143411636, 10.825438880736675 ], [ -74.977775382541296, 10.826131430831557 ], [ -74.976724104429323, 10.826690482940284 ], [ -74.976725915406291, 10.826966627761331 ], [ -74.97644848704283, 10.827244562221768 ], [ -74.97672953736658, 10.827518917250547 ], [ -74.977844683359905, 10.827235611337095 ], [ -74.978224252252247, 10.828337801757394 ], [ -74.978064987187892, 10.828891135772039 ], [ -74.978136912111083, 10.829212856587526 ], [ -74.97925508466777, 10.829389785331076 ], [ -74.980371855503577, 10.829353325657136 ], [ -74.980593928095885, 10.829151058750904 ], [ -74.98064723528077, 10.82876409825354 ], [ -74.980927201431996, 10.828872762100778 ], [ -74.980929016703129, 10.829148906270168 ], [ -74.981628933484487, 10.829420564724019 ], [ -74.981716337655328, 10.829972314211401 ], [ -74.982289577726903, 10.830797095875898 ], [ -74.982291394506063, 10.831073239690721 ], [ -74.982618630468011, 10.831292059851069 ], [ -74.982921804282697, 10.831069185720562 ], [ -74.983048039917264, 10.830239907637036 ], [ -74.983445207688561, 10.829592990495016 ], [ -74.983773412041245, 10.829959086164063 ], [ -74.983974843915021, 10.830510100603885 ], [ -74.983837041473734, 10.83078714256529 ], [ -74.983875583203485, 10.831339205058111 ], [ -74.984016295190429, 10.831503992681123 ], [ -74.984435158249227, 10.831501296798722 ] ] } },
{ "type": "Feature", "properties": { "ELEV": 50.0 }, "geometry": { "type": "LineString", "coordinates": [ [ -74.805219500935877, 10.820561274715185 ], [ -74.805778023165757, 10.820558007126873 ], [ -74.806062245139998, 10.821384889737459 ], [ -74.806063898849956, 10.821661062264509 ], [ -74.805508681893798, 10.822216675351797 ], [ -74.804945198315565, 10.821391425698188 ], [ -74.805219500935877, 10.820561274715185 ] ] } },
{ "type": "Feature", "properties": { "ELEV": 100.0 }, "geometry": { "type": "LineString", "coordinates": [ [ -74.856320100402357, 10.819705782091463 ], [ -74.856320100541126, 10.819705781952541 ], [ -74.856320100821236, 10.819705782088942 ], [ -74.856320100543684, 10.819705782366782 ], [ -74.856320100402357, 10.819705782091463 ] ] } },
{ "type": "Feature", "properties": { "ELEV": 50.0 }, "geometry": { "type": "LineString", "coordinates": [ [ -74.805073259622461, 10.819457401742325 ], [ -74.805212338819061, 10.819364527615503 ], [ -74.806052322851585, 10.819727856037074 ], [ -74.806333236993979, 10.820002394070134 ], [ -74.8063348908736, 10.820278566303415 ], [ -74.805216195316007, 10.820008930187765 ], [ -74.805073259622461, 10.819457401742325 ] ] } },
{ "type": "Feature", "properties": { "ELEV": 150.0 }, "geometry": { "type": "LineString", "coordinates": [ [ -74.935892074378984, 10.817191726546369 ], [ -74.935335962602025, 10.817563430911036 ], [ -74.935199886805833, 10.818116609979338 ], [ -74.93581021828021, 10.818941271389626 ], [ -74.93581199048829, 10.819217423126666 ], [ -74.936185372383648, 10.819380778630769 ], [ -74.936303982566713, 10.819214336836291 ], [ -74.936290686510347, 10.818385931901625 ], [ -74.935892074378984, 10.817191726546369 ] ] } },
{ "type": "Feature", "properties": { "ELEV": 200.0 }, "geometry": { "type": "LineString", "coordinates": [ [ -74.956829930609047, 10.81632328132453 ], [ -74.956829930678509, 10.816323281268859 ], [ -74.956829930771946, 10.816323281323498 ], [ -74.956829930679461, 10.816323281416139 ], [ -74.956829930609047, 10.81632328132453 ] ] } },
{ "type": "Feature", "properties": { "ELEV": 50.0 }, "geometry": { "type": "LineString", "coordinates": [ [ -74.810769349979012, 10.814636892693954 ], [ -74.810631932112585, 10.815005940392656 ], [ -74.810773216890496, 10.815281293199943 ], [ -74.811053300516036, 10.815417740960376 ], [ -74.811610981744124, 10.815276378743127 ], [ -74.811048328345336, 10.814589226429145 ], [ -74.810769349979012, 10.814636892693954 ] ] } },
{ "type": "Feature", "properties": { "ELEV": 150.0 }, "geometry": { "type": "LineString", "coordinates": [ [ -74.98432502670417, 10.814766994520168 ], [ -74.983351061076718, 10.815279537871563 ], [ -74.982792304215394, 10.815237100978063 ], [ -74.982516947556178, 10.815828001456929 ], [ -74.981679487096201, 10.81586736672479 ], [ -74.980839676286337, 10.815548804223004 ], [ -74.980282277681638, 10.815713471126136 ], [ -74.980285298294802, 10.816173711686387 ], [ -74.980564526787106, 10.81617192037953 ], [ -74.980566339477889, 10.8164480650209 ], [ -74.979730102661719, 10.816674353787958 ], [ -74.979379616961907, 10.816455676394234 ], [ -74.979354536300832, 10.816179681026066 ], [ -74.978888702317406, 10.816113628413854 ], [ -74.978096806462361, 10.815359273530158 ], [ -74.978152298214042, 10.814530448801056 ], [ -74.9778991836031, 10.814255913938553 ], [ -74.97775414098173, 10.813428373898173 ], [ -74.977474914550882, 10.813430162216003 ], [ -74.977285145269775, 10.812879064069939 ], [ -74.977467677466507, 10.812325581883922 ], [ -74.977746902877087, 10.812323793753004 ], [ -74.97777909191808, 10.811909353134938 ] ] } },
{ "type": "Feature", "properties": { "ELEV": 150.0 }, "geometry": { "type": "LineString", "coordinates": [ [ -74.974233927740869, 10.8119320368047 ], [ -74.97430311939695, 10.812345830025958 ], [ -74.974677227317642, 10.812619594886284 ], [ -74.974956453472302, 10.81261780922954 ], [ -74.975237938593068, 10.812961205109399 ], [ -74.975368022630065, 10.813443647482835 ], [ -74.975247728537312, 10.814456992167766 ], [ -74.974409442727179, 10.814370301594661 ], [ -74.974267419906369, 10.814003000407778 ], [ -74.973847374610358, 10.813821581180193 ], [ -74.973569351213484, 10.814007463082632 ], [ -74.973571157132596, 10.814283608657583 ], [ -74.973853997508215, 10.814834114770326 ], [ -74.973857610338399, 10.815386405789475 ], [ -74.97329824927327, 10.815251903106986 ], [ -74.973019923211282, 10.815391760655174 ], [ -74.973022330757914, 10.8157599545673 ], [ -74.973395840565871, 10.81594167199701 ], [ -74.973305774110941, 10.816402509593033 ], [ -74.973026544176676, 10.81640429437442 ], [ -74.972744305007311, 10.815945836178496 ], [ -74.97218661930394, 10.816067752444372 ], [ -74.970981261792915, 10.81678556968401 ], [ -74.970798715772759, 10.817339050316926 ], [ -74.970517680899945, 10.817064687091911 ], [ -74.969963726754855, 10.817758616736109 ], [ -74.969404361843701, 10.817624107478727 ], [ -74.969126932592033, 10.817902035183508 ], [ -74.96856486461644, 10.81735330472887 ], [ -74.968006401339835, 10.817356865775267 ], [ -74.968011805968857, 10.818185304812488 ], [ -74.968571471864266, 10.818365841046008 ], [ -74.969687560140258, 10.818229847041364 ], [ -74.970805571055507, 10.818388404868408 ], [ -74.970945548123169, 10.818442742538416 ], [ -74.970949156724998, 10.818995034401311 ], [ -74.971089675176401, 10.819132215584117 ], [ -74.971921356100097, 10.818206378645467 ], [ -74.972759266303257, 10.81823390014285 ], [ -74.973181210448431, 10.818704615184664 ], [ -74.972973592425149, 10.818982099583076 ], [ -74.972771392619009, 10.820088020733989 ], [ -74.973054690615569, 10.820707563070901 ], [ -74.973680707956063, 10.820358363520187 ], [ -74.973748709069696, 10.820081771603761 ], [ -74.973514207965891, 10.819807114290871 ], [ -74.97360367175429, 10.819254228114772 ], [ -74.974440465378947, 10.819110797246212 ], [ -74.974715178043226, 10.818418647632043 ], [ -74.975274243897701, 10.81850712250994 ], [ -74.97544660531689, 10.819242437385643 ], [ -74.975839339203674, 10.819516079919788 ], [ -74.976114350280469, 10.818869953708131 ], [ -74.976671004077417, 10.818590232530129 ], [ -74.977780486238899, 10.817447815323636 ], [ -74.978338664694363, 10.817401280725901 ], [ -74.978619434099883, 10.817634213948097 ], [ -74.979737109378888, 10.817742112477561 ], [ -74.980334702958743, 10.818382643027885 ], [ -74.98058356246807, 10.819071436045682 ], [ -74.981141117732946, 10.818929779628839 ], [ -74.981139304092139, 10.81865363540428 ], [ -74.981974144852742, 10.818214316478723 ], [ -74.982252597281786, 10.818094175769208 ], [ -74.982532432151785, 10.818184430462173 ], [ -74.983093009952213, 10.818503010625465 ], [ -74.983378595140877, 10.819467719859293 ], [ -74.983657826155948, 10.81946592521613 ], [ -74.983706180782249, 10.819741770001958 ], [ -74.983289149664571, 10.82002060585001 ], [ -74.983387674780502, 10.820848438839668 ], [ -74.983666907120153, 10.820846644238006 ], [ -74.98338767478414, 10.820848439391956 ], [ -74.983044999444019, 10.822783730104112 ], [ -74.983133868391846, 10.824716246956843 ], [ -74.983416737930341, 10.825266739415639 ], [ -74.983312310650987, 10.826372032536948 ], [ -74.983425822680871, 10.826647457846933 ], [ -74.984401466154154, 10.82638475236385 ] ] } },
{ "type": "Feature", "properties": { "ELEV": 150.0 }, "geometry": { "type": "LineString", "coordinates": [ [ -74.984073276287916, 10.81186897967067 ], [ -74.984170889117323, 10.812558740997217 ], [ -74.984310501368057, 10.812557843914869 ] ] } },
{ "type": "Feature", "properties": { "ELEV": 200.0 }, "geometry": { "type": "LineString", "coordinates": [ [ -74.979838374989185, 10.811896158169015 ], [ -74.979891252263812, 10.812862365740704 ], [ -74.979428894821908, 10.813325590218067 ], [ -74.979028793275702, 10.81314405056761 ], [ -74.97883316593456, 10.811902600814511 ] ] } },
{ "type": "Feature", "properties": { "ELEV": 150.0 }, "geometry": { "type": "LineString", "coordinates": [ [ -74.984328962095873, 10.942018930098451 ], [ -74.984096542115324, 10.942075671189908 ], [ -74.984098379688092, 10.942351812704702 ], [ -74.982424142970203, 10.942638841674588 ], [ -74.981247588525278, 10.943751094391708 ], [ -74.980569989334796, 10.943878226249927 ], [ -74.979731131993759, 10.943760932180821 ], [ -74.980283406914651, 10.942790811064338 ], [ -74.98056275326654, 10.942788999058632 ], [ -74.980631672621556, 10.942650475042672 ], [ -74.980723940415885, 10.941821414525531 ], [ -74.98055495751413, 10.941615395164439 ], [ -74.979995808470107, 10.941549982969601 ], [ -74.980269193798478, 10.940650709354175 ], [ -74.980548538148582, 10.940648897711272 ], [ -74.981103230152627, 10.940043678477849 ], [ -74.98138235934934, 10.940009589832707 ], [ -74.981942781539317, 10.940267044093636 ], [ -74.982499685617398, 10.93999516556323 ], [ -74.983616271441676, 10.939869563316643 ], [ -74.983614434742179, 10.939593421676115 ], [ -74.983051158907998, 10.938906695654543 ], [ -74.982771816613933, 10.938908509300781 ], [ -74.981930578257362, 10.938430700263966 ], [ -74.981760405131993, 10.936843919598886 ], [ -74.981495514861464, 10.936017176132502 ], [ -74.982120360159897, 10.935460814832455 ], [ -74.983025918069416, 10.935109746044361 ], [ -74.983393321653608, 10.934347938451179 ], [ -74.98318296789941, 10.933520842714097 ], [ -74.983014677416733, 10.933418377280512 ], [ -74.982456079480258, 10.933433508369422 ], [ -74.981341518618478, 10.933860721825519 ], [ -74.980992002548092, 10.933811209198138 ], [ -74.980656516048725, 10.933537229978286 ], [ -74.981114037932613, 10.93325810985265 ], [ -74.981255863734404, 10.93298103625121 ], [ -74.981258506989363, 10.931876402898022 ], [ -74.981417786437646, 10.931323062135275 ], [ -74.981177675202645, 10.930220002405031 ], [ -74.981215067344266, 10.92883898949523 ], [ -74.98099026387051, 10.92828813812319 ], [ -74.980464683184167, 10.92801538933516 ], [ -74.980359939572296, 10.927739913622736 ], [ -74.980556268561656, 10.924977099165224 ], [ -74.980321161825856, 10.92442631321456 ], [ -74.980247331424238, 10.923322173937242 ], [ -74.980152391332226, 10.9230466342915 ], [ -74.979778123841484, 10.922772902852678 ], [ -74.979774463466228, 10.922220617662308 ], [ -74.978747702520963, 10.921840645585819 ], [ -74.978545256955726, 10.921400107765027 ], [ -74.978742780690695, 10.921097570451277 ], [ -74.980418904269598, 10.921111828129179 ], [ -74.98097389423701, 10.920555925901345 ], [ -74.980877124152656, 10.920004243944549 ], [ -74.980410728331478, 10.919878391567352 ], [ -74.980128826092567, 10.919491298880114 ], [ -74.97924889071426, 10.919186319101666 ], [ -74.979162820969051, 10.918910721321309 ], [ -74.979840124551799, 10.918077875598746 ], [ -74.979650250590382, 10.917526795096521 ], [ -74.979218297946701, 10.916977280227231 ], [ -74.979226944661519, 10.915872605803903 ], [ -74.979573769138469, 10.91476574416628 ], [ -74.979209323812952, 10.914215791875721 ], [ -74.978416638176228, 10.914027608417845 ], [ -74.97806511313668, 10.913670879112859 ], [ -74.978337123621046, 10.9125645018726 ], [ -74.978844054525368, 10.912285070543577 ], [ -74.978682616777263, 10.91200995936607 ], [ -74.978122610821217, 10.911806462265064 ], [ -74.977371828574618, 10.910913808881947 ], [ -74.977772362368768, 10.909530446968079 ], [ -74.977596042662768, 10.908979275816661 ], [ -74.976005374839474, 10.908437234200861 ], [ -74.976141079591429, 10.90783802215304 ], [ -74.977258032566453, 10.907784786684307 ], [ -74.97753868548439, 10.90798548819663 ], [ -74.97760002505558, 10.907874630082366 ], [ -74.977648859207918, 10.907045849688391 ], [ -74.977024239592581, 10.906221417095185 ], [ -74.976547583402422, 10.905948338277742 ], [ -74.976497382824633, 10.90539635178879 ], [ -74.976901566863731, 10.904565277946011 ], [ -74.977792016232712, 10.904053245858123 ], [ -74.978071326794222, 10.904051442455277 ], [ -74.978348507302954, 10.903727471768041 ], [ -74.978275028729783, 10.903175636314293 ], [ -74.977687658814872, 10.902350963306908 ], [ -74.977918591294184, 10.902073317528759 ], [ -74.977775287370918, 10.901521932495006 ], [ -74.977495979048896, 10.901523735146526 ], [ -74.977775287369852, 10.901521932333923 ], [ -74.977866565306826, 10.901245188168078 ], [ -74.978041821747993, 10.899587126496536 ], [ -74.97775886667759, 10.899036642468957 ], [ -74.977479560741159, 10.899038444768385 ], [ -74.977058778064688, 10.898765004241669 ], [ -74.977010403606315, 10.898489161040999 ], [ -74.977362366751137, 10.898210735306757 ], [ -74.977360542981998, 10.897934591867848 ], [ -74.977750961834147, 10.897840021189227 ], [ -74.978025401859512, 10.89710183655718 ], [ -74.978692081902793, 10.896545223746834 ], [ -74.979273143258112, 10.895713007701653 ], [ -74.980249789036492, 10.895568623178864 ], [ -74.980454700380648, 10.894876912628392 ], [ -74.981147474243713, 10.894043972722189 ], [ -74.981075822592118, 10.893768280928422 ], [ -74.98135329631836, 10.893490333399772 ], [ -74.982189891194608, 10.893287673114276 ], [ -74.982466841112284, 10.892930826887033 ], [ -74.98246501359931, 10.892654684070687 ], [ -74.982744312738546, 10.892652878274324 ], [ -74.983262736830852, 10.891268753979128 ], [ -74.983212647963825, 10.889059842544 ], [ -74.982997384265516, 10.888688425699248 ], [ -74.981879998657774, 10.888664845138635 ], [ -74.981599719831337, 10.888517957205099 ], [ -74.98153838300783, 10.887689889249717 ], [ -74.980190730516284, 10.886633421972993 ], [ -74.979352848477419, 10.886638828674009 ], [ -74.978798375395058, 10.887265726970789 ], [ -74.977962105087627, 10.887515714450174 ], [ -74.977684840468257, 10.887825217890756 ], [ -74.977127342648117, 10.887994504635943 ], [ -74.977129164359468, 10.88827064836228 ], [ -74.975733897567807, 10.888463741521972 ], [ -74.975174091276145, 10.888283242782439 ], [ -74.974615862439478, 10.888342067686848 ], [ -74.974332336164068, 10.887701830287456 ], [ -74.973212652123664, 10.887329319690012 ], [ -74.972182207532654, 10.886369398886012 ], [ -74.972022349908428, 10.884713489000399 ], [ -74.971696736456991, 10.883334799834937 ], [ -74.97262716547182, 10.883245973915352 ], [ -74.973183114350334, 10.882841973656701 ], [ -74.974579117065133, 10.882763956283984 ], [ -74.975698101593551, 10.883032910788799 ], [ -74.975699921277908, 10.883309054773418 ], [ -74.976258625596785, 10.883323867887798 ], [ -74.976757587608716, 10.882749932976616 ], [ -74.976531120968616, 10.882291132219462 ], [ -74.975971478306036, 10.882133644889185 ], [ -74.975828648745534, 10.881651291903523 ], [ -74.974799129402484, 10.880829449742208 ], [ -74.974943600351537, 10.880276208562883 ], [ -74.974839616255508, 10.879908669684623 ], [ -74.974481136897367, 10.880003027533958 ], [ -74.974004981587228, 10.880404981728816 ], [ -74.97260999824266, 10.880636408185905 ], [ -74.972497828308974, 10.880568089920024 ], [ -74.972745555928185, 10.880014185594259 ], [ -74.972659952937832, 10.879738579459428 ], [ -74.97232008493765, 10.879022756839223 ], [ -74.972041107975983, 10.879071890011915 ], [ -74.971485124445891, 10.879469969952057 ], [ -74.97064884555013, 10.879716976172292 ], [ -74.970373714054887, 10.880351600985286 ], [ -74.969413226932375, 10.880587895098781 ], [ -74.969261692465309, 10.881141180789641 ], [ -74.968983489668702, 10.881308659454959 ], [ -74.968842756353638, 10.881143868100205 ], [ -74.968531911160142, 10.880593548036927 ], [ -74.968975149470197, 10.880038391757525 ], [ -74.969041346013, 10.879485653600154 ], [ -74.968969710883755, 10.87920995651818 ], [ -74.968690421653591, 10.879211747314013 ], [ -74.969666119471313, 10.878929332391778 ], [ -74.969771104905874, 10.878376345455324 ], [ -74.969581286509765, 10.877825249731474 ], [ -74.969796696723918, 10.877547711175843 ], [ -74.970357344145782, 10.877859721567971 ], [ -74.97119536575579, 10.877878620177549 ], [ -74.972311641697146, 10.877738684281615 ], [ -74.972460802513822, 10.877254452602335 ], [ -74.972362864922815, 10.876426612756905 ], [ -74.972105702719645, 10.876152108015059 ], [ -74.972103887567798, 10.875875963301333 ], [ -74.971506264276286, 10.875603644048445 ], [ -74.971177710286852, 10.875191518316077 ], [ -74.970338646714907, 10.875012798121727 ], [ -74.970057851004228, 10.874784468950139 ], [ -74.970240414379546, 10.874230984387278 ], [ -74.970051324309026, 10.873790346545343 ], [ -74.96921154009992, 10.873501164380551 ], [ -74.969069482394588, 10.873133865902469 ], [ -74.968741840401265, 10.872859809084272 ], [ -74.967498771546701, 10.872591616407236 ], [ -74.967528897818141, 10.87245334474402 ], [ -74.967808180674254, 10.87245155582791 ], [ -74.967991653130454, 10.872036145013524 ], [ -74.968112414729077, 10.870930743121949 ], [ -74.968518921940642, 10.870099667734223 ], [ -74.968067547109101, 10.869412166621881 ], [ -74.967201603682057, 10.869003475833395 ], [ -74.967222770787203, 10.868358973421975 ], [ -74.968340490357022, 10.868443868463119 ], [ -74.968897237403567, 10.868164144811908 ], [ -74.969149620727649, 10.867610213822644 ], [ -74.969057560921911, 10.867058489722131 ], [ -74.969225495299156, 10.8665050998132 ], [ -74.969224090117748, 10.865952794872944 ], [ -74.969020579660338, 10.865677941649636 ], [ -74.969435872410145, 10.865122967100593 ], [ -74.969354268655067, 10.864847332957019 ], [ -74.96890162786417, 10.864574075475183 ], [ -74.96884085956539, 10.864298307630209 ], [ -74.969466163023114, 10.863189674257326 ], [ -74.969142113543555, 10.862915592930245 ], [ -74.969262614759757, 10.862362507070122 ], [ -74.968577232461683, 10.861952660563599 ], [ -74.968017781896933, 10.861818163166353 ], [ -74.968755271353444, 10.860708813438132 ], [ -74.968286200395966, 10.860159501957009 ], [ -74.967951074771207, 10.860161646612493 ], [ -74.968284391485128, 10.859883356112464 ], [ -74.9691237125312, 10.860108113990433 ], [ -74.969960469621583, 10.859941663363248 ], [ -74.970520973090714, 10.860237242296959 ], [ -74.970519463941756, 10.860007121382607 ], [ -74.969746943556103, 10.859321677864507 ], [ -74.969813140786755, 10.858768939889755 ], [ -74.970504676066383, 10.857751934737971 ], [ -74.97117069489407, 10.857103301358405 ], [ -74.970499628632112, 10.856982075071228 ], [ -74.968545573693874, 10.857120112423013 ], [ -74.967991427887085, 10.857794325996792 ], [ -74.967434180697197, 10.857995146158929 ], [ -74.967156718766176, 10.858273078246631 ], [ -74.966598179145151, 10.858276650036663 ], [ -74.966320006259906, 10.858446095620064 ], [ -74.965903359281853, 10.858793956034381 ], [ -74.965905165818327, 10.85907010208793 ], [ -74.965488968944229, 10.859486998759984 ], [ -74.965069159067369, 10.859351602562324 ], [ -74.96492410672613, 10.858524056371783 ], [ -74.964366468419414, 10.858665697210125 ], [ -74.963807024852372, 10.858531190812217 ], [ -74.963735402755518, 10.858255490075795 ], [ -74.963803415865172, 10.857978897835102 ], [ -74.964082685893842, 10.857977114651584 ], [ -74.964922301180223, 10.858247909592889 ], [ -74.965203377069045, 10.858522271530381 ], [ -74.965572125225634, 10.857967600118803 ], [ -74.96547722935243, 10.857692049123477 ], [ -74.965197959542095, 10.85769383325208 ], [ -74.965474971972426, 10.857346866159697 ], [ -74.96603649084517, 10.857798937703024 ], [ -74.967153749244645, 10.857819409977237 ], [ -74.967430306920562, 10.85740340511405 ], [ -74.966924008541739, 10.856854328131563 ], [ -74.966932550789679, 10.856025801066494 ], [ -74.966719486362564, 10.855474848232163 ], [ -74.967695888629606, 10.855310800530864 ], [ -74.968252291457503, 10.854981770244404 ], [ -74.969370713945381, 10.855181730892129 ], [ -74.969648171070645, 10.854903797666914 ], [ -74.969696787401801, 10.853798858077312 ], [ -74.969918028345447, 10.853466053240247 ], [ -74.970197051880689, 10.853427445849547 ], [ -74.970757994726597, 10.853792062752975 ], [ -74.971037259695223, 10.853790273938682 ], [ -74.971314713871422, 10.853512339764295 ], [ -74.971311092808136, 10.8529600492566 ], [ -74.971028208441297, 10.852409547699574 ], [ -74.970472395496387, 10.852827342717415 ], [ -74.969912660999057, 10.852646821619098 ], [ -74.969355209332946, 10.852814768956865 ], [ -74.968795905534137, 10.852699994814454 ], [ -74.969075169958543, 10.85269820781885 ], [ -74.969185067196619, 10.852421347522599 ], [ -74.969239111526932, 10.852144844493221 ], [ -74.969069745023333, 10.851869771114965 ], [ -74.9679547991108, 10.852199086514407 ], [ -74.967395969878922, 10.852156633458964 ], [ -74.968174294199812, 10.851599341822785 ], [ -74.968172486853263, 10.851323196013524 ], [ -74.96878324996301, 10.850766974846568 ], [ -74.969898490855797, 10.850483681585477 ], [ -74.970008386838273, 10.85020682123224 ], [ -74.969607926548719, 10.848759558954235 ], [ -74.969554334671543, 10.84910509834493 ], [ -74.969056184602181, 10.849798678550572 ], [ -74.968776923004853, 10.849800464918655 ], [ -74.968499769979601, 10.850124421043523 ], [ -74.967941848249026, 10.850220041302176 ], [ -74.967378807974853, 10.849533247059844 ], [ -74.967091419689325, 10.848292374846693 ], [ -74.966817576141068, 10.849122597166023 ], [ -74.96649357656743, 10.849400824869981 ], [ -74.966268079941017, 10.85050689615341 ], [ -74.965430807172979, 10.850591146195915 ], [ -74.965151028611601, 10.850514030453954 ], [ -74.965009592899548, 10.850238775601404 ], [ -74.965072191830146, 10.849133744441581 ], [ -74.965417960797893, 10.848625247534605 ], [ -74.966251832789439, 10.848021580648993 ], [ -74.96597076779311, 10.847747218082457 ], [ -74.9654117962735, 10.847681747581122 ], [ -74.964855079411919, 10.847961459193986 ], [ -74.964481379425777, 10.84775672561813 ], [ -74.964292801617617, 10.8473897182052 ], [ -74.964014142541174, 10.847483548719577 ], [ -74.96401774829522, 10.848035841855141 ], [ -74.964300615505294, 10.84858635311134 ], [ -74.963745698623342, 10.849142209761322 ], [ -74.963751107481741, 10.84997064950146 ], [ -74.963191680832381, 10.849836139222909 ], [ -74.963092285153394, 10.84887021937543 ], [ -74.96248541625684, 10.848597930670609 ], [ -74.962413799383853, 10.848322228926138 ], [ -74.963734882010627, 10.847485330140957 ], [ -74.963634585674598, 10.846381337309888 ], [ -74.963279055203088, 10.84610744635302 ], [ -74.963164648845733, 10.845693938620276 ], [ -74.962606581551384, 10.845766535658028 ], [ -74.962052115724006, 10.846391425714137 ], [ -74.962333176154488, 10.846665792592495 ], [ -74.96233497740657, 10.846941939732606 ], [ -74.961782579831365, 10.847884398714019 ], [ -74.961503318786484, 10.847886178175372 ], [ -74.960942276453565, 10.847503130566245 ], [ -74.960832372083772, 10.847779989012517 ], [ -74.960949476987196, 10.848607718856407 ], [ -74.960671415124082, 10.848793595612451 ], [ -74.958997520538929, 10.84906200097863 ], [ -74.958724372392624, 10.850002679316425 ], [ -74.959005434480261, 10.850277049298702 ], [ -74.959561391502547, 10.849878997877362 ], [ -74.96067921570345, 10.849990233017301 ], [ -74.96068371630669, 10.850680600845136 ], [ -74.960404452482109, 10.850682379762672 ], [ -74.960241394138038, 10.851373814695432 ], [ -74.960968081962434, 10.85146123808005 ], [ -74.961525109798515, 10.851227556148043 ], [ -74.961918781983826, 10.851639284460243 ], [ -74.9623417841714, 10.852741220551129 ], [ -74.962283329590534, 10.853293909820222 ], [ -74.961989049928661, 10.853848102924221 ], [ -74.961822165731036, 10.853952726381747 ], [ -74.961261155423571, 10.85357658521486 ], [ -74.96070262254274, 10.85358014478213 ], [ -74.960141088973046, 10.853123458013791 ], [ -74.959304489946533, 10.853312891940281 ], [ -74.95902297440459, 10.852969485851736 ], [ -74.958747755930602, 10.853592595226605 ], [ -74.957629789218885, 10.853461630544722 ], [ -74.957562669462774, 10.853876295880122 ], [ -74.957355016899385, 10.854153775917579 ], [ -74.957076198627803, 10.854224589278806 ], [ -74.954560842499447, 10.853941405771717 ], [ -74.954279929211026, 10.85369004392704 ], [ -74.954001409321123, 10.853806879239224 ], [ -74.95414882155967, 10.855002634170443 ], [ -74.954289353473726, 10.855139821119861 ], [ -74.954568323216577, 10.85509202250037 ], [ -74.955129854337855, 10.855548720018767 ], [ -74.955409123564976, 10.855546945099791 ], [ -74.956529794779328, 10.856092138156583 ], [ -74.957086086319237, 10.85574340102229 ], [ -74.958203612220402, 10.855805329447831 ], [ -74.959045018284328, 10.856352289874886 ], [ -74.958953728238086, 10.856629029993492 ], [ -74.958209009095782, 10.856633771622679 ], [ -74.957369761016324, 10.856418185727222 ], [ -74.956812659867325, 10.856642657236522 ], [ -74.957093727905772, 10.856917028169473 ], [ -74.957095526031509, 10.8571931757199 ], [ -74.956816255466649, 10.857194952711852 ], [ -74.956821649363519, 10.85802339505622 ], [ -74.957661262056931, 10.858294211308031 ], [ -74.957663060937563, 10.85857035873974 ], [ -74.95710391783301, 10.858481864219865 ], [ -74.956268499534204, 10.858855391269579 ], [ -74.956075128483334, 10.85775198452947 ], [ -74.955144994329544, 10.85787625222563 ], [ -74.954585681718711, 10.857761453052637 ], [ -74.954211524236371, 10.857487670925604 ], [ -74.954209728709486, 10.857211522902841 ], [ -74.953741524666995, 10.85679105249771 ], [ -74.952347472856189, 10.857154308365107 ], [ -74.952066856213477, 10.856948969479829 ], [ -74.95150831426821, 10.856952513541101 ], [ -74.951453426078643, 10.858057501067174 ], [ -74.951148502314595, 10.858887915173096 ], [ -74.950777930903712, 10.859166425798515 ], [ -74.949772645783412, 10.859448960743226 ], [ -74.950137046348445, 10.86082745005832 ], [ -74.950416321314009, 10.860825678819957 ], [ -74.950792273900717, 10.861375614093239 ], [ -74.948748134100114, 10.861986922949749 ], [ -74.948536589920479, 10.862494557375946 ], [ -74.948756280717831, 10.863242742631412 ], [ -74.949314989153024, 10.863262871522036 ], [ -74.950155868933038, 10.86372701063268 ], [ -74.950435146589996, 10.863725238910364 ], [ -74.950661258748752, 10.864138044157139 ], [ -74.949723277914686, 10.864696314572447 ], [ -74.949606455179506, 10.865138911540601 ], [ -74.949327893017568, 10.865251142268878 ], [ -74.949156741116695, 10.864699907379116 ], [ -74.948763735108031, 10.864391718920617 ], [ -74.947649232068144, 10.864801515905866 ], [ -74.947536107057374, 10.865814820509019 ], [ -74.946499291115785, 10.866926030035421 ], [ -74.946547628175239, 10.867201884347935 ], [ -74.946827804818128, 10.867338189848846 ], [ -74.948224970219314, 10.867446173137672 ], [ -74.948562037856675, 10.867741439412939 ], [ -74.948510277743395, 10.86837299076282 ], [ -74.948232633769962, 10.868627240397659 ], [ -74.947953351188247, 10.868629010908268 ], [ -74.947607472425815, 10.869128291723502 ], [ -74.947915404521353, 10.869954820447287 ], [ -74.947759656216789, 10.87106044864629 ], [ -74.947132608589271, 10.871271543560555 ], [ -74.946298423614905, 10.871842958213145 ], [ -74.946015616598558, 10.871301634211795 ], [ -74.945735833912806, 10.871226695034279 ], [ -74.944898772916844, 10.871354733279095 ], [ -74.944620679832965, 10.871540600768647 ], [ -74.944216658836666, 10.87384449720785 ], [ -74.944914879024722, 10.873840076849014 ], [ -74.944986490590878, 10.874115783975757 ], [ -74.944640959516846, 10.874670293222644 ], [ -74.94436238647863, 10.874782521037103 ], [ -74.943523982885239, 10.874704979381237 ], [ -74.941566718355332, 10.874371095146181 ], [ -74.940940378993318, 10.874693701388065 ], [ -74.940856826760879, 10.874970390589063 ], [ -74.941106870718869, 10.875244971508017 ], [ -74.941184921261623, 10.875796800464466 ], [ -74.941672598870198, 10.876346039597353 ], [ -74.941580395492238, 10.876484703241935 ], [ -74.941300211055321, 10.876348394201147 ], [ -74.94102181344644, 10.876488234441112 ], [ -74.940754492153189, 10.878340203741024 ], [ -74.940476628460161, 10.87856288907958 ], [ -74.940197335343697, 10.878564654135381 ], [ -74.939830302307072, 10.879395457030322 ], [ -74.939368383713827, 10.879950698030671 ], [ -74.939371955151316, 10.880502998149833 ], [ -74.93909337416946, 10.880615222551892 ], [ -74.938816935540558, 10.881058826901075 ], [ -74.939008489412217, 10.88188610108746 ], [ -74.939504155424714, 10.882435292030932 ], [ -74.939482914576445, 10.88326391010019 ], [ -74.938555493293023, 10.88382209248922 ], [ -74.938347804975635, 10.884099565694251 ], [ -74.93837465090111, 10.884651718979825 ], [ -74.938005822649615, 10.885206371479986 ], [ -74.938007607940747, 10.885482521711262 ], [ -74.936611464432517, 10.885546568804903 ], [ -74.935497175511244, 10.886004663884506 ], [ -74.933819884850465, 10.885785104654664 ], [ -74.933818103309434, 10.885508953782107 ], [ -74.933256830489697, 10.885098247319416 ], [ -74.933114509117644, 10.884684900588663 ], [ -74.933805957772009, 10.883626106783613 ], [ -74.934502099089741, 10.883295346141834 ], [ -74.934500317337935, 10.883019195336351 ], [ -74.935475568996694, 10.882657981334386 ], [ -74.935601249175605, 10.882459930267901 ], [ -74.935472003962346, 10.88210568001432 ], [ -74.9351907208532, 10.881799730289785 ], [ -74.934911423846316, 10.881801491056043 ], [ -74.934628682366878, 10.881269359995972 ], [ -74.934348198241139, 10.881087019644248 ], [ -74.933513572966731, 10.88159857531941 ], [ -74.932848373045715, 10.880820304893206 ], [ -74.932667613547267, 10.880351966997246 ], [ -74.931897236707314, 10.879997804876959 ], [ -74.930840988077307, 10.878623636767875 ], [ -74.93083921047814, 10.878347485279436 ], [ -74.929860347117284, 10.878146517331846 ], [ -74.929023085066731, 10.878248435704908 ], [ -74.928744500740962, 10.878360651028423 ], [ -74.928746275995636, 10.878636802861564 ], [ -74.928744500322011, 10.878360651031056 ], [ -74.928464613934366, 10.878270354758033 ], [ -74.92812650174578, 10.877812206398719 ], [ -74.928177035586131, 10.876983399800045 ], [ -74.927896854728019, 10.876847077489566 ], [ -74.927617561124777, 10.876848830833179 ], [ -74.92733974590935, 10.877080710593784 ], [ -74.927246056593916, 10.876989244212893 ], [ -74.927508016085866, 10.875606783954028 ], [ -74.927885320635141, 10.875052089318949 ], [ -74.927548396426388, 10.874778040854851 ], [ -74.927532657927074, 10.874501976398196 ], [ -74.927321415647768, 10.874227138856574 ], [ -74.926764606239288, 10.874506795615231 ], [ -74.925925845058131, 10.874373974567701 ], [ -74.925831861707067, 10.874236481986715 ], [ -74.925919641704411, 10.873407441123071 ], [ -74.926198932664477, 10.873405689776586 ], [ -74.926474677851544, 10.872851633768503 ], [ -74.927217678041288, 10.872570809904346 ], [ -74.927392788100377, 10.87229354798423 ], [ -74.927207039236237, 10.870913896692878 ], [ -74.927019665240792, 10.870730963069578 ], [ -74.926462270744025, 10.870918567522079 ], [ -74.926464042935905, 10.871194719997476 ], [ -74.925904875114242, 10.871106171081371 ], [ -74.925624405489827, 10.8709238203281 ], [ -74.925692456020101, 10.870647229961481 ], [ -74.925269981461696, 10.870097550311225 ], [ -74.925337589509127, 10.869751922125825 ], [ -74.92666110268074, 10.869260340110454 ], [ -74.926896723973385, 10.86898269924948 ], [ -74.926865250641285, 10.868430569754347 ], [ -74.92700312115943, 10.868153541828525 ], [ -74.926346139659117, 10.867329170202332 ], [ -74.926149321801901, 10.865673422367934 ], [ -74.925309700953477, 10.865402519194213 ], [ -74.924802991158614, 10.866234183644925 ], [ -74.924761753912563, 10.867062933216189 ], [ -74.924203183786574, 10.867066430909313 ], [ -74.923922129295093, 10.866792026448016 ], [ -74.923823727024612, 10.865964150636367 ], [ -74.922518632739425, 10.865696152456676 ], [ -74.922002007274457, 10.864318562064446 ], [ -74.921980524406848, 10.862661710885769 ], [ -74.920847897914669, 10.862116460187423 ], [ -74.920643653677971, 10.861841571600126 ], [ -74.92039222237095, 10.860738483939684 ], [ -74.92025207826066, 10.86066045494473 ], [ -74.919694610832607, 10.860834894588884 ], [ -74.919621312388429, 10.861019461928059 ], [ -74.919640661236798, 10.862676328911425 ], [ -74.919439445244649, 10.864610737606036 ], [ -74.918325397171913, 10.865100980009688 ], [ -74.917766387781185, 10.865035426923045 ], [ -74.917208700578556, 10.865176988239622 ], [ -74.915820028886117, 10.866400772779532 ], [ -74.914422542756839, 10.866243781174795 ], [ -74.913581517379697, 10.865751920804151 ], [ -74.913765948025585, 10.86547460683849 ], [ -74.913577411763995, 10.865107559953344 ], [ -74.91245792673908, 10.864746306016666 ], [ -74.912362487398426, 10.864378678850946 ], [ -74.911893246436378, 10.863789813781837 ], [ -74.911333925120005, 10.863674934882274 ], [ -74.910117673206031, 10.862735639019116 ], [ -74.909997793594385, 10.862184051617852 ], [ -74.909646934506171, 10.861910064797177 ], [ -74.909587567531418, 10.861358101204516 ], [ -74.909920950628759, 10.861079864509044 ], [ -74.911041591092939, 10.861625234005926 ], [ -74.911935293594865, 10.861619678329285 ], [ -74.911875336819335, 10.8609756642446 ], [ -74.911593127093766, 10.860517142379834 ], [ -74.911313845995167, 10.860518878323299 ], [ -74.911094870899788, 10.86024407320981 ], [ -74.910465467964983, 10.858867153990101 ], [ -74.909909062422102, 10.859209540575193 ], [ -74.907860608354582, 10.859159489593454 ], [ -74.907998495200772, 10.858882467778294 ], [ -74.907764008631844, 10.85860775588892 ], [ -74.90776225558001, 10.85833160029124 ], [ -74.907947740741008, 10.858219983174445 ], [ -74.908508097280247, 10.858499577236875 ], [ -74.909345340905602, 10.858400681680417 ], [ -74.910177411807084, 10.857488112315627 ], [ -74.910175656723737, 10.857211957088042 ], [ -74.910732457739655, 10.85693233291396 ], [ -74.910730702330767, 10.85665617762756 ], [ -74.911849276238883, 10.856879366167455 ], [ -74.912135874269723, 10.858028275491437 ], [ -74.912642612911839, 10.857196627893854 ], [ -74.91264085561258, 10.856920473060061 ], [ -74.913522011242222, 10.856408689408676 ], [ -74.913756207205466, 10.856637370563073 ], [ -74.913808028489541, 10.857465544649434 ], [ -74.914086427003198, 10.857325729834406 ], [ -74.914645510069192, 10.857405100089533 ], [ -74.91520969665504, 10.858285316922162 ], [ -74.915488623017964, 10.858228346980107 ], [ -74.91604929232065, 10.858556252817463 ], [ -74.916117351233709, 10.858279663888469 ], [ -74.915565248569365, 10.857730772224992 ], [ -74.915666359755207, 10.856901646625245 ], [ -74.915143282965857, 10.856628738250205 ], [ -74.915127559632836, 10.856352670742874 ], [ -74.915841983966459, 10.855243561113907 ], [ -74.915535916277676, 10.85469313617952 ], [ -74.915532397243169, 10.854140827355044 ], [ -74.915874451419711, 10.853034036375412 ], [ -74.915453782039748, 10.852760489798261 ], [ -74.915731882454452, 10.852574648381578 ], [ -74.91685014781612, 10.852751794891862 ], [ -74.916851908249413, 10.853027949187027 ], [ -74.916015848156405, 10.853309321311933 ], [ -74.915924516509676, 10.853586055313496 ], [ -74.916019367718818, 10.853861630009828 ], [ -74.916299741895273, 10.854032487283318 ], [ -74.917045133458558, 10.854131406019475 ], [ -74.917424544256747, 10.85523370204954 ], [ -74.91798379934896, 10.855340682225481 ], [ -74.918262369537402, 10.855228479466083 ], [ -74.917605443256292, 10.854404079574143 ], [ -74.917694659533694, 10.853795960425938 ], [ -74.918441504113673, 10.854122702810475 ], [ -74.918443266275332, 10.854398856753411 ], [ -74.918817746990953, 10.854727919420585 ], [ -74.919377706412277, 10.854945358377208 ], [ -74.920214648120051, 10.85480205365301 ], [ -74.920774961143493, 10.855074720716377 ], [ -74.920913715977605, 10.85493577228841 ], [ -74.920954968299853, 10.854107021088081 ], [ -74.920767021651912, 10.853832029968206 ], [ -74.920208474742623, 10.853835516001444 ], [ -74.919925674540849, 10.853284951554519 ], [ -74.919367833606429, 10.853398897272601 ], [ -74.918948218711392, 10.853291048438026 ], [ -74.918727027617763, 10.853016262845154 ], [ -74.918942931460961, 10.852462586780655 ], [ -74.91880153309036, 10.852187303563216 ], [ -74.91908168656883, 10.852323638940604 ], [ -74.919639937125666, 10.852274129801186 ], [ -74.919635823470756, 10.851629770959677 ], [ -74.919913332175298, 10.851351875059756 ], [ -74.920752203841772, 10.851512339634809 ], [ -74.922147981623269, 10.851413244212573 ], [ -74.922708984490868, 10.851794696250529 ], [ -74.923547975358488, 10.851973562884167 ], [ -74.924385199319218, 10.851876274041816 ], [ -74.924104161687069, 10.851601867433436 ], [ -74.923825774258617, 10.851741689737553 ], [ -74.923545620111511, 10.851605358951248 ], [ -74.923543853449502, 10.851329205513938 ], [ -74.922422534368735, 10.850673417280849 ], [ -74.922136028244452, 10.849542932626047 ], [ -74.921716242135076, 10.849407471306 ], [ -74.92157131496117, 10.848579882440124 ], [ -74.921850583567107, 10.84857813880078 ], [ -74.922128087272341, 10.848300241922848 ], [ -74.922971540332995, 10.849178700367807 ], [ -74.923110821406823, 10.84912259738214 ], [ -74.923338248164058, 10.848292683625953 ], [ -74.922964125625214, 10.848018856474381 ], [ -74.922679563161424, 10.847192140639603 ], [ -74.922958830157484, 10.847190396216416 ], [ -74.923236331328013, 10.846912498803219 ], [ -74.923513832264192, 10.846634600944862 ], [ -74.923512066740997, 10.846358447687878 ], [ -74.924907689573615, 10.846239260100464 ], [ -74.925182361099431, 10.845519516158731 ], [ -74.925740890561102, 10.845516023746301 ], [ -74.925311392152778, 10.843861725282435 ], [ -74.926008225023011, 10.843650245125261 ], [ -74.927126161017569, 10.843781333562431 ], [ -74.927404097417977, 10.84357247142303 ], [ -74.927262697539788, 10.843297192555328 ], [ -74.926655860938297, 10.843024825527435 ], [ -74.926559238091897, 10.842473101903794 ], [ -74.927397023471158, 10.842467860405263 ], [ -74.927956873528274, 10.842671479536888 ], [ -74.928514069976359, 10.842460868339 ], [ -74.928784483335761, 10.841078357390925 ], [ -74.928503453933459, 10.840803953304 ], [ -74.928779175327364, 10.840249899884519 ], [ -74.929057107717838, 10.840041036962786 ], [ -74.929895327669172, 10.840104827882877 ], [ -74.931575901933215, 10.840876757572897 ], [ -74.932692348634106, 10.840777700614776 ], [ -74.932690575716876, 10.84050154875141 ], [ -74.932409544103479, 10.840227148831987 ], [ -74.930870077393791, 10.83968447509246 ], [ -74.931099250390886, 10.839130712171992 ], [ -74.930887377294994, 10.838027386930161 ], [ -74.931274794720991, 10.837472632333457 ], [ -74.931833307521785, 10.837469131080072 ], [ -74.932667531636923, 10.836911573963389 ], [ -74.93293969740175, 10.835805214807813 ], [ -74.933778347649863, 10.835938034992878 ], [ -74.934194569095098, 10.835521178860967 ], [ -74.93349554727709, 10.835387483720092 ], [ -74.932935266598705, 10.835114835249565 ], [ -74.932653354631412, 10.834702358695621 ], [ -74.932374100953581, 10.834704109501581 ], [ -74.932096264381798, 10.834926781706601 ], [ -74.930981372887189, 10.835265164781301 ], [ -74.930704773688078, 10.835681142860528 ], [ -74.93042581379089, 10.83572891744463 ], [ -74.930009291034764, 10.836099744166001 ], [ -74.929872317676697, 10.836514847325118 ], [ -74.929312921413512, 10.836380268393363 ], [ -74.929311152142503, 10.836104115623838 ], [ -74.92958863828602, 10.835826214777038 ], [ -74.929586868856703, 10.835550062318822 ], [ -74.92930672966807, 10.835413734502584 ], [ -74.92763296709002, 10.835700371582011 ], [ -74.927540765664361, 10.835839030122335 ], [ -74.927916642151601, 10.836389006518679 ], [ -74.927921945852674, 10.837217464746651 ], [ -74.925969796715705, 10.837643918427451 ], [ -74.925413930389936, 10.838061638682422 ], [ -74.925132906822881, 10.837787230457581 ], [ -74.924576156286292, 10.838066872549808 ], [ -74.924103667757848, 10.836965165927072 ], [ -74.92419146000681, 10.83613612471293 ], [ -74.924003524853646, 10.835861133853067 ], [ -74.923724268394338, 10.835862877010598 ], [ -74.924840851864204, 10.83578686400951 ], [ -74.925118783847623, 10.835578004825248 ], [ -74.924832468725157, 10.8344751360994 ], [ -74.924825410191588, 10.83337052303038 ], [ -74.925379505184182, 10.832676651865423 ], [ -74.925376857750564, 10.832262422198569 ], [ -74.925095840647387, 10.831988013000133 ], [ -74.924258965175454, 10.832131319988257 ], [ -74.923976479386724, 10.831626781471821 ], [ -74.923416799525882, 10.83144616419095 ], [ -74.923069496917847, 10.831724495185826 ], [ -74.922958429574322, 10.832553681775611 ], [ -74.922308600619616, 10.832833899610284 ], [ -74.921748772054883, 10.832630266295288 ], [ -74.921055481024851, 10.833394040888402 ], [ -74.920637186204317, 10.833488702462315 ], [ -74.920359985577775, 10.833812622135293 ], [ -74.919938462948394, 10.833401000303272 ], [ -74.919510783407389, 10.832022838547477 ], [ -74.919234168880649, 10.832438808337839 ], [ -74.918535154866134, 10.832305076646142 ], [ -74.918533396293313, 10.832028922323191 ], [ -74.918112757982314, 10.831755374521437 ], [ -74.917833504568648, 10.831757111737579 ], [ -74.917690362504572, 10.831205671352798 ], [ -74.917826473288798, 10.830652493920764 ], [ -74.916986959368188, 10.830381549180018 ], [ -74.917540191771693, 10.829549612710959 ], [ -74.917818564521866, 10.829409798704845 ], [ -74.918377359812695, 10.829452350409241 ], [ -74.918658955283007, 10.82981881849544 ], [ -74.9192139402615, 10.829263034506324 ], [ -74.918932931255711, 10.828988618378352 ], [ -74.91865368051549, 10.828990355714843 ], [ -74.918932931253082, 10.82898861796412 ], [ -74.919113822798508, 10.828158996676319 ], [ -74.919484397099438, 10.827880525089871 ], [ -74.920044655278659, 10.828153202566792 ], [ -74.920326837561078, 10.828611720798715 ], [ -74.921163853985576, 10.8284914386913 ], [ -74.92172455461764, 10.828833151093043 ], [ -74.922282173560873, 10.828691593290207 ], [ -74.922280412296203, 10.828415439511215 ], [ -74.921718391476844, 10.827866612607913 ], [ -74.921995879431833, 10.827588718561548 ], [ -74.921994118473449, 10.827312564717142 ], [ -74.922273367293897, 10.827310824207634 ], [ -74.92255085422795, 10.827032929965643 ], [ -74.922617143591623, 10.826480187270668 ], [ -74.922080157907246, 10.826207369251001 ], [ -74.92198531467659, 10.825931795691286 ], [ -74.920032341328607, 10.826220123533719 ], [ -74.919739025157909, 10.82401262768834 ], [ -74.920294878910383, 10.823594920406325 ], [ -74.920854689088458, 10.823798559380435 ], [ -74.921416260024017, 10.824278351063878 ], [ -74.922255757773044, 10.82454928579285 ], [ -74.9228119013503, 10.824177600459016 ], [ -74.923650225031949, 10.824264428938296 ], [ -74.923648022640947, 10.823919237032603 ], [ -74.922809553177629, 10.823809395427926 ], [ -74.922246954744253, 10.823168516735429 ], [ -74.922801921921874, 10.822612729014608 ], [ -74.92265701800784, 10.821785137606188 ], [ -74.922374254009128, 10.821234569669185 ], [ -74.922791797862786, 10.82102484458019 ], [ -74.923629084864316, 10.820950585121553 ], [ -74.923348081622535, 10.820676172240182 ], [ -74.923068839399932, 10.820677912529026 ], [ -74.922927457467509, 10.820402628487777 ], [ -74.923903483232436, 10.820189421726763 ], [ -74.924462700624332, 10.820301003530016 ], [ -74.924740767703923, 10.8201151596876 ], [ -74.924883913133669, 10.820666595864411 ], [ -74.925305420182156, 10.821078212873438 ], [ -74.92614314671286, 10.821072984989684 ], [ -74.926430327044756, 10.822313931231998 ], [ -74.926707805555466, 10.822036034749704 ], [ -74.926706041486895, 10.821759881434218 ], [ -74.926707806113953, 10.822036034746214 ], [ -74.92698881336274, 10.822310443800154 ], [ -74.927547299489973, 10.822306955358908 ], [ -74.927821246239461, 10.821476752056304 ], [ -74.927817715602103, 10.820924446044112 ], [ -74.927536709104274, 10.820650037354721 ], [ -74.927533179263918, 10.820097731220136 ], [ -74.927810655319107, 10.819819833954529 ], [ -74.927807125394253, 10.819267527878891 ], [ -74.928084600522141, 10.818989630251425 ], [ -74.928780934141116, 10.818709115771394 ], [ -74.928918788060059, 10.818432090358048 ], [ -74.92863425257768, 10.81760537681437 ], [ -74.928355014068472, 10.817607121395858 ], [ -74.9283532488123, 10.817330968134776 ], [ -74.927789478681035, 10.816505997187569 ], [ -74.929182134605909, 10.815944969447653 ], [ -74.92918036901213, 10.815668816567301 ], [ -74.928899367317271, 10.815394408401636 ], [ -74.929176837967859, 10.815116510790963 ], [ -74.929735310336241, 10.815113020405118 ], [ -74.930111157704502, 10.815662998854602 ], [ -74.929742374659853, 10.816217631986433 ], [ -74.92946313761847, 10.816219377486956 ], [ -74.929185666495286, 10.816497275189228 ], [ -74.929190963710326, 10.817325733768595 ], [ -74.930318517921918, 10.818975667007031 ], [ -74.930049880806891, 10.820634329337297 ], [ -74.92949316545122, 10.820913974513648 ], [ -74.929772995552057, 10.821004279275069 ], [ -74.930610483962568, 10.820962218962167 ], [ -74.93088760352245, 10.820629088791964 ], [ -74.931217388085756, 10.819798534531278 ], [ -74.931550707749921, 10.819520285053537 ], [ -74.93171029367781, 10.81827655049873 ], [ -74.932552432121184, 10.818961687066009 ], [ -74.93282990175237, 10.818683786242838 ], [ -74.933665847472895, 10.818402387266103 ], [ -74.933381299926083, 10.817575680337013 ], [ -74.933102062228329, 10.817577429068425 ], [ -74.932751245904669, 10.817303462395207 ], [ -74.932813978900583, 10.816198416216482 ], [ -74.933091445945863, 10.815920515592634 ], [ -74.932808672236774, 10.815369959262481 ], [ -74.933086728554983, 10.815184109601985 ], [ -74.933274065049503, 10.815367045461354 ], [ -74.933229295159776, 10.815643489105186 ], [ -74.933370682670031, 10.815918766993743 ], [ -74.933650508411503, 10.816009068863455 ], [ -74.933936234783474, 10.817019877275611 ], [ -74.934775716705346, 10.81729077985583 ], [ -74.935334190965548, 10.817287278791204 ], [ -74.935611656044443, 10.817009376423441 ], [ -74.935466723351595, 10.816181796340015 ], [ -74.935604569714343, 10.81590476915512 ], [ -74.934764206474668, 10.815495792420785 ], [ -74.934618392105605, 10.814530135192811 ], [ -74.934197770167188, 10.81425660726577 ], [ -74.933909687965894, 10.812877595888809 ], [ -74.933071988030122, 10.812882840678391 ], [ -74.93251175294543, 10.812610183687532 ], [ -74.932786565416592, 10.811918055260312 ] ] } },
{ "type": "Feature", "properties": { "ELEV": 150.0 }, "geometry": { "type": "LineString", "coordinates": [ [ -74.940744673513848, 10.811868147562469 ], [ -74.94156243718426, 10.8131057368584 ], [ -74.941737083346027, 10.814209286714295 ], [ -74.942018093585503, 10.81448368137878 ], [ -74.942576560247602, 10.81448016811647 ], [ -74.942854015373115, 10.814202260789241 ], [ -74.942571227450216, 10.813651716245777 ], [ -74.942567672630915, 10.813099414787594 ], [ -74.942140828495667, 10.811859370715055 ] ] } },
{ "type": "Feature", "properties": { "ELEV": 150.0 }, "geometry": { "type": "LineString", "coordinates": [ [ -74.933345030746366, 10.811914559644203 ], [ -74.933345915127887, 10.812052635777951 ], [ -74.933904969657476, 10.812141189836336 ], [ -74.93446815434676, 10.81287409752394 ], [ -74.935028391011102, 10.813146750400458 ], [ -74.935166236918164, 10.812869723806408 ], [ -74.934885233572302, 10.812595321536298 ], [ -74.93548581111996, 10.811901150450932 ] ] } },
{ "type": "Feature", "properties": { "ELEV": 200.0 }, "geometry": { "type": "LineString", "coordinates": [ [ -74.964165018345497, 10.811720082059958 ], [ -74.964252749306922, 10.812686079155897 ], [ -74.964148173807686, 10.812962902923958 ], [ -74.963231607359816, 10.81310681092519 ], [ -74.96234648561196, 10.812974357553172 ], [ -74.962724506459651, 10.812419637429665 ], [ -74.962803785511682, 10.811728736495416 ] ] } },
{ "type": "Feature", "properties": { "ELEV": 200.0 }, "geometry": { "type": "LineString", "coordinates": [ [ -74.961268034407766, 10.811738493280897 ], [ -74.961268931497727, 10.811876567390403 ], [ -74.960989703722078, 10.811878340555424 ], [ -74.960898421750002, 10.812155079002263 ], [ -74.961271622971964, 10.812290788467548 ], [ -74.961555337797861, 10.812979384129051 ], [ -74.961337338562927, 10.813809245911987 ], [ -74.961002711688423, 10.813880411048014 ], [ -74.960864442606166, 10.814088408474557 ], [ -74.960840108193779, 10.814640881185911 ], [ -74.961008992310695, 10.814846927872637 ], [ -74.961288222828586, 10.814845154209459 ], [ -74.961843541993503, 10.814358347910426 ], [ -74.962122771919297, 10.814356573571924 ], [ -74.96258370442844, 10.815458279361245 ], [ -74.962606442877913, 10.815734293607495 ], [ -74.961842881211254, 10.817119941267071 ], [ -74.961997400331427, 10.818499753452834 ], [ -74.96159509013539, 10.819094079653018 ], [ -74.961315855738079, 10.819095854281777 ], [ -74.960838670749681, 10.819887912100853 ], [ -74.96060833799649, 10.820717852585757 ], [ -74.959936574143526, 10.821704018992055 ], [ -74.959572233563776, 10.822933707052641 ], [ -74.958274501637788, 10.823770424728089 ], [ -74.958603868508433, 10.824320652411641 ], [ -74.958602998065956, 10.825977613510743 ], [ -74.958538860303875, 10.826254180031048 ], [ -74.957805560004715, 10.826811154251281 ], [ -74.958584541822475, 10.828509190332046 ], [ -74.959140485820214, 10.828114433440874 ], [ -74.959698343537141, 10.828014233274851 ], [ -74.959819096508085, 10.828179161328791 ], [ -74.960108160163671, 10.829005801090622 ], [ -74.96049028365023, 10.829555689696136 ], [ -74.960675631472057, 10.830382987788452 ], [ -74.960524088943714, 10.830936269185155 ], [ -74.960564101217997, 10.832316809034136 ], [ -74.962249174479638, 10.833778933377879 ], [ -74.962528422317092, 10.833777155525901 ], [ -74.962653731976289, 10.833960463316691 ], [ -74.962658296573366, 10.835341226682678 ], [ -74.962540417780232, 10.835618135881198 ], [ -74.962261168238612, 10.835619914042327 ], [ -74.962067492601477, 10.835897305671498 ], [ -74.962267465825519, 10.836586428599857 ], [ -74.96254671626194, 10.83658465027642 ], [ -74.962737382900514, 10.83727383216058 ], [ -74.963113318213743, 10.837823753815361 ], [ -74.963393469980716, 10.837960048087025 ], [ -74.963670920608664, 10.83768212181044 ], [ -74.964228522308133, 10.837540488610092 ], [ -74.965347328383999, 10.83780951262519 ], [ -74.965721465902647, 10.838083284015109 ], [ -74.965769810710384, 10.838359133529618 ], [ -74.965631536999268, 10.838567134175857 ], [ -74.965306193911005, 10.838638249126573 ], [ -74.965274752167275, 10.838914607701172 ], [ -74.965356341128924, 10.839190245110638 ], [ -74.965635593530493, 10.839188463704234 ], [ -74.965637396481355, 10.839464610152982 ], [ -74.965862601649917, 10.839739331105422 ], [ -74.965780629059935, 10.840016012098305 ], [ -74.965037756561429, 10.840296909563412 ], [ -74.964768756726855, 10.840850941481721 ], [ -74.963877803260573, 10.84085662292682 ], [ -74.963406976242965, 10.840031149425629 ], [ -74.963215404977532, 10.839203895356681 ], [ -74.962843068242975, 10.839206267770329 ], [ -74.962844868636452, 10.83948241468325 ], [ -74.962565615285001, 10.839484193840175 ], [ -74.962012508233258, 10.84031619224038 ], [ -74.961887221168311, 10.8408693071923 ], [ -74.961428369902137, 10.841148387808408 ], [ -74.961080820240099, 10.841979076522978 ], [ -74.960938869064336, 10.843084614790243 ], [ -74.960357966545772, 10.843548577394589 ], [ -74.960078709284332, 10.843550354862421 ], [ -74.959421043806941, 10.843922751682305 ], [ -74.958971626934414, 10.845085478193818 ], [ -74.958555974065689, 10.845585208320665 ], [ -74.958138282900279, 10.845771970859257 ], [ -74.957814875787534, 10.846142239458826 ], [ -74.956634470267034, 10.846425902177593 ], [ -74.955607078434781, 10.847813226361938 ], [ -74.955083172994989, 10.848368872981752 ], [ -74.954803910377024, 10.8483706464464 ], [ -74.954604399085824, 10.848924232169042 ], [ -74.95369493078131, 10.849620404845068 ], [ -74.95201921797009, 10.849611310555392 ], [ -74.951880609921204, 10.849769995198685 ], [ -74.951222169797717, 10.85198344982564 ], [ -74.950546951007709, 10.852263890342753 ], [ -74.950548742334149, 10.852540039059599 ], [ -74.950085087842666, 10.852819137840145 ], [ -74.949952617853569, 10.853924617797396 ], [ -74.94897615383961, 10.854081437361812 ], [ -74.948697698526857, 10.854208728476136 ], [ -74.948559853815894, 10.854485761824924 ], [ -74.948394642520554, 10.856696090899725 ], [ -74.94881406251028, 10.857798075109827 ], [ -74.949374398388983, 10.858070684568748 ], [ -74.949329644150637, 10.858347128375421 ], [ -74.948516362865817, 10.859180762573397 ], [ -74.948617399541519, 10.860284763430885 ], [ -74.948463186402975, 10.861114221393413 ], [ -74.947629059252833, 10.861690237140422 ], [ -74.946234858430699, 10.862035717939298 ], [ -74.945956859351639, 10.862234735075848 ], [ -74.946246871355712, 10.863889862825813 ], [ -74.946130759045431, 10.864442919018611 ], [ -74.94597276140702, 10.864689395298267 ], [ -74.944671444305101, 10.865004475717461 ], [ -74.944663509615225, 10.865833008215775 ], [ -74.944864486039506, 10.866061870556633 ], [ -74.945143766749368, 10.86606010326447 ], [ -74.945316999995853, 10.866933515639113 ], [ -74.944035880470992, 10.867493943504959 ], [ -74.944041244306831, 10.868322392319355 ], [ -74.943903390883733, 10.868599424926026 ], [ -74.943485061669648, 10.868694124554917 ], [ -74.942937218061232, 10.870354554712501 ], [ -74.94265666713612, 10.8701607146533 ], [ -74.941818588894748, 10.870131492304443 ], [ -74.941540197011022, 10.870271332100407 ], [ -74.941541983099142, 10.870547481979102 ], [ -74.940833609885544, 10.871380441323367 ], [ -74.940645017504124, 10.872210116514514 ], [ -74.940436891170052, 10.87241855220131 ], [ -74.938481967501474, 10.872444702642511 ], [ -74.938203928111108, 10.872639770246664 ], [ -74.937567411571308, 10.874991160221224 ], [ -74.937885724010656, 10.87526531355836 ], [ -74.937945149384674, 10.875817261986901 ], [ -74.93766871195642, 10.876260864825927 ], [ -74.937389420516112, 10.876262626960212 ], [ -74.937077713785598, 10.876651219762977 ], [ -74.937261187829904, 10.87803087088702 ], [ -74.936843674462295, 10.878254434271831 ], [ -74.936562792710561, 10.878010170932596 ], [ -74.936003833503193, 10.877955952905049 ], [ -74.935725074906188, 10.878040559005287 ], [ -74.935726856857471, 10.878316709745972 ], [ -74.933215703758634, 10.878719158382742 ], [ -74.932905988531076, 10.87833448108548 ], [ -74.932823844644105, 10.877506511077096 ], [ -74.933100973440929, 10.876676279484835 ], [ -74.932632683422952, 10.874930198290155 ], [ -74.932070915544401, 10.874438941545984 ], [ -74.930951531319877, 10.874100777610671 ], [ -74.930669353653187, 10.873653786946088 ], [ -74.930464531572497, 10.872826585866772 ], [ -74.930215384874174, 10.872551988647006 ], [ -74.930096565826318, 10.871448083681877 ], [ -74.930181767648406, 10.868409756458798 ], [ -74.929600912109493, 10.866756426116245 ], [ -74.930123782437789, 10.864820002119139 ], [ -74.931170423844577, 10.86470986753743 ], [ -74.931590012552007, 10.864810792338423 ], [ -74.932011155538163, 10.865153349114863 ], [ -74.932195122811279, 10.864806989442087 ], [ -74.932566017598617, 10.864574522395449 ], [ -74.932563056236447, 10.86411427000853 ], [ -74.932003250834853, 10.863924474728579 ], [ -74.931439717115495, 10.863154759865948 ], [ -74.93087986558595, 10.862957430733287 ], [ -74.930037712429495, 10.862291470604314 ], [ -74.929199826477756, 10.862289461598239 ], [ -74.928084339244492, 10.862550819652983 ], [ -74.926534127736275, 10.863461702438931 ], [ -74.925298068408637, 10.863587801549469 ], [ -74.925075654378446, 10.86374700220861 ], [ -74.925021764461022, 10.864054188301397 ], [ -74.924323362275686, 10.864027875922869 ], [ -74.924321593109056, 10.863751723109017 ], [ -74.923900311838167, 10.863386141181872 ], [ -74.92389795362098, 10.863017937321677 ], [ -74.925009180126494, 10.862090435657743 ], [ -74.925002102459757, 10.86098582467964 ], [ -74.925559953148721, 10.860871866470724 ], [ -74.926115678832886, 10.860426524169593 ], [ -74.926952333771737, 10.860237173732941 ], [ -74.927508528248026, 10.859865470137766 ], [ -74.927646395572111, 10.859588442552853 ], [ -74.928064869047247, 10.859516778452543 ], [ -74.928272998074661, 10.859308351045705 ], [ -74.928154860665657, 10.859032928342485 ], [ -74.927291985375646, 10.858762173233728 ], [ -74.927290214360312, 10.858486020809719 ], [ -74.929166467226864, 10.857093441898831 ], [ -74.930006065438349, 10.857364338236369 ], [ -74.930143929542268, 10.857087310172201 ], [ -74.93000074576031, 10.856535882571574 ], [ -74.929721471385207, 10.856537634177741 ], [ -74.931117251379746, 10.856436821069785 ], [ -74.93146516095355, 10.856250528252946 ], [ -74.931671067127809, 10.85569690954263 ], [ -74.932507555318026, 10.855484534152366 ], [ -74.933352034497588, 10.85651483816576 ], [ -74.933631308248266, 10.85651308285423 ], [ -74.933908805094561, 10.856235176046235 ], [ -74.934015184426258, 10.855406019643558 ], [ -74.933901698786471, 10.855130570464352 ], [ -74.933339898049709, 10.854627803129603 ], [ -74.932779992787601, 10.854419596142039 ], [ -74.932310279830475, 10.85375975563333 ], [ -74.932211421758765, 10.852862847146946 ], [ -74.933330131313099, 10.853108969763134 ], [ -74.933612480194057, 10.853585877589742 ], [ -74.935290949485278, 10.854017185166398 ], [ -74.936128407001007, 10.853956684247828 ], [ -74.936688638723723, 10.854215512569946 ], [ -74.936994502511155, 10.854006465599198 ], [ -74.936776837033648, 10.853455511474642 ], [ -74.936957680331531, 10.852625886723823 ], [ -74.936862811750913, 10.85235032168684 ], [ -74.93583730007667, 10.852120063926867 ], [ -74.935452669625548, 10.851530706649392 ], [ -74.935553206254539, 10.851372267293716 ], [ -74.936669962837783, 10.85131592714432 ], [ -74.937086641792845, 10.850968102119708 ], [ -74.937084863088842, 10.850691951158829 ], [ -74.937224052396672, 10.850622034570371 ], [ -74.937367688991799, 10.851242495214688 ], [ -74.937985638162388, 10.851790928636435 ], [ -74.93807119853787, 10.852066551722446 ], [ -74.93890900490608, 10.852061274132039 ], [ -74.939464870656153, 10.851643528975151 ], [ -74.94011916890085, 10.85205364746723 ], [ -74.94058521039328, 10.852142762884382 ], [ -74.94085675563106, 10.850944350010348 ], [ -74.941134686149226, 10.850735476335251 ], [ -74.942252497333314, 10.850843491572064 ], [ -74.942949475310513, 10.85065498490065 ], [ -74.94312365154191, 10.849825401582804 ], [ -74.943429270180545, 10.849271149674948 ], [ -74.943151059060554, 10.847892099735519 ], [ -74.941668709731076, 10.846934887394186 ], [ -74.941456589050532, 10.846521982711671 ], [ -74.941662917655322, 10.846037398928891 ], [ -74.942500259731972, 10.845963077053568 ], [ -74.942731195389541, 10.845685458735803 ], [ -74.942939946937443, 10.844855657531385 ], [ -74.942908454758836, 10.844303533500387 ], [ -74.94268725282366, 10.844028767611245 ], [ -74.942039181710797, 10.843756693633704 ], [ -74.942111869068896, 10.843480073754421 ], [ -74.942762457458699, 10.843318163870208 ], [ -74.94292305332165, 10.843474957272754 ], [ -74.943165985271307, 10.844025747261336 ], [ -74.943096411841594, 10.844578508932615 ], [ -74.943316558665018, 10.846234087486991 ], [ -74.943620520251727, 10.846453097852743 ], [ -74.943899782957203, 10.846451334837223 ], [ -74.944121765561817, 10.846229004334846 ], [ -74.944116412617149, 10.845400554650537 ], [ -74.944677105914337, 10.844292369737396 ], [ -74.94416156001931, 10.843743302557037 ], [ -74.944271480017449, 10.843466447449687 ], [ -74.944156208209819, 10.842914852759149 ], [ -74.944434872887527, 10.842821039860489 ], [ -74.944507066620474, 10.843188798933269 ], [ -74.945557562533381, 10.843688459723737 ], [ -74.945838905539816, 10.844008869983854 ], [ -74.945931612457983, 10.845389088705 ], [ -74.945739701046136, 10.845942623274111 ], [ -74.945853787080537, 10.846310116834083 ], [ -74.946133525615352, 10.846381991697646 ], [ -74.947108083652793, 10.845933973069467 ], [ -74.947333653055239, 10.844827903851838 ], [ -74.947123501420606, 10.844000750573295 ], [ -74.946874370430209, 10.843726164878452 ], [ -74.946783030383401, 10.843174420710497 ], [ -74.946483367900981, 10.842900153923255 ], [ -74.946481581932716, 10.84262400436323 ], [ -74.94610879055621, 10.842557319889327 ], [ -74.945966036666505, 10.842074940225116 ], [ -74.946103880362344, 10.841797908261977 ], [ -74.946663110653958, 10.841904838927755 ], [ -74.947127826030538, 10.841791437260863 ], [ -74.94680023899322, 10.841517347101977 ], [ -74.946101380768681, 10.841411298899411 ], [ -74.945679638235589, 10.840972105555664 ], [ -74.945670714187472, 10.839591356868709 ], [ -74.945359963882993, 10.839040997113011 ], [ -74.945801418687395, 10.838209726311726 ], [ -74.945790711912679, 10.836552827697107 ], [ -74.944671915727199, 10.836283728767842 ], [ -74.944202928397615, 10.835734365320425 ], [ -74.94438374819417, 10.834904740686719 ], [ -74.944102714118046, 10.83463035246718 ], [ -74.94354421064655, 10.834633874266684 ], [ -74.944661217391101, 10.83462682873664 ], [ -74.945216153694133, 10.834071004549291 ], [ -74.945780007337561, 10.834895928753289 ], [ -74.946059258966116, 10.834894165636653 ], [ -74.945780007339366, 10.834895929029443 ], [ -74.945692275405776, 10.835724966012258 ], [ -74.946178097412798, 10.835998059423376 ], [ -74.946069965494061, 10.836551064301917 ], [ -74.94621137675172, 10.83682633222428 ], [ -74.946914866176016, 10.837650370833213 ], [ -74.947472608683753, 10.8375284917629 ], [ -74.94784571263132, 10.837644488030868 ], [ -74.947847499010251, 10.837920637454953 ], [ -74.948317210991945, 10.838580453267404 ], [ -74.948310242274061, 10.837503470970166 ], [ -74.948028308904753, 10.837091012441451 ], [ -74.947749055567911, 10.837092777648783 ], [ -74.947374931902232, 10.836818981318324 ], [ -74.947256790757606, 10.83654356706554 ], [ -74.947111807997842, 10.835716000607327 ], [ -74.947360647174378, 10.834609784998344 ], [ -74.9471010967262, 10.83405910302017 ], [ -74.947169124280094, 10.833782512118399 ], [ -74.947725839114653, 10.833502834234332 ], [ -74.948005684676872, 10.833593119402122 ], [ -74.948562993853685, 10.833405489715473 ], [ -74.94870321436845, 10.833496656834184 ], [ -74.948671880908563, 10.834049176229378 ], [ -74.94913638511261, 10.835703202448254 ], [ -74.949695246244488, 10.835754899591853 ], [ -74.950115554530583, 10.835973168561919 ], [ -74.950256968652312, 10.83624843376608 ], [ -74.950813683780524, 10.835968750048652 ], [ -74.950533537967004, 10.835832443273766 ], [ -74.950251603743666, 10.835419986858591 ], [ -74.950249815583348, 10.835143837786621 ], [ -74.949687738106633, 10.834595073094338 ], [ -74.950238193857913, 10.833348868621506 ], [ -74.951633545807752, 10.833201957199877 ], [ -74.951350003927089, 10.832540967651486 ], [ -74.951070755362039, 10.832542735180922 ], [ -74.950508950485059, 10.832035393679499 ], [ -74.949668793112806, 10.831667891521839 ], [ -74.949480126223108, 10.831282459820496 ], [ -74.949664504411899, 10.831005133256504 ], [ -74.949943751787359, 10.831003367271007 ], [ -74.950360835105442, 10.830724568722088 ], [ -74.950287448730009, 10.830172712026362 ], [ -74.950493308522212, 10.829619088966473 ], [ -74.950677685064022, 10.829341762198293 ], [ -74.951049297455455, 10.829228946979461 ], [ -74.951701585600333, 10.82933528321816 ], [ -74.951889538082995, 10.82961025376126 ], [ -74.951894904268457, 10.830438700169935 ], [ -74.952453397176015, 10.830435164044202 ], [ -74.953014276428718, 10.830799825449526 ], [ -74.953292031244729, 10.830567932427103 ], [ -74.953473719844169, 10.829876381538559 ], [ -74.953774445557471, 10.829598316223901 ], [ -74.953072752401866, 10.829050441452567 ], [ -74.953205216012449, 10.827944962277693 ], [ -74.953831724373259, 10.827664833689456 ], [ -74.953969556054844, 10.827387800503283 ], [ -74.953270254668595, 10.82720812356091 ], [ -74.953044474262938, 10.82684133996441 ], [ -74.953265184438493, 10.826425702105864 ], [ -74.953822774491144, 10.826284090266041 ], [ -74.953914065295592, 10.826007352270283 ], [ -74.953957025614926, 10.82545476018803 ], [ -74.953815615238085, 10.825179496207886 ], [ -74.953536373622811, 10.825181264508117 ], [ -74.954374097759256, 10.825175957956269 ], [ -74.95455846818362, 10.82489862995627 ], [ -74.954522070666698, 10.824070380872342 ], [ -74.954920045963561, 10.82323937963382 ], [ -74.954916465120689, 10.822687082594454 ], [ -74.954918255866971, 10.822963231114535 ], [ -74.95519868852557, 10.823145560629841 ], [ -74.95547852466386, 10.823235840262058 ], [ -74.955686162997026, 10.82295836447385 ], [ -74.955886636498022, 10.821576295019879 ], [ -74.955743436038034, 10.821024883159046 ], [ -74.955881263636854, 10.820747849843256 ], [ -74.957137829164012, 10.820739882851269 ], [ -74.957193303312096, 10.818530254576187 ], [ -74.959078135410564, 10.818518296722912 ], [ -74.957960750156403, 10.818456347220838 ], [ -74.957791865361202, 10.818250298899716 ], [ -74.958063930203011, 10.817143935225486 ], [ -74.95783337588648, 10.816040759540677 ], [ -74.95850054561383, 10.815576261995769 ], [ -74.959058411163937, 10.815480669118523 ], [ -74.959124633254135, 10.814927930495468 ], [ -74.959679508423378, 10.814372090539909 ], [ -74.959882654400502, 10.813404243701072 ], [ -74.960624575077944, 10.81298529515718 ], [ -74.960363234524522, 10.812158476791693 ], [ -74.960709578923371, 10.811742039313406 ] ] } },
{ "type": "Feature", "properties": { "ELEV": 50.0 }, "geometry": { "type": "LineString", "coordinates": [ [ -74.807683211117734, 10.812261399938574 ], [ -74.807683211256546, 10.812261399799667 ], [ -74.807683211536613, 10.812261399936121 ], [ -74.807683211259018, 10.812261400213927 ], [ -74.807683211117734, 10.812261399938574 ] ] } },
{ "type": "Feature", "properties": { "ELEV": 100.0 }, "geometry": { "type": "LineString", "coordinates": [ [ -74.984342807902692, 10.944099195759941 ], [ -74.983924400060147, 10.944193966350173 ], [ -74.983084929875517, 10.943984634675841 ], [ -74.982807623620019, 10.944293273360671 ], [ -74.982248928811245, 10.944296901715488 ], [ -74.981971417388237, 10.94457485727243 ], [ -74.982116599902298, 10.945402375777229 ], [ -74.98188564548532, 10.945680029167036 ], [ -74.981421899780656, 10.945959193784502 ], [ -74.981141326961605, 10.945776912418312 ], [ -74.980582934630888, 10.945826562021235 ], [ -74.980490735670344, 10.94596523711202 ], [ -74.980586298768387, 10.94633282228021 ], [ -74.983058785039546, 10.947053177460115 ], [ -74.98314393722697, 10.947604931207023 ], [ -74.983110856036518, 10.947881299788309 ], [ -74.98199712642004, 10.948440842362862 ], [ -74.982068800911279, 10.948716530504186 ], [ -74.982483316613269, 10.94898999140948 ], [ -74.982583688971673, 10.949265492871787 ], [ -74.981872144728101, 10.950650883576193 ], [ -74.98145531837568, 10.950984975378303 ], [ -74.980617326526769, 10.951000936791946 ], [ -74.979914834047406, 10.950387437570829 ], [ -74.979059419252465, 10.950116833220687 ], [ -74.978933041908775, 10.949783361058538 ], [ -74.978094044124404, 10.949647494336062 ], [ -74.977812682029281, 10.949346664249282 ], [ -74.977525665351052, 10.948193697090705 ], [ -74.977141066710161, 10.94764388020239 ], [ -74.97688430115933, 10.946264771048448 ], [ -74.977511006714536, 10.945984556848067 ], [ -74.977507342569183, 10.945432271734383 ], [ -74.97666837890668, 10.9452996285897 ], [ -74.976385367710151, 10.944749151952195 ], [ -74.975824839543222, 10.944476625848157 ], [ -74.974147333284208, 10.94427408629817 ], [ -74.973620396411164, 10.943800498368985 ], [ -74.973583649719913, 10.943524580860593 ], [ -74.973114414200055, 10.94297530361729 ], [ -74.973296990435202, 10.942421813363978 ], [ -74.973854466304687, 10.942234106509261 ], [ -74.974686410890541, 10.94130821063985 ], [ -74.97412615198968, 10.941075128989 ], [ -74.973011552577788, 10.941503140742292 ], [ -74.972680197976047, 10.941321178138779 ], [ -74.972723680733154, 10.940216276229117 ], [ -74.973330931747498, 10.93910773215455 ], [ -74.973343071890497, 10.938831498533174 ], [ -74.974387619745059, 10.938372857715969 ], [ -74.976342508335009, 10.938282807417554 ], [ -74.977737238178676, 10.937974611994283 ], [ -74.977731745620744, 10.937146184133734 ], [ -74.976615294028534, 10.937291488014909 ], [ -74.976554851433633, 10.936601492211494 ], [ -74.976887620980747, 10.936231132640289 ], [ -74.977631309270819, 10.936042216055498 ], [ -74.977442336776491, 10.935629207516513 ], [ -74.977050345559505, 10.935493667144462 ], [ -74.97706713834296, 10.935217403811205 ], [ -74.977712982389733, 10.934315721310364 ], [ -74.978549320331368, 10.934057165023804 ], [ -74.978823470258675, 10.933272952129688 ], [ -74.979100976572354, 10.932995000497051 ], [ -74.978998708374888, 10.931614890807353 ], [ -74.978599320899534, 10.931065167862471 ], [ -74.97773437618342, 10.930518457046363 ], [ -74.97790579924542, 10.929688883904067 ], [ -74.978516674570614, 10.92913262128234 ], [ -74.978793262932712, 10.928716599018484 ], [ -74.978830422193013, 10.928302126869434 ], [ -74.978323132467068, 10.928029255665626 ], [ -74.977945200437389, 10.927203237299439 ], [ -74.977386901727741, 10.92726207970636 ], [ -74.976826043059901, 10.926934321070267 ], [ -74.976546710818809, 10.926936126980264 ], [ -74.976433150202908, 10.926660706231306 ], [ -74.976539399392081, 10.925831554712794 ], [ -74.976818730563082, 10.925829748805835 ], [ -74.977280625501095, 10.925274452724704 ], [ -74.977507915328843, 10.924444518612262 ], [ -74.976925648130376, 10.923895973695771 ], [ -74.976804107855614, 10.923620604484345 ], [ -74.976893562257558, 10.92306771648858 ], [ -74.976240653754914, 10.922899339280985 ], [ -74.975922070945558, 10.922245529480314 ], [ -74.976115450417666, 10.920863505000183 ], [ -74.977620157294282, 10.920301471062356 ], [ -74.97761650175481, 10.919749185059876 ], [ -74.977056024071629, 10.919476652848928 ], [ -74.97649189400687, 10.918651832917821 ], [ -74.976386002244425, 10.916719431654275 ], [ -74.975919734176642, 10.916611980729982 ], [ -74.975638586190328, 10.916337640823999 ], [ -74.975078618290681, 10.916141042914242 ], [ -74.974914083742945, 10.915900468903745 ], [ -74.974870229325703, 10.915348441283973 ], [ -74.975235491162607, 10.914517618238039 ], [ -74.97491189330249, 10.913967395811053 ], [ -74.975018389639004, 10.912309776661282 ], [ -74.974632502556517, 10.912036110658249 ], [ -74.974347713952483, 10.911209481131232 ], [ -74.973717426174019, 10.9109373896029 ], [ -74.973568655519315, 10.909557570643816 ], [ -74.973079244418543, 10.909468672836692 ], [ -74.972801749493783, 10.909746616566309 ], [ -74.972243722927189, 10.909842263532941 ], [ -74.972186038552621, 10.909566479126871 ], [ -74.972471023402647, 10.90901233184853 ], [ -74.972505921576328, 10.907244709929401 ], [ -74.974213805880467, 10.906791856333372 ], [ -74.973895933795632, 10.906241593957843 ], [ -74.974450915350573, 10.905685705719099 ], [ -74.974538552462292, 10.904856674194429 ], [ -74.974348700312689, 10.904305586780723 ], [ -74.974717470676779, 10.903750898769104 ], [ -74.974343234358059, 10.903477155263996 ], [ -74.974153383737487, 10.902926067467744 ], [ -74.974497055855821, 10.902095386034471 ], [ -74.975197055494078, 10.901538563262186 ], [ -74.975254221981075, 10.900433572801086 ], [ -74.97560153401021, 10.900155178443086 ], [ -74.975526240035677, 10.899327197449464 ], [ -74.975245371770782, 10.899092303099946 ], [ -74.973848579042254, 10.899061851508399 ], [ -74.97383947615559, 10.8976811313985 ], [ -74.973416878023485, 10.897131540844962 ], [ -74.973442988677249, 10.896855216913124 ], [ -74.974389313556301, 10.896347021838803 ], [ -74.974947772395822, 10.896320829903923 ], [ -74.975229079907479, 10.896622788561185 ], [ -74.97578732357492, 10.896563959795364 ], [ -74.975985004158403, 10.896286530210485 ], [ -74.975945795473947, 10.895182161095502 ], [ -74.976332263430891, 10.894489281331499 ], [ -74.977447777711618, 10.894225658941158 ], [ -74.97772567252197, 10.894010832510114 ], [ -74.977996220697747, 10.892683542268905 ], [ -74.978551172705195, 10.89212765172979 ], [ -74.978825911912779, 10.8914354914555 ], [ -74.979104298141962, 10.891295617677786 ], [ -74.97854524546527, 10.891230186102391 ], [ -74.978264579381886, 10.89102488042221 ], [ -74.978167833408833, 10.890473193926237 ], [ -74.977980419477021, 10.890290299154795 ], [ -74.977795436219111, 10.890475595568116 ], [ -74.977797259110389, 10.890751739068115 ], [ -74.977146170660504, 10.890847988832647 ], [ -74.976586966249329, 10.890759541490615 ], [ -74.976585144471755, 10.890483397788117 ], [ -74.976305391216911, 10.890416161682891 ], [ -74.975747250258863, 10.890488796527666 ], [ -74.975749071265369, 10.890764940370286 ], [ -74.975470136715984, 10.890821968267959 ], [ -74.975190473666473, 10.890768538358117 ], [ -74.975188653173987, 10.890492394422123 ], [ -74.974908899995711, 10.89042515698879 ], [ -74.974801275984944, 10.89104720033758 ], [ -74.97386744354921, 10.891329367799333 ], [ -74.973522321357677, 10.891939131866424 ], [ -74.97324447647604, 10.892161844607866 ], [ -74.972965176186563, 10.89216364188208 ], [ -74.973029545173361, 10.89133475953334 ], [ -74.972721515838586, 10.890508272958142 ], [ -74.973090277183999, 10.889953588880129 ], [ -74.973135008474657, 10.88967714513336 ], [ -74.972946991577203, 10.889402198608837 ], [ -74.972667390814706, 10.889357970823319 ], [ -74.972390516674835, 10.889727959473182 ], [ -74.971831920291919, 10.889731551006012 ], [ -74.971550956475042, 10.88948021387613 ], [ -74.971271658397058, 10.889482008965 ], [ -74.97098645713298, 10.888586333772249 ], [ -74.970707159792212, 10.888588128155861 ], [ -74.970150834377321, 10.88893689717557 ], [ -74.969870628923346, 10.888800618473706 ], [ -74.969597230276804, 10.889699882924342 ], [ -74.968202550926549, 10.889984992139384 ], [ -74.96904407722316, 10.890531904048677 ], [ -74.968935986956879, 10.891084911363235 ], [ -74.96904831192218, 10.891176242421871 ], [ -74.969606306653063, 10.891080607201131 ], [ -74.969604491391308, 10.890804462268131 ], [ -74.969606306932363, 10.891080607199338 ], [ -74.970168538417269, 10.891629308735382 ], [ -74.970728955474328, 10.891901864274319 ], [ -74.970267087099572, 10.892457144888134 ], [ -74.970456920857089, 10.893008237855202 ], [ -74.971203541908181, 10.893279595392658 ], [ -74.971380077883552, 10.893830772873651 ], [ -74.971022186572668, 10.894017177890795 ], [ -74.970322719304377, 10.893837569319889 ], [ -74.969897409609231, 10.892873754684464 ], [ -74.968503623789104, 10.893296940196075 ], [ -74.96864871981326, 10.894124478553238 ], [ -74.969068127789598, 10.894190824498681 ], [ -74.969629392575328, 10.894591591429261 ], [ -74.969779594069323, 10.894945684741227 ], [ -74.969592441607261, 10.89605151292314 ], [ -74.969361201222384, 10.896283128927999 ], [ -74.968802440299598, 10.896263705002003 ], [ -74.968315010621268, 10.894955091022775 ], [ -74.967672973512549, 10.894406898913141 ], [ -74.967488585365672, 10.894684238860876 ], [ -74.967683859704564, 10.8960637694182 ], [ -74.966843526645647, 10.895700952925193 ], [ -74.966285521644878, 10.895796584797806 ], [ -74.966089644252293, 10.896350154997981 ], [ -74.965592697266686, 10.896629498881664 ], [ -74.965734525471717, 10.896959977857692 ], [ -74.966014919332437, 10.897123873806413 ], [ -74.967131054893187, 10.896951019004323 ], [ -74.967289490552304, 10.897447084430722 ], [ -74.967136134785619, 10.897724225452437 ], [ -74.966298819531673, 10.897821650348327 ], [ -74.966021628308255, 10.898145611704891 ], [ -74.964905909929669, 10.898382897153118 ], [ -74.964575573180142, 10.899121433866718 ], [ -74.964074630087936, 10.899400801864175 ], [ -74.964382650569462, 10.900227299250355 ], [ -74.964268083785484, 10.900504190825391 ], [ -74.962967173973993, 10.900899147248593 ], [ -74.962687139521336, 10.900790478315937 ], [ -74.962497311817089, 10.900239378888362 ], [ -74.962124295601171, 10.900149714972491 ], [ -74.961840418510405, 10.899454563314158 ], [ -74.961234990476157, 10.899418987257988 ], [ -74.961138269428758, 10.898867290806477 ], [ -74.961551804419258, 10.898036171429103 ], [ -74.961340514697639, 10.897761365868687 ], [ -74.960713278305619, 10.897949484046229 ], [ -74.960435606466064, 10.898201117258271 ], [ -74.960156470571334, 10.898229203289109 ], [ -74.95987559578532, 10.897991662582879 ], [ -74.959597101132459, 10.898117714301824 ], [ -74.959324570205681, 10.899155049040518 ], [ -74.959675514157098, 10.899428963142787 ], [ -74.959808809205612, 10.899980426565461 ], [ -74.959585235488021, 10.901638803752943 ], [ -74.959342645776758, 10.901916513091575 ], [ -74.959226556251338, 10.902469571266527 ], [ -74.959633710913238, 10.903709677669736 ], [ -74.960239794152045, 10.903843879187187 ], [ -74.960422120198132, 10.904671185672036 ], [ -74.960295392019518, 10.905224312153676 ], [ -74.959511234985797, 10.906333960873544 ], [ -74.959514852513252, 10.906886253394738 ], [ -74.960217666791507, 10.907572150105279 ], [ -74.960222190922636, 10.908262515542596 ], [ -74.960632890087538, 10.909364516835433 ], [ -74.961631455762074, 10.910186593594963 ], [ -74.961910774798625, 10.910184804019726 ], [ -74.960235463319535, 10.910287586898095 ], [ -74.959957350541998, 10.910473472466439 ], [ -74.959685269634193, 10.911579845011573 ], [ -74.95912904049365, 10.911951615460012 ], [ -74.95857024745294, 10.911932177844328 ], [ -74.958013262606883, 10.912188885606984 ], [ -74.957733639584845, 10.912144647635365 ], [ -74.9575921709109, 10.91186939427249 ], [ -74.957588555310068, 10.911317101292262 ], [ -74.95772731180719, 10.911178134936415 ], [ -74.958284596655616, 10.910967452428746 ], [ -74.958561957641265, 10.910666507149639 ], [ -74.959120115122687, 10.910589294003085 ], [ -74.959396901842467, 10.910200901865132 ], [ -74.959157514359973, 10.908545486669182 ], [ -74.959520278889443, 10.907714692138846 ], [ -74.959321139599965, 10.90716365057159 ], [ -74.959230110452026, 10.906059601416645 ], [ -74.959367959586672, 10.905782561747511 ], [ -74.959083220059057, 10.90495590941287 ], [ -74.958525494588983, 10.905097554917274 ], [ -74.958470535403606, 10.905235985180845 ], [ -74.958530013727199, 10.905787920615625 ], [ -74.958809329435837, 10.905786134762296 ], [ -74.958814753438119, 10.90661457391597 ], [ -74.958535437100494, 10.906616360459587 ], [ -74.958356457424742, 10.907722136658501 ], [ -74.957987197606329, 10.908207774329137 ], [ -74.95724460867693, 10.908557719072521 ], [ -74.957250029898503, 10.90938615885416 ], [ -74.957810475537471, 10.909658734005991 ], [ -74.957495721205333, 10.909936904480119 ], [ -74.957160795938734, 10.909978496683593 ], [ -74.956600091945234, 10.909666470876628 ], [ -74.956041814273462, 10.909725269404085 ], [ -74.955207105072262, 10.910227685946822 ], [ -74.954925979492842, 10.909953322413239 ], [ -74.954924174558968, 10.909677175448975 ], [ -74.954224070903422, 10.909405485922161 ], [ -74.953797515320289, 10.908248341522263 ], [ -74.953660020514761, 10.9085806091694 ], [ -74.953735261663439, 10.909408605185458 ], [ -74.952967905288801, 10.909531854151254 ], [ -74.952757642645636, 10.909414841375227 ], [ -74.952685408815, 10.909047090239129 ], [ -74.952405338231031, 10.908933809895489 ], [ -74.952127370655518, 10.909142701272387 ], [ -74.952129173057159, 10.909418848708029 ], [ -74.952480125589304, 10.909692769943998 ], [ -74.952411196933156, 10.909831289043021 ], [ -74.952132777913448, 10.909971143702197 ], [ -74.951572935632342, 10.909790606397184 ], [ -74.951294816550842, 10.909976484947695 ], [ -74.951581345376937, 10.911079294666397 ], [ -74.952213424411369, 10.911627582716351 ], [ -74.95221522731299, 10.911903730093092 ], [ -74.952519629583819, 10.912177947599693 ], [ -74.95186967989963, 10.912458251283899 ], [ -74.951871482624512, 10.912734398702517 ], [ -74.952245716340798, 10.913008171095328 ], [ -74.952154772290726, 10.913340141726742 ], [ -74.951033513159103, 10.912739740800101 ], [ -74.950754189844417, 10.912741520867966 ], [ -74.950682557494574, 10.912465818252807 ], [ -74.951031110566419, 10.912371543964218 ], [ -74.951307429777344, 10.911909517746251 ], [ -74.951164164690411, 10.911358112811511 ], [ -74.950392427250861, 10.910810711972927 ], [ -74.950460456524766, 10.910534119154956 ], [ -74.950739777733617, 10.910532339618969 ], [ -74.950736175170348, 10.909980044875573 ], [ -74.949898212943936, 10.909985382443608 ], [ -74.949762153432644, 10.910538567156992 ], [ -74.949344371248088, 10.910725333611479 ], [ -74.949203510418911, 10.910542124194755 ], [ -74.948920589748553, 10.909991606436327 ], [ -74.948963544180074, 10.909439014212445 ], [ -74.949055751206075, 10.909300347467006 ], [ -74.949335971416147, 10.909436643220193 ], [ -74.94933777143261, 10.909712791386916 ], [ -74.949618292037698, 10.909895111568492 ], [ -74.949896412364126, 10.909709234374313 ], [ -74.949611691671819, 10.908882569732031 ], [ -74.949053951662862, 10.909024199797729 ], [ -74.948773731954816, 10.908887903555977 ], [ -74.948496724968393, 10.909244728375704 ], [ -74.947658249891731, 10.909171160260074 ], [ -74.948215991269024, 10.909029532026265 ], [ -74.948493512466271, 10.908751606736299 ], [ -74.94848901494494, 10.908061236746097 ], [ -74.944855808893493, 10.907768720551605 ], [ -74.944019003639795, 10.907951565333713 ], [ -74.943926794313768, 10.90809023062714 ], [ -74.944209704205107, 10.908640754959231 ], [ -74.943748207831561, 10.909265045134367 ], [ -74.943188518820904, 10.909107503928132 ], [ -74.941793944560004, 10.909429332514199 ], [ -74.941234763462376, 10.909350030031 ], [ -74.941164036902336, 10.909212397964911 ], [ -74.941788924660173, 10.908656114818562 ], [ -74.942347566413176, 10.908652571726311 ], [ -74.942625093438437, 10.90837465115214 ], [ -74.942342186827275, 10.907824125075861 ], [ -74.942062866746667, 10.907825896519416 ], [ -74.941781754032675, 10.90755151853868 ], [ -74.941638509168897, 10.907000105338176 ], [ -74.942406637488929, 10.906995234683425 ], [ -74.942433500322323, 10.907547385199198 ], [ -74.942762960530374, 10.908097616160489 ], [ -74.943182837677298, 10.908233032274355 ], [ -74.943597332194201, 10.907540001285172 ], [ -74.943595537983612, 10.907263852408473 ], [ -74.944012722228734, 10.906985044374771 ], [ -74.945407920154665, 10.906761394162512 ], [ -74.945964960484318, 10.906512379929747 ], [ -74.946250866192472, 10.907523149307073 ], [ -74.946668047643939, 10.907244338159783 ], [ -74.946666250649628, 10.906968189783553 ], [ -74.946805653324049, 10.906927852297887 ], [ -74.948201378033744, 10.906785828790026 ], [ -74.948761138462814, 10.906954867242685 ], [ -74.949598192941551, 10.906811460299828 ], [ -74.949709020228909, 10.906672675198742 ], [ -74.94945403526512, 10.906121979530147 ], [ -74.949592794211611, 10.905983016582161 ], [ -74.949870851496328, 10.905787935130261 ], [ -74.950707961754404, 10.905653730721605 ], [ -74.951264193370676, 10.905281975655033 ], [ -74.950703160653333, 10.904917336741459 ], [ -74.949585596582608, 10.90487842502303 ], [ -74.949398486274475, 10.904741536047899 ], [ -74.949301782696097, 10.904189832560704 ], [ -74.94874375134431, 10.904285436074666 ], [ -74.948558739727744, 10.904470719319107 ], [ -74.948469231035347, 10.905023607780901 ], [ -74.948190513848232, 10.905117433748115 ], [ -74.948186318357102, 10.904473088026251 ], [ -74.947905804065286, 10.904290765444483 ], [ -74.947630382699202, 10.904890862697862 ], [ -74.947072648229806, 10.905032488190637 ], [ -74.946744982062228, 10.904758410900207 ], [ -74.94667621509663, 10.904206528238303 ], [ -74.946507547706176, 10.904041904083469 ], [ -74.945669240879383, 10.903991997502182 ], [ -74.945112643332706, 10.904308513481352 ], [ -74.944273647496814, 10.904152746120753 ], [ -74.944132643684071, 10.903946520824084 ], [ -74.944546234506049, 10.903115415298339 ], [ -74.945104266780035, 10.903019819571695 ], [ -74.945289280165838, 10.902834538184553 ], [ -74.945378795051198, 10.902281649402143 ], [ -74.94565631418098, 10.902003727193827 ], [ -74.945658109687088, 10.902279876100085 ], [ -74.945938321472724, 10.902416176424079 ], [ -74.946221526847665, 10.903012724266937 ], [ -74.947618443168011, 10.903056449089812 ], [ -74.948007943002182, 10.902817264497076 ], [ -74.948030481924718, 10.901988642197079 ], [ -74.948169240136806, 10.901849680006192 ], [ -74.948448253999885, 10.90180187939821 ], [ -74.948733261300561, 10.902674572021283 ], [ -74.949011675985361, 10.902534721429467 ], [ -74.949008079520823, 10.901982425274269 ], [ -74.949284995042561, 10.90161245105209 ], [ -74.949704564302962, 10.901701834738351 ], [ -74.950132530838886, 10.903079907679375 ], [ -74.9512506880519, 10.903210867989774 ], [ -74.951469637674336, 10.902519075737931 ], [ -74.951469314357325, 10.901690600372502 ], [ -74.951797610446306, 10.901412350224794 ], [ -74.951790407726548, 10.900307759656169 ], [ -74.951648951521506, 10.900032501433266 ], [ -74.950951573306085, 10.900175021583609 ], [ -74.950320423604083, 10.899764799965897 ], [ -74.950318624504106, 10.899488652057899 ], [ -74.949269010448688, 10.899157801572102 ], [ -74.948706893599166, 10.898624399238946 ], [ -74.948476231705627, 10.898948051994338 ], [ -74.948290024386637, 10.898949235762579 ], [ -74.948624785030333, 10.896737830356225 ], [ -74.948413506684901, 10.89646301373666 ], [ -74.947854216088913, 10.896363008054548 ], [ -74.94764540827515, 10.896467894700807 ], [ -74.947298966238193, 10.896884335555006 ], [ -74.946927451921752, 10.897024775224306 ], [ -74.946745285451343, 10.89764729205821 ], [ -74.946184422041725, 10.897305653801917 ], [ -74.945906009738749, 10.897445501328152 ], [ -74.945812009193276, 10.897308017950021 ], [ -74.945900326883006, 10.896571030427797 ], [ -74.946460141409901, 10.8967515826943 ], [ -74.946598000625968, 10.896474547590472 ], [ -74.946456551397901, 10.896199286043302 ], [ -74.946037588412352, 10.896201945663417 ], [ -74.946035793932509, 10.895925796984439 ], [ -74.946174251741809, 10.895740811332125 ], [ -74.946735859897657, 10.896197512047872 ], [ -74.947015168351911, 10.896195738212556 ], [ -74.9477936394767, 10.895638473477419 ], [ -74.947706255126533, 10.895086709009808 ], [ -74.948026725204116, 10.89425619356239 ], [ -74.947976582117633, 10.893704192529418 ], [ -74.948667361529488, 10.892549137738232 ], [ -74.949018588621186, 10.892869091894163 ], [ -74.949233458424487, 10.893696204850883 ], [ -74.949514561507812, 10.893970577288439 ], [ -74.949793867422287, 10.893968801280762 ], [ -74.950638679214805, 10.895022039005726 ], [ -74.951292493906848, 10.895340064274288 ], [ -74.951763404689245, 10.896165544180812 ], [ -74.952920535798654, 10.896158174923718 ], [ -74.952878233616829, 10.895790232377752 ], [ -74.952130414444184, 10.895334729970294 ], [ -74.952314818757287, 10.895057396463065 ], [ -74.952594125216976, 10.895055617730339 ], [ -74.95287028051186, 10.894570580629459 ], [ -74.953712251304111, 10.895186573972842 ], [ -74.953756729246081, 10.894219734491619 ], [ -74.953624343659754, 10.893944419109371 ], [ -74.952862628416028, 10.893396953447677 ], [ -74.95229981905068, 10.892756165915637 ], [ -74.952020514685231, 10.892757944009789 ], [ -74.951833112202294, 10.892575030742904 ], [ -74.95173461325686, 10.891747179894956 ], [ -74.952011037957064, 10.891303565785348 ], [ -74.952848226841297, 10.891187772374256 ], [ -74.953578015366148, 10.891735442572081 ], [ -74.953979126842526, 10.893279377032426 ], [ -74.95482226676657, 10.894074863332971 ], [ -74.955379975560263, 10.893933227846631 ], [ -74.955657477355572, 10.893655299443671 ], [ -74.955091658500677, 10.892554273116581 ], [ -74.954812354649093, 10.892556053444826 ], [ -74.955091658497977, 10.892554272702355 ], [ -74.95527605849648, 10.892276938412582 ], [ -74.955361949832536, 10.891171755919641 ], [ -74.956753651695522, 10.890426456971941 ], [ -74.956749443723538, 10.889782113660893 ], [ -74.957026940654657, 10.88950418504229 ], [ -74.957025137111202, 10.889228038059564 ], [ -74.957303235121955, 10.889042158016727 ], [ -74.957584098625873, 10.889279703021327 ], [ -74.957863037680141, 10.889222691056293 ], [ -74.957861233414221, 10.888946544207107 ], [ -74.957580129850754, 10.888672180122839 ], [ -74.956461849119194, 10.888513619036827 ], [ -74.956185433661801, 10.888957235718012 ], [ -74.955349335013864, 10.889238725207772 ], [ -74.955351136946419, 10.889514872606416 ], [ -74.955073037301133, 10.889700751018847 ], [ -74.954420133976214, 10.889520805978121 ], [ -74.954418332831395, 10.88924465856398 ], [ -74.954044131081986, 10.888970883635299 ], [ -74.953949230285062, 10.888695329093769 ], [ -74.955064854621298, 10.888446581976213 ], [ -74.955621426922832, 10.888132355605052 ], [ -74.956181828357941, 10.888404941241721 ], [ -74.956529149967253, 10.888126567780459 ], [ -74.956457522069627, 10.887850866003863 ], [ -74.955616921975235, 10.887441987770899 ], [ -74.955059945493161, 10.88769408049861 ], [ -74.954221327521168, 10.88758896020869 ], [ -74.952829329477311, 10.888288221932907 ], [ -74.951434177097326, 10.888504219572242 ], [ -74.95171122950471, 10.888157257708263 ], [ -74.951990529634728, 10.888155480636998 ], [ -74.952039512749963, 10.887879009811821 ], [ -74.95154005292386, 10.88760602813338 ], [ -74.951368877134882, 10.887054798197308 ], [ -74.951981986357481, 10.886843778485961 ], [ -74.952398686053129, 10.886495927985917 ], [ -74.952256638668942, 10.886128619502673 ], [ -74.951557194316052, 10.885948962863102 ], [ -74.953229383411795, 10.885386004248176 ], [ -74.953245734606085, 10.88483358188638 ], [ -74.954194923070006, 10.883538796525182 ], [ -74.956564727554436, 10.882879327055054 ], [ -74.956980064428848, 10.882324361783127 ], [ -74.957259358383382, 10.882322580766097 ], [ -74.957603067150231, 10.881491913284746 ], [ -74.95741611921828, 10.880664629831333 ], [ -74.95815263731798, 10.88010761557382 ], [ -74.95854108723411, 10.87900050389182 ], [ -74.95890986755434, 10.878445834095132 ], [ -74.959466042062516, 10.878074074310254 ], [ -74.961420314777968, 10.877946530474679 ], [ -74.961974828835153, 10.877321632377296 ], [ -74.96155228502279, 10.876772015982553 ], [ -74.961405419820238, 10.875668322151212 ], [ -74.960563950035038, 10.875121378883312 ], [ -74.957774085359802, 10.875599440231975 ], [ -74.957218812986298, 10.876109270513487 ], [ -74.95610391113442, 10.876461572669053 ], [ -74.955730176276546, 10.87625683394201 ], [ -74.956097159438329, 10.875426020006893 ], [ -74.955816071944597, 10.875151651461916 ], [ -74.954980908578719, 10.875571207351888 ], [ -74.953863756636679, 10.875578316947426 ], [ -74.953723213371518, 10.875441131326719 ], [ -74.953576377566677, 10.874337428406367 ], [ -74.953855664795896, 10.874335651588611 ], [ -74.954008064811461, 10.873230045539781 ], [ -74.954195782034319, 10.87295269217007 ], [ -74.953882977318315, 10.872402363529389 ], [ -74.953833492193567, 10.870929828879385 ], [ -74.953554208406288, 10.870931604849748 ], [ -74.952998036344567, 10.87130335347069 ], [ -74.952860190953302, 10.8715803889935 ], [ -74.953007020963554, 10.872684093133556 ], [ -74.952621411221457, 10.873515022778488 ], [ -74.951897062794259, 10.873795786106372 ], [ -74.951619572108655, 10.874073708932368 ], [ -74.951900655117967, 10.874348082042301 ], [ -74.952179942501331, 10.874346307299195 ], [ -74.952188925747336, 10.875727047504979 ], [ -74.95303038641444, 10.876274016003592 ], [ -74.953032183945226, 10.876550163880896 ], [ -74.952575688801005, 10.877933863676073 ], [ -74.951995630506829, 10.878213711316832 ], [ -74.951791553134584, 10.8790434870719 ], [ -74.951373513831015, 10.879184224230473 ], [ -74.951099431591032, 10.879986828829972 ], [ -74.950820498168355, 10.88004383341009 ], [ -74.950540127669782, 10.879879919176513 ], [ -74.950538331729348, 10.87960377094792 ], [ -74.949884854213309, 10.87933176241398 ], [ -74.950156964714182, 10.878225395191928 ], [ -74.950525761360183, 10.877670733201681 ], [ -74.950245573373991, 10.877534433230338 ], [ -74.949132897061986, 10.878231897897995 ], [ -74.948574314001633, 10.87823544348589 ], [ -74.948293228941765, 10.877961067223751 ], [ -74.948015731119455, 10.878238987872635 ], [ -74.948378407588535, 10.878789006611097 ], [ -74.948301001542049, 10.879157711151359 ], [ -74.947883258721205, 10.879344468572082 ], [ -74.948164344993458, 10.879618845027355 ], [ -74.948167932557695, 10.880171142262517 ], [ -74.948030079623479, 10.88044817708111 ], [ -74.947750785871918, 10.880449949585623 ], [ -74.947544902326598, 10.881003575724408 ], [ -74.947548489218079, 10.881555873114248 ], [ -74.947202598593492, 10.882055155770514 ], [ -74.946502926165024, 10.881838665544677 ], [ -74.946076367153239, 10.880667689058786 ], [ -74.945237140897447, 10.880465887940861 ], [ -74.944956056181098, 10.880191508766671 ], [ -74.944676762293895, 10.880193278157194 ], [ -74.944682134372144, 10.881021725557591 ], [ -74.94384425011026, 10.881027032574355 ], [ -74.943282677959147, 10.88057032024593 ], [ -74.943003383440683, 10.88057208817535 ], [ -74.942823746960144, 10.881585814736367 ], [ -74.943360852943741, 10.881858575360292 ], [ -74.943230752904228, 10.882135559771823 ], [ -74.943273123410933, 10.882687612935557 ], [ -74.943800921928997, 10.882960431307369 ], [ -74.944139659175491, 10.883510606874056 ], [ -74.944071625500371, 10.883787198418482 ], [ -74.944563978207626, 10.88433640004547 ], [ -74.944519219702414, 10.884612844150071 ], [ -74.944092753482607, 10.884891706792626 ], [ -74.94409454438167, 10.885167855989245 ], [ -74.943762967304764, 10.885722277733269 ], [ -74.944325148178649, 10.886271036868939 ], [ -74.944240950870494, 10.886823891407644 ], [ -74.943883343149366, 10.887056291154947 ], [ -74.942765927929386, 10.887030492771382 ], [ -74.942433068268187, 10.887387664203803 ], [ -74.942434858059173, 10.887663813628752 ], [ -74.941656750521275, 10.88827629321605 ], [ -74.941377090628194, 10.888222830985528 ], [ -74.941189100725595, 10.887947859675176 ], [ -74.94130189888655, 10.887394824047385 ], [ -74.941647447045156, 10.886840315542518 ], [ -74.941367252354951, 10.88670400831905 ], [ -74.940530244519181, 10.886847383874979 ], [ -74.940113080900147, 10.887126183173949 ], [ -74.939978792906089, 10.88795551574016 ], [ -74.9394246042162, 10.888641300410042 ], [ -74.938309231961014, 10.888932633912871 ], [ -74.937469834552957, 10.88870780216795 ], [ -74.937377328650456, 10.888800440255411 ], [ -74.938014690824744, 10.890177221191619 ], [ -74.937833846135533, 10.891006848048207 ], [ -74.936649179042888, 10.891382546440093 ], [ -74.936369788358434, 10.891371160048127 ], [ -74.935808659714368, 10.890985117150665 ], [ -74.93413470448894, 10.891286634628473 ], [ -74.933950410444112, 10.891583684670929 ], [ -74.934070353690615, 10.89213525220303 ], [ -74.933863369361234, 10.892523184318534 ], [ -74.932745427530392, 10.892419767552939 ], [ -74.932464932615758, 10.8922374270938 ], [ -74.932047159247688, 10.892424167621035 ], [ -74.931634875829815, 10.893462373551596 ], [ -74.930798158218224, 10.893655039294986 ], [ -74.930224880334919, 10.894092618316888 ], [ -74.930245006706897, 10.894506735235668 ], [ -74.930524316323016, 10.894504976689307 ], [ -74.930908302240965, 10.896297614339369 ], [ -74.930256737799766, 10.896326823361846 ], [ -74.928029551916637, 10.897475617091894 ], [ -74.927816155852597, 10.896869401053202 ], [ -74.92746650763587, 10.896792696095382 ], [ -74.927149234678737, 10.896321268690219 ], [ -74.926845847588154, 10.89439003474356 ], [ -74.927447932809599, 10.893906598979115 ], [ -74.928774184632957, 10.893825584713161 ], [ -74.928933558289984, 10.89327225671099 ], [ -74.929581720735783, 10.89271585341916 ], [ -74.929617182981119, 10.892439467644214 ], [ -74.92878501358652, 10.891892377340364 ], [ -74.92870830596668, 10.891340534210954 ], [ -74.929161399029027, 10.891061521728069 ], [ -74.929159620895689, 10.890785370188269 ], [ -74.929819964945338, 10.889952728010849 ], [ -74.929297237060993, 10.888299040020184 ], [ -74.929643255363331, 10.887813578966055 ], [ -74.92992255884144, 10.887811822033923 ], [ -74.930200083723776, 10.887533913419743 ], [ -74.930475384712793, 10.88691081534034 ], [ -74.931034243834503, 10.886946750237012 ], [ -74.932149715497019, 10.886670140376104 ], [ -74.932707132329654, 10.88648252123056 ], [ -74.932729517143386, 10.886344299234111 ], [ -74.932145858423652, 10.886071812921898 ], [ -74.931944577640294, 10.885796917971476 ], [ -74.931972938139126, 10.885244414636098 ], [ -74.931719787810479, 10.884969845972604 ], [ -74.930744014399167, 10.885252149648291 ], [ -74.930403518547635, 10.884425804007162 ], [ -74.930731564883217, 10.883319089841457 ], [ -74.930450487977097, 10.883044695600482 ], [ -74.93016630040222, 10.882287035288467 ], [ -74.929329738029935, 10.882499417235302 ], [ -74.929338623027164, 10.883880175072084 ], [ -74.929617922949532, 10.883878419319519 ], [ -74.929338623030731, 10.883880175624387 ], [ -74.92913270204842, 10.884433795535038 ], [ -74.929179928511871, 10.885261987100124 ], [ -74.928513158817296, 10.885818504198626 ], [ -74.928514935524703, 10.886094655933151 ], [ -74.927681849632606, 10.886849476357655 ], [ -74.927406013874901, 10.887390384796813 ], [ -74.926568441353979, 10.887448248145352 ], [ -74.926006538082348, 10.886938901596352 ], [ -74.925934937924595, 10.886663187786496 ], [ -74.926226431396969, 10.886385194639235 ], [ -74.92632529295949, 10.885832247506251 ], [ -74.926636070461683, 10.885554133084698 ], [ -74.92673714636895, 10.884725008870241 ], [ -74.92655005828108, 10.88458810195643 ], [ -74.926271644600675, 10.884727931298634 ], [ -74.926273419201308, 10.885004083417696 ], [ -74.925717033444855, 10.885352779751212 ], [ -74.925434923147662, 10.884917291400219 ], [ -74.925155030480468, 10.884826993020807 ], [ -74.924925234664968, 10.885288707031547 ], [ -74.924885777718458, 10.886393608639088 ], [ -74.924608248213431, 10.886671512845551 ], [ -74.924465050116837, 10.886120084062933 ], [ -74.9238581216282, 10.885847726590859 ], [ -74.924042550539738, 10.885570406582676 ], [ -74.923762362331289, 10.885434081684979 ], [ -74.923206415374281, 10.885851812374472 ], [ -74.922243024318419, 10.888067159688056 ], [ -74.920850039091604, 10.888628212947985 ], [ -74.920903670831805, 10.889732533127248 ], [ -74.92072100674298, 10.890286005315039 ], [ -74.920441699161302, 10.890287753990753 ], [ -74.920439929190891, 10.89001160101582 ], [ -74.919877776400625, 10.889462791914898 ], [ -74.920572502938541, 10.888906114732917 ], [ -74.920570733077625, 10.888629961754457 ], [ -74.92033620880288, 10.888355265875338 ], [ -74.920427540730756, 10.888078530044414 ], [ -74.92125837537445, 10.886968671966201 ], [ -74.921256605134545, 10.886692519064972 ], [ -74.920975531264915, 10.886418114981321 ], [ -74.921111643369173, 10.88586493472604 ], [ -74.920691981022799, 10.88575709633216 ], [ -74.920134672050807, 10.885963104764267 ], [ -74.919994430613926, 10.885871927621338 ], [ -74.919990893014656, 10.885319621362274 ], [ -74.919850357458358, 10.885182418701016 ], [ -74.919574149441175, 10.885667434013245 ], [ -74.919015100765037, 10.885601889787834 ], [ -74.919151216532882, 10.885048709822378 ], [ -74.918729611367183, 10.884637099879447 ], [ -74.9181718903546, 10.884778668691805 ], [ -74.918067236962628, 10.885883980818011 ], [ -74.918255853646301, 10.886987459476739 ], [ -74.918053444581929, 10.888093382779266 ], [ -74.917915559133945, 10.888370409317803 ], [ -74.917079407522536, 10.888651800455673 ], [ -74.916801867606964, 10.888929699353429 ], [ -74.916803633976897, 10.889205853077375 ], [ -74.916801867257831, 10.888929699355611 ], [ -74.916379375394257, 10.888380009688897 ], [ -74.916655149296631, 10.887825957485685 ], [ -74.916511964722844, 10.887274522627541 ], [ -74.916787737596891, 10.886720470482548 ], [ -74.916781998373594, 10.885822971156514 ], [ -74.9156669890328, 10.8861751406028 ], [ -74.915115438412272, 10.887283243298903 ], [ -74.914836574017102, 10.887354025155876 ], [ -74.914696480063554, 10.887285858263914 ], [ -74.914691187668751, 10.886457396363012 ], [ -74.914549771264873, 10.886182113823567 ], [ -74.914269879180324, 10.886091805156081 ], [ -74.913712739493661, 10.886325418318393 ], [ -74.913572205479866, 10.886188212105473 ], [ -74.913799670079314, 10.885358298020998 ], [ -74.913705687323613, 10.885220801733274 ], [ -74.912591115037472, 10.885641998662773 ], [ -74.911753956782633, 10.885765572228715 ], [ -74.911613549703645, 10.885648090374833 ], [ -74.911608266548271, 10.884819626887987 ], [ -74.911466854046296, 10.884544342562224 ], [ -74.910910007619648, 10.884823975889894 ], [ -74.910634223714794, 10.885378024454299 ], [ -74.909517005899986, 10.885384979091311 ], [ -74.908321171602893, 10.884011588287217 ], [ -74.908389239498362, 10.88373499903874 ], [ -74.908667663784271, 10.883595184453496 ], [ -74.908947845934335, 10.883731524615266 ], [ -74.909085738916843, 10.883454501263429 ], [ -74.908943450285378, 10.88304113762926 ], [ -74.90782799726658, 10.88332423960024 ], [ -74.906989795595393, 10.883283421172713 ], [ -74.906708150748798, 10.882916949420666 ], [ -74.906428263009261, 10.882826632661285 ], [ -74.90559093981426, 10.882923888125449 ], [ -74.905029994522877, 10.88255914834609 ], [ -74.904471389128673, 10.882562614995173 ], [ -74.90307808821936, 10.883077563163138 ], [ -74.902517728953214, 10.882804870418662 ], [ -74.902234921756573, 10.882254289507237 ], [ -74.901955326971319, 10.882209994212017 ], [ -74.901397304933198, 10.882305507223641 ], [ -74.901121336990485, 10.882833249211137 ], [ -74.900283476157512, 10.882846328448196 ], [ -74.900003122394963, 10.88268236377948 ], [ -74.900001372507475, 10.882406207361953 ], [ -74.899719736482567, 10.882039727589719 ], [ -74.899256563561565, 10.882410817072188 ], [ -74.8991657945745, 10.882779601894265 ], [ -74.898886490740466, 10.882781330045763 ], [ -74.898423898429812, 10.883244470839514 ], [ -74.897495213921331, 10.883618437423717 ], [ -74.896932527331089, 10.882977524740964 ], [ -74.897111741385999, 10.881871746159288 ], [ -74.897618554667631, 10.881040110449794 ], [ -74.89803750841719, 10.881037520127776 ], [ -74.898597861434951, 10.881310222330308 ], [ -74.899155591963705, 10.881168688471309 ], [ -74.899709823153273, 10.880474840692784 ], [ -74.899990874263722, 10.880749268608218 ], [ -74.901945985611846, 10.880737161463534 ], [ -74.902223535339758, 10.880459274847748 ], [ -74.902311381003472, 10.879630229663968 ], [ -74.902496413444936, 10.879444971797488 ], [ -74.903055597742778, 10.879533561714588 ], [ -74.903612678956165, 10.879290763486672 ], [ -74.904173382397474, 10.879618686297873 ], [ -74.904731982406915, 10.879615221070626 ], [ -74.905288827701199, 10.879335599393601 ], [ -74.905566372826286, 10.879057710379069 ], [ -74.905561109922218, 10.878229243603819 ], [ -74.905419706463022, 10.877953954638219 ], [ -74.904719707256362, 10.877682131215618 ], [ -74.903883564964374, 10.877963483448536 ], [ -74.903602514238656, 10.877689059487093 ], [ -74.903323215724669, 10.877690790599438 ], [ -74.90318006258326, 10.877139344203119 ], [ -74.904153223202556, 10.876442894226988 ], [ -74.904991406535657, 10.876483723719453 ], [ -74.905828127835079, 10.876294420950495 ], [ -74.90649317545963, 10.875461793921469 ], [ -74.906654318812457, 10.874448183503601 ], [ -74.906933613624105, 10.874446449597537 ], [ -74.907767986469423, 10.87388893572675 ], [ -74.908882820209726, 10.87351378802733 ], [ -74.909298246885044, 10.872958874084938 ], [ -74.90915684380407, 10.872683587187206 ], [ -74.908877550995754, 10.872685322836363 ], [ -74.908600014053533, 10.872963213163011 ], [ -74.908598257859126, 10.872687057957537 ], [ -74.908877550992244, 10.872685322284052 ], [ -74.909015440732389, 10.872408299625155 ], [ -74.909013684247668, 10.872132144476886 ], [ -74.908591233835466, 10.871582437357729 ], [ -74.908313112451069, 10.871768275558107 ], [ -74.907753943135731, 10.871679692993608 ], [ -74.907196528702841, 10.871867265082269 ], [ -74.905800066383335, 10.871875931103713 ], [ -74.906213743731243, 10.871044864939739 ], [ -74.906072344441867, 10.870769575957128 ], [ -74.905793052910028, 10.870771308501757 ], [ -74.904684063979531, 10.872066963231379 ], [ -74.904403602744239, 10.871884590787381 ], [ -74.904401850448124, 10.871608434885959 ], [ -74.904679390619776, 10.871330547611379 ], [ -74.904398346276793, 10.87105612306568 ], [ -74.904394842294224, 10.870503811224481 ], [ -74.904672381628401, 10.870225924109024 ], [ -74.904110296165769, 10.869677074403283 ], [ -74.90383205611117, 10.869844498473174 ], [ -74.902993132398862, 10.869683995105083 ], [ -74.903270672762446, 10.869406109058538 ], [ -74.903828670318362, 10.869310596808518 ], [ -74.904105917446557, 10.86898668414446 ], [ -74.904663621451206, 10.868845144613392 ], [ -74.904731692258139, 10.868568555928007 ], [ -74.905403137166573, 10.868012060073982 ], [ -74.905215192189686, 10.867737058734949 ], [ -74.904655913750616, 10.867630058547343 ], [ -74.904038676460459, 10.867192016231902 ], [ -74.904463415959796, 10.866637050909413 ], [ -74.904367693110046, 10.866223393882155 ], [ -74.903530355355059, 10.866311430668949 ], [ -74.903113523896835, 10.866645412319921 ], [ -74.902701590826624, 10.867752631140934 ], [ -74.902699840776876, 10.867476474822078 ], [ -74.901860807649427, 10.867297556689332 ], [ -74.901582684695569, 10.867483389150872 ], [ -74.901584433440519, 10.867759545720322 ], [ -74.901305143695993, 10.867761273577935 ], [ -74.901301646766157, 10.867208960343936 ], [ -74.901580935717575, 10.867207232439851 ], [ -74.902041169690946, 10.866375883198845 ], [ -74.901572192103458, 10.865826450459787 ], [ -74.901706590085269, 10.864997117175061 ], [ -74.901566072511102, 10.864859902870235 ], [ -74.901287077099042, 10.864907656411182 ], [ -74.901008373155349, 10.865001435875971 ], [ -74.901010120824594, 10.865277592721283 ], [ -74.900730833574187, 10.865279319804014 ], [ -74.90054114705427, 10.864728157485745 ], [ -74.901003129225231, 10.864172966144627 ], [ -74.901277171592199, 10.863342769203681 ], [ -74.901502917331953, 10.862236703845651 ], [ -74.901422780393773, 10.861132529944928 ], [ -74.901818260248476, 10.860577749613032 ], [ -74.90181476446574, 10.86002543656487 ], [ -74.901534608719487, 10.859889085402408 ], [ -74.901372397846316, 10.859475837078929 ], [ -74.901716427606416, 10.859197542597904 ], [ -74.901381863129245, 10.857818774011115 ], [ -74.901511020753105, 10.856160971001488 ], [ -74.901229995547055, 10.855886540550355 ], [ -74.900950716917706, 10.855888266221625 ], [ -74.901228248665433, 10.855610383713842 ], [ -74.901224755603792, 10.855058070297853 ], [ -74.90094373196051, 10.854783639485225 ], [ -74.900104735686483, 10.854604709976623 ], [ -74.899826621771268, 10.854790539191868 ], [ -74.899828366950587, 10.855066696132276 ], [ -74.900112881306683, 10.855893441851052 ], [ -74.900392160078084, 10.855891717077366 ], [ -74.900395651885191, 10.856444030731554 ], [ -74.90011637260487, 10.856445756147368 ], [ -74.899563050074605, 10.857277676234649 ], [ -74.899707926579026, 10.858105284615037 ], [ -74.8992919140411, 10.858568133292955 ], [ -74.899013214704752, 10.858661910096556 ], [ -74.899435627573112, 10.85921163713876 ], [ -74.898738004302174, 10.859308000764672 ], [ -74.898552979422007, 10.85949325489201 ], [ -74.898373769977184, 10.860599032549041 ], [ -74.898565193894839, 10.861426354209797 ], [ -74.898473844238765, 10.861703086168315 ], [ -74.897917020350349, 10.861982691337071 ], [ -74.898291144536756, 10.862256549660742 ], [ -74.897922254178212, 10.862811162678438 ], [ -74.897923998928107, 10.863087319781492 ], [ -74.897644713072765, 10.863089043857032 ], [ -74.897460266937685, 10.863366350041851 ], [ -74.89737066044151, 10.863919238948247 ], [ -74.896813395025376, 10.864129803771245 ], [ -74.896536287850665, 10.864476723489366 ], [ -74.896677675397811, 10.864752019220402 ], [ -74.896539775329614, 10.86502903835251 ], [ -74.89570365530227, 10.865310363685246 ], [ -74.895708884808272, 10.866138835913528 ], [ -74.89543133862405, 10.86641671603785 ], [ -74.894593470834536, 10.866421881859729 ], [ -74.894315923782358, 10.86669976063332 ], [ -74.894596955448989, 10.866974197000324 ], [ -74.89431592350482, 10.866699760911198 ], [ -74.894037504746564, 10.866839560827517 ], [ -74.893476313125035, 10.866428766074323 ], [ -74.893197023580427, 10.866430486494417 ], [ -74.892919474733901, 10.866708364502546 ], [ -74.892360894897365, 10.86671180416508 ], [ -74.891806664375423, 10.86740563770384 ], [ -74.890689501200555, 10.867412512407286 ], [ -74.890597273614645, 10.867551164076639 ], [ -74.890803826008224, 10.867826062223861 ], [ -74.89070428304953, 10.869759856639504 ], [ -74.889866838182854, 10.869834050713653 ], [ -74.88958624123795, 10.869628649785632 ], [ -74.888750967957961, 10.870048038718858 ], [ -74.888335501717563, 10.870602930678393 ], [ -74.888337238932777, 10.870879089178747 ], [ -74.887920033881798, 10.871157822591387 ], [ -74.88791655989327, 10.870605505187594 ], [ -74.887635529318601, 10.870331062865745 ], [ -74.887357103328242, 10.870470857781902 ], [ -74.885681047741983, 10.870435120301634 ], [ -74.88512534918722, 10.870898812997941 ], [ -74.885127083359507, 10.871174972098791 ], [ -74.884568492414957, 10.871178398904268 ], [ -74.884846053715847, 10.87090052653064 ], [ -74.883448711664883, 10.870771010783045 ], [ -74.882701326341007, 10.870361336366921 ], [ -74.882511666210476, 10.869810158340753 ], [ -74.882671124338856, 10.86925684129606 ], [ -74.882599569189068, 10.868981109911935 ], [ -74.882178897271501, 10.868707516429689 ], [ -74.882177166074044, 10.868431356907269 ], [ -74.881757072497081, 10.86824981611721 ], [ -74.880920346576303, 10.8684390520131 ], [ -74.881063453530047, 10.86899051665077 ], [ -74.881484124850658, 10.869264111347402 ], [ -74.881763419203551, 10.869262401262896 ], [ -74.881765150156141, 10.869538560836357 ], [ -74.881485855548434, 10.869540271241496 ], [ -74.881208291658226, 10.869818140841474 ], [ -74.880370839917376, 10.869892309367097 ], [ -74.880092842261845, 10.870101138291723 ], [ -74.880377326811143, 10.870927908254016 ], [ -74.880658352815658, 10.871202358500431 ], [ -74.880937648965499, 10.871200649004187 ], [ -74.880942840772747, 10.872029127998532 ], [ -74.880384246892106, 10.872032547832639 ], [ -74.880106680177548, 10.872310416740499 ], [ -74.880248058661877, 10.872585721812454 ], [ -74.880948897968352, 10.872995686630455 ], [ -74.881227330081217, 10.872855896518489 ], [ -74.882066088208092, 10.872988843852646 ], [ -74.882623383815783, 10.87277830154977 ], [ -74.882899302588996, 10.872238079041185 ], [ -74.883178945743239, 10.87229159883946 ], [ -74.883461708556013, 10.872842205191988 ], [ -74.883835837956056, 10.873116080883587 ], [ -74.883841038558529, 10.873944558389853 ], [ -74.884030705184529, 10.874495734608123 ], [ -74.883615224225309, 10.875050622520774 ], [ -74.883482508681325, 10.876156115848783 ], [ -74.883203208192555, 10.876157828567072 ], [ -74.883201474837179, 10.875881669341481 ], [ -74.882637676828566, 10.875056616500109 ], [ -74.882357800033716, 10.874966275013564 ], [ -74.882220460283364, 10.875335343398541 ], [ -74.882365307567937, 10.876162965883513 ], [ -74.882086006891768, 10.876164677449081 ], [ -74.882084274563226, 10.875888518045503 ], [ -74.881803242634007, 10.875614070408544 ], [ -74.880268822946519, 10.875899638530994 ], [ -74.880225734009699, 10.876452242926387 ], [ -74.880694698004135, 10.877001711688282 ], [ -74.880277476712251, 10.877280436941604 ], [ -74.880560240783126, 10.877831045811385 ], [ -74.881167127132727, 10.878103498465071 ], [ -74.880986120798696, 10.878933117797256 ], [ -74.881175786828138, 10.879484295962769 ], [ -74.880437902774347, 10.880593497451445 ], [ -74.87960033430258, 10.880653860683658 ], [ -74.879040513028954, 10.880463968680042 ], [ -74.878482767989809, 10.880605467550346 ], [ -74.878301753530764, 10.881435086385514 ], [ -74.878355224114273, 10.882539441097245 ], [ -74.878496607693819, 10.882814746266444 ], [ -74.877941452556499, 10.883370484594622 ], [ -74.877946641899953, 10.884198964365746 ], [ -74.877393212759785, 10.885030862332115 ], [ -74.87711390302843, 10.885032570935662 ], [ -74.87627251787103, 10.884485375425315 ], [ -74.875989752642298, 10.8839347625622 ], [ -74.875713899854986, 10.884488790072982 ], [ -74.875994937147354, 10.884763242955716 ], [ -74.875717355353828, 10.885041110733349 ], [ -74.875715627161767, 10.884764950339301 ], [ -74.875434590360911, 10.88449049743282 ], [ -74.874876547479843, 10.884585964024881 ], [ -74.874594935641483, 10.884219456710126 ], [ -74.874315626215079, 10.88422116245788 ], [ -74.874313899727227, 10.88394500196293 ], [ -74.874033727974464, 10.883808627551769 ], [ -74.873891484381531, 10.883395239314488 ], [ -74.873470796190375, 10.883121636526024 ], [ -74.87319148774688, 10.883123341287497 ], [ -74.873046658278938, 10.882295711446002 ], [ -74.873275964323255, 10.88174196959474 ], [ -74.873317339981071, 10.880913203391026 ], [ -74.872966482563413, 10.880639173018173 ], [ -74.872753553977077, 10.880088129414959 ], [ -74.872798380623195, 10.879811684628528 ], [ -74.873725947358295, 10.879253682437188 ], [ -74.873724222220218, 10.878977521759555 ], [ -74.873443193261934, 10.878703065726112 ], [ -74.872605280259563, 10.878708177054149 ], [ -74.872324252388452, 10.878433719503398 ], [ -74.872711830035996, 10.877879013079296 ], [ -74.872736312280139, 10.877326521010655 ], [ -74.873153542293352, 10.877047804834648 ], [ -74.872872515597066, 10.876773347584267 ], [ -74.872870791647117, 10.876497186726777 ], [ -74.872310464025148, 10.876224432177583 ], [ -74.872215640081706, 10.875948838665837 ], [ -74.872307017381601, 10.875672109845203 ], [ -74.872865620353366, 10.875668703845102 ], [ -74.87300354703676, 10.875391691607302 ], [ -74.872303570929688, 10.875119788458489 ], [ -74.872575978263754, 10.874013441635597 ], [ -74.8722958170829, 10.87387706388119 ], [ -74.872107033012654, 10.873463957111763 ], [ -74.872289786683297, 10.872910500218959 ], [ -74.872569085903265, 10.872908797510425 ], [ -74.872707012047314, 10.872631785524257 ], [ -74.87256563986611, 10.872356476107761 ], [ -74.872286341436975, 10.872358178449922 ], [ -74.872189796777917, 10.871806423470902 ], [ -74.872279450797734, 10.871253534024936 ], [ -74.872626849854313, 10.87097524528289 ], [ -74.872555302858117, 10.870699510117447 ], [ -74.872273422361616, 10.870286970462663 ], [ -74.871996709031805, 10.870702913879091 ], [ -74.871162260863827, 10.871260340287218 ], [ -74.870887266495998, 10.871952444340881 ], [ -74.870328669805048, 10.871955845596061 ], [ -74.870232989241046, 10.871542170190649 ], [ -74.870601944577913, 10.870987580236418 ], [ -74.870881242002113, 10.870985879636796 ], [ -74.87189844396049, 10.869874997583628 ], [ -74.871986376492956, 10.869045947033396 ], [ -74.871705359706866, 10.868771487431232 ], [ -74.871426064474136, 10.86877318843761 ], [ -74.870872636850152, 10.869605073336613 ], [ -74.870036468511117, 10.869886335142102 ], [ -74.869853710790707, 10.870439791184131 ], [ -74.86948332116863, 10.870764245656332 ], [ -74.869203737030176, 10.870719918027937 ], [ -74.869132193237064, 10.87044418125136 ], [ -74.869200297927094, 10.870167594927929 ], [ -74.869664072839015, 10.869888601303741 ], [ -74.869715380160955, 10.868783601294245 ], [ -74.870026147303477, 10.86822936648492 ], [ -74.871422621874473, 10.868220865419687 ], [ -74.871560547745361, 10.867943854050916 ], [ -74.872070865875557, 10.867664574213057 ], [ -74.872255339947969, 10.86738727884287 ], [ -74.872028461697809, 10.866836317573119 ], [ -74.872108806334239, 10.866283484906797 ], [ -74.871967438637199, 10.866008174519299 ], [ -74.871127840031988, 10.86573711474672 ], [ -74.870570975065576, 10.866016675888265 ], [ -74.870012389313359, 10.86602007478154 ], [ -74.869736535145094, 10.866574097042745 ], [ -74.86945724164012, 10.866575795921181 ], [ -74.869362424723647, 10.86630020028538 ], [ -74.869591730616193, 10.865746461544326 ], [ -74.86935726779312, 10.865471715465684 ], [ -74.869223493797094, 10.864920184786527 ], [ -74.868887484144523, 10.864784141740898 ], [ -74.868609051320121, 10.86492392039729 ], [ -74.868752134035816, 10.865475394932782 ], [ -74.868615924121855, 10.866028567464694 ], [ -74.868336630944682, 10.866030265241044 ], [ -74.86777460945045, 10.865481336268568 ], [ -74.866937589251108, 10.865624507335584 ], [ -74.867034979058047, 10.866314346677683 ], [ -74.867222891931831, 10.866589377410548 ], [ -74.867782338461282, 10.866724064376527 ], [ -74.867926280184307, 10.867413620386937 ], [ -74.867228902158672, 10.867555944347892 ], [ -74.866950466000461, 10.867695722008223 ], [ -74.866952182940565, 10.867971884237932 ], [ -74.866672315409787, 10.867881526528043 ], [ -74.865976365657644, 10.868253982930487 ], [ -74.865841866610808, 10.869083317162149 ], [ -74.865003976811437, 10.869088403860848 ], [ -74.864726395746359, 10.869366260828993 ], [ -74.864729826398985, 10.869918585372121 ], [ -74.863893648639944, 10.870199831543427 ], [ -74.863619494214589, 10.871030012960833 ], [ -74.862136753746924, 10.872143695323109 ], [ -74.862138467117092, 10.872419857956146 ], [ -74.861884155157355, 10.872697572436243 ], [ -74.862236136599577, 10.873155727231543 ], [ -74.862795309483701, 10.873244394349509 ], [ -74.863076324806201, 10.873518863099616 ], [ -74.863081468314078, 10.874347350464546 ], [ -74.862806452309243, 10.875039450843774 ], [ -74.861690098795378, 10.875184306188746 ], [ -74.861425359609839, 10.877533381805021 ], [ -74.861241726401261, 10.877948754385235 ], [ -74.860316702477093, 10.878920966404332 ], [ -74.860037395981564, 10.878922658622145 ], [ -74.859982390910702, 10.879061078323407 ], [ -74.860041677395756, 10.879613065304026 ], [ -74.860320984533274, 10.879611372976299 ], [ -74.860322697509019, 10.879887536037383 ], [ -74.86079163646346, 10.880437040262837 ], [ -74.859629566069657, 10.880720255144809 ], [ -74.859421796978225, 10.880997686978624 ], [ -74.859682967539413, 10.881824624579586 ], [ -74.859643266932466, 10.882929557993435 ], [ -74.859784634885003, 10.88320487432315 ], [ -74.860119807508426, 10.883202843394299 ], [ -74.859226869936208, 10.88334634071408 ], [ -74.859021667700006, 10.884038016828473 ], [ -74.859236289390097, 10.884865236409134 ], [ -74.858962114766072, 10.885695417258932 ], [ -74.857285209233595, 10.885539867709278 ], [ -74.856785182531254, 10.885984771557682 ], [ -74.857290513682599, 10.886395973409448 ], [ -74.858129311296935, 10.886528981624021 ], [ -74.857571539039824, 10.88667044584756 ], [ -74.856849599347441, 10.887365249550752 ], [ -74.856880952917308, 10.887917406871626 ], [ -74.857303348951532, 10.888467196905415 ], [ -74.857024603419688, 10.888560942229402 ], [ -74.856470533675889, 10.889300758650528 ], [ -74.856201481565165, 10.890959428450888 ], [ -74.855700418884481, 10.891238634153364 ], [ -74.855646265618603, 10.891515135605573 ], [ -74.855088482629199, 10.891656596779965 ], [ -74.854248815715451, 10.891385500798297 ], [ -74.854110010858619, 10.891524426771053 ], [ -74.854534118159677, 10.892350383973618 ], [ -74.854537537503418, 10.892902710902042 ], [ -74.853980035904442, 10.893090197884154 ], [ -74.85370519119148, 10.89381517207525 ], [ -74.853144921124041, 10.893555535777024 ], [ -74.852586392408654, 10.893577322308765 ], [ -74.851305951585815, 10.894303108643562 ], [ -74.851156026333712, 10.894580188097516 ], [ -74.851482080970555, 10.895682916481862 ], [ -74.851204037767261, 10.895891725898935 ], [ -74.850828619326691, 10.895410687556266 ], [ -74.850826912670755, 10.895134523557681 ], [ -74.850640128452639, 10.895043592952108 ], [ -74.849802727997144, 10.895140704551553 ], [ -74.849804433431018, 10.895416868767427 ], [ -74.849802727438515, 10.895140704554924 ], [ -74.84924408139949, 10.895144074563589 ], [ -74.849245786597919, 10.895420238809976 ], [ -74.848968167774004, 10.895698087764499 ], [ -74.848688843753692, 10.895699772315197 ], [ -74.848565287679619, 10.89625286648308 ], [ -74.848659042627006, 10.896528475733273 ], [ -74.848418042830289, 10.897082278249464 ], [ -74.848139448014749, 10.897202318543709 ], [ -74.847302161095428, 10.897319150454573 ], [ -74.845902411046438, 10.896821261926574 ], [ -74.84534461101039, 10.896962707702633 ], [ -74.844510036124831, 10.897520080929793 ], [ -74.843113970646129, 10.897620536748834 ], [ -74.841716487648469, 10.897490848609097 ], [ -74.841155569743876, 10.897125983976645 ], [ -74.83975766454904, 10.896927244957952 ], [ -74.839471128428698, 10.895755216762725 ], [ -74.838909933903594, 10.895344319428339 ], [ -74.838353826380072, 10.895761918504828 ], [ -74.838077890671997, 10.896315925350789 ], [ -74.836961432531936, 10.896460705476049 ], [ -74.836408029637539, 10.897320167645555 ], [ -74.835010376496754, 10.897162831567258 ], [ -74.835008684143219, 10.896886665131523 ], [ -74.834727664994745, 10.896612170708428 ], [ -74.834591385445961, 10.897165339421715 ], [ -74.833895603454138, 10.897583767883731 ], [ -74.833620503428506, 10.898275855511235 ], [ -74.832223859215361, 10.898284207317873 ], [ -74.831942840531482, 10.898009710071005 ], [ -74.83166351176456, 10.898011379372164 ], [ -74.831101476083674, 10.897462383016856 ], [ -74.831099787286405, 10.897186215979744 ], [ -74.830679106846276, 10.896912551389356 ], [ -74.830253363591069, 10.895810384804701 ], [ -74.829975724429033, 10.896088219192976 ], [ -74.829977412015737, 10.896364386424059 ], [ -74.829698084055906, 10.896366053688714 ], [ -74.829696396773002, 10.896089886414099 ], [ -74.830249987849015, 10.895258050128444 ], [ -74.830244925207253, 10.8944295484854 ], [ -74.829963912219867, 10.894155048431413 ], [ -74.829960537771115, 10.893602713880764 ], [ -74.830519187710536, 10.89359937918219 ], [ -74.830800200493201, 10.893873878738516 ], [ -74.831077837052931, 10.89359604402202 ], [ -74.831074461052481, 10.893043709518528 ], [ -74.831076149449842, 10.893319876908466 ], [ -74.831356317858265, 10.893456292249295 ], [ -74.831914122487149, 10.89331487170104 ], [ -74.831910744760251, 10.892762538277021 ], [ -74.831351252807508, 10.892627791301166 ], [ -74.831209058571574, 10.892214374507772 ], [ -74.831625792589151, 10.891843649661347 ], [ -74.832183312369423, 10.89165620142782 ], [ -74.832178245888187, 10.890827700491409 ], [ -74.832457568154865, 10.890826031530102 ], [ -74.832733511505111, 10.890272029059135 ], [ -74.832728444162655, 10.889443528304305 ], [ -74.833006075355456, 10.88916569244482 ], [ -74.833009454380587, 10.889718026207873 ], [ -74.832731822624851, 10.889995862144408 ], [ -74.833012833027979, 10.890270359815313 ], [ -74.833292154365807, 10.890268690318299 ], [ -74.833847416298823, 10.889713017631529 ], [ -74.833842346283816, 10.88888451736455 ], [ -74.834121666339655, 10.888882847321376 ], [ -74.834676924619274, 10.888327173474162 ], [ -74.834681997094847, 10.889155673517829 ], [ -74.834963007931421, 10.88943016911567 ], [ -74.835333743499589, 10.889151774801981 ], [ -74.835795047264497, 10.888458572866686 ], [ -74.836353403608925, 10.888409201786395 ], [ -74.836633851015506, 10.888591640283311 ], [ -74.836911477200516, 10.888313801866564 ], [ -74.836908092129377, 10.887761468985403 ], [ -74.837742660172594, 10.887204118564297 ], [ -74.837461649546128, 10.886929625275636 ], [ -74.837456570824571, 10.886101126406441 ], [ -74.838014357604266, 10.885959697526042 ], [ -74.838294521235113, 10.886096107465702 ], [ -74.838296214758813, 10.886372273584955 ], [ -74.838018591428806, 10.886650113063846 ], [ -74.838021978469357, 10.887202445361469 ], [ -74.838584001778827, 10.887751430029104 ], [ -74.838931454948352, 10.887473171710738 ], [ -74.838856542269298, 10.886645092205775 ], [ -74.83997211491284, 10.886362228316417 ], [ -74.839970419707555, 10.886086062458826 ], [ -74.839130776289309, 10.885814920387833 ], [ -74.839125693115633, 10.884986422102278 ], [ -74.83996279212667, 10.884843315895333 ], [ -74.840523965746982, 10.885254214469768 ], [ -74.841079204335244, 10.884698532210741 ], [ -74.84107581246208, 10.884146200775742 ], [ -74.840794802440641, 10.883871710521168 ], [ -74.841072421049049, 10.883593869042024 ], [ -74.841351734899789, 10.88359219336092 ], [ -74.841489695507875, 10.883315190031686 ], [ -74.840784629871223, 10.882214715797684 ], [ -74.841062246794706, 10.88193687482698 ], [ -74.841196816337131, 10.881107539896266 ], [ -74.841055465337234, 10.880832212001845 ], [ -74.840496842636625, 10.880835561732281 ], [ -74.840219226091151, 10.881113401852218 ], [ -74.839939914091275, 10.881115076220164 ], [ -74.839938219612293, 10.880838910172205 ], [ -74.840215836664541, 10.880561069746006 ], [ -74.840774458942633, 10.880557720610167 ], [ -74.841329690020501, 10.880002038954659 ], [ -74.841472736675129, 10.88055353303813 ], [ -74.841486303599623, 10.882762858673383 ], [ -74.84134834315887, 10.883039862245695 ], [ -74.841628504286874, 10.883176269088992 ], [ -74.84190781766101, 10.883174592965462 ], [ -74.842881170612344, 10.882478311011656 ], [ -74.843019129349116, 10.882201307013885 ], [ -74.842458808025029, 10.881928495187976 ], [ -74.842455414356166, 10.881376164084763 ], [ -74.842733029110363, 10.881098321965633 ], [ -74.842731332341032, 10.88082215616711 ], [ -74.843012340513326, 10.881096644876383 ], [ -74.84329165201369, 10.881094968084827 ], [ -74.84315539099228, 10.881648137547113 ], [ -74.843295895485909, 10.881785381511575 ], [ -74.84385366976332, 10.881643943873522 ], [ -74.843851972014818, 10.881367778258868 ], [ -74.843853670321948, 10.881643943870165 ], [ -74.844133830796508, 10.881780348463794 ], [ -74.844412292909823, 10.88164058779047 ], [ -74.84441059436999, 10.881364422540837 ], [ -74.844689905895478, 10.881362743884345 ], [ -74.844967517812194, 10.88108490036209 ], [ -74.844965818850085, 10.88080873518922 ], [ -74.845243430598074, 10.880530891115944 ], [ -74.845246829270437, 10.88108322151608 ], [ -74.845808000337158, 10.881494110486205 ], [ -74.846081361389324, 10.880525853465581 ], [ -74.845519342076571, 10.879976882048283 ], [ -74.845793553483603, 10.879146707391207 ], [ -74.846072862729287, 10.879145028367056 ], [ -74.845795253222789, 10.879422872739017 ], [ -74.845796952587051, 10.879699037807965 ], [ -74.846077961731339, 10.879973523304082 ], [ -74.846636581064402, 10.879970163683712 ], [ -74.847748715184451, 10.879134947248687 ], [ -74.847743611505521, 10.878306452915178 ], [ -74.848301660286708, 10.878211035872177 ], [ -74.848441881523854, 10.878302250077232 ], [ -74.848165976771497, 10.878856260832308 ], [ -74.848169380007761, 10.879408590242031 ], [ -74.848590612539454, 10.879774287406397 ], [ -74.848869353913329, 10.879680550608528 ], [ -74.848726295193217, 10.879129062376649 ], [ -74.849422863427407, 10.878848692483297 ], [ -74.849421160862065, 10.878572527966403 ], [ -74.849140150698261, 10.878298045794903 ], [ -74.848860842727163, 10.878299727617303 ], [ -74.849140150695703, 10.878298045380657 ], [ -74.849276399462013, 10.8777448754812 ], [ -74.84997296397303, 10.877464504926914 ], [ -74.850528170442146, 10.876908810248432 ], [ -74.850524763943397, 10.876356481210006 ], [ -74.85080406956213, 10.876354798035017 ], [ -74.851081671302182, 10.876076950305722 ], [ -74.851085079294762, 10.876629279176234 ], [ -74.851365236883325, 10.876765677437598 ], [ -74.851922996227543, 10.876624226962354 ], [ -74.85220059669048, 10.876346378632679 ], [ -74.852197187294465, 10.875794050098472 ], [ -74.853314406339734, 10.875787310138355 ], [ -74.853869602878518, 10.875231611161636 ], [ -74.853867896800125, 10.874955447000973 ], [ -74.854426504323484, 10.874952074747172 ], [ -74.854704100798187, 10.874674224760257 ], [ -74.853862778288828, 10.874126955595706 ], [ -74.85414037515298, 10.873849105727455 ], [ -74.855535180448513, 10.873564509292196 ], [ -74.855250756643002, 10.872737705238196 ], [ -74.855245635522863, 10.871909214088182 ], [ -74.855523229049908, 10.871631363618995 ], [ -74.856361984459468, 10.871764383508058 ], [ -74.856640430768337, 10.871624613837142 ], [ -74.856731822586241, 10.871347887973137 ], [ -74.856166391931737, 10.870246608916904 ], [ -74.856164684404263, 10.869970445304691 ], [ -74.856628474439404, 10.86969146927469 ], [ -74.857187640761566, 10.869780148239894 ], [ -74.857374978795761, 10.869963131736055 ], [ -74.857471495822523, 10.870514895490096 ], [ -74.858307683109032, 10.87023366595187 ], [ -74.858305973614506, 10.869957502676195 ], [ -74.857742250088762, 10.869132390328506 ], [ -74.858019838924989, 10.868854538082051 ], [ -74.85815606929161, 10.868301367318805 ], [ -74.857594058311037, 10.867752417464143 ], [ -74.857592349872249, 10.86747625403174 ], [ -74.858009585291697, 10.867197558207595 ], [ -74.858007876560222, 10.866921394830619 ], [ -74.857306221321494, 10.866373288059659 ], [ -74.857443306990689, 10.865958198824943 ], [ -74.858001042372408, 10.865816740992704 ], [ -74.858278627965092, 10.865538889555934 ], [ -74.85827521058782, 10.864986562822004 ], [ -74.857994208366065, 10.864712087627039 ], [ -74.858271793534385, 10.864434236066375 ], [ -74.858268376525515, 10.863881909290731 ], [ -74.857987375654147, 10.863607434036474 ], [ -74.857432205461308, 10.864163136197787 ], [ -74.85687020488821, 10.863614183519317 ], [ -74.856310765926324, 10.863479474887066 ], [ -74.856028913701607, 10.863066915599857 ], [ -74.855749621270064, 10.863068601489273 ], [ -74.855746209195331, 10.862516273596142 ], [ -74.856302233527245, 10.862098656005053 ], [ -74.856859962654539, 10.861957201582458 ], [ -74.856853135745411, 10.860852546943706 ], [ -74.857547946620997, 10.860296002958599 ], [ -74.857546239425034, 10.860019839385398 ], [ -74.857962896814243, 10.859649090691706 ], [ -74.858241901090622, 10.859601375933368 ], [ -74.858803041108857, 10.860012245511925 ], [ -74.859920197255306, 10.86000549121974 ], [ -74.86020119580698, 10.860279965031225 ], [ -74.860478774773796, 10.860002112693687 ], [ -74.860477065210986, 10.859725949436838 ], [ -74.861314930791039, 10.859720879532306 ], [ -74.861592508127899, 10.859443026435088 ], [ -74.862150514191796, 10.859347590616863 ], [ -74.862702813460004, 10.858331611230087 ], [ -74.862421815272185, 10.858057139610573 ], [ -74.862416681333784, 10.857228651058932 ], [ -74.861854688311055, 10.856679706623206 ], [ -74.861575402647404, 10.856681396683676 ], [ -74.861852977601345, 10.856403543526266 ], [ -74.861636672713345, 10.855300159141727 ], [ -74.861701363154339, 10.85447124761707 ], [ -74.860861803083253, 10.854200152860475 ], [ -74.861278163828175, 10.853783374229092 ], [ -74.861557446753906, 10.85378168474624 ], [ -74.861972095471515, 10.853088742695427 ], [ -74.861831599519149, 10.852951506227509 ], [ -74.861273035250719, 10.852954885182376 ], [ -74.860580810936113, 10.853925678570207 ], [ -74.85988431117292, 10.854206062957147 ], [ -74.859329159650514, 10.854761765691906 ], [ -74.859054429509229, 10.85549988896889 ], [ -74.858217997179267, 10.855735087064801 ], [ -74.857658573161487, 10.855600378361531 ], [ -74.85793273809567, 10.854770201080649 ], [ -74.857651747131598, 10.854495723771704 ], [ -74.85764833460226, 10.853943396444269 ], [ -74.857088061546648, 10.853670604445094 ], [ -74.856805793502943, 10.853189003096274 ], [ -74.856526084088742, 10.853121647304294 ], [ -74.856318326713804, 10.853399074738444 ], [ -74.856251915790807, 10.853951823808206 ], [ -74.85457689292349, 10.854072393749611 ], [ -74.854016507782632, 10.853781184695288 ], [ -74.8541039260259, 10.852860076304632 ], [ -74.853894010500071, 10.852032817366057 ], [ -74.853998913037046, 10.850927487249761 ], [ -74.853712823419784, 10.849824512311335 ], [ -74.853431841044525, 10.849550029388636 ], [ -74.853426735978047, 10.848721536137097 ], [ -74.853976785169721, 10.847337350961014 ], [ -74.853973381410313, 10.846785022224074 ], [ -74.854251808276189, 10.846645258134771 ], [ -74.854812916880078, 10.847056140076056 ], [ -74.855090491501528, 10.84677829357121 ], [ -74.855088788876245, 10.846502129368989 ], [ -74.85564677552523, 10.846406708905842 ], [ -74.85620248962924, 10.845943068777249 ], [ -74.856061148000563, 10.845667746456009 ], [ -74.856197378814429, 10.845114576636902 ], [ -74.855916399823045, 10.844840095827234 ], [ -74.854518319950159, 10.844572343944582 ], [ -74.855071763892539, 10.843740486791877 ], [ -74.855351038485068, 10.843738804478521 ], [ -74.855621799497371, 10.842356301282503 ], [ -74.856179210659548, 10.84216882642346 ], [ -74.856738324385915, 10.842257514691701 ], [ -74.857575006608343, 10.842068353884162 ], [ -74.857573302321867, 10.841792189989134 ], [ -74.857292326184606, 10.841517710348777 ], [ -74.857013053957417, 10.841519393528996 ], [ -74.857292326182048, 10.841517709934532 ], [ -74.857853427253374, 10.841928587493435 ], [ -74.858411119346883, 10.841787136384131 ], [ -74.858966252806724, 10.841231438683351 ], [ -74.859523090113186, 10.84095190391024 ], [ -74.859242113271335, 10.840677425924518 ], [ -74.859238701994997, 10.840125098605096 ], [ -74.858399185257412, 10.839853989895325 ], [ -74.858952610814583, 10.839022129008328 ], [ -74.859235291320104, 10.839572770986159 ], [ -74.860071395202169, 10.839291550338068 ], [ -74.860910911018948, 10.839562654507768 ], [ -74.861191888051437, 10.839837130908645 ], [ -74.86152359699004, 10.839282779810441 ], [ -74.861324693707971, 10.838731634181713 ], [ -74.861740182160858, 10.838176776390595 ], [ -74.862577987137684, 10.838171713261607 ], [ -74.862579695570389, 10.838447876570267 ], [ -74.863418640157761, 10.838626919587066 ], [ -74.863696769107904, 10.838441121557345 ], [ -74.864812986874441, 10.838296281504595 ], [ -74.865368528896227, 10.837809615992088 ], [ -74.866485684016553, 10.837816659668695 ], [ -74.86676700585987, 10.83814636294065 ], [ -74.866768718011954, 10.83842252545092 ], [ -74.867328966291751, 10.83869530342122 ], [ -74.867822824731675, 10.839520828112763 ], [ -74.867758147537558, 10.840349738352328 ], [ -74.86743575931753, 10.840904038265204 ], [ -74.867623652674482, 10.841179071758631 ], [ -74.869437193090164, 10.840891898911869 ], [ -74.869288984552483, 10.839511935881205 ], [ -74.869147635761593, 10.839236620946787 ], [ -74.868728162200583, 10.839147107977402 ], [ -74.868446894586413, 10.838826612506786 ], [ -74.868258145632325, 10.838413498014306 ], [ -74.868443467166102, 10.838274287887939 ], [ -74.869560107783272, 10.838198471557655 ], [ -74.869840661134717, 10.838403898208199 ], [ -74.870118213225155, 10.838126041488493 ], [ -74.871240000610143, 10.838878704714357 ], [ -74.872075656652243, 10.838528413176375 ], [ -74.874589918061716, 10.838651212370142 ], [ -74.87542943833823, 10.838922274901215 ], [ -74.875567351363685, 10.838645264092177 ], [ -74.875148021560349, 10.838578773478087 ], [ -74.874303775215623, 10.837548266242232 ], [ -74.874024509390395, 10.837549964778097 ], [ -74.873743525041348, 10.837275501548678 ], [ -74.873108306559743, 10.836174675526683 ], [ -74.872988511362294, 10.835623059605396 ], [ -74.874703764282415, 10.834507943660258 ], [ -74.874976151385809, 10.83340159983257 ], [ -74.875391605480331, 10.832846729133713 ], [ -74.875295080626969, 10.832294972902313 ], [ -74.87566570871374, 10.832016546473728 ], [ -74.87566398946899, 10.831740385258682 ], [ -74.875665709132619, 10.832016546471177 ], [ -74.875946688972135, 10.832291008333733 ], [ -74.876506070256823, 10.832425689692228 ], [ -74.876924100878341, 10.8322850592481 ], [ -74.876777589786641, 10.831181265440929 ], [ -74.87528820510407, 10.831190327795342 ], [ -74.874965839147791, 10.831744631955045 ], [ -74.8750175385711, 10.832572832830973 ], [ -74.874833083406699, 10.832850126464589 ], [ -74.873716609848159, 10.832948971938606 ], [ -74.873159660536999, 10.833205514396237 ], [ -74.872605857775085, 10.833968352390821 ], [ -74.872607574579234, 10.834244514051411 ], [ -74.872328311265875, 10.834246210679568 ], [ -74.87187145407789, 10.835629846275468 ], [ -74.871501389574831, 10.836000323340954 ], [ -74.870943145781808, 10.836049741723594 ], [ -74.870103758397448, 10.835798390440942 ], [ -74.869268755090474, 10.836253222860407 ], [ -74.868707188766663, 10.835767408467056 ], [ -74.867031434601657, 10.835751262629183 ], [ -74.866191642129252, 10.835434147124396 ], [ -74.865353561365765, 10.83539319181811 ], [ -74.865350140798014, 10.834840866167125 ], [ -74.867023588601185, 10.834485517718681 ], [ -74.867861809190529, 10.834549482397842 ], [ -74.867863521740929, 10.834825644799393 ], [ -74.868143128315467, 10.834879184737963 ], [ -74.86841965171601, 10.834435632240423 ], [ -74.869720139875724, 10.833985870131333 ], [ -74.869809799122351, 10.833432981243707 ], [ -74.869250588308958, 10.833325903766424 ], [ -74.868134793049606, 10.833535194554679 ], [ -74.867856671538135, 10.833720995232694 ], [ -74.867017169869442, 10.833449908257197 ], [ -74.866459071202868, 10.83352233117904 ], [ -74.865481221592646, 10.833459207204028 ], [ -74.867017169868021, 10.833449908027065 ], [ -74.867853246851624, 10.833168670037548 ], [ -74.868687608661403, 10.832611268144298 ], [ -74.868403208857416, 10.83178447402458 ], [ -74.868123947428728, 10.831786166325575 ], [ -74.868122234850688, 10.831510003636458 ], [ -74.86784126191715, 10.831235533451174 ], [ -74.867282739850978, 10.831238916613575 ], [ -74.867005190254517, 10.831516770134412 ], [ -74.867006901389516, 10.831792932726445 ], [ -74.866727639590607, 10.831794623857288 ], [ -74.866163984747828, 10.830969517035197 ], [ -74.865324491912816, 10.83069842398754 ], [ -74.865603752777815, 10.830696733836669 ], [ -74.865877883259131, 10.829866555882514 ], [ -74.865500408162191, 10.829040320179111 ], [ -74.86600896358901, 10.8284848969656 ], [ -74.865865914728801, 10.827933416145072 ], [ -74.865585802061531, 10.827797024250065 ], [ -74.865397066225313, 10.827383905853752 ], [ -74.865441899923795, 10.827107461429545 ], [ -74.865859076585338, 10.82682876475212 ], [ -74.865578110456681, 10.826554291355118 ], [ -74.864461082037849, 10.826561045589301 ], [ -74.864183532705169, 10.826838896642315 ], [ -74.864180116973074, 10.826286569833421 ], [ -74.86473521401274, 10.825730867991139 ], [ -74.86473350579908, 10.825454704932779 ], [ -74.865011053482107, 10.825176853657275 ], [ -74.865007636774848, 10.824624527602708 ], [ -74.86416474848285, 10.823801101973867 ], [ -74.863607946065954, 10.824080639178867 ], [ -74.863332104603515, 10.824634652555563 ], [ -74.863613066946229, 10.824909128669653 ], [ -74.86389232272586, 10.824907441511568 ], [ -74.863894030083372, 10.825183605126737 ], [ -74.863335517967968, 10.825186979416623 ], [ -74.863199303619169, 10.825740149126236 ], [ -74.862782124943649, 10.826018842658602 ], [ -74.862223610925753, 10.826022215054852 ], [ -74.862085688409465, 10.82629922118541 ], [ -74.861667939240505, 10.826485858715976 ], [ -74.861387544512667, 10.826303435057463 ], [ -74.861385839272288, 10.826027271481173 ], [ -74.861663390992788, 10.825749422629219 ], [ -74.861379018911379, 10.824922617123176 ], [ -74.86165998050916, 10.825197095260776 ], [ -74.861937531022562, 10.824919246594588 ], [ -74.861656569654883, 10.824644768427243 ], [ -74.861653159262588, 10.824092441295059 ], [ -74.861930709216253, 10.823814592506226 ], [ -74.861925593345745, 10.822986101885382 ], [ -74.861363675342531, 10.822437144516375 ], [ -74.861360266198702, 10.821884817213061 ], [ -74.861918773108201, 10.821881447373645 ], [ -74.862196320808664, 10.821603598964689 ], [ -74.862194615585935, 10.821327435432034 ], [ -74.861636110348542, 10.821330805596832 ], [ -74.861629291820194, 10.820226150786919 ], [ -74.860788129016626, 10.819678875776734 ], [ -74.859950374575845, 10.819683925794928 ], [ -74.859672825928953, 10.81996177226543 ], [ -74.859953780520286, 10.820236253344353 ], [ -74.859676231363508, 10.820514100169087 ], [ -74.859677933871467, 10.820790264252887 ], [ -74.859671122722261, 10.81968560830917 ], [ -74.859111484985391, 10.819504863760061 ], [ -74.858829113504143, 10.819000245046459 ], [ -74.858268059282238, 10.818589361697992 ], [ -74.858542205871814, 10.817759187847843 ], [ -74.858261254852707, 10.817484704846681 ], [ -74.858538803400435, 10.817206859488831 ], [ -74.858535401113159, 10.816654531109043 ], [ -74.858254451580052, 10.816380048185925 ], [ -74.857975202513671, 10.816381728659275 ], [ -74.858252750525764, 10.816103883664647 ], [ -74.858249349117116, 10.815551555155482 ], [ -74.858526896200431, 10.81527371006869 ], [ -74.858245948173504, 10.814999226900028 ], [ -74.857966700664136, 10.815000907428319 ], [ -74.857411605478333, 10.815556596243763 ], [ -74.85741330511533, 10.815832760726387 ], [ -74.857134056422581, 10.815834440539323 ], [ -74.857132356762122, 10.815558276106545 ], [ -74.856758326818735, 10.815284351028591 ], [ -74.856848860524906, 10.814869544359608 ], [ -74.85768745310537, 10.815002587152067 ], [ -74.858102923497952, 10.814447738325763 ], [ -74.85796159993798, 10.814172414462746 ], [ -74.857123859430629, 10.814177454139257 ], [ -74.856842913232256, 10.813902968743902 ], [ -74.857120460705048, 10.81362512479196 ], [ -74.857958199680539, 10.813620085240741 ], [ -74.858235745323341, 10.813342240911123 ], [ -74.858234045056193, 10.813066076607216 ], [ -74.858513291012088, 10.813064396040385 ], [ -74.858790835819377, 10.81278655118647 ], [ -74.858226394563147, 10.811823337174543 ] ] } },
{ "type": "Feature", "properties": { "ELEV": 50.0 }, "geometry": { "type": "LineString", "coordinates": [ [ -74.984441156639306, 10.958863550500313 ], [ -74.98402211548067, 10.958866277682539 ], [ -74.983744962859987, 10.959199465009116 ], [ -74.983746803006653, 10.959475606301925 ], [ -74.983257920432692, 10.959478786993378 ], [ -74.983193599376492, 10.9603076656383 ], [ -74.982968959376564, 10.959204513274756 ], [ -74.982979339131035, 10.958099832286281 ], [ -74.982649564958422, 10.957273516522044 ], [ -74.982908441817045, 10.956443372953807 ], [ -74.982879293642213, 10.955062795332847 ], [ -74.983060015756209, 10.954233160042158 ], [ -74.982592583038198, 10.953960045285191 ], [ -74.982421293215836, 10.953408851551401 ], [ -74.983419618973926, 10.952297748098733 ], [ -74.983417780318888, 10.952021606649314 ], [ -74.983137506901215, 10.951885352163586 ], [ -74.982852822211726, 10.951086357362021 ], [ -74.982297238388156, 10.951559428832748 ], [ -74.981739448292487, 10.951701129501496 ], [ -74.979783153010743, 10.951591534426669 ], [ -74.97894137626578, 10.95103811260759 ], [ -74.978381794274014, 10.95091023975144 ], [ -74.977823347458042, 10.950953311177706 ], [ -74.97754582602164, 10.951231264510302 ], [ -74.977495600972077, 10.95067928123235 ], [ -74.977026345638706, 10.950130013465447 ], [ -74.977024513279645, 10.94985387090488 ], [ -74.976694936761319, 10.94930369721034 ], [ -74.975854130644379, 10.948894910905777 ], [ -74.975016987048562, 10.949038407700217 ], [ -74.97489293985538, 10.948763055727763 ], [ -74.975011496263377, 10.948209978833654 ], [ -74.975290848585274, 10.94820817076624 ], [ -74.975671296442613, 10.947653398663697 ], [ -74.9756372015339, 10.946272845897854 ], [ -74.975276206582308, 10.945999027680239 ], [ -74.974718812848963, 10.946199887732703 ], [ -74.973460428982975, 10.946010773035939 ], [ -74.972711838810241, 10.945463301843839 ], [ -74.97247417417212, 10.944728423820019 ], [ -74.972194824634229, 10.944730228743589 ], [ -74.971818096482465, 10.94408830000444 ], [ -74.971280851423245, 10.943815614237467 ], [ -74.971068905424872, 10.943448775462979 ], [ -74.97050777465904, 10.943084190372973 ], [ -74.969808795510986, 10.942996649074436 ], [ -74.969806971057238, 10.942720505179105 ], [ -74.969384908945699, 10.942262968365206 ], [ -74.969105561195562, 10.942264770062106 ], [ -74.968543219275531, 10.941716084447297 ], [ -74.968203749398256, 10.941073908982066 ], [ -74.968805550696601, 10.939136938375491 ], [ -74.968617498200786, 10.938861994679113 ], [ -74.96796478281027, 10.938728123314995 ], [ -74.96740882588486, 10.939145939118125 ], [ -74.967410647461904, 10.939422083477965 ], [ -74.967133578721317, 10.939769063408734 ], [ -74.966989807840434, 10.939148638099569 ], [ -74.965954410125278, 10.938879148521018 ], [ -74.966567755465576, 10.938691095660857 ], [ -74.966774836221404, 10.938321553949066 ], [ -74.966747915911895, 10.937769414864388 ], [ -74.966559866037187, 10.937494469537313 ], [ -74.966282342712503, 10.937772412314835 ], [ -74.966002998504877, 10.937774210515466 ], [ -74.965505638076209, 10.938605880529133 ], [ -74.965171697712023, 10.938801338885431 ], [ -74.964612946594201, 10.938795728366985 ], [ -74.964510153926881, 10.938612285199182 ], [ -74.964408917816087, 10.937508310032134 ], [ -74.964950000745333, 10.93695251675519 ], [ -74.964878346009556, 10.936676821424832 ], [ -74.964319659354032, 10.936680414232944 ], [ -74.964112856269082, 10.935577117371322 ], [ -74.964582637496122, 10.934193313596495 ], [ -74.965137227507526, 10.933568395097806 ], [ -74.965417022627619, 10.933635634638353 ], [ -74.965699091447604, 10.934048054691669 ], [ -74.966537416519543, 10.934088686419715 ], [ -74.967098524832153, 10.93445328251582 ], [ -74.967651743193031, 10.933621252112696 ], [ -74.967370582641649, 10.933346906350769 ], [ -74.96736876209151, 10.933070761875081 ], [ -74.966807050070472, 10.932614117379773 ], [ -74.966249129809583, 10.932732772950976 ], [ -74.965968426086022, 10.932527461832066 ], [ -74.965130408302215, 10.93253285204533 ], [ -74.964851978001946, 10.932672720657049 ], [ -74.964291986171631, 10.932476874270197 ], [ -74.963453852330872, 10.93246472683845 ], [ -74.962893875794677, 10.932271069448397 ], [ -74.962611509717888, 10.931812621351154 ], [ -74.961685219475953, 10.932554987565069 ], [ -74.961640478121254, 10.932831431867296 ], [ -74.961221467626373, 10.932834121472418 ], [ -74.960107733829801, 10.933393582062632 ], [ -74.960109547662967, 10.93366972783234 ], [ -74.959553585231163, 10.93408752991613 ], [ -74.959332831782575, 10.934503181593884 ], [ -74.959284217016304, 10.935608123012141 ], [ -74.957516854203817, 10.935895610199093 ], [ -74.957611780788582, 10.936171159308111 ], [ -74.957891124766675, 10.93616936910767 ], [ -74.957894749528563, 10.936721661367917 ], [ -74.957617217158969, 10.936999597691777 ], [ -74.957343912271753, 10.93792187466159 ], [ -74.956430892011426, 10.938664144948776 ], [ -74.956517045610823, 10.939630145423189 ], [ -74.955682624869368, 10.94018780576039 ], [ -74.955124833809705, 10.94032945635699 ], [ -74.954986970042242, 10.940606496823344 ], [ -74.955171982967954, 10.941433786175676 ], [ -74.954716672557694, 10.94198901724363 ], [ -74.954718482916022, 10.942265163659588 ], [ -74.955138715201869, 10.942446578317771 ], [ -74.955329174458754, 10.943089727085912 ], [ -74.955014130816522, 10.944748692210789 ], [ -74.954691841078102, 10.94530307203739 ], [ -74.954881698895761, 10.945854172047842 ], [ -74.954606329126221, 10.946463483058102 ], [ -74.954326612719143, 10.946410042636588 ], [ -74.954229873587352, 10.945858346014106 ], [ -74.954269190585805, 10.944753462190858 ], [ -74.954591480356157, 10.944199082761722 ], [ -74.953751614454589, 10.943928300892958 ], [ -74.953749804709616, 10.943652154346982 ], [ -74.953468643630444, 10.943377795370838 ], [ -74.953742566028112, 10.942547568111491 ], [ -74.953461406420018, 10.9422732092041 ], [ -74.953183864970157, 10.942551142866172 ], [ -74.952902705501643, 10.942276783219745 ], [ -74.952064653619558, 10.942282142053964 ], [ -74.951923170581821, 10.942006888137431 ], [ -74.952057422153203, 10.941177554604673 ], [ -74.951777620921192, 10.941110303547775 ], [ -74.951499927919613, 10.941365223673188 ], [ -74.950950864927648, 10.942841578020269 ], [ -74.95179343808735, 10.943526588762584 ], [ -74.951660089672686, 10.944493995946772 ], [ -74.952082735558335, 10.945043610308476 ], [ -74.95124588064084, 10.945233066463032 ], [ -74.950962611119394, 10.944636533717379 ], [ -74.950682354534621, 10.944500245382415 ], [ -74.9504030015502, 10.944502030518802 ], [ -74.950127261626164, 10.945056109286426 ], [ -74.949567952352723, 10.944967628935357 ], [ -74.949286792954652, 10.944693265678717 ], [ -74.948449334278678, 10.944790665444213 ], [ -74.948359826340265, 10.945343554342976 ], [ -74.94873771477971, 10.946169618403117 ], [ -74.949017069747171, 10.94616783498118 ], [ -74.949020681511016, 10.946720129540315 ], [ -74.948744034347087, 10.94713613444476 ], [ -74.948459563415867, 10.946355500371597 ], [ -74.947899650014605, 10.946174968377136 ], [ -74.947061945603281, 10.946235545022628 ], [ -74.94622171602019, 10.945909512855431 ], [ -74.946213602418467, 10.944666847922642 ], [ -74.945376802119355, 10.944865493230045 ], [ -74.944117546464199, 10.944542124187173 ], [ -74.943832790480499, 10.943715458612695 ], [ -74.944017225491649, 10.943438124606883 ], [ -74.943965264692494, 10.942609976551221 ], [ -74.943406560532097, 10.942613533301463 ], [ -74.943274083832648, 10.943719015477642 ], [ -74.943770154599548, 10.944820496015646 ], [ -74.943426363102802, 10.945651163996507 ], [ -74.944824940285073, 10.945918415600392 ], [ -74.945036258779425, 10.94619322856555 ], [ -74.943992277954536, 10.94675219868601 ], [ -74.944137360062868, 10.947579753210976 ], [ -74.944558454658136, 10.947892681249138 ], [ -74.945117362003899, 10.947918707968178 ], [ -74.945256589761968, 10.947848780699525 ], [ -74.945113306617699, 10.947297374911143 ], [ -74.945951375935991, 10.947292032679242 ], [ -74.946034798511661, 10.947843819313915 ], [ -74.945677428609258, 10.948122257231606 ], [ -74.945679231494196, 10.948398405030598 ], [ -74.94624083192241, 10.948836678581083 ], [ -74.947219305769806, 10.948940900031831 ], [ -74.947221110360942, 10.949217047561028 ], [ -74.947640748775541, 10.949306422419207 ], [ -74.948198862502039, 10.949210806648436 ], [ -74.948197057006155, 10.948934659280384 ], [ -74.948475812885306, 10.948840826522931 ], [ -74.948755772307436, 10.94893109172855 ], [ -74.948757578266239, 10.949207239280982 ], [ -74.948480929270161, 10.949623244064583 ], [ -74.947552442775049, 10.950043409999203 ], [ -74.947647367502043, 10.950318962778626 ], [ -74.94792672639835, 10.950317179411957 ], [ -74.947928531880038, 10.950593327213875 ], [ -74.947649172725193, 10.950595110626585 ], [ -74.946815606293853, 10.951290828146762 ], [ -74.946255984227051, 10.951156319125008 ], [ -74.945697865435008, 10.951251931969439 ], [ -74.945136019918294, 10.950776838416054 ], [ -74.944391781271392, 10.950892046064004 ], [ -74.944488506090821, 10.95144374848323 ], [ -74.945328390637002, 10.95171455354482 ], [ -74.945330193944315, 10.951990701335612 ], [ -74.94556479836649, 10.952265364504385 ], [ -74.94514936332466, 10.952820332300799 ], [ -74.945290847477054, 10.953095589369962 ], [ -74.945152969842539, 10.953372627897355 ], [ -74.945435338089467, 10.953831092560689 ], [ -74.945808422852977, 10.95392076585428 ], [ -74.945890136608654, 10.95502488121619 ], [ -74.946003686543932, 10.955300315723196 ], [ -74.946283050455207, 10.955298533198421 ], [ -74.946077136763478, 10.955852165420968 ], [ -74.945545296754702, 10.956407877131682 ], [ -74.944709005122647, 10.956689370668325 ], [ -74.94461949034789, 10.957242260419033 ], [ -74.944341928008711, 10.957520189445937 ], [ -74.944062561342108, 10.957521970690095 ], [ -74.9445245649231, 10.956966706159935 ], [ -74.944239789946238, 10.956140043825146 ], [ -74.944219362637156, 10.955864014662989 ], [ -74.944495120972519, 10.955309937822964 ], [ -74.944326150280787, 10.95510389554839 ], [ -74.943487006937971, 10.954948150945098 ], [ -74.943122329776543, 10.956147165997953 ], [ -74.943082977146034, 10.957252054960851 ], [ -74.942665429222657, 10.957484848375247 ], [ -74.94238606272917, 10.957486628075671 ], [ -74.942105195147462, 10.957258284278597 ], [ -74.94210159268863, 10.956705987544714 ], [ -74.941820426074543, 10.956431618412386 ], [ -74.941262894950327, 10.956619274497431 ], [ -74.940982328991637, 10.95643695396506 ], [ -74.941395976346854, 10.955605841274815 ], [ -74.942091387130546, 10.955141147464124 ], [ -74.942368349884006, 10.954771170781129 ], [ -74.941994063996091, 10.954497394425251 ], [ -74.94199226335806, 10.954221246130611 ], [ -74.94180482071647, 10.954038332979827 ], [ -74.940967530200183, 10.954166399945633 ], [ -74.940687216861576, 10.954022432510456 ], [ -74.940129838817995, 10.954233098653361 ], [ -74.939571111038518, 10.954236652113085 ], [ -74.93928934963246, 10.953870229857863 ], [ -74.939010135783434, 10.953895018287321 ], [ -74.938448862170517, 10.953507358663021 ], [ -74.938169348960272, 10.953486121453951 ], [ -74.93803281175353, 10.953970269631837 ], [ -74.938179682294205, 10.955073977763 ], [ -74.938532483546126, 10.95562405608738 ], [ -74.938562955040211, 10.956728503411796 ], [ -74.938191664760168, 10.956914970367842 ], [ -74.937631134304183, 10.956642372169062 ], [ -74.937068209563961, 10.956001573999123 ], [ -74.936788843531517, 10.956003348336301 ], [ -74.936367400025873, 10.955637810441367 ], [ -74.935803283215577, 10.954812909576011 ], [ -74.93580148826257, 10.954536760270637 ], [ -74.935473768113894, 10.95426267931462 ], [ -74.934822814146017, 10.954404889856526 ], [ -74.934541655520761, 10.954130512271414 ], [ -74.93370176839322, 10.953859677040937 ], [ -74.933419714949608, 10.953447223451786 ], [ -74.933140350707532, 10.95344899404042 ], [ -74.932862778463857, 10.953726914318276 ], [ -74.932866362694995, 10.954279213363392 ], [ -74.933566568247159, 10.954550936660526 ], [ -74.93277682525158, 10.954832103346281 ], [ -74.932737433294662, 10.955936997581061 ], [ -74.932878311531027, 10.956120212145123 ], [ -74.93427574307151, 10.956203405557334 ], [ -74.934349172409583, 10.956755261587666 ], [ -74.933721791756966, 10.956943347893482 ], [ -74.93260394138882, 10.956891854824617 ], [ -74.93204394370369, 10.956700835206941 ], [ -74.931762336783578, 10.956357417776299 ], [ -74.930927816427428, 10.956915025682834 ], [ -74.930086132592834, 10.956368031085434 ], [ -74.929807660045171, 10.956507874144831 ], [ -74.930044046227223, 10.957058701229776 ], [ -74.929813029231397, 10.957336324974323 ], [ -74.928324851911199, 10.957621901239472 ], [ -74.928421552338193, 10.958173613229066 ], [ -74.929263239455167, 10.958720611740832 ], [ -74.92935994214389, 10.959272323316448 ], [ -74.929546905008308, 10.959381604739621 ], [ -74.929826752797524, 10.959453476548745 ], [ -74.930011806170299, 10.959268197457217 ], [ -74.929680504107381, 10.958441809867541 ], [ -74.930097768200739, 10.958163007203781 ], [ -74.930936472567808, 10.958249750856549 ], [ -74.931500436321926, 10.959051649249293 ], [ -74.932617466923332, 10.958975530218533 ], [ -74.932900063878378, 10.959470828823219 ], [ -74.933321271004885, 10.959799551279863 ], [ -74.932909388543877, 10.960906807161166 ], [ -74.934031359314375, 10.961590092914935 ], [ -74.934591000368258, 10.9617246220776 ], [ -74.934313423195221, 10.962002544535842 ], [ -74.933754678911455, 10.962006090046071 ], [ -74.933477101024124, 10.962284011580845 ], [ -74.933478895121723, 10.962560161127124 ], [ -74.934599975893008, 10.963105368849426 ], [ -74.934879349091048, 10.963103595427754 ], [ -74.935104643106172, 10.963378325736301 ], [ -74.934885334257373, 10.964024093080795 ], [ -74.934605960336427, 10.964025866700062 ], [ -74.934420907866695, 10.964211148545044 ], [ -74.934469265703456, 10.964487002331317 ], [ -74.935029810034223, 10.964759604194615 ], [ -74.935028014128946, 10.964483454942091 ], [ -74.935723156324997, 10.963972745830278 ], [ -74.936043937830448, 10.96420084190226 ], [ -74.936007620891658, 10.964753393637583 ], [ -74.935562418202878, 10.965032382298142 ], [ -74.936014209571169, 10.965765940264667 ], [ -74.936294783082872, 10.965948264425419 ], [ -74.936573559343287, 10.965854439223573 ], [ -74.937127515253309, 10.965114490560932 ], [ -74.937686563996891, 10.965156962863887 ], [ -74.93825053013272, 10.965954240648919 ], [ -74.93895004779624, 10.966115486150395 ], [ -74.939302867003036, 10.96666556073234 ], [ -74.939306467527757, 10.967217857750772 ], [ -74.93909828549404, 10.967426302813356 ], [ -74.938539307660946, 10.967395340027924 ], [ -74.937982803579942, 10.967744080679875 ], [ -74.937703426680812, 10.967745857732515 ], [ -74.937149693441413, 10.96852032658693 ], [ -74.936870915380169, 10.968614152624612 ], [ -74.937431469724501, 10.968886748297257 ], [ -74.937433268599463, 10.969162897076147 ], [ -74.938272431533264, 10.96931536443606 ], [ -74.938554081231175, 10.969662059827208 ], [ -74.938656508630331, 10.971088234673495 ], [ -74.938941290577716, 10.9719149016732 ], [ -74.937734240231975, 10.97247490442926 ], [ -74.937791916173978, 10.972750697538384 ], [ -74.93746025735355, 10.973305128172065 ], [ -74.936344926536279, 10.973649751735232 ], [ -74.935506378716653, 10.97359371406022 ], [ -74.934670925831895, 10.97401326424381 ], [ -74.934067961204875, 10.975812138768118 ], [ -74.934742080434035, 10.976360176504967 ], [ -74.934408615394162, 10.976638456161078 ], [ -74.934410412485576, 10.976914605435224 ], [ -74.934408614835391, 10.976638456164626 ], [ -74.933847747108189, 10.976319832195482 ], [ -74.93300988937844, 10.976371180283536 ], [ -74.931611703482261, 10.976186742284353 ], [ -74.930216285155907, 10.976428357370368 ], [ -74.929097686838148, 10.976273257760282 ], [ -74.928473447433788, 10.97695227409611 ], [ -74.928475239343527, 10.977228424195443 ], [ -74.927987804309609, 10.977461646404024 ], [ -74.927008454912951, 10.977237713033954 ], [ -74.927006664364072, 10.976961562695351 ], [ -74.926303124852708, 10.976183557045404 ], [ -74.925463771800807, 10.976004759072472 ], [ -74.925324972987994, 10.976143717725918 ], [ -74.925473611788803, 10.977523587209753 ], [ -74.924635447041013, 10.977528887999032 ], [ -74.924360529286744, 10.978221031261779 ], [ -74.923666526072765, 10.978915823357861 ], [ -74.924461707060573, 10.97946312057686 ], [ -74.924726759330412, 10.98084225432312 ], [ -74.92493764479805, 10.981048041874079 ], [ -74.925217036306719, 10.981046274410355 ], [ -74.925418838840656, 10.981390199933742 ], [ -74.925457106731727, 10.983599252364973 ], [ -74.925413177913867, 10.983875692184995 ], [ -74.925062550198192, 10.984154072882175 ], [ -74.925108215123998, 10.985810754926796 ], [ -74.925249703455137, 10.986086021143967 ], [ -74.926088339696221, 10.986149752396793 ], [ -74.92664919239698, 10.986463786244283 ], [ -74.928043662971518, 10.986068324200012 ], [ -74.928041870262817, 10.985792174050292 ], [ -74.928600661128513, 10.985788631520725 ], [ -74.92888185053674, 10.986063010088069 ], [ -74.929721831424018, 10.986333843267992 ], [ -74.929865119001576, 10.986885256489446 ], [ -74.930286008373727, 10.987158746575346 ], [ -74.931125095378846, 10.987291500441415 ], [ -74.931407186299623, 10.987703950313771 ], [ -74.932522376252848, 10.987328652204518 ], [ -74.935600532201107, 10.988045505062775 ], [ -74.93588142906637, 10.9882738506011 ], [ -74.937281457303001, 10.98873177710967 ], [ -74.937508836743746, 10.98932209969513 ], [ -74.937845916082054, 10.989596111570679 ], [ -74.938685460808372, 10.989797879963929 ], [ -74.939247412845873, 10.990277575876243 ], [ -74.939526810666109, 10.990275793802137 ], [ -74.940089087155627, 10.990804799984748 ], [ -74.941068012661091, 10.99095635733679 ], [ -74.941069818626957, 10.991232505119278 ], [ -74.942328918207849, 10.991500623116909 ], [ -74.942472232211472, 10.992052025678047 ], [ -74.943366037227619, 10.993427108161764 ], [ -74.943462787883192, 10.993978807419667 ], [ -74.943033589646092, 10.994810028172061 ], [ -74.942717059659444, 10.996469005439312 ], [ -74.942362133712862, 10.996574833784056 ], [ -74.941668370202024, 10.997304184916088 ], [ -74.940971486090405, 10.997557180269155 ], [ -74.939574443377623, 10.997563032230051 ], [ -74.93873868591271, 10.997944249484917 ], [ -74.938458313951699, 10.997798095585871 ], [ -74.937901522702248, 10.998110682882722 ], [ -74.936784201360808, 10.998163833404208 ], [ -74.936721562459851, 10.999268872069047 ], [ -74.937074943518653, 10.999897841619852 ], [ -74.938192507722789, 10.999880851182452 ], [ -74.938466951113739, 10.999119661314859 ], [ -74.939442164067486, 10.998699198699255 ], [ -74.939440358359278, 10.998423050784591 ], [ -74.940416922451078, 10.998209696399567 ], [ -74.941814625379934, 10.998304327065267 ], [ -74.942380141686158, 10.999324802082617 ], [ -74.942939707061754, 10.999436290407658 ], [ -74.943147904470621, 10.999227839762639 ], [ -74.94315825628135, 10.998675455821591 ], [ -74.943617788987709, 10.997567881373252 ], [ -74.94376480395799, 10.997428861583042 ], [ -74.944323681127329, 10.997435907644114 ], [ -74.944884229471867, 10.997697857545436 ], [ -74.944983701897755, 10.998663776032336 ], [ -74.945171179124927, 10.998846681580618 ], [ -74.946009997640587, 10.998933363046529 ], [ -74.946290308561217, 10.999069646767541 ], [ -74.946572633571321, 10.999512759902073 ], [ -74.947132829075642, 10.999720124415552 ], [ -74.947691261990869, 10.999659011961624 ], [ -74.948812512000941, 11.000204137765014 ], [ -74.94887702186243, 11.000571934568017 ], [ -74.949330806394002, 11.001121338894892 ], [ -74.949323308209031, 11.00139754489869 ], [ -74.948822644873204, 11.001745954759313 ], [ -74.947983768392945, 11.0016516118088 ], [ -74.947140826446386, 11.00093812824095 ], [ -74.946639189424531, 11.001138599094405 ], [ -74.946308976459122, 11.001913958333995 ], [ -74.946029931293864, 11.001970977952768 ], [ -74.945822187731736, 11.002248467129668 ], [ -74.945893852140287, 11.002524166428568 ], [ -74.945676129213709, 11.002801719606779 ], [ -74.94576139734896, 11.003629648304454 ], [ -74.946040806656342, 11.003627858103016 ], [ -74.946122450684086, 11.003903493567259 ], [ -74.94604624506259, 11.004456298566335 ], [ -74.945766834906635, 11.00445808904432 ], [ -74.9447477659713, 11.005293092071984 ], [ -74.944658252490555, 11.00584598238666 ], [ -74.944244569539919, 11.006677107175806 ], [ -74.943827261844845, 11.006955937820599 ], [ -74.943720930247537, 11.00778509434859 ], [ -74.943834507052415, 11.008060525667551 ], [ -74.944251815836594, 11.00778169504613 ], [ -74.944531229587554, 11.007779905565002 ], [ -74.944398770726124, 11.008885388028473 ], [ -74.944540290193586, 11.009160640051428 ], [ -74.944960016333937, 11.00925000394507 ], [ -74.94580354977218, 11.010050059855415 ], [ -74.945898048483187, 11.010256572775434 ], [ -74.945715398569845, 11.010810060225312 ], [ -74.94441326864029, 11.011094563204091 ], [ -74.943857832813151, 11.011615918250444 ], [ -74.943578555809168, 11.011639076243176 ], [ -74.94330239501258, 11.01213727264142 ], [ -74.942746728843602, 11.012624107968962 ], [ -74.941631770717592, 11.013045481798889 ], [ -74.941633580928354, 11.013321629088351 ], [ -74.941354161471082, 11.013323416883532 ], [ -74.941078361769868, 11.013877499037767 ], [ -74.940240102241859, 11.013882860325904 ], [ -74.940096774431808, 11.013331458269253 ], [ -74.939676439789892, 11.01315003919807 ], [ -74.9393319872609, 11.013888665263265 ], [ -74.938288227997248, 11.014516692810972 ], [ -74.937728934388502, 11.014451225204702 ], [ -74.937442287638675, 11.013348417637223 ], [ -74.936881642282572, 11.013075837281299 ], [ -74.936604028352789, 11.013353768406292 ], [ -74.936605833650844, 11.013629916609558 ], [ -74.936602222265151, 11.013077620295117 ], [ -74.935205123144897, 11.013086533156882 ], [ -74.934651694593896, 11.013918541405014 ], [ -74.934649890230986, 11.013642392984083 ], [ -74.934277329645624, 11.013644768024488 ], [ -74.934279133102862, 11.013920916509967 ], [ -74.933723897143452, 11.01447677544628 ], [ -74.933375371531255, 11.01530747667705 ], [ -74.932425935765195, 11.01540557863289 ], [ -74.932240855219533, 11.015590864225752 ], [ -74.932153720447985, 11.016511953368829 ], [ -74.931501131158882, 11.016424055468608 ], [ -74.931309445302347, 11.015596794619487 ], [ -74.931447355702588, 11.015319756324295 ], [ -74.931305843551343, 11.015044497007217 ], [ -74.930746998469928, 11.015048053689823 ], [ -74.930185453463451, 11.014637385503079 ], [ -74.929627508696598, 11.014779014468118 ], [ -74.929629307731474, 11.015055163833562 ], [ -74.928239385762339, 11.016168643803988 ], [ -74.927965356074779, 11.016998867753927 ], [ -74.928246579053805, 11.017273240928306 ], [ -74.928524205475071, 11.016995315297672 ], [ -74.928803630244062, 11.016993538821234 ], [ -74.929084854141394, 11.017267911362186 ], [ -74.929362479360833, 11.016989985375291 ], [ -74.929220967911462, 11.016714724644856 ], [ -74.929452022284735, 11.016437094543212 ], [ -74.929450222905274, 11.016160945313731 ], [ -74.930750599318159, 11.01560035120769 ], [ -74.930619890217187, 11.016981985735342 ], [ -74.930203453717283, 11.017398876634145 ], [ -74.929643703964089, 11.017264357585381 ], [ -74.929366078561912, 11.017542283963826 ], [ -74.929084854144989, 11.017267911914482 ], [ -74.928526004134454, 11.01727146521557 ], [ -74.928248377499955, 11.017549390748419 ], [ -74.928028433808947, 11.018103110342611 ], [ -74.927694920807028, 11.01838139091949 ], [ -74.927985137940311, 11.020036511488383 ], [ -74.927426282319146, 11.020040063714216 ], [ -74.927145056615203, 11.019765689889489 ], [ -74.92686562895706, 11.019767465325591 ], [ -74.926731307627378, 11.020596801596351 ], [ -74.926205784787541, 11.021428623167383 ], [ -74.925953969470967, 11.022811028122421 ], [ -74.926048910355405, 11.02308658622929 ], [ -74.925213761345674, 11.023575172229426 ], [ -74.924655796220776, 11.023716795344587 ], [ -74.924377711444635, 11.023925681509567 ], [ -74.924379507391677, 11.024201831425772 ], [ -74.923729293907655, 11.024482119320631 ], [ -74.922728387142641, 11.025869276591431 ], [ -74.921927977703803, 11.026150514096507 ], [ -74.921508179334168, 11.026705498916908 ], [ -74.921509973067614, 11.026981649249882 ], [ -74.920768398188471, 11.02753867315475 ], [ -74.920770191301017, 11.027814823662412 ], [ -74.920294743215265, 11.028370160099758 ], [ -74.919098051997381, 11.028515821323793 ], [ -74.91854276003788, 11.029071661355456 ], [ -74.918263322177509, 11.029073430365036 ], [ -74.917841479182485, 11.028661856818012 ], [ -74.918536490372801, 11.028105133543942 ], [ -74.918534699227067, 11.027828982747936 ], [ -74.918254815104063, 11.027761713771412 ], [ -74.917697582868897, 11.028018388805609 ], [ -74.917416952468457, 11.027836056424414 ], [ -74.916582476007463, 11.028433110877936 ], [ -74.915744801921278, 11.028537036715912 ], [ -74.914905594412232, 11.028404259294289 ], [ -74.914627943897088, 11.028682175922302 ], [ -74.914346718709055, 11.028407790002085 ], [ -74.914067280782646, 11.028409554417763 ], [ -74.914346718705488, 11.028407789449783 ], [ -74.914623475280024, 11.027991797222858 ], [ -74.915181455824154, 11.027850190605566 ], [ -74.916016190043393, 11.027292589689075 ], [ -74.916014401477526, 11.027016438399498 ], [ -74.916293838045149, 11.027014671924384 ], [ -74.916295626964171, 11.027290823099026 ], [ -74.916576852410714, 11.027565207103715 ], [ -74.917135725791198, 11.027561672689496 ], [ -74.917523356866738, 11.0270068960836 ], [ -74.91763907557106, 11.026177677113033 ], [ -74.918521267431629, 11.025757851537893 ], [ -74.919354495496194, 11.024970117863759 ], [ -74.919633929302947, 11.024968348567295 ], [ -74.919819023928312, 11.024783068464437 ], [ -74.919978443005704, 11.024229734925514 ], [ -74.920601789908403, 11.023397301012498 ], [ -74.921148105499896, 11.021460707065787 ], [ -74.92114452059657, 11.020908406076279 ], [ -74.921492015051399, 11.020630042712344 ], [ -74.92156007957945, 11.020353449652699 ], [ -74.920804184038772, 11.018701266508977 ], [ -74.921300854640464, 11.017317311484767 ], [ -74.921257352773111, 11.016765263200677 ], [ -74.922185186572975, 11.016207062215848 ], [ -74.921807243222901, 11.015380971324785 ], [ -74.920969993491411, 11.01554407997263 ], [ -74.92041012059498, 11.015389817373901 ], [ -74.921174955314967, 11.014832651489433 ], [ -74.921518860213254, 11.014001987933138 ], [ -74.921798283314416, 11.014000218381522 ], [ -74.922075018238999, 11.013584222925616 ], [ -74.923326143513165, 11.012609729982465 ], [ -74.923460474974007, 11.011780393674849 ], [ -74.922898944825079, 11.011369709438783 ], [ -74.922824608908229, 11.010679775847631 ], [ -74.922613252016788, 11.010404952991969 ], [ -74.921774993142947, 11.010410261392867 ], [ -74.921492887004746, 11.00999780446678 ], [ -74.921213467627211, 11.009999573102743 ], [ -74.921115851563968, 11.009309785681518 ], [ -74.921207200641675, 11.009033045252288 ], [ -74.921486619109103, 11.009031276775328 ], [ -74.921577967783549, 11.008754536854669 ], [ -74.920924201779457, 11.008482512512614 ], [ -74.920852557232621, 11.008206803453302 ], [ -74.921199591521187, 11.007859404982886 ], [ -74.921850222140876, 11.007648165619825 ], [ -74.921654991283759, 11.006268591363 ], [ -74.922165462493865, 11.005989198406393 ], [ -74.922670559241368, 11.004881353142904 ], [ -74.922709963820196, 11.00377645611848 ], [ -74.922423387832737, 11.002673622439339 ], [ -74.922561303174618, 11.002396587576122 ], [ -74.922846983877591, 11.003361345693273 ], [ -74.923404913747731, 11.00321973190119 ], [ -74.92409806867262, 11.002386856714377 ], [ -74.923954778872528, 11.00183544089335 ], [ -74.923673576315863, 11.001561060336673 ], [ -74.92339416510633, 11.001562829364889 ], [ -74.923392373716482, 11.001286678878342 ], [ -74.923671784802323, 11.001284909342425 ], [ -74.923809698458484, 11.001007874469719 ], [ -74.923666410562518, 11.000456458537101 ], [ -74.923107590457221, 11.00045999652362 ], [ -74.922829971197956, 11.000737915448306 ], [ -74.922833552237236, 11.001290216760777 ], [ -74.922829970639128, 11.000737915451843 ], [ -74.922548770161114, 11.000463533483719 ], [ -74.922269359941524, 11.000465301578858 ], [ -74.920881252586611, 11.001854892437118 ], [ -74.920883041454246, 11.002131043363303 ], [ -74.920042761432754, 11.001820741869324 ], [ -74.919480617675219, 11.001311421680882 ], [ -74.918642382682606, 11.001316717000467 ], [ -74.918361184772181, 11.00104233060334 ], [ -74.916971268497164, 11.002155755558748 ], [ -74.916697211102544, 11.002985973738866 ], [ -74.916419582862076, 11.003263888165637 ], [ -74.9153019268376, 11.003270938514779 ], [ -74.914190808258795, 11.004290541317889 ], [ -74.913911095912113, 11.004246277141899 ], [ -74.913297676250536, 11.003007407249495 ], [ -74.913215586725002, 11.00162710760546 ], [ -74.913333553038299, 11.001350201251219 ], [ -74.913141933252859, 11.00052291797091 ], [ -74.912208779664994, 11.000252629641798 ], [ -74.912206998951262, 10.999976477176656 ], [ -74.911877458512691, 10.999426223969614 ], [ -74.911777201383813, 10.998322200361583 ], [ -74.911595801031893, 10.99804717797806 ], [ -74.911702009608788, 10.997494182501409 ], [ -74.91218563503088, 10.996662648833214 ], [ -74.91190444722649, 10.996388254633597 ], [ -74.911625928830944, 10.996528088405533 ], [ -74.911230309535227, 10.995840167208595 ], [ -74.911241821021235, 10.994735439785135 ], [ -74.911053771216913, 10.994460458397237 ], [ -74.911326062495704, 10.993354091231669 ], [ -74.911263067394202, 10.992249832132766 ], [ -74.911632931291976, 10.991419015392182 ], [ -74.911587680627235, 10.990590808579201 ], [ -74.911867083582948, 10.990589051584569 ], [ -74.91200500593753, 10.990312020871675 ], [ -74.912003227156234, 10.990035868330963 ], [ -74.911583234897961, 10.989900427197556 ], [ -74.911027097767331, 10.990318168546414 ], [ -74.911028875687649, 10.990594321240012 ], [ -74.910473624944288, 10.991150138430868 ], [ -74.910477179800068, 10.991702444101584 ], [ -74.909918371845947, 10.991705955076188 ], [ -74.909640744796135, 10.991983862932916 ], [ -74.909698402480586, 10.992259664803415 ], [ -74.9095045962261, 10.992537046225957 ], [ -74.909649629666688, 10.993364627595582 ], [ -74.90937200089779, 10.993642535619157 ], [ -74.909092594937661, 10.993644290525024 ], [ -74.908632247090381, 10.994475673570658 ], [ -74.908270361560852, 10.996134930971831 ], [ -74.907269817036649, 10.99696970477496 ], [ -74.907159828760342, 10.997246559403061 ], [ -74.907627287345917, 10.997519789550889 ], [ -74.90772220007382, 10.997795357953569 ], [ -74.907546582758627, 10.999453446001143 ], [ -74.906896042449858, 10.999678461160146 ], [ -74.906232908787047, 11.000842513146985 ], [ -74.9061805764876, 11.001395170366653 ], [ -74.905445453672968, 11.002228275937647 ], [ -74.905611995297903, 11.002779560142857 ], [ -74.905562323199348, 11.00333220074369 ], [ -74.904688373125367, 11.003993573596762 ], [ -74.904408956652276, 11.003995325825917 ], [ -74.903507280791402, 11.005002075794623 ], [ -74.903584820333847, 11.006198303624421 ], [ -74.903027164889451, 11.006385909230678 ], [ -74.902745973065521, 11.006111506563053 ], [ -74.902468326844669, 11.006389410989838 ], [ -74.901630512377793, 11.006463700252224 ], [ -74.901171456555886, 11.007502193896174 ], [ -74.90089380753156, 11.007780097459179 ], [ -74.900712840845387, 11.008609725821817 ], [ -74.899973028910765, 11.009442852604527 ], [ -74.898856666427747, 11.009656961645694 ], [ -74.898300386311874, 11.010060880767691 ], [ -74.89746392433166, 11.010348413200786 ], [ -74.896345394826753, 11.01022499159224 ], [ -74.89578905066405, 11.010619701680953 ], [ -74.894390878317452, 11.010464046535027 ], [ -74.894110445206778, 11.010307987414967 ], [ -74.894105149053857, 11.009479522213082 ], [ -74.893820430805718, 11.00865280045816 ], [ -74.893541007892154, 11.008654543145774 ], [ -74.893539243269217, 11.008378387962418 ], [ -74.893258056815142, 11.008103975663861 ], [ -74.8921421311221, 11.008387098693852 ], [ -74.892143894305605, 11.008663254157081 ], [ -74.892142130889255, 11.008387098695303 ], [ -74.891861386062004, 11.008181723478726 ], [ -74.891582227968115, 11.008224887890153 ], [ -74.891298795830323, 11.007598374842644 ], [ -74.889899703864415, 11.007296399403101 ], [ -74.889683094475728, 11.00619308045318 ], [ -74.889330297684111, 11.005642942161018 ], [ -74.888769696904149, 11.005370262671649 ], [ -74.888612703881847, 11.005095071979786 ], [ -74.888415143645275, 11.004543966543382 ], [ -74.888537363930368, 11.003990872530354 ], [ -74.888408107229125, 11.00343934219697 ], [ -74.888476202818453, 11.003162751683668 ], [ -74.888754741458072, 11.003022936236571 ], [ -74.889314457511105, 11.003157538575207 ], [ -74.889636925205153, 11.002603198902435 ], [ -74.889393519239491, 11.000947711581773 ], [ -74.888831169107775, 11.000398874541879 ], [ -74.889015687065168, 11.0001215602855 ], [ -74.890550710338488, 10.999835845217925 ], [ -74.891516627415612, 10.997942694350993 ], [ -74.892295166357883, 10.997339486218317 ], [ -74.892522157813829, 10.996785739588827 ], [ -74.893734006824104, 10.995121192125801 ], [ -74.894011653837708, 10.994843295777036 ], [ -74.89485013427722, 10.994877522061667 ], [ -74.895406936937178, 10.994558431913989 ], [ -74.895399881075548, 10.993453811324112 ], [ -74.895679289127756, 10.993452068973946 ], [ -74.896235634537632, 10.993061966632336 ], [ -74.896479408389666, 10.992342414315905 ], [ -74.896229282312262, 10.992067808521304 ], [ -74.893995790401505, 10.992357897472329 ], [ -74.893707573067957, 10.99097886069764 ], [ -74.892032896976147, 10.99126545312347 ], [ -74.892034657109377, 10.991541609136275 ], [ -74.89202761574758, 10.990436986164944 ], [ -74.891747204279042, 10.990280921043427 ], [ -74.890845418550725, 10.991272840416766 ], [ -74.890847177858348, 10.991548996341734 ], [ -74.890360560779044, 10.991920244895807 ], [ -74.889802332007832, 10.99201577100423 ], [ -74.888962937266726, 10.991836876378924 ], [ -74.88895766450571, 10.991008407423594 ], [ -74.888490229539642, 10.990735143865301 ], [ -74.888668593766155, 10.98949128368359 ], [ -74.887922634404589, 10.989357832056987 ], [ -74.888030272099058, 10.987976327138004 ], [ -74.888377770730557, 10.9876980023071 ], [ -74.889215103209068, 10.987554718505118 ], [ -74.889491870599812, 10.987138748559243 ], [ -74.889771273628298, 10.98713701267774 ], [ -74.890675816340419, 10.986579057292856 ], [ -74.890786958792347, 10.985749865536302 ], [ -74.891018034732824, 10.985472262174239 ], [ -74.891157383761637, 10.985416162497316 ], [ -74.891440068211523, 10.985929916432092 ], [ -74.891904564560278, 10.985742916582415 ], [ -74.89199593891388, 10.985466181195861 ], [ -74.892553861012829, 10.985324627357835 ], [ -74.893110021908626, 10.984906916906404 ], [ -74.893106501453872, 10.984354605811053 ], [ -74.892545941898334, 10.984081926515504 ], [ -74.892538903448965, 10.982977303332262 ], [ -74.891233284473103, 10.982709254730873 ], [ -74.891134877282965, 10.981881365474131 ], [ -74.892460257350123, 10.98159695864436 ], [ -74.892458498175841, 10.981320802797642 ], [ -74.893361698698342, 10.980555726139725 ], [ -74.893921107210133, 10.980648903540287 ], [ -74.895037634765828, 10.980476252996555 ], [ -74.895314828721581, 10.980129318801543 ], [ -74.896152398227102, 10.980027443288337 ], [ -74.896429325852196, 10.979639084999516 ], [ -74.896709073269434, 10.979692575029613 ], [ -74.897172615452732, 10.979358286497762 ], [ -74.896704607577675, 10.97899298184724 ], [ -74.896230727007492, 10.977707158607226 ], [ -74.895949572113864, 10.977432743587896 ], [ -74.895297214982165, 10.97736776440931 ], [ -74.894736228302762, 10.97702604869947 ], [ -74.893900337767818, 10.977390266773819 ], [ -74.893739276776785, 10.977170335460153 ], [ -74.893893650556706, 10.9763408751172 ], [ -74.894731631440393, 10.976304975687553 ], [ -74.895659611081058, 10.975777551102507 ], [ -74.895143872035916, 10.975228428965229 ], [ -74.895464545539113, 10.97439793340919 ], [ -74.89548430648675, 10.973845477483195 ], [ -74.895271243245574, 10.973294470717862 ], [ -74.895543589845175, 10.97218810965814 ], [ -74.895821657363996, 10.971979253949947 ], [ -74.896101191866592, 10.972000527580487 ], [ -74.896382106038416, 10.972238122666829 ], [ -74.896941410348148, 10.97231748910742 ], [ -74.897218155009213, 10.9719015159662 ], [ -74.897121502207256, 10.971349785552921 ], [ -74.896235015416238, 10.971079139755773 ], [ -74.896372947620748, 10.970802114599399 ], [ -74.896091800522044, 10.9705276988024 ], [ -74.895814174365, 10.970805593118859 ], [ -74.895812414126198, 10.97052943733704 ], [ -74.896090039791247, 10.970251542969821 ], [ -74.896091800659974, 10.97052769852538 ], [ -74.896372947899266, 10.970802114459586 ], [ -74.897490493846433, 10.970795154349712 ], [ -74.897771642591721, 10.971069568729128 ], [ -74.898051029454081, 10.97106782803551 ], [ -74.898052792137236, 10.971343983170105 ], [ -74.898893156488029, 10.971683952340106 ], [ -74.898724249592945, 10.970235133798123 ], [ -74.899158581508459, 10.969495983427667 ], [ -74.900553740725954, 10.969211116137361 ], [ -74.901678635522771, 10.970354785695479 ], [ -74.902141628161303, 10.969937646481611 ], [ -74.902232989962428, 10.96966091042461 ], [ -74.901637532079263, 10.969388462766551 ], [ -74.901663626994107, 10.968007471482412 ], [ -74.901943010066347, 10.968005727426119 ], [ -74.902220627089648, 10.967727828774024 ], [ -74.902781159000085, 10.968000493722185 ], [ -74.903659219334159, 10.967995008600743 ], [ -74.90371877400132, 10.967166140466539 ], [ -74.903191399094865, 10.966617104397905 ], [ -74.90318963242153, 10.966340950004911 ], [ -74.90248941313564, 10.966069157358348 ], [ -74.903045231361318, 10.965605410704393 ], [ -74.903320489889168, 10.96495930523152 ], [ -74.903875715418266, 10.964403506431418 ], [ -74.904063735751137, 10.96467849706692 ], [ -74.903879250004366, 10.964955815057477 ], [ -74.905279685288605, 10.965499392482245 ], [ -74.905557886288591, 10.965313542956485 ], [ -74.905978135660433, 10.96549502469782 ], [ -74.906026468023185, 10.965770887398124 ], [ -74.905494526535392, 10.96632654450806 ], [ -74.905499833106433, 10.967155006556954 ], [ -74.905570563023801, 10.967292646581017 ], [ -74.906410035532872, 10.967494518768287 ], [ -74.906973667890327, 10.968250444692472 ], [ -74.906975438390802, 10.968526598440514 ], [ -74.907255411207814, 10.968616900667081 ], [ -74.907534203450183, 10.968523100171508 ], [ -74.90753243257079, 10.968246946420718 ], [ -74.90809119720204, 10.968243447170735 ], [ -74.90836880755991, 10.967965543796117 ], [ -74.908367035998452, 10.967689390206914 ], [ -74.908924617857622, 10.967501787405443 ], [ -74.909758270655075, 10.96679694632782 ], [ -74.910316943169022, 10.966779635838135 ], [ -74.910880878076682, 10.967581578646614 ], [ -74.911717838264863, 10.96739221828841 ], [ -74.912072389721601, 10.968218485858618 ], [ -74.911724937875533, 10.968496830517152 ], [ -74.911726712826493, 10.968772983492544 ], [ -74.912008757597263, 10.969185459339494 ], [ -74.91209922206609, 10.968770645567952 ], [ -74.912284589053101, 10.968631399923341 ], [ -74.913404781269321, 10.96903861166644 ], [ -74.913542695516142, 10.96876158180801 ], [ -74.913122734680556, 10.968626137689235 ], [ -74.912980379510572, 10.968212785621631 ], [ -74.913257984645739, 10.967934878421348 ], [ -74.913394122388937, 10.967381695672259 ], [ -74.914233448951535, 10.967560532496782 ], [ -74.914508978715645, 10.966960446327063 ], [ -74.915066849764855, 10.966818858367517 ], [ -74.915348007563523, 10.967093254769127 ], [ -74.915627387539857, 10.967091498312612 ], [ -74.915629166019855, 10.967367650818206 ], [ -74.916050015059156, 10.967641167881029 ], [ -74.916195042252809, 10.968468746105595 ], [ -74.916757363595011, 10.969017534989838 ], [ -74.917036745146731, 10.969015776937036 ], [ -74.917312566203236, 10.968461714770374 ], [ -74.916934719278942, 10.967635602579891 ], [ -74.917865986509952, 10.967629741457724 ], [ -74.918071960306833, 10.967076118544171 ], [ -74.918045117653762, 10.966523961144697 ], [ -74.917857084693836, 10.966248981678058 ], [ -74.917577705594255, 10.966250739908746 ], [ -74.917296547305639, 10.965976346176681 ], [ -74.917294767508807, 10.965700193778465 ], [ -74.916732452677422, 10.9651514048845 ], [ -74.916453074703696, 10.965153162047093 ], [ -74.91644951699827, 10.964600857217956 ], [ -74.916795181208755, 10.964046356373698 ], [ -74.916163026252462, 10.963498004680154 ], [ -74.916159469916508, 10.962945699971479 ], [ -74.915878316362239, 10.962671304127008 ], [ -74.914760812932315, 10.96267832654349 ], [ -74.914617571605334, 10.962126898544172 ], [ -74.914756371131574, 10.96198794463451 ], [ -74.915315417845079, 10.962030459721044 ], [ -74.915597163041909, 10.962396907242345 ], [ -74.916435289480688, 10.962391638509992 ], [ -74.916712886068694, 10.962113729796215 ], [ -74.916711107874562, 10.961837577230833 ], [ -74.916990482695113, 10.961835820494347 ], [ -74.917268078805677, 10.961557911298312 ], [ -74.917549232332419, 10.96183230611536 ], [ -74.916994040484056, 10.962388125109699 ], [ -74.91769781704096, 10.963212187917913 ], [ -74.917631532056191, 10.963764931600167 ], [ -74.917749718681335, 10.964040351206041 ], [ -74.918403378016578, 10.964312400235524 ], [ -74.918679193507273, 10.963758337696227 ], [ -74.918672071329823, 10.962653729911914 ], [ -74.918953227837179, 10.962928123016866 ], [ -74.918955008570038, 10.963204274920512 ], [ -74.919514650352326, 10.963338832139158 ], [ -74.91969466601428, 10.962371127931837 ], [ -74.920346540541814, 10.962367021308406 ], [ -74.920620568975309, 10.961536806199863 ], [ -74.922019667158736, 10.961873191024837 ], [ -74.922300378878802, 10.962078542677252 ], [ -74.922410344784069, 10.961801686670801 ], [ -74.922201903616795, 10.9612506759021 ], [ -74.922232019873377, 10.960145835357638 ], [ -74.922004955916137, 10.959594941667341 ], [ -74.921166840095538, 10.959600224286751 ], [ -74.920047570519372, 10.959331112486423 ], [ -74.919769979442393, 10.959609023601166 ], [ -74.918838738343467, 10.95961488589213 ], [ -74.91920055318397, 10.957955629566591 ], [ -74.919479033912594, 10.957815794931223 ], [ -74.91975514014365, 10.957307757862777 ], [ -74.920034213417239, 10.957259973473509 ], [ -74.920316254989018, 10.957672441817033 ], [ -74.920595625450048, 10.957670682574843 ], [ -74.920599188121201, 10.958222986309789 ], [ -74.920319817284167, 10.958224745918052 ], [ -74.920042227635648, 10.958502656804649 ], [ -74.920323379762749, 10.958777048893371 ], [ -74.921438637029425, 10.958424819364353 ], [ -74.921997824358925, 10.958490335514208 ], [ -74.922280761368, 10.959040877070017 ], [ -74.922560727121081, 10.959131166275373 ], [ -74.923117090886734, 10.958759440678119 ], [ -74.922835936648511, 10.958485051599746 ], [ -74.922556565652727, 10.958486813023857 ], [ -74.92255299926569, 10.957934510211587 ], [ -74.922827019114621, 10.957104294484576 ], [ -74.922267834802383, 10.957038779301488 ], [ -74.921990693568816, 10.957385729921002 ], [ -74.921149020304952, 10.956838707820644 ], [ -74.921147238411194, 10.956562556159934 ], [ -74.92142482563446, 10.956284644435664 ], [ -74.921983563536557, 10.956281123460959 ], [ -74.922257584386429, 10.955450908241865 ], [ -74.922628292175503, 10.955172408814569 ], [ -74.922626509374425, 10.954896257363355 ], [ -74.921974652074411, 10.954900366095661 ], [ -74.92141413540439, 10.954627734730794 ], [ -74.921132392981349, 10.954261292104048 ], [ -74.920852729110621, 10.954217026349237 ], [ -74.920434568996399, 10.954357740902482 ], [ -74.920296665795192, 10.954634772474204 ], [ -74.919737930704471, 10.954638289743793 ], [ -74.919596466926748, 10.954363016672017 ], [ -74.9197325907448, 10.953809833382444 ], [ -74.920009287333656, 10.9533938472954 ], [ -74.920427446474974, 10.953253133581118 ], [ -74.920425666033566, 10.952976981737153 ], [ -74.92028420294352, 10.952701709481383 ], [ -74.919167629421509, 10.952846817617109 ], [ -74.918611565573883, 10.953264560324271 ], [ -74.918613343962846, 10.953540712460555 ], [ -74.918470103412417, 10.952989286697717 ], [ -74.918602671968401, 10.951883799578694 ], [ -74.918321528624261, 10.951609404281198 ], [ -74.917485211079025, 10.951890825147998 ], [ -74.917488766337641, 10.952443129824614 ], [ -74.917209400130929, 10.952444885809244 ], [ -74.916653333432251, 10.952862625430663 ], [ -74.915538531446558, 10.953283873301595 ], [ -74.915540307132105, 10.953560026211671 ], [ -74.915538530887801, 10.953283873305104 ], [ -74.914978613442273, 10.953103279614576 ], [ -74.914420175290246, 10.95315281226949 ], [ -74.914417512741693, 10.952738582899459 ], [ -74.914696879681983, 10.952736829424209 ], [ -74.914974470854119, 10.952458923233733 ], [ -74.914691554692794, 10.951908371471205 ], [ -74.914412188665324, 10.951910124395567 ], [ -74.915249398604516, 10.951766787606505 ], [ -74.916089271523475, 10.952037677511651 ], [ -74.91655221609156, 10.951620524171558 ], [ -74.916546886498296, 10.950792066646779 ], [ -74.916805850010917, 10.950514276199819 ], [ -74.916914042269923, 10.949961268953757 ], [ -74.917470992086947, 10.949681606229788 ], [ -74.917469215256943, 10.949405453563058 ], [ -74.917470992645661, 10.949681606226278 ], [ -74.91775213316815, 10.949956002918737 ], [ -74.917945486237585, 10.951059441495202 ], [ -74.918600893865005, 10.951607647410778 ], [ -74.919578670439336, 10.951601496844761 ], [ -74.91971123520733, 10.950496009809743 ], [ -74.920269072616207, 10.950354417942782 ], [ -74.920549326415227, 10.950490735701063 ], [ -74.920416764820473, 10.951596222436464 ], [ -74.920556892068106, 10.951664381108476 ], [ -74.921254858214425, 10.951590945732718 ], [ -74.921390978516072, 10.951037762342649 ], [ -74.921392759810118, 10.951313914338984 ], [ -74.921674498813687, 10.951680357072883 ], [ -74.921953269420527, 10.951586546629056 ], [ -74.922793144709118, 10.951857417216013 ], [ -74.923631237943013, 10.951852133837399 ], [ -74.924194425970867, 10.952538988396135 ], [ -74.924472898795102, 10.952399150405592 ], [ -74.924540955861147, 10.952122558894567 ], [ -74.92418996624852, 10.951848610416921 ], [ -74.924467546516524, 10.951570697065252 ], [ -74.924186399189367, 10.951296308172337 ], [ -74.92390703529675, 10.951298069690969 ], [ -74.923898119074067, 10.949917313073824 ], [ -74.92333582903477, 10.949368532850194 ], [ -74.923056466950371, 10.949370293559548 ], [ -74.923054684438867, 10.949094141798952 ], [ -74.923334046543218, 10.949092380995225 ], [ -74.923615191067938, 10.949366771333152 ], [ -74.924454168672241, 10.949499562672132 ], [ -74.925018542426372, 10.950370517191715 ], [ -74.925296715330759, 10.950184653793947 ], [ -74.925291362009077, 10.94935620045954 ], [ -74.925570723989438, 10.949354437429191 ], [ -74.925708619998787, 10.949077405180205 ], [ -74.925008432412625, 10.948805660614504 ], [ -74.925285117451793, 10.948389671368547 ], [ -74.925703266226634, 10.948248951986475 ], [ -74.925281549238676, 10.947837369357899 ], [ -74.924161433152349, 10.947430189810852 ], [ -74.92388385574003, 10.947708102349406 ], [ -74.923604495302868, 10.947709863434744 ], [ -74.923882072740199, 10.947431950831664 ], [ -74.924018187397365, 10.946878767550951 ], [ -74.923874942620287, 10.946327345527628 ], [ -74.923594692356403, 10.94619103038346 ], [ -74.922760474934051, 10.946794639236833 ], [ -74.92220279429641, 10.946959247003024 ], [ -74.922062668924482, 10.946891088758582 ], [ -74.922060888097874, 10.946614937065419 ], [ -74.923036864758828, 10.946332626646941 ], [ -74.924424746254232, 10.944943066270914 ], [ -74.924704103964771, 10.944941305012573 ], [ -74.924985839404059, 10.945307745298395 ], [ -74.925544852588843, 10.945350246437718 ], [ -74.925826887050192, 10.945762710877986 ], [ -74.92694610474814, 10.946031809436995 ], [ -74.927503035536716, 10.945752130884292 ], [ -74.928341109274285, 10.94574683737102 ], [ -74.929180969925952, 10.946017692245917 ], [ -74.929736109932009, 10.945461859788326 ], [ -74.929872212858257, 10.944908675826495 ], [ -74.929731938695582, 10.944817508689386 ], [ -74.928616000237128, 10.945054696195797 ], [ -74.928330390732157, 10.94408993343008 ], [ -74.928608556138869, 10.943904068283741 ], [ -74.930004739832199, 10.943803190980629 ], [ -74.930000270723269, 10.943112814975194 ], [ -74.929163098926423, 10.943256186805456 ], [ -74.928885529907163, 10.943534102793359 ], [ -74.927486965413934, 10.943266773394607 ], [ -74.927483394902126, 10.942714471640928 ], [ -74.927757393661707, 10.941884255406825 ], [ -74.927476254383279, 10.941609868208836 ], [ -74.927427910378753, 10.941334011052676 ], [ -74.927863779356784, 10.941055097382987 ], [ -74.927744897469239, 10.939951199588025 ], [ -74.92746554493047, 10.939952962281913 ], [ -74.927744897465672, 10.939951199035729 ], [ -74.928021572085541, 10.939535209401347 ], [ -74.928300924137758, 10.93953344571322 ], [ -74.928582061892413, 10.939807832527498 ], [ -74.929141063991054, 10.939850329032923 ], [ -74.929421607201974, 10.940032664681324 ], [ -74.929979716027901, 10.939937084087681 ], [ -74.930263536651296, 10.940625694656145 ], [ -74.930542889354086, 10.940623928744309 ], [ -74.931383853552944, 10.941067373818555 ], [ -74.932222583213118, 10.941165628287941 ], [ -74.932612782377532, 10.941025078320997 ], [ -74.932498058679343, 10.940565535337923 ], [ -74.931658332081781, 10.940313097419173 ], [ -74.931374687719355, 10.939652103869616 ], [ -74.930255493534474, 10.939383017784396 ], [ -74.930251918985704, 10.93883071665833 ], [ -74.929691430178366, 10.9385580965298 ], [ -74.929684284332581, 10.937453493963794 ], [ -74.929963634161126, 10.937451729086922 ], [ -74.930060324346044, 10.938003441978431 ], [ -74.93024774922452, 10.938186365477112 ], [ -74.930527099645985, 10.938184599968361 ], [ -74.931358594521583, 10.937166750668942 ], [ -74.931170574073477, 10.93689177771904 ], [ -74.930517865888433, 10.936757822626513 ], [ -74.930235836659207, 10.936345362084726 ], [ -74.929956487911326, 10.936347127034193 ], [ -74.929954701327532, 10.936070976301613 ], [ -74.92911486995061, 10.935800118745261 ], [ -74.93023226330277, 10.9357930607498 ], [ -74.930509824530091, 10.935515145214488 ], [ -74.930506250983299, 10.934962844169103 ], [ -74.930921697756602, 10.934407895297561 ], [ -74.93078023761089, 10.934132627743159 ], [ -74.930500890882513, 10.934134392562401 ], [ -74.930778450495069, 10.933856476968131 ], [ -74.931056903525999, 10.933716636294934 ], [ -74.931618277080929, 10.934127330377232 ], [ -74.931897623476388, 10.934125564262656 ], [ -74.932728507958814, 10.93301566391027 ], [ -74.932447374408056, 10.932741280360295 ], [ -74.932443798168308, 10.932188979848986 ], [ -74.932162070245482, 10.93182254573861 ], [ -74.931885109414779, 10.93219251234007 ], [ -74.931326420190373, 10.932196043813036 ], [ -74.931052436066011, 10.933026260542031 ], [ -74.930773090558532, 10.933028025570904 ], [ -74.930771303774819, 10.932751874912 ], [ -74.93020963650207, 10.932295153355435 ], [ -74.929652137018849, 10.932482782136125 ], [ -74.929936839665714, 10.933309469780921 ], [ -74.93021618557394, 10.93330770533332 ], [ -74.930218864928605, 10.933721931649236 ], [ -74.929379933157662, 10.933589149202724 ], [ -74.928824810635831, 10.934144977772306 ], [ -74.928919711287776, 10.934420540746224 ], [ -74.928547248393727, 10.934422892219004 ], [ -74.928269686050839, 10.934700805941651 ], [ -74.928649289359029, 10.935803058332663 ], [ -74.927721696345557, 10.936361237308429 ], [ -74.927723480633219, 10.936637388540346 ], [ -74.927168349674503, 10.937193215760267 ], [ -74.926518316269167, 10.937473478211247 ], [ -74.926333866127891, 10.937750803887388 ], [ -74.926199540656256, 10.938580138243765 ], [ -74.926341000048112, 10.938855408480137 ], [ -74.925230723210689, 10.93996705934007 ], [ -74.925232505655671, 10.940243210914236 ], [ -74.92425655116989, 10.940525524454493 ], [ -74.924120437829842, 10.94107870756028 ], [ -74.92383098868379, 10.939515608987749 ], [ -74.92354926119485, 10.939149166611813 ], [ -74.922711203623891, 10.939154443831622 ], [ -74.922342293321307, 10.939709091746751 ], [ -74.922273139093647, 10.94053801597796 ], [ -74.921995564928523, 10.940815926127081 ], [ -74.922166737576134, 10.941367174408805 ], [ -74.922446092309372, 10.941365415783453 ], [ -74.922449653116857, 10.941917719779859 ], [ -74.92161040078328, 10.941738893650223 ], [ -74.921188995496721, 10.941373327864898 ], [ -74.920488829656833, 10.941101569168115 ], [ -74.92021125325121, 10.941379477916055 ], [ -74.920307928315268, 10.941931196472842 ], [ -74.921058214356904, 10.94275496633912 ], [ -74.921135170979127, 10.943859134531817 ], [ -74.920507803015468, 10.944047190602806 ], [ -74.919946568360459, 10.943659489443938 ], [ -74.919109829517097, 10.943871872957669 ], [ -74.918828694500704, 10.943597476656072 ], [ -74.918826917147641, 10.943321324378029 ], [ -74.918184833098792, 10.942773032081226 ], [ -74.918538675236775, 10.941942318307255 ], [ -74.918536306215017, 10.941574115165784 ], [ -74.918255766313393, 10.941391768713316 ], [ -74.917137160618779, 10.941214684575131 ], [ -74.916851888231506, 10.940295929635621 ], [ -74.915732695400322, 10.940026788763529 ], [ -74.915455114498613, 10.940304693784737 ], [ -74.915451567087217, 10.939752387871799 ], [ -74.915730921503553, 10.939750635366156 ], [ -74.915911835784499, 10.938921008871718 ], [ -74.915723826408509, 10.938646024347442 ], [ -74.915444916472467, 10.938716814485488 ], [ -74.915163937678273, 10.938465426075732 ], [ -74.914744316786795, 10.938376002231394 ], [ -74.914742544082529, 10.93809984919627 ], [ -74.914881334275407, 10.937960896921281 ], [ -74.915162460084531, 10.938235298466795 ], [ -74.915722052750198, 10.938369871061811 ], [ -74.916839464409946, 10.938362860500556 ], [ -74.916925483392262, 10.937257665625962 ], [ -74.917110534751103, 10.937072395086147 ], [ -74.917949772898652, 10.937251235769015 ], [ -74.918227348452191, 10.936973329439764 ], [ -74.918084121857262, 10.93642190146582 ], [ -74.917663320663692, 10.936148379691563 ], [ -74.917383969748073, 10.936150132980996 ], [ -74.917382194970926, 10.935873980334037 ], [ -74.91821847073426, 10.935592566771518 ], [ -74.918771842863606, 10.934760601007779 ], [ -74.919330541028756, 10.934757091666031 ], [ -74.919790792503008, 10.933925709970064 ], [ -74.919878578264758, 10.933096668050615 ], [ -74.918759413054687, 10.932827534185456 ], [ -74.918204268694183, 10.933383346588604 ], [ -74.918206043817719, 10.93365949914693 ], [ -74.917928470235339, 10.933937405412999 ], [ -74.917647347058832, 10.933663006225489 ], [ -74.917367998651997, 10.933664758967724 ], [ -74.917366224302839, 10.933388606273397 ], [ -74.917645572448009, 10.933386853024182 ], [ -74.917921370728294, 10.932832794850595 ], [ -74.917640248914182, 10.932558395459816 ], [ -74.917081554307387, 10.9325619008318 ], [ -74.916524633221783, 10.932841557982107 ], [ -74.916526406422733, 10.93311771091671 ], [ -74.915688362323337, 10.933122965919168 ], [ -74.914848545866164, 10.93285206560615 ], [ -74.914986447700571, 10.93257503697418 ], [ -74.914286307106551, 10.932303259593066 ], [ -74.913999875461926, 10.931200395962241 ], [ -74.913437641913944, 10.930651587816135 ], [ -74.913158295728934, 10.930653336511197 ], [ -74.912884259150545, 10.931483545071504 ], [ -74.912606681447897, 10.931761447170942 ], [ -74.912327334088388, 10.931763195282006 ], [ -74.912046217287582, 10.931488789272558 ], [ -74.912044448222218, 10.931212635676166 ], [ -74.911763332805293, 10.930938229814453 ], [ -74.911489292003111, 10.931768437807456 ], [ -74.912053294581966, 10.932593403602018 ], [ -74.912055063606857, 10.932869557450001 ], [ -74.912053294023266, 10.932593403605512 ], [ -74.911491060369556, 10.93204459176161 ], [ -74.910095204553954, 10.932191401704596 ], [ -74.909675298635221, 10.932055943314884 ], [ -74.909533857887723, 10.931780662369146 ], [ -74.909254509726139, 10.931782407401098 ], [ -74.90906297912116, 10.930955108560887 ], [ -74.909154328535124, 10.930678372848613 ], [ -74.90952679114956, 10.930676046069967 ], [ -74.909530324632556, 10.931228354090692 ], [ -74.909810555163787, 10.931364685462848 ], [ -74.910089018660514, 10.931224862897118 ], [ -74.910366598413276, 10.930946963043423 ], [ -74.910361296566478, 10.930118501115793 ], [ -74.910640642709225, 10.930116755060507 ], [ -74.91091822073092, 10.929838855224755 ], [ -74.911194030554782, 10.929284801172479 ], [ -74.910912917626916, 10.929010393782891 ], [ -74.910911150020368, 10.92873423995842 ], [ -74.910348926604684, 10.928185424301303 ], [ -74.910069581939638, 10.928187169511158 ], [ -74.910067815526816, 10.92791101525753 ], [ -74.910347159652758, 10.927909269818414 ], [ -74.910438507365626, 10.927632534304101 ], [ -74.910341859095354, 10.927080808547426 ], [ -74.909783172343097, 10.927084298761786 ], [ -74.909502062912296, 10.926809889606739 ], [ -74.909222719676251, 10.926811634100671 ], [ -74.909219188083114, 10.926259325546106 ], [ -74.908517301382545, 10.925711376912655 ], [ -74.90823442988497, 10.925160811696097 ], [ -74.90865079548503, 10.924743965073844 ], [ -74.909208595283332, 10.924602400579442 ], [ -74.909205065007285, 10.924050092075342 ], [ -74.909206830541095, 10.924326246396438 ], [ -74.90948793673347, 10.92460065616868 ], [ -74.909765511764405, 10.924322757969673 ], [ -74.909763746272617, 10.924046603597288 ], [ -74.910322427349513, 10.924043114238154 ], [ -74.910327726628211, 10.924871576509371 ], [ -74.910608834273475, 10.925145984980993 ], [ -74.910888176006296, 10.925144239758199 ], [ -74.910889942996789, 10.925420393651038 ], [ -74.910333026052186, 10.925700038458864 ], [ -74.91033655923836, 10.926252346398906 ], [ -74.910898778378979, 10.926801162761944 ], [ -74.911738575141612, 10.927072077653952 ], [ -74.911743879667114, 10.927900539075207 ], [ -74.912024991911537, 10.928174945674858 ], [ -74.912583679968634, 10.928171450836995 ], [ -74.912861844408297, 10.927985600848146 ], [ -74.914258857716931, 10.92802288369603 ], [ -74.914673445656703, 10.927329876720956 ], [ -74.914306759157697, 10.92677984414521 ], [ -74.914247349799581, 10.926227887289516 ], [ -74.913126443791398, 10.925682573804362 ], [ -74.91229018725943, 10.925963969712804 ], [ -74.911450393269064, 10.925693055602551 ], [ -74.911448625715309, 10.925416901805324 ], [ -74.911726199518597, 10.925139001741188 ], [ -74.911536437221031, 10.92458785835157 ], [ -74.911720896649925, 10.924310540436876 ], [ -74.91162424835295, 10.923758814914297 ], [ -74.911436254166347, 10.92348382507752 ], [ -74.911715594206143, 10.923482078809089 ], [ -74.911993165953163, 10.923204179092776 ], [ -74.911991398449956, 10.922928025337733 ], [ -74.912269853807913, 10.922788201932651 ], [ -74.912406871242737, 10.922373098239175 ], [ -74.912265434325448, 10.92209781804489 ], [ -74.911986095947256, 10.922099564318971 ], [ -74.911708524483373, 10.922377463879034 ], [ -74.911704990045209, 10.921825156243518 ], [ -74.911142780631494, 10.921276339864745 ], [ -74.910865209442008, 10.92155423867289 ], [ -74.910866975538895, 10.921830392911964 ], [ -74.91086344255622, 10.92127808470994 ], [ -74.910440904177264, 10.920728393826732 ], [ -74.910575275079012, 10.919899059437968 ], [ -74.910990747733706, 10.919344134426984 ], [ -74.910988981656786, 10.919067980441083 ], [ -74.911406218645411, 10.918789209094729 ], [ -74.910844016365729, 10.918240390868593 ], [ -74.910006011206903, 10.918245623346904 ], [ -74.90972491133148, 10.917971212740893 ], [ -74.909166241409196, 10.917974699094893 ], [ -74.90888514247014, 10.91770028753916 ], [ -74.907679979745112, 10.91853629985974 ], [ -74.90777838100324, 10.919364182823811 ], [ -74.907688794878169, 10.919917072459571 ], [ -74.90750374548351, 10.920102336679669 ], [ -74.906945658211441, 10.920197871192384 ], [ -74.906661915409956, 10.919509225764438 ], [ -74.90638522167275, 10.919925198457415 ], [ -74.906386983360647, 10.920201353449878 ], [ -74.906106764933043, 10.920065016541701 ], [ -74.905479136093533, 10.920207009221917 ], [ -74.905552493321565, 10.920758883918753 ], [ -74.905833592950614, 10.921033298518786 ], [ -74.905838878009192, 10.921861762854016 ], [ -74.905837115856741, 10.921585608083474 ], [ -74.905556015758961, 10.921311193859323 ], [ -74.905278438467164, 10.921589088475049 ], [ -74.9054233920141, 10.922416682979078 ], [ -74.904727683583019, 10.922835265239467 ], [ -74.904729444495914, 10.923111419892971 ], [ -74.905011426852752, 10.923523912263637 ], [ -74.9052907679838, 10.923522172407388 ], [ -74.905013188146015, 10.923800067549363 ], [ -74.903894649730447, 10.923622922199101 ], [ -74.90361648189851, 10.923808764560045 ], [ -74.903054280146875, 10.923259931404978 ], [ -74.90277493917732, 10.923261669452426 ], [ -74.90235768656602, 10.923540431073116 ], [ -74.902499116049199, 10.923815717251051 ], [ -74.903057799348105, 10.923812241505436 ], [ -74.903066597204642, 10.925193017499156 ], [ -74.902509670860482, 10.925472649213953 ], [ -74.902229448230102, 10.92533630946728 ], [ -74.901945708489748, 10.924647658687913 ], [ -74.901317187915794, 10.924651567057071 ], [ -74.901243836357921, 10.924099690319997 ], [ -74.901661091031016, 10.923820929647212 ], [ -74.901657574686197, 10.923268618819183 ], [ -74.901935157345108, 10.922990726414756 ], [ -74.900257354752782, 10.922724989116178 ], [ -74.900119441070288, 10.923002012250219 ], [ -74.900355739076986, 10.923552877208262 ], [ -74.899707454851466, 10.924109238058982 ], [ -74.899573052772766, 10.924938572851872 ], [ -74.899155794067966, 10.925217331382902 ], [ -74.898876450633566, 10.92521906617772 ], [ -74.898598862932602, 10.92549695645271 ], [ -74.898879962478148, 10.925771377554419 ], [ -74.899159306431073, 10.925769643084058 ], [ -74.898879962480791, 10.925771377968655 ], [ -74.898319080156128, 10.925429651804409 ], [ -74.897760392571072, 10.925433119677574 ], [ -74.896646963392897, 10.926061403770838 ], [ -74.896509044791628, 10.926338426316095 ], [ -74.896510798686961, 10.926614582505429 ], [ -74.896929816214652, 10.926611982993172 ], [ -74.897491138559943, 10.927022750306506 ], [ -74.898047781262164, 10.926697100640752 ], [ -74.899167209932202, 10.927012343609888 ], [ -74.899450947168944, 10.927700997657688 ], [ -74.899731171093435, 10.927837339636945 ], [ -74.900288983733162, 10.927695789630924 ], [ -74.900851191313478, 10.928244627495427 ], [ -74.900852949537168, 10.928520782952299 ], [ -74.900020183284965, 10.929354459519722 ], [ -74.900023698330784, 10.929906770933592 ], [ -74.899746108125299, 10.930184662723294 ], [ -74.899465002925794, 10.929910243324173 ], [ -74.899185655152692, 10.929911979137062 ], [ -74.898908064310291, 10.930189870156839 ], [ -74.899189169112745, 10.930464289969137 ], [ -74.899468517401971, 10.930462554066452 ], [ -74.899189169116255, 10.930464290521449 ], [ -74.899097809974066, 10.930741024522135 ], [ -74.899192683264729, 10.931016601332489 ], [ -74.899472032070079, 10.931014865340009 ], [ -74.899753138772255, 10.931289284950973 ], [ -74.899754896482165, 10.931565440529701 ], [ -74.899477304567, 10.931843332486197 ], [ -74.899479061974233, 10.932119488238264 ], [ -74.899199711856312, 10.932121224273994 ], [ -74.898918605222789, 10.931846804762593 ], [ -74.898784201373402, 10.932676139486334 ], [ -74.89920498428036, 10.932949690938612 ], [ -74.900040691715972, 10.932576274184898 ], [ -74.900317111064297, 10.932114278054907 ], [ -74.900313594331081, 10.931561967093749 ], [ -74.90086657708973, 10.930660987566572 ], [ -74.901424833661423, 10.930588473410328 ], [ -74.901706821098657, 10.93100096849599 ], [ -74.902266397520961, 10.931135569120871 ], [ -74.902834777777969, 10.932650944002045 ], [ -74.903113247016464, 10.932511127054751 ], [ -74.903534913614436, 10.93292274980262 ], [ -74.903536675091715, 10.933198904742936 ], [ -74.903305644442312, 10.933476509775193 ], [ -74.903400522795664, 10.933752084709626 ], [ -74.903266131708662, 10.934581419639944 ], [ -74.903690444717824, 10.935407273775812 ], [ -74.903412854402092, 10.93568516922725 ], [ -74.903693968827554, 10.935959583511497 ], [ -74.903790610729757, 10.936511312931389 ], [ -74.903706304561069, 10.937892667697724 ], [ -74.90342518785792, 10.937618253766166 ], [ -74.902306008857863, 10.937349059469323 ], [ -74.902159288573358, 10.936245308911628 ], [ -74.901737618342807, 10.9358336850923 ], [ -74.901179792565699, 10.935975239969368 ], [ -74.901186831778659, 10.937079861274515 ], [ -74.900907477576609, 10.937081599785408 ], [ -74.90062988307912, 10.937359493096837 ], [ -74.900633402028987, 10.937911803748989 ], [ -74.900359325171138, 10.938742007956705 ], [ -74.900081728658336, 10.939019901362753 ], [ -74.900362844355243, 10.939294318644366 ], [ -74.90064748013495, 10.940121046420721 ], [ -74.900370176023998, 10.940444965846281 ], [ -74.899811167518777, 10.940402416275813 ], [ -74.899530051303714, 10.940127998869148 ], [ -74.898976612166635, 10.940959939905152 ], [ -74.898697253879789, 10.940961677142274 ], [ -74.898421411820962, 10.941515725356574 ], [ -74.89758685036152, 10.942073245827613 ], [ -74.897588607564643, 10.94234940183817 ], [ -74.897309247843083, 10.942351137884915 ], [ -74.897031645363171, 10.94262902921564 ], [ -74.89703515952651, 10.943181340834069 ], [ -74.897315398489425, 10.943317682650569 ], [ -74.897873240457812, 10.943176132293619 ], [ -74.898150842999314, 10.942898239696767 ], [ -74.898431961588429, 10.943172658652422 ], [ -74.898515295814178, 10.94372447345865 ], [ -74.897602083145657, 10.944466595337637 ], [ -74.897322721443132, 10.944468331728272 ], [ -74.897255224441494, 10.94483697344238 ], [ -74.896494357907855, 10.946001601763452 ], [ -74.895938061193277, 10.946387088440822 ], [ -74.895379814447011, 10.94646617266925 ], [ -74.894541534421407, 10.946441787756385 ], [ -74.894260853782399, 10.946236404513673 ], [ -74.893838298795444, 10.94568669230002 ], [ -74.893347658750685, 10.945413568770729 ], [ -74.89313462833519, 10.944862555492813 ], [ -74.893131120842824, 10.944310242683137 ], [ -74.892289528102197, 10.943763125646818 ], [ -74.892287775295557, 10.943486969089331 ], [ -74.892007537671802, 10.943350622298793 ], [ -74.891169452835641, 10.943355814828731 ], [ -74.890888339685489, 10.943081388372565 ], [ -74.890606351429483, 10.942668883007402 ], [ -74.89069596961069, 10.942115992710992 ], [ -74.890551036651033, 10.941288386985908 ], [ -74.891155878365723, 10.941215599785082 ], [ -74.891716787516145, 10.941557334632719 ], [ -74.89199614740194, 10.941555603824847 ], [ -74.892273754532084, 10.941277716440078 ], [ -74.892547856278924, 10.940447515470451 ], [ -74.892402920068236, 10.939619911260674 ], [ -74.892819328218749, 10.939203079504599 ], [ -74.893371907652821, 10.938233068563093 ], [ -74.893928867198738, 10.937953448447814 ], [ -74.894766058437142, 10.937810172747962 ], [ -74.895605003409827, 10.937943051015722 ], [ -74.89606708584887, 10.937387849230999 ], [ -74.896156693640762, 10.936834958968261 ], [ -74.896436048384629, 10.936833224839013 ], [ -74.8967171588924, 10.93710764628374 ], [ -74.897272355774433, 10.936551865177734 ], [ -74.896991245735009, 10.936277444369022 ], [ -74.896431367139215, 10.936096808919389 ], [ -74.895873828918468, 10.936284380899499 ], [ -74.895313950636137, 10.936103743427722 ], [ -74.894756411629444, 10.936291313346819 ], [ -74.894479395053949, 10.936661254304653 ], [ -74.893640745910332, 10.936574398600881 ], [ -74.893363143621173, 10.936852286644328 ], [ -74.892813194783727, 10.938236531676155 ], [ -74.892535590032892, 10.938514419465264 ], [ -74.891692264986816, 10.937691141060156 ], [ -74.891412908528807, 10.937692870711494 ], [ -74.891411157667406, 10.937416713627114 ], [ -74.89169051372572, 10.937414983745196 ], [ -74.891826688966745, 10.936861805489247 ], [ -74.891685260237992, 10.936586513978025 ], [ -74.891405904954354, 10.936588243725797 ], [ -74.891311035788675, 10.936312663132245 ], [ -74.891681758003656, 10.936034200130122 ], [ -74.891398901989035, 10.935483616380685 ], [ -74.891119547691318, 10.935485345694522 ], [ -74.890698766036863, 10.935211781950548 ], [ -74.890555589547475, 10.934660332590635 ], [ -74.890276235883718, 10.934662061005188 ], [ -74.889995132980602, 10.934387632076026 ], [ -74.889717528415616, 10.934665517069135 ], [ -74.889159694985878, 10.934807050584153 ], [ -74.888598365015795, 10.934396268824413 ], [ -74.888319011282391, 10.934397995408943 ], [ -74.888598365012299, 10.934396268272096 ], [ -74.888875970586824, 10.934118384298014 ], [ -74.889435551612038, 10.934253008535316 ], [ -74.889993383831495, 10.934111474429795 ], [ -74.890408914542405, 10.933556568436408 ], [ -74.890267488818168, 10.933281275458286 ], [ -74.890405415804906, 10.933004254345827 ], [ -74.890260492234489, 10.932176647145702 ], [ -74.889416319526688, 10.931215279477618 ], [ -74.888299790295093, 10.931360264139339 ], [ -74.88829629589786, 10.930807949020309 ], [ -74.887875523852102, 10.930534380050117 ], [ -74.887872030721297, 10.929982065040527 ], [ -74.887449514023217, 10.929432337629393 ], [ -74.887727117152394, 10.929154454928536 ], [ -74.888285814951857, 10.929151004220603 ], [ -74.888846259833869, 10.92942370986014 ], [ -74.888848007430681, 10.929699867358405 ], [ -74.889408453486297, 10.929972571425372 ], [ -74.889686054765988, 10.929694687450725 ], [ -74.889965403876644, 10.929692960212337 ], [ -74.890243004056927, 10.929415075996404 ], [ -74.889961907229491, 10.929140646392892 ], [ -74.889960158693384, 10.928864488924701 ], [ -74.890513609473388, 10.928032562604781 ], [ -74.890620102530349, 10.927203400534376 ], [ -74.890506615423192, 10.926927934485853 ], [ -74.889947048555015, 10.926793309940386 ], [ -74.88980824937984, 10.926932251777332 ], [ -74.889815240852755, 10.928036880757299 ], [ -74.889677315061292, 10.928313901394906 ], [ -74.889117745323077, 10.928179275783746 ], [ -74.888837523675122, 10.928042923111601 ], [ -74.888834029650923, 10.927490608319493 ], [ -74.888552935732392, 10.927216176594303 ], [ -74.888549442505209, 10.926663861681391 ], [ -74.887989876704012, 10.926529233455911 ], [ -74.887902872299378, 10.927496359737864 ], [ -74.888559923167847, 10.928320806354524 ], [ -74.887441366658763, 10.928143602162045 ], [ -74.887163182422555, 10.928329431817641 ], [ -74.887304602259846, 10.928604727186492 ], [ -74.887166673631597, 10.928881747113797 ], [ -74.886609721272293, 10.929161353421675 ], [ -74.886751141028057, 10.929436649052853 ], [ -74.886242490164449, 10.929992125304338 ], [ -74.886197676933847, 10.930268570387424 ], [ -74.886340842220406, 10.930820023632824 ], [ -74.886904781238556, 10.931645048141727 ], [ -74.886351314385635, 10.932476970252976 ], [ -74.88635480545004, 10.933029285659135 ], [ -74.88669526655228, 10.933855689046931 ], [ -74.886784311203826, 10.934683644390317 ], [ -74.886925734803427, 10.934958939383053 ], [ -74.887485753801926, 10.935162606442324 ], [ -74.887627615155182, 10.935506940318644 ], [ -74.888047521102223, 10.935642429588428 ], [ -74.8886106013084, 10.936329369483605 ], [ -74.888889956896321, 10.936327642468987 ], [ -74.888610601310148, 10.936329369759761 ], [ -74.888195063758445, 10.936884274550302 ], [ -74.888200307799707, 10.937712746528836 ], [ -74.887858102820331, 10.938819534366811 ], [ -74.887858119656499, 10.941028879378294 ], [ -74.888017013145301, 10.941856401294681 ], [ -74.887671308834271, 10.942410874920713 ], [ -74.887927979808381, 10.943237792226995 ], [ -74.887819295091404, 10.943721758429817 ], [ -74.88558657636338, 10.944080767008407 ], [ -74.88531245253688, 10.944910965367349 ], [ -74.885034834887904, 10.945188848137818 ], [ -74.885036581117703, 10.945465005917505 ], [ -74.883081027422108, 10.945477075914264 ], [ -74.882710285005842, 10.945755531503428 ], [ -74.882527529783559, 10.946308996418068 ], [ -74.882247291946584, 10.946172640293463 ], [ -74.880853076549045, 10.946595488426691 ], [ -74.880113325605919, 10.947428553305604 ], [ -74.880029611015573, 10.94892038249583 ], [ -74.878074638187059, 10.949029079733901 ], [ -74.877935388865325, 10.949098979069781 ], [ -74.877937129296129, 10.949375137817126 ], [ -74.877519815006835, 10.9496538754121 ], [ -74.877381870183427, 10.949930893542806 ], [ -74.877456933123199, 10.950758940230308 ], [ -74.877250885252963, 10.951312547104711 ], [ -74.877254365521239, 10.951864864870592 ], [ -74.875298181596904, 10.951784838788281 ], [ -74.875017650611113, 10.951602449797447 ], [ -74.87501591259101, 10.951326290349785 ], [ -74.875293546024395, 10.951048414171819 ], [ -74.876412770794289, 10.951317702565319 ], [ -74.876595539501096, 10.950764239465684 ], [ -74.876402335207032, 10.949660749036633 ], [ -74.875282248209174, 10.949253380099876 ], [ -74.875003747557159, 10.949393176279484 ], [ -74.875008960706865, 10.950221654165235 ], [ -74.873615580055827, 10.950782553221167 ], [ -74.873619053228268, 10.951334872161986 ], [ -74.873613842841337, 10.950506393816202 ], [ -74.87305162846485, 10.949957505586154 ], [ -74.872772257652429, 10.949959220367054 ], [ -74.872491151030403, 10.949684775016784 ], [ -74.872768785936515, 10.949406900973299 ], [ -74.872487680486714, 10.949132456072864 ], [ -74.872208310215697, 10.949134169934812 ], [ -74.873046420603188, 10.949129026479817 ], [ -74.873324054475162, 10.948851152092105 ], [ -74.873603424160521, 10.948849436977508 ], [ -74.873741372388153, 10.948572420178394 ], [ -74.873596478979835, 10.947744799442152 ], [ -74.874357795528454, 10.946635444637383 ], [ -74.874914793181802, 10.946355853669557 ], [ -74.874698320048296, 10.945252503349113 ], [ -74.874976528402897, 10.945066681337899 ], [ -74.875113895060807, 10.944697610984445 ], [ -74.874972475506368, 10.944422309916355 ], [ -74.874413744825134, 10.944425741025954 ], [ -74.874136115564937, 10.94470361563328 ], [ -74.873298018279996, 10.944708759749956 ], [ -74.872875499411478, 10.944159011396543 ], [ -74.872105510385708, 10.943887563753878 ], [ -74.872452982176554, 10.943609262458212 ], [ -74.872451248040434, 10.943333102458137 ], [ -74.872730612695747, 10.943331388995135 ], [ -74.87300824214293, 10.943053515915828 ], [ -74.8730047726538, 10.942501196621381 ], [ -74.873838525302759, 10.941805655380211 ], [ -74.874675746074672, 10.941662431473089 ], [ -74.874952938298762, 10.94131551712467 ], [ -74.875650041226606, 10.941104108607789 ], [ -74.87550514995074, 10.940276488946992 ], [ -74.874667065764768, 10.940281634765483 ], [ -74.874392911826959, 10.941111827644248 ], [ -74.873973867925912, 10.941114399511353 ], [ -74.873830716351591, 10.940562937293477 ], [ -74.874106607331981, 10.940008903963289 ], [ -74.874386836435775, 10.940145269376716 ], [ -74.874525649091225, 10.940006332450208 ], [ -74.874103136662285, 10.939456585460745 ], [ -74.874101401254009, 10.939180425650136 ], [ -74.874380761894329, 10.939178711181185 ], [ -74.874565266552864, 10.938901408824114 ], [ -74.873818570688684, 10.938629820550844 ], [ -74.873816835819568, 10.938353660955476 ], [ -74.873537129362774, 10.938300142711981 ], [ -74.873447825425188, 10.938908265116382 ], [ -74.872985693296584, 10.939463440129227 ], [ -74.872987427438758, 10.939739600113461 ], [ -74.872983958643857, 10.939187280419326 ], [ -74.872702864262337, 10.938912833985922 ], [ -74.872144143172264, 10.938916259240187 ], [ -74.871868249189774, 10.939470290991018 ], [ -74.871031897712072, 10.939751586753491 ], [ -74.870754268674702, 10.940029457887997 ], [ -74.871035362795283, 10.94030390677173 ], [ -74.870477504606086, 10.940445409313673 ], [ -74.870197276381006, 10.940309040340711 ], [ -74.870752535855885, 10.939753297835447 ], [ -74.870888752149625, 10.939200122104809 ], [ -74.871212940941291, 10.938921965453002 ], [ -74.871300863551767, 10.938092914674197 ], [ -74.871854384327236, 10.93726101173112 ], [ -74.871573292926087, 10.936986563753505 ], [ -74.870455857048285, 10.936993407736152 ], [ -74.869901033694461, 10.937618188731935 ], [ -74.869760920939257, 10.937550003697554 ], [ -74.869616048843582, 10.936722377800372 ], [ -74.869334959559268, 10.936447927146146 ], [ -74.867658806060632, 10.936458178999338 ], [ -74.867657077244218, 10.936182018389017 ], [ -74.867094903399206, 10.935633112160126 ], [ -74.866811513418028, 10.93499044417014 ], [ -74.865694657565612, 10.935089323618529 ], [ -74.865413572981694, 10.934814868387061 ], [ -74.865135078252919, 10.934954654225386 ], [ -74.864994536043938, 10.934817426204484 ], [ -74.864853131132065, 10.93454211769153 ], [ -74.86513076246456, 10.934264251488464 ], [ -74.865129036619891, 10.933988090161195 ], [ -74.865130763023274, 10.934264251485054 ], [ -74.865692930784704, 10.934813162120749 ], [ -74.865830882672341, 10.934536148516457 ], [ -74.865123858533991, 10.93315960753381 ], [ -74.864563420367006, 10.932886855998856 ], [ -74.864468576353659, 10.932611262700917 ], [ -74.864692745971297, 10.931229036505947 ], [ -74.865108326482854, 10.930674157436835 ], [ -74.86482724747421, 10.930399701092114 ], [ -74.864268539516942, 10.930403109049658 ], [ -74.864546168697245, 10.930125243572235 ], [ -74.865108326760478, 10.930674157158972 ], [ -74.865665308360761, 10.930394586557407 ], [ -74.865942935741927, 10.930116720303483 ], [ -74.865941209816924, 10.92984055902979 ], [ -74.866220562884621, 10.929838853599705 ], [ -74.866498188955958, 10.929560987279693 ], [ -74.866632685333215, 10.928731651658961 ], [ -74.866491282728973, 10.928456343575867 ], [ -74.865931716532245, 10.92832167387321 ], [ -74.865649776389191, 10.927909137192744 ], [ -74.864809997108239, 10.927638088911921 ], [ -74.864941048894735, 10.926256430874759 ], [ -74.86452029987079, 10.925982825191264 ], [ -74.86396160007871, 10.925986231366721 ], [ -74.864240950136249, 10.925984528198446 ], [ -74.864796200647788, 10.925428798731765 ], [ -74.864792177158449, 10.924784422723191 ], [ -74.864234054573373, 10.924879883225019 ], [ -74.863952982307453, 10.924605424535072 ], [ -74.863673633771981, 10.924607127088402 ], [ -74.863396008331094, 10.92488499074018 ], [ -74.863537405933826, 10.925160301065695 ], [ -74.862561405991343, 10.925442419610675 ], [ -74.861732826564406, 10.926966412588598 ], [ -74.861307775014609, 10.926002397425265 ], [ -74.860885308059011, 10.925452624393596 ], [ -74.860607679080672, 10.925730485914539 ], [ -74.860609399687831, 10.926006647825927 ], [ -74.860890470932006, 10.92628110971795 ], [ -74.860612841040563, 10.926558971632979 ], [ -74.86061456178615, 10.926835133528636 ], [ -74.860335210355558, 10.926836833653711 ], [ -74.860057579709846, 10.927114694946551 ], [ -74.860059300031708, 10.927390856919674 ], [ -74.860340372091713, 10.92766531888884 ], [ -74.8614583534209, 10.927750571633782 ], [ -74.861740575377382, 10.928209140111486 ], [ -74.861462944776306, 10.928487003023379 ], [ -74.860066181502859, 10.92849550503759 ], [ -74.859788548723017, 10.928773366355244 ], [ -74.859924784593233, 10.928220192620639 ], [ -74.859641991934637, 10.927669567998535 ], [ -74.859779947711843, 10.927392556348449 ], [ -74.859774787658608, 10.926564070281447 ], [ -74.859212646912695, 10.926015143856199 ], [ -74.859207488959399, 10.925186657447645 ], [ -74.858926420483826, 10.924912193840314 ], [ -74.858370298814478, 10.925329832884239 ], [ -74.858090089340635, 10.92519344915501 ], [ -74.858647070579053, 10.924913891576175 ], [ -74.859186862133015, 10.92187271119839 ], [ -74.860021463047602, 10.921315292303097 ], [ -74.860300809366706, 10.921313593450446 ], [ -74.860581875370656, 10.921588056615333 ], [ -74.860400803768982, 10.922417675361231 ], [ -74.860588755167115, 10.922692704406789 ], [ -74.860868102685089, 10.922691005100864 ], [ -74.859659316615748, 10.922974529628069 ], [ -74.859757590851586, 10.923802449714987 ], [ -74.859062657454643, 10.924359020108991 ], [ -74.858926420761463, 10.924912193562454 ], [ -74.859207489237022, 10.92518665716978 ], [ -74.859484259889285, 10.924770715587437 ], [ -74.859766618702636, 10.92525230057713 ], [ -74.860885308056424, 10.925452623979355 ], [ -74.861442286263312, 10.925173061660574 ], [ -74.862205331342736, 10.924339899489929 ], [ -74.862270002702687, 10.923510989170415 ], [ -74.861709585871438, 10.923238228829572 ], [ -74.861986781933027, 10.922891326097801 ], [ -74.863942642449587, 10.922948455860592 ], [ -74.864084039156012, 10.92322376603493 ], [ -74.863806415090991, 10.923501629947713 ], [ -74.863808138294985, 10.923777791394819 ], [ -74.864228883381273, 10.924051398576875 ], [ -74.864504783426781, 10.923497373210417 ], [ -74.864501335728278, 10.922945050521665 ], [ -74.864220265661586, 10.922670592197951 ], [ -74.864218542114244, 10.922394430520656 ], [ -74.863377057431961, 10.921847214040065 ], [ -74.863368445425735, 10.920466406238216 ], [ -74.861970860953775, 10.920336829844818 ], [ -74.861415612192673, 10.920892553522824 ], [ -74.860857781230749, 10.921034033580078 ], [ -74.860856060916063, 10.92075787148192 ], [ -74.861688934976783, 10.919924287028349 ], [ -74.861547542181142, 10.919648975071029 ], [ -74.860848608245988, 10.919561169585295 ], [ -74.860287913756054, 10.919242378265128 ], [ -74.860009429425489, 10.91938215757035 ], [ -74.860011148455811, 10.919658319690269 ], [ -74.859452458957833, 10.919661715826477 ], [ -74.859450740443137, 10.919385553618635 ], [ -74.859169677811721, 10.919111089002838 ], [ -74.859724928544082, 10.918555369201021 ], [ -74.859580101673117, 10.917727731477713 ], [ -74.859998256572538, 10.917587103526781 ], [ -74.860414691667557, 10.917170313249473 ], [ -74.860412972665728, 10.91689415114835 ], [ -74.860830265936514, 10.916615441426373 ], [ -74.860715091255059, 10.916063796713408 ], [ -74.860265567507767, 10.915652270697876 ], [ -74.859987086088992, 10.915792049535431 ], [ -74.859988804381743, 10.916068212000475 ], [ -74.859987085669985, 10.915792049537977 ], [ -74.859706026893122, 10.915517585154026 ], [ -74.859426685892672, 10.91551928215981 ], [ -74.85942325029265, 10.914966957581703 ], [ -74.859142192850484, 10.914692492453037 ], [ -74.858857701441337, 10.913865701768295 ], [ -74.858019683369619, 10.913870789900988 ], [ -74.857741201936634, 10.91401056654073 ], [ -74.856621270550107, 10.913603101768116 ], [ -74.856900610064102, 10.913601407064245 ], [ -74.857733480192053, 10.91276783461851 ], [ -74.858295589784305, 10.913316768612548 ], [ -74.85857492862651, 10.913315072702199 ], [ -74.859416379923516, 10.913862308084763 ], [ -74.859695719096791, 10.913860611068259 ], [ -74.86025783408229, 10.91440954062776 ], [ -74.860815653668467, 10.914268063731781 ], [ -74.861092413994172, 10.913852122444981 ], [ -74.86081135621663, 10.913577658636342 ], [ -74.860251819845843, 10.913442973404843 ], [ -74.8598302348678, 10.913031275970058 ], [ -74.859875073561696, 10.912754830848828 ], [ -74.859687130540067, 10.912479800060588 ], [ -74.859128454723958, 10.912483193399487 ], [ -74.858847399946995, 10.912208727393255 ], [ -74.858288724369757, 10.912212119117042 ], [ -74.858145623130383, 10.911660641514326 ], [ -74.858281859407981, 10.911107468710956 ], [ -74.8580008070644, 10.910833001699897 ], [ -74.856885175370124, 10.911115942684445 ], [ -74.856886890183176, 10.911392105444751 ], [ -74.857167942429186, 10.911666573826526 ], [ -74.856890319947425, 10.911944430949662 ], [ -74.856893749617342, 10.912496756573406 ], [ -74.856055734443856, 10.912501838701745 ], [ -74.855493630058859, 10.911952899499791 ], [ -74.85465390289545, 10.911681814169929 ], [ -74.854376277541178, 10.91195966932893 ], [ -74.853539974670326, 10.912240907384501 ], [ -74.853684780214053, 10.913068551427987 ], [ -74.853545966402308, 10.913207478930172 ], [ -74.852709944153773, 10.913534742555246 ], [ -74.852150123620689, 10.913354014649784 ], [ -74.851594864671824, 10.913909721463366 ], [ -74.852155256440469, 10.914182504885291 ], [ -74.852156967379415, 10.91445866833325 ], [ -74.852438019506309, 10.914733141247108 ], [ -74.852441442129248, 10.915285468029262 ], [ -74.853003548862844, 10.915834412344122 ], [ -74.853419137149672, 10.915279548869227 ], [ -74.85341571272285, 10.914727222393672 ], [ -74.853554527192699, 10.914588294838085 ], [ -74.853695053937599, 10.91472553071743 ], [ -74.853562232890582, 10.915831029706069 ], [ -74.853282890901383, 10.91583272142857 ], [ -74.852729342390575, 10.916664593803002 ], [ -74.852172367896685, 10.916944139129194 ], [ -74.852453422475392, 10.917218611327376 ], [ -74.852732765891034, 10.917216920149787 ], [ -74.853569083175458, 10.916935681912479 ], [ -74.853572508598816, 10.917488008812741 ], [ -74.853015534022632, 10.917767555504712 ], [ -74.853296590147991, 10.918042026660409 ], [ -74.853575934340554, 10.91804033486272 ], [ -74.853579360267872, 10.918592661167908 ], [ -74.853860417869555, 10.918867131854775 ], [ -74.853582786099693, 10.919144987453841 ], [ -74.853640368077222, 10.919420812100388 ], [ -74.853444826210705, 10.919421996768087 ], [ -74.853581072671943, 10.918868824316455 ], [ -74.852741326152241, 10.91859773716358 ], [ -74.852739613727735, 10.918321573607294 ], [ -74.852458557722358, 10.91804710190368 ], [ -74.85218006927191, 10.918186874507859 ], [ -74.851341180507646, 10.918053864592771 ], [ -74.851063546917715, 10.918331717900205 ], [ -74.851065257374756, 10.918607881445526 ], [ -74.850788477850571, 10.919023816825385 ], [ -74.850508277358315, 10.918887424831389 ], [ -74.850225512194982, 10.918336786612628 ], [ -74.849663404093334, 10.917787837212366 ], [ -74.849389186947633, 10.918618016834703 ], [ -74.850234062189614, 10.919717604936318 ], [ -74.850235772242385, 10.919993768585844 ], [ -74.850796175392347, 10.920266552733327 ], [ -74.850242612912282, 10.921098423131582 ], [ -74.850244323194474, 10.92137458675492 ], [ -74.849411408770962, 10.922208145847778 ], [ -74.849414828200949, 10.922760473309671 ], [ -74.849695887319371, 10.923034947738282 ], [ -74.849416537707086, 10.923036637310613 ], [ -74.849135478800733, 10.92276216258349 ], [ -74.848576780418114, 10.92276553981104 ], [ -74.848438814812923, 10.923042547557737 ], [ -74.84839909223065, 10.924147484415244 ], [ -74.848588744589421, 10.924698686403504 ], [ -74.84845248751229, 10.925251858377621 ], [ -74.847477034421871, 10.925625985645695 ], [ -74.846917760858958, 10.925537306305774 ], [ -74.846640116685265, 10.925815157274863 ], [ -74.846645239948273, 10.926643649566083 ], [ -74.846087386899711, 10.926785105656812 ], [ -74.84581059442533, 10.927201038408606 ], [ -74.845815716053124, 10.928029531014014 ], [ -74.846654633387416, 10.928162551841094 ], [ -74.847210779358377, 10.927744930652191 ], [ -74.847209071136646, 10.927468766390788 ], [ -74.84776777874778, 10.92746539022629 ], [ -74.847771197105459, 10.928017718287924 ], [ -74.846934842404906, 10.928298946431074 ], [ -74.846936550643989, 10.928575110443406 ], [ -74.846658903998048, 10.928852962112083 ], [ -74.844986184871303, 10.929415411485445 ], [ -74.844708535461038, 10.929693261652037 ], [ -74.84527066232863, 10.930242217866205 ], [ -74.84499301244638, 10.930520068498197 ], [ -74.844435151169918, 10.930661522845483 ], [ -74.844149822576711, 10.929696633183209 ], [ -74.843871319012877, 10.929836400522998 ], [ -74.843308342604558, 10.929149358756556 ], [ -74.843118695532652, 10.92859815251302 ], [ -74.842745085075961, 10.928416288193857 ], [ -74.842466865921551, 10.928602081765135 ], [ -74.842191770279143, 10.929294177303724 ], [ -74.841633057484728, 10.929297543837944 ], [ -74.841540790436241, 10.929436187108418 ], [ -74.841639020408266, 10.930264120414165 ], [ -74.841921785883969, 10.930814766498093 ], [ -74.842201143819182, 10.930813083139325 ], [ -74.841642854013656, 10.930885491352024 ], [ -74.841434613330065, 10.931093877345692 ], [ -74.841368862685769, 10.931757093699257 ], [ -74.841088822386624, 10.931648310770687 ], [ -74.841085415461407, 10.931095981027186 ], [ -74.840522725829999, 10.930454961155993 ], [ -74.839962024405381, 10.930136132553843 ], [ -74.839682666891747, 10.930137814039281 ], [ -74.839404160459395, 10.930277577707571 ], [ -74.839685220136715, 10.93055206156313 ], [ -74.839600610746416, 10.931933447557757 ], [ -74.839976494767569, 10.932483535593486 ], [ -74.839698837412882, 10.932761382330346 ], [ -74.839139266420275, 10.932626662832766 ], [ -74.838857354128407, 10.932214096098189 ], [ -74.838577994496603, 10.932215776889729 ], [ -74.837741615830325, 10.932496983293669 ], [ -74.837463956324655, 10.932774828244261 ], [ -74.838307140361522, 10.933598283447886 ], [ -74.838586501471084, 10.933596602969388 ], [ -74.838313094923521, 10.934564862257073 ], [ -74.837476709665367, 10.934846068818642 ], [ -74.837194796531278, 10.934433500482793 ], [ -74.837193096227153, 10.934157335057247 ], [ -74.83691203479556, 10.933882849422904 ], [ -74.836632673295924, 10.933884528689795 ], [ -74.836629273948219, 10.933332197638803 ], [ -74.836349912919417, 10.933333876563797 ], [ -74.835934269485676, 10.933888725464113 ], [ -74.836218729300469, 10.934715543567433 ], [ -74.836080747474597, 10.934992548567777 ], [ -74.835801951044147, 10.935086282453469 ], [ -74.834682235465436, 10.934724773864687 ], [ -74.834404570639578, 10.935002616932127 ], [ -74.833845844710069, 10.935005970920498 ], [ -74.833569875891996, 10.935559979681685 ], [ -74.83329051229731, 10.935561656147833 ], [ -74.832728392307359, 10.935012676112269 ], [ -74.832171361624987, 10.935292193137983 ], [ -74.831612069354307, 10.935203487614267 ], [ -74.831334965861458, 10.935573384083742 ], [ -74.830776237900039, 10.9355767326792 ], [ -74.830914225090751, 10.935299729154655 ], [ -74.830772848848596, 10.935024399502199 ], [ -74.831331575777128, 10.93502105107989 ], [ -74.831326490998094, 10.93419255263947 ], [ -74.831047128331136, 10.9341942268483 ], [ -74.830766071017479, 10.933919734099597 ], [ -74.829926289882479, 10.933648587737581 ], [ -74.829922903018044, 10.933096254595828 ], [ -74.829363333101142, 10.932961516666071 ], [ -74.82890196122284, 10.93365472026103 ], [ -74.829020054930538, 10.933930190259456 ], [ -74.828955292440838, 10.934759108409567 ], [ -74.829099206420864, 10.935448688782794 ], [ -74.829519099462374, 10.935584263195116 ], [ -74.829520792893049, 10.935860429786342 ], [ -74.829101745971343, 10.935862939183151 ], [ -74.828826613552508, 10.93655502819812 ], [ -74.828267882967026, 10.936558372504193 ], [ -74.827985979437429, 10.936145794002678 ], [ -74.827147883965608, 10.936150807498064 ], [ -74.827699847220913, 10.935042797863332 ], [ -74.827698155604764, 10.934766630975398 ], [ -74.827417100800389, 10.934492135292752 ], [ -74.82741540925204, 10.934215968076641 ], [ -74.827133509801868, 10.933803388363764 ], [ -74.826854992456461, 10.933943142060482 ], [ -74.826856683162035, 10.93421930909372 ], [ -74.826441018689408, 10.934774148370609 ], [ -74.826313170073291, 10.936708152934532 ], [ -74.826594226735352, 10.936982649697452 ], [ -74.826597608672145, 10.937534983729812 ], [ -74.826595917122361, 10.937258816719595 ], [ -74.82631486043779, 10.936984320279587 ], [ -74.826037185079542, 10.937262157156049 ], [ -74.82618024935978, 10.937813656294029 ], [ -74.826602681638619, 10.938363484878808 ], [ -74.826323314328164, 10.938365155537078 ], [ -74.826042256361234, 10.938090658717897 ], [ -74.825484367069308, 10.938232081843886 ], [ -74.824924787234551, 10.938097336779025 ], [ -74.824643730776103, 10.937822838418972 ], [ -74.82464035241118, 10.937270503792588 ], [ -74.824357608196337, 10.936719837758195 ], [ -74.824078242073611, 10.936721506116278 ], [ -74.823801408397657, 10.93713742512438 ], [ -74.823240143431633, 10.936726509245435 ], [ -74.822960776846202, 10.936728176170375 ], [ -74.822959089348387, 10.936452008580289 ], [ -74.823238455672211, 10.93645034114612 ], [ -74.823516133704061, 10.93617250622553 ], [ -74.823650752490352, 10.935343170228009 ], [ -74.823560191970202, 10.934239000347286 ], [ -74.823707091178107, 10.933133413217691 ], [ -74.823354512896486, 10.932583161843271 ], [ -74.823209770741656, 10.931755492598382 ], [ -74.822375058384296, 10.932312826351811 ], [ -74.822523171995726, 10.933692831998652 ], [ -74.822106655898196, 10.934109582829043 ], [ -74.821548770695642, 10.93425099817707 ], [ -74.820994255553316, 10.934944748169913 ], [ -74.820436368269398, 10.935086161535963 ], [ -74.820438052939423, 10.935362329817663 ], [ -74.820158687474716, 10.935363994250514 ], [ -74.819881006718958, 10.935641826235109 ], [ -74.820022374119603, 10.935917162215386 ], [ -74.819884375807163, 10.936194162388773 ], [ -74.819605009198995, 10.936195826580214 ], [ -74.819323958774063, 10.935921322216524 ], [ -74.818489226888815, 10.936478648380763 ], [ -74.819051328048374, 10.937027658082288 ], [ -74.81933069538438, 10.937025994687172 ], [ -74.818354593332643, 10.93730798470726 ], [ -74.818225009526714, 10.938965826046006 ], [ -74.81779754064209, 10.937587478465096 ], [ -74.81723712234016, 10.9373146344596 ], [ -74.817094074307803, 10.936763128695144 ], [ -74.816533097600242, 10.936398226562511 ], [ -74.816250928237494, 10.935939606530894 ], [ -74.815970721401797, 10.935803183019454 ], [ -74.815831878653867, 10.9359420974708 ], [ -74.815763717594749, 10.936218681280975 ], [ -74.816116288709708, 10.936768942853888 ], [ -74.816121332491264, 10.937597448754328 ], [ -74.815843645354292, 10.937875278242338 ], [ -74.815845326491655, 10.938151446903042 ], [ -74.815986692321459, 10.938426785114139 ], [ -74.816686796553952, 10.938698800461768 ], [ -74.816829845380198, 10.93925030632281 ], [ -74.817109215282812, 10.939248644624435 ], [ -74.817110897807865, 10.939524813065709 ], [ -74.816269424299506, 10.93897746134185 ], [ -74.814873416558925, 10.939123849007126 ], [ -74.814734571924888, 10.939262763260057 ], [ -74.814875937227129, 10.939538101771927 ], [ -74.815155307422131, 10.939536441542579 ], [ -74.81557772511519, 10.940086288334541 ], [ -74.815581087638918, 10.940638625652761 ], [ -74.815166233180946, 10.941331538650969 ], [ -74.814051265600824, 10.941752432322781 ], [ -74.814612531133676, 10.94216336548538 ], [ -74.816007712236441, 10.941878892460792 ], [ -74.816289608011758, 10.942291483760627 ], [ -74.816011917122637, 10.942569314273438 ], [ -74.815449808377593, 10.94202029966476 ], [ -74.815172117068471, 10.942298129086918 ], [ -74.813497559383151, 10.942584258149928 ], [ -74.813494199824774, 10.942031920125153 ], [ -74.813213987652631, 10.941895494848675 ], [ -74.812937973146319, 10.94244949172092 ], [ -74.812100692399014, 10.942592551445237 ], [ -74.811543623467045, 10.942872036072876 ], [ -74.811546979397136, 10.943424374529705 ], [ -74.810991585634881, 10.943980027903748 ], [ -74.8115511742823, 10.944114797434843 ], [ -74.812944690083413, 10.943554167512003 ], [ -74.813364591453421, 10.943689763427324 ], [ -74.813506798324227, 10.94410318695868 ], [ -74.814901149506653, 10.943680633098362 ], [ -74.815459897602153, 10.94367731091296 ], [ -74.815461579301129, 10.943953480080381 ], [ -74.815044199348847, 10.944232140138686 ], [ -74.815185568022926, 10.944507477999553 ], [ -74.815744317581093, 10.944504155368204 ], [ -74.816022009989638, 10.944226325081736 ], [ -74.816301384396468, 10.944224662963544 ], [ -74.816582441719987, 10.944499169436329 ], [ -74.816585807633871, 10.945051506285521 ], [ -74.816868548917228, 10.945602180134578 ], [ -74.817147924482157, 10.945600517173721 ], [ -74.817710885759197, 10.946287611201269 ], [ -74.818269357086592, 10.946238255392107 ], [ -74.819529358412538, 10.946691043761778 ], [ -74.819484481469772, 10.946967489272485 ], [ -74.819045506462302, 10.947522461889305 ], [ -74.819048877752408, 10.948074797871952 ], [ -74.818841030224618, 10.948352214714411 ], [ -74.818285223141928, 10.948838838471103 ], [ -74.817726887400582, 10.948911209326203 ], [ -74.81750675341307, 10.949464876851728 ], [ -74.817103337787628, 10.949743457636266 ], [ -74.817083424516838, 10.950295932782142 ], [ -74.817738680684613, 10.950844386051401 ], [ -74.818016375878628, 10.950566553548493 ], [ -74.818152695413076, 10.950013385173195 ], [ -74.818569798265841, 10.949688691848049 ], [ -74.819130523810898, 10.95000755726134 ], [ -74.818856201924518, 10.950837726619877 ], [ -74.818578507428924, 10.95111555993609 ], [ -74.818862946028887, 10.95194239844181 ], [ -74.818304520530631, 10.95200096275679 ], [ -74.818021431462853, 10.951395058101419 ], [ -74.817462669418575, 10.951398386968405 ], [ -74.816900539390886, 10.950849378701328 ], [ -74.816341357395657, 10.950783663124488 ], [ -74.815225938326634, 10.951135524243233 ], [ -74.815230986560408, 10.951964029776152 ], [ -74.815790591446486, 10.952098788760678 ], [ -74.816069131491503, 10.951959041625711 ], [ -74.81635524897996, 10.953062051864508 ], [ -74.816917383012878, 10.95361106055428 ], [ -74.817753846728976, 10.953329899217787 ], [ -74.817895223680964, 10.95360523498838 ], [ -74.817476991656534, 10.953745816363252 ], [ -74.816637999906405, 10.953612724919623 ], [ -74.815242767022824, 10.95389720917138 ], [ -74.815244450126173, 10.954173377635437 ], [ -74.815808268635635, 10.954998556690176 ], [ -74.816087653454318, 10.954996893565573 ], [ -74.81524949942785, 10.955001883135893 ], [ -74.815066609250607, 10.955555328385914 ], [ -74.814696619915608, 10.955971797973232 ], [ -74.814045561106553, 10.956113760376653 ], [ -74.814419758259021, 10.956387712658525 ], [ -74.814979371946919, 10.956522472100142 ], [ -74.815536179729563, 10.956196949806017 ], [ -74.815812478223279, 10.95568897771151 ], [ -74.81665231833135, 10.955960154640714 ], [ -74.816930861159548, 10.95582040623901 ], [ -74.817208560969618, 10.955542573695608 ], [ -74.817206875967983, 10.955266405281346 ], [ -74.817487945937515, 10.955540908655664 ], [ -74.818326662226667, 10.955627969096735 ], [ -74.818881496073232, 10.954980245464016 ], [ -74.819160880394904, 10.954978579307092 ], [ -74.819162567300552, 10.955254747148699 ], [ -74.819443638484543, 10.955529248158467 ], [ -74.819997344054684, 10.954697411427693 ], [ -74.82055779978829, 10.954970244421798 ], [ -74.820283480068696, 10.955800414902161 ], [ -74.820564552996032, 10.956074914895403 ], [ -74.820428236982607, 10.956628084007233 ], [ -74.820569618131643, 10.956903417696978 ], [ -74.820009158739765, 10.956630585478505 ], [ -74.819450387777366, 10.956633919831726 ], [ -74.818894990791847, 10.957189588447577 ], [ -74.817218672894597, 10.957199582500222 ], [ -74.816383883158736, 10.95775691238847 ], [ -74.816385567650073, 10.958033080885206 ], [ -74.815827635068885, 10.958174492895944 ], [ -74.815550773896248, 10.958590408901166 ], [ -74.815831845948409, 10.95886491321413 ], [ -74.816111234108831, 10.958863249213961 ], [ -74.816388937319985, 10.958585416754948 ], [ -74.816668325131516, 10.958583752286376 ], [ -74.816671695783782, 10.959136088876074 ], [ -74.816392307176898, 10.959137753708376 ], [ -74.816300862630243, 10.959414476433865 ], [ -74.815279805699873, 10.959972914169057 ], [ -74.815564247898791, 10.960799755135517 ], [ -74.815844480284881, 10.960936175352792 ], [ -74.816121342789614, 10.960520258857429 ], [ -74.816119658011843, 10.960244090365803 ], [ -74.818351398189961, 10.95967843182215 ], [ -74.818632473876605, 10.959952933230362 ], [ -74.819469964799453, 10.959837465331518 ], [ -74.819750028586569, 10.959946264780571 ], [ -74.81975171682403, 10.960222432717869 ], [ -74.819474015977136, 10.960500267909755 ], [ -74.819192939042409, 10.960225767678276 ], [ -74.818634161079501, 10.960229101477781 ], [ -74.817942435174345, 10.961337938721908 ], [ -74.818923675783225, 10.961884440784351 ], [ -74.819203066576435, 10.961882773773196 ], [ -74.818087191255756, 10.962165609263739 ], [ -74.817809487089022, 10.962443443489533 ], [ -74.817112694908886, 10.962723776265324 ], [ -74.817114381136435, 10.9629999442824 ], [ -74.816696979314699, 10.963278610570995 ], [ -74.816978057389221, 10.963553112870084 ], [ -74.81753684210652, 10.963549781107897 ], [ -74.817817921407766, 10.963824282737029 ], [ -74.818374175098228, 10.963406697778384 ], [ -74.818933803111037, 10.963541447226197 ], [ -74.819771134778961, 10.963398360167441 ], [ -74.820470459055002, 10.963532272845901 ], [ -74.820332452330845, 10.963809274824955 ], [ -74.820053060187888, 10.963810943618929 ], [ -74.819775356865733, 10.964088779422555 ], [ -74.819214883483625, 10.963815947706644 ], [ -74.818375862605393, 10.963682865865104 ], [ -74.816144936483497, 10.964386613586523 ], [ -74.816006925420282, 10.964663613928304 ], [ -74.816147464885447, 10.96480086537416 ], [ -74.817824669900361, 10.964928954398223 ], [ -74.817734913054778, 10.96548184581666 ], [ -74.817551180932043, 10.965897208818271 ], [ -74.816716369945084, 10.966454543210435 ], [ -74.816436974754581, 10.966456208903031 ], [ -74.81615617461118, 10.966227734117233 ], [ -74.815321921426914, 10.966877121311951 ], [ -74.815398511641462, 10.967981377948741 ], [ -74.815889479091638, 10.968309865816755 ], [ -74.817285001459425, 10.968062190406465 ], [ -74.817986306082943, 10.968518302790317 ], [ -74.818128536529386, 10.96893172060661 ], [ -74.818688175315373, 10.96906646899942 ], [ -74.819105582132394, 10.968787799173336 ], [ -74.818964194705231, 10.968512465694761 ], [ -74.8192419024071, 10.968234629786975 ], [ -74.819236835461155, 10.967406126986464 ], [ -74.820075022356079, 10.96740112073706 ], [ -74.819800695441643, 10.968231292468225 ], [ -74.819988649292142, 10.968506347277419 ], [ -74.819710942234067, 10.968784183790394 ], [ -74.820084316342545, 10.968920041930105 ], [ -74.820365685208458, 10.969240567966844 ], [ -74.820925043197178, 10.969329284057645 ], [ -74.820645645908968, 10.969330954316547 ], [ -74.820368615045638, 10.969719258120572 ], [ -74.819252037750715, 10.969891635244807 ], [ -74.819183877387857, 10.970168219971765 ], [ -74.819255416340724, 10.970443970080531 ], [ -74.819533688401862, 10.970258189809165 ], [ -74.820092484913133, 10.970254851348971 ], [ -74.820373010195581, 10.970437293320733 ], [ -74.820379772204689, 10.971541962516062 ], [ -74.820797180083687, 10.971263290295623 ], [ -74.820934343140024, 10.970848204062447 ], [ -74.821492858398869, 10.970798835127887 ], [ -74.821777614481519, 10.971671693310574 ], [ -74.822329925500298, 10.970609710039435 ], [ -74.822888721799259, 10.970606366345471 ], [ -74.823724093326135, 10.970141070643319 ], [ -74.824003490980871, 10.970139397853675 ], [ -74.82410170510984, 10.970967340558639 ], [ -74.823732561728576, 10.971521905046441 ], [ -74.823596249473553, 10.972075075235557 ], [ -74.82373764295869, 10.97235040554453 ], [ -74.823183924103603, 10.973182252027526 ], [ -74.823185617616986, 10.973458418919803 ], [ -74.823466711868036, 10.973732912556901 ], [ -74.823746113077419, 10.973731239599939 ], [ -74.823887507636726, 10.974006569663022 ], [ -74.823471793734385, 10.974561413332431 ], [ -74.823473487595209, 10.974837580432325 ], [ -74.822581094215977, 10.975119100283591 ], [ -74.822429116010994, 10.97539618709366 ], [ -74.822500660045449, 10.975671935942335 ], [ -74.823199167072659, 10.975667753732404 ], [ -74.82347687572522, 10.975389913510005 ], [ -74.824036527968758, 10.975524649772822 ], [ -74.824320168054172, 10.976213392564173 ], [ -74.824044154646032, 10.976767400099972 ], [ -74.824884060955412, 10.9770385431527 ], [ -74.825718879294271, 10.976481184512481 ], [ -74.825713790535971, 10.975652685019092 ], [ -74.82599319319695, 10.975651009573676 ], [ -74.825994889709932, 10.97592717598725 ], [ -74.82627598912218, 10.976201666471317 ], [ -74.826556240205974, 10.976338073313585 ], [ -74.826834794413088, 10.976198313580078 ], [ -74.827115895052856, 10.976472803392388 ], [ -74.827541791865656, 10.977574952418994 ], [ -74.827403787886752, 10.977851957535163 ], [ -74.827124383658401, 10.97785363474296 ], [ -74.8270329467301, 10.978130359692313 ], [ -74.827034644601682, 10.978406525900221 ], [ -74.827408882630166, 10.978680455709366 ], [ -74.827270878357638, 10.9789574605712 ], [ -74.827132024621704, 10.979096382457934 ], [ -74.826849506559498, 10.978591754718693 ], [ -74.826570667661755, 10.978685486952038 ], [ -74.826572365191851, 10.97896165322142 ], [ -74.82685516598174, 10.979512308515229 ], [ -74.827694062811972, 10.979617742823299 ], [ -74.828530467318316, 10.979318131046849 ], [ -74.82867130313501, 10.979501402341553 ], [ -74.828719570311748, 10.979777288469423 ], [ -74.828117589412457, 10.980333257356602 ], [ -74.828262390970352, 10.98116091606113 ], [ -74.828822904976093, 10.981433724088818 ], [ -74.829939399976297, 10.981242894948625 ], [ -74.830500199062826, 10.981561727166055 ], [ -74.830607529382519, 10.98197534539659 ], [ -74.830438004694841, 10.982804892727739 ], [ -74.83051296259174, 10.983632969241704 ], [ -74.83107263191026, 10.983767689278974 ], [ -74.831258053366057, 10.983628485499274 ], [ -74.831066673379453, 10.982801110126225 ], [ -74.831344095378086, 10.982477235515121 ], [ -74.832180047924922, 10.982103968822546 ], [ -74.832460307402826, 10.982240369117788 ], [ -74.832462578556004, 10.982608589508445 ], [ -74.833020826193845, 10.982513168396459 ], [ -74.833162234442938, 10.982788492083181 ], [ -74.832887938754013, 10.983618670957005 ], [ -74.833308330139033, 10.983823269661924 ], [ -74.833866437379598, 10.983704833064584 ], [ -74.834541566827795, 10.984437230201081 ], [ -74.834433498955718, 10.985036261512128 ], [ -74.834015805468425, 10.985268926034514 ], [ -74.834017510962653, 10.985545091030838 ], [ -74.833390542260531, 10.985825045751314 ], [ -74.83341553151368, 10.986101070493874 ], [ -74.833882069226505, 10.986236345736982 ], [ -74.834160627402085, 10.986096578579694 ], [ -74.834721155385949, 10.98636937337181 ], [ -74.835279977427106, 10.986366002156785 ], [ -74.835564509825744, 10.987192810186396 ], [ -74.83584392151198, 10.987191123957457 ], [ -74.835845629152317, 10.987467288772171 ], [ -74.835566217069427, 10.987468975459597 ], [ -74.835291926385935, 10.98829915559817 ], [ -74.833894520597397, 10.988252350181916 ], [ -74.833477447800405, 10.988586275221818 ], [ -74.833618859977989, 10.988861597646117 ], [ -74.833897420578964, 10.988721830474656 ], [ -74.83445766934679, 10.988948597609658 ], [ -74.8347416342922, 10.989683351403384 ], [ -74.835022755581207, 10.9899578301752 ], [ -74.835302169953167, 10.989956143886953 ], [ -74.83558542665989, 10.990575827930442 ], [ -74.836143828992647, 10.990503412735057 ], [ -74.836142120732049, 10.990227248158927 ], [ -74.836699668309819, 10.990016749815831 ], [ -74.836980364502466, 10.990222185314458 ], [ -74.836982073541861, 10.990498349760317 ], [ -74.837262342500537, 10.990634743653207 ], [ -74.837078629846957, 10.991050115914147 ], [ -74.837411452704231, 10.992152803584114 ], [ -74.837396623667829, 10.992981417229393 ], [ -74.836536889043771, 10.993815136616886 ], [ -74.8372859927984, 10.99445501744799 ], [ -74.837844686708593, 10.994428625406849 ], [ -74.838125815617758, 10.994703100040104 ], [ -74.838405233967478, 10.994701410181644 ], [ -74.838832491358119, 10.996010654235141 ], [ -74.838741063053689, 10.996287381814573 ], [ -74.838416214183454, 10.996473463340998 ], [ -74.837578524190761, 10.996570587822571 ], [ -74.837488805203137, 10.997123479385726 ], [ -74.83786706953768, 10.998041773734133 ], [ -74.839123895471161, 10.997942111482715 ], [ -74.83982701622341, 10.998674319792318 ], [ -74.839981712378219, 10.999041615334852 ], [ -74.839955201129072, 10.999317950075399 ], [ -74.839555016855996, 10.999872721724961 ], [ -74.839354013793894, 11.001254809986513 ], [ -74.839844719795863, 11.001528012595358 ], [ -74.839874375782628, 11.001804007205472 ], [ -74.839430722512674, 11.002359042445663 ], [ -74.839432435767634, 11.002635206290206 ], [ -74.839015438337086, 11.002982949084059 ], [ -74.838178444318402, 11.003195146362449 ], [ -74.838185293343415, 11.004299802705356 ], [ -74.837724716994202, 11.005131113018187 ], [ -74.837774712858703, 11.005683159289989 ], [ -74.83791499788407, 11.005774368396439 ], [ -74.839033855273513, 11.005951710709446 ], [ -74.839501283669748, 11.006225053669565 ], [ -74.839321852986785, 11.007330837522298 ], [ -74.838762992737884, 11.00733422250053 ], [ -74.838624991082, 11.007611232187642 ], [ -74.838768133152016, 11.008162713507376 ], [ -74.83904756407938, 11.008161021016223 ], [ -74.839328709326182, 11.008435492298233 ], [ -74.839332137491269, 11.008987819794324 ], [ -74.838774987683763, 11.009267369259986 ], [ -74.838081547129704, 11.01010009143439 ], [ -74.837807253278228, 11.010930275188132 ], [ -74.837950396653426, 11.011481757041869 ], [ -74.837672675633428, 11.011759612979356 ], [ -74.837679528096444, 11.012864269016665 ], [ -74.837674388191317, 11.012035776930515 ], [ -74.837394097240917, 11.011899386887205 ], [ -74.836975801533271, 11.01204000598436 ], [ -74.837405231773417, 11.013694452856809 ], [ -74.836568634821475, 11.01397569148936 ], [ -74.836199476643984, 11.014530274351996 ], [ -74.837204219833694, 11.015076541350572 ], [ -74.837207646297074, 11.015628869266266 ], [ -74.836956633883005, 11.016458912165634 ], [ -74.83658490485189, 11.016599250029872 ], [ -74.836447754493477, 11.017014341749455 ], [ -74.83700834706066, 11.017287122053141 ], [ -74.836872053611756, 11.017840296024618 ], [ -74.83659261314483, 11.017841988119631 ], [ -74.83547827549809, 11.018401081588088 ], [ -74.835761141142626, 11.018951718543557 ], [ -74.836320024390147, 11.018948335843886 ], [ -74.835764566431052, 11.019504047041885 ], [ -74.836054286205439, 11.021159339880501 ], [ -74.836334586215571, 11.021295729774121 ], [ -74.837172060104166, 11.021152570416655 ], [ -74.837728375003493, 11.020734938536172 ], [ -74.838565600993149, 11.02055232371235 ], [ -74.839264452799554, 11.020587539702605 ], [ -74.839267884793031, 11.02113986677726 ], [ -74.838898725419085, 11.021694453440901 ], [ -74.83894873118841, 11.02224649814808 ], [ -74.839974046405587, 11.022350748004405 ], [ -74.840142743142692, 11.022515428605585 ], [ -74.840146177459943, 11.02306775533615 ], [ -74.839979798375055, 11.023275895364225 ], [ -74.839630921260863, 11.023347055737393 ], [ -74.839286764476682, 11.024177665307423 ], [ -74.838591009199121, 11.024642175310676 ], [ -74.838032687891129, 11.024737618887269 ], [ -74.837754956566471, 11.025015476519254 ], [ -74.837756671873464, 11.025291640213602 ], [ -74.836919187002863, 11.025434803101946 ], [ -74.835805680461434, 11.026131984137569 ], [ -74.834969048033528, 11.026413224155291 ], [ -74.834691311914099, 11.026691079802866 ], [ -74.833852964492564, 11.026696152941357 ], [ -74.833297916725613, 11.027320903420643 ], [ -74.833018038730856, 11.027253552423575 ], [ -74.833016327672979, 11.026977388027536 ], [ -74.833573514980912, 11.026697843367245 ], [ -74.833292354617868, 11.026423369538282 ], [ -74.832733456448139, 11.026426749197674 ], [ -74.831900809242782, 11.02735236505743 ], [ -74.830087230107111, 11.027823612498711 ], [ -74.829669762106306, 11.028102308124375 ], [ -74.829671470080498, 11.028378473111855 ], [ -74.828833115514399, 11.028383533089498 ], [ -74.828831407949266, 11.028107367974494 ], [ -74.828550249525264, 11.027832889095263 ], [ -74.827993054128967, 11.028112425504229 ], [ -74.827994760818726, 11.02838859065745 ], [ -74.8277153087909, 11.028390276123767 ], [ -74.827713602081687, 11.028114110836952 ], [ -74.827432444705849, 11.027839630938521 ], [ -74.827152993387315, 11.027841315710015 ], [ -74.827016679359332, 11.028394488336497 ], [ -74.826318049366336, 11.02839869917274 ], [ -74.826592385176525, 11.027568518825904 ], [ -74.826309524188559, 11.027017872195691 ], [ -74.826030073470278, 11.027019555808371 ], [ -74.825467082088807, 11.026360124612649 ], [ -74.824908862993965, 11.026473956150475 ], [ -74.824628731266088, 11.026365172052397 ], [ -74.824418121671826, 11.026200734105425 ], [ -74.824288963337594, 11.025649159386944 ], [ -74.824064646835922, 11.025527764283499 ], [ -74.823087329266315, 11.025656388201989 ], [ -74.82295270921658, 11.026485726370682 ], [ -74.823235563793062, 11.027036377231507 ], [ -74.823515014964158, 11.027034696191802 ], [ -74.823796168691644, 11.027309180937731 ], [ -74.824466851834615, 11.027305144726855 ], [ -74.824676147647466, 11.027580060787173 ], [ -74.824568066540522, 11.027856887371804 ], [ -74.824920788805855, 11.028407115328204 ], [ -74.824922492746396, 11.02868328122698 ], [ -74.82436358761575, 11.028686646232325 ], [ -74.823807236698158, 11.029104258776334 ], [ -74.822690275051173, 11.029249066899222 ], [ -74.822968025980444, 11.028971219840392 ], [ -74.822964621845102, 11.028418887995755 ], [ -74.822402313898948, 11.027869917180686 ], [ -74.822678362735275, 11.027315904810489 ], [ -74.822397209730568, 11.027041419084679 ], [ -74.822598291708161, 11.025659328800884 ], [ -74.822292152355942, 11.025108816603799 ], [ -74.822661349237038, 11.024554244628019 ], [ -74.822380199523323, 11.024279758509099 ], [ -74.822100750496176, 11.024281437998322 ], [ -74.822099050143095, 11.024005271858481 ], [ -74.822790866988868, 11.022896408358076 ], [ -74.822649442542698, 11.022621082323944 ], [ -74.822091681755126, 11.022808551862491 ], [ -74.821251073397136, 11.022445366639353 ], [ -74.8201327182162, 11.022360022714533 ], [ -74.819570993826218, 11.021903099234825 ], [ -74.819010968370279, 11.021722341141651 ], [ -74.818732511444765, 11.021885114474873 ], [ -74.818173192880195, 11.021819424241523 ], [ -74.817892049573146, 11.021544932743909 ], [ -74.818164711107897, 11.020438590243611 ], [ -74.818069866415669, 11.020162981815336 ], [ -74.817882721415373, 11.020026015142234 ], [ -74.817044384980164, 11.020031038832618 ], [ -74.816903814544403, 11.019893792233027 ], [ -74.817040147044622, 11.019340621197999 ], [ -74.816850460891644, 11.018789403092661 ], [ -74.816476173884197, 11.018515467548506 ], [ -74.81535797336555, 11.018453117219664 ], [ -74.814241747031318, 11.018712958118755 ], [ -74.813401439144172, 11.018395775719213 ], [ -74.812564795993652, 11.018676953934337 ], [ -74.812282815131198, 11.018264371866541 ], [ -74.81228112455814, 11.017988204108617 ], [ -74.811999990329539, 11.017713705909705 ], [ -74.810882213394436, 11.017720380501366 ], [ -74.811298000868319, 11.017165541892414 ], [ -74.810970294247142, 11.016891320242868 ], [ -74.810873768634735, 11.016339540531192 ], [ -74.81059601446951, 11.016617376091878 ], [ -74.810597703116215, 11.016893544133998 ], [ -74.810318258947149, 11.016895211757024 ], [ -74.81031319392271, 11.016066707486397 ], [ -74.810032063057079, 11.015792206577057 ], [ -74.810313194200461, 11.016066707208568 ], [ -74.810590948240261, 11.015788871937204 ], [ -74.810446162225645, 11.014961201423063 ], [ -74.809745026444673, 11.014551116744039 ], [ -74.808486695890878, 11.014420529561065 ], [ -74.808341916607958, 11.013592856936052 ], [ -74.807779664185503, 11.013043849982099 ], [ -74.807500223628281, 11.013045514157383 ], [ -74.807498538333206, 11.012769345571748 ], [ -74.807869440019488, 11.012490957767746 ], [ -74.807867754607003, 11.012214789227739 ], [ -74.807493483136383, 11.011940839780753 ], [ -74.807491798160541, 11.011664671173214 ], [ -74.807211797718224, 11.011574278933576 ], [ -74.807074324408745, 11.011943335715944 ], [ -74.806794884642045, 11.011944999354883 ], [ -74.806650112290285, 11.011117324855002 ], [ -74.806030296876585, 11.010292476834028 ], [ -74.806076084586337, 11.008635131122375 ], [ -74.805793282495998, 11.008084455763823 ], [ -74.805234410075272, 11.008087778998956 ], [ -74.804811892283396, 11.007537932776827 ], [ -74.80494824617881, 11.006984764074218 ], [ -74.804667129750541, 11.006710256161293 ], [ -74.804665448086126, 11.006434086751279 ], [ -74.804384332342181, 11.006159578305725 ], [ -74.803547149141011, 11.006348671172487 ], [ -74.803264074086201, 11.005751963926452 ], [ -74.802426610891757, 11.00589502552859 ], [ -74.80242493144263, 11.005618855899691 ], [ -74.80214297885, 11.005206260143101 ], [ -74.801587971534843, 11.005844766076706 ], [ -74.801139533688811, 11.005626482492668 ], [ -74.801297125385602, 11.003968469946422 ], [ -74.800453795455581, 11.003144931083277 ], [ -74.801009304678047, 11.002589278319839 ], [ -74.801004272349573, 11.001760769000876 ], [ -74.800162626705415, 11.001213398014304 ], [ -74.800200868923625, 11.000936991551022 ], [ -74.799948025283229, 11.0003861299222 ], [ -74.800152568376674, 10.999556378405355 ], [ -74.799591197340888, 10.999145434078603 ], [ -74.798751515759079, 10.998920255907706 ], [ -74.797913369628048, 10.998948231462059 ], [ -74.797444726426647, 10.998467688620192 ], [ -74.797443052916321, 10.99819151823457 ], [ -74.797907091998241, 10.997912592790701 ], [ -74.797903744334675, 10.997360252134849 ], [ -74.797063789869853, 10.997089040000814 ], [ -74.797901233983154, 10.996945996558463 ], [ -74.798455483403345, 10.996183221694668 ], [ -74.800129105633857, 10.995689998578788 ], [ -74.800127430198501, 10.995413828550904 ], [ -74.799565788660829, 10.994956854337943 ], [ -74.799006381187255, 10.994868105845287 ], [ -74.798449875361868, 10.995258051258999 ], [ -74.79817033868315, 10.995241293126961 ], [ -74.797968517992999, 10.994874246688537 ], [ -74.797972655741503, 10.994321861670651 ], [ -74.798162082282957, 10.993878852763455 ], [ -74.798723608300776, 10.994317418844684 ], [ -74.799282456506887, 10.994314111197362 ], [ -74.800486591155121, 10.993202261815025 ], [ -74.800386748655029, 10.992098133281839 ], [ -74.799402074912564, 10.990999242190091 ], [ -74.800098952119441, 10.990718937287253 ], [ -74.800376697893867, 10.990441112609187 ], [ -74.800656118116649, 10.990439458074208 ], [ -74.800652767674052, 10.989887118537666 ], [ -74.80009392822231, 10.989890427180914 ], [ -74.799807811189041, 10.988787400366254 ], [ -74.798970391383534, 10.988930445152404 ], [ -74.798410716746304, 10.988795665215941 ], [ -74.797856896347724, 10.989627480741339 ], [ -74.797858568488465, 10.989903651221576 ], [ -74.797574131571679, 10.989076791530602 ], [ -74.797851042459286, 10.988660883891358 ], [ -74.798131297721568, 10.98879731703005 ], [ -74.79826598892187, 10.987967979904123 ], [ -74.797936656457011, 10.987417566173747 ], [ -74.797835156852301, 10.986037264330083 ], [ -74.797552396888292, 10.985486574152318 ], [ -74.796990222716971, 10.984937534410143 ], [ -74.796985210010916, 10.984109022570488 ], [ -74.796426380298954, 10.984112322624311 ], [ -74.796149192199778, 10.984482199980288 ], [ -74.795591057211951, 10.984600569963213 ], [ -74.795422155804985, 10.984394431196451 ], [ -74.795445088944902, 10.983565753452494 ], [ -74.795303712472247, 10.983290406868417 ], [ -74.795581457336496, 10.983012587109407 ], [ -74.795341936120835, 10.981909277134864 ], [ -74.795378491515237, 10.98025197630996 ], [ -74.795284241921365, 10.980068411702231 ], [ -74.794727365477002, 10.980393907359524 ], [ -74.794447119830807, 10.980257469514907 ], [ -74.794445451663975, 10.979981298069141 ], [ -74.794163539245218, 10.979568688656348 ], [ -74.793886629492491, 10.979984592371887 ], [ -74.793888296859521, 10.980260763627976 ], [ -74.793608884749148, 10.980262410441595 ], [ -74.79360721764148, 10.979986239143091 ], [ -74.793186433736139, 10.979712537448483 ], [ -74.793319472451557, 10.978607028873185 ], [ -74.792758430831341, 10.97824209209335 ], [ -74.792200166024287, 10.978337440062136 ], [ -74.792012227273645, 10.978062365074651 ], [ -74.792195169519047, 10.977508925313536 ], [ -74.792472913213956, 10.977231108686592 ], [ -74.792045474091026, 10.975852718187125 ], [ -74.792184345573702, 10.975713809921636 ], [ -74.793022568345165, 10.975708874660626 ], [ -74.794138531192857, 10.975426119427082 ], [ -74.794417104419878, 10.975286387354805 ], [ -74.794415437614575, 10.975010215995376 ], [ -74.794696094749511, 10.97521569773185 ], [ -74.795534731992788, 10.975279798483742 ], [ -74.796372951994456, 10.97527485398752 ], [ -74.796650689137195, 10.974997034730716 ], [ -74.796649020023708, 10.974720863799368 ], [ -74.796089651949984, 10.974632103582186 ], [ -74.795902268999612, 10.974449088241675 ], [ -74.795945499800908, 10.973896471483263 ], [ -74.795804963165793, 10.973759209991327 ], [ -74.79552722579993, 10.974037028717683 ], [ -74.794967580869226, 10.973902237784515 ], [ -74.794964246150627, 10.973349894812722 ], [ -74.795523056080313, 10.973346600632716 ], [ -74.796078529219642, 10.972790963051601 ], [ -74.796357933510677, 10.972789315219471 ], [ -74.796361270780181, 10.973341657372607 ], [ -74.796924253081102, 10.974028787634879 ], [ -74.797387424139103, 10.97361178315834 ], [ -74.796778708654529, 10.973063013869872 ], [ -74.796773701995377, 10.972234501013594 ], [ -74.7969100658825, 10.971681334895836 ], [ -74.797187799905615, 10.971403515418174 ], [ -74.79718279288295, 10.970575002658634 ], [ -74.796620651916101, 10.970025957163521 ], [ -74.796618983605157, 10.96974978613772 ], [ -74.797176117477079, 10.969470318905808 ], [ -74.79717444873711, 10.969194147954481 ], [ -74.796893379513037, 10.968919625141341 ], [ -74.796608974815385, 10.968092759871922 ], [ -74.797166105706182, 10.967813293119175 ], [ -74.797164437511512, 10.967537121858561 ], [ -74.79744383670031, 10.967535473671681 ], [ -74.797721566898645, 10.967257654325861 ], [ -74.798280364535259, 10.967254356757671 ], [ -74.798561433009709, 10.967528878365261 ], [ -74.798839161715776, 10.967251058443765 ], [ -74.798837491778357, 10.966974887705542 ], [ -74.798277025744511, 10.966702015658219 ], [ -74.798180554545553, 10.966150223318369 ], [ -74.799106869940246, 10.965316213784085 ], [ -74.798546406971141, 10.965043341473869 ], [ -74.798820794998718, 10.96421318003399 ], [ -74.799100190949957, 10.964211530545171 ], [ -74.799377916476459, 10.963933710644511 ], [ -74.799652301539439, 10.963103548927256 ], [ -74.799371237065486, 10.962829027748692 ], [ -74.799648961772405, 10.962551207265637 ], [ -74.799928355898103, 10.962549557541699 ], [ -74.800019816964465, 10.962272837210028 ], [ -74.799925015517488, 10.961997216774373 ], [ -74.799645621768249, 10.961998866137861 ], [ -74.799925015514148, 10.961997216222036 ], [ -74.800063041908871, 10.961720220937282 ], [ -74.799921675312177, 10.961444875433733 ], [ -74.799642282222109, 10.961446524987464 ], [ -74.799640612303961, 10.961170353991379 ], [ -74.799359550001498, 10.960895832478021 ], [ -74.799638942709862, 10.960894182988408 ], [ -74.799914995296078, 10.960340192414193 ], [ -74.799633933783909, 10.960065671193265 ], [ -74.798797426950756, 10.960346788551234 ], [ -74.798516365874832, 10.960072265863595 ], [ -74.798794089072004, 10.959794446670902 ], [ -74.800189376952616, 10.95951003079025 ], [ -74.799620578606863, 10.957856305208965 ], [ -74.799061799022127, 10.957859602305026 ], [ -74.799060130202903, 10.957583431293793 ], [ -74.79961890940848, 10.957580134074862 ], [ -74.800269148338487, 10.957300115482701 ], [ -74.800160993334771, 10.954815128647835 ], [ -74.800441215160092, 10.954951564821897 ], [ -74.800719766868809, 10.9548118303049 ], [ -74.800718097128765, 10.954535659628604 ], [ -74.80015598608199, 10.953986616622352 ], [ -74.799876599743115, 10.953988265008253 ], [ -74.79987326226761, 10.953435923362777 ], [ -74.799311710845345, 10.952978934884198 ], [ -74.798938641238337, 10.952889074818092 ], [ -74.799030101758177, 10.952612354596354 ], [ -74.799588315389485, 10.952517002085548 ], [ -74.800152647946064, 10.953434274510476 ], [ -74.800428694692826, 10.952880284462061 ], [ -74.800142634482143, 10.95177724998311 ], [ -74.800137628282414, 10.95094873751103 ], [ -74.799856576731216, 10.950674214825995 ], [ -74.800134291132366, 10.950396395836229 ], [ -74.800200799977858, 10.949843642093393 ], [ -74.80077950801585, 10.949287866242438 ], [ -74.800681374336421, 10.948459903423432 ], [ -74.800257298309091, 10.947633863210134 ], [ -74.800393651808733, 10.947080697217723 ], [ -74.800671362544861, 10.946802878565231 ], [ -74.800390315300575, 10.946528355758115 ], [ -74.80038697887629, 10.945976014001941 ], [ -74.799966243564555, 10.94570231447755 ], [ -74.799823219614382, 10.945150796453945 ], [ -74.799124774820967, 10.945154913308034 ], [ -74.799400818733176, 10.944600924540277 ], [ -74.799540090777285, 10.944531058396517 ], [ -74.799820718527016, 10.944736539556754 ], [ -74.800238950597475, 10.944595983282667 ], [ -74.800095926885476, 10.944044465069496 ], [ -74.799814882774427, 10.943769941190492 ], [ -74.80008425531696, 10.942111268200472 ], [ -74.79980321374822, 10.941836744260655 ], [ -74.799525505673728, 10.94211456188083 ], [ -74.79896675557103, 10.942117854265533 ], [ -74.798131961213073, 10.942675133234605 ], [ -74.798133626706388, 10.942951304518981 ], [ -74.798414668204416, 10.943225830054685 ], [ -74.798694044400946, 10.943224184330457 ], [ -74.799249463561537, 10.942668549892751 ], [ -74.799256130218524, 10.943773234592994 ], [ -74.798975086914098, 10.943498710049612 ], [ -74.798416334048738, 10.943502001838418 ], [ -74.798138623454022, 10.943779818340706 ], [ -74.798140289125783, 10.944055989604145 ], [ -74.797584865402598, 10.944611622712266 ], [ -74.797865908291186, 10.944886148557178 ], [ -74.797867574163931, 10.945162320116708 ], [ -74.797588195746712, 10.945163965650334 ], [ -74.797496734980285, 10.945440685072457 ], [ -74.797593192291615, 10.945992479323625 ], [ -74.797408604716736, 10.946269747440505 ], [ -74.797322140043306, 10.947374981144511 ], [ -74.797603185751498, 10.947649507224224 ], [ -74.797322139765598, 10.947374981422328 ], [ -74.795923573697749, 10.947107032752717 ], [ -74.795921354913759, 10.946738803747738 ], [ -74.79675921692278, 10.946687842380115 ], [ -74.797037763802905, 10.946548112105269 ], [ -74.797036098763769, 10.946271940718958 ], [ -74.796615365319184, 10.945998236156578 ], [ -74.796189640340117, 10.944896016559076 ], [ -74.795910261910791, 10.944897659965747 ], [ -74.796187976062853, 10.9446198447394 ], [ -74.795906934760879, 10.944345317059815 ], [ -74.795627557085012, 10.94434696040075 ], [ -74.79506381283251, 10.943521730850101 ], [ -74.795900280430232, 10.943240630083743 ], [ -74.796177993021161, 10.942962815358573 ], [ -74.796176329614525, 10.942686643498968 ], [ -74.796735081642268, 10.942683356050061 ], [ -74.797016122048944, 10.942957883397023 ], [ -74.797295498209877, 10.942956238991837 ], [ -74.797571544140197, 10.942402251865158 ], [ -74.797428527014105, 10.941850731376562 ], [ -74.797563220289334, 10.941021394912731 ], [ -74.79783926488949, 10.940467407285173 ], [ -74.79867572025293, 10.940186301045477 ], [ -74.798953427601262, 10.939908484463487 ], [ -74.798951761683838, 10.939632313249927 ], [ -74.798670723697256, 10.939357787688989 ], [ -74.798112810967154, 10.939499163227818 ], [ -74.797832605826287, 10.939362722310168 ], [ -74.79796896250059, 10.938809557004905 ], [ -74.799222805199889, 10.93824981153654 ], [ -74.799503842682043, 10.938524336783468 ], [ -74.800059252480011, 10.937968702615743 ], [ -74.799778215384777, 10.937694177683374 ], [ -74.800144043960685, 10.936587298440999 ], [ -74.800468308486373, 10.936309206667522 ], [ -74.800466641868283, 10.936033035619122 ], [ -74.800605493228332, 10.93589412673046 ], [ -74.800885695707834, 10.936030565586167 ], [ -74.801443600074904, 10.93588918604947 ], [ -74.802136183914556, 10.93491846937429 ], [ -74.801993164461095, 10.934366951676676 ], [ -74.801712546460891, 10.934161470793793 ], [ -74.800594327324518, 10.934043780834385 ], [ -74.800313627115571, 10.933824490181038 ], [ -74.800034259970346, 10.933826136128205 ], [ -74.799479689020004, 10.934519854931176 ], [ -74.799339172269313, 10.934382591775236 ], [ -74.800030928353934, 10.933273793251994 ], [ -74.800301965163669, 10.93189129211742 ], [ -74.799462204153045, 10.931620056603986 ], [ -74.799176180417248, 10.930517015960961 ], [ -74.799453879682645, 10.930239200121237 ], [ -74.800011497505267, 10.930051796221958 ], [ -74.800293637156798, 10.930510436295778 ], [ -74.800298634218066, 10.931338949802152 ], [ -74.800160617273477, 10.931615943727767 ], [ -74.800301965441363, 10.931891291839605 ], [ -74.801140061190026, 10.931886353775845 ], [ -74.801422760098518, 10.932437049194991 ], [ -74.801702125731296, 10.932435402461529 ], [ -74.801979823766956, 10.93215758458641 ], [ -74.802252518675033, 10.931051253816563 ], [ -74.801971487514891, 10.930776730346134 ], [ -74.801692123195423, 10.930778376942625 ], [ -74.801550774541724, 10.930503029298974 ], [ -74.80182180393696, 10.929120527819046 ], [ -74.801307973162707, 10.928847375135133 ], [ -74.801306306933128, 10.928571204080336 ], [ -74.802515207838496, 10.928287897873862 ], [ -74.802230845345051, 10.927461032085908 ], [ -74.802508539212454, 10.927183214319003 ], [ -74.802548431224309, 10.92607825621293 ], [ -74.802360524684545, 10.92580318309731 ], [ -74.802774562172445, 10.924972200219676 ], [ -74.802626549266932, 10.923592168958525 ], [ -74.802763727880034, 10.923177089131393 ], [ -74.803321607476491, 10.923035710154268 ], [ -74.80304058424224, 10.922761186486513 ], [ -74.801923158465954, 10.922767771577721 ], [ -74.801645467544745, 10.923045588183182 ], [ -74.800529704492803, 10.923328339759273 ], [ -74.800248682806838, 10.923053812752523 ], [ -74.799969325631437, 10.923055456764375 ], [ -74.800248682804352, 10.923053812338271 ], [ -74.800431591844841, 10.922500373783471 ], [ -74.80024258042333, 10.922041184413127 ], [ -74.799822991459962, 10.921951593174455 ], [ -74.799774768512663, 10.92167569571167 ], [ -74.800308536277953, 10.921396373598748 ], [ -74.800513060016755, 10.920566626381094 ], [ -74.803025583648548, 10.920275647924017 ], [ -74.803303270924218, 10.919997830493422 ], [ -74.803298271125115, 10.919169317748082 ], [ -74.803577624198397, 10.919167670860659 ], [ -74.80371563356772, 10.918890676875566 ], [ -74.803570957211519, 10.918062987851023 ], [ -74.802731235503117, 10.917791755375191 ], [ -74.802451883722867, 10.917793401008362 ], [ -74.802174197522362, 10.918071217225668 ], [ -74.802455214973307, 10.918345742598886 ], [ -74.802734567269169, 10.918344096880485 ], [ -74.802738732234843, 10.919034524837404 ], [ -74.802459379294433, 10.919036170662331 ], [ -74.801903171230975, 10.919453718180611 ], [ -74.80162215257522, 10.919179192061298 ], [ -74.801760164043699, 10.918902198392471 ], [ -74.801617157821084, 10.91835067877814 ], [ -74.800499747654484, 10.918357255909934 ], [ -74.800498083807426, 10.918081084128758 ], [ -74.801053459599885, 10.917525453786959 ], [ -74.801050131192156, 10.91697311118682 ], [ -74.800769116038282, 10.916698583813595 ], [ -74.800765788553733, 10.916146241096156 ], [ -74.80146250033421, 10.91586595973514 ], [ -74.801600510932133, 10.915588966301542 ], [ -74.80131949672446, 10.915314439284613 ], [ -74.801876531593322, 10.915034979078476 ], [ -74.802152551219649, 10.914480992027261 ], [ -74.802431899951486, 10.914479347160057 ], [ -74.802569909010302, 10.914202353787317 ], [ -74.802428569952554, 10.913927005423279 ], [ -74.802149221455124, 10.913928649930748 ], [ -74.802144227560021, 10.913100136330094 ], [ -74.802423575281026, 10.913098491398097 ], [ -74.8025615839191, 10.912821498105782 ], [ -74.802420245729053, 10.912546149609103 ], [ -74.801861551828409, 10.912549438492468 ], [ -74.801299530433909, 10.91200038365456 ], [ -74.800744163769068, 10.912556012926489 ], [ -74.801025174387235, 10.912830541016632 ], [ -74.801026837621166, 10.913106712675459 ], [ -74.800747489954617, 10.913108356056696 ], [ -74.800745826419671, 10.912832184358587 ], [ -74.800394979487962, 10.912558066690252 ], [ -74.800742500045743, 10.912279841495746 ], [ -74.800461490526274, 10.912005313287411 ], [ -74.800413269965446, 10.911729415318428 ], [ -74.800453176812823, 10.910624455524268 ], [ -74.80072919633615, 10.910070469835567 ], [ -74.800724208368024, 10.909241955375769 ], [ -74.801001889355078, 10.90896414113752 ], [ -74.800995238256036, 10.907859455268916 ], [ -74.800714233218301, 10.907584926317714 ], [ -74.800991912974453, 10.907307112303302 ], [ -74.801128258865276, 10.906753948019519 ], [ -74.800980276176574, 10.905373912033781 ], [ -74.800353421816794, 10.905653777943403 ], [ -74.80042990490216, 10.906758053863301 ], [ -74.799874543959632, 10.907313680816001 ], [ -74.799872882136057, 10.907037509064704 ], [ -74.79959187885656, 10.906762978782144 ], [ -74.799588556367709, 10.906210635350028 ], [ -74.799307554348871, 10.905936104902571 ], [ -74.799028212970782, 10.905937745375107 ], [ -74.79930755434556, 10.905936104350232 ], [ -74.7995819122048, 10.905105948421546 ], [ -74.79790420977335, 10.904839617852625 ], [ -74.79818189069924, 10.904561806052442 ], [ -74.798456251208123, 10.90373165076541 ], [ -74.799013823176011, 10.90354425614127 ], [ -74.799290284150274, 10.903063917942067 ], [ -74.800126195490066, 10.902709178013364 ], [ -74.800402210959874, 10.902155193413611 ], [ -74.801240084810203, 10.902127254040503 ], [ -74.80180000635545, 10.902331097844762 ], [ -74.8015206688696, 10.90233274074301 ], [ -74.801523993569987, 10.902885083173812 ], [ -74.802640513608097, 10.902740425850521 ], [ -74.80291610818, 10.902117397039268 ], [ -74.80319502901952, 10.9020467105058 ], [ -74.803333033732969, 10.901769717325426 ], [ -74.802910701845391, 10.901219840602883 ], [ -74.802071861554111, 10.901086683977569 ], [ -74.801790862927461, 10.900812155043935 ], [ -74.801138247834018, 10.900677900634596 ], [ -74.800950362234929, 10.900402823470815 ], [ -74.801226374555952, 10.899848838631724 ], [ -74.801783382850743, 10.899569383180571 ], [ -74.801781720847472, 10.899293211532971 ], [ -74.802060501353182, 10.899199512244659 ], [ -74.802200722890092, 10.899290748170216 ], [ -74.802062718093111, 10.899567740866006 ], [ -74.802343715292295, 10.899842269443399 ], [ -74.802622496022877, 10.899748569731317 ], [ -74.803178393185348, 10.899284997781212 ], [ -74.802897395949671, 10.899010469584532 ], [ -74.803738726093798, 10.899557881377664 ], [ -74.804016396496792, 10.899280066117408 ], [ -74.804295730752003, 10.899278421813566 ], [ -74.804711402452028, 10.898723613019612 ], [ -74.804708073170033, 10.898171270860297 ], [ -74.804286577290341, 10.897759480944984 ], [ -74.803447746956252, 10.897626326747224 ], [ -74.802891575522622, 10.898043870116439 ], [ -74.802610856679863, 10.897815369977966 ], [ -74.802332631771904, 10.898001126830664 ], [ -74.801213082848662, 10.897639465774038 ], [ -74.801492416098071, 10.897637823991543 ], [ -74.801583865531143, 10.897361105468764 ], [ -74.802606422941125, 10.897078912863494 ], [ -74.802744426702461, 10.896801920141828 ], [ -74.802603098055101, 10.89652657000207 ], [ -74.80259977334785, 10.895974227119797 ], [ -74.802601436237794, 10.896250398560253 ], [ -74.802882430238384, 10.896524927117843 ], [ -74.803160098931187, 10.896247113181746 ], [ -74.803158436085397, 10.895970941823236 ], [ -74.803713772057776, 10.895415312947806 ], [ -74.803432778627254, 10.895140785089266 ], [ -74.802596449100335, 10.89542188449119 ], [ -74.802313794202462, 10.894871183388434 ], [ -74.802312132212165, 10.894595011876836 ], [ -74.80286913014632, 10.894315556082312 ], [ -74.802864143639624, 10.893487041752689 ], [ -74.803141810363741, 10.893209227673527 ], [ -74.803698804910638, 10.892929771020315 ], [ -74.804538453565698, 10.893201012254046 ], [ -74.804816118035859, 10.892923197359087 ], [ -74.804811126751716, 10.892094683708869 ], [ -74.805092118484708, 10.892369211020997 ], [ -74.805375884141981, 10.89310402298393 ], [ -74.805933430444853, 10.892916619494097 ], [ -74.805511109516729, 10.892366744547093 ], [ -74.805649108637326, 10.892089751214442 ], [ -74.805368117342525, 10.891815224858913 ], [ -74.805088790211641, 10.891816869027629 ], [ -74.805083798273159, 10.890988355307231 ], [ -74.804802808469404, 10.890713827891338 ], [ -74.80536146085683, 10.890710539872341 ], [ -74.805916783648627, 10.890154909314269 ], [ -74.805073816166342, 10.889331328274757 ], [ -74.805349813644298, 10.888777342188471 ], [ -74.805344822783709, 10.887948828421901 ], [ -74.805765472129977, 10.888222533968518 ], [ -74.80581701831116, 10.889050773206307 ], [ -74.806749764674976, 10.889321461616692 ], [ -74.807118866615667, 10.888766926193572 ], [ -74.807019097838534, 10.887662791019439 ], [ -74.807014102610751, 10.886834278236625 ], [ -74.80701576813847, 10.887110449166517 ], [ -74.807296755575564, 10.887384974556172 ], [ -74.807576078235044, 10.887383329038414 ], [ -74.807577744088746, 10.88765950015026 ], [ -74.808139721814499, 10.888208549480911 ], [ -74.808417378399596, 10.887930732652142 ], [ -74.808415712010941, 10.88765456194824 ], [ -74.807995062002277, 10.887380860562573 ], [ -74.808131391242497, 10.886827695998637 ], [ -74.809526333472704, 10.886543291935252 ], [ -74.809245345243326, 10.886268768775327 ], [ -74.808407936402546, 10.886365765259493 ], [ -74.807847072376447, 10.886000829767911 ], [ -74.80728898469637, 10.886096177323241 ], [ -74.806728122115175, 10.885731239204526 ], [ -74.807000784470787, 10.884624910583589 ], [ -74.807278994997432, 10.884439151787653 ], [ -74.807835969482042, 10.884159690554267 ], [ -74.808678371034759, 10.884891208195905 ], [ -74.808957691157261, 10.884889561793095 ], [ -74.809650990108267, 10.884056933230157 ], [ -74.809228678354387, 10.883507062471823 ], [ -74.808670040582413, 10.883510354828424 ], [ -74.808527049591774, 10.882958836290728 ], [ -74.808665043069794, 10.882681842302226 ], [ -74.808944361136739, 10.882680196241452 ], [ -74.809222012573542, 10.882402379529999 ], [ -74.809217013919508, 10.881573867474822 ], [ -74.808936031334511, 10.8812993431547 ], [ -74.808377397724783, 10.881302634594872 ], [ -74.808374067140591, 10.880750292379421 ], [ -74.8086533834541, 10.880748646871741 ], [ -74.808929368294642, 10.880194659735396 ], [ -74.809488832767485, 10.880329452959458 ], [ -74.810325112926009, 10.880048342273946 ], [ -74.810891247694741, 10.881287814841613 ], [ -74.811172231904564, 10.881562337222716 ], [ -74.812011850418685, 10.881833562062733 ], [ -74.812846461439761, 10.881276274369794 ], [ -74.812563250774133, 10.880633526658297 ], [ -74.812284491731461, 10.880727232449591 ], [ -74.81228616031801, 10.881003402962497 ], [ -74.812284491172818, 10.880727232452889 ], [ -74.811722523380737, 10.880178189292829 ], [ -74.811163892722632, 10.880181485466959 ], [ -74.810603594416577, 10.879908609981843 ], [ -74.810879575123693, 10.879354621487069 ], [ -74.811997667543551, 10.879486114805246 ], [ -74.812274479208611, 10.879070210655124 ], [ -74.812831438111928, 10.878790742885304 ], [ -74.81255045578834, 10.878516221940817 ], [ -74.811991828200505, 10.878519518849172 ], [ -74.811988491839173, 10.877967178194345 ], [ -74.812823093746559, 10.87740989159999 ], [ -74.812819756207219, 10.876857551712872 ], [ -74.812261131790606, 10.876860848614632 ], [ -74.811418193124851, 10.87603728113544 ], [ -74.811416525839419, 10.875761110678116 ], [ -74.811970145063, 10.874929304220432 ], [ -74.811689167598587, 10.874654781713692 ], [ -74.810851236950242, 10.874659722887351 ], [ -74.810570260213368, 10.874385198734897 ], [ -74.811128880404169, 10.874381905096676 ], [ -74.811406523069607, 10.874104087824817 ], [ -74.811684165499301, 10.873826270101924 ], [ -74.811680831178279, 10.873273929184393 ], [ -74.811958472671066, 10.872996111363523 ], [ -74.811677497317817, 10.872721588520566 ], [ -74.810560263551224, 10.87272817509217 ], [ -74.810488770503639, 10.872452415829796 ], [ -74.810836239636402, 10.872174187302962 ], [ -74.811953471168636, 10.872167599783221 ], [ -74.812234446411509, 10.872442122700329 ], [ -74.812790560372406, 10.872024571564824 ], [ -74.812929379964615, 10.871885662478055 ], [ -74.812786390664925, 10.871334146172659 ], [ -74.81250708375353, 10.871335794030767 ], [ -74.812229444134275, 10.871613612047438 ], [ -74.812227776516252, 10.871337441360764 ], [ -74.812505416201446, 10.871059623103907 ], [ -74.812786390661586, 10.871334145620315 ], [ -74.813341667479747, 10.870778508924023 ], [ -74.813338331067214, 10.870226168406052 ], [ -74.813057357670786, 10.869951646564777 ], [ -74.812500413828062, 10.870231112501445 ], [ -74.81166305144535, 10.870328110604238 ], [ -74.811383189698176, 10.870237700437434 ], [ -74.811379857104285, 10.869685359298655 ], [ -74.812495411574659, 10.869402601025275 ], [ -74.812633396914904, 10.869125606887511 ], [ -74.81249041014614, 10.86857408977597 ], [ -74.812768880947161, 10.868434357085219 ], [ -74.814167348135854, 10.868748314837712 ], [ -74.814445539621275, 10.868562552444368 ], [ -74.814442201735702, 10.868010212186926 ], [ -74.813881926553563, 10.867737339715285 ], [ -74.81388025823459, 10.867461169211621 ], [ -74.814157892939249, 10.867183350357132 ], [ -74.814716498480024, 10.867180052492817 ], [ -74.81485114266809, 10.866350717899563 ], [ -74.8155460582838, 10.8657942543225 ], [ -74.815544388812071, 10.865518084315521 ], [ -74.815822354231059, 10.865295498593392 ], [ -74.816240971233597, 10.865237789569663 ], [ -74.816511920947335, 10.863855289844862 ], [ -74.816927529097526, 10.863300474523502 ], [ -74.81692585874859, 10.863024304684334 ], [ -74.817760412140785, 10.862467012468038 ], [ -74.818876209922607, 10.862230264586382 ], [ -74.81978030213385, 10.861626526673479 ], [ -74.819707968992432, 10.861212685861368 ], [ -74.818312322082591, 10.861359031435349 ], [ -74.818035810501655, 10.861820965369924 ], [ -74.817617421675365, 10.861915498660892 ], [ -74.816365591969642, 10.86275143533916 ], [ -74.815807412489249, 10.862823777146078 ], [ -74.815675692216956, 10.864136409467147 ], [ -74.815258967806201, 10.864507110246786 ], [ -74.813865246100249, 10.864975636981146 ], [ -74.813517787576288, 10.865253867072699 ], [ -74.813309979237246, 10.86553127316029 ], [ -74.813314981492496, 10.866359784287742 ], [ -74.812477074747889, 10.866364726354957 ], [ -74.811640833893094, 10.866645836546693 ], [ -74.811366528710522, 10.86747599453426 ], [ -74.811646665021129, 10.867612433439483 ], [ -74.811788816494015, 10.86802586616685 ], [ -74.811371526661162, 10.868304506359115 ], [ -74.811373192456017, 10.868580677096723 ], [ -74.811369860074123, 10.868028335759323 ], [ -74.811089723428424, 10.867891896647324 ], [ -74.810531392972436, 10.867941216314863 ], [ -74.810344080216652, 10.867758199366747 ], [ -74.810385635745675, 10.866929412853409 ], [ -74.810523622426189, 10.866652419214835 ], [ -74.811359865124658, 10.866371311891836 ], [ -74.811634169541435, 10.86554115415283 ], [ -74.810792934489939, 10.864993750014195 ], [ -74.810235164043419, 10.865135125236442 ], [ -74.810094680952545, 10.864997862010354 ], [ -74.809950037893287, 10.864170171895827 ], [ -74.809390604682235, 10.86403537443474 ], [ -74.808969158835467, 10.863623583152158 ], [ -74.808822856973748, 10.862519720465963 ], [ -74.808541895402442, 10.862245192540252 ], [ -74.808262596212046, 10.862246834908255 ], [ -74.80825927188485, 10.861694492388434 ], [ -74.808536908103676, 10.861416678674431 ], [ -74.808816206407812, 10.861415035767461 ], [ -74.809097167567998, 10.861689563815442 ], [ -74.809373139494099, 10.861135578714796 ], [ -74.809368150428327, 10.860307065585628 ], [ -74.809506136085687, 10.860030072905468 ], [ -74.809363161766086, 10.859478552409666 ], [ -74.809082203084785, 10.859204024548635 ], [ -74.80852859711969, 10.860035822954268 ], [ -74.808809556562366, 10.860310351538098 ], [ -74.808530259005252, 10.860311994413802 ], [ -74.807687382850133, 10.859488406742154 ], [ -74.807409747486446, 10.859766219283818 ], [ -74.807130450218168, 10.859767860807466 ], [ -74.806714825735341, 10.860322664848317 ], [ -74.806856135058013, 10.860598016114208 ], [ -74.806298092708914, 10.860693354490945 ], [ -74.805738113564274, 10.860466492124234 ], [ -74.805321655776581, 10.860883209134943 ], [ -74.805186984264964, 10.861712544037996 ], [ -74.804628385794032, 10.861715822729346 ], [ -74.80462506824307, 10.861163479217119 ], [ -74.804904367056011, 10.861161839760825 ], [ -74.805180347150696, 10.860607857242782 ], [ -74.805178688019012, 10.860331685553795 ], [ -74.80452533459102, 10.860059338409393 ], [ -74.804545292511932, 10.859506858246112 ], [ -74.804799656288296, 10.859229184200752 ], [ -74.804749789666843, 10.858677113788733 ], [ -74.805443053495097, 10.857844500806095 ], [ -74.805999984648253, 10.857565050225151 ], [ -74.806832889613162, 10.856731615305561 ], [ -74.806827909478727, 10.855903100773842 ], [ -74.806686603097361, 10.855627749332781 ], [ -74.806822930026513, 10.855074586193719 ], [ -74.806541977925505, 10.854800054764736 ], [ -74.805984222354468, 10.854941419779429 ], [ -74.8057074180782, 10.85535731642759 ], [ -74.805991688611869, 10.856184192079196 ], [ -74.805436418003367, 10.856739814395969 ], [ -74.805248563092889, 10.856464735069265 ], [ -74.805281844603414, 10.854255087802617 ], [ -74.80500089435823, 10.853980554465851 ], [ -74.804575326303407, 10.852878324039688 ], [ -74.803734140204128, 10.85233089239358 ], [ -74.803170590716348, 10.851505649023769 ], [ -74.803024323204212, 10.8504017783862 ], [ -74.802602079572338, 10.849851887837545 ], [ -74.802326100970532, 10.850405867586693 ], [ -74.802194731042235, 10.851787546803664 ], [ -74.802336031260907, 10.852062901047606 ], [ -74.802615321977669, 10.852061265576321 ], [ -74.801779104694276, 10.852342344506111 ], [ -74.801496504854967, 10.851791634916923 ], [ -74.801217214215896, 10.851793269333109 ], [ -74.801213906031805, 10.851240924424058 ], [ -74.801493196155292, 10.851239289540681 ], [ -74.801767522480034, 10.850409137811118 ], [ -74.801624569393226, 10.849857610375382 ], [ -74.802460780219008, 10.849576533000098 ], [ -74.802319481296578, 10.849301178326941 ], [ -74.802314517265998, 10.848472661326115 ], [ -74.802869781620316, 10.847917046072221 ], [ -74.803986927930026, 10.847910501915154 ], [ -74.804548814075815, 10.848459572421516 ], [ -74.804828100965466, 10.848457935342417 ], [ -74.804924510706002, 10.849009733561727 ], [ -74.805394962377676, 10.849835519307637 ], [ -74.805674250413631, 10.849833881256046 ], [ -74.80586210052796, 10.850108960899732 ], [ -74.805682540862108, 10.851214740346075 ], [ -74.805962659059361, 10.851351187420352 ], [ -74.806241118800756, 10.85121146278394 ], [ -74.806239460165358, 10.850935291088978 ], [ -74.806793061074714, 10.850103497458841 ], [ -74.807072349142317, 10.850101857961082 ], [ -74.807349977684396, 10.849824046665308 ], [ -74.808188670835946, 10.849957211869585 ], [ -74.808372372072952, 10.849541861119697 ], [ -74.809113816130193, 10.848985142392433 ], [ -74.809110494328152, 10.848432799797164 ], [ -74.808736452222846, 10.848158816646132 ], [ -74.808177880165871, 10.848162097965242 ], [ -74.807893615162598, 10.847335223120753 ], [ -74.808448035715799, 10.846641514265682 ], [ -74.809285058735838, 10.846498506545935 ], [ -74.809280076798203, 10.845669992590528 ], [ -74.810397211078836, 10.845663426429878 ], [ -74.81067483263142, 10.84538561321177 ], [ -74.810817798295417, 10.845937134544029 ], [ -74.811237277646129, 10.846026727668777 ], [ -74.811328155535207, 10.845657952045126 ], [ -74.811790301807335, 10.84510287176848 ], [ -74.811497720205296, 10.842895146677204 ], [ -74.810935835389358, 10.842346089039653 ], [ -74.810934173835619, 10.842069917905167 ], [ -74.812049631198889, 10.841787176931028 ], [ -74.812604864273226, 10.84123154885433 ], [ -74.813162590382888, 10.841090176450994 ], [ -74.813367890533328, 10.840398516700999 ], [ -74.813715324143388, 10.84012029090951 ], [ -74.814832434662165, 10.840113712267575 ], [ -74.814641256198172, 10.839286297157429 ], [ -74.814825775964891, 10.839009029930887 ], [ -74.814682808790678, 10.838457511154706 ], [ -74.814819950211515, 10.83804243267995 ], [ -74.814962085109769, 10.838455866244043 ], [ -74.814825776244177, 10.83900902992924 ], [ -74.815945796894169, 10.839485746160188 ], [ -74.816223824127746, 10.839276972173662 ], [ -74.816494770254209, 10.8378944740221 ], [ -74.816772379282725, 10.837616657238446 ], [ -74.816488106670789, 10.83678979255024 ], [ -74.815928892140178, 10.83668261619424 ], [ -74.815233037101265, 10.837073368315384 ], [ -74.815095064193798, 10.837350361682837 ], [ -74.813697857115272, 10.837220497937091 ], [ -74.813422739785025, 10.837912568559549 ], [ -74.81286252556437, 10.837639684438917 ], [ -74.812584912603498, 10.837917498006226 ], [ -74.812865850953656, 10.838192025992578 ], [ -74.812869176339717, 10.838744368078915 ], [ -74.812865850581289, 10.838192025994768 ], [ -74.812584912325875, 10.837917498284037 ], [ -74.812305636416028, 10.837919140958588 ], [ -74.811752069818596, 10.838750938507705 ], [ -74.811193515872475, 10.838754222621974 ], [ -74.81091590026395, 10.839032035079954 ], [ -74.810636622503239, 10.839033676412241 ], [ -74.810355684752494, 10.838759146206069 ], [ -74.810629980011697, 10.837928991145002 ], [ -74.810907595354692, 10.837651178769647 ], [ -74.811747084458418, 10.837922424996988 ], [ -74.812024698321267, 10.837644612059538 ], [ -74.811742099786457, 10.837093912266427 ], [ -74.811462824228443, 10.837095553779639 ], [ -74.811461163015537, 10.83681938263215 ], [ -74.811180227318076, 10.836544853203353 ], [ -74.810621677421508, 10.836548135068449 ], [ -74.810899291709916, 10.836270322881123 ], [ -74.810895970759191, 10.835717980101595 ], [ -74.811452857902594, 10.835438526677111 ], [ -74.812008082199085, 10.834882901311218 ], [ -74.81200642083374, 10.834606730207847 ], [ -74.811725487119389, 10.834332200986116 ], [ -74.811166941635179, 10.834335483452609 ], [ -74.810610886050483, 10.83475302175216 ], [ -74.810339082600507, 10.835997433094578 ], [ -74.810061468061491, 10.83627524482357 ], [ -74.810063127627132, 10.836551416289112 ], [ -74.809783852312805, 10.83655305638427 ], [ -74.809502917900645, 10.836278524859706 ], [ -74.809499599369417, 10.835726181929354 ], [ -74.809778873959075, 10.835724541847028 ], [ -74.809916851378347, 10.835447550718182 ], [ -74.809215348600034, 10.834899307192947 ], [ -74.808656801286375, 10.834902585281787 ], [ -74.808655142708673, 10.834626413390465 ], [ -74.808374211525077, 10.834351880622888 ], [ -74.807817322728084, 10.834631328496856 ], [ -74.807820637554471, 10.835183672259461 ], [ -74.80781897969915, 10.834907500245126 ], [ -74.807538048706604, 10.834632966363781 ], [ -74.807815664684725, 10.834355156749959 ], [ -74.80762782546816, 10.834080076873713 ], [ -74.807671056424113, 10.833527460345445 ], [ -74.807248833890426, 10.832977572884042 ], [ -74.807895497121436, 10.832145236677357 ], [ -74.807800749617442, 10.831869611039474 ], [ -74.807145804269794, 10.831321087248593 ], [ -74.807286466603358, 10.829939354706974 ], [ -74.806670418302673, 10.829666783206198 ], [ -74.806253169972848, 10.829945409173465 ], [ -74.806492516954989, 10.831048733955994 ], [ -74.806402738460037, 10.831601623405879 ], [ -74.805566579998853, 10.831882703463394 ], [ -74.805428599349426, 10.832159693085799 ], [ -74.804871710383878, 10.8324391357379 ], [ -74.805160911491797, 10.834094533690122 ], [ -74.804604018914659, 10.834373976440444 ], [ -74.803919066529701, 10.836587442030805 ], [ -74.803639790510871, 10.836589076609666 ], [ -74.803638136408793, 10.836312904164425 ], [ -74.803078482613429, 10.836132057607486 ], [ -74.802521033330066, 10.836319439963471 ], [ -74.802522686268929, 10.836595612487928 ], [ -74.801687335472479, 10.837014770921238 ], [ -74.801127955760251, 10.836879949501194 ], [ -74.8011230009663, 10.836051431287967 ], [ -74.801400624862197, 10.835773626318984 ], [ -74.801118046479147, 10.835222912752439 ], [ -74.801395669928709, 10.834945108032604 ], [ -74.801676596717385, 10.835219648225344 ], [ -74.801955321031585, 10.835125958314253 ], [ -74.802233494179376, 10.834940210371331 ], [ -74.802509463589388, 10.834386232149486 ], [ -74.802788737878601, 10.834384598599474 ], [ -74.802926721834282, 10.834107609643148 ], [ -74.802642490100524, 10.833280725334848 ], [ -74.80277882152437, 10.832727563381608 ], [ -74.803058094096812, 10.832725930111538 ], [ -74.803334060230213, 10.832171951922945 ], [ -74.803053135758901, 10.831897413112774 ], [ -74.802773863950122, 10.831899045702672 ], [ -74.80305313575559, 10.831897412560426 ], [ -74.803330754292091, 10.831619606958547 ], [ -74.803329101668766, 10.831343434374881 ], [ -74.803608373013873, 10.831341800903822 ], [ -74.803610026311205, 10.83161797335036 ], [ -74.804170222531923, 10.831890877603048 ], [ -74.804449494114152, 10.83188924319756 ], [ -74.80463402100527, 10.8316119813058 ], [ -74.804861784122153, 10.830782102222255 ], [ -74.80472049497655, 10.830506747543756 ], [ -74.80444232723751, 10.83069249660306 ], [ -74.804162781174071, 10.830648102232312 ], [ -74.803879377358868, 10.829959304989941 ], [ -74.804436677022039, 10.829748907764488 ], [ -74.804998110930967, 10.830228940039019 ], [ -74.805277380845425, 10.830227305131556 ], [ -74.805415361052212, 10.829950315664011 ], [ -74.805410397533379, 10.829121799044675 ], [ -74.80526910895631, 10.828846444545011 ], [ -74.804989840319791, 10.828848079239165 ], [ -74.804712225416495, 10.829125886004215 ], [ -74.804431302631798, 10.828851347595219 ], [ -74.804702303138697, 10.827468851711146 ], [ -74.805261389530344, 10.827557640422281 ], [ -74.806098226287261, 10.827391635007713 ], [ -74.806658829645031, 10.827733578582446 ], [ -74.807074419101212, 10.827178780728117 ], [ -74.807210740866495, 10.826625618637966 ], [ -74.806929819448484, 10.826351083004328 ], [ -74.806651380955685, 10.826490804727889 ], [ -74.80581275490637, 10.82635762479045 ], [ -74.805535142801205, 10.826635431847821 ], [ -74.805533488517796, 10.82635925933034 ], [ -74.805811100551395, 10.826081452240594 ], [ -74.806090366498083, 10.826079817146473 ], [ -74.806371287263545, 10.826354353850073 ], [ -74.806550844810445, 10.825248575378085 ], [ -74.807340439982823, 10.824967768616617 ], [ -74.80747510561406, 10.824138434310992 ], [ -74.808033633351016, 10.82413516171443 ], [ -74.809147374210056, 10.823576269743389 ], [ -74.8094266373202, 10.823574631934965 ], [ -74.809842216590681, 10.823019831953976 ], [ -74.809699270731826, 10.822468307899991 ], [ -74.809420008684015, 10.822469945099376 ], [ -74.80969927072934, 10.822468307485732 ], [ -74.809979361524768, 10.8226047552978 ], [ -74.81053705631561, 10.822463392855749 ], [ -74.810625169561547, 10.821634332003331 ], [ -74.810251716255507, 10.821452402161453 ], [ -74.809972455237059, 10.821454040261171 ], [ -74.809416694638145, 10.821917602202825 ], [ -74.807742779965565, 10.822203594882946 ], [ -74.807465173121457, 10.82248140270794 ], [ -74.807185910438776, 10.822483038303847 ], [ -74.807184255435033, 10.822206866240117 ], [ -74.806903338679149, 10.821932329564909 ], [ -74.806901684158277, 10.821656157171118 ], [ -74.807179290969927, 10.821378349740021 ], [ -74.807458552350923, 10.821376714178507 ], [ -74.807545019077352, 10.820271481070298 ], [ -74.808008797194631, 10.819992582742771 ], [ -74.807169362696314, 10.819721317707893 ], [ -74.807167708137953, 10.819445145224117 ], [ -74.807446967731437, 10.819443509961586 ], [ -74.807564995525055, 10.819166637089886 ], [ -74.807535089831987, 10.818614448703187 ], [ -74.807441176245078, 10.818476907896013 ], [ -74.806604226809711, 10.818619898451086 ], [ -74.806507833115674, 10.818068098793804 ], [ -74.806878523355834, 10.817789747269716 ], [ -74.807436488298677, 10.817694420138732 ], [ -74.807711333692268, 10.81695632575844 ], [ -74.808830569840538, 10.817318012196598 ], [ -74.809947046795415, 10.817219407367384 ], [ -74.810085018380988, 10.816942417240632 ], [ -74.809942076814934, 10.816390892699896 ], [ -74.809662820432536, 10.816392529763096 ], [ -74.809380251647013, 10.815841822622637 ], [ -74.809378595953135, 10.815565650498636 ], [ -74.809937107231235, 10.815562376881109 ], [ -74.809933794405097, 10.815010033896593 ], [ -74.809096028671235, 10.815014943413383 ], [ -74.809094373367003, 10.814738771231097 ], [ -74.809932138054293, 10.814733861568051 ], [ -74.810068452579102, 10.814180699821591 ], [ -74.809925513115886, 10.813629174963806 ], [ -74.809367005410735, 10.813632447982615 ], [ -74.809089406612713, 10.813910255764368 ], [ -74.80880353221167, 10.81280720378231 ], [ -74.808941503720916, 10.812530213971227 ], [ -74.808797739879139, 10.811840601800156 ] ] } }
]
}
