{
"type": "FeatureCollection",
"name": "eje_ambiental",
"crs": { "type": "name", "properties": { "name": "urn:ogc:def:crs:OGC:1.3:CRS84" } },
"xy_coordinate_resolution": 1e-06,
"features": [
{ "type": "Feature", "properties": { "OBJECTID": 211712.0, "NOMBRE_GEO": null, "ESTADO_DRE": 5101, "PROYECTO": null, "SYMBOL": "2", "FECHA": null, "DISPERSION": "0", "RULEID": 1, "PK_CUE": 1757239.0, "GLOBALID": "{2FC4D567-18DB-4C24-A728-5B7526546965}" }, "geometry": { "type": "MultiPolygon", "coordinates": [ [ [ [ -74.943718, 10.841461 ], [ -74.943152, 10.840925 ], [ -74.94276, 10.840379 ], [ -74.942236, 10.839299 ], [ -74.942011, 10.838921 ], [ -74.941376, 10.838132 ], [ -74.940839, 10.837635 ], [ -74.94047, 10.837409 ], [ -74.940088, 10.837276 ], [ -74.939532, 10.837188 ], [ -74.93897, 10.83719 ], [ -74.938408, 10.837258 ], [ -74.938174, 10.837322 ], [ -74.93682, 10.837982 ], [ -74.936468, 10.838057 ], [ -74.936129, 10.838038 ], [ -74.935483, 10.837813 ], [ -74.934796, 10.837389 ], [ -74.934525, 10.837131 ], [ -74.934074, 10.836546 ], [ -74.933887, 10.83638 ], [ -74.933516, 10.836188 ], [ -74.933198, 10.836108 ], [ -74.932907, 10.836103 ], [ -74.932642, 10.836153 ], [ -74.932225, 10.836343 ], [ -74.931967, 10.836517 ], [ -74.931511, 10.836996 ], [ -74.930493, 10.838396 ], [ -74.930173, 10.838715 ], [ -74.929867, 10.838931 ], [ -74.930155, 10.839007 ], [ -74.930437, 10.839161 ], [ -74.931537, 10.840141 ], [ -74.932433, 10.840714 ], [ -74.933295, 10.841641 ], [ -74.934121, 10.841703 ], [ -74.934765, 10.841864 ], [ -74.935376, 10.841976 ], [ -74.935641, 10.842069 ], [ -74.936057, 10.842288 ], [ -74.936324, 10.842521 ], [ -74.93646, 10.842734 ], [ -74.936713, 10.843411 ], [ -74.9369, 10.844213 ], [ -74.937019, 10.844511 ], [ -74.937267, 10.844953 ], [ -74.937523, 10.845252 ], [ -74.937873, 10.845591 ], [ -74.937953, 10.845735 ], [ -74.937943, 10.845931 ], [ -74.93777, 10.846335 ], [ -74.937726, 10.84653 ], [ -74.937722, 10.846827 ], [ -74.937761, 10.846991 ], [ -74.937995, 10.847338 ], [ -74.938629, 10.848006 ], [ -74.93888, 10.848326 ], [ -74.939397, 10.849476 ], [ -74.939871, 10.850218 ], [ -74.940108, 10.850717 ], [ -74.940193, 10.850985 ], [ -74.9402, 10.851235 ], [ -74.940109, 10.851377 ], [ -74.939951, 10.851438 ], [ -74.939787, 10.851396 ], [ -74.939679, 10.851267 ], [ -74.939633, 10.85101 ], [ -74.93945, 10.850599 ], [ -74.938907, 10.849721 ], [ -74.938693, 10.849288 ], [ -74.938419, 10.848621 ], [ -74.938216, 10.848363 ], [ -74.937576, 10.847688 ], [ -74.937309, 10.847317 ], [ -74.9372, 10.847024 ], [ -74.937167, 10.846615 ], [ -74.937211, 10.846299 ], [ -74.937371, 10.845868 ], [ -74.936827, 10.845277 ], [ -74.936523, 10.844745 ], [ -74.936372, 10.844361 ], [ -74.936192, 10.843582 ], [ -74.93601, 10.843074 ], [ -74.935901, 10.842868 ], [ -74.935766, 10.842748 ], [ -74.935608, 10.842659 ], [ -74.935229, 10.842499 ], [ -74.934652, 10.842395 ], [ -74.934025, 10.842238 ], [ -74.933375, 10.842198 ], [ -74.933042, 10.84214 ], [ -74.932776, 10.841892 ], [ -74.932091, 10.841139 ], [ -74.9312, 10.84057 ], [ -74.930285, 10.839732 ], [ -74.929962, 10.839515 ], [ -74.929684, 10.839453 ], [ -74.928794, 10.839379 ], [ -74.928301, 10.839406 ], [ -74.928138, 10.839498 ], [ -74.927897, 10.839544 ], [ -74.927028, 10.839417 ], [ -74.926813, 10.839412 ], [ -74.926683, 10.839454 ], [ -74.926305, 10.839721 ], [ -74.925703, 10.839819 ], [ -74.925575, 10.839895 ], [ -74.925415, 10.840047 ], [ -74.924681, 10.841014 ], [ -74.92438, 10.841258 ], [ -74.924111, 10.841372 ], [ -74.923359, 10.84149 ], [ -74.922803, 10.841405 ], [ -74.922233, 10.840951 ], [ -74.921655, 10.840761 ], [ -74.921231, 10.840531 ], [ -74.920524, 10.840032 ], [ -74.919458, 10.839149 ], [ -74.91873, 10.838978 ], [ -74.917928, 10.838917 ], [ -74.91735, 10.839014 ], [ -74.916801, 10.839352 ], [ -74.916433, 10.839479 ], [ -74.916093, 10.839483 ], [ -74.915397, 10.839381 ], [ -74.915188, 10.83943 ], [ -74.915022, 10.839588 ], [ -74.914611, 10.840254 ], [ -74.914291, 10.840644 ], [ -74.913665, 10.8413 ], [ -74.913292, 10.841639 ], [ -74.913856, 10.842114 ], [ -74.914659, 10.842875 ], [ -74.915072, 10.843227 ], [ -74.915375, 10.843554 ], [ -74.915599, 10.84375 ], [ -74.915768, 10.843833 ], [ -74.915902, 10.843854 ], [ -74.91605, 10.843847 ], [ -74.916503, 10.843738 ], [ -74.916812, 10.843708 ], [ -74.917112, 10.843733 ], [ -74.917364, 10.843807 ], [ -74.917547, 10.843908 ], [ -74.917791, 10.844125 ], [ -74.917983, 10.844401 ], [ -74.918092, 10.844705 ], [ -74.918303, 10.844597 ], [ -74.918508, 10.844444 ], [ -74.919516, 10.843526 ], [ -74.919656, 10.843428 ], [ -74.919884, 10.843325 ], [ -74.920184, 10.843299 ], [ -74.920375, 10.843351 ], [ -74.920661, 10.843478 ], [ -74.92091, 10.843525 ], [ -74.921041, 10.843511 ], [ -74.921561, 10.843306 ], [ -74.92176, 10.843286 ], [ -74.922139, 10.843349 ], [ -74.922544, 10.843512 ], [ -74.923068, 10.843851 ], [ -74.924402, 10.844847 ], [ -74.924547, 10.845062 ], [ -74.924751, 10.84552 ], [ -74.924885, 10.845906 ], [ -74.925207, 10.846468 ], [ -74.925487, 10.847171 ], [ -74.925683, 10.847564 ], [ -74.926306, 10.848505 ], [ -74.92653, 10.848758 ], [ -74.926782, 10.848978 ], [ -74.926988, 10.849096 ], [ -74.927735, 10.849344 ], [ -74.928052, 10.849392 ], [ -74.929089, 10.849462 ], [ -74.929374, 10.849536 ], [ -74.930102, 10.849884 ], [ -74.930924, 10.84998 ], [ -74.931314, 10.850075 ], [ -74.931586, 10.85022 ], [ -74.931813, 10.850394 ], [ -74.932672, 10.851212 ], [ -74.93302, 10.851476 ], [ -74.933276, 10.851562 ], [ -74.933997, 10.851633 ], [ -74.93439, 10.851722 ], [ -74.93468, 10.851875 ], [ -74.934998, 10.852125 ], [ -74.936241, 10.853337 ], [ -74.936509, 10.853638 ], [ -74.936673, 10.853871 ], [ -74.936756, 10.854036 ], [ -74.936834, 10.854291 ], [ -74.936986, 10.855293 ], [ -74.937126, 10.855565 ], [ -74.937534, 10.856014 ], [ -74.937567, 10.856178 ], [ -74.937496, 10.856331 ], [ -74.937348, 10.856412 ], [ -74.937179, 10.856393 ], [ -74.936993, 10.85624 ], [ -74.93676, 10.855987 ], [ -74.936585, 10.855735 ], [ -74.936459, 10.855443 ], [ -74.936395, 10.855156 ], [ -74.936299, 10.854413 ], [ -74.936245, 10.854234 ], [ -74.936148, 10.854066 ], [ -74.935841, 10.853709 ], [ -74.9351, 10.852972 ], [ -74.934635, 10.852532 ], [ -74.934368, 10.852322 ], [ -74.93412, 10.852206 ], [ -74.933183, 10.852097 ], [ -74.932768, 10.851958 ], [ -74.932305, 10.851615 ], [ -74.93146, 10.850809 ], [ -74.93112, 10.850582 ], [ -74.930842, 10.850516 ], [ -74.929953, 10.850406 ], [ -74.929682, 10.850306 ], [ -74.929262, 10.850079 ], [ -74.928987, 10.849995 ], [ -74.928002, 10.849932 ], [ -74.927585, 10.849866 ], [ -74.926778, 10.849598 ], [ -74.926566, 10.849489 ], [ -74.926351, 10.849332 ], [ -74.925871, 10.848836 ], [ -74.925204, 10.847828 ], [ -74.924984, 10.84739 ], [ -74.924779, 10.846842 ], [ -74.924457, 10.846281 ], [ -74.924179, 10.845571 ], [ -74.923979, 10.845197 ], [ -74.922513, 10.844128 ], [ -74.922279, 10.843988 ], [ -74.921966, 10.843865 ], [ -74.92169, 10.843834 ], [ -74.921192, 10.844034 ], [ -74.920882, 10.844068 ], [ -74.920639, 10.844038 ], [ -74.920173, 10.843855 ], [ -74.920016, 10.843853 ], [ -74.919773, 10.844019 ], [ -74.918979, 10.844759 ], [ -74.918613, 10.845045 ], [ -74.918293, 10.845212 ], [ -74.91809, 10.845268 ], [ -74.917837, 10.845279 ], [ -74.917759, 10.845251 ], [ -74.917646, 10.845133 ], [ -74.917577, 10.844961 ], [ -74.917529, 10.844725 ], [ -74.917437, 10.844556 ], [ -74.917301, 10.844406 ], [ -74.917153, 10.844308 ], [ -74.917003, 10.844264 ], [ -74.916732, 10.844254 ], [ -74.916144, 10.844382 ], [ -74.915843, 10.844394 ], [ -74.91559, 10.844347 ], [ -74.915297, 10.844203 ], [ -74.915077, 10.844026 ], [ -74.914698, 10.843624 ], [ -74.913272, 10.842321 ], [ -74.91288, 10.842023 ], [ -74.912734, 10.842168 ], [ -74.912402, 10.842677 ], [ -74.912105, 10.843041 ], [ -74.909981, 10.845209 ], [ -74.909775, 10.845521 ], [ -74.909609, 10.845922 ], [ -74.909436, 10.846213 ], [ -74.90915, 10.846557 ], [ -74.908745, 10.846973 ], [ -74.909168, 10.847034 ], [ -74.909459, 10.847172 ], [ -74.909738, 10.847473 ], [ -74.910043, 10.847975 ], [ -74.910222, 10.848052 ], [ -74.911184, 10.848129 ], [ -74.912026, 10.8483 ], [ -74.912402, 10.848271 ], [ -74.912841, 10.848149 ], [ -74.9131, 10.848113 ], [ -74.91341, 10.848118 ], [ -74.913679, 10.848174 ], [ -74.913881, 10.848259 ], [ -74.91411, 10.848408 ], [ -74.914952, 10.849106 ], [ -74.915551, 10.849414 ], [ -74.915802, 10.849298 ], [ -74.915984, 10.84925 ], [ -74.916279, 10.849213 ], [ -74.916578, 10.849213 ], [ -74.917025, 10.849299 ], [ -74.917606, 10.84959 ], [ -74.917895, 10.849675 ], [ -74.918248, 10.849705 ], [ -74.919568, 10.849718 ], [ -74.919985, 10.849766 ], [ -74.920266, 10.849852 ], [ -74.920705, 10.850055 ], [ -74.921411, 10.850478 ], [ -74.921796, 10.850614 ], [ -74.92278, 10.85104 ], [ -74.923558, 10.851286 ], [ -74.924464, 10.851421 ], [ -74.924948, 10.851557 ], [ -74.925279, 10.851607 ], [ -74.927408, 10.85165 ], [ -74.927695, 10.851702 ], [ -74.928666, 10.851993 ], [ -74.928878, 10.852134 ], [ -74.928996, 10.852264 ], [ -74.929223, 10.852605 ], [ -74.929611, 10.853333 ], [ -74.929749, 10.85352 ], [ -74.929967, 10.853711 ], [ -74.931048, 10.854181 ], [ -74.93162, 10.854515 ], [ -74.931893, 10.854613 ], [ -74.932393, 10.854736 ], [ -74.932586, 10.854817 ], [ -74.932949, 10.855049 ], [ -74.933365, 10.855392 ], [ -74.933576, 10.855704 ], [ -74.933712, 10.856005 ], [ -74.933868, 10.856675 ], [ -74.934204, 10.857514 ], [ -74.93433, 10.857954 ], [ -74.935002, 10.858415 ], [ -74.935893, 10.858791 ], [ -74.936288, 10.859128 ], [ -74.936573, 10.859436 ], [ -74.936789, 10.859761 ], [ -74.936976, 10.86016 ], [ -74.937069, 10.860495 ], [ -74.937553, 10.860996 ], [ -74.937579, 10.861162 ], [ -74.937552, 10.861242 ], [ -74.937432, 10.86136 ], [ -74.93735, 10.861386 ], [ -74.937183, 10.861359 ], [ -74.936623, 10.860822 ], [ -74.936573, 10.860756 ], [ -74.936465, 10.860359 ], [ -74.936319, 10.860042 ], [ -74.936147, 10.859779 ], [ -74.935643, 10.859276 ], [ -74.934734, 10.858889 ], [ -74.933892, 10.858321 ], [ -74.933819, 10.858186 ], [ -74.933689, 10.8577 ], [ -74.933344, 10.856839 ], [ -74.933195, 10.856189 ], [ -74.93303, 10.855858 ], [ -74.932882, 10.855682 ], [ -74.932352, 10.855308 ], [ -74.931392, 10.855009 ], [ -74.930805, 10.854668 ], [ -74.930401, 10.854476 ], [ -74.929865, 10.854272 ], [ -74.929655, 10.854157 ], [ -74.929433, 10.853977 ], [ -74.929239, 10.853759 ], [ -74.928693, 10.852783 ], [ -74.928498, 10.852527 ], [ -74.928405, 10.852471 ], [ -74.92755, 10.852225 ], [ -74.927337, 10.852188 ], [ -74.925229, 10.852147 ], [ -74.924823, 10.852086 ], [ -74.924362, 10.851954 ], [ -74.923418, 10.851811 ], [ -74.92259, 10.851549 ], [ -74.921592, 10.851118 ], [ -74.921202, 10.850979 ], [ -74.920459, 10.85054 ], [ -74.919878, 10.850299 ], [ -74.919545, 10.85026 ], [ -74.918233, 10.850247 ], [ -74.917798, 10.850209 ], [ -74.917385, 10.850087 ], [ -74.916832, 10.849807 ], [ -74.916534, 10.849754 ], [ -74.916086, 10.849783 ], [ -74.915652, 10.849969 ], [ -74.91551, 10.849966 ], [ -74.915283, 10.849898 ], [ -74.914764, 10.849632 ], [ -74.9144, 10.84937 ], [ -74.913785, 10.848845 ], [ -74.913497, 10.848687 ], [ -74.913152, 10.848653 ], [ -74.912497, 10.848806 ], [ -74.912017, 10.848843 ], [ -74.911728, 10.848812 ], [ -74.91111, 10.848667 ], [ -74.91009, 10.848579 ], [ -74.909864, 10.848505 ], [ -74.909626, 10.848332 ], [ -74.909297, 10.847795 ], [ -74.909144, 10.847617 ], [ -74.909074, 10.847575 ], [ -74.90868, 10.847512 ], [ -74.908188, 10.847517 ], [ -74.907955, 10.847713 ], [ -74.907701, 10.847868 ], [ -74.907012, 10.848133 ], [ -74.906492, 10.848384 ], [ -74.906437, 10.848459 ], [ -74.906274, 10.848898 ], [ -74.90612, 10.849126 ], [ -74.905896, 10.849314 ], [ -74.905407, 10.849574 ], [ -74.905205, 10.849791 ], [ -74.905262, 10.850102 ], [ -74.905286, 10.850535 ], [ -74.905256, 10.851139 ], [ -74.905207, 10.851429 ], [ -74.905094, 10.851797 ], [ -74.904958, 10.852065 ], [ -74.904822, 10.852249 ], [ -74.904572, 10.852465 ], [ -74.904523, 10.85254 ], [ -74.904511, 10.852706 ], [ -74.904564, 10.853029 ], [ -74.904556, 10.853283 ], [ -74.904487, 10.853468 ], [ -74.904221, 10.853812 ], [ -74.904144, 10.853961 ], [ -74.904164, 10.854146 ], [ -74.904266, 10.854397 ], [ -74.904753, 10.854289 ], [ -74.905948, 10.854125 ], [ -74.906742, 10.854063 ], [ -74.907536, 10.854039 ], [ -74.908317, 10.854053 ], [ -74.909092, 10.854105 ], [ -74.909861, 10.854196 ], [ -74.910941, 10.85439 ], [ -74.912815, 10.854827 ], [ -74.913289, 10.854985 ], [ -74.913744, 10.855197 ], [ -74.914305, 10.855589 ], [ -74.914569, 10.855855 ], [ -74.914698, 10.856093 ], [ -74.91476, 10.85628 ], [ -74.914792, 10.856435 ], [ -74.91477, 10.856601 ], [ -74.914654, 10.856723 ], [ -74.914573, 10.856752 ], [ -74.914405, 10.856731 ], [ -74.914281, 10.856616 ], [ -74.914156, 10.856225 ], [ -74.91396, 10.856012 ], [ -74.913471, 10.855667 ], [ -74.91288, 10.855415 ], [ -74.912403, 10.855279 ], [ -74.910487, 10.854851 ], [ -74.909038, 10.854645 ], [ -74.907914, 10.854584 ], [ -74.906776, 10.854605 ], [ -74.905621, 10.854709 ], [ -74.904843, 10.854824 ], [ -74.904505, 10.854886 ], [ -74.904411, 10.85495 ], [ -74.904392, 10.855102 ], [ -74.904284, 10.855303 ], [ -74.903951, 10.855569 ], [ -74.90364, 10.855641 ], [ -74.903519, 10.855631 ], [ -74.9032, 10.855489 ], [ -74.902968, 10.855243 ], [ -74.902888, 10.855044 ], [ -74.902861, 10.854656 ], [ -74.902805, 10.854482 ], [ -74.902602, 10.854345 ], [ -74.902431, 10.85429 ], [ -74.902336, 10.854289 ], [ -74.902146, 10.854346 ], [ -74.902038, 10.854425 ], [ -74.901931, 10.854613 ], [ -74.901928, 10.854712 ], [ -74.902041, 10.854982 ], [ -74.902118, 10.855303 ], [ -74.902154, 10.855618 ], [ -74.90215, 10.856197 ], [ -74.902047, 10.856769 ], [ -74.901894, 10.857171 ], [ -74.901684, 10.857502 ], [ -74.901386, 10.857777 ], [ -74.90111, 10.857937 ], [ -74.90094, 10.858127 ], [ -74.900842, 10.858374 ], [ -74.900783, 10.858716 ], [ -74.90078, 10.859133 ], [ -74.900841, 10.859492 ], [ -74.900986, 10.859794 ], [ -74.901302, 10.860214 ], [ -74.901386, 10.860374 ], [ -74.901449, 10.860598 ], [ -74.901435, 10.860931 ], [ -74.901325, 10.861266 ], [ -74.901214, 10.861472 ], [ -74.901106, 10.861581 ], [ -74.900872, 10.861646 ], [ -74.900688, 10.861624 ], [ -74.900399, 10.861348 ], [ -74.900159, 10.860977 ], [ -74.89998, 10.860771 ], [ -74.899727, 10.860599 ], [ -74.89958, 10.86057 ], [ -74.899635, 10.8609 ], [ -74.899753, 10.861115 ], [ -74.899892, 10.861261 ], [ -74.900243, 10.861446 ], [ -74.900453, 10.861688 ], [ -74.90048, 10.86184 ], [ -74.900458, 10.862023 ], [ -74.900378, 10.862233 ], [ -74.900106, 10.862684 ], [ -74.899596, 10.863288 ], [ -74.899439, 10.863515 ], [ -74.899335, 10.863745 ], [ -74.899073, 10.864514 ], [ -74.898805, 10.864989 ], [ -74.898643, 10.865145 ], [ -74.89843, 10.865289 ], [ -74.897682, 10.865579 ], [ -74.8972, 10.865925 ], [ -74.896683, 10.866389 ], [ -74.896425, 10.866698 ], [ -74.896274, 10.866949 ], [ -74.896239, 10.867175 ], [ -74.896337, 10.867273 ], [ -74.89642, 10.867278 ], [ -74.896761, 10.867115 ], [ -74.89726, 10.866807 ], [ -74.897457, 10.866736 ], [ -74.897707, 10.8667 ], [ -74.898012, 10.866805 ], [ -74.898173, 10.866932 ], [ -74.898309, 10.867113 ], [ -74.898391, 10.866706 ], [ -74.898588, 10.866305 ], [ -74.898893, 10.865957 ], [ -74.899229, 10.865704 ], [ -74.899402, 10.865622 ], [ -74.899688, 10.865547 ], [ -74.900977, 10.865478 ], [ -74.901179, 10.865441 ], [ -74.901347, 10.865374 ], [ -74.901931, 10.86495 ], [ -74.90221, 10.864786 ], [ -74.902746, 10.864556 ], [ -74.903332, 10.864218 ], [ -74.903862, 10.863999 ], [ -74.904435, 10.863645 ], [ -74.905481, 10.863166 ], [ -74.906106, 10.862418 ], [ -74.907216, 10.861285 ], [ -74.907285, 10.861235 ], [ -74.907452, 10.861208 ], [ -74.907604, 10.861284 ], [ -74.907654, 10.861352 ], [ -74.907681, 10.861518 ], [ -74.907605, 10.861668 ], [ -74.906511, 10.862784 ], [ -74.906044, 10.863369 ], [ -74.905787, 10.863616 ], [ -74.905613, 10.863719 ], [ -74.904684, 10.864128 ], [ -74.904118, 10.864478 ], [ -74.90343, 10.864775 ], [ -74.903002, 10.865036 ], [ -74.902458, 10.86527 ], [ -74.902243, 10.865397 ], [ -74.901741, 10.865772 ], [ -74.901486, 10.86591 ], [ -74.901035, 10.866017 ], [ -74.899996, 10.866059 ], [ -74.899676, 10.866104 ], [ -74.899511, 10.86617 ], [ -74.899347, 10.866284 ], [ -74.899112, 10.866519 ], [ -74.89899, 10.866693 ], [ -74.898887, 10.866976 ], [ -74.898758, 10.867776 ], [ -74.89871, 10.867929 ], [ -74.898596, 10.868134 ], [ -74.898895, 10.86807 ], [ -74.899237, 10.867857 ], [ -74.899489, 10.867757 ], [ -74.899712, 10.867735 ], [ -74.900117, 10.867758 ], [ -74.900329, 10.867809 ], [ -74.900444, 10.867872 ], [ -74.900629, 10.868062 ], [ -74.900704, 10.868416 ], [ -74.900683, 10.868811 ], [ -74.9006, 10.869257 ], [ -74.900465, 10.869764 ], [ -74.901915, 10.868994 ], [ -74.903148, 10.868193 ], [ -74.90333, 10.867965 ], [ -74.903385, 10.867693 ], [ -74.903391, 10.867489 ], [ -74.903427, 10.867412 ], [ -74.90356, 10.867308 ], [ -74.90373, 10.867302 ], [ -74.903871, 10.867396 ], [ -74.903912, 10.86747 ], [ -74.903934, 10.867695 ], [ -74.903906, 10.867943 ], [ -74.903848, 10.868146 ], [ -74.903747, 10.868341 ], [ -74.90364, 10.868478 ], [ -74.903383, 10.868697 ], [ -74.902202, 10.869457 ], [ -74.900792, 10.8702 ], [ -74.900595, 10.870342 ], [ -74.900296, 10.87069 ], [ -74.899758, 10.871607 ], [ -74.899473, 10.871955 ], [ -74.899354, 10.872046 ], [ -74.898545, 10.873479 ], [ -74.898287, 10.873987 ], [ -74.89807, 10.874525 ], [ -74.897596, 10.875964 ], [ -74.897169, 10.876952 ], [ -74.896847, 10.877454 ], [ -74.897525, 10.877441 ], [ -74.897736, 10.877399 ], [ -74.898208, 10.877214 ], [ -74.898708, 10.876873 ], [ -74.899573, 10.875984 ], [ -74.900015, 10.875612 ], [ -74.900626, 10.875265 ], [ -74.901281, 10.875027 ], [ -74.902001, 10.874893 ], [ -74.902756, 10.874864 ], [ -74.903631, 10.874968 ], [ -74.904428, 10.875248 ], [ -74.904621, 10.875236 ], [ -74.904841, 10.875167 ], [ -74.905093, 10.874977 ], [ -74.90525, 10.874739 ], [ -74.905262, 10.874629 ], [ -74.905197, 10.873934 ], [ -74.905301, 10.87356 ], [ -74.905462, 10.873269 ], [ -74.905716, 10.872987 ], [ -74.906069, 10.872708 ], [ -74.906489, 10.872478 ], [ -74.906828, 10.872359 ], [ -74.907521, 10.872295 ], [ -74.90905, 10.87239 ], [ -74.910404, 10.872134 ], [ -74.911569, 10.872086 ], [ -74.91211, 10.872165 ], [ -74.912518, 10.872292 ], [ -74.912837, 10.872498 ], [ -74.913349, 10.872971 ], [ -74.913832, 10.873185 ], [ -74.91417, 10.873215 ], [ -74.91482, 10.873159 ], [ -74.91514, 10.873107 ], [ -74.915304, 10.873034 ], [ -74.915297, 10.872451 ], [ -74.915366, 10.872156 ], [ -74.915611, 10.871766 ], [ -74.915928, 10.87147 ], [ -74.916425, 10.871338 ], [ -74.917232, 10.871413 ], [ -74.917528, 10.871377 ], [ -74.918115, 10.871156 ], [ -74.918471, 10.870892 ], [ -74.918538, 10.870771 ], [ -74.918649, 10.870041 ], [ -74.91891, 10.869369 ], [ -74.919261, 10.868774 ], [ -74.920146, 10.867502 ], [ -74.920464, 10.86691 ], [ -74.920588, 10.866551 ], [ -74.920675, 10.866092 ], [ -74.920749, 10.864923 ], [ -74.920652, 10.863818 ], [ -74.920244, 10.862686 ], [ -74.920135, 10.862148 ], [ -74.920192, 10.861491 ], [ -74.920384, 10.860978 ], [ -74.920749, 10.860583 ], [ -74.921305, 10.860261 ], [ -74.921624, 10.860189 ], [ -74.92234, 10.860142 ], [ -74.922654, 10.860077 ], [ -74.923373, 10.859837 ], [ -74.924047, 10.859523 ], [ -74.924556, 10.859211 ], [ -74.925041, 10.858841 ], [ -74.925491, 10.858419 ], [ -74.925915, 10.857933 ], [ -74.92606, 10.857847 ], [ -74.926229, 10.857861 ], [ -74.926358, 10.857971 ], [ -74.926396, 10.858134 ], [ -74.92633, 10.858288 ], [ -74.925897, 10.858784 ], [ -74.925409, 10.859244 ], [ -74.924857, 10.859665 ], [ -74.924295, 10.860007 ], [ -74.923593, 10.860334 ], [ -74.922814, 10.860596 ], [ -74.922433, 10.860677 ], [ -74.921684, 10.860729 ], [ -74.921474, 10.860779 ], [ -74.921114, 10.86099 ], [ -74.920874, 10.861229 ], [ -74.920736, 10.861577 ], [ -74.920685, 10.862154 ], [ -74.920767, 10.86252 ], [ -74.921196, 10.863736 ], [ -74.921298, 10.864936 ], [ -74.921217, 10.866175 ], [ -74.921114, 10.866707 ], [ -74.920959, 10.867145 ], [ -74.920608, 10.867797 ], [ -74.919719, 10.869073 ], [ -74.919395, 10.869622 ], [ -74.919193, 10.870152 ], [ -74.919628, 10.869937 ], [ -74.920362, 10.869684 ], [ -74.920647, 10.869626 ], [ -74.921196, 10.869594 ], [ -74.921731, 10.869618 ], [ -74.922136, 10.869688 ], [ -74.922533, 10.869806 ], [ -74.922904, 10.869831 ], [ -74.923212, 10.869765 ], [ -74.923687, 10.869514 ], [ -74.923954, 10.869231 ], [ -74.924275, 10.868548 ], [ -74.924774, 10.867852 ], [ -74.925275, 10.86653 ], [ -74.92548, 10.866234 ], [ -74.926605, 10.865348 ], [ -74.927469, 10.864862 ], [ -74.927675, 10.864719 ], [ -74.928081, 10.864309 ], [ -74.928435, 10.863801 ], [ -74.928628, 10.863591 ], [ -74.928856, 10.863413 ], [ -74.929099, 10.863299 ], [ -74.929412, 10.863231 ], [ -74.929682, 10.863219 ], [ -74.929969, 10.863242 ], [ -74.930219, 10.863298 ], [ -74.930817, 10.863571 ], [ -74.93137, 10.863915 ], [ -74.93154, 10.863981 ], [ -74.931734, 10.864017 ], [ -74.932067, 10.864031 ], [ -74.932404, 10.864008 ], [ -74.932981, 10.863857 ], [ -74.933248, 10.863816 ], [ -74.933522, 10.863816 ], [ -74.93381, 10.863866 ], [ -74.934095, 10.863987 ], [ -74.93445, 10.864248 ], [ -74.935005, 10.864807 ], [ -74.935077, 10.864958 ], [ -74.935045, 10.865123 ], [ -74.934992, 10.86519 ], [ -74.934839, 10.865261 ], [ -74.934753, 10.865258 ], [ -74.934604, 10.865177 ], [ -74.933995, 10.864578 ], [ -74.933813, 10.864452 ], [ -74.93365, 10.864385 ], [ -74.933472, 10.864357 ], [ -74.93319, 10.864369 ], [ -74.93274, 10.864496 ], [ -74.932337, 10.864561 ], [ -74.931663, 10.864555 ], [ -74.931238, 10.864452 ], [ -74.930547, 10.864043 ], [ -74.93006, 10.863817 ], [ -74.92968, 10.863762 ], [ -74.929268, 10.863816 ], [ -74.929084, 10.863918 ], [ -74.928938, 10.864052 ], [ -74.928505, 10.864654 ], [ -74.928029, 10.865133 ], [ -74.927743, 10.865332 ], [ -74.926918, 10.865794 ], [ -74.925884, 10.866601 ], [ -74.925727, 10.866868 ], [ -74.925348, 10.867924 ], [ -74.92526, 10.868105 ], [ -74.924743, 10.868831 ], [ -74.924407, 10.869538 ], [ -74.924241, 10.869744 ], [ -74.924031, 10.869937 ], [ -74.923531, 10.870219 ], [ -74.923183, 10.87034 ], [ -74.9227, 10.870374 ], [ -74.922407, 10.870334 ], [ -74.922, 10.870214 ], [ -74.921679, 10.870158 ], [ -74.920841, 10.87015 ], [ -74.920523, 10.870203 ], [ -74.91969, 10.870496 ], [ -74.919257, 10.87078 ], [ -74.919025, 10.871022 ], [ -74.918849, 10.87129 ], [ -74.918346, 10.87165 ], [ -74.917628, 10.871912 ], [ -74.91721, 10.871956 ], [ -74.916426, 10.871883 ], [ -74.91621, 10.871945 ], [ -74.916021, 10.872129 ], [ -74.915864, 10.87239 ], [ -74.915842, 10.872515 ], [ -74.91586, 10.873052 ], [ -74.9158, 10.873275 ], [ -74.915635, 10.873472 ], [ -74.91526, 10.873638 ], [ -74.914194, 10.873758 ], [ -74.913649, 10.873699 ], [ -74.913008, 10.873398 ], [ -74.912478, 10.872909 ], [ -74.912311, 10.872796 ], [ -74.912007, 10.872698 ], [ -74.911514, 10.872627 ], [ -74.910487, 10.87267 ], [ -74.90905, 10.872933 ], [ -74.907507, 10.872837 ], [ -74.906974, 10.872884 ], [ -74.906733, 10.872965 ], [ -74.906356, 10.873171 ], [ -74.906081, 10.873392 ], [ -74.905898, 10.873601 ], [ -74.905803, 10.873782 ], [ -74.905742, 10.874019 ], [ -74.905811, 10.874657 ], [ -74.905746, 10.874981 ], [ -74.905463, 10.87538 ], [ -74.905136, 10.875627 ], [ -74.904756, 10.875763 ], [ -74.904406, 10.875793 ], [ -74.904296, 10.875778 ], [ -74.903477, 10.875489 ], [ -74.902755, 10.875407 ], [ -74.90208, 10.87543 ], [ -74.901446, 10.875545 ], [ -74.900879, 10.875747 ], [ -74.900311, 10.876069 ], [ -74.899959, 10.876369 ], [ -74.899085, 10.877268 ], [ -74.898396, 10.877724 ], [ -74.898716, 10.87794 ], [ -74.899548, 10.878393 ], [ -74.900205, 10.878673 ], [ -74.900802, 10.878834 ], [ -74.901753, 10.878931 ], [ -74.902787, 10.87887 ], [ -74.903538, 10.878728 ], [ -74.904249, 10.878399 ], [ -74.904621, 10.878314 ], [ -74.904994, 10.878369 ], [ -74.905359, 10.878554 ], [ -74.905591, 10.878783 ], [ -74.905736, 10.879016 ], [ -74.905777, 10.879179 ], [ -74.905757, 10.879262 ], [ -74.905647, 10.87939 ], [ -74.905568, 10.879423 ], [ -74.905399, 10.87941 ], [ -74.905326, 10.879366 ], [ -74.905143, 10.879099 ], [ -74.90501, 10.878975 ], [ -74.904844, 10.878892 ], [ -74.904678, 10.878857 ], [ -74.904453, 10.878904 ], [ -74.903675, 10.879254 ], [ -74.902873, 10.879406 ], [ -74.901763, 10.879474 ], [ -74.90068, 10.879363 ], [ -74.900006, 10.879179 ], [ -74.899318, 10.878886 ], [ -74.89844, 10.878409 ], [ -74.897755, 10.877949 ], [ -74.89756, 10.877983 ], [ -74.896236, 10.878025 ], [ -74.895863, 10.878233 ], [ -74.895142, 10.878496 ], [ -74.894883, 10.878633 ], [ -74.894698, 10.878787 ], [ -74.894433, 10.879197 ], [ -74.894316, 10.879519 ], [ -74.894271, 10.879743 ], [ -74.894272, 10.880041 ], [ -74.894322, 10.880353 ], [ -74.89445, 10.880816 ], [ -74.894862, 10.881691 ], [ -74.894963, 10.882221 ], [ -74.894926, 10.882603 ], [ -74.894855, 10.882813 ], [ -74.894736, 10.883013 ], [ -74.894609, 10.883154 ], [ -74.894364, 10.883338 ], [ -74.89433, 10.883443 ], [ -74.894333, 10.883625 ], [ -74.8944, 10.883896 ], [ -74.894771, 10.884548 ], [ -74.894859, 10.88485 ], [ -74.894874, 10.885113 ], [ -74.894812, 10.885321 ], [ -74.894641, 10.885618 ], [ -74.894164, 10.886149 ], [ -74.893889, 10.88657 ], [ -74.893654, 10.887039 ], [ -74.893571, 10.887298 ], [ -74.893561, 10.887423 ], [ -74.893788, 10.887259 ], [ -74.894279, 10.887005 ], [ -74.894475, 10.886834 ], [ -74.894927, 10.886259 ], [ -74.895292, 10.885991 ], [ -74.895798, 10.885824 ], [ -74.896866, 10.885667 ], [ -74.897224, 10.885538 ], [ -74.897511, 10.885333 ], [ -74.898263, 10.884629 ], [ -74.898892, 10.884295 ], [ -74.899539, 10.884125 ], [ -74.900224, 10.884071 ], [ -74.900905, 10.884124 ], [ -74.901746, 10.884322 ], [ -74.901858, 10.884448 ], [ -74.901879, 10.884531 ], [ -74.901842, 10.884694 ], [ -74.901787, 10.884759 ], [ -74.901631, 10.884826 ], [ -74.900842, 10.884663 ], [ -74.900203, 10.884613 ], [ -74.899611, 10.884663 ], [ -74.899067, 10.884811 ], [ -74.898613, 10.885048 ], [ -74.897875, 10.885739 ], [ -74.897449, 10.886034 ], [ -74.896973, 10.8862 ], [ -74.895939, 10.886349 ], [ -74.895572, 10.88646 ], [ -74.895335, 10.886624 ], [ -74.894893, 10.887187 ], [ -74.894618, 10.887433 ], [ -74.894062, 10.887729 ], [ -74.893813, 10.887914 ], [ -74.893894, 10.888146 ], [ -74.893895, 10.888318 ], [ -74.893848, 10.888544 ], [ -74.893742, 10.888786 ], [ -74.893579, 10.889012 ], [ -74.893408, 10.889161 ], [ -74.892938, 10.88935 ], [ -74.89286, 10.889476 ], [ -74.892915, 10.889794 ], [ -74.893003, 10.890029 ], [ -74.893244, 10.890301 ], [ -74.893369, 10.890493 ], [ -74.893536, 10.890951 ], [ -74.893592, 10.891439 ], [ -74.893576, 10.891756 ], [ -74.893519, 10.892067 ], [ -74.893313, 10.892636 ], [ -74.893054, 10.893068 ], [ -74.892869, 10.893253 ], [ -74.89239, 10.893603 ], [ -74.892265, 10.893754 ], [ -74.892226, 10.89391 ], [ -74.892287, 10.894292 ], [ -74.892443, 10.894727 ], [ -74.89276, 10.895371 ], [ -74.893122, 10.895864 ], [ -74.893389, 10.896135 ], [ -74.893685, 10.896347 ], [ -74.894569, 10.896724 ], [ -74.89511, 10.897038 ], [ -74.895432, 10.897314 ], [ -74.895638, 10.897621 ], [ -74.895721, 10.897875 ], [ -74.89576, 10.898425 ], [ -74.895735, 10.898833 ], [ -74.895596, 10.899531 ], [ -74.89558, 10.89975 ], [ -74.895619, 10.900101 ], [ -74.895771, 10.900867 ], [ -74.895974, 10.901591 ], [ -74.896376, 10.902818 ], [ -74.897429, 10.905424 ], [ -74.897782, 10.906498 ], [ -74.898044, 10.907421 ], [ -74.898237, 10.908236 ], [ -74.898287, 10.908598 ], [ -74.898314, 10.909253 ], [ -74.898222, 10.910584 ], [ -74.898088, 10.911393 ], [ -74.89794, 10.911978 ], [ -74.897791, 10.912329 ], [ -74.89769, 10.912482 ], [ -74.897558, 10.91263 ], [ -74.897311, 10.912794 ], [ -74.897118, 10.912871 ], [ -74.896719, 10.912953 ], [ -74.896391, 10.912967 ], [ -74.896093, 10.912935 ], [ -74.895862, 10.912863 ], [ -74.895651, 10.912745 ], [ -74.895505, 10.912709 ], [ -74.895319, 10.912755 ], [ -74.895146, 10.912848 ], [ -74.895049, 10.912944 ], [ -74.89496, 10.913091 ], [ -74.894853, 10.913432 ], [ -74.89473, 10.914435 ], [ -74.894605, 10.915019 ], [ -74.894446, 10.915395 ], [ -74.894243, 10.915696 ], [ -74.89393, 10.916066 ], [ -74.893604, 10.91637 ], [ -74.892895, 10.916806 ], [ -74.892334, 10.917273 ], [ -74.891226, 10.918486 ], [ -74.890834, 10.918869 ], [ -74.890517, 10.919117 ], [ -74.889801, 10.919599 ], [ -74.889551, 10.919806 ], [ -74.889136, 10.920288 ], [ -74.888964, 10.920594 ], [ -74.88894, 10.920728 ], [ -74.888995, 10.920927 ], [ -74.889219, 10.921291 ], [ -74.890189, 10.922373 ], [ -74.890413, 10.922762 ], [ -74.890526, 10.923092 ], [ -74.890515, 10.923425 ], [ -74.890448, 10.923577 ], [ -74.890228, 10.923808 ], [ -74.889698, 10.92408 ], [ -74.889398, 10.924375 ], [ -74.889303, 10.924555 ], [ -74.889225, 10.924803 ], [ -74.889173, 10.925385 ], [ -74.889232, 10.926246 ], [ -74.889384, 10.926933 ], [ -74.889521, 10.92727 ], [ -74.88968, 10.927555 ], [ -74.889857, 10.927786 ], [ -74.89009, 10.928006 ], [ -74.89028, 10.928288 ], [ -74.890407, 10.928599 ], [ -74.890444, 10.92888 ], [ -74.89043, 10.929016 ], [ -74.890353, 10.929221 ], [ -74.890245, 10.929374 ], [ -74.890079, 10.929526 ], [ -74.889823, 10.929661 ], [ -74.889475, 10.929711 ], [ -74.889225, 10.929661 ], [ -74.889018, 10.929558 ], [ -74.888852, 10.929423 ], [ -74.888692, 10.929168 ], [ -74.888628, 10.928873 ], [ -74.888567, 10.928778 ], [ -74.888655, 10.929216 ], [ -74.888765, 10.929551 ], [ -74.889246, 10.930432 ], [ -74.889409, 10.93084 ], [ -74.88946, 10.931017 ], [ -74.889504, 10.931374 ], [ -74.889474, 10.931731 ], [ -74.889348, 10.932262 ], [ -74.888957, 10.93323 ], [ -74.888784, 10.933807 ], [ -74.888703, 10.934393 ], [ -74.888685, 10.935084 ], [ -74.888845, 10.935729 ], [ -74.889129, 10.936372 ], [ -74.889502, 10.936953 ], [ -74.890167, 10.937827 ], [ -74.890544, 10.938463 ], [ -74.890738, 10.939053 ], [ -74.890786, 10.939658 ], [ -74.890769, 10.940111 ], [ -74.890708, 10.940525 ], [ -74.890595, 10.94091 ], [ -74.890413, 10.941345 ], [ -74.890096, 10.941919 ], [ -74.88944, 10.942712 ], [ -74.889144, 10.943226 ], [ -74.889088, 10.943448 ], [ -74.889051, 10.943781 ], [ -74.889073, 10.944365 ], [ -74.889177, 10.944845 ], [ -74.889355, 10.945298 ], [ -74.889616, 10.945717 ], [ -74.889946, 10.946106 ], [ -74.89033, 10.94647 ], [ -74.890741, 10.946769 ], [ -74.891536, 10.947107 ], [ -74.892192, 10.947469 ], [ -74.89242, 10.947655 ], [ -74.89257, 10.947857 ], [ -74.892654, 10.948157 ], [ -74.892595, 10.948546 ], [ -74.892467, 10.948874 ], [ -74.892286, 10.94914 ], [ -74.892066, 10.949392 ], [ -74.891667, 10.949776 ], [ -74.891353, 10.950024 ], [ -74.890351, 10.950605 ], [ -74.890077, 10.95086 ], [ -74.889842, 10.951136 ], [ -74.889615, 10.95152 ], [ -74.889506, 10.951874 ], [ -74.889439, 10.952285 ], [ -74.889379, 10.953116 ], [ -74.88939, 10.953643 ], [ -74.889446, 10.954173 ], [ -74.889544, 10.954689 ], [ -74.889701, 10.955253 ], [ -74.889888, 10.955736 ], [ -74.890331, 10.956429 ], [ -74.890468, 10.956718 ], [ -74.890586, 10.957209 ], [ -74.890616, 10.957711 ], [ -74.890579, 10.958058 ], [ -74.890492, 10.958432 ], [ -74.890366, 10.958818 ], [ -74.89021, 10.959165 ], [ -74.889892, 10.959652 ], [ -74.889375, 10.960193 ], [ -74.889219, 10.960425 ], [ -74.889148, 10.960767 ], [ -74.889154, 10.961142 ], [ -74.889244, 10.961583 ], [ -74.889445, 10.962053 ], [ -74.890235, 10.963298 ], [ -74.890566, 10.963938 ], [ -74.890681, 10.964278 ], [ -74.890779, 10.964797 ], [ -74.890828, 10.965476 ], [ -74.890797, 10.966089 ], [ -74.890764, 10.966269 ], [ -74.890683, 10.966483 ], [ -74.891625, 10.96718 ], [ -74.891764, 10.9672 ], [ -74.89194, 10.967091 ], [ -74.892427, 10.966904 ], [ -74.892996, 10.967007 ], [ -74.893897, 10.967118 ], [ -74.894867, 10.967117 ], [ -74.895575, 10.966929 ], [ -74.895643, 10.966384 ], [ -74.895942, 10.966064 ], [ -74.895983, 10.965747 ], [ -74.896111, 10.965263 ], [ -74.896479, 10.964935 ], [ -74.896599, 10.964877 ], [ -74.896936, 10.964805 ], [ -74.897872, 10.964712 ], [ -74.89822, 10.964447 ], [ -74.898353, 10.964393 ], [ -74.898819, 10.964448 ], [ -74.898857, 10.964419 ], [ -74.898936, 10.964213 ], [ -74.898998, 10.96374 ], [ -74.898908, 10.963259 ], [ -74.898912, 10.963141 ], [ -74.899007, 10.962784 ], [ -74.899091, 10.96265 ], [ -74.899235, 10.962585 ], [ -74.900359, 10.962416 ], [ -74.900941, 10.962387 ], [ -74.900983, 10.96226 ], [ -74.901181, 10.962067 ], [ -74.901328, 10.961153 ], [ -74.901349, 10.960861 ], [ -74.901254, 10.960147 ], [ -74.901318, 10.959342 ], [ -74.901122, 10.95908 ], [ -74.900806, 10.958758 ], [ -74.900629, 10.958442 ], [ -74.900643, 10.958274 ], [ -74.901071, 10.95778 ], [ -74.902248, 10.95698 ], [ -74.902285, 10.956824 ], [ -74.902346, 10.956747 ], [ -74.90281, 10.956554 ], [ -74.902986, 10.956281 ], [ -74.903412, 10.955117 ], [ -74.90343, 10.952914 ], [ -74.903533, 10.951992 ], [ -74.903566, 10.95189 ], [ -74.90399, 10.951136 ], [ -74.9045, 10.950664 ], [ -74.905096, 10.950353 ], [ -74.905904, 10.949837 ], [ -74.906431, 10.949561 ], [ -74.906352, 10.949346 ], [ -74.906284, 10.948857 ], [ -74.906463, 10.947937 ], [ -74.906456, 10.947431 ], [ -74.906432, 10.947391 ], [ -74.906076, 10.947177 ], [ -74.905919, 10.947001 ], [ -74.905771, 10.946285 ], [ -74.90563, 10.945958 ], [ -74.905507, 10.945788 ], [ -74.905273, 10.945639 ], [ -74.905069, 10.945583 ], [ -74.90483, 10.945608 ], [ -74.904136, 10.945818 ], [ -74.903798, 10.945877 ], [ -74.903387, 10.94582 ], [ -74.903279, 10.945775 ], [ -74.903, 10.945582 ], [ -74.902688, 10.945683 ], [ -74.902446, 10.945675 ], [ -74.901924, 10.945376 ], [ -74.901522, 10.944882 ], [ -74.901329, 10.944403 ], [ -74.901326, 10.944131 ], [ -74.901344, 10.944031 ], [ -74.901398, 10.943945 ], [ -74.90159, 10.943748 ], [ -74.90214, 10.943385 ], [ -74.902164, 10.943315 ], [ -74.902127, 10.94314 ], [ -74.902032, 10.942933 ], [ -74.901677, 10.942523 ], [ -74.901485, 10.942198 ], [ -74.901337, 10.941716 ], [ -74.901307, 10.941256 ], [ -74.901378, 10.940851 ], [ -74.90163, 10.940272 ], [ -74.901926, 10.939827 ], [ -74.902304, 10.939418 ], [ -74.902821, 10.939025 ], [ -74.903589, 10.938582 ], [ -74.904928, 10.938134 ], [ -74.905317, 10.937939 ], [ -74.90548, 10.9378 ], [ -74.905703, 10.937522 ], [ -74.905994, 10.93694 ], [ -74.906079, 10.936538 ], [ -74.906128, 10.935939 ], [ -74.90612, 10.935634 ], [ -74.906084, 10.935511 ], [ -74.905939, 10.93546 ], [ -74.904996, 10.935504 ], [ -74.904548, 10.935456 ], [ -74.904246, 10.935309 ], [ -74.903958, 10.935037 ], [ -74.903657, 10.934558 ], [ -74.903431, 10.93396 ], [ -74.903051, 10.932233 ], [ -74.903029, 10.931928 ], [ -74.901837, 10.930182 ], [ -74.901716, 10.92981 ], [ -74.901722, 10.929402 ], [ -74.901684, 10.929252 ], [ -74.901173, 10.928451 ], [ -74.900641, 10.927275 ], [ -74.900461, 10.926697 ], [ -74.900389, 10.926148 ], [ -74.900432, 10.925672 ], [ -74.900618, 10.925142 ], [ -74.900658, 10.924933 ], [ -74.900662, 10.924593 ], [ -74.900604, 10.924222 ], [ -74.900377, 10.923592 ], [ -74.899757, 10.922907 ], [ -74.899553, 10.922521 ], [ -74.899525, 10.922416 ], [ -74.899508, 10.922033 ], [ -74.899579, 10.921587 ], [ -74.899709, 10.921104 ], [ -74.899948, 10.920548 ], [ -74.899979, 10.92035 ], [ -74.899932, 10.920032 ], [ -74.899624, 10.919051 ], [ -74.89936, 10.9171 ], [ -74.899362, 10.915788 ], [ -74.899448, 10.915209 ], [ -74.899592, 10.914696 ], [ -74.899848, 10.91418 ], [ -74.90021, 10.91377 ], [ -74.900657, 10.91341 ], [ -74.902046, 10.912458 ], [ -74.90236, 10.912163 ], [ -74.902553, 10.911893 ], [ -74.902683, 10.911489 ], [ -74.902706, 10.910801 ], [ -74.90264, 10.910115 ], [ -74.902393, 10.909085 ], [ -74.902358, 10.908461 ], [ -74.902425, 10.907732 ], [ -74.90258, 10.907173 ], [ -74.902795, 10.906726 ], [ -74.903111, 10.906248 ], [ -74.903962, 10.905275 ], [ -74.904399, 10.904923 ], [ -74.905363, 10.904328 ], [ -74.90571, 10.903996 ], [ -74.90596, 10.903549 ], [ -74.905973, 10.903375 ], [ -74.905735, 10.903105 ], [ -74.905279, 10.902685 ], [ -74.905087, 10.902319 ], [ -74.905083, 10.901992 ], [ -74.905217, 10.901229 ], [ -74.905568, 10.900531 ], [ -74.905661, 10.900241 ], [ -74.905705, 10.898726 ], [ -74.905797, 10.89812 ], [ -74.905982, 10.897748 ], [ -74.906545, 10.896999 ], [ -74.906706, 10.896674 ], [ -74.906786, 10.89639 ], [ -74.906794, 10.895733 ], [ -74.906576, 10.894827 ], [ -74.906527, 10.893893 ], [ -74.906586, 10.893196 ], [ -74.906773, 10.89239 ], [ -74.906796, 10.890987 ], [ -74.906863, 10.890459 ], [ -74.907094, 10.889991 ], [ -74.907344, 10.889715 ], [ -74.907664, 10.889455 ], [ -74.90811, 10.889178 ], [ -74.908182, 10.888935 ], [ -74.908203, 10.887925 ], [ -74.908163, 10.886632 ], [ -74.908099, 10.886309 ], [ -74.907673, 10.885238 ], [ -74.907635, 10.884778 ], [ -74.907685, 10.884378 ], [ -74.907883, 10.883943 ], [ -74.908345, 10.883272 ], [ -74.908605, 10.882213 ], [ -74.908991, 10.881668 ], [ -74.90964, 10.881016 ], [ -74.910061, 10.880664 ], [ -74.910441, 10.880458 ], [ -74.91106, 10.880275 ], [ -74.911239, 10.880192 ], [ -74.911829, 10.879719 ], [ -74.911999, 10.879707 ], [ -74.912143, 10.879796 ], [ -74.912187, 10.879868 ], [ -74.912199, 10.880035 ], [ -74.912166, 10.880114 ], [ -74.911565, 10.880631 ], [ -74.911233, 10.880791 ], [ -74.910673, 10.880951 ], [ -74.910392, 10.881098 ], [ -74.910022, 10.881406 ], [ -74.909399, 10.882032 ], [ -74.909087, 10.882478 ], [ -74.908829, 10.883534 ], [ -74.908349, 10.884231 ], [ -74.908222, 10.884494 ], [ -74.908184, 10.884763 ], [ -74.908216, 10.885152 ], [ -74.908617, 10.886129 ], [ -74.908712, 10.886593 ], [ -74.908751, 10.887916 ], [ -74.908726, 10.889014 ], [ -74.908657, 10.889311 ], [ -74.908522, 10.889552 ], [ -74.907996, 10.889887 ], [ -74.907738, 10.890094 ], [ -74.907527, 10.890326 ], [ -74.907402, 10.890574 ], [ -74.907345, 10.891011 ], [ -74.907322, 10.892427 ], [ -74.907125, 10.893299 ], [ -74.907076, 10.893885 ], [ -74.907115, 10.894726 ], [ -74.907344, 10.895707 ], [ -74.907334, 10.896432 ], [ -74.907229, 10.896843 ], [ -74.907027, 10.89726 ], [ -74.906439, 10.898051 ], [ -74.906311, 10.898315 ], [ -74.906253, 10.898755 ], [ -74.906196, 10.900368 ], [ -74.906067, 10.90076 ], [ -74.905751, 10.901363 ], [ -74.905628, 10.902062 ], [ -74.905628, 10.902183 ], [ -74.905738, 10.902384 ], [ -74.90609, 10.902691 ], [ -74.906166, 10.902455 ], [ -74.906387, 10.90204 ], [ -74.906719, 10.901599 ], [ -74.907222, 10.901113 ], [ -74.907848, 10.900676 ], [ -74.907937, 10.900157 ], [ -74.907995, 10.89932 ], [ -74.908172, 10.898601 ], [ -74.908225, 10.897729 ], [ -74.908289, 10.897338 ], [ -74.908477, 10.896933 ], [ -74.908907, 10.89634 ], [ -74.909012, 10.89608 ], [ -74.909146, 10.895591 ], [ -74.909313, 10.895268 ], [ -74.909777, 10.894658 ], [ -74.910106, 10.894143 ], [ -74.910328, 10.893892 ], [ -74.910618, 10.893732 ], [ -74.911437, 10.893571 ], [ -74.911926, 10.893357 ], [ -74.912294, 10.89308 ], [ -74.912434, 10.892924 ], [ -74.912538, 10.892751 ], [ -74.912556, 10.892549 ], [ -74.912466, 10.892151 ], [ -74.912419, 10.891751 ], [ -74.912387, 10.890644 ], [ -74.912381, 10.888808 ], [ -74.912394, 10.888724 ], [ -74.912494, 10.888588 ], [ -74.91257, 10.888549 ], [ -74.91274, 10.888549 ], [ -74.912877, 10.888647 ], [ -74.91293, 10.888806 ], [ -74.912952, 10.891451 ], [ -74.91299, 10.891951 ], [ -74.913103, 10.892496 ], [ -74.913112, 10.892666 ], [ -74.913065, 10.892909 ], [ -74.912943, 10.893154 ], [ -74.912771, 10.89337 ], [ -74.912477, 10.893644 ], [ -74.912198, 10.893828 ], [ -74.911612, 10.894085 ], [ -74.910948, 10.894209 ], [ -74.910692, 10.8943 ], [ -74.910489, 10.894547 ], [ -74.910225, 10.89497 ], [ -74.909724, 10.895643 ], [ -74.90962, 10.895905 ], [ -74.909485, 10.896395 ], [ -74.909397, 10.896585 ], [ -74.908942, 10.897222 ], [ -74.908821, 10.897473 ], [ -74.908771, 10.897782 ], [ -74.908716, 10.898673 ], [ -74.908519, 10.899523 ], [ -74.908458, 10.900366 ], [ -74.909019, 10.900168 ], [ -74.910053, 10.90001 ], [ -74.911556, 10.900094 ], [ -74.912017, 10.900087 ], [ -74.912704, 10.899956 ], [ -74.912952, 10.899862 ], [ -74.913136, 10.89968 ], [ -74.913427, 10.899173 ], [ -74.913746, 10.898051 ], [ -74.914042, 10.897525 ], [ -74.91441, 10.897219 ], [ -74.91537, 10.896669 ], [ -74.916027, 10.896132 ], [ -74.91632, 10.895786 ], [ -74.916465, 10.895457 ], [ -74.916502, 10.895243 ], [ -74.916474, 10.895144 ], [ -74.916185, 10.894603 ], [ -74.916185, 10.894001 ], [ -74.916363, 10.893752 ], [ -74.916446, 10.893682 ], [ -74.916986, 10.893387 ], [ -74.917092, 10.893268 ], [ -74.917318, 10.892399 ], [ -74.917794, 10.891553 ], [ -74.917909, 10.891276 ], [ -74.917958, 10.890984 ], [ -74.917991, 10.890198 ], [ -74.918079, 10.8898 ], [ -74.918976, 10.888376 ], [ -74.919152, 10.888025 ], [ -74.919231, 10.887767 ], [ -74.919235, 10.887487 ], [ -74.919141, 10.887137 ], [ -74.918438, 10.886144 ], [ -74.917967, 10.885106 ], [ -74.91775, 10.884388 ], [ -74.917686, 10.88375 ], [ -74.91777, 10.883203 ], [ -74.918002, 10.882614 ], [ -74.918298, 10.882186 ], [ -74.918825, 10.88175 ], [ -74.918963, 10.881588 ], [ -74.919037, 10.881405 ], [ -74.919244, 10.880534 ], [ -74.919729, 10.879815 ], [ -74.919832, 10.879604 ], [ -74.919907, 10.87927 ], [ -74.919921, 10.878992 ], [ -74.919625, 10.878238 ], [ -74.919607, 10.877792 ], [ -74.91978, 10.877532 ], [ -74.920123, 10.877274 ], [ -74.920745, 10.876922 ], [ -74.921378, 10.876675 ], [ -74.922366, 10.876494 ], [ -74.923386, 10.876513 ], [ -74.923546, 10.876567 ], [ -74.923644, 10.876705 ], [ -74.92364, 10.876873 ], [ -74.9236, 10.876947 ], [ -74.923461, 10.877043 ], [ -74.922384, 10.877037 ], [ -74.921507, 10.877203 ], [ -74.921001, 10.877402 ], [ -74.92043, 10.877724 ], [ -74.920198, 10.877887 ], [ -74.920148, 10.877955 ], [ -74.920153, 10.878084 ], [ -74.920453, 10.878849 ], [ -74.920472, 10.878961 ], [ -74.920448, 10.879365 ], [ -74.920361, 10.879752 ], [ -74.920197, 10.880101 ], [ -74.91973, 10.880792 ], [ -74.919569, 10.88154 ], [ -74.919457, 10.88183 ], [ -74.919195, 10.882151 ], [ -74.918681, 10.882577 ], [ -74.918501, 10.882842 ], [ -74.918306, 10.883322 ], [ -74.918236, 10.883736 ], [ -74.918284, 10.88426 ], [ -74.918476, 10.884902 ], [ -74.918903, 10.885854 ], [ -74.919659, 10.886951 ], [ -74.919785, 10.887457 ], [ -74.919767, 10.887887 ], [ -74.919654, 10.888245 ], [ -74.919461, 10.88863 ], [ -74.918603, 10.889967 ], [ -74.918538, 10.890246 ], [ -74.918505, 10.891023 ], [ -74.918445, 10.891395 ], [ -74.918282, 10.891802 ], [ -74.917816, 10.892631 ], [ -74.917585, 10.893524 ], [ -74.917293, 10.893839 ], [ -74.91676, 10.89413 ], [ -74.91672, 10.89418 ], [ -74.916724, 10.894463 ], [ -74.916993, 10.894966 ], [ -74.917054, 10.895275 ], [ -74.916982, 10.895644 ], [ -74.916808, 10.896039 ], [ -74.916396, 10.896534 ], [ -74.915702, 10.897102 ], [ -74.914707, 10.897676 ], [ -74.91444, 10.897903 ], [ -74.914267, 10.898226 ], [ -74.913921, 10.899412 ], [ -74.913595, 10.89998 ], [ -74.913299, 10.900286 ], [ -74.913203, 10.900348 ], [ -74.912832, 10.900484 ], [ -74.912049, 10.900629 ], [ -74.911534, 10.900636 ], [ -74.910108, 10.900551 ], [ -74.90913, 10.9007 ], [ -74.908596, 10.900894 ], [ -74.908057, 10.901182 ], [ -74.907562, 10.901539 ], [ -74.907145, 10.901943 ], [ -74.906862, 10.902313 ], [ -74.906665, 10.902684 ], [ -74.906544, 10.903091 ], [ -74.906503, 10.903648 ], [ -74.90647, 10.903759 ], [ -74.906171, 10.904294 ], [ -74.905679, 10.904773 ], [ -74.904704, 10.905374 ], [ -74.904362, 10.905648 ], [ -74.903539, 10.906589 ], [ -74.903281, 10.906978 ], [ -74.903103, 10.907341 ], [ -74.902961, 10.907852 ], [ -74.902907, 10.908488 ], [ -74.902933, 10.908984 ], [ -74.903179, 10.910008 ], [ -74.903255, 10.910802 ], [ -74.90323, 10.911545 ], [ -74.903026, 10.912171 ], [ -74.902758, 10.912538 ], [ -74.902409, 10.912865 ], [ -74.900996, 10.913838 ], [ -74.900575, 10.914175 ], [ -74.900288, 10.914506 ], [ -74.900114, 10.914866 ], [ -74.899988, 10.915308 ], [ -74.899911, 10.91581 ], [ -74.899906, 10.917047 ], [ -74.900165, 10.918956 ], [ -74.900463, 10.919889 ], [ -74.900528, 10.920394 ], [ -74.900466, 10.920729 ], [ -74.900222, 10.921297 ], [ -74.900114, 10.92171 ], [ -74.900056, 10.922087 ], [ -74.90007, 10.92233 ], [ -74.900191, 10.922573 ], [ -74.900822, 10.92327 ], [ -74.900876, 10.92336 ], [ -74.901143, 10.924114 ], [ -74.901211, 10.924577 ], [ -74.901202, 10.92501 ], [ -74.901142, 10.925306 ], [ -74.900975, 10.925762 ], [ -74.900937, 10.926113 ], [ -74.900993, 10.926561 ], [ -74.901161, 10.927099 ], [ -74.901666, 10.928211 ], [ -74.902205, 10.929077 ], [ -74.902271, 10.929375 ], [ -74.902265, 10.929767 ], [ -74.902339, 10.929961 ], [ -74.903283, 10.931334 ], [ -74.903843, 10.930898 ], [ -74.903969, 10.930729 ], [ -74.90403, 10.93045 ], [ -74.904056, 10.929405 ], [ -74.904149, 10.929117 ], [ -74.904311, 10.928834 ], [ -74.904885, 10.928196 ], [ -74.905568, 10.927621 ], [ -74.906132, 10.927236 ], [ -74.906278, 10.927049 ], [ -74.906336, 10.926755 ], [ -74.906318, 10.925674 ], [ -74.906595, 10.924852 ], [ -74.906502, 10.924096 ], [ -74.906627, 10.923785 ], [ -74.906953, 10.923314 ], [ -74.90697, 10.92271 ], [ -74.906997, 10.9226 ], [ -74.907251, 10.922115 ], [ -74.907643, 10.921729 ], [ -74.909113, 10.920571 ], [ -74.909565, 10.920106 ], [ -74.910119, 10.919333 ], [ -74.910487, 10.918476 ], [ -74.91076, 10.918012 ], [ -74.911184, 10.917469 ], [ -74.911665, 10.917014 ], [ -74.912016, 10.916804 ], [ -74.91247, 10.916663 ], [ -74.914288, 10.916446 ], [ -74.914547, 10.916349 ], [ -74.914714, 10.916227 ], [ -74.914879, 10.915956 ], [ -74.915127, 10.915006 ], [ -74.915331, 10.914573 ], [ -74.915722, 10.914207 ], [ -74.916517, 10.913773 ], [ -74.91681, 10.913406 ], [ -74.917016, 10.912901 ], [ -74.917024, 10.912365 ], [ -74.917137, 10.912084 ], [ -74.917286, 10.911997 ], [ -74.917561, 10.912012 ], [ -74.918359, 10.9124 ], [ -74.918451, 10.912384 ], [ -74.918859, 10.911984 ], [ -74.919243, 10.911117 ], [ -74.919536, 10.910701 ], [ -74.920074, 10.910171 ], [ -74.920273, 10.910045 ], [ -74.920475, 10.909255 ], [ -74.920606, 10.908368 ], [ -74.920771, 10.907785 ], [ -74.920818, 10.907172 ], [ -74.920807, 10.904605 ], [ -74.92078, 10.903911 ], [ -74.920695, 10.903409 ], [ -74.920618, 10.903239 ], [ -74.920416, 10.902996 ], [ -74.920389, 10.902915 ], [ -74.920389, 10.902831 ], [ -74.920465, 10.902681 ], [ -74.920616, 10.902604 ], [ -74.920783, 10.902629 ], [ -74.920956, 10.902779 ], [ -74.921075, 10.902938 ], [ -74.921162, 10.903098 ], [ -74.921258, 10.903389 ], [ -74.921337, 10.904016 ], [ -74.921369, 10.906506 ], [ -74.921348, 10.907593 ], [ -74.921282, 10.908017 ], [ -74.921142, 10.908487 ], [ -74.921014, 10.909358 ], [ -74.920884, 10.909821 ], [ -74.921358, 10.909769 ], [ -74.922179, 10.909856 ], [ -74.922807, 10.909979 ], [ -74.923694, 10.910348 ], [ -74.923988, 10.910394 ], [ -74.924278, 10.910314 ], [ -74.924864, 10.910013 ], [ -74.925271, 10.909765 ], [ -74.925525, 10.909547 ], [ -74.925801, 10.909129 ], [ -74.925857, 10.90866 ], [ -74.92583, 10.908336 ], [ -74.925616, 10.90739 ], [ -74.925548, 10.9068 ], [ -74.925496, 10.905781 ], [ -74.925528, 10.904908 ], [ -74.925606, 10.90432 ], [ -74.925833, 10.903363 ], [ -74.925831, 10.902712 ], [ -74.925701, 10.902552 ], [ -74.925619, 10.902194 ], [ -74.925525, 10.900273 ], [ -74.925196, 10.899048 ], [ -74.925012, 10.898757 ], [ -74.924431, 10.898078 ], [ -74.924308, 10.897838 ], [ -74.924255, 10.897596 ], [ -74.924267, 10.897374 ], [ -74.924352, 10.896991 ], [ -74.924476, 10.89613 ], [ -74.924673, 10.895373 ], [ -74.924704, 10.89466 ], [ -74.924676, 10.894319 ], [ -74.924624, 10.894144 ], [ -74.924531, 10.894004 ], [ -74.923958, 10.893537 ], [ -74.923461, 10.893078 ], [ -74.923078, 10.892681 ], [ -74.922832, 10.892355 ], [ -74.922585, 10.891871 ], [ -74.922489, 10.89158 ], [ -74.922439, 10.891182 ], [ -74.922453, 10.890663 ], [ -74.922508, 10.890369 ], [ -74.922607, 10.890118 ], [ -74.92318, 10.889235 ], [ -74.923541, 10.888824 ], [ -74.924364, 10.88799 ], [ -74.924582, 10.887726 ], [ -74.924855, 10.887219 ], [ -74.925147, 10.886486 ], [ -74.925713, 10.885598 ], [ -74.926219, 10.884932 ], [ -74.926318, 10.884755 ], [ -74.92636, 10.88453 ], [ -74.926403, 10.884456 ], [ -74.926544, 10.884364 ], [ -74.926714, 10.884372 ], [ -74.926846, 10.884477 ], [ -74.926882, 10.884554 ], [ -74.926873, 10.884821 ], [ -74.926753, 10.885107 ], [ -74.926168, 10.885902 ], [ -74.925625, 10.886753 ], [ -74.925351, 10.887451 ], [ -74.925029, 10.888041 ], [ -74.924682, 10.88845 ], [ -74.923695, 10.889466 ], [ -74.923101, 10.890355 ], [ -74.923014, 10.890616 ], [ -74.922985, 10.890935 ], [ -74.923009, 10.891373 ], [ -74.923088, 10.891653 ], [ -74.923297, 10.892067 ], [ -74.923578, 10.892419 ], [ -74.924223, 10.893044 ], [ -74.924804, 10.893511 ], [ -74.925018, 10.89374 ], [ -74.92514, 10.893456 ], [ -74.925323, 10.89319 ], [ -74.92624, 10.892223 ], [ -74.926457, 10.891958 ], [ -74.92657, 10.891749 ], [ -74.926758, 10.891096 ], [ -74.926929, 10.890789 ], [ -74.927192, 10.890472 ], [ -74.927998, 10.889643 ], [ -74.928186, 10.889387 ], [ -74.928253, 10.889224 ], [ -74.928288, 10.889025 ], [ -74.928337, 10.887894 ], [ -74.928444, 10.887485 ], [ -74.928648, 10.887197 ], [ -74.929223, 10.886743 ], [ -74.929528, 10.886418 ], [ -74.929653, 10.886175 ], [ -74.929704, 10.885853 ], [ -74.929694, 10.883603 ], [ -74.929661, 10.883306 ], [ -74.929249, 10.882454 ], [ -74.929177, 10.882271 ], [ -74.929138, 10.882047 ], [ -74.928943, 10.881716 ], [ -74.928818, 10.881271 ], [ -74.928614, 10.880867 ], [ -74.928686, 10.880496 ], [ -74.92868, 10.880009 ], [ -74.928752, 10.879882 ], [ -74.929, 10.879635 ], [ -74.929069, 10.879585 ], [ -74.929237, 10.879558 ], [ -74.929388, 10.879634 ], [ -74.929465, 10.879783 ], [ -74.929439, 10.879949 ], [ -74.929225, 10.880181 ], [ -74.929236, 10.880515 ], [ -74.929177, 10.880797 ], [ -74.92934, 10.881099 ], [ -74.929443, 10.881489 ], [ -74.929662, 10.881853 ], [ -74.929709, 10.882134 ], [ -74.930122, 10.882979 ], [ -74.930227, 10.883341 ], [ -74.930266, 10.885468 ], [ -74.930213, 10.886192 ], [ -74.930119, 10.886492 ], [ -74.929889, 10.886842 ], [ -74.929588, 10.887148 ], [ -74.929029, 10.887588 ], [ -74.928947, 10.887704 ], [ -74.928872, 10.888063 ], [ -74.928816, 10.889215 ], [ -74.928741, 10.889494 ], [ -74.92866, 10.889661 ], [ -74.928411, 10.889999 ], [ -74.927593, 10.890842 ], [ -74.927375, 10.891105 ], [ -74.927262, 10.891312 ], [ -74.927074, 10.891963 ], [ -74.926916, 10.892256 ], [ -74.926644, 10.89259 ], [ -74.925828, 10.893437 ], [ -74.925579, 10.893801 ], [ -74.925519, 10.893993 ], [ -74.925387, 10.894758 ], [ -74.925324, 10.894945 ], [ -74.925245, 10.895074 ], [ -74.925195, 10.895579 ], [ -74.925014, 10.896234 ], [ -74.924893, 10.897084 ], [ -74.924809, 10.897468 ], [ -74.924805, 10.897573 ], [ -74.924888, 10.897777 ], [ -74.925531, 10.898535 ], [ -74.925698, 10.898826 ], [ -74.925781, 10.899075 ], [ -74.92607, 10.900207 ], [ -74.926148, 10.901983 ], [ -74.926305, 10.901836 ], [ -74.926591, 10.901693 ], [ -74.926758, 10.901667 ], [ -74.926909, 10.901743 ], [ -74.927063, 10.901895 ], [ -74.92737, 10.901903 ], [ -74.927487, 10.901932 ], [ -74.927945, 10.902161 ], [ -74.928151, 10.902199 ], [ -74.928662, 10.902158 ], [ -74.929207, 10.902006 ], [ -74.929281, 10.901953 ], [ -74.929301, 10.9019 ], [ -74.929191, 10.901001 ], [ -74.92928, 10.900517 ], [ -74.929536, 10.900285 ], [ -74.929632, 10.900234 ], [ -74.930208, 10.900061 ], [ -74.93033, 10.899993 ], [ -74.93045, 10.899514 ], [ -74.930811, 10.899117 ], [ -74.931087, 10.898966 ], [ -74.931595, 10.898917 ], [ -74.931693, 10.89888 ], [ -74.931831, 10.898754 ], [ -74.932214, 10.898254 ], [ -74.932499, 10.898042 ], [ -74.932637, 10.897994 ], [ -74.932838, 10.89798 ], [ -74.933424, 10.898119 ], [ -74.933634, 10.898124 ], [ -74.934053, 10.898045 ], [ -74.934448, 10.89788 ], [ -74.934761, 10.897647 ], [ -74.935008, 10.89713 ], [ -74.935174, 10.8969 ], [ -74.935533, 10.89659 ], [ -74.935917, 10.896379 ], [ -74.936348, 10.896243 ], [ -74.936803, 10.896184 ], [ -74.937734, 10.896282 ], [ -74.937862, 10.89625 ], [ -74.938016, 10.896165 ], [ -74.938234, 10.895974 ], [ -74.938467, 10.895687 ], [ -74.939031, 10.894722 ], [ -74.939138, 10.894441 ], [ -74.939325, 10.893661 ], [ -74.93955, 10.893199 ], [ -74.940005, 10.892667 ], [ -74.940789, 10.891997 ], [ -74.941121, 10.89181 ], [ -74.941427, 10.891733 ], [ -74.942084, 10.891871 ], [ -74.942186, 10.891866 ], [ -74.942286, 10.891807 ], [ -74.942722, 10.89136 ], [ -74.943024, 10.891178 ], [ -74.943312, 10.891112 ], [ -74.944066, 10.891047 ], [ -74.944904, 10.890627 ], [ -74.945697, 10.890488 ], [ -74.94583, 10.890418 ], [ -74.945603, 10.890129 ], [ -74.945542, 10.88985 ], [ -74.945553, 10.889709 ], [ -74.945678, 10.889393 ], [ -74.946058, 10.888856 ], [ -74.946157, 10.888632 ], [ -74.946206, 10.888322 ], [ -74.946223, 10.887475 ], [ -74.946346, 10.886971 ], [ -74.946535, 10.886643 ], [ -74.94705, 10.885904 ], [ -74.94696, 10.885642 ], [ -74.946367, 10.884963 ], [ -74.946019, 10.88437 ], [ -74.945957, 10.883891 ], [ -74.945968, 10.883033 ], [ -74.94586, 10.882738 ], [ -74.945671, 10.882482 ], [ -74.945633, 10.882296 ], [ -74.945311, 10.881695 ], [ -74.94522, 10.881365 ], [ -74.944896, 10.880837 ], [ -74.944757, 10.880423 ], [ -74.944719, 10.880174 ], [ -74.944747, 10.879919 ], [ -74.944826, 10.879751 ], [ -74.94501, 10.878867 ], [ -74.944973, 10.878532 ], [ -74.944813, 10.878258 ], [ -74.943941, 10.877323 ], [ -74.943417, 10.876607 ], [ -74.94271, 10.875903 ], [ -74.942443, 10.875703 ], [ -74.942184, 10.875588 ], [ -74.94141, 10.875325 ], [ -74.940585, 10.87508 ], [ -74.940316, 10.875032 ], [ -74.940243, 10.874988 ], [ -74.940154, 10.874845 ], [ -74.940168, 10.874678 ], [ -74.940278, 10.87455 ], [ -74.940443, 10.874511 ], [ -74.940595, 10.874526 ], [ -74.941565, 10.874804 ], [ -74.942522, 10.875134 ], [ -74.942841, 10.875313 ], [ -74.943269, 10.875673 ], [ -74.943745, 10.876155 ], [ -74.944002, 10.87646 ], [ -74.944361, 10.876975 ], [ -74.945067, 10.877719 ], [ -74.945336, 10.878047 ], [ -74.945505, 10.878397 ], [ -74.945554, 10.878655 ], [ -74.945559, 10.878873 ], [ -74.945523, 10.879165 ], [ -74.9454, 10.879605 ], [ -74.945357, 10.879919 ], [ -74.945281, 10.880055 ], [ -74.945288, 10.880283 ], [ -74.945383, 10.880585 ], [ -74.94561, 10.880921 ], [ -74.945724, 10.88115 ], [ -74.945822, 10.881493 ], [ -74.946127, 10.882051 ], [ -74.946184, 10.882264 ], [ -74.946362, 10.882515 ], [ -74.946501, 10.882897 ], [ -74.946506, 10.883875 ], [ -74.946538, 10.884163 ], [ -74.946821, 10.884657 ], [ -74.947341, 10.885234 ], [ -74.947475, 10.885031 ], [ -74.947694, 10.884933 ], [ -74.947865, 10.884926 ], [ -74.948196, 10.885019 ], [ -74.948254, 10.884992 ], [ -74.948399, 10.884825 ], [ -74.948364, 10.884521 ], [ -74.948392, 10.884366 ], [ -74.948506, 10.884175 ], [ -74.948745, 10.884039 ], [ -74.948998, 10.884 ], [ -74.94917, 10.884045 ], [ -74.949472, 10.884411 ], [ -74.949677, 10.884562 ], [ -74.949798, 10.884604 ], [ -74.949853, 10.884598 ], [ -74.949938, 10.884414 ], [ -74.950001, 10.884356 ], [ -74.950614, 10.884177 ], [ -74.951151, 10.883836 ], [ -74.952542, 10.882482 ], [ -74.952798, 10.882109 ], [ -74.952947, 10.881744 ], [ -74.953013, 10.881386 ], [ -74.953009, 10.88112 ], [ -74.952958, 10.880867 ], [ -74.952705, 10.88036 ], [ -74.952607, 10.88003 ], [ -74.952523, 10.87904 ], [ -74.952537, 10.878303 ], [ -74.95265, 10.877623 ], [ -74.952832, 10.877121 ], [ -74.953136, 10.876607 ], [ -74.95318, 10.876415 ], [ -74.953134, 10.876052 ], [ -74.952792, 10.874996 ], [ -74.952753, 10.874616 ], [ -74.952791, 10.874289 ], [ -74.953148, 10.872992 ], [ -74.953369, 10.871196 ], [ -74.952973, 10.870165 ], [ -74.952808, 10.869609 ], [ -74.952749, 10.869511 ], [ -74.952569, 10.869337 ], [ -74.952427, 10.869127 ], [ -74.952353, 10.868896 ], [ -74.952254, 10.868181 ], [ -74.952148, 10.867977 ], [ -74.952044, 10.867907 ], [ -74.951851, 10.867858 ], [ -74.951123, 10.867779 ], [ -74.95085, 10.867706 ], [ -74.950562, 10.867557 ], [ -74.949968, 10.867138 ], [ -74.949702, 10.867046 ], [ -74.949242, 10.867008 ], [ -74.948737, 10.867029 ], [ -74.948377, 10.867092 ], [ -74.947842, 10.86725 ], [ -74.947388, 10.867299 ], [ -74.947226, 10.86725 ], [ -74.947165, 10.86719 ], [ -74.94711, 10.867031 ], [ -74.947161, 10.866871 ], [ -74.947297, 10.866771 ], [ -74.947729, 10.866719 ], [ -74.94854, 10.866507 ], [ -74.948971, 10.86647 ], [ -74.949521, 10.866477 ], [ -74.949818, 10.866515 ], [ -74.95011, 10.866603 ], [ -74.95035, 10.866734 ], [ -74.950866, 10.867105 ], [ -74.951037, 10.867195 ], [ -74.951322, 10.86726 ], [ -74.952057, 10.867343 ], [ -74.952319, 10.867436 ], [ -74.952571, 10.867627 ], [ -74.952727, 10.86787 ], [ -74.952789, 10.868059 ], [ -74.952891, 10.868785 ], [ -74.952934, 10.868914 ], [ -74.953154, 10.869143 ], [ -74.953293, 10.869354 ], [ -74.953672, 10.870464 ], [ -74.953929, 10.869842 ], [ -74.953978, 10.868954 ], [ -74.954042, 10.868613 ], [ -74.954203, 10.86826 ], [ -74.954695, 10.867492 ], [ -74.954786, 10.866778 ], [ -74.954383, 10.866432 ], [ -74.953979, 10.866 ], [ -74.95378, 10.865713 ], [ -74.953307, 10.86487 ], [ -74.952837, 10.864209 ], [ -74.952592, 10.86398 ], [ -74.952232, 10.863785 ], [ -74.951653, 10.86354 ], [ -74.951173, 10.863225 ], [ -74.950696, 10.862862 ], [ -74.950524, 10.862779 ], [ -74.949279, 10.862872 ], [ -74.948967, 10.862863 ], [ -74.948829, 10.862767 ], [ -74.948789, 10.862692 ], [ -74.948787, 10.862524 ], [ -74.948884, 10.862387 ], [ -74.949045, 10.862333 ], [ -74.949776, 10.862297 ], [ -74.950401, 10.862225 ], [ -74.950623, 10.862244 ], [ -74.95099, 10.862403 ], [ -74.951915, 10.863063 ], [ -74.952465, 10.863293 ], [ -74.952881, 10.863518 ], [ -74.953168, 10.863753 ], [ -74.953693, 10.864467 ], [ -74.954258, 10.865445 ], [ -74.954413, 10.865667 ], [ -74.954765, 10.866042 ], [ -74.955082, 10.866316 ], [ -74.955284, 10.866099 ], [ -74.955508, 10.865793 ], [ -74.955725, 10.865419 ], [ -74.955849, 10.86509 ], [ -74.955902, 10.864745 ], [ -74.955891, 10.864426 ], [ -74.955812, 10.864127 ], [ -74.955667, 10.86384 ], [ -74.955261, 10.863227 ], [ -74.954784, 10.862641 ], [ -74.95436, 10.862051 ], [ -74.954097, 10.861849 ], [ -74.953247, 10.861601 ], [ -74.952772, 10.86133 ], [ -74.952173, 10.861076 ], [ -74.951876, 10.8609 ], [ -74.951425, 10.860511 ], [ -74.95103, 10.860094 ], [ -74.951006, 10.859928 ], [ -74.951085, 10.859779 ], [ -74.951237, 10.859705 ], [ -74.951404, 10.859734 ], [ -74.952002, 10.860301 ], [ -74.952284, 10.860519 ], [ -74.952836, 10.860754 ], [ -74.953478, 10.861108 ], [ -74.954119, 10.861275 ], [ -74.954373, 10.861379 ], [ -74.954582, 10.861517 ], [ -74.954885, 10.861821 ], [ -74.955223, 10.862316 ], [ -74.955779, 10.86301 ], [ -74.956144, 10.863569 ], [ -74.956336, 10.863963 ], [ -74.956438, 10.864378 ], [ -74.956448, 10.864801 ], [ -74.956387, 10.865198 ], [ -74.956231, 10.86563 ], [ -74.955977, 10.866075 ], [ -74.95572, 10.86643 ], [ -74.95533, 10.86685 ], [ -74.955232, 10.86762 ], [ -74.955192, 10.867732 ], [ -74.954676, 10.868536 ], [ -74.954575, 10.868749 ], [ -74.954525, 10.869002 ], [ -74.954474, 10.869917 ], [ -74.953901, 10.871333 ], [ -74.953691, 10.873076 ], [ -74.953327, 10.874411 ], [ -74.953302, 10.874645 ], [ -74.953323, 10.874857 ], [ -74.953665, 10.87591 ], [ -74.953731, 10.876395 ], [ -74.953632, 10.876845 ], [ -74.95332, 10.877372 ], [ -74.953177, 10.877779 ], [ -74.953086, 10.878333 ], [ -74.953072, 10.879009 ], [ -74.953152, 10.879957 ], [ -74.953207, 10.88014 ], [ -74.953467, 10.880659 ], [ -74.953552, 10.88104 ], [ -74.953558, 10.881457 ], [ -74.953481, 10.88187 ], [ -74.954319, 10.881621 ], [ -74.954468, 10.8815 ], [ -74.954852, 10.881005 ], [ -74.955085, 10.880783 ], [ -74.955424, 10.880623 ], [ -74.955898, 10.880533 ], [ -74.956101, 10.880416 ], [ -74.956162, 10.880352 ], [ -74.956235, 10.880122 ], [ -74.956386, 10.879884 ], [ -74.957259, 10.879275 ], [ -74.957558, 10.878786 ], [ -74.958052, 10.878509 ], [ -74.958433, 10.877981 ], [ -74.958517, 10.877905 ], [ -74.958766, 10.877777 ], [ -74.959168, 10.877696 ], [ -74.959261, 10.877654 ], [ -74.959955, 10.876926 ], [ -74.960477, 10.876679 ], [ -74.961027, 10.876566 ], [ -74.961415, 10.876611 ], [ -74.961922, 10.876904 ], [ -74.962061, 10.876949 ], [ -74.96239, 10.876959 ], [ -74.962729, 10.876884 ], [ -74.963027, 10.876713 ], [ -74.963677, 10.876116 ], [ -74.964016, 10.875766 ], [ -74.964219, 10.875476 ], [ -74.964322, 10.87525 ], [ -74.964416, 10.87426 ], [ -74.96445, 10.874148 ], [ -74.964993, 10.873191 ], [ -74.965134, 10.872658 ], [ -74.965124, 10.872275 ], [ -74.964878, 10.871052 ], [ -74.964997, 10.869639 ], [ -74.964923, 10.869375 ], [ -74.964698, 10.869085 ], [ -74.964477, 10.868897 ], [ -74.963678, 10.86843 ], [ -74.963213, 10.867997 ], [ -74.962967, 10.86756 ], [ -74.962971, 10.867161 ], [ -74.963078, 10.866841 ], [ -74.963601, 10.866325 ], [ -74.963683, 10.866186 ], [ -74.963737, 10.865887 ], [ -74.963724, 10.86526 ], [ -74.96365, 10.864795 ], [ -74.963245, 10.863397 ], [ -74.96315, 10.861353 ], [ -74.963065, 10.860964 ], [ -74.962683, 10.859801 ], [ -74.962565, 10.858471 ], [ -74.96261, 10.858064 ], [ -74.962848, 10.85751 ], [ -74.962902, 10.857269 ], [ -74.962828, 10.856029 ], [ -74.962874, 10.855542 ], [ -74.963212, 10.854747 ], [ -74.963713, 10.854167 ], [ -74.96384, 10.853939 ], [ -74.963984, 10.853441 ], [ -74.964004, 10.852965 ], [ -74.96395, 10.852739 ], [ -74.963877, 10.852628 ], [ -74.963242, 10.85231 ], [ -74.962744, 10.851843 ], [ -74.962496, 10.851472 ], [ -74.962181, 10.850703 ], [ -74.961537, 10.849976 ], [ -74.961465, 10.849801 ], [ -74.961752, 10.84872 ], [ -74.961851, 10.848444 ], [ -74.962007, 10.848183 ], [ -74.962512, 10.847576 ], [ -74.962683, 10.847305 ], [ -74.962706, 10.847205 ], [ -74.962639, 10.846756 ], [ -74.962643, 10.846424 ], [ -74.962745, 10.846091 ], [ -74.962903, 10.84584 ], [ -74.96346, 10.845233 ], [ -74.963854, 10.844862 ], [ -74.964171, 10.844608 ], [ -74.964516, 10.844423 ], [ -74.96514, 10.844234 ], [ -74.96532, 10.844117 ], [ -74.966029, 10.843258 ], [ -74.966195, 10.843115 ], [ -74.966277, 10.84309 ], [ -74.966444, 10.843118 ], [ -74.966562, 10.843238 ], [ -74.966587, 10.843404 ], [ -74.966559, 10.843484 ], [ -74.965712, 10.844498 ], [ -74.965547, 10.84463 ], [ -74.965351, 10.844735 ], [ -74.964708, 10.844931 ], [ -74.964492, 10.845048 ], [ -74.963846, 10.845619 ], [ -74.963495, 10.845983 ], [ -74.963289, 10.846242 ], [ -74.963212, 10.846391 ], [ -74.963179, 10.846597 ], [ -74.963256, 10.847216 ], [ -74.963191, 10.847512 ], [ -74.963021, 10.847811 ], [ -74.962523, 10.848405 ], [ -74.962344, 10.848682 ], [ -74.962051, 10.849726 ], [ -74.962632, 10.850392 ], [ -74.962993, 10.851241 ], [ -74.963181, 10.851512 ], [ -74.963586, 10.851885 ], [ -74.964246, 10.852213 ], [ -74.964436, 10.852482 ], [ -74.964547, 10.852876 ], [ -74.964531, 10.853495 ], [ -74.964359, 10.854117 ], [ -74.964145, 10.854504 ], [ -74.963697, 10.855004 ], [ -74.963416, 10.855639 ], [ -74.963377, 10.856019 ], [ -74.963446, 10.85735 ], [ -74.96336, 10.857707 ], [ -74.963149, 10.858171 ], [ -74.963114, 10.858454 ], [ -74.963215, 10.859664 ], [ -74.963592, 10.86081 ], [ -74.963692, 10.861261 ], [ -74.963782, 10.863279 ], [ -74.963805, 10.863357 ], [ -74.964011, 10.862806 ], [ -74.964185, 10.862492 ], [ -74.965571, 10.861169 ], [ -74.96619, 10.860527 ], [ -74.96639, 10.860265 ], [ -74.966722, 10.859608 ], [ -74.966968, 10.85936 ], [ -74.967656, 10.858862 ], [ -74.968089, 10.85859 ], [ -74.968695, 10.858125 ], [ -74.968975, 10.857967 ], [ -74.969778, 10.857733 ], [ -74.97037, 10.85742 ], [ -74.970694, 10.857308 ], [ -74.970893, 10.857306 ], [ -74.970972, 10.857339 ], [ -74.971083, 10.857466 ], [ -74.971096, 10.857633 ], [ -74.971007, 10.857776 ], [ -74.970934, 10.857821 ], [ -74.970696, 10.85787 ], [ -74.96997, 10.858242 ], [ -74.969273, 10.858434 ], [ -74.9691, 10.858512 ], [ -74.968413, 10.859029 ], [ -74.967972, 10.859306 ], [ -74.967318, 10.859778 ], [ -74.967175, 10.859915 ], [ -74.966866, 10.860535 ], [ -74.966602, 10.860885 ], [ -74.965676, 10.86183 ], [ -74.96463, 10.862811 ], [ -74.964562, 10.862914 ], [ -74.964363, 10.863415 ], [ -74.964307, 10.863615 ], [ -74.964269, 10.863974 ], [ -74.964286, 10.865903 ], [ -74.964215, 10.866328 ], [ -74.964011, 10.866688 ], [ -74.963555, 10.867127 ], [ -74.963508, 10.86728 ], [ -74.963508, 10.867425 ], [ -74.963622, 10.867632 ], [ -74.964032, 10.868014 ], [ -74.964774, 10.868441 ], [ -74.965077, 10.868692 ], [ -74.965437, 10.869179 ], [ -74.965548, 10.869635 ], [ -74.965429, 10.871057 ], [ -74.965666, 10.872188 ], [ -74.965684, 10.872682 ], [ -74.965489, 10.873425 ], [ -74.964959, 10.874361 ], [ -74.96489, 10.875213 ], [ -74.964835, 10.875446 ], [ -74.964684, 10.875765 ], [ -74.964427, 10.876126 ], [ -74.964056, 10.876509 ], [ -74.963378, 10.877131 ], [ -74.96289, 10.877405 ], [ -74.962476, 10.877496 ], [ -74.962005, 10.87749 ], [ -74.961656, 10.87738 ], [ -74.961273, 10.877137 ], [ -74.961083, 10.877108 ], [ -74.960682, 10.877183 ], [ -74.960241, 10.877392 ], [ -74.95963, 10.878059 ], [ -74.959542, 10.878123 ], [ -74.959308, 10.878222 ], [ -74.95892, 10.8783 ], [ -74.958846, 10.878343 ], [ -74.958462, 10.878875 ], [ -74.958369, 10.878956 ], [ -74.957959, 10.879175 ], [ -74.957808, 10.879462 ], [ -74.957656, 10.879652 ], [ -74.95681, 10.880233 ], [ -74.956746, 10.880324 ], [ -74.956666, 10.880574 ], [ -74.956475, 10.880815 ], [ -74.956135, 10.881025 ], [ -74.95556, 10.88115 ], [ -74.955428, 10.881209 ], [ -74.955274, 10.881352 ], [ -74.95481, 10.881924 ], [ -74.954912, 10.882007 ], [ -74.955036, 10.882197 ], [ -74.955476, 10.882203 ], [ -74.955842, 10.882166 ], [ -74.956149, 10.882083 ], [ -74.956481, 10.882047 ], [ -74.956667, 10.881965 ], [ -74.956964, 10.882005 ], [ -74.957198, 10.882081 ], [ -74.957438, 10.882216 ], [ -74.958038, 10.882735 ], [ -74.958612, 10.882576 ], [ -74.959059, 10.882503 ], [ -74.960453, 10.882465 ], [ -74.960926, 10.882422 ], [ -74.961205, 10.882331 ], [ -74.961754, 10.882032 ], [ -74.962183, 10.881927 ], [ -74.963003, 10.881889 ], [ -74.963677, 10.881948 ], [ -74.963957, 10.882032 ], [ -74.964392, 10.882228 ], [ -74.964815, 10.882504 ], [ -74.96497, 10.882652 ], [ -74.965066, 10.882792 ], [ -74.965221, 10.883117 ], [ -74.965393, 10.883386 ], [ -74.965546, 10.883511 ], [ -74.966202, 10.883758 ], [ -74.967018, 10.884325 ], [ -74.967694, 10.884561 ], [ -74.967961, 10.884598 ], [ -74.968198, 10.884533 ], [ -74.968511, 10.88428 ], [ -74.968733, 10.884022 ], [ -74.96909, 10.883487 ], [ -74.969448, 10.883073 ], [ -74.970376, 10.882101 ], [ -74.970675, 10.88195 ], [ -74.971136, 10.881878 ], [ -74.972566, 10.881846 ], [ -74.972896, 10.881794 ], [ -74.973513, 10.881636 ], [ -74.973796, 10.881615 ], [ -74.974194, 10.881634 ], [ -74.9745, 10.881698 ], [ -74.975509, 10.882115 ], [ -74.975755, 10.882162 ], [ -74.975886, 10.88227 ], [ -74.97592, 10.882348 ], [ -74.975909, 10.882515 ], [ -74.9758, 10.882644 ], [ -74.975721, 10.882677 ], [ -74.975463, 10.882667 ], [ -74.974331, 10.882214 ], [ -74.973913, 10.882158 ], [ -74.973487, 10.882188 ], [ -74.973027, 10.882321 ], [ -74.97262, 10.882386 ], [ -74.971166, 10.88242 ], [ -74.970834, 10.88247 ], [ -74.970646, 10.882594 ], [ -74.969683, 10.883629 ], [ -74.969458, 10.883907 ], [ -74.969172, 10.884347 ], [ -74.96881, 10.88475 ], [ -74.96843, 10.885026 ], [ -74.968216, 10.885106 ], [ -74.968022, 10.885138 ], [ -74.967765, 10.885131 ], [ -74.967553, 10.885085 ], [ -74.966937, 10.88488 ], [ -74.966656, 10.884747 ], [ -74.965936, 10.884233 ], [ -74.965324, 10.884008 ], [ -74.965126, 10.88389 ], [ -74.96497, 10.883732 ], [ -74.964834, 10.88354 ], [ -74.964535, 10.882985 ], [ -74.964269, 10.882782 ], [ -74.963667, 10.882505 ], [ -74.963117, 10.882435 ], [ -74.962496, 10.882442 ], [ -74.962056, 10.882503 ], [ -74.961879, 10.882572 ], [ -74.961331, 10.88287 ], [ -74.96102, 10.882956 ], [ -74.960606, 10.883001 ], [ -74.959115, 10.883043 ], [ -74.958742, 10.883103 ], [ -74.958191, 10.883261 ], [ -74.957904, 10.883288 ], [ -74.957764, 10.883222 ], [ -74.957132, 10.882667 ], [ -74.956845, 10.882535 ], [ -74.956754, 10.882518 ], [ -74.956594, 10.882581 ], [ -74.956232, 10.88262 ], [ -74.955923, 10.882703 ], [ -74.955485, 10.882746 ], [ -74.954896, 10.882738 ], [ -74.954742, 10.882688 ], [ -74.95447, 10.88235 ], [ -74.95417, 10.88223 ], [ -74.953704, 10.882366 ], [ -74.953259, 10.882601 ], [ -74.952797, 10.882978 ], [ -74.951518, 10.88424 ], [ -74.950875, 10.884656 ], [ -74.950359, 10.884809 ], [ -74.950255, 10.88503 ], [ -74.950176, 10.885091 ], [ -74.949797, 10.88515 ], [ -74.949456, 10.885061 ], [ -74.949113, 10.884824 ], [ -74.948925, 10.884597 ], [ -74.948954, 10.884846 ], [ -74.948925, 10.885001 ], [ -74.948783, 10.885241 ], [ -74.948603, 10.885413 ], [ -74.948242, 10.885578 ], [ -74.947831, 10.885481 ], [ -74.947499, 10.886228 ], [ -74.946992, 10.886944 ], [ -74.946843, 10.887203 ], [ -74.946771, 10.887514 ], [ -74.946754, 10.88835 ], [ -74.946698, 10.888723 ], [ -74.947033, 10.888636 ], [ -74.947358, 10.888629 ], [ -74.947512, 10.888497 ], [ -74.947899, 10.888401 ], [ -74.9485, 10.88803 ], [ -74.949951, 10.888005 ], [ -74.950186, 10.88803 ], [ -74.950426, 10.8881 ], [ -74.950555, 10.888172 ], [ -74.950714, 10.888313 ], [ -74.950854, 10.888539 ], [ -74.951039, 10.88905 ], [ -74.951266, 10.889326 ], [ -74.951606, 10.889664 ], [ -74.952012, 10.889704 ], [ -74.952454, 10.889856 ], [ -74.95412, 10.889851 ], [ -74.954486, 10.889887 ], [ -74.954772, 10.88979 ], [ -74.955333, 10.889417 ], [ -74.955717, 10.88924 ], [ -74.956887, 10.888855 ], [ -74.957449, 10.888808 ], [ -74.958266, 10.888822 ], [ -74.958849, 10.888911 ], [ -74.96015, 10.889341 ], [ -74.960409, 10.889389 ], [ -74.960539, 10.889497 ], [ -74.960572, 10.889576 ], [ -74.960559, 10.889743 ], [ -74.96045, 10.889871 ], [ -74.960371, 10.889904 ], [ -74.960172, 10.889903 ], [ -74.958583, 10.889406 ], [ -74.95797, 10.889352 ], [ -74.957217, 10.889361 ], [ -74.956886, 10.889415 ], [ -74.956698, 10.889504 ], [ -74.955906, 10.889749 ], [ -74.955628, 10.889875 ], [ -74.95504, 10.890264 ], [ -74.954607, 10.89042 ], [ -74.95449, 10.890433 ], [ -74.954107, 10.890394 ], [ -74.952408, 10.890399 ], [ -74.951865, 10.890228 ], [ -74.951465, 10.890198 ], [ -74.951294, 10.890122 ], [ -74.950858, 10.889689 ], [ -74.950582, 10.889352 ], [ -74.950463, 10.889122 ], [ -74.950303, 10.888674 ], [ -74.950189, 10.888591 ], [ -74.950071, 10.888561 ], [ -74.949668, 10.888543 ], [ -74.948657, 10.888562 ], [ -74.948157, 10.888882 ], [ -74.947776, 10.888984 ], [ -74.947576, 10.889148 ], [ -74.947093, 10.889177 ], [ -74.946798, 10.889267 ], [ -74.946441, 10.88926 ], [ -74.946149, 10.889674 ], [ -74.946095, 10.889823 ], [ -74.946109, 10.889898 ], [ -74.946445, 10.890336 ], [ -74.946455, 10.89044 ], [ -74.946421, 10.890656 ], [ -74.9463, 10.890784 ], [ -74.94583, 10.891017 ], [ -74.945114, 10.89113 ], [ -74.944267, 10.891554 ], [ -74.943381, 10.89165 ], [ -74.943203, 10.891694 ], [ -74.943055, 10.891793 ], [ -74.942659, 10.892207 ], [ -74.942348, 10.892393 ], [ -74.942, 10.892409 ], [ -74.941442, 10.892284 ], [ -74.941306, 10.892322 ], [ -74.941094, 10.892449 ], [ -74.940382, 10.893062 ], [ -74.939993, 10.893521 ], [ -74.939853, 10.893813 ], [ -74.939668, 10.894583 ], [ -74.939517, 10.894974 ], [ -74.938909, 10.896011 ], [ -74.938615, 10.896365 ], [ -74.938309, 10.896625 ], [ -74.938098, 10.896741 ], [ -74.937821, 10.89682 ], [ -74.936837, 10.896726 ], [ -74.936486, 10.896769 ], [ -74.936153, 10.896869 ], [ -74.935866, 10.897022 ], [ -74.935596, 10.897248 ], [ -74.935493, 10.897386 ], [ -74.935193, 10.897994 ], [ -74.934693, 10.898367 ], [ -74.93424, 10.898556 ], [ -74.933708, 10.898662 ], [ -74.933378, 10.89866 ], [ -74.932831, 10.898524 ], [ -74.93275, 10.89853 ], [ -74.932626, 10.898616 ], [ -74.932253, 10.899101 ], [ -74.932026, 10.899315 ], [ -74.93175, 10.899439 ], [ -74.931275, 10.899479 ], [ -74.931177, 10.899525 ], [ -74.930949, 10.899766 ], [ -74.93088, 10.900116 ], [ -74.930711, 10.900395 ], [ -74.93045, 10.900548 ], [ -74.929845, 10.900737 ], [ -74.929771, 10.900797 ], [ -74.92974, 10.900975 ], [ -74.929854, 10.901963 ], [ -74.929729, 10.902287 ], [ -74.929403, 10.902515 ], [ -74.928957, 10.90264 ], [ -74.92969, 10.902623 ], [ -74.930097, 10.902475 ], [ -74.930643, 10.902016 ], [ -74.931179, 10.901756 ], [ -74.931729, 10.90164 ], [ -74.932956, 10.901521 ], [ -74.933441, 10.901391 ], [ -74.933884, 10.901165 ], [ -74.935102, 10.900395 ], [ -74.936163, 10.89999 ], [ -74.93704, 10.899777 ], [ -74.938232, 10.899568 ], [ -74.940106, 10.899368 ], [ -74.94103, 10.89936 ], [ -74.941732, 10.899524 ], [ -74.942081, 10.899039 ], [ -74.942399, 10.898894 ], [ -74.942817, 10.898813 ], [ -74.943442, 10.898873 ], [ -74.944325, 10.899166 ], [ -74.945774, 10.899823 ], [ -74.94629, 10.899949 ], [ -74.946909, 10.900039 ], [ -74.947836, 10.900095 ], [ -74.9494, 10.899979 ], [ -74.950745, 10.89997 ], [ -74.951278, 10.900072 ], [ -74.951712, 10.900336 ], [ -74.95214, 10.899999 ], [ -74.952832, 10.899889 ], [ -74.952984, 10.899964 ], [ -74.953062, 10.900113 ], [ -74.953036, 10.900279 ], [ -74.952986, 10.900348 ], [ -74.952836, 10.900425 ], [ -74.952373, 10.900501 ], [ -74.952037, 10.900777 ], [ -74.951732, 10.900896 ], [ -74.951448, 10.900814 ], [ -74.951115, 10.900593 ], [ -74.950719, 10.900513 ], [ -74.949432, 10.90052 ], [ -74.947859, 10.900638 ], [ -74.946864, 10.90058 ], [ -74.946197, 10.900483 ], [ -74.945618, 10.900344 ], [ -74.944109, 10.899665 ], [ -74.943297, 10.899397 ], [ -74.942877, 10.899353 ], [ -74.942585, 10.899406 ], [ -74.942436, 10.899468 ], [ -74.94208, 10.89995 ], [ -74.941944, 10.900042 ], [ -74.941799, 10.900089 ], [ -74.941, 10.899903 ], [ -74.940151, 10.899909 ], [ -74.938319, 10.900104 ], [ -74.937145, 10.90031 ], [ -74.93631, 10.900512 ], [ -74.935374, 10.900867 ], [ -74.934169, 10.901629 ], [ -74.933666, 10.901887 ], [ -74.933033, 10.902059 ], [ -74.931799, 10.902178 ], [ -74.931328, 10.902279 ], [ -74.930973, 10.902452 ], [ -74.930333, 10.902968 ], [ -74.929753, 10.903164 ], [ -74.928923, 10.903185 ], [ -74.927904, 10.902993 ], [ -74.927206, 10.90276 ], [ -74.926935, 10.902559 ], [ -74.926662, 10.902266 ], [ -74.926599, 10.902297 ], [ -74.926454, 10.902459 ], [ -74.926406, 10.902577 ], [ -74.926371, 10.902815 ], [ -74.926375, 10.903454 ], [ -74.926148, 10.904405 ], [ -74.926077, 10.904941 ], [ -74.926045, 10.905789 ], [ -74.926096, 10.906764 ], [ -74.92616, 10.907313 ], [ -74.92637, 10.908235 ], [ -74.926406, 10.908698 ], [ -74.926338, 10.909257 ], [ -74.926295, 10.909373 ], [ -74.925914, 10.909932 ], [ -74.925578, 10.910215 ], [ -74.925126, 10.91049 ], [ -74.924506, 10.910808 ], [ -74.924079, 10.910933 ], [ -74.923962, 10.910939 ], [ -74.923509, 10.91086 ], [ -74.922672, 10.910505 ], [ -74.922084, 10.91039 ], [ -74.921332, 10.910312 ], [ -74.920819, 10.910376 ], [ -74.920436, 10.910581 ], [ -74.919969, 10.911035 ], [ -74.919735, 10.91136 ], [ -74.919283, 10.912333 ], [ -74.918801, 10.912804 ], [ -74.918497, 10.912948 ], [ -74.918257, 10.912936 ], [ -74.91757, 10.912607 ], [ -74.917545, 10.913057 ], [ -74.917266, 10.913711 ], [ -74.916831, 10.914221 ], [ -74.916015, 10.914667 ], [ -74.915803, 10.914855 ], [ -74.915652, 10.915167 ], [ -74.915401, 10.91613 ], [ -74.915156, 10.916553 ], [ -74.915084, 10.916631 ], [ -74.914777, 10.916843 ], [ -74.91445, 10.916965 ], [ -74.912603, 10.91719 ], [ -74.912264, 10.917289 ], [ -74.91202, 10.91743 ], [ -74.911605, 10.917819 ], [ -74.911224, 10.918302 ], [ -74.910986, 10.918704 ], [ -74.910584, 10.919623 ], [ -74.909976, 10.920467 ], [ -74.90947, 10.920984 ], [ -74.907997, 10.922144 ], [ -74.907672, 10.922465 ], [ -74.907517, 10.922783 ], [ -74.907486, 10.923485 ], [ -74.907056, 10.924166 ], [ -74.907149, 10.924909 ], [ -74.906868, 10.925714 ], [ -74.906885, 10.926775 ], [ -74.906804, 10.927215 ], [ -74.906753, 10.927328 ], [ -74.906541, 10.9276 ], [ -74.905913, 10.928043 ], [ -74.905256, 10.928597 ], [ -74.904774, 10.929126 ], [ -74.904643, 10.929357 ], [ -74.904593, 10.929524 ], [ -74.904579, 10.930485 ], [ -74.904493, 10.930901 ], [ -74.904263, 10.93125 ], [ -74.903629, 10.931755 ], [ -74.903574, 10.931861 ], [ -74.903592, 10.932138 ], [ -74.903952, 10.933788 ], [ -74.904161, 10.934342 ], [ -74.904402, 10.934716 ], [ -74.904582, 10.934878 ], [ -74.904727, 10.934941 ], [ -74.904987, 10.934962 ], [ -74.905953, 10.934916 ], [ -74.90626, 10.934979 ], [ -74.906379, 10.935042 ], [ -74.906579, 10.935262 ], [ -74.906751, 10.935097 ], [ -74.906832, 10.934615 ], [ -74.907285, 10.932987 ], [ -74.90773, 10.932091 ], [ -74.907744, 10.930611 ], [ -74.908656, 10.929587 ], [ -74.908912, 10.928216 ], [ -74.908962, 10.928103 ], [ -74.909554, 10.927331 ], [ -74.911333, 10.926484 ], [ -74.912753, 10.925647 ], [ -74.914695, 10.925542 ], [ -74.915811, 10.925114 ], [ -74.917329, 10.924078 ], [ -74.918876, 10.922527 ], [ -74.919401, 10.922081 ], [ -74.919714, 10.921912 ], [ -74.920378, 10.921725 ], [ -74.920591, 10.921614 ], [ -74.921563, 10.920876 ], [ -74.921957, 10.920447 ], [ -74.922215, 10.920264 ], [ -74.922524, 10.920152 ], [ -74.923276, 10.920015 ], [ -74.923459, 10.919931 ], [ -74.925234, 10.918155 ], [ -74.925577, 10.917892 ], [ -74.925986, 10.917734 ], [ -74.926799, 10.917595 ], [ -74.927063, 10.917441 ], [ -74.927542, 10.916997 ], [ -74.927909, 10.916596 ], [ -74.928079, 10.916325 ], [ -74.928277, 10.915826 ], [ -74.928545, 10.91546 ], [ -74.928839, 10.91518 ], [ -74.929179, 10.914951 ], [ -74.929385, 10.914879 ], [ -74.929574, 10.914887 ], [ -74.930181, 10.91542 ], [ -74.930354, 10.915542 ], [ -74.930525, 10.915616 ], [ -74.93135, 10.915749 ], [ -74.931941, 10.915929 ], [ -74.932545, 10.916037 ], [ -74.932949, 10.916141 ], [ -74.933152, 10.916126 ], [ -74.933669, 10.916005 ], [ -74.934077, 10.91597 ], [ -74.934655, 10.915958 ], [ -74.935266, 10.916029 ], [ -74.935906, 10.916295 ], [ -74.936198, 10.916469 ], [ -74.936643, 10.916842 ], [ -74.937695, 10.917857 ], [ -74.937956, 10.918046 ], [ -74.93822, 10.918136 ], [ -74.93869, 10.918174 ], [ -74.939345, 10.918173 ], [ -74.939864, 10.918153 ], [ -74.94021, 10.918105 ], [ -74.940515, 10.917989 ], [ -74.940958, 10.917738 ], [ -74.941716, 10.917067 ], [ -74.941952, 10.917042 ], [ -74.942711, 10.917049 ], [ -74.942805, 10.917095 ], [ -74.943255, 10.917533 ], [ -74.94336, 10.917593 ], [ -74.943665, 10.917693 ], [ -74.943872, 10.917839 ], [ -74.944166, 10.917926 ], [ -74.944658, 10.918267 ], [ -74.945492, 10.918554 ], [ -74.946231, 10.919056 ], [ -74.946412, 10.919115 ], [ -74.946589, 10.919051 ], [ -74.946981, 10.918741 ], [ -74.947657, 10.918386 ], [ -74.948092, 10.918183 ], [ -74.948866, 10.917914 ], [ -74.949303, 10.917827 ], [ -74.949719, 10.917849 ], [ -74.950393, 10.917836 ], [ -74.950587, 10.917814 ], [ -74.95089, 10.917731 ], [ -74.951446, 10.917469 ], [ -74.951783, 10.91725 ], [ -74.952257, 10.917012 ], [ -74.952663, 10.916721 ], [ -74.952816, 10.916521 ], [ -74.953175, 10.915615 ], [ -74.953461, 10.914693 ], [ -74.953567, 10.913642 ], [ -74.953631, 10.91335 ], [ -74.953879, 10.912798 ], [ -74.954081, 10.912501 ], [ -74.954371, 10.912202 ], [ -74.9547, 10.911958 ], [ -74.954926, 10.911853 ], [ -74.955557, 10.91168 ], [ -74.955768, 10.911568 ], [ -74.956835, 10.91064 ], [ -74.957119, 10.910465 ], [ -74.957525, 10.910288 ], [ -74.957746, 10.910149 ], [ -74.95801, 10.909897 ], [ -74.958157, 10.909707 ], [ -74.95825, 10.909535 ], [ -74.958289, 10.909301 ], [ -74.958394, 10.909169 ], [ -74.958471, 10.909133 ], [ -74.958641, 10.909139 ], [ -74.958775, 10.909242 ], [ -74.958811, 10.909319 ], [ -74.958807, 10.909583 ], [ -74.958692, 10.909881 ], [ -74.958429, 10.910247 ], [ -74.958095, 10.910567 ], [ -74.957786, 10.910766 ], [ -74.957377, 10.910945 ], [ -74.957159, 10.911079 ], [ -74.956071, 10.912021 ], [ -74.955741, 10.912191 ], [ -74.955243, 10.912322 ], [ -74.954982, 10.912424 ], [ -74.954734, 10.912609 ], [ -74.954503, 10.912849 ], [ -74.954368, 10.913047 ], [ -74.954152, 10.913521 ], [ -74.954098, 10.913821 ], [ -74.954043, 10.914556 ], [ -74.95399, 10.914839 ], [ -74.953747, 10.915646 ], [ -74.953274, 10.916825 ], [ -74.953078, 10.917078 ], [ -74.952742, 10.917347 ], [ -74.952062, 10.917717 ], [ -74.951734, 10.917932 ], [ -74.951209, 10.918189 ], [ -74.950699, 10.918346 ], [ -74.950212, 10.918391 ], [ -74.949324, 10.918369 ], [ -74.948656, 10.918548 ], [ -74.948301, 10.918685 ], [ -74.947443, 10.919106 ], [ -74.947255, 10.919211 ], [ -74.946888, 10.919507 ], [ -74.946701, 10.919602 ], [ -74.946372, 10.919658 ], [ -74.946139, 10.919611 ], [ -74.945986, 10.919542 ], [ -74.94524, 10.919037 ], [ -74.944429, 10.91876 ], [ -74.944151, 10.918595 ], [ -74.943944, 10.918426 ], [ -74.943676, 10.918348 ], [ -74.943386, 10.918162 ], [ -74.943116, 10.91808 ], [ -74.94293, 10.91797 ], [ -74.943007, 10.918341 ], [ -74.943192, 10.9189 ], [ -74.943311, 10.91916 ], [ -74.943848, 10.919864 ], [ -74.944404, 10.920932 ], [ -74.944681, 10.921168 ], [ -74.944939, 10.921339 ], [ -74.945201, 10.921424 ], [ -74.946176, 10.921519 ], [ -74.946786, 10.921679 ], [ -74.947661, 10.921796 ], [ -74.94831, 10.921965 ], [ -74.948749, 10.922008 ], [ -74.948886, 10.922107 ], [ -74.948938, 10.922267 ], [ -74.948884, 10.922426 ], [ -74.948747, 10.922524 ], [ -74.948329, 10.922517 ], [ -74.947563, 10.922329 ], [ -74.946671, 10.92221 ], [ -74.946087, 10.922055 ], [ -74.945093, 10.921956 ], [ -74.944698, 10.921827 ], [ -74.944347, 10.921598 ], [ -74.943962, 10.921255 ], [ -74.943844, 10.92107 ], [ -74.943461, 10.920279 ], [ -74.942915, 10.919552 ], [ -74.942747, 10.919263 ], [ -74.942438, 10.918351 ], [ -74.942387, 10.91806 ], [ -74.942362, 10.917583 ], [ -74.941936, 10.917585 ], [ -74.941525, 10.917976 ], [ -74.941163, 10.918258 ], [ -74.940637, 10.918533 ], [ -74.940349, 10.918631 ], [ -74.939909, 10.918694 ], [ -74.939354, 10.918716 ], [ -74.938544, 10.918712 ], [ -74.93813, 10.918671 ], [ -74.93781, 10.91858 ], [ -74.93744, 10.918352 ], [ -74.936268, 10.917238 ], [ -74.935873, 10.916907 ], [ -74.935672, 10.916786 ], [ -74.935062, 10.916535 ], [ -74.934623, 10.916499 ], [ -74.934106, 10.916512 ], [ -74.933643, 10.916559 ], [ -74.933134, 10.91668 ], [ -74.93275, 10.916657 ], [ -74.932425, 10.916566 ], [ -74.931802, 10.916454 ], [ -74.93124, 10.916281 ], [ -74.930348, 10.91613 ], [ -74.929944, 10.915924 ], [ -74.929405, 10.91545 ], [ -74.929106, 10.915671 ], [ -74.928866, 10.915926 ], [ -74.928765, 10.916075 ], [ -74.928589, 10.916527 ], [ -74.928448, 10.916786 ], [ -74.928102, 10.917202 ], [ -74.927592, 10.917706 ], [ -74.927252, 10.917974 ], [ -74.927018, 10.918093 ], [ -74.926753, 10.918167 ], [ -74.926389, 10.918218 ], [ -74.926694, 10.918297 ], [ -74.926985, 10.918449 ], [ -74.927233, 10.918637 ], [ -74.928005, 10.919332 ], [ -74.928258, 10.919488 ], [ -74.928447, 10.919539 ], [ -74.929065, 10.919576 ], [ -74.933179, 10.919554 ], [ -74.933741, 10.919628 ], [ -74.934313, 10.919837 ], [ -74.934633, 10.92001 ], [ -74.934775, 10.920143 ], [ -74.935163, 10.92061 ], [ -74.935627, 10.921288 ], [ -74.936, 10.921696 ], [ -74.936077, 10.921845 ], [ -74.936077, 10.92193 ], [ -74.936, 10.922079 ], [ -74.935849, 10.922156 ], [ -74.935763, 10.922156 ], [ -74.935612, 10.92208 ], [ -74.935197, 10.921626 ], [ -74.934723, 10.920934 ], [ -74.93431, 10.92045 ], [ -74.9341, 10.920337 ], [ -74.933605, 10.920154 ], [ -74.933021, 10.920091 ], [ -74.929064, 10.920118 ], [ -74.92836, 10.920075 ], [ -74.928066, 10.919996 ], [ -74.927774, 10.919838 ], [ -74.926875, 10.919048 ], [ -74.926505, 10.918807 ], [ -74.926063, 10.918728 ], [ -74.925434, 10.918732 ], [ -74.923783, 10.92037 ], [ -74.923601, 10.920477 ], [ -74.923412, 10.920541 ], [ -74.922761, 10.920655 ], [ -74.92248, 10.920739 ], [ -74.922341, 10.920835 ], [ -74.921914, 10.921294 ], [ -74.92089, 10.922069 ], [ -74.920593, 10.922224 ], [ -74.919931, 10.922411 ], [ -74.919719, 10.922523 ], [ -74.919261, 10.922914 ], [ -74.917702, 10.924476 ], [ -74.916096, 10.925579 ], [ -74.914767, 10.926081 ], [ -74.912916, 10.926174 ], [ -74.911582, 10.926968 ], [ -74.909908, 10.927757 ], [ -74.90944, 10.928377 ], [ -74.909158, 10.929832 ], [ -74.908275, 10.930813 ], [ -74.908279, 10.932153 ], [ -74.90825, 10.932275 ], [ -74.907807, 10.933156 ], [ -74.907366, 10.934745 ], [ -74.907251, 10.935354 ], [ -74.906677, 10.935927 ], [ -74.906625, 10.936599 ], [ -74.906524, 10.937086 ], [ -74.906183, 10.937787 ], [ -74.905895, 10.938157 ], [ -74.905595, 10.938409 ], [ -74.905121, 10.938642 ], [ -74.903841, 10.939065 ], [ -74.903113, 10.939485 ], [ -74.902693, 10.939801 ], [ -74.902347, 10.940176 ], [ -74.902102, 10.940549 ], [ -74.901913, 10.940976 ], [ -74.901854, 10.941314 ], [ -74.901882, 10.941641 ], [ -74.901978, 10.941958 ], [ -74.902111, 10.94219 ], [ -74.902516, 10.942673 ], [ -74.902658, 10.942999 ], [ -74.902715, 10.94333 ], [ -74.902682, 10.943548 ], [ -74.902561, 10.943736 ], [ -74.901876, 10.944232 ], [ -74.901877, 10.94434 ], [ -74.902007, 10.944626 ], [ -74.902314, 10.94499 ], [ -74.902586, 10.945141 ], [ -74.902935, 10.945023 ], [ -74.903112, 10.945015 ], [ -74.903545, 10.945297 ], [ -74.903754, 10.945334 ], [ -74.903992, 10.945295 ], [ -74.904695, 10.945081 ], [ -74.905167, 10.945047 ], [ -74.905535, 10.945161 ], [ -74.905922, 10.945429 ], [ -74.906123, 10.945717 ], [ -74.906288, 10.946099 ], [ -74.906417, 10.946746 ], [ -74.906824, 10.946998 ], [ -74.906993, 10.947281 ], [ -74.907008, 10.948013 ], [ -74.906833, 10.948911 ], [ -74.906932, 10.949337 ], [ -74.907874, 10.948975 ], [ -74.908419, 10.948854 ], [ -74.909774, 10.948858 ], [ -74.910263, 10.948669 ], [ -74.910665, 10.948317 ], [ -74.910747, 10.948189 ], [ -74.910873, 10.947868 ], [ -74.910965, 10.947452 ], [ -74.911049, 10.947309 ], [ -74.912503, 10.946559 ], [ -74.913098, 10.946043 ], [ -74.91383, 10.944823 ], [ -74.91455, 10.9437 ], [ -74.915514, 10.943091 ], [ -74.915662, 10.943049 ], [ -74.916232, 10.943066 ], [ -74.917061, 10.943331 ], [ -74.917594, 10.943541 ], [ -74.917959, 10.943757 ], [ -74.918415, 10.943925 ], [ -74.919358, 10.943929 ], [ -74.91971, 10.943853 ], [ -74.920143, 10.943686 ], [ -74.920394, 10.943551 ], [ -74.920666, 10.943354 ], [ -74.920871, 10.943255 ], [ -74.92137, 10.943124 ], [ -74.921901, 10.943078 ], [ -74.92257, 10.942426 ], [ -74.923326, 10.942002 ], [ -74.92414, 10.941675 ], [ -74.924747, 10.941275 ], [ -74.925211, 10.940802 ], [ -74.926316, 10.939437 ], [ -74.926832, 10.938596 ], [ -74.927486, 10.937622 ], [ -74.927828, 10.937026 ], [ -74.928173, 10.936248 ], [ -74.928738, 10.935357 ], [ -74.928816, 10.935277 ], [ -74.929933, 10.934509 ], [ -74.930701, 10.934064 ], [ -74.931658, 10.933656 ], [ -74.932535, 10.933021 ], [ -74.932582, 10.932517 ], [ -74.932685, 10.93239 ], [ -74.933396, 10.931919 ], [ -74.934124, 10.931483 ], [ -74.934411, 10.931236 ], [ -74.934819, 10.931032 ], [ -74.935712, 10.930841 ], [ -74.935973, 10.930708 ], [ -74.936497, 10.930222 ], [ -74.936721, 10.929948 ], [ -74.937092, 10.929402 ], [ -74.937369, 10.92911 ], [ -74.937605, 10.928921 ], [ -74.937844, 10.928787 ], [ -74.938015, 10.928728 ], [ -74.939002, 10.928605 ], [ -74.939181, 10.928557 ], [ -74.939347, 10.928466 ], [ -74.939773, 10.928067 ], [ -74.940247, 10.927389 ], [ -74.940511, 10.927077 ], [ -74.940725, 10.926881 ], [ -74.940892, 10.926853 ], [ -74.941044, 10.926928 ], [ -74.941122, 10.927077 ], [ -74.941097, 10.927243 ], [ -74.94068, 10.927723 ], [ -74.940199, 10.928409 ], [ -74.939883, 10.928735 ], [ -74.939542, 10.928985 ], [ -74.939257, 10.929104 ], [ -74.93896, 10.92916 ], [ -74.938246, 10.929232 ], [ -74.937992, 10.92932 ], [ -74.937829, 10.929434 ], [ -74.937587, 10.929665 ], [ -74.937081, 10.930378 ], [ -74.936519, 10.930968 ], [ -74.936281, 10.931157 ], [ -74.936037, 10.931298 ], [ -74.935625, 10.93142 ], [ -74.935988, 10.931452 ], [ -74.936286, 10.931519 ], [ -74.937824, 10.932207 ], [ -74.938613, 10.93244 ], [ -74.938926, 10.932438 ], [ -74.939423, 10.932305 ], [ -74.939694, 10.932267 ], [ -74.940368, 10.932263 ], [ -74.940816, 10.932355 ], [ -74.941415, 10.932656 ], [ -74.941619, 10.932729 ], [ -74.942247, 10.932789 ], [ -74.943345, 10.932763 ], [ -74.943682, 10.932592 ], [ -74.944007, 10.932511 ], [ -74.945446, 10.932472 ], [ -74.945817, 10.932564 ], [ -74.946324, 10.932906 ], [ -74.94658, 10.932975 ], [ -74.946866, 10.932939 ], [ -74.947546, 10.932741 ], [ -74.948351, 10.932441 ], [ -74.948567, 10.932317 ], [ -74.94919, 10.93186 ], [ -74.949604, 10.931694 ], [ -74.950723, 10.931423 ], [ -74.951366, 10.931375 ], [ -74.951577, 10.931393 ], [ -74.951652, 10.931433 ], [ -74.951749, 10.931571 ], [ -74.95176, 10.931655 ], [ -74.951704, 10.931813 ], [ -74.951564, 10.931909 ], [ -74.950824, 10.931956 ], [ -74.949645, 10.932247 ], [ -74.949386, 10.93238 ], [ -74.948877, 10.932765 ], [ -74.948566, 10.93294 ], [ -74.947726, 10.933253 ], [ -74.947022, 10.933459 ], [ -74.946575, 10.933519 ], [ -74.946313, 10.933481 ], [ -74.946094, 10.933399 ], [ -74.945601, 10.933064 ], [ -74.945429, 10.933015 ], [ -74.944054, 10.933052 ], [ -74.943892, 10.933093 ], [ -74.94364, 10.933234 ], [ -74.943449, 10.933297 ], [ -74.943076, 10.93333 ], [ -74.942244, 10.933331 ], [ -74.941788, 10.933308 ], [ -74.941471, 10.933251 ], [ -74.941194, 10.933152 ], [ -74.94062, 10.932862 ], [ -74.940322, 10.932803 ], [ -74.939752, 10.932806 ], [ -74.938996, 10.932976 ], [ -74.938549, 10.932979 ], [ -74.93763, 10.932715 ], [ -74.936627, 10.932248 ], [ -74.93601, 10.932007 ], [ -74.935519, 10.931959 ], [ -74.934376, 10.931967 ], [ -74.933103, 10.932767 ], [ -74.933075, 10.933184 ], [ -74.933019, 10.933329 ], [ -74.931957, 10.934112 ], [ -74.930963, 10.934541 ], [ -74.930241, 10.934957 ], [ -74.929172, 10.935693 ], [ -74.928649, 10.936519 ], [ -74.928325, 10.937255 ], [ -74.927958, 10.937898 ], [ -74.927293, 10.938892 ], [ -74.926777, 10.939732 ], [ -74.925627, 10.941156 ], [ -74.925076, 10.94171 ], [ -74.924421, 10.942141 ], [ -74.92355, 10.942498 ], [ -74.922875, 10.942879 ], [ -74.922697, 10.943056 ], [ -74.924293, 10.943051 ], [ -74.924849, 10.943083 ], [ -74.925593, 10.943265 ], [ -74.926305, 10.943368 ], [ -74.926689, 10.943493 ], [ -74.927134, 10.943747 ], [ -74.927641, 10.943973 ], [ -74.927845, 10.944104 ], [ -74.928061, 10.944324 ], [ -74.928497, 10.944873 ], [ -74.929308, 10.945688 ], [ -74.929674, 10.946 ], [ -74.930206, 10.946363 ], [ -74.930885, 10.946947 ], [ -74.931167, 10.947107 ], [ -74.931514, 10.947148 ], [ -74.932144, 10.947036 ], [ -74.932406, 10.947035 ], [ -74.933294, 10.94726 ], [ -74.933767, 10.947436 ], [ -74.934825, 10.947452 ], [ -74.934968, 10.947438 ], [ -74.93513, 10.947371 ], [ -74.935931, 10.946608 ], [ -74.936119, 10.946474 ], [ -74.936353, 10.946369 ], [ -74.936709, 10.946335 ], [ -74.936871, 10.946382 ], [ -74.936974, 10.946516 ], [ -74.93699, 10.946599 ], [ -74.936941, 10.94676 ], [ -74.936882, 10.946821 ], [ -74.936807, 10.946862 ], [ -74.936498, 10.946894 ], [ -74.936385, 10.946949 ], [ -74.93547, 10.947798 ], [ -74.935266, 10.947916 ], [ -74.93505, 10.947975 ], [ -74.934705, 10.947998 ], [ -74.933705, 10.947977 ], [ -74.933135, 10.947779 ], [ -74.932339, 10.947574 ], [ -74.931549, 10.947689 ], [ -74.931244, 10.947677 ], [ -74.930977, 10.947616 ], [ -74.930657, 10.947454 ], [ -74.929864, 10.946787 ], [ -74.929135, 10.946266 ], [ -74.928269, 10.945428 ], [ -74.927497, 10.944523 ], [ -74.92688, 10.944228 ], [ -74.926457, 10.943985 ], [ -74.926284, 10.94392 ], [ -74.925491, 10.943798 ], [ -74.925003, 10.943661 ], [ -74.924668, 10.94361 ], [ -74.922059, 10.943603 ], [ -74.921449, 10.943662 ], [ -74.921065, 10.943763 ], [ -74.920551, 10.944091 ], [ -74.919849, 10.944377 ], [ -74.919292, 10.944481 ], [ -74.918445, 10.944472 ], [ -74.918267, 10.944449 ], [ -74.917743, 10.944257 ], [ -74.917368, 10.944037 ], [ -74.916866, 10.943838 ], [ -74.916104, 10.943595 ], [ -74.915738, 10.943593 ], [ -74.914954, 10.944081 ], [ -74.913493, 10.946422 ], [ -74.912777, 10.94703 ], [ -74.911471, 10.947702 ], [ -74.911393, 10.948043 ], [ -74.911225, 10.948458 ], [ -74.911058, 10.948698 ], [ -74.91059, 10.949107 ], [ -74.909925, 10.949382 ], [ -74.908506, 10.949391 ], [ -74.908041, 10.949492 ], [ -74.907553, 10.949663 ], [ -74.906778, 10.949993 ], [ -74.906192, 10.9503 ], [ -74.905384, 10.950815 ], [ -74.904788, 10.951127 ], [ -74.904449, 10.951438 ], [ -74.904072, 10.952106 ], [ -74.903979, 10.952933 ], [ -74.90396, 10.955168 ], [ -74.903492, 10.956494 ], [ -74.903166, 10.956987 ], [ -74.90278, 10.957146 ], [ -74.902755, 10.95725 ], [ -74.902652, 10.957369 ], [ -74.901418, 10.958201 ], [ -74.901235, 10.958409 ], [ -74.901552, 10.958741 ], [ -74.901859, 10.959179 ], [ -74.901848, 10.959792 ], [ -74.901803, 10.960116 ], [ -74.901838, 10.960393 ], [ -74.902041, 10.960498 ], [ -74.902214, 10.96038 ], [ -74.902288, 10.960362 ], [ -74.902617, 10.960411 ], [ -74.902855, 10.960408 ], [ -74.903367, 10.960569 ], [ -74.903442, 10.960606 ], [ -74.903553, 10.96073 ], [ -74.903683, 10.960633 ], [ -74.903763, 10.960611 ], [ -74.903847, 10.960614 ], [ -74.904074, 10.960721 ], [ -74.904139, 10.960725 ], [ -74.904223, 10.960615 ], [ -74.904305, 10.960569 ], [ -74.904507, 10.960553 ], [ -74.904739, 10.960382 ], [ -74.904974, 10.960155 ], [ -74.904992, 10.959982 ], [ -74.904925, 10.959801 ], [ -74.904932, 10.959712 ], [ -74.905094, 10.959432 ], [ -74.90526, 10.959297 ], [ -74.905335, 10.959148 ], [ -74.905432, 10.959041 ], [ -74.905748, 10.958849 ], [ -74.906245, 10.958803 ], [ -74.906402, 10.958711 ], [ -74.906507, 10.958342 ], [ -74.906858, 10.95797 ], [ -74.907289, 10.957834 ], [ -74.907471, 10.957648 ], [ -74.907869, 10.9575 ], [ -74.908317, 10.957226 ], [ -74.908761, 10.957102 ], [ -74.909389, 10.956753 ], [ -74.90971, 10.956657 ], [ -74.910216, 10.95661 ], [ -74.910762, 10.956633 ], [ -74.91108, 10.956723 ], [ -74.911305, 10.956889 ], [ -74.911648, 10.957459 ], [ -74.91232, 10.958197 ], [ -74.912662, 10.957987 ], [ -74.912982, 10.957728 ], [ -74.914866, 10.955867 ], [ -74.915177, 10.955591 ], [ -74.915443, 10.95541 ], [ -74.915734, 10.955292 ], [ -74.916285, 10.955218 ], [ -74.917643, 10.955208 ], [ -74.918218, 10.955259 ], [ -74.91852, 10.95535 ], [ -74.918887, 10.955598 ], [ -74.919084, 10.955807 ], [ -74.919518, 10.956419 ], [ -74.919862, 10.956783 ], [ -74.920019, 10.95685 ], [ -74.920228, 10.95688 ], [ -74.920887, 10.956885 ], [ -74.921029, 10.956978 ], [ -74.921071, 10.957052 ], [ -74.921078, 10.957219 ], [ -74.921042, 10.957296 ], [ -74.920909, 10.9574 ], [ -74.920478, 10.957429 ], [ -74.920027, 10.957404 ], [ -74.919709, 10.957318 ], [ -74.919529, 10.957215 ], [ -74.919265, 10.95696 ], [ -74.919006, 10.956654 ], [ -74.918583, 10.956063 ], [ -74.918359, 10.955879 ], [ -74.918201, 10.955812 ], [ -74.917632, 10.955751 ], [ -74.916078, 10.955779 ], [ -74.915785, 10.955847 ], [ -74.915433, 10.956087 ], [ -74.913574, 10.957925 ], [ -74.913229, 10.958236 ], [ -74.912877, 10.958498 ], [ -74.91358, 10.958556 ], [ -74.914023, 10.958666 ], [ -74.914269, 10.958793 ], [ -74.914934, 10.959219 ], [ -74.91563, 10.959751 ], [ -74.915882, 10.959869 ], [ -74.916321, 10.959921 ], [ -74.917369, 10.95994 ], [ -74.917785, 10.960002 ], [ -74.91796, 10.960061 ], [ -74.918198, 10.96019 ], [ -74.918797, 10.960618 ], [ -74.919064, 10.960709 ], [ -74.919537, 10.960746 ], [ -74.921144, 10.960739 ], [ -74.921414, 10.960763 ], [ -74.921674, 10.96083 ], [ -74.921849, 10.960919 ], [ -74.922024, 10.961075 ], [ -74.922557, 10.961837 ], [ -74.922909, 10.962173 ], [ -74.923198, 10.96234 ], [ -74.92337, 10.962383 ], [ -74.9237, 10.962402 ], [ -74.923841, 10.962496 ], [ -74.923898, 10.962653 ], [ -74.923888, 10.962737 ], [ -74.923793, 10.962876 ], [ -74.923633, 10.962933 ], [ -74.923274, 10.962918 ], [ -74.922989, 10.962842 ], [ -74.922697, 10.96269 ], [ -74.92223, 10.962291 ], [ -74.922039, 10.962063 ], [ -74.921621, 10.961445 ], [ -74.921454, 10.961328 ], [ -74.921, 10.961277 ], [ -74.919528, 10.961288 ], [ -74.918973, 10.961244 ], [ -74.918544, 10.9611 ], [ -74.917904, 10.960648 ], [ -74.91765, 10.960529 ], [ -74.917213, 10.960475 ], [ -74.916031, 10.960445 ], [ -74.915575, 10.960338 ], [ -74.915217, 10.960127 ], [ -74.914627, 10.959669 ], [ -74.913805, 10.959164 ], [ -74.913498, 10.959093 ], [ -74.912568, 10.959008 ], [ -74.912148, 10.958876 ], [ -74.912084, 10.958806 ], [ -74.912041, 10.958687 ], [ -74.911287, 10.957884 ], [ -74.911121, 10.957659 ], [ -74.910925, 10.957295 ], [ -74.910821, 10.957203 ], [ -74.910338, 10.957151 ], [ -74.909719, 10.95721 ], [ -74.909477, 10.957317 ], [ -74.908986, 10.957597 ], [ -74.908568, 10.957711 ], [ -74.908132, 10.957977 ], [ -74.90778, 10.958107 ], [ -74.907587, 10.958302 ], [ -74.907153, 10.958439 ], [ -74.906996, 10.958606 ], [ -74.906905, 10.958955 ], [ -74.906859, 10.95905 ], [ -74.906779, 10.959121 ], [ -74.906469, 10.959302 ], [ -74.90635, 10.959339 ], [ -74.905927, 10.959371 ], [ -74.905793, 10.959456 ], [ -74.905676, 10.959668 ], [ -74.90551, 10.959797 ], [ -74.905545, 10.959965 ], [ -74.90551, 10.960308 ], [ -74.905429, 10.960475 ], [ -74.905082, 10.960806 ], [ -74.904763, 10.961041 ], [ -74.904686, 10.961081 ], [ -74.904554, 10.961095 ], [ -74.904459, 10.961218 ], [ -74.904371, 10.961264 ], [ -74.90398, 10.961259 ], [ -74.903834, 10.96121 ], [ -74.903659, 10.961295 ], [ -74.903383, 10.961307 ], [ -74.903229, 10.961207 ], [ -74.903117, 10.96106 ], [ -74.902744, 10.960943 ], [ -74.902557, 10.960952 ], [ -74.902386, 10.96092 ], [ -74.902158, 10.961072 ], [ -74.90206, 10.961083 ], [ -74.901888, 10.961025 ], [ -74.901707, 10.96225 ], [ -74.901619, 10.962408 ], [ -74.901469, 10.96254 ], [ -74.90143, 10.962716 ], [ -74.901334, 10.962869 ], [ -74.901163, 10.962929 ], [ -74.900433, 10.962954 ], [ -74.899492, 10.963097 ], [ -74.899459, 10.963221 ], [ -74.899548, 10.963767 ], [ -74.899477, 10.964314 ], [ -74.899305, 10.964752 ], [ -74.898962, 10.964995 ], [ -74.898464, 10.964947 ], [ -74.898147, 10.965187 ], [ -74.898013, 10.965241 ], [ -74.897032, 10.965339 ], [ -74.896783, 10.965393 ], [ -74.896592, 10.965553 ], [ -74.89645, 10.966308 ], [ -74.896156, 10.966621 ], [ -74.896078, 10.967209 ], [ -74.89597, 10.967368 ], [ -74.894903, 10.96766 ], [ -74.893847, 10.967658 ], [ -74.892917, 10.967544 ], [ -74.892481, 10.967456 ], [ -74.892175, 10.967581 ], [ -74.891982, 10.96771 ], [ -74.891788, 10.967753 ], [ -74.891475, 10.967706 ], [ -74.891351, 10.967655 ], [ -74.890343, 10.966909 ], [ -74.89005, 10.967087 ], [ -74.889249, 10.967438 ], [ -74.888992, 10.967616 ], [ -74.888584, 10.968063 ], [ -74.888309, 10.96862 ], [ -74.888218, 10.968947 ], [ -74.888156, 10.969404 ], [ -74.888135, 10.96984 ], [ -74.888175, 10.97005 ], [ -74.888295, 10.970106 ], [ -74.888566, 10.970121 ], [ -74.888741, 10.970075 ], [ -74.88903, 10.969928 ], [ -74.889309, 10.969833 ], [ -74.889566, 10.969807 ], [ -74.889857, 10.969862 ], [ -74.890185, 10.969997 ], [ -74.89046, 10.970236 ], [ -74.890586, 10.970466 ], [ -74.890657, 10.970811 ], [ -74.890619, 10.971565 ], [ -74.890442, 10.972286 ], [ -74.890319, 10.972541 ], [ -74.89014, 10.972791 ], [ -74.889777, 10.97312 ], [ -74.889471, 10.973303 ], [ -74.889183, 10.973426 ], [ -74.888848, 10.973527 ], [ -74.888343, 10.973617 ], [ -74.887702, 10.973566 ], [ -74.886639, 10.973229 ], [ -74.885965, 10.973139 ], [ -74.885583, 10.973137 ], [ -74.885302, 10.973169 ], [ -74.884871, 10.973292 ], [ -74.88466, 10.973398 ], [ -74.884637, 10.973464 ], [ -74.884698, 10.973636 ], [ -74.884907, 10.973831 ], [ -74.885372, 10.974026 ], [ -74.886019, 10.974143 ], [ -74.886442, 10.974292 ], [ -74.886632, 10.974402 ], [ -74.886849, 10.974577 ], [ -74.887184, 10.974958 ], [ -74.887318, 10.975186 ], [ -74.887385, 10.975365 ], [ -74.887447, 10.975691 ], [ -74.887477, 10.976114 ], [ -74.887398, 10.976886 ], [ -74.887232, 10.977501 ], [ -74.88758, 10.977732 ], [ -74.887958, 10.977798 ], [ -74.889179, 10.977801 ], [ -74.889701, 10.977868 ], [ -74.889932, 10.977961 ], [ -74.890115, 10.978082 ], [ -74.890919, 10.978867 ], [ -74.891218, 10.979045 ], [ -74.891498, 10.979055 ], [ -74.892159, 10.978739 ], [ -74.892597, 10.978639 ], [ -74.893421, 10.978601 ], [ -74.894237, 10.978617 ], [ -74.894658, 10.978665 ], [ -74.895355, 10.978844 ], [ -74.896543, 10.978929 ], [ -74.897338, 10.97912 ], [ -74.897775, 10.979166 ], [ -74.897912, 10.979265 ], [ -74.89795, 10.979341 ], [ -74.897949, 10.979509 ], [ -74.897849, 10.979644 ], [ -74.897772, 10.979682 ], [ -74.897519, 10.979692 ], [ -74.897225, 10.979651 ], [ -74.896467, 10.979466 ], [ -74.89515, 10.979361 ], [ -74.894437, 10.97918 ], [ -74.893818, 10.979145 ], [ -74.893166, 10.979147 ], [ -74.892457, 10.979214 ], [ -74.891803, 10.979527 ], [ -74.891579, 10.979592 ], [ -74.891374, 10.979611 ], [ -74.891033, 10.979557 ], [ -74.890822, 10.979464 ], [ -74.890563, 10.979281 ], [ -74.890558, 10.980133 ], [ -74.890509, 10.980581 ], [ -74.890374, 10.980989 ], [ -74.890083, 10.981516 ], [ -74.890016, 10.981815 ], [ -74.889982, 10.982555 ], [ -74.890026, 10.983271 ], [ -74.890118, 10.983519 ], [ -74.890378, 10.983783 ], [ -74.891096, 10.984077 ], [ -74.89158, 10.984309 ], [ -74.89189, 10.984507 ], [ -74.892024, 10.98463 ], [ -74.892103, 10.984777 ], [ -74.89208, 10.984944 ], [ -74.891962, 10.985064 ], [ -74.891881, 10.985092 ], [ -74.891713, 10.985069 ], [ -74.89133, 10.984793 ], [ -74.890758, 10.984524 ], [ -74.890281, 10.984349 ], [ -74.890061, 10.984226 ], [ -74.889731, 10.983917 ], [ -74.889584, 10.983683 ], [ -74.889518, 10.983505 ], [ -74.889464, 10.983227 ], [ -74.889437, 10.982826 ], [ -74.889457, 10.981879 ], [ -74.889565, 10.981337 ], [ -74.889877, 10.980757 ], [ -74.889971, 10.980472 ], [ -74.890017, 10.979841 ], [ -74.890004, 10.978723 ], [ -74.889774, 10.978507 ], [ -74.889531, 10.978385 ], [ -74.889164, 10.978343 ], [ -74.88794, 10.97834 ], [ -74.887591, 10.978303 ], [ -74.887329, 10.978215 ], [ -74.887027, 10.978019 ], [ -74.886782, 10.978449 ], [ -74.886534, 10.978772 ], [ -74.886247, 10.979059 ], [ -74.885924, 10.979308 ], [ -74.885469, 10.979546 ], [ -74.885067, 10.979686 ], [ -74.884221, 10.97987 ], [ -74.88368, 10.980102 ], [ -74.883531, 10.980213 ], [ -74.883251, 10.980518 ], [ -74.882673, 10.981374 ], [ -74.882447, 10.981633 ], [ -74.88215, 10.981908 ], [ -74.881809, 10.982116 ], [ -74.881421, 10.982283 ], [ -74.880516, 10.982548 ], [ -74.88001, 10.98275 ], [ -74.879532, 10.983076 ], [ -74.878859, 10.983705 ], [ -74.878625, 10.983996 ], [ -74.878367, 10.98441 ], [ -74.877733, 10.985741 ], [ -74.877385, 10.986297 ], [ -74.877096, 10.98667 ], [ -74.876763, 10.987019 ], [ -74.876435, 10.987283 ], [ -74.876067, 10.987494 ], [ -74.87557, 10.987623 ], [ -74.875442, 10.987696 ], [ -74.875206, 10.987962 ], [ -74.875092, 10.988189 ], [ -74.875066, 10.988369 ], [ -74.875134, 10.988483 ], [ -74.875326, 10.988666 ], [ -74.87545, 10.988899 ], [ -74.875469, 10.989229 ], [ -74.875417, 10.989391 ], [ -74.875193, 10.989779 ], [ -74.875038, 10.989968 ], [ -74.874735, 10.990245 ], [ -74.874682, 10.99034 ], [ -74.874704, 10.990506 ], [ -74.874782, 10.990678 ], [ -74.874806, 10.990699 ], [ -74.874994, 10.990677 ], [ -74.875611, 10.990344 ], [ -74.875904, 10.990267 ], [ -74.876172, 10.990279 ], [ -74.876464, 10.990429 ], [ -74.876748, 10.990707 ], [ -74.876961, 10.991001 ], [ -74.87707, 10.99126 ], [ -74.877109, 10.991456 ], [ -74.877117, 10.991857 ], [ -74.876981, 10.992511 ], [ -74.876974, 10.992724 ], [ -74.877195, 10.99341 ], [ -74.877225, 10.993852 ], [ -74.877181, 10.994044 ], [ -74.87705, 10.994368 ], [ -74.876671, 10.995016 ], [ -74.876483, 10.995478 ], [ -74.876457, 10.995669 ], [ -74.876512, 10.995813 ], [ -74.876772, 10.995962 ], [ -74.877015, 10.996222 ], [ -74.877161, 10.996568 ], [ -74.877211, 10.996901 ], [ -74.87716, 10.997187 ], [ -74.876971, 10.997422 ], [ -74.876783, 10.997551 ], [ -74.87645, 10.997684 ], [ -74.87626, 10.997795 ], [ -74.875602, 10.998458 ], [ -74.875107, 10.999008 ], [ -74.874502, 10.999801 ], [ -74.874295, 11.000131 ], [ -74.874137, 11.000454 ], [ -74.873988, 11.001022 ], [ -74.87399, 11.001779 ], [ -74.87393, 11.002214 ], [ -74.873841, 11.002562 ], [ -74.873643, 11.003012 ], [ -74.873454, 11.003253 ], [ -74.873156, 11.003523 ], [ -74.873037, 11.003766 ], [ -74.873323, 11.003789 ], [ -74.873522, 11.003846 ], [ -74.873807, 11.003978 ], [ -74.874001, 11.004157 ], [ -74.874105, 11.004462 ], [ -74.873984, 11.00487 ], [ -74.873628, 11.005465 ], [ -74.873466, 11.005856 ], [ -74.873403, 11.006244 ], [ -74.873454, 11.006386 ], [ -74.873625, 11.006546 ], [ -74.873756, 11.006612 ], [ -74.873931, 11.006634 ], [ -74.874373, 11.0066 ], [ -74.874885, 11.006407 ], [ -74.875281, 11.006369 ], [ -74.875535, 11.006508 ], [ -74.875737, 11.00675 ], [ -74.875881, 11.006861 ], [ -74.876242, 11.006968 ], [ -74.876187, 11.006374 ], [ -74.876259, 11.006101 ], [ -74.876393, 11.005847 ], [ -74.876509, 11.005697 ], [ -74.876636, 11.005575 ], [ -74.876901, 11.005398 ], [ -74.877433, 11.005213 ], [ -74.877795, 11.005146 ], [ -74.878043, 11.005137 ], [ -74.878207, 11.005163 ], [ -74.878396, 11.005245 ], [ -74.878673, 11.005527 ], [ -74.879013, 11.005483 ], [ -74.879275, 11.0055 ], [ -74.879536, 11.005576 ], [ -74.879843, 11.005756 ], [ -74.87997, 11.005485 ], [ -74.880037, 11.005241 ], [ -74.880071, 11.00478 ], [ -74.880161, 11.00461 ], [ -74.880218, 11.00456 ], [ -74.880559, 11.004464 ], [ -74.881027, 11.004503 ], [ -74.881048, 11.004128 ], [ -74.881241, 11.00385 ], [ -74.881608, 11.003739 ], [ -74.88228, 11.003719 ], [ -74.88245, 11.003648 ], [ -74.882676, 11.003479 ], [ -74.882765, 11.002708 ], [ -74.882743, 11.002433 ], [ -74.88267, 11.002176 ], [ -74.882547, 11.00193 ], [ -74.882424, 11.001787 ], [ -74.882001, 11.0015 ], [ -74.881367, 11.000963 ], [ -74.881116, 11.000665 ], [ -74.880971, 11.000337 ], [ -74.880949, 10.999896 ], [ -74.88105, 10.999548 ], [ -74.881307, 10.999306 ], [ -74.881857, 10.998992 ], [ -74.881975, 10.998825 ], [ -74.881989, 10.998757 ], [ -74.881953, 10.998624 ], [ -74.881878, 10.998515 ], [ -74.881484, 10.998356 ], [ -74.881385, 10.998289 ], [ -74.881084, 10.99794 ], [ -74.880857, 10.99737 ], [ -74.880772, 10.99681 ], [ -74.880782, 10.996689 ], [ -74.880918, 10.996304 ], [ -74.88115, 10.995982 ], [ -74.882666, 10.994687 ], [ -74.882917, 10.994407 ], [ -74.883061, 10.994159 ], [ -74.883164, 10.99379 ], [ -74.883194, 10.993336 ], [ -74.882942, 10.991226 ], [ -74.882933, 10.990721 ], [ -74.882986, 10.990272 ], [ -74.883206, 10.989615 ], [ -74.883523, 10.989005 ], [ -74.883923, 10.988512 ], [ -74.884451, 10.988069 ], [ -74.88462, 10.988053 ], [ -74.884766, 10.988138 ], [ -74.884833, 10.988292 ], [ -74.884796, 10.988455 ], [ -74.884305, 10.988902 ], [ -74.883971, 10.98932 ], [ -74.88372, 10.989808 ], [ -74.883528, 10.990366 ], [ -74.883482, 10.990732 ], [ -74.883489, 10.991176 ], [ -74.883744, 10.993347 ], [ -74.88371, 10.993853 ], [ -74.883581, 10.994337 ], [ -74.88338, 10.9947 ], [ -74.883065, 10.99506 ], [ -74.881578, 10.996324 ], [ -74.88139, 10.996584 ], [ -74.881325, 10.996792 ], [ -74.881395, 10.997257 ], [ -74.881574, 10.99769 ], [ -74.881748, 10.997877 ], [ -74.882231, 10.998084 ], [ -74.882433, 10.998356 ], [ -74.882537, 10.998677 ], [ -74.882501, 10.99899 ], [ -74.882272, 10.999352 ], [ -74.882184, 10.999432 ], [ -74.881609, 10.99976 ], [ -74.881533, 10.99983 ], [ -74.881492, 10.999986 ], [ -74.881514, 11.000239 ], [ -74.881591, 11.000391 ], [ -74.881767, 11.000591 ], [ -74.882345, 11.001078 ], [ -74.882763, 11.001359 ], [ -74.882986, 11.001603 ], [ -74.883192, 11.002005 ], [ -74.883279, 11.002312 ], [ -74.883303, 11.002539 ], [ -74.883723, 11.00174 ], [ -74.884013, 11.001274 ], [ -74.885223, 10.999947 ], [ -74.88708, 10.998237 ], [ -74.88751, 10.997984 ], [ -74.888437, 10.997641 ], [ -74.888791, 10.997388 ], [ -74.889173, 10.997021 ], [ -74.889744, 10.996339 ], [ -74.889925, 10.996065 ], [ -74.889986, 10.995868 ], [ -74.890103, 10.995022 ], [ -74.890309, 10.994613 ], [ -74.890574, 10.994325 ], [ -74.890882, 10.994186 ], [ -74.891175, 10.994148 ], [ -74.892381, 10.99428 ], [ -74.892746, 10.994273 ], [ -74.893309, 10.994107 ], [ -74.894082, 10.993777 ], [ -74.894682, 10.993474 ], [ -74.895271, 10.993092 ], [ -74.897696, 10.991183 ], [ -74.899194, 10.990315 ], [ -74.89936, 10.990279 ], [ -74.899515, 10.990347 ], [ -74.899601, 10.990491 ], [ -74.899606, 10.990576 ], [ -74.899538, 10.99073 ], [ -74.899471, 10.990783 ], [ -74.898023, 10.99162 ], [ -74.895583, 10.993539 ], [ -74.894971, 10.993936 ], [ -74.894323, 10.994264 ], [ -74.893512, 10.994612 ], [ -74.892794, 10.994815 ], [ -74.892335, 10.994821 ], [ -74.891213, 10.99469 ], [ -74.891001, 10.994718 ], [ -74.890877, 10.994781 ], [ -74.890757, 10.994928 ], [ -74.890617, 10.995216 ], [ -74.890528, 10.995956 ], [ -74.890406, 10.99633 ], [ -74.890177, 10.996673 ], [ -74.889567, 10.9974 ], [ -74.889159, 10.997791 ], [ -74.888729, 10.998102 ], [ -74.887725, 10.998484 ], [ -74.887433, 10.998654 ], [ -74.885606, 11.000336 ], [ -74.884467, 11.001579 ], [ -74.884205, 11.001999 ], [ -74.883517, 11.003303 ], [ -74.883282, 11.003635 ], [ -74.883013, 11.003916 ], [ -74.882741, 11.00411 ], [ -74.882445, 11.004239 ], [ -74.881582, 11.004301 ], [ -74.881554, 11.004748 ], [ -74.881344, 11.00499 ], [ -74.881074, 11.005045 ], [ -74.880593, 11.005011 ], [ -74.880575, 11.005351 ], [ -74.880494, 11.005649 ], [ -74.880377, 11.005908 ], [ -74.880466, 11.006069 ], [ -74.880594, 11.006144 ], [ -74.880722, 11.00627 ], [ -74.880872, 11.006548 ], [ -74.881014, 11.007071 ], [ -74.881239, 11.007646 ], [ -74.881379, 11.008102 ], [ -74.881489, 11.008665 ], [ -74.881509, 11.009177 ], [ -74.881423, 11.009669 ], [ -74.88126, 11.010037 ], [ -74.881055, 11.010291 ], [ -74.880557, 11.010727 ], [ -74.880377, 11.010998 ], [ -74.880311, 11.011238 ], [ -74.880293, 11.011554 ], [ -74.880309, 11.011791 ], [ -74.880362, 11.012006 ], [ -74.88049, 11.012227 ], [ -74.880694, 11.012435 ], [ -74.880965, 11.012634 ], [ -74.881212, 11.012761 ], [ -74.881662, 11.012805 ], [ -74.882446, 11.012697 ], [ -74.883107, 11.012706 ], [ -74.883459, 11.012757 ], [ -74.883776, 11.012841 ], [ -74.884014, 11.012934 ], [ -74.884219, 11.013093 ], [ -74.884345, 11.013337 ], [ -74.884376, 11.013589 ], [ -74.884356, 11.01383 ], [ -74.884253, 11.014256 ], [ -74.884252, 11.014653 ], [ -74.884299, 11.014948 ], [ -74.884496, 11.01574 ], [ -74.884572, 11.016358 ], [ -74.88455, 11.016683 ], [ -74.884418, 11.017383 ], [ -74.884395, 11.017835 ], [ -74.884422, 11.018024 ], [ -74.884504, 11.018183 ], [ -74.884569, 11.018238 ], [ -74.884937, 11.01841 ], [ -74.885114, 11.018578 ], [ -74.885235, 11.018891 ], [ -74.885223, 11.019191 ], [ -74.885262, 11.019346 ], [ -74.885436, 11.019532 ], [ -74.885898, 11.019893 ], [ -74.886092, 11.020209 ], [ -74.886126, 11.020363 ], [ -74.886025, 11.02065 ], [ -74.885954, 11.020751 ], [ -74.885586, 11.021057 ], [ -74.885219, 11.021276 ], [ -74.884816, 11.021463 ], [ -74.884436, 11.021588 ], [ -74.884042, 11.021642 ], [ -74.883516, 11.021634 ], [ -74.883191, 11.021686 ], [ -74.882973, 11.021839 ], [ -74.882759, 11.022126 ], [ -74.882634, 11.022537 ], [ -74.882641, 11.023183 ], [ -74.882597, 11.023493 ], [ -74.882314, 11.024231 ], [ -74.882235, 11.02461 ], [ -74.88224, 11.024917 ], [ -74.882306, 11.025263 ], [ -74.882515, 11.025722 ], [ -74.882582, 11.025943 ], [ -74.88261, 11.026319 ], [ -74.882566, 11.026756 ], [ -74.882423, 11.027368 ], [ -74.882017, 11.028347 ], [ -74.88197, 11.028614 ], [ -74.881907, 11.029424 ], [ -74.881753, 11.030025 ], [ -74.881591, 11.030441 ], [ -74.881337, 11.030913 ], [ -74.881131, 11.031131 ], [ -74.880805, 11.031354 ], [ -74.880654, 11.031795 ], [ -74.880397, 11.032297 ], [ -74.880226, 11.032545 ], [ -74.879841, 11.032991 ], [ -74.879233, 11.033523 ], [ -74.878859, 11.033745 ], [ -74.878394, 11.033852 ], [ -74.877845, 11.033874 ], [ -74.877632, 11.033926 ], [ -74.877527, 11.033983 ], [ -74.877382, 11.034143 ], [ -74.877235, 11.034405 ], [ -74.877166, 11.034659 ], [ -74.877157, 11.035199 ], [ -74.877126, 11.035436 ], [ -74.877019, 11.035735 ], [ -74.876747, 11.036223 ], [ -74.876661, 11.036437 ], [ -74.876568, 11.037274 ], [ -74.876472, 11.037561 ], [ -74.876205, 11.038114 ], [ -74.876096, 11.038597 ], [ -74.876096, 11.038906 ], [ -74.876161, 11.039465 ], [ -74.876457, 11.040638 ], [ -74.876588, 11.041509 ], [ -74.876585, 11.041851 ], [ -74.876534, 11.04232 ], [ -74.876355, 11.043075 ], [ -74.876142, 11.043586 ], [ -74.875988, 11.043802 ], [ -74.875633, 11.044095 ], [ -74.875005, 11.044458 ], [ -74.874855, 11.044607 ], [ -74.874683, 11.044859 ], [ -74.874538, 11.045191 ], [ -74.874263, 11.046229 ], [ -74.874038, 11.047284 ], [ -74.873921, 11.048006 ], [ -74.873808, 11.048131 ], [ -74.873727, 11.048161 ], [ -74.873559, 11.048143 ], [ -74.873486, 11.048097 ], [ -74.873402, 11.047952 ], [ -74.87342, 11.047654 ], [ -74.873728, 11.046106 ], [ -74.873952, 11.045243 ], [ -74.874085, 11.044841 ], [ -74.874313, 11.044415 ], [ -74.874631, 11.044059 ], [ -74.874843, 11.043908 ], [ -74.875333, 11.04364 ], [ -74.875582, 11.043435 ], [ -74.875754, 11.043139 ], [ -74.875929, 11.042537 ], [ -74.876026, 11.041972 ], [ -74.876032, 11.041416 ], [ -74.875918, 11.040744 ], [ -74.875618, 11.039549 ], [ -74.875548, 11.038936 ], [ -74.87555, 11.038538 ], [ -74.875683, 11.037944 ], [ -74.875967, 11.037348 ], [ -74.876034, 11.037146 ], [ -74.876088, 11.036512 ], [ -74.876135, 11.036281 ], [ -74.876254, 11.035982 ], [ -74.876519, 11.03551 ], [ -74.876592, 11.035305 ], [ -74.876621, 11.034597 ], [ -74.876731, 11.034189 ], [ -74.876828, 11.03399 ], [ -74.877054, 11.033683 ], [ -74.877228, 11.033527 ], [ -74.877396, 11.033434 ], [ -74.877776, 11.033336 ], [ -74.878323, 11.033313 ], [ -74.878636, 11.033249 ], [ -74.878904, 11.033088 ], [ -74.879257, 11.032794 ], [ -74.87962, 11.032425 ], [ -74.879926, 11.032019 ], [ -74.880146, 11.031589 ], [ -74.880251, 11.031231 ], [ -74.880353, 11.031042 ], [ -74.880521, 11.030879 ], [ -74.880802, 11.030695 ], [ -74.880882, 11.030609 ], [ -74.881092, 11.030214 ], [ -74.881233, 11.02985 ], [ -74.881345, 11.029455 ], [ -74.881423, 11.02856 ], [ -74.881488, 11.0282 ], [ -74.881905, 11.027189 ], [ -74.882022, 11.026683 ], [ -74.88206, 11.026311 ], [ -74.882041, 11.026036 ], [ -74.881774, 11.0254 ], [ -74.881692, 11.024965 ], [ -74.881687, 11.024579 ], [ -74.881792, 11.024062 ], [ -74.882061, 11.023372 ], [ -74.882092, 11.023156 ], [ -74.882091, 11.022451 ], [ -74.882196, 11.022051 ], [ -74.882337, 11.021761 ], [ -74.882609, 11.021432 ], [ -74.88295, 11.021197 ], [ -74.883209, 11.021123 ], [ -74.883494, 11.021091 ], [ -74.884146, 11.021092 ], [ -74.884459, 11.021016 ], [ -74.885127, 11.020705 ], [ -74.885383, 11.02053 ], [ -74.885549, 11.020363 ], [ -74.885491, 11.02026 ], [ -74.885057, 11.019925 ], [ -74.884801, 11.019645 ], [ -74.884688, 11.019358 ], [ -74.884692, 11.018991 ], [ -74.884665, 11.018897 ], [ -74.884309, 11.018718 ], [ -74.884114, 11.018566 ], [ -74.883997, 11.018406 ], [ -74.883892, 11.018169 ], [ -74.883846, 11.017848 ], [ -74.883871, 11.017343 ], [ -74.884023, 11.016386 ], [ -74.883958, 11.015847 ], [ -74.883761, 11.015058 ], [ -74.883705, 11.014705 ], [ -74.883705, 11.014213 ], [ -74.883827, 11.013623 ], [ -74.883789, 11.013436 ], [ -74.883473, 11.013317 ], [ -74.883051, 11.013246 ], [ -74.882473, 11.013239 ], [ -74.881656, 11.013347 ], [ -74.881289, 11.013331 ], [ -74.881065, 11.013285 ], [ -74.880685, 11.013101 ], [ -74.880323, 11.012836 ], [ -74.880041, 11.012539 ], [ -74.879843, 11.012185 ], [ -74.879765, 11.011863 ], [ -74.879743, 11.011547 ], [ -74.879769, 11.01115 ], [ -74.879865, 11.010802 ], [ -74.879973, 11.0106 ], [ -74.88015, 11.010362 ], [ -74.880667, 11.009907 ], [ -74.880796, 11.009747 ], [ -74.880894, 11.009525 ], [ -74.88096, 11.009155 ], [ -74.880945, 11.008737 ], [ -74.880846, 11.008232 ], [ -74.8803, 11.006621 ], [ -74.880247, 11.006568 ], [ -74.879982, 11.00673 ], [ -74.879807, 11.006722 ], [ -74.879673, 11.006612 ], [ -74.879577, 11.006266 ], [ -74.879446, 11.006137 ], [ -74.879315, 11.006073 ], [ -74.879067, 11.006024 ], [ -74.878764, 11.00607 ], [ -74.878521, 11.006051 ], [ -74.878338, 11.005966 ], [ -74.878231, 11.00588 ], [ -74.878085, 11.005696 ], [ -74.877847, 11.005686 ], [ -74.877285, 11.005821 ], [ -74.877077, 11.005925 ], [ -74.87691, 11.006068 ], [ -74.876807, 11.006221 ], [ -74.876736, 11.006411 ], [ -74.876796, 11.006978 ], [ -74.87673, 11.007264 ], [ -74.876631, 11.007408 ], [ -74.876373, 11.007509 ], [ -74.876237, 11.007519 ], [ -74.875977, 11.007472 ], [ -74.875632, 11.007345 ], [ -74.875348, 11.007133 ], [ -74.875162, 11.006916 ], [ -74.875, 11.006939 ], [ -74.87465, 11.00709 ], [ -74.87431, 11.00716 ], [ -74.873789, 11.007171 ], [ -74.873539, 11.007112 ], [ -74.873305, 11.006989 ], [ -74.873017, 11.006717 ], [ -74.872902, 11.006513 ], [ -74.872853, 11.006248 ], [ -74.872874, 11.005964 ], [ -74.872947, 11.005678 ], [ -74.873145, 11.005207 ], [ -74.873484, 11.004642 ], [ -74.873541, 11.00447 ], [ -74.87348, 11.004416 ], [ -74.873327, 11.004354 ], [ -74.873088, 11.004306 ], [ -74.872889, 11.004357 ], [ -74.872753, 11.004324 ], [ -74.871009, 11.004506 ], [ -74.870203, 11.004416 ], [ -74.869495, 11.004158 ], [ -74.869166, 11.00396 ], [ -74.868913, 11.003748 ], [ -74.868262, 11.002829 ], [ -74.868037, 11.002601 ], [ -74.867879, 11.00255 ], [ -74.867658, 11.002372 ], [ -74.866553, 11.001893 ], [ -74.865953, 11.001503 ], [ -74.865402, 11.00108 ], [ -74.864859, 11.000568 ], [ -74.864421, 10.999896 ], [ -74.864278, 10.999766 ], [ -74.863489, 10.99973 ], [ -74.862682, 10.999498 ], [ -74.86216, 10.999265 ], [ -74.861216, 10.998693 ], [ -74.860815, 10.998538 ], [ -74.860345, 10.998493 ], [ -74.858799, 10.998556 ], [ -74.858357, 10.998458 ], [ -74.857864, 10.99824 ], [ -74.857569, 10.997982 ], [ -74.857337, 10.997598 ], [ -74.857238, 10.99749 ], [ -74.856348, 10.996999 ], [ -74.855916, 10.996604 ], [ -74.855442, 10.995927 ], [ -74.855354, 10.995716 ], [ -74.854728, 10.995924 ], [ -74.854087, 10.99604 ], [ -74.85254, 10.996591 ], [ -74.851987, 10.996616 ], [ -74.851037, 10.996528 ], [ -74.849025, 10.99671 ], [ -74.847625, 10.996915 ], [ -74.844405, 10.997605 ], [ -74.843087, 10.997857 ], [ -74.842316, 10.998076 ], [ -74.841485, 10.99853 ], [ -74.841051, 10.998899 ], [ -74.840808, 10.999274 ], [ -74.84039, 10.99971 ], [ -74.840241, 10.99979 ], [ -74.840073, 10.999769 ], [ -74.840002, 10.999721 ], [ -74.83992, 10.999574 ], [ -74.839942, 10.999407 ], [ -74.84039, 10.998921 ], [ -74.840607, 10.998576 ], [ -74.841195, 10.998069 ], [ -74.842077, 10.997586 ], [ -74.842971, 10.997327 ], [ -74.844292, 10.997074 ], [ -74.847518, 10.996383 ], [ -74.847915, 10.996324 ], [ -74.847517, 10.995898 ], [ -74.847147, 10.995687 ], [ -74.8456, 10.995334 ], [ -74.843111, 10.995054 ], [ -74.839982, 10.994209 ], [ -74.838903, 10.993983 ], [ -74.838234, 10.993874 ], [ -74.837575, 10.993874 ], [ -74.83686, 10.994207 ], [ -74.836241, 10.994623 ], [ -74.834721, 10.995922 ], [ -74.834433, 10.996107 ], [ -74.833952, 10.996267 ], [ -74.832913, 10.996808 ], [ -74.832451, 10.996817 ], [ -74.83229, 10.996765 ], [ -74.832229, 10.996705 ], [ -74.832177, 10.996546 ], [ -74.83219, 10.996462 ], [ -74.83229, 10.996326 ], [ -74.832451, 10.996274 ], [ -74.832777, 10.996274 ], [ -74.833715, 10.995777 ], [ -74.834169, 10.99563 ], [ -74.834377, 10.995499 ], [ -74.835919, 10.994183 ], [ -74.836606, 10.993725 ], [ -74.837396, 10.993358 ], [ -74.837513, 10.993332 ], [ -74.838256, 10.993331 ], [ -74.839011, 10.993451 ], [ -74.840117, 10.993683 ], [ -74.843233, 10.994525 ], [ -74.845677, 10.994796 ], [ -74.847311, 10.995167 ], [ -74.847828, 10.995449 ], [ -74.848398, 10.996042 ], [ -74.848703, 10.996209 ], [ -74.851012, 10.995985 ], [ -74.852019, 10.996074 ], [ -74.852466, 10.996052 ], [ -74.853164, 10.995774 ], [ -74.853931, 10.995519 ], [ -74.854572, 10.995403 ], [ -74.855193, 10.995197 ], [ -74.855138, 10.994711 ], [ -74.855251, 10.994246 ], [ -74.85552, 10.994004 ], [ -74.856036, 10.993748 ], [ -74.856098, 10.993611 ], [ -74.856091, 10.993261 ], [ -74.855926, 10.992454 ], [ -74.855521, 10.991351 ], [ -74.85545, 10.990674 ], [ -74.855506, 10.990143 ], [ -74.855649, 10.989681 ], [ -74.855822, 10.989406 ], [ -74.856204, 10.989045 ], [ -74.856206, 10.988971 ], [ -74.856182, 10.988915 ], [ -74.85581, 10.988788 ], [ -74.855567, 10.988521 ], [ -74.855515, 10.988428 ], [ -74.855343, 10.987896 ], [ -74.855318, 10.987354 ], [ -74.854658, 10.987129 ], [ -74.854251, 10.986852 ], [ -74.853876, 10.986482 ], [ -74.853757, 10.986244 ], [ -74.853744, 10.986089 ], [ -74.853666, 10.986009 ], [ -74.853506, 10.98594 ], [ -74.852641, 10.985295 ], [ -74.851951, 10.985376 ], [ -74.851696, 10.985377 ], [ -74.851524, 10.985318 ], [ -74.851428, 10.985166 ], [ -74.851195, 10.984156 ], [ -74.851241, 10.983826 ], [ -74.850348, 10.983648 ], [ -74.849423, 10.983649 ], [ -74.848296, 10.983846 ], [ -74.845688, 10.985047 ], [ -74.844659, 10.985568 ], [ -74.84361, 10.986225 ], [ -74.84217, 10.986846 ], [ -74.840021, 10.987256 ], [ -74.838852, 10.987415 ], [ -74.837828, 10.987791 ], [ -74.836865, 10.988281 ], [ -74.836768, 10.988466 ], [ -74.836687, 10.988789 ], [ -74.836599, 10.989399 ], [ -74.836595, 10.98998 ], [ -74.836479, 10.9906 ], [ -74.836424, 10.99072 ], [ -74.836155, 10.991018 ], [ -74.834617, 10.991826 ], [ -74.833886, 10.992025 ], [ -74.83307, 10.992385 ], [ -74.832403, 10.992576 ], [ -74.831922, 10.992793 ], [ -74.830996, 10.993297 ], [ -74.830828, 10.993278 ], [ -74.830702, 10.993165 ], [ -74.830668, 10.993001 ], [ -74.830691, 10.992919 ], [ -74.830805, 10.992795 ], [ -74.831661, 10.992315 ], [ -74.832194, 10.992074 ], [ -74.832864, 10.991882 ], [ -74.833723, 10.991507 ], [ -74.834391, 10.99133 ], [ -74.835844, 10.990568 ], [ -74.835952, 10.990434 ], [ -74.83605, 10.989906 ], [ -74.836053, 10.989341 ], [ -74.836199, 10.988479 ], [ -74.835575, 10.988638 ], [ -74.83414, 10.988849 ], [ -74.833268, 10.988848 ], [ -74.832548, 10.988756 ], [ -74.831872, 10.988575 ], [ -74.831143, 10.988576 ], [ -74.83035, 10.988852 ], [ -74.829477, 10.989324 ], [ -74.828619, 10.989568 ], [ -74.828077, 10.989895 ], [ -74.827226, 10.990467 ], [ -74.827057, 10.990464 ], [ -74.826981, 10.990425 ], [ -74.826883, 10.990287 ], [ -74.826886, 10.99012 ], [ -74.826988, 10.989986 ], [ -74.827769, 10.989446 ], [ -74.828364, 10.989086 ], [ -74.829295, 10.988811 ], [ -74.830103, 10.988367 ], [ -74.831005, 10.988049 ], [ -74.831909, 10.988033 ], [ -74.832637, 10.98822 ], [ -74.833321, 10.988307 ], [ -74.834119, 10.988307 ], [ -74.835478, 10.988104 ], [ -74.836562, 10.987825 ], [ -74.837591, 10.987301 ], [ -74.83869, 10.986896 ], [ -74.839926, 10.986721 ], [ -74.841978, 10.986337 ], [ -74.843371, 10.985736 ], [ -74.844374, 10.985104 ], [ -74.845441, 10.984562 ], [ -74.848166, 10.983318 ], [ -74.849398, 10.983106 ], [ -74.850374, 10.983105 ], [ -74.851357, 10.983296 ], [ -74.851472, 10.982775 ], [ -74.851849, 10.982031 ], [ -74.85192, 10.981663 ], [ -74.85163, 10.980921 ], [ -74.851005, 10.98051 ], [ -74.850892, 10.980353 ], [ -74.850627, 10.97932 ], [ -74.850626, 10.977192 ], [ -74.850292, 10.976381 ], [ -74.849809, 10.976179 ], [ -74.849011, 10.975955 ], [ -74.848913, 10.975904 ], [ -74.848285, 10.9754 ], [ -74.848205, 10.975289 ], [ -74.847928, 10.975292 ], [ -74.847175, 10.975154 ], [ -74.846514, 10.975217 ], [ -74.845603, 10.975807 ], [ -74.844981, 10.976138 ], [ -74.843592, 10.975819 ], [ -74.842695, 10.975889 ], [ -74.841852, 10.975787 ], [ -74.84132, 10.975887 ], [ -74.840803, 10.976048 ], [ -74.840385, 10.976413 ], [ -74.839919, 10.976518 ], [ -74.839334, 10.976363 ], [ -74.838567, 10.976078 ], [ -74.837732, 10.975977 ], [ -74.836981, 10.975978 ], [ -74.836064, 10.97628 ], [ -74.835558, 10.976626 ], [ -74.833659, 10.977586 ], [ -74.832807, 10.977867 ], [ -74.830972, 10.978351 ], [ -74.829865, 10.97858 ], [ -74.827836, 10.979383 ], [ -74.827122, 10.979935 ], [ -74.825369, 10.981116 ], [ -74.824157, 10.981754 ], [ -74.823486, 10.981917 ], [ -74.822584, 10.982033 ], [ -74.82165, 10.982377 ], [ -74.82131, 10.98262 ], [ -74.820915, 10.983278 ], [ -74.82076, 10.983347 ], [ -74.820675, 10.983343 ], [ -74.820594, 10.983313 ], [ -74.82048, 10.983189 ], [ -74.820457, 10.983107 ], [ -74.820492, 10.982943 ], [ -74.820863, 10.9823 ], [ -74.82094, 10.982215 ], [ -74.821358, 10.981916 ], [ -74.822422, 10.981514 ], [ -74.823375, 10.981385 ], [ -74.82393, 10.981258 ], [ -74.825069, 10.980661 ], [ -74.826795, 10.9795 ], [ -74.82759, 10.978897 ], [ -74.829687, 10.978066 ], [ -74.830838, 10.977825 ], [ -74.832657, 10.977345 ], [ -74.833467, 10.977078 ], [ -74.835287, 10.976154 ], [ -74.835852, 10.975778 ], [ -74.83685, 10.97545 ], [ -74.837747, 10.975434 ], [ -74.838667, 10.975543 ], [ -74.839495, 10.975844 ], [ -74.839934, 10.975967 ], [ -74.840127, 10.975924 ], [ -74.840478, 10.975607 ], [ -74.84058, 10.975549 ], [ -74.84117, 10.975365 ], [ -74.841791, 10.975246 ], [ -74.842733, 10.975347 ], [ -74.84368, 10.975281 ], [ -74.844902, 10.97558 ], [ -74.845787, 10.975057 ], [ -74.846321, 10.9747 ], [ -74.847164, 10.974609 ], [ -74.848024, 10.974751 ], [ -74.847815, 10.974106 ], [ -74.847699, 10.973378 ], [ -74.847494, 10.972391 ], [ -74.846083, 10.971715 ], [ -74.844984, 10.970807 ], [ -74.84447, 10.970564 ], [ -74.843192, 10.970388 ], [ -74.843116, 10.970367 ], [ -74.842998, 10.970268 ], [ -74.842731, 10.96944 ], [ -74.84272, 10.969339 ], [ -74.842982, 10.968777 ], [ -74.843084, 10.968367 ], [ -74.843428, 10.967263 ], [ -74.843429, 10.967004 ], [ -74.84359, 10.966467 ], [ -74.843551, 10.966182 ], [ -74.843144, 10.966127 ], [ -74.842745, 10.965985 ], [ -74.842537, 10.965748 ], [ -74.842023, 10.965404 ], [ -74.841855, 10.965205 ], [ -74.841645, 10.965193 ], [ -74.841256, 10.965258 ], [ -74.840818, 10.965259 ], [ -74.840653, 10.965205 ], [ -74.840177, 10.964854 ], [ -74.839224, 10.964715 ], [ -74.838748, 10.964614 ], [ -74.838622, 10.964615 ], [ -74.838335, 10.964702 ], [ -74.838167, 10.964699 ], [ -74.837626, 10.964321 ], [ -74.837159, 10.96393 ], [ -74.835864, 10.963126 ], [ -74.835011, 10.963019 ], [ -74.834504, 10.962911 ], [ -74.832564, 10.963204 ], [ -74.832413, 10.963128 ], [ -74.832336, 10.962978 ], [ -74.832362, 10.962813 ], [ -74.832413, 10.962744 ], [ -74.832564, 10.962668 ], [ -74.834468, 10.962368 ], [ -74.835092, 10.962482 ], [ -74.835987, 10.962595 ], [ -74.836474, 10.962843 ], [ -74.837473, 10.963485 ], [ -74.838306, 10.964143 ], [ -74.838499, 10.964084 ], [ -74.838777, 10.964072 ], [ -74.840341, 10.964333 ], [ -74.840454, 10.964382 ], [ -74.840908, 10.964716 ], [ -74.841231, 10.964715 ], [ -74.841643, 10.96465 ], [ -74.842095, 10.964687 ], [ -74.842222, 10.964781 ], [ -74.84237, 10.964981 ], [ -74.842879, 10.965321 ], [ -74.843064, 10.96553 ], [ -74.84329, 10.965603 ], [ -74.843864, 10.965684 ], [ -74.843982, 10.965779 ], [ -74.844033, 10.965896 ], [ -74.84425, 10.965212 ], [ -74.844293, 10.964694 ], [ -74.844467, 10.963737 ], [ -74.844728, 10.963015 ], [ -74.844772, 10.962636 ], [ -74.844608, 10.962369 ], [ -74.844569, 10.96166 ], [ -74.84442, 10.961313 ], [ -74.84402, 10.960628 ], [ -74.843951, 10.96016 ], [ -74.844251, 10.959457 ], [ -74.84376, 10.957948 ], [ -74.843585, 10.957294 ], [ -74.843132, 10.956936 ], [ -74.842867, 10.956831 ], [ -74.842595, 10.956775 ], [ -74.84235, 10.956772 ], [ -74.842128, 10.95681 ], [ -74.841508, 10.957133 ], [ -74.841005, 10.957091 ], [ -74.840717, 10.956841 ], [ -74.840676, 10.956695 ], [ -74.840678, 10.956537 ], [ -74.840424, 10.956395 ], [ -74.840295, 10.956246 ], [ -74.840136, 10.95565 ], [ -74.840034, 10.955562 ], [ -74.83993, 10.955518 ], [ -74.83982, 10.95553 ], [ -74.839657, 10.955612 ], [ -74.839388, 10.956043 ], [ -74.839133, 10.956274 ], [ -74.838808, 10.95643 ], [ -74.838686, 10.956457 ], [ -74.838362, 10.956438 ], [ -74.838031, 10.956158 ], [ -74.837971, 10.95591 ], [ -74.837573, 10.956009 ], [ -74.837419, 10.955958 ], [ -74.837361, 10.955902 ], [ -74.837256, 10.955607 ], [ -74.837417, 10.955085 ], [ -74.83726, 10.954837 ], [ -74.836993, 10.954587 ], [ -74.836696, 10.954405 ], [ -74.836381, 10.954288 ], [ -74.836189, 10.954262 ], [ -74.835466, 10.954314 ], [ -74.834698, 10.953983 ], [ -74.834179, 10.953521 ], [ -74.833326, 10.952401 ], [ -74.832929, 10.951999 ], [ -74.832298, 10.951556 ], [ -74.831602, 10.95115 ], [ -74.830558, 10.950781 ], [ -74.830192, 10.950603 ], [ -74.829867, 10.950331 ], [ -74.829583, 10.949904 ], [ -74.829482, 10.949813 ], [ -74.829292, 10.949749 ], [ -74.828992, 10.949716 ], [ -74.828271, 10.949908 ], [ -74.827818, 10.949906 ], [ -74.827253, 10.949687 ], [ -74.82678, 10.949286 ], [ -74.826235, 10.949318 ], [ -74.826114, 10.949297 ], [ -74.825336, 10.948978 ], [ -74.824928, 10.948906 ], [ -74.824391, 10.94887 ], [ -74.824259, 10.948766 ], [ -74.824213, 10.948604 ], [ -74.824272, 10.948447 ], [ -74.824414, 10.948354 ], [ -74.825007, 10.948369 ], [ -74.825519, 10.948466 ], [ -74.826266, 10.948772 ], [ -74.826908, 10.948746 ], [ -74.827202, 10.948907 ], [ -74.827582, 10.949249 ], [ -74.827954, 10.949378 ], [ -74.828162, 10.949375 ], [ -74.829, 10.949171 ], [ -74.829382, 10.949213 ], [ -74.829713, 10.949318 ], [ -74.829977, 10.949525 ], [ -74.830303, 10.949999 ], [ -74.830465, 10.950131 ], [ -74.830759, 10.950275 ], [ -74.831859, 10.950669 ], [ -74.832587, 10.951094 ], [ -74.833267, 10.951571 ], [ -74.833754, 10.952061 ], [ -74.834601, 10.953173 ], [ -74.835029, 10.953548 ], [ -74.835555, 10.95377 ], [ -74.836174, 10.953719 ], [ -74.836546, 10.95377 ], [ -74.836961, 10.95393 ], [ -74.837306, 10.95414 ], [ -74.837663, 10.954468 ], [ -74.837926, 10.954867 ], [ -74.837968, 10.955018 ], [ -74.837963, 10.955182 ], [ -74.837912, 10.955362 ], [ -74.83809, 10.955345 ], [ -74.838261, 10.955382 ], [ -74.838402, 10.955459 ], [ -74.838474, 10.955601 ], [ -74.838523, 10.955881 ], [ -74.838561, 10.955914 ], [ -74.838627, 10.955914 ], [ -74.838857, 10.955804 ], [ -74.83894, 10.955727 ], [ -74.83923, 10.955263 ], [ -74.839339, 10.955163 ], [ -74.83971, 10.954997 ], [ -74.840011, 10.954972 ], [ -74.840363, 10.955126 ], [ -74.840616, 10.955361 ], [ -74.840786, 10.955983 ], [ -74.841073, 10.956122 ], [ -74.841188, 10.956224 ], [ -74.841229, 10.95637 ], [ -74.841227, 10.956578 ], [ -74.84139, 10.956591 ], [ -74.841904, 10.956313 ], [ -74.842332, 10.956229 ], [ -74.842681, 10.956239 ], [ -74.843002, 10.956305 ], [ -74.843358, 10.956441 ], [ -74.843007, 10.954811 ], [ -74.842643, 10.952644 ], [ -74.842568, 10.952003 ], [ -74.842563, 10.951423 ], [ -74.842653, 10.950479 ], [ -74.842834, 10.949795 ], [ -74.843154, 10.949277 ], [ -74.843761, 10.948744 ], [ -74.844225, 10.948499 ], [ -74.845296, 10.948081 ], [ -74.845711, 10.94782 ], [ -74.846575, 10.946917 ], [ -74.847411, 10.945665 ], [ -74.847876, 10.945134 ], [ -74.848321, 10.944795 ], [ -74.848859, 10.944472 ], [ -74.849918, 10.944143 ], [ -74.850182, 10.944015 ], [ -74.850392, 10.943797 ], [ -74.850728, 10.943221 ], [ -74.850931, 10.942722 ], [ -74.851063, 10.942219 ], [ -74.851132, 10.941085 ], [ -74.85128, 10.939783 ], [ -74.851439, 10.93879 ], [ -74.851645, 10.937904 ], [ -74.852034, 10.936808 ], [ -74.852779, 10.935589 ], [ -74.852968, 10.93509 ], [ -74.853032, 10.934606 ], [ -74.853035, 10.934014 ], [ -74.852869, 10.933145 ], [ -74.852856, 10.932713 ], [ -74.852971, 10.932171 ], [ -74.853285, 10.931308 ], [ -74.853685, 10.930471 ], [ -74.854022, 10.929951 ], [ -74.854296, 10.929625 ], [ -74.854659, 10.929363 ], [ -74.855408, 10.929136 ], [ -74.855665, 10.928981 ], [ -74.855777, 10.928877 ], [ -74.855375, 10.92806 ], [ -74.85534, 10.927829 ], [ -74.855395, 10.927627 ], [ -74.855672, 10.927279 ], [ -74.856139, 10.926955 ], [ -74.856519, 10.926759 ], [ -74.857093, 10.926581 ], [ -74.857245, 10.926475 ], [ -74.857497, 10.926072 ], [ -74.857822, 10.925172 ], [ -74.857935, 10.924559 ], [ -74.858001, 10.923918 ], [ -74.857707, 10.923541 ], [ -74.857118, 10.923236 ], [ -74.856434, 10.922741 ], [ -74.855849, 10.921579 ], [ -74.855436, 10.920881 ], [ -74.854305, 10.918442 ], [ -74.85428, 10.918333 ], [ -74.854269, 10.917628 ], [ -74.854136, 10.915127 ], [ -74.853815, 10.91434 ], [ -74.852568, 10.913188 ], [ -74.848642, 10.91121 ], [ -74.847447, 10.910851 ], [ -74.845791, 10.910604 ], [ -74.844633, 10.910258 ], [ -74.843344, 10.909436 ], [ -74.842474, 10.908761 ], [ -74.842038, 10.908345 ], [ -74.840714, 10.908479 ], [ -74.84051, 10.908628 ], [ -74.840315, 10.908714 ], [ -74.840109, 10.908739 ], [ -74.839745, 10.908841 ], [ -74.839052, 10.909477 ], [ -74.838788, 10.909607 ], [ -74.838537, 10.909672 ], [ -74.837891, 10.909678 ], [ -74.836664, 10.909463 ], [ -74.836206, 10.909424 ], [ -74.835018, 10.909515 ], [ -74.834078, 10.909689 ], [ -74.833543, 10.909882 ], [ -74.832331, 10.910494 ], [ -74.831752, 10.910727 ], [ -74.831259, 10.910839 ], [ -74.83027, 10.91091 ], [ -74.829968, 10.910984 ], [ -74.829767, 10.911093 ], [ -74.829119, 10.911597 ], [ -74.828545, 10.911793 ], [ -74.828375, 10.911795 ], [ -74.828298, 10.911758 ], [ -74.828236, 10.911699 ], [ -74.828181, 10.911541 ], [ -74.828193, 10.911456 ], [ -74.828291, 10.911319 ], [ -74.828894, 10.9111 ], [ -74.829439, 10.910658 ], [ -74.829735, 10.910492 ], [ -74.830208, 10.910371 ], [ -74.83116, 10.910305 ], [ -74.831567, 10.910216 ], [ -74.832092, 10.910005 ], [ -74.833308, 10.909392 ], [ -74.833911, 10.909171 ], [ -74.83496, 10.908975 ], [ -74.836185, 10.908881 ], [ -74.836747, 10.908926 ], [ -74.837963, 10.90914 ], [ -74.838431, 10.909139 ], [ -74.838617, 10.90909 ], [ -74.838763, 10.909015 ], [ -74.83943, 10.908392 ], [ -74.838556, 10.907669 ], [ -74.838308, 10.907494 ], [ -74.838047, 10.907398 ], [ -74.837542, 10.90727 ], [ -74.837223, 10.907108 ], [ -74.83691, 10.90686 ], [ -74.836186, 10.906203 ], [ -74.835886, 10.906019 ], [ -74.835087, 10.905762 ], [ -74.834841, 10.905717 ], [ -74.833325, 10.905728 ], [ -74.832596, 10.905669 ], [ -74.831613, 10.905339 ], [ -74.831433, 10.905245 ], [ -74.830836, 10.904833 ], [ -74.830712, 10.9048 ], [ -74.829855, 10.904855 ], [ -74.829405, 10.90481 ], [ -74.828608, 10.904603 ], [ -74.828481, 10.904491 ], [ -74.828444, 10.904328 ], [ -74.828512, 10.904174 ], [ -74.828578, 10.90412 ], [ -74.828744, 10.904084 ], [ -74.829024, 10.904133 ], [ -74.829405, 10.904255 ], [ -74.829747, 10.904306 ], [ -74.830104, 10.904311 ], [ -74.830812, 10.904265 ], [ -74.831078, 10.904345 ], [ -74.831852, 10.90485 ], [ -74.832713, 10.905139 ], [ -74.833338, 10.905186 ], [ -74.834867, 10.905175 ], [ -74.835224, 10.905237 ], [ -74.835933, 10.905457 ], [ -74.836308, 10.905623 ], [ -74.836628, 10.905861 ], [ -74.837525, 10.906655 ], [ -74.837723, 10.906758 ], [ -74.83836, 10.906925 ], [ -74.83858, 10.907023 ], [ -74.8389, 10.907246 ], [ -74.839588, 10.907835 ], [ -74.840142, 10.908194 ], [ -74.840569, 10.907953 ], [ -74.84152, 10.907849 ], [ -74.840424, 10.906799 ], [ -74.839509, 10.905763 ], [ -74.838692, 10.904404 ], [ -74.838128, 10.903191 ], [ -74.83787, 10.901566 ], [ -74.837876, 10.901452 ], [ -74.838162, 10.900415 ], [ -74.838625, 10.899639 ], [ -74.839469, 10.898662 ], [ -74.840134, 10.897984 ], [ -74.84065, 10.897344 ], [ -74.840792, 10.897251 ], [ -74.840877, 10.897242 ], [ -74.841036, 10.8973 ], [ -74.841129, 10.89744 ], [ -74.841139, 10.897525 ], [ -74.841079, 10.897682 ], [ -74.840556, 10.898332 ], [ -74.839881, 10.899021 ], [ -74.839057, 10.899974 ], [ -74.838681, 10.900594 ], [ -74.838421, 10.901539 ], [ -74.838665, 10.903071 ], [ -74.839168, 10.904134 ], [ -74.839939, 10.905426 ], [ -74.840814, 10.906417 ], [ -74.842824, 10.908343 ], [ -74.843673, 10.909002 ], [ -74.844897, 10.909781 ], [ -74.845891, 10.91007 ], [ -74.847549, 10.910318 ], [ -74.847927, 10.910428 ], [ -74.84775, 10.909811 ], [ -74.847611, 10.909681 ], [ -74.847303, 10.909423 ], [ -74.846518, 10.908913 ], [ -74.846285, 10.908789 ], [ -74.845875, 10.908628 ], [ -74.845468, 10.908369 ], [ -74.844876, 10.907832 ], [ -74.844216, 10.907172 ], [ -74.843944, 10.906863 ], [ -74.843781, 10.906629 ], [ -74.843589, 10.906232 ], [ -74.843488, 10.905944 ], [ -74.84345, 10.905659 ], [ -74.843485, 10.905247 ], [ -74.843593, 10.90493 ], [ -74.843792, 10.904639 ], [ -74.843966, 10.904487 ], [ -74.844048, 10.904462 ], [ -74.844216, 10.904489 ], [ -74.844335, 10.904609 ], [ -74.84436, 10.904774 ], [ -74.844333, 10.904855 ], [ -74.844083, 10.905177 ], [ -74.844024, 10.905351 ], [ -74.843999, 10.905646 ], [ -74.844055, 10.905922 ], [ -74.844307, 10.906437 ], [ -74.844793, 10.906984 ], [ -74.845815, 10.907949 ], [ -74.846119, 10.908142 ], [ -74.8467, 10.908387 ], [ -74.847496, 10.908894 ], [ -74.847758, 10.909086 ], [ -74.848186, 10.909474 ], [ -74.848258, 10.909594 ], [ -74.848551, 10.910616 ], [ -74.84887, 10.910716 ], [ -74.852851, 10.912722 ], [ -74.854234, 10.913985 ], [ -74.854302, 10.914081 ], [ -74.854684, 10.915068 ], [ -74.854817, 10.917602 ], [ -74.854828, 10.918268 ], [ -74.855929, 10.920642 ], [ -74.856338, 10.921331 ], [ -74.85686, 10.922386 ], [ -74.857422, 10.922784 ], [ -74.858081, 10.923143 ], [ -74.858266, 10.920652 ], [ -74.858408, 10.920005 ], [ -74.858853, 10.918549 ], [ -74.859005, 10.91761 ], [ -74.858963, 10.917277 ], [ -74.858619, 10.916546 ], [ -74.858469, 10.916025 ], [ -74.858354, 10.915338 ], [ -74.858351, 10.914745 ], [ -74.858552, 10.913999 ], [ -74.859256, 10.912465 ], [ -74.859545, 10.91138 ], [ -74.859654, 10.910666 ], [ -74.859674, 10.909888 ], [ -74.859626, 10.909451 ], [ -74.859518, 10.909157 ], [ -74.85911, 10.90859 ], [ -74.859066, 10.90849 ], [ -74.859019, 10.908273 ], [ -74.859055, 10.907955 ], [ -74.859101, 10.907847 ], [ -74.859345, 10.907503 ], [ -74.859886, 10.907085 ], [ -74.861897, 10.90607 ], [ -74.862851, 10.905493 ], [ -74.864033, 10.904921 ], [ -74.864371, 10.904703 ], [ -74.86459, 10.904496 ], [ -74.864746, 10.904227 ], [ -74.864858, 10.90375 ], [ -74.864861, 10.903436 ], [ -74.864727, 10.902962 ], [ -74.864696, 10.902575 ], [ -74.864757, 10.902072 ], [ -74.864912, 10.90165 ], [ -74.865205, 10.901212 ], [ -74.865637, 10.900756 ], [ -74.86597, 10.900475 ], [ -74.866646, 10.900045 ], [ -74.867169, 10.89952 ], [ -74.867268, 10.8993 ], [ -74.86729, 10.898625 ], [ -74.86767, 10.897926 ], [ -74.867796, 10.897286 ], [ -74.868011, 10.897026 ], [ -74.86845, 10.896716 ], [ -74.868548, 10.896574 ], [ -74.868621, 10.89638 ], [ -74.868666, 10.896081 ], [ -74.868656, 10.895693 ], [ -74.868432, 10.894201 ], [ -74.868153, 10.891166 ], [ -74.868183, 10.890654 ], [ -74.868268, 10.890181 ], [ -74.868844, 10.888194 ], [ -74.868947, 10.887266 ], [ -74.868881, 10.884365 ], [ -74.868921, 10.883721 ], [ -74.869065, 10.882624 ], [ -74.869076, 10.881703 ], [ -74.869012, 10.88064 ], [ -74.868702, 10.879068 ], [ -74.868651, 10.878278 ], [ -74.868779, 10.877622 ], [ -74.869291, 10.876451 ], [ -74.869418, 10.875624 ], [ -74.869352, 10.875276 ], [ -74.868876, 10.874463 ], [ -74.868706, 10.873923 ], [ -74.868581, 10.872056 ], [ -74.868594, 10.870903 ], [ -74.86869, 10.870192 ], [ -74.868903, 10.869344 ], [ -74.868899, 10.86811 ], [ -74.869218, 10.866175 ], [ -74.86923, 10.863901 ], [ -74.869566, 10.862 ], [ -74.869765, 10.861103 ], [ -74.86998, 10.860438 ], [ -74.870965, 10.858536 ], [ -74.87124, 10.857849 ], [ -74.871558, 10.856453 ], [ -74.871689, 10.854978 ], [ -74.871755, 10.854824 ], [ -74.871821, 10.854769 ], [ -74.871986, 10.854732 ], [ -74.872142, 10.854797 ], [ -74.872229, 10.854941 ], [ -74.872098, 10.856555 ], [ -74.871758, 10.858029 ], [ -74.87146, 10.858772 ], [ -74.870496, 10.860625 ], [ -74.870299, 10.861233 ], [ -74.870105, 10.862099 ], [ -74.869774, 10.863972 ], [ -74.869766, 10.866198 ], [ -74.869503, 10.867818 ], [ -74.869716, 10.867639 ], [ -74.870321, 10.867228 ], [ -74.870642, 10.867056 ], [ -74.870896, 10.866995 ], [ -74.871405, 10.866945 ], [ -74.871516, 10.866908 ], [ -74.871737, 10.866443 ], [ -74.871896, 10.866228 ], [ -74.872237, 10.865856 ], [ -74.872605, 10.865587 ], [ -74.872919, 10.865583 ], [ -74.87338, 10.865676 ], [ -74.874134, 10.866058 ], [ -74.874973, 10.866346 ], [ -74.875179, 10.866387 ], [ -74.87565, 10.866417 ], [ -74.876118, 10.866395 ], [ -74.8764, 10.866329 ], [ -74.876565, 10.866235 ], [ -74.877107, 10.865755 ], [ -74.877556, 10.865294 ], [ -74.877858, 10.864933 ], [ -74.878149, 10.864416 ], [ -74.878402, 10.863874 ], [ -74.878661, 10.86315 ], [ -74.878871, 10.862722 ], [ -74.879265, 10.862061 ], [ -74.879447, 10.861221 ], [ -74.879594, 10.860828 ], [ -74.879727, 10.860633 ], [ -74.879896, 10.86048 ], [ -74.880064, 10.860452 ], [ -74.880216, 10.860526 ], [ -74.880294, 10.860675 ], [ -74.880295, 10.86076 ], [ -74.88027, 10.860841 ], [ -74.880079, 10.861083 ], [ -74.880008, 10.86125 ], [ -74.87986, 10.861984 ], [ -74.879778, 10.862254 ], [ -74.879354, 10.862981 ], [ -74.879159, 10.863379 ], [ -74.878909, 10.86408 ], [ -74.878634, 10.864671 ], [ -74.878407, 10.865089 ], [ -74.878138, 10.865462 ], [ -74.877494, 10.866141 ], [ -74.876987, 10.866601 ], [ -74.876629, 10.866822 ], [ -74.876317, 10.866914 ], [ -74.875776, 10.866959 ], [ -74.875109, 10.866926 ], [ -74.874811, 10.866865 ], [ -74.873929, 10.866561 ], [ -74.873208, 10.866191 ], [ -74.872781, 10.86612 ], [ -74.872621, 10.866245 ], [ -74.872317, 10.866577 ], [ -74.872135, 10.866854 ], [ -74.87196, 10.867233 ], [ -74.871877, 10.867322 ], [ -74.871675, 10.867437 ], [ -74.87149, 10.867482 ], [ -74.870975, 10.867532 ], [ -74.870723, 10.867616 ], [ -74.869922, 10.86817 ], [ -74.869786, 10.868342 ], [ -74.869556, 10.86873 ], [ -74.869448, 10.86883 ], [ -74.869444, 10.869442 ], [ -74.869226, 10.870307 ], [ -74.86914, 10.870957 ], [ -74.86913, 10.87203 ], [ -74.869252, 10.873855 ], [ -74.869366, 10.874218 ], [ -74.869851, 10.875045 ], [ -74.869968, 10.87566 ], [ -74.869828, 10.876568 ], [ -74.869295, 10.877809 ], [ -74.869197, 10.878341 ], [ -74.869244, 10.87898 ], [ -74.869559, 10.880589 ], [ -74.869625, 10.88168 ], [ -74.869612, 10.882678 ], [ -74.869467, 10.883782 ], [ -74.86943, 10.884386 ], [ -74.869496, 10.887271 ], [ -74.869378, 10.888321 ], [ -74.868806, 10.890289 ], [ -74.868727, 10.890733 ], [ -74.868702, 10.891176 ], [ -74.868978, 10.894144 ], [ -74.869201, 10.895629 ], [ -74.869215, 10.896091 ], [ -74.86916, 10.896488 ], [ -74.869021, 10.896851 ], [ -74.868809, 10.89713 ], [ -74.86836, 10.897447 ], [ -74.868304, 10.897516 ], [ -74.868173, 10.898149 ], [ -74.867828, 10.898767 ], [ -74.867816, 10.899366 ], [ -74.867744, 10.899577 ], [ -74.868345, 10.899568 ], [ -74.868565, 10.899529 ], [ -74.868743, 10.899458 ], [ -74.869187, 10.899104 ], [ -74.869538, 10.898676 ], [ -74.869627, 10.898407 ], [ -74.869657, 10.898055 ], [ -74.869642, 10.895099 ], [ -74.869689, 10.894688 ], [ -74.869776, 10.894405 ], [ -74.87, 10.893944 ], [ -74.870275, 10.893564 ], [ -74.872143, 10.891703 ], [ -74.872527, 10.891404 ], [ -74.873014, 10.89123 ], [ -74.873318, 10.890826 ], [ -74.873794, 10.890346 ], [ -74.87413, 10.890063 ], [ -74.874361, 10.889941 ], [ -74.874616, 10.889884 ], [ -74.87487, 10.88989 ], [ -74.87501, 10.889985 ], [ -74.875067, 10.890143 ], [ -74.87502, 10.890304 ], [ -74.874885, 10.890406 ], [ -74.874662, 10.890426 ], [ -74.874449, 10.890505 ], [ -74.874168, 10.890743 ], [ -74.873721, 10.891194 ], [ -74.873367, 10.891649 ], [ -74.873221, 10.891745 ], [ -74.872987, 10.891818 ], [ -74.873568, 10.89177 ], [ -74.874194, 10.891608 ], [ -74.875182, 10.89151 ], [ -74.875468, 10.891431 ], [ -74.875886, 10.891227 ], [ -74.876675, 10.890619 ], [ -74.877736, 10.889994 ], [ -74.878384, 10.889404 ], [ -74.879172, 10.888588 ], [ -74.879329, 10.888338 ], [ -74.879396, 10.888048 ], [ -74.879416, 10.886047 ], [ -74.879478, 10.885444 ], [ -74.879696, 10.884644 ], [ -74.879808, 10.884518 ], [ -74.879974, 10.884481 ], [ -74.88013, 10.884547 ], [ -74.880184, 10.884613 ], [ -74.880222, 10.884776 ], [ -74.880203, 10.884933 ], [ -74.880018, 10.885542 ], [ -74.879982, 10.885795 ], [ -74.879961, 10.887836 ], [ -74.879922, 10.888243 ], [ -74.879843, 10.888528 ], [ -74.879685, 10.888815 ], [ -74.879428, 10.889127 ], [ -74.878281, 10.890249 ], [ -74.877952, 10.890511 ], [ -74.876978, 10.891072 ], [ -74.876174, 10.891689 ], [ -74.875672, 10.891935 ], [ -74.875279, 10.892044 ], [ -74.874285, 10.892143 ], [ -74.873514, 10.892327 ], [ -74.872932, 10.892363 ], [ -74.872256, 10.892363 ], [ -74.87069, 10.89392 ], [ -74.870474, 10.894218 ], [ -74.870332, 10.894503 ], [ -74.870254, 10.894693 ], [ -74.870211, 10.894896 ], [ -74.870182, 10.895385 ], [ -74.8702, 10.898209 ], [ -74.87014, 10.898633 ], [ -74.870013, 10.898948 ], [ -74.86977, 10.899281 ], [ -74.869477, 10.899581 ], [ -74.869146, 10.899849 ], [ -74.868879, 10.899996 ], [ -74.868569, 10.900084 ], [ -74.868262, 10.900119 ], [ -74.867797, 10.900117 ], [ -74.867584, 10.900144 ], [ -74.867344, 10.900118 ], [ -74.866969, 10.900485 ], [ -74.866283, 10.900921 ], [ -74.866007, 10.901157 ], [ -74.865623, 10.901564 ], [ -74.865392, 10.901917 ], [ -74.865287, 10.902219 ], [ -74.865245, 10.902608 ], [ -74.865263, 10.902841 ], [ -74.865411, 10.903403 ], [ -74.865399, 10.903844 ], [ -74.865272, 10.904389 ], [ -74.865046, 10.9048 ], [ -74.864733, 10.905112 ], [ -74.86429, 10.905401 ], [ -74.863104, 10.905975 ], [ -74.862156, 10.906548 ], [ -74.860197, 10.907534 ], [ -74.859769, 10.90785 ], [ -74.859585, 10.908109 ], [ -74.859567, 10.908211 ], [ -74.859591, 10.908321 ], [ -74.859987, 10.908873 ], [ -74.860153, 10.909296 ], [ -74.860224, 10.909884 ], [ -74.860195, 10.910764 ], [ -74.861102, 10.909875 ], [ -74.86153, 10.909517 ], [ -74.861857, 10.909344 ], [ -74.862351, 10.909208 ], [ -74.862614, 10.909104 ], [ -74.863198, 10.908684 ], [ -74.863452, 10.908544 ], [ -74.863904, 10.908429 ], [ -74.865106, 10.908344 ], [ -74.865334, 10.908294 ], [ -74.865525, 10.908208 ], [ -74.86573, 10.908053 ], [ -74.865974, 10.907813 ], [ -74.866175, 10.907681 ], [ -74.866454, 10.907569 ], [ -74.866596, 10.907463 ], [ -74.867749, 10.906285 ], [ -74.86783, 10.906123 ], [ -74.867937, 10.906002 ], [ -74.868124, 10.905866 ], [ -74.868397, 10.90576 ], [ -74.868708, 10.905703 ], [ -74.870025, 10.905626 ], [ -74.870139, 10.905598 ], [ -74.870289, 10.905511 ], [ -74.871936, 10.903793 ], [ -74.872125, 10.903494 ], [ -74.872329, 10.902957 ], [ -74.872644, 10.902372 ], [ -74.873668, 10.901214 ], [ -74.87379, 10.90097 ], [ -74.873918, 10.900185 ], [ -74.874002, 10.899915 ], [ -74.87426, 10.899398 ], [ -74.87453, 10.899063 ], [ -74.874773, 10.898848 ], [ -74.875743, 10.898176 ], [ -74.876868, 10.896955 ], [ -74.877185, 10.896664 ], [ -74.877525, 10.896421 ], [ -74.877812, 10.896304 ], [ -74.878105, 10.89625 ], [ -74.879377, 10.896186 ], [ -74.879557, 10.896138 ], [ -74.879722, 10.896048 ], [ -74.880173, 10.895661 ], [ -74.880813, 10.894999 ], [ -74.88106, 10.894702 ], [ -74.881458, 10.894125 ], [ -74.881729, 10.893814 ], [ -74.881943, 10.893619 ], [ -74.882111, 10.893592 ], [ -74.882262, 10.893668 ], [ -74.882313, 10.893736 ], [ -74.88234, 10.893902 ], [ -74.882314, 10.893983 ], [ -74.881892, 10.894458 ], [ -74.881316, 10.895254 ], [ -74.880751, 10.895857 ], [ -74.88025, 10.896329 ], [ -74.879915, 10.896568 ], [ -74.879603, 10.896693 ], [ -74.879189, 10.896752 ], [ -74.878173, 10.896789 ], [ -74.877969, 10.896824 ], [ -74.877802, 10.89689 ], [ -74.877538, 10.89708 ], [ -74.877256, 10.897339 ], [ -74.876386, 10.898279 ], [ -74.876668, 10.898442 ], [ -74.876898, 10.898619 ], [ -74.877389, 10.899118 ], [ -74.877612, 10.899485 ], [ -74.877837, 10.900252 ], [ -74.878001, 10.90046 ], [ -74.878186, 10.900584 ], [ -74.878353, 10.900631 ], [ -74.878698, 10.900661 ], [ -74.87949, 10.900638 ], [ -74.879871, 10.900585 ], [ -74.880374, 10.900416 ], [ -74.880664, 10.900361 ], [ -74.88075, 10.900367 ], [ -74.880896, 10.900452 ], [ -74.880963, 10.900606 ], [ -74.880957, 10.900691 ], [ -74.880871, 10.900835 ], [ -74.880798, 10.90088 ], [ -74.880533, 10.900935 ], [ -74.880009, 10.90111 ], [ -74.879693, 10.901163 ], [ -74.879242, 10.901197 ], [ -74.878545, 10.901197 ], [ -74.878243, 10.901162 ], [ -74.877979, 10.901087 ], [ -74.877645, 10.900874 ], [ -74.877366, 10.900531 ], [ -74.877246, 10.90024 ], [ -74.877101, 10.899685 ], [ -74.876882, 10.899363 ], [ -74.876636, 10.899114 ], [ -74.876359, 10.89889 ], [ -74.876174, 10.89878 ], [ -74.875947, 10.898707 ], [ -74.875106, 10.89928 ], [ -74.87478, 10.899606 ], [ -74.87448, 10.900206 ], [ -74.87432, 10.901112 ], [ -74.874127, 10.901511 ], [ -74.873104, 10.902668 ], [ -74.872832, 10.903175 ], [ -74.87262, 10.903729 ], [ -74.872371, 10.904124 ], [ -74.870661, 10.905912 ], [ -74.870382, 10.906086 ], [ -74.870115, 10.906162 ], [ -74.86878, 10.906241 ], [ -74.86855, 10.906281 ], [ -74.868381, 10.906346 ], [ -74.868276, 10.906443 ], [ -74.868184, 10.906621 ], [ -74.866966, 10.907864 ], [ -74.866757, 10.908023 ], [ -74.866412, 10.908172 ], [ -74.866309, 10.908244 ], [ -74.866093, 10.90846 ], [ -74.86582, 10.908666 ], [ -74.865516, 10.908806 ], [ -74.865198, 10.908879 ], [ -74.864088, 10.908955 ], [ -74.863679, 10.909038 ], [ -74.862863, 10.909588 ], [ -74.862513, 10.909726 ], [ -74.862047, 10.909854 ], [ -74.861837, 10.909967 ], [ -74.86148, 10.910269 ], [ -74.860533, 10.911194 ], [ -74.860098, 10.911413 ], [ -74.859782, 10.912625 ], [ -74.859061, 10.914204 ], [ -74.8589, 10.914782 ], [ -74.8589, 10.915273 ], [ -74.859002, 10.915894 ], [ -74.859126, 10.916337 ], [ -74.859479, 10.917087 ], [ -74.859553, 10.917657 ], [ -74.859384, 10.918688 ], [ -74.858936, 10.920152 ], [ -74.858807, 10.920748 ], [ -74.858632, 10.923147 ], [ -74.8585, 10.924432 ], [ -74.859076, 10.924175 ], [ -74.859726, 10.923971 ], [ -74.861393, 10.922777 ], [ -74.862276, 10.922309 ], [ -74.863879, 10.921851 ], [ -74.864865, 10.921717 ], [ -74.865744, 10.92142 ], [ -74.866368, 10.9211 ], [ -74.867596, 10.920424 ], [ -74.86854, 10.919782 ], [ -74.871049, 10.917712 ], [ -74.871594, 10.917226 ], [ -74.87289, 10.91632 ], [ -74.873881, 10.9158 ], [ -74.874981, 10.915423 ], [ -74.875151, 10.915419 ], [ -74.87529, 10.915515 ], [ -74.875346, 10.915673 ], [ -74.875335, 10.915757 ], [ -74.875238, 10.915895 ], [ -74.875163, 10.915935 ], [ -74.874118, 10.91629 ], [ -74.873163, 10.916791 ], [ -74.87195, 10.917639 ], [ -74.871402, 10.918127 ], [ -74.868883, 10.920206 ], [ -74.867875, 10.920892 ], [ -74.865941, 10.921927 ], [ -74.865017, 10.922239 ], [ -74.864011, 10.922378 ], [ -74.862508, 10.922802 ], [ -74.861697, 10.923229 ], [ -74.860016, 10.924434 ], [ -74.859258, 10.924687 ], [ -74.858604, 10.924982 ], [ -74.858334, 10.925367 ], [ -74.858005, 10.926281 ], [ -74.857683, 10.926807 ], [ -74.857374, 10.927049 ], [ -74.856707, 10.927269 ], [ -74.856435, 10.927412 ], [ -74.856062, 10.927662 ], [ -74.855896, 10.927862 ], [ -74.856318, 10.928764 ], [ -74.856327, 10.928967 ], [ -74.856261, 10.929141 ], [ -74.856021, 10.929395 ], [ -74.855662, 10.929619 ], [ -74.854936, 10.929834 ], [ -74.854693, 10.930001 ], [ -74.854475, 10.930258 ], [ -74.854157, 10.930749 ], [ -74.853798, 10.931503 ], [ -74.853495, 10.932336 ], [ -74.853401, 10.932789 ], [ -74.853413, 10.933064 ], [ -74.853584, 10.93399 ], [ -74.853581, 10.934625 ], [ -74.853508, 10.935191 ], [ -74.853262, 10.935849 ], [ -74.852543, 10.937015 ], [ -74.852169, 10.938069 ], [ -74.851979, 10.938884 ], [ -74.851825, 10.939849 ], [ -74.851678, 10.941138 ], [ -74.851601, 10.94233 ], [ -74.851447, 10.942908 ], [ -74.851213, 10.943476 ], [ -74.850851, 10.944096 ], [ -74.850468, 10.944481 ], [ -74.8501, 10.944655 ], [ -74.849115, 10.944953 ], [ -74.848619, 10.945251 ], [ -74.848235, 10.945545 ], [ -74.84786, 10.945978 ], [ -74.846991, 10.947273 ], [ -74.846034, 10.94826 ], [ -74.845522, 10.948576 ], [ -74.844442, 10.948997 ], [ -74.844051, 10.949206 ], [ -74.843555, 10.949651 ], [ -74.843328, 10.950035 ], [ -74.843198, 10.95055 ], [ -74.843111, 10.95146 ], [ -74.843115, 10.951956 ], [ -74.843186, 10.952562 ], [ -74.843547, 10.954717 ], [ -74.843857, 10.956181 ], [ -74.844285, 10.957789 ], [ -74.844702, 10.959072 ], [ -74.84553, 10.95849 ], [ -74.846462, 10.95714 ], [ -74.847878, 10.955302 ], [ -74.849058, 10.954062 ], [ -74.850184, 10.953017 ], [ -74.85118, 10.952196 ], [ -74.852503, 10.951184 ], [ -74.853095, 10.950853 ], [ -74.854302, 10.949844 ], [ -74.8554, 10.949081 ], [ -74.856599, 10.948297 ], [ -74.857028, 10.947809 ], [ -74.857831, 10.946628 ], [ -74.858642, 10.945613 ], [ -74.858588, 10.945361 ], [ -74.858431, 10.945086 ], [ -74.858137, 10.944873 ], [ -74.858085, 10.944691 ], [ -74.858178, 10.943543 ], [ -74.858484, 10.942785 ], [ -74.85859, 10.941817 ], [ -74.858362, 10.940952 ], [ -74.858175, 10.93902 ], [ -74.858173, 10.937963 ], [ -74.858531, 10.937035 ], [ -74.858744, 10.935965 ], [ -74.858665, 10.935215 ], [ -74.857986, 10.933862 ], [ -74.857797, 10.932384 ], [ -74.857797, 10.931855 ], [ -74.85781, 10.931772 ], [ -74.85791, 10.931636 ], [ -74.857986, 10.931597 ], [ -74.858156, 10.931597 ], [ -74.858293, 10.931696 ], [ -74.858332, 10.931771 ], [ -74.858346, 10.932365 ], [ -74.858525, 10.933749 ], [ -74.859179, 10.935016 ], [ -74.859294, 10.93595 ], [ -74.859064, 10.937165 ], [ -74.858722, 10.938015 ], [ -74.858723, 10.938983 ], [ -74.858906, 10.940876 ], [ -74.859141, 10.941826 ], [ -74.859026, 10.942882 ], [ -74.858722, 10.94363 ], [ -74.858646, 10.944575 ], [ -74.858877, 10.944763 ], [ -74.859087, 10.945131 ], [ -74.859126, 10.945253 ], [ -74.859934, 10.94478 ], [ -74.861026, 10.944365 ], [ -74.863256, 10.943704 ], [ -74.864038, 10.943166 ], [ -74.86488, 10.942355 ], [ -74.865664, 10.941718 ], [ -74.866218, 10.941469 ], [ -74.867367, 10.940377 ], [ -74.867474, 10.940314 ], [ -74.869398, 10.939694 ], [ -74.870435, 10.938537 ], [ -74.871326, 10.937405 ], [ -74.873199, 10.93436 ], [ -74.874255, 10.933193 ], [ -74.875138, 10.93248 ], [ -74.876014, 10.931993 ], [ -74.877002, 10.931617 ], [ -74.878407, 10.930793 ], [ -74.878576, 10.930807 ], [ -74.878705, 10.930917 ], [ -74.878743, 10.93108 ], [ -74.878723, 10.931163 ], [ -74.878612, 10.931289 ], [ -74.877265, 10.932094 ], [ -74.876264, 10.932477 ], [ -74.875466, 10.932916 ], [ -74.874619, 10.9336 ], [ -74.87365, 10.93467 ], [ -74.872526, 10.936533 ], [ -74.871768, 10.937728 ], [ -74.870851, 10.93889 ], [ -74.869706, 10.940154 ], [ -74.867701, 10.940812 ], [ -74.866563, 10.941894 ], [ -74.865983, 10.942162 ], [ -74.865255, 10.942751 ], [ -74.864405, 10.94357 ], [ -74.863534, 10.944174 ], [ -74.861213, 10.944876 ], [ -74.860153, 10.945278 ], [ -74.859122, 10.945888 ], [ -74.85828, 10.94694 ], [ -74.857474, 10.948125 ], [ -74.856989, 10.94868 ], [ -74.854628, 10.950281 ], [ -74.853429, 10.951284 ], [ -74.852823, 10.951626 ], [ -74.85152, 10.952622 ], [ -74.850554, 10.953418 ], [ -74.849452, 10.954441 ], [ -74.848306, 10.955642 ], [ -74.846903, 10.957463 ], [ -74.845956, 10.958836 ], [ -74.845005, 10.959525 ], [ -74.844758, 10.959663 ], [ -74.844508, 10.960228 ], [ -74.844552, 10.960486 ], [ -74.844899, 10.961047 ], [ -74.845094, 10.961493 ], [ -74.845139, 10.962168 ], [ -74.845325, 10.962545 ], [ -74.84526, 10.963152 ], [ -74.845048, 10.963752 ], [ -74.845444, 10.96378 ], [ -74.846062, 10.963964 ], [ -74.846721, 10.964233 ], [ -74.847085, 10.964461 ], [ -74.84773, 10.965149 ], [ -74.848838, 10.966799 ], [ -74.849106, 10.967082 ], [ -74.849355, 10.967256 ], [ -74.849566, 10.967335 ], [ -74.849772, 10.967353 ], [ -74.850586, 10.967158 ], [ -74.851013, 10.967132 ], [ -74.851595, 10.967255 ], [ -74.852113, 10.967492 ], [ -74.852466, 10.96779 ], [ -74.853162, 10.968599 ], [ -74.853488, 10.968884 ], [ -74.853963, 10.969137 ], [ -74.855281, 10.969654 ], [ -74.855996, 10.970121 ], [ -74.856816, 10.970924 ], [ -74.857525, 10.971925 ], [ -74.857524, 10.972093 ], [ -74.857423, 10.972228 ], [ -74.857261, 10.972279 ], [ -74.8571, 10.972226 ], [ -74.856384, 10.971259 ], [ -74.85563, 10.970527 ], [ -74.855052, 10.970148 ], [ -74.853745, 10.969635 ], [ -74.8532, 10.969347 ], [ -74.852784, 10.968993 ], [ -74.852063, 10.968159 ], [ -74.85179, 10.967932 ], [ -74.851401, 10.967763 ], [ -74.850941, 10.967671 ], [ -74.850694, 10.96769 ], [ -74.849769, 10.967897 ], [ -74.849407, 10.967855 ], [ -74.849067, 10.967719 ], [ -74.848724, 10.967472 ], [ -74.848421, 10.967153 ], [ -74.847284, 10.965467 ], [ -74.846757, 10.964898 ], [ -74.846487, 10.964725 ], [ -74.845891, 10.964479 ], [ -74.845317, 10.964309 ], [ -74.844921, 10.964289 ], [ -74.844837, 10.964774 ], [ -74.844786, 10.965332 ], [ -74.844634, 10.965874 ], [ -74.843961, 10.967396 ], [ -74.843611, 10.968518 ], [ -74.843509, 10.968935 ], [ -74.843289, 10.969386 ], [ -74.843438, 10.969872 ], [ -74.844593, 10.970033 ], [ -74.845251, 10.970332 ], [ -74.846356, 10.971243 ], [ -74.847925, 10.972008 ], [ -74.848005, 10.97215 ], [ -74.848238, 10.973275 ], [ -74.848354, 10.974001 ], [ -74.848694, 10.975029 ], [ -74.849216, 10.975448 ], [ -74.850007, 10.975673 ], [ -74.850611, 10.975925 ], [ -74.850723, 10.976011 ], [ -74.850759, 10.976073 ], [ -74.851175, 10.977139 ], [ -74.851176, 10.979285 ], [ -74.851397, 10.980116 ], [ -74.852069, 10.980573 ], [ -74.852478, 10.981613 ], [ -74.852356, 10.982244 ], [ -74.852001, 10.982925 ], [ -74.851744, 10.984094 ], [ -74.851914, 10.984834 ], [ -74.852789, 10.984751 ], [ -74.853802, 10.985481 ], [ -74.853979, 10.985562 ], [ -74.8542, 10.985409 ], [ -74.85432, 10.985368 ], [ -74.854597, 10.985347 ], [ -74.855274, 10.985403 ], [ -74.855642, 10.985247 ], [ -74.856228, 10.984761 ], [ -74.856783, 10.983994 ], [ -74.857149, 10.983205 ], [ -74.8573, 10.982643 ], [ -74.857303, 10.982093 ], [ -74.857155, 10.98072 ], [ -74.857184, 10.980096 ], [ -74.857341, 10.979601 ], [ -74.857695, 10.979081 ], [ -74.858082, 10.978821 ], [ -74.858603, 10.978774 ], [ -74.858964, 10.978959 ], [ -74.859388, 10.979367 ], [ -74.85953, 10.97946 ], [ -74.859931, 10.979535 ], [ -74.860144, 10.979507 ], [ -74.860202, 10.97945 ], [ -74.860378, 10.979008 ], [ -74.860561, 10.978698 ], [ -74.861351, 10.977713 ], [ -74.861592, 10.977355 ], [ -74.861849, 10.976788 ], [ -74.862685, 10.974493 ], [ -74.863639, 10.971565 ], [ -74.864327, 10.968934 ], [ -74.8648, 10.966445 ], [ -74.864997, 10.964919 ], [ -74.865054, 10.963989 ], [ -74.865037, 10.963043 ], [ -74.864926, 10.962248 ], [ -74.864752, 10.961637 ], [ -74.864498, 10.961007 ], [ -74.863699, 10.959725 ], [ -74.863157, 10.958598 ], [ -74.862899, 10.957871 ], [ -74.862785, 10.957158 ], [ -74.862824, 10.956503 ], [ -74.862992, 10.955759 ], [ -74.863248, 10.955281 ], [ -74.863904, 10.954425 ], [ -74.864105, 10.954094 ], [ -74.864194, 10.953779 ], [ -74.864157, 10.953408 ], [ -74.864026, 10.953032 ], [ -74.863815, 10.952805 ], [ -74.862773, 10.952181 ], [ -74.861865, 10.951747 ], [ -74.861783, 10.9516 ], [ -74.861803, 10.951434 ], [ -74.861919, 10.951311 ], [ -74.862086, 10.951279 ], [ -74.863019, 10.951695 ], [ -74.864133, 10.952361 ], [ -74.86447, 10.952707 ], [ -74.864527, 10.952803 ], [ -74.8647, 10.953323 ], [ -74.864736, 10.953876 ], [ -74.864595, 10.954342 ], [ -74.864351, 10.954741 ], [ -74.863699, 10.95559 ], [ -74.863497, 10.955976 ], [ -74.863366, 10.956594 ], [ -74.863335, 10.957158 ], [ -74.863425, 10.957715 ], [ -74.863659, 10.958379 ], [ -74.864174, 10.959453 ], [ -74.864978, 10.960742 ], [ -74.865277, 10.961477 ], [ -74.865467, 10.962156 ], [ -74.865583, 10.962985 ], [ -74.865603, 10.96399 ], [ -74.865543, 10.964979 ], [ -74.865341, 10.966538 ], [ -74.864861, 10.969061 ], [ -74.864164, 10.971724 ], [ -74.863207, 10.974664 ], [ -74.862355, 10.977 ], [ -74.862062, 10.977637 ], [ -74.861788, 10.978042 ], [ -74.861023, 10.978992 ], [ -74.860881, 10.979228 ], [ -74.860692, 10.979703 ], [ -74.860629, 10.979797 ], [ -74.860391, 10.980009 ], [ -74.859873, 10.980076 ], [ -74.859272, 10.979943 ], [ -74.859023, 10.979774 ], [ -74.85861, 10.979376 ], [ -74.858497, 10.979318 ], [ -74.858265, 10.979341 ], [ -74.858114, 10.979436 ], [ -74.857849, 10.979811 ], [ -74.857731, 10.980161 ], [ -74.857703, 10.980684 ], [ -74.85785, 10.98205 ], [ -74.85784, 10.982748 ], [ -74.857658, 10.983411 ], [ -74.857271, 10.984244 ], [ -74.856654, 10.985105 ], [ -74.855964, 10.985688 ], [ -74.855364, 10.985947 ], [ -74.854575, 10.985889 ], [ -74.854438, 10.985902 ], [ -74.85432, 10.986155 ], [ -74.854584, 10.98642 ], [ -74.854933, 10.986658 ], [ -74.855448, 10.986806 ], [ -74.855757, 10.987003 ], [ -74.855862, 10.987243 ], [ -74.855879, 10.987771 ], [ -74.856022, 10.988212 ], [ -74.856121, 10.988327 ], [ -74.856468, 10.988436 ], [ -74.856596, 10.988521 ], [ -74.856753, 10.988898 ], [ -74.85676, 10.989067 ], [ -74.856693, 10.989299 ], [ -74.856627, 10.989395 ], [ -74.85623, 10.989771 ], [ -74.856141, 10.989924 ], [ -74.856041, 10.990269 ], [ -74.855999, 10.9907 ], [ -74.856049, 10.991198 ], [ -74.85646, 10.992327 ], [ -74.856635, 10.993177 ], [ -74.856636, 10.99373 ], [ -74.856578, 10.993914 ], [ -74.856433, 10.994128 ], [ -74.856339, 10.994205 ], [ -74.8558, 10.994473 ], [ -74.855732, 10.994533 ], [ -74.855689, 10.994702 ], [ -74.85578, 10.995292 ], [ -74.855915, 10.995649 ], [ -74.856315, 10.996231 ], [ -74.856646, 10.996542 ], [ -74.857614, 10.997093 ], [ -74.857794, 10.997296 ], [ -74.858019, 10.997668 ], [ -74.858126, 10.997762 ], [ -74.858554, 10.997951 ], [ -74.858877, 10.998017 ], [ -74.860339, 10.99795 ], [ -74.860907, 10.998002 ], [ -74.861483, 10.998218 ], [ -74.862433, 10.998793 ], [ -74.862854, 10.998982 ], [ -74.863606, 10.999198 ], [ -74.864236, 10.999203 ], [ -74.864483, 10.999258 ], [ -74.864599, 10.999321 ], [ -74.86482, 10.999522 ], [ -74.865263, 11.000199 ], [ -74.865751, 11.00066 ], [ -74.866265, 11.001056 ], [ -74.866835, 11.001427 ], [ -74.867914, 11.00189 ], [ -74.868054, 11.001993 ], [ -74.868576, 11.001818 ], [ -74.868946, 11.001635 ], [ -74.869112, 11.001355 ], [ -74.869234, 11.000709 ], [ -74.869152, 11.000105 ], [ -74.868868, 10.999476 ], [ -74.868658, 10.998237 ], [ -74.868749, 10.997554 ], [ -74.868939, 10.997149 ], [ -74.869022, 10.996405 ], [ -74.868867, 10.995214 ], [ -74.869065, 10.994393 ], [ -74.869366, 10.993658 ], [ -74.869719, 10.99298 ], [ -74.870116, 10.992042 ], [ -74.870184, 10.991215 ], [ -74.870238, 10.990981 ], [ -74.870569, 10.990445 ], [ -74.870927, 10.9896 ], [ -74.871364, 10.989017 ], [ -74.871864, 10.988422 ], [ -74.872325, 10.988084 ], [ -74.872805, 10.987884 ], [ -74.87328, 10.987741 ], [ -74.87411, 10.98766 ], [ -74.874835, 10.987541 ], [ -74.875094, 10.987275 ], [ -74.875333, 10.987131 ], [ -74.875837, 10.987001 ], [ -74.876133, 10.98683 ], [ -74.876529, 10.986483 ], [ -74.876927, 10.985998 ], [ -74.877335, 10.985325 ], [ -74.877774, 10.984364 ], [ -74.877995, 10.983961 ], [ -74.878307, 10.983506 ], [ -74.878947, 10.982854 ], [ -74.879493, 10.982427 ], [ -74.879773, 10.98226 ], [ -74.880347, 10.982032 ], [ -74.881214, 10.981781 ], [ -74.881696, 10.981559 ], [ -74.881912, 10.981393 ], [ -74.88217, 10.981128 ], [ -74.882754, 10.980263 ], [ -74.883058, 10.979915 ], [ -74.883277, 10.979717 ], [ -74.883547, 10.979556 ], [ -74.883948, 10.979386 ], [ -74.884921, 10.979163 ], [ -74.885382, 10.978992 ], [ -74.885611, 10.978862 ], [ -74.885876, 10.978659 ], [ -74.886219, 10.978294 ], [ -74.886411, 10.978012 ], [ -74.886609, 10.977646 ], [ -74.88682, 10.976958 ], [ -74.88691, 10.976438 ], [ -74.886928, 10.976122 ], [ -74.886854, 10.975506 ], [ -74.886729, 10.975261 ], [ -74.886567, 10.975067 ], [ -74.886393, 10.974903 ], [ -74.886207, 10.974782 ], [ -74.885893, 10.974672 ], [ -74.88537, 10.974584 ], [ -74.884943, 10.974449 ], [ -74.884606, 10.974285 ], [ -74.884367, 10.974095 ], [ -74.884207, 10.973883 ], [ -74.884128, 10.973692 ], [ -74.884086, 10.973461 ], [ -74.884114, 10.973245 ], [ -74.884235, 10.973048 ], [ -74.884322, 10.972966 ], [ -74.884563, 10.972827 ], [ -74.885023, 10.972677 ], [ -74.885374, 10.972609 ], [ -74.885796, 10.97259 ], [ -74.886234, 10.972618 ], [ -74.886764, 10.9727 ], [ -74.887662, 10.972995 ], [ -74.887941, 10.973058 ], [ -74.888321, 10.973074 ], [ -74.888482, 10.973053 ], [ -74.889119, 10.972867 ], [ -74.889561, 10.972601 ], [ -74.889713, 10.97245 ], [ -74.889889, 10.972187 ], [ -74.890041, 10.971682 ], [ -74.8901, 10.97126 ], [ -74.890113, 10.970885 ], [ -74.890076, 10.97067 ], [ -74.889971, 10.97051 ], [ -74.889712, 10.970386 ], [ -74.889562, 10.970351 ], [ -74.889263, 10.97042 ], [ -74.88895, 10.970577 ], [ -74.888643, 10.970658 ], [ -74.888375, 10.970664 ], [ -74.888028, 10.970598 ], [ -74.887927, 10.970548 ], [ -74.887729, 10.970382 ], [ -74.887631, 10.97017 ], [ -74.887586, 10.969856 ], [ -74.88761, 10.969343 ], [ -74.887711, 10.968706 ], [ -74.88789, 10.96819 ], [ -74.888137, 10.967747 ], [ -74.888461, 10.967363 ], [ -74.888839, 10.967052 ], [ -74.889179, 10.966865 ], [ -74.889802, 10.966603 ], [ -74.890019, 10.966471 ], [ -74.890182, 10.96626 ], [ -74.890253, 10.966009 ], [ -74.890279, 10.965481 ], [ -74.890261, 10.965088 ], [ -74.890192, 10.964606 ], [ -74.890104, 10.964264 ], [ -74.889754, 10.963559 ], [ -74.889167, 10.96267 ], [ -74.888948, 10.962284 ], [ -74.888718, 10.961741 ], [ -74.888607, 10.961184 ], [ -74.888603, 10.960703 ], [ -74.888645, 10.960419 ], [ -74.888709, 10.960224 ], [ -74.888936, 10.959867 ], [ -74.889453, 10.959326 ], [ -74.889719, 10.958924 ], [ -74.889962, 10.958293 ], [ -74.890039, 10.957959 ], [ -74.890067, 10.957687 ], [ -74.890042, 10.957278 ], [ -74.889945, 10.956885 ], [ -74.889384, 10.955952 ], [ -74.889177, 10.955415 ], [ -74.888949, 10.954528 ], [ -74.888843, 10.953682 ], [ -74.88883, 10.953111 ], [ -74.888893, 10.952227 ], [ -74.888969, 10.951763 ], [ -74.889163, 10.951185 ], [ -74.889536, 10.950643 ], [ -74.890019, 10.950173 ], [ -74.890282, 10.949998 ], [ -74.891036, 10.949581 ], [ -74.891443, 10.949246 ], [ -74.891925, 10.948712 ], [ -74.892023, 10.948529 ], [ -74.8921, 10.948251 ], [ -74.892088, 10.948121 ], [ -74.892039, 10.948048 ], [ -74.891853, 10.947895 ], [ -74.891294, 10.947594 ], [ -74.890708, 10.947362 ], [ -74.890442, 10.947224 ], [ -74.889969, 10.946879 ], [ -74.88954, 10.946472 ], [ -74.889166, 10.946027 ], [ -74.888857, 10.945527 ], [ -74.888648, 10.94499 ], [ -74.888528, 10.944433 ], [ -74.888503, 10.943739 ], [ -74.888545, 10.943365 ], [ -74.888622, 10.943057 ], [ -74.888924, 10.942498 ], [ -74.889584, 10.941696 ], [ -74.889914, 10.94112 ], [ -74.890076, 10.940735 ], [ -74.890169, 10.940418 ], [ -74.890222, 10.94007 ], [ -74.890237, 10.939657 ], [ -74.890198, 10.939151 ], [ -74.890041, 10.93868 ], [ -74.889706, 10.938122 ], [ -74.889056, 10.93727 ], [ -74.888652, 10.936641 ], [ -74.888327, 10.935908 ], [ -74.888163, 10.935308 ], [ -74.88813, 10.934833 ], [ -74.888156, 10.934344 ], [ -74.888245, 10.933703 ], [ -74.888442, 10.93304 ], [ -74.888823, 10.932102 ], [ -74.888932, 10.931646 ], [ -74.888956, 10.931398 ], [ -74.888922, 10.931126 ], [ -74.888804, 10.930785 ], [ -74.888345, 10.929941 ], [ -74.888201, 10.929614 ], [ -74.888023, 10.928895 ], [ -74.888019, 10.92866 ], [ -74.888107, 10.928423 ], [ -74.888209, 10.928312 ], [ -74.888502, 10.928232 ], [ -74.88875, 10.928263 ], [ -74.888968, 10.928378 ], [ -74.889021, 10.928448 ], [ -74.889131, 10.928652 ], [ -74.889216, 10.928997 ], [ -74.889269, 10.929068 ], [ -74.889426, 10.929155 ], [ -74.889523, 10.92917 ], [ -74.889648, 10.929146 ], [ -74.889824, 10.929025 ], [ -74.889888, 10.928919 ], [ -74.889871, 10.928719 ], [ -74.889743, 10.928452 ], [ -74.889447, 10.928147 ], [ -74.889222, 10.927854 ], [ -74.888943, 10.927317 ], [ -74.888761, 10.926742 ], [ -74.888632, 10.925765 ], [ -74.887885, 10.925053 ], [ -74.887047, 10.924739 ], [ -74.886875, 10.924633 ], [ -74.886474, 10.924557 ], [ -74.885645, 10.924284 ], [ -74.884892, 10.923896 ], [ -74.884413, 10.923773 ], [ -74.884061, 10.923634 ], [ -74.883801, 10.923461 ], [ -74.883029, 10.922812 ], [ -74.882495, 10.922452 ], [ -74.881992, 10.921985 ], [ -74.881638, 10.921541 ], [ -74.881392, 10.920997 ], [ -74.881266, 10.920787 ], [ -74.880214, 10.919667 ], [ -74.879941, 10.9193 ], [ -74.87978, 10.918898 ], [ -74.879499, 10.917791 ], [ -74.879489, 10.91756 ], [ -74.879521, 10.917481 ], [ -74.879649, 10.917371 ], [ -74.879818, 10.917356 ], [ -74.879964, 10.917442 ], [ -74.880009, 10.917514 ], [ -74.880313, 10.918767 ], [ -74.880422, 10.919038 ], [ -74.880709, 10.9194 ], [ -74.881629, 10.920363 ], [ -74.881801, 10.920601 ], [ -74.882046, 10.921145 ], [ -74.882172, 10.921355 ], [ -74.88248, 10.921704 ], [ -74.882836, 10.922027 ], [ -74.883359, 10.922379 ], [ -74.884312, 10.923151 ], [ -74.884572, 10.923254 ], [ -74.885093, 10.923391 ], [ -74.885841, 10.923778 ], [ -74.886627, 10.924036 ], [ -74.8871, 10.92413 ], [ -74.887247, 10.924231 ], [ -74.888124, 10.924561 ], [ -74.888223, 10.924621 ], [ -74.888646, 10.925024 ], [ -74.888733, 10.924514 ], [ -74.88895, 10.924061 ], [ -74.889078, 10.923898 ], [ -74.889377, 10.92364 ], [ -74.889838, 10.923412 ], [ -74.889978, 10.923283 ], [ -74.889986, 10.923207 ], [ -74.889913, 10.922987 ], [ -74.889733, 10.922675 ], [ -74.888961, 10.921839 ], [ -74.888644, 10.921422 ], [ -74.88843, 10.920988 ], [ -74.888391, 10.92076 ], [ -74.888459, 10.920378 ], [ -74.888675, 10.919993 ], [ -74.889075, 10.919511 ], [ -74.889466, 10.919168 ], [ -74.889478, 10.919028 ], [ -74.889344, 10.918588 ], [ -74.889297, 10.918323 ], [ -74.889285, 10.917942 ], [ -74.889315, 10.917678 ], [ -74.889392, 10.917408 ], [ -74.889474, 10.917244 ], [ -74.890028, 10.916459 ], [ -74.89008, 10.916258 ], [ -74.890073, 10.915941 ], [ -74.890001, 10.915845 ], [ -74.889867, 10.91581 ], [ -74.889231, 10.915744 ], [ -74.88894, 10.915685 ], [ -74.887965, 10.915315 ], [ -74.887449, 10.91517 ], [ -74.887189, 10.915017 ], [ -74.885358, 10.913134 ], [ -74.885245, 10.913069 ], [ -74.884536, 10.912832 ], [ -74.884093, 10.912573 ], [ -74.883932, 10.912438 ], [ -74.883798, 10.912275 ], [ -74.883678, 10.912014 ], [ -74.883659, 10.911818 ], [ -74.883706, 10.911657 ], [ -74.88384, 10.911554 ], [ -74.883924, 10.911538 ], [ -74.884087, 10.911585 ], [ -74.884192, 10.911717 ], [ -74.884211, 10.911876 ], [ -74.884262, 10.911984 ], [ -74.884409, 10.91213 ], [ -74.884783, 10.912347 ], [ -74.885452, 10.912566 ], [ -74.885709, 10.912716 ], [ -74.887511, 10.914576 ], [ -74.887656, 10.914666 ], [ -74.888139, 10.9148 ], [ -74.889101, 10.915166 ], [ -74.889957, 10.915274 ], [ -74.890194, 10.915335 ], [ -74.890482, 10.915534 ], [ -74.890592, 10.915761 ], [ -74.890638, 10.916041 ], [ -74.890589, 10.916511 ], [ -74.890459, 10.916818 ], [ -74.889946, 10.917522 ], [ -74.889877, 10.917682 ], [ -74.889842, 10.917863 ], [ -74.889858, 10.918368 ], [ -74.88999, 10.918813 ], [ -74.890341, 10.91857 ], [ -74.890637, 10.918308 ], [ -74.891966, 10.91687 ], [ -74.892564, 10.916373 ], [ -74.893254, 10.915952 ], [ -74.893531, 10.915694 ], [ -74.89381, 10.915361 ], [ -74.893967, 10.91513 ], [ -74.894084, 10.914848 ], [ -74.894186, 10.91436 ], [ -74.894285, 10.913469 ], [ -74.894405, 10.913009 ], [ -74.894596, 10.912636 ], [ -74.894779, 10.912444 ], [ -74.895093, 10.91226 ], [ -74.89534, 10.91218 ], [ -74.89559, 10.912171 ], [ -74.895819, 10.912227 ], [ -74.896218, 10.912406 ], [ -74.896547, 10.912423 ], [ -74.896963, 10.91235 ], [ -74.897141, 10.912267 ], [ -74.89726, 10.912146 ], [ -74.897373, 10.911934 ], [ -74.897502, 10.911488 ], [ -74.897676, 10.910525 ], [ -74.897765, 10.909238 ], [ -74.89774, 10.908645 ], [ -74.897698, 10.90834 ], [ -74.897512, 10.907557 ], [ -74.897041, 10.905971 ], [ -74.896763, 10.905218 ], [ -74.89586, 10.903004 ], [ -74.89545, 10.901752 ], [ -74.895236, 10.900988 ], [ -74.895077, 10.900193 ], [ -74.895031, 10.899774 ], [ -74.895051, 10.89946 ], [ -74.8952, 10.898649 ], [ -74.895209, 10.898235 ], [ -74.895179, 10.897966 ], [ -74.89513, 10.897828 ], [ -74.894944, 10.897597 ], [ -74.89462, 10.897368 ], [ -74.894336, 10.897215 ], [ -74.893409, 10.896816 ], [ -74.893189, 10.89667 ], [ -74.89288, 10.896405 ], [ -74.89259, 10.89608 ], [ -74.892285, 10.895642 ], [ -74.891941, 10.894947 ], [ -74.891757, 10.894436 ], [ -74.891676, 10.893908 ], [ -74.891704, 10.893691 ], [ -74.891778, 10.893501 ], [ -74.892013, 10.893208 ], [ -74.892615, 10.892741 ], [ -74.892813, 10.892411 ], [ -74.892953, 10.89206 ], [ -74.893031, 10.891686 ], [ -74.893043, 10.891439 ], [ -74.893002, 10.891078 ], [ -74.892892, 10.890762 ], [ -74.892683, 10.89048 ], [ -74.892037, 10.890185 ], [ -74.891505, 10.889788 ], [ -74.89131, 10.889482 ], [ -74.891276, 10.889304 ], [ -74.89092, 10.889167 ], [ -74.890048, 10.888502 ], [ -74.889899, 10.888292 ], [ -74.889824, 10.888105 ], [ -74.889706, 10.887317 ], [ -74.889662, 10.887157 ], [ -74.889418, 10.886619 ], [ -74.889069, 10.885999 ], [ -74.888758, 10.885588 ], [ -74.888478, 10.885156 ], [ -74.888095, 10.884728 ], [ -74.888058, 10.884598 ], [ -74.887706, 10.884589 ], [ -74.887409, 10.884536 ], [ -74.887215, 10.884461 ], [ -74.886982, 10.884287 ], [ -74.886843, 10.884091 ], [ -74.886757, 10.883882 ], [ -74.886578, 10.883097 ], [ -74.886342, 10.882752 ], [ -74.885344, 10.881747 ], [ -74.884695, 10.881161 ], [ -74.884483, 10.88102 ], [ -74.883231, 10.880365 ], [ -74.882963, 10.880151 ], [ -74.882346, 10.879287 ], [ -74.882079, 10.878694 ], [ -74.881941, 10.878466 ], [ -74.881223, 10.877692 ], [ -74.881194, 10.877527 ], [ -74.881269, 10.877377 ], [ -74.881419, 10.877298 ], [ -74.881505, 10.877297 ], [ -74.881657, 10.877371 ], [ -74.882101, 10.877811 ], [ -74.88239, 10.878153 ], [ -74.882568, 10.878447 ], [ -74.882817, 10.879009 ], [ -74.883354, 10.87977 ], [ -74.883517, 10.879901 ], [ -74.883891, 10.880112 ], [ -74.884906, 10.880641 ], [ -74.88534, 10.880992 ], [ -74.886391, 10.88201 ], [ -74.886928, 10.882614 ], [ -74.887129, 10.883004 ], [ -74.887276, 10.883707 ], [ -74.887379, 10.883911 ], [ -74.887481, 10.883985 ], [ -74.887643, 10.884033 ], [ -74.88812, 10.884053 ], [ -74.88825, 10.883676 ], [ -74.888393, 10.882792 ], [ -74.888584, 10.882079 ], [ -74.888621, 10.881211 ], [ -74.88858, 10.880487 ], [ -74.888498, 10.8802 ], [ -74.888309, 10.879812 ], [ -74.887963, 10.879269 ], [ -74.887863, 10.879047 ], [ -74.887406, 10.877319 ], [ -74.887105, 10.876755 ], [ -74.887011, 10.876511 ], [ -74.886827, 10.875626 ], [ -74.886734, 10.875457 ], [ -74.886283, 10.874877 ], [ -74.886014, 10.874453 ], [ -74.885798, 10.87418 ], [ -74.885281, 10.873891 ], [ -74.884762, 10.873466 ], [ -74.884199, 10.872889 ], [ -74.883748, 10.872274 ], [ -74.883605, 10.872119 ], [ -74.883334, 10.871915 ], [ -74.882943, 10.871723 ], [ -74.882401, 10.871526 ], [ -74.88222, 10.871431 ], [ -74.881879, 10.871135 ], [ -74.881713, 10.870883 ], [ -74.881618, 10.870597 ], [ -74.881573, 10.870185 ], [ -74.881586, 10.869771 ], [ -74.881633, 10.869494 ], [ -74.881731, 10.869225 ], [ -74.881976, 10.86883 ], [ -74.882118, 10.868686 ], [ -74.882629, 10.868288 ], [ -74.883254, 10.867876 ], [ -74.884031, 10.867209 ], [ -74.88467, 10.866783 ], [ -74.885132, 10.866396 ], [ -74.885242, 10.866196 ], [ -74.885456, 10.865659 ], [ -74.886133, 10.863559 ], [ -74.88651, 10.862635 ], [ -74.886587, 10.862334 ], [ -74.886612, 10.862002 ], [ -74.88665, 10.861926 ], [ -74.886786, 10.861826 ], [ -74.886871, 10.861812 ], [ -74.887033, 10.861863 ], [ -74.887134, 10.861997 ], [ -74.887148, 10.862081 ], [ -74.887133, 10.862399 ], [ -74.887078, 10.862663 ], [ -74.88665, 10.863742 ], [ -74.885975, 10.865836 ], [ -74.885669, 10.866575 ], [ -74.885536, 10.866764 ], [ -74.885102, 10.867138 ], [ -74.884467, 10.867563 ], [ -74.88359, 10.868305 ], [ -74.882953, 10.868726 ], [ -74.88241, 10.869164 ], [ -74.882224, 10.869465 ], [ -74.882145, 10.869728 ], [ -74.882121, 10.870163 ], [ -74.882154, 10.870477 ], [ -74.882244, 10.870711 ], [ -74.882498, 10.870963 ], [ -74.883178, 10.871233 ], [ -74.883616, 10.87145 ], [ -74.883874, 10.871628 ], [ -74.884171, 10.871927 ], [ -74.884617, 10.872538 ], [ -74.885139, 10.873072 ], [ -74.885587, 10.873441 ], [ -74.886001, 10.873657 ], [ -74.886187, 10.873796 ], [ -74.886398, 10.87405 ], [ -74.886727, 10.874559 ], [ -74.887274, 10.875294 ], [ -74.887414, 10.875673 ], [ -74.887564, 10.876439 ], [ -74.88793, 10.877157 ], [ -74.888385, 10.878877 ], [ -74.888788, 10.879548 ], [ -74.888946, 10.879865 ], [ -74.88906, 10.880134 ], [ -74.889124, 10.880409 ], [ -74.88917, 10.881211 ], [ -74.889129, 10.882145 ], [ -74.889076, 10.882423 ], [ -74.888931, 10.882901 ], [ -74.888786, 10.883794 ], [ -74.888609, 10.884303 ], [ -74.888606, 10.884477 ], [ -74.888914, 10.884827 ], [ -74.88921, 10.885281 ], [ -74.889528, 10.885702 ], [ -74.889914, 10.886387 ], [ -74.890186, 10.886995 ], [ -74.890246, 10.887219 ], [ -74.890344, 10.88793 ], [ -74.890395, 10.888058 ], [ -74.890575, 10.888242 ], [ -74.890973, 10.888507 ], [ -74.891235, 10.88872 ], [ -74.891712, 10.888887 ], [ -74.891811, 10.889022 ], [ -74.891825, 10.889282 ], [ -74.89189, 10.889398 ], [ -74.892338, 10.88973 ], [ -74.892317, 10.889386 ], [ -74.892419, 10.889112 ], [ -74.892633, 10.888896 ], [ -74.893087, 10.888717 ], [ -74.893189, 10.888629 ], [ -74.89332, 10.888395 ], [ -74.893346, 10.888207 ], [ -74.893074, 10.887779 ], [ -74.893018, 10.887543 ], [ -74.893029, 10.88721 ], [ -74.893145, 10.886837 ], [ -74.893538, 10.886091 ], [ -74.893734, 10.885811 ], [ -74.894196, 10.885301 ], [ -74.894329, 10.885032 ], [ -74.894252, 10.884728 ], [ -74.893992, 10.884304 ], [ -74.893829, 10.883898 ], [ -74.893777, 10.883518 ], [ -74.893797, 10.883312 ], [ -74.893685, 10.883125 ], [ -74.893647, 10.882989 ], [ -74.893635, 10.882432 ], [ -74.893595, 10.882061 ], [ -74.893429, 10.881449 ], [ -74.893315, 10.880637 ], [ -74.893058, 10.879949 ], [ -74.892365, 10.879058 ], [ -74.891191, 10.877846 ], [ -74.891013, 10.877591 ], [ -74.890895, 10.877308 ], [ -74.890842, 10.877028 ], [ -74.890815, 10.876624 ], [ -74.890835, 10.875116 ], [ -74.89089, 10.874657 ], [ -74.891068, 10.874016 ], [ -74.891116, 10.873587 ], [ -74.891216, 10.873452 ], [ -74.891378, 10.873401 ], [ -74.891462, 10.873415 ], [ -74.891599, 10.873514 ], [ -74.89165, 10.873674 ], [ -74.891627, 10.874007 ], [ -74.891428, 10.874766 ], [ -74.891384, 10.875146 ], [ -74.891363, 10.876608 ], [ -74.891387, 10.876967 ], [ -74.891456, 10.877255 ], [ -74.89169, 10.87759 ], [ -74.892696, 10.878609 ], [ -74.893151, 10.879205 ], [ -74.893416, 10.879496 ], [ -74.893557, 10.879721 ], [ -74.893737, 10.880174 ], [ -74.893724, 10.8797 ], [ -74.89383, 10.879233 ], [ -74.894002, 10.878839 ], [ -74.894277, 10.878439 ], [ -74.894481, 10.878246 ], [ -74.894896, 10.878011 ], [ -74.895637, 10.877738 ], [ -74.895888, 10.877604 ], [ -74.896272, 10.87729 ], [ -74.896525, 10.87697 ], [ -74.896764, 10.876528 ], [ -74.897086, 10.875763 ], [ -74.897609, 10.874194 ], [ -74.896954, 10.873594 ], [ -74.896604, 10.872854 ], [ -74.896128, 10.872211 ], [ -74.895987, 10.871948 ], [ -74.89588, 10.871493 ], [ -74.895826, 10.870358 ], [ -74.895776, 10.870152 ], [ -74.895702, 10.870031 ], [ -74.894843, 10.869457 ], [ -74.894568, 10.869397 ], [ -74.893556, 10.86936 ], [ -74.893143, 10.869305 ], [ -74.892836, 10.869197 ], [ -74.892299, 10.868905 ], [ -74.89149, 10.868645 ], [ -74.891206, 10.868477 ], [ -74.89085, 10.868172 ], [ -74.890693, 10.86799 ], [ -74.890671, 10.867824 ], [ -74.890752, 10.867677 ], [ -74.890823, 10.867628 ], [ -74.890991, 10.867607 ], [ -74.891072, 10.867635 ], [ -74.891442, 10.867972 ], [ -74.891717, 10.868151 ], [ -74.892504, 10.868402 ], [ -74.89317, 10.868749 ], [ -74.893472, 10.868809 ], [ -74.894498, 10.868847 ], [ -74.894922, 10.868911 ], [ -74.895203, 10.869029 ], [ -74.895619, 10.869335 ], [ -74.895938, 10.869514 ], [ -74.896149, 10.869713 ], [ -74.896264, 10.8699 ], [ -74.896342, 10.870126 ], [ -74.896385, 10.870428 ], [ -74.896427, 10.871439 ], [ -74.896492, 10.871736 ], [ -74.896586, 10.871912 ], [ -74.897076, 10.872577 ], [ -74.897413, 10.873293 ], [ -74.897838, 10.873657 ], [ -74.899269, 10.871039 ], [ -74.899853, 10.869823 ], [ -74.899941, 10.869601 ], [ -74.900063, 10.869142 ], [ -74.900156, 10.868593 ], [ -74.900135, 10.868329 ], [ -74.900058, 10.868298 ], [ -74.899596, 10.868291 ], [ -74.899134, 10.868559 ], [ -74.898919, 10.868632 ], [ -74.898357, 10.868692 ], [ -74.898121, 10.868644 ], [ -74.897964, 10.868533 ], [ -74.897866, 10.868365 ], [ -74.897838, 10.868158 ], [ -74.897904, 10.867782 ], [ -74.897895, 10.867547 ], [ -74.897858, 10.867422 ], [ -74.897711, 10.867262 ], [ -74.897671, 10.867249 ], [ -74.897503, 10.867294 ], [ -74.897029, 10.867588 ], [ -74.896614, 10.867787 ], [ -74.896353, 10.867828 ], [ -74.896237, 10.867814 ], [ -74.896029, 10.867725 ], [ -74.895814, 10.867531 ], [ -74.895704, 10.867307 ], [ -74.895682, 10.867084 ], [ -74.895705, 10.866923 ], [ -74.895781, 10.866711 ], [ -74.895986, 10.866372 ], [ -74.896279, 10.866022 ], [ -74.896631, 10.865691 ], [ -74.897141, 10.865282 ], [ -74.897406, 10.86511 ], [ -74.898141, 10.864826 ], [ -74.898393, 10.864629 ], [ -74.898566, 10.864307 ], [ -74.898821, 10.863553 ], [ -74.898954, 10.86326 ], [ -74.89916, 10.862958 ], [ -74.899667, 10.862358 ], [ -74.899891, 10.861983 ], [ -74.89992, 10.8619 ], [ -74.899876, 10.861853 ], [ -74.899621, 10.861735 ], [ -74.899395, 10.861541 ], [ -74.899225, 10.861305 ], [ -74.899129, 10.861111 ], [ -74.899059, 10.860871 ], [ -74.899026, 10.860589 ], [ -74.899081, 10.860312 ], [ -74.899161, 10.860181 ], [ -74.899483, 10.860024 ], [ -74.89974, 10.860038 ], [ -74.899973, 10.860113 ], [ -74.900157, 10.860218 ], [ -74.900477, 10.860495 ], [ -74.900836, 10.861015 ], [ -74.900896, 10.860825 ], [ -74.900883, 10.860595 ], [ -74.900413, 10.859892 ], [ -74.900274, 10.859483 ], [ -74.900222, 10.858936 ], [ -74.900266, 10.858438 ], [ -74.90039, 10.85801 ], [ -74.900581, 10.85769 ], [ -74.90076, 10.857518 ], [ -74.901179, 10.857245 ], [ -74.90141, 10.856914 ], [ -74.900371, 10.856039 ], [ -74.900103, 10.855733 ], [ -74.898946, 10.855109 ], [ -74.897942, 10.854266 ], [ -74.897113, 10.853722 ], [ -74.896105, 10.853145 ], [ -74.895896, 10.852953 ], [ -74.89573, 10.852748 ], [ -74.895462, 10.852171 ], [ -74.895267, 10.851864 ], [ -74.894859, 10.851438 ], [ -74.894547, 10.851233 ], [ -74.894324, 10.851213 ], [ -74.894079, 10.851306 ], [ -74.892516, 10.852338 ], [ -74.891686, 10.852906 ], [ -74.891082, 10.853375 ], [ -74.890826, 10.853521 ], [ -74.890546, 10.853614 ], [ -74.889917, 10.853734 ], [ -74.889718, 10.853799 ], [ -74.889446, 10.853971 ], [ -74.889081, 10.854305 ], [ -74.889, 10.854334 ], [ -74.888832, 10.854314 ], [ -74.888761, 10.854267 ], [ -74.888708, 10.8542 ], [ -74.888675, 10.854035 ], [ -74.888747, 10.853883 ], [ -74.888866, 10.853757 ], [ -74.889341, 10.853383 ], [ -74.889651, 10.853245 ], [ -74.890408, 10.853088 ], [ -74.890678, 10.852987 ], [ -74.891368, 10.852463 ], [ -74.893792, 10.850843 ], [ -74.894097, 10.850706 ], [ -74.894491, 10.850671 ], [ -74.894743, 10.850725 ], [ -74.894984, 10.850849 ], [ -74.895225, 10.851034 ], [ -74.895515, 10.851316 ], [ -74.895872, 10.851776 ], [ -74.896182, 10.85244 ], [ -74.896449, 10.852722 ], [ -74.897402, 10.853261 ], [ -74.898259, 10.853823 ], [ -74.89925, 10.854658 ], [ -74.900243, 10.855172 ], [ -74.90044, 10.855304 ], [ -74.900746, 10.855643 ], [ -74.901578, 10.856343 ], [ -74.901615, 10.855899 ], [ -74.901605, 10.855647 ], [ -74.901525, 10.855168 ], [ -74.901398, 10.854867 ], [ -74.901384, 10.854547 ], [ -74.901513, 10.854215 ], [ -74.901651, 10.854039 ], [ -74.901777, 10.853933 ], [ -74.902029, 10.853805 ], [ -74.902313, 10.853745 ], [ -74.90253, 10.853756 ], [ -74.902855, 10.853863 ], [ -74.903184, 10.854087 ], [ -74.90333, 10.854292 ], [ -74.903403, 10.85457 ], [ -74.903416, 10.854889 ], [ -74.903456, 10.854989 ], [ -74.903622, 10.855095 ], [ -74.903698, 10.855084 ], [ -74.903861, 10.85495 ], [ -74.903835, 10.854764 ], [ -74.903703, 10.854491 ], [ -74.903625, 10.85425 ], [ -74.903596, 10.85404 ], [ -74.903608, 10.853836 ], [ -74.903689, 10.853622 ], [ -74.904018, 10.853166 ], [ -74.903961, 10.852701 ], [ -74.903994, 10.852364 ], [ -74.904135, 10.852135 ], [ -74.904402, 10.851898 ], [ -74.904487, 10.851785 ], [ -74.904633, 10.85146 ], [ -74.90471, 10.851083 ], [ -74.904737, 10.85054 ], [ -74.904717, 10.850163 ], [ -74.904672, 10.849923 ], [ -74.904602, 10.849738 ], [ -74.904165, 10.84911 ], [ -74.903994, 10.848726 ], [ -74.903895, 10.848417 ], [ -74.903842, 10.848123 ], [ -74.903828, 10.847782 ], [ -74.903849, 10.847486 ], [ -74.903917, 10.847194 ], [ -74.903836, 10.846995 ], [ -74.903734, 10.846804 ], [ -74.903252, 10.846103 ], [ -74.903143, 10.845854 ], [ -74.903019, 10.845394 ], [ -74.902909, 10.845134 ], [ -74.902276, 10.844377 ], [ -74.902058, 10.844024 ], [ -74.90195, 10.843596 ], [ -74.901877, 10.84261 ], [ -74.90179, 10.842351 ], [ -74.901521, 10.842003 ], [ -74.901067, 10.841568 ], [ -74.900701, 10.841316 ], [ -74.900572, 10.841274 ], [ -74.900376, 10.841259 ], [ -74.900108, 10.841324 ], [ -74.899096, 10.841754 ], [ -74.898743, 10.842026 ], [ -74.898285, 10.842644 ], [ -74.897741, 10.843237 ], [ -74.897253, 10.843709 ], [ -74.896921, 10.843972 ], [ -74.896543, 10.844154 ], [ -74.895716, 10.844307 ], [ -74.895461, 10.844427 ], [ -74.894311, 10.845273 ], [ -74.893524, 10.84601 ], [ -74.893356, 10.846038 ], [ -74.893274, 10.846013 ], [ -74.893153, 10.845896 ], [ -74.893125, 10.845731 ], [ -74.8932, 10.84558 ], [ -74.893852, 10.844948 ], [ -74.89517, 10.843967 ], [ -74.895575, 10.843783 ], [ -74.896373, 10.843638 ], [ -74.896537, 10.84357 ], [ -74.896709, 10.843454 ], [ -74.897071, 10.843133 ], [ -74.897613, 10.842581 ], [ -74.897934, 10.842207 ], [ -74.89825, 10.841758 ], [ -74.89846, 10.841541 ], [ -74.89869, 10.841361 ], [ -74.898958, 10.841219 ], [ -74.899437, 10.841034 ], [ -74.89961, 10.840931 ], [ -74.900209, 10.840733 ], [ -74.900465, 10.840715 ], [ -74.900672, 10.84074 ], [ -74.900896, 10.840809 ], [ -74.901075, 10.8409 ], [ -74.901635, 10.841345 ], [ -74.901929, 10.84164 ], [ -74.902188, 10.841957 ], [ -74.902332, 10.842214 ], [ -74.902416, 10.842505 ], [ -74.902494, 10.843522 ], [ -74.902559, 10.843802 ], [ -74.902715, 10.844051 ], [ -74.903212, 10.844622 ], [ -74.903376, 10.844848 ], [ -74.903486, 10.84507 ], [ -74.903693, 10.845761 ], [ -74.903798, 10.845951 ], [ -74.904111, 10.846386 ], [ -74.904344, 10.845792 ], [ -74.904584, 10.845412 ], [ -74.90501, 10.845007 ], [ -74.905734, 10.84451 ], [ -74.906123, 10.844178 ], [ -74.906412, 10.843795 ], [ -74.906568, 10.843438 ], [ -74.906573, 10.843259 ], [ -74.906492, 10.842885 ], [ -74.906187, 10.842173 ], [ -74.906051, 10.841685 ], [ -74.905988, 10.841149 ], [ -74.905979, 10.840603 ], [ -74.906017, 10.839723 ], [ -74.906498, 10.836788 ], [ -74.906703, 10.836012 ], [ -74.907951, 10.833739 ], [ -74.908732, 10.831815 ], [ -74.909001, 10.831222 ], [ -74.909446, 10.830052 ], [ -74.90896, 10.82923 ], [ -74.908227, 10.828507 ], [ -74.907377, 10.827494 ], [ -74.906896, 10.826762 ], [ -74.906346, 10.826007 ], [ -74.905893, 10.825223 ], [ -74.904622, 10.822225 ], [ -74.904343, 10.820947 ], [ -74.904264, 10.819749 ], [ -74.904477, 10.819015 ], [ -74.904553, 10.818891 ], [ -74.906273, 10.81732 ], [ -74.906864, 10.816699 ], [ -74.907128, 10.815283 ], [ -74.906996, 10.813943 ], [ -74.907091, 10.81292 ], [ -74.907356, 10.811816 ], [ -74.907402, 10.811719 ], [ -74.908047, 10.810853 ], [ -74.90846, 10.810189 ], [ -74.908916, 10.809366 ], [ -74.9086, 10.808547 ], [ -74.908484, 10.807743 ], [ -74.908543, 10.806715 ], [ -74.908477, 10.806222 ], [ -74.908484, 10.804986 ], [ -74.90897, 10.804196 ], [ -74.909864, 10.803909 ], [ -74.909893, 10.803613 ], [ -74.909614, 10.803444 ], [ -74.909515, 10.803341 ], [ -74.909319, 10.802472 ], [ -74.909799, 10.801446 ], [ -74.910445, 10.80022 ], [ -74.910358, 10.799596 ], [ -74.910393, 10.799421 ], [ -74.910913, 10.798547 ], [ -74.911266, 10.798158 ], [ -74.911264, 10.797374 ], [ -74.910919, 10.797035 ], [ -74.910732, 10.796667 ], [ -74.910179, 10.796248 ], [ -74.90919, 10.795804 ], [ -74.908537, 10.795703 ], [ -74.90788, 10.795696 ], [ -74.907403, 10.79561 ], [ -74.90707, 10.795364 ], [ -74.906886, 10.794798 ], [ -74.906871, 10.794477 ], [ -74.906974, 10.794127 ], [ -74.90704, 10.794021 ], [ -74.90744, 10.793594 ], [ -74.907598, 10.793462 ], [ -74.907736, 10.79328 ], [ -74.907796, 10.793139 ], [ -74.907818, 10.792959 ], [ -74.907818, 10.792711 ], [ -74.907773, 10.792516 ], [ -74.907273, 10.791529 ], [ -74.907189, 10.791184 ], [ -74.907217, 10.790225 ], [ -74.907337, 10.789609 ], [ -74.907421, 10.788906 ], [ -74.907419, 10.78841 ], [ -74.907298, 10.787392 ], [ -74.907293, 10.785804 ], [ -74.907351, 10.784719 ], [ -74.90759, 10.783908 ], [ -74.907868, 10.783447 ], [ -74.908168, 10.783126 ], [ -74.908582, 10.782906 ], [ -74.909138, 10.782707 ], [ -74.910086, 10.782722 ], [ -74.910691, 10.782654 ], [ -74.910753, 10.782527 ], [ -74.910896, 10.782416 ], [ -74.911052, 10.782097 ], [ -74.911089, 10.781987 ], [ -74.911088, 10.781813 ], [ -74.911034, 10.781366 ], [ -74.910894, 10.780955 ], [ -74.910608, 10.78042 ], [ -74.910523, 10.780024 ], [ -74.910488, 10.77974 ], [ -74.910486, 10.77924 ], [ -74.910518, 10.778996 ], [ -74.910573, 10.778868 ], [ -74.910764, 10.778624 ], [ -74.911399, 10.777419 ], [ -74.911627, 10.776875 ], [ -74.911734, 10.776529 ], [ -74.911775, 10.776258 ], [ -74.911932, 10.775758 ], [ -74.911692, 10.774727 ], [ -74.911774, 10.772527 ], [ -74.912358, 10.771168 ], [ -74.912429, 10.771072 ], [ -74.912926, 10.770635 ], [ -74.913192, 10.769809 ], [ -74.913336, 10.769254 ], [ -74.913523, 10.768855 ], [ -74.91399, 10.768187 ], [ -74.913966, 10.767803 ], [ -74.913563, 10.767192 ], [ -74.913366, 10.766805 ], [ -74.913338, 10.766703 ], [ -74.913351, 10.766598 ], [ -74.913643, 10.765755 ], [ -74.914773, 10.764784 ], [ -74.915106, 10.764311 ], [ -74.915085, 10.764166 ], [ -74.915147, 10.764016 ], [ -74.915647, 10.763414 ], [ -74.915726, 10.763349 ], [ -74.915823, 10.763317 ], [ -74.91655, 10.763223 ], [ -74.917459, 10.762503 ], [ -74.916988, 10.75967 ], [ -74.916993, 10.75956 ], [ -74.917187, 10.758806 ], [ -74.916968, 10.758018 ], [ -74.916979, 10.756682 ], [ -74.917127, 10.755927 ], [ -74.917457, 10.754757 ], [ -74.917668, 10.754138 ], [ -74.917422, 10.753334 ], [ -74.917155, 10.752596 ], [ -74.917433, 10.751911 ], [ -74.91717, 10.751673 ], [ -74.916932, 10.751351 ], [ -74.916268, 10.750713 ], [ -74.915985, 10.750311 ], [ -74.915718, 10.750307 ], [ -74.914886, 10.750174 ], [ -74.914518, 10.750175 ], [ -74.91415, 10.750237 ], [ -74.913551, 10.75078 ], [ -74.913213, 10.750987 ], [ -74.912934, 10.751231 ], [ -74.912521, 10.751406 ], [ -74.911903, 10.751437 ], [ -74.911488, 10.751354 ], [ -74.911157, 10.751199 ], [ -74.910721, 10.750809 ], [ -74.91069, 10.750728 ], [ -74.910712, 10.750557 ], [ -74.911129, 10.749665 ], [ -74.911342, 10.749334 ], [ -74.911498, 10.749268 ], [ -74.911876, 10.749236 ], [ -74.91199, 10.749254 ], [ -74.911881, 10.749113 ], [ -74.91186, 10.749019 ], [ -74.912028, 10.748468 ], [ -74.91224, 10.748082 ], [ -74.912553, 10.747923 ], [ -74.912403, 10.747318 ], [ -74.912081, 10.746806 ], [ -74.911906, 10.746688 ], [ -74.911833, 10.746718 ], [ -74.911738, 10.746822 ], [ -74.911636, 10.747002 ], [ -74.911546, 10.747456 ], [ -74.911255, 10.747724 ], [ -74.910934, 10.747945 ], [ -74.910493, 10.748167 ], [ -74.910342, 10.748195 ], [ -74.910199, 10.748137 ], [ -74.909986, 10.747955 ], [ -74.909938, 10.747803 ], [ -74.910043, 10.747413 ], [ -74.910413, 10.746604 ], [ -74.910493, 10.745678 ], [ -74.910291, 10.744912 ], [ -74.910135, 10.744731 ], [ -74.909064, 10.744463 ], [ -74.908636, 10.744444 ], [ -74.908382, 10.744465 ], [ -74.908206, 10.744562 ], [ -74.907767, 10.745178 ], [ -74.907494, 10.746018 ], [ -74.907181, 10.746273 ], [ -74.90701, 10.746284 ], [ -74.906866, 10.746193 ], [ -74.906593, 10.74586 ], [ -74.906229, 10.745386 ], [ -74.905912, 10.744867 ], [ -74.905249, 10.744186 ], [ -74.904533, 10.743852 ], [ -74.903097, 10.742514 ], [ -74.902909, 10.742412 ], [ -74.902876, 10.742426 ], [ -74.902716, 10.742826 ], [ -74.902717, 10.7434 ], [ -74.902655, 10.743764 ], [ -74.902505, 10.744092 ], [ -74.902036, 10.744625 ], [ -74.901881, 10.744668 ], [ -74.901801, 10.744655 ], [ -74.901353, 10.744508 ], [ -74.901223, 10.744418 ], [ -74.901166, 10.744271 ], [ -74.901124, 10.743411 ], [ -74.900872, 10.74304 ], [ -74.900813, 10.742894 ], [ -74.899853, 10.742652 ], [ -74.89912, 10.742748 ], [ -74.898915, 10.742902 ], [ -74.898318, 10.743739 ], [ -74.89807, 10.744198 ], [ -74.897554, 10.74532 ], [ -74.897012, 10.745665 ], [ -74.896413, 10.745677 ], [ -74.896241, 10.745618 ], [ -74.896145, 10.745464 ], [ -74.895952, 10.744525 ], [ -74.896207, 10.743992 ], [ -74.896151, 10.743734 ], [ -74.896171, 10.74351 ], [ -74.896243, 10.743371 ], [ -74.896758, 10.742855 ], [ -74.897201, 10.74233 ], [ -74.897273, 10.74205 ], [ -74.897221, 10.741753 ], [ -74.897043, 10.741655 ], [ -74.896958, 10.74166 ], [ -74.896763, 10.742187 ], [ -74.896608, 10.742433 ], [ -74.896305, 10.742663 ], [ -74.895712, 10.742976 ], [ -74.895335, 10.743093 ], [ -74.8949, 10.742973 ], [ -74.894537, 10.742525 ], [ -74.894435, 10.742486 ], [ -74.893994, 10.742413 ], [ -74.89328, 10.74246 ], [ -74.892986, 10.742432 ], [ -74.892527, 10.742141 ], [ -74.892243, 10.741852 ], [ -74.892031, 10.741493 ], [ -74.891993, 10.741183 ], [ -74.892116, 10.740827 ], [ -74.892464, 10.740217 ], [ -74.892728, 10.739949 ], [ -74.893161, 10.739586 ], [ -74.893339, 10.73947 ], [ -74.893481, 10.73931 ], [ -74.893684, 10.739148 ], [ -74.893942, 10.738979 ], [ -74.894304, 10.738832 ], [ -74.894427, 10.738685 ], [ -74.894461, 10.73853 ], [ -74.894324, 10.73836 ], [ -74.894234, 10.738362 ], [ -74.893985, 10.738496 ], [ -74.893657, 10.738571 ], [ -74.893333, 10.738582 ], [ -74.89267, 10.738472 ], [ -74.892327, 10.738323 ], [ -74.892058, 10.738139 ], [ -74.891883, 10.737974 ], [ -74.891729, 10.737758 ], [ -74.891504, 10.737516 ], [ -74.89126, 10.737076 ], [ -74.891163, 10.736557 ], [ -74.8912, 10.736239 ], [ -74.891328, 10.735701 ], [ -74.891287, 10.735558 ], [ -74.891194, 10.735474 ], [ -74.89096, 10.735398 ], [ -74.890724, 10.73536 ], [ -74.890316, 10.735198 ], [ -74.890142, 10.735096 ], [ -74.889693, 10.734699 ], [ -74.889289, 10.733265 ], [ -74.889083, 10.732931 ], [ -74.888966, 10.732595 ], [ -74.888957, 10.732239 ], [ -74.889063, 10.731936 ], [ -74.889145, 10.731828 ], [ -74.889543, 10.731526 ], [ -74.889632, 10.731333 ], [ -74.889579, 10.731224 ], [ -74.889461, 10.731041 ], [ -74.889047, 10.730598 ], [ -74.888722, 10.730325 ], [ -74.888422, 10.730142 ], [ -74.887877, 10.729691 ], [ -74.887678, 10.729458 ], [ -74.887234, 10.729087 ], [ -74.886682, 10.728281 ], [ -74.886611, 10.728219 ], [ -74.886477, 10.728158 ], [ -74.886265, 10.728285 ], [ -74.885805, 10.728744 ], [ -74.885686, 10.728954 ], [ -74.885345, 10.729247 ], [ -74.884992, 10.72947 ], [ -74.884401, 10.730418 ], [ -74.884327, 10.730495 ], [ -74.884112, 10.730624 ], [ -74.883857, 10.730697 ], [ -74.883232, 10.730695 ], [ -74.883103, 10.730613 ], [ -74.882907, 10.730378 ], [ -74.88284, 10.730071 ], [ -74.883204, 10.729166 ], [ -74.883259, 10.728834 ], [ -74.883238, 10.72873 ], [ -74.883119, 10.728493 ], [ -74.882852, 10.728136 ], [ -74.882717, 10.728008 ], [ -74.882088, 10.727577 ], [ -74.881823, 10.727486 ], [ -74.881405, 10.727467 ], [ -74.881261, 10.727549 ], [ -74.880972, 10.7278 ], [ -74.880442, 10.728485 ], [ -74.880283, 10.728594 ], [ -74.880033, 10.728684 ], [ -74.879698, 10.728707 ], [ -74.879374, 10.728561 ], [ -74.878367, 10.727811 ], [ -74.876913, 10.727021 ], [ -74.876716, 10.726869 ], [ -74.876583, 10.726687 ], [ -74.87598, 10.726231 ], [ -74.87583, 10.726299 ], [ -74.875738, 10.726293 ], [ -74.875025, 10.726129 ], [ -74.874577, 10.725897 ], [ -74.873998, 10.725258 ], [ -74.873605, 10.724696 ], [ -74.873435, 10.724075 ], [ -74.873424, 10.723201 ], [ -74.873348, 10.722797 ], [ -74.8733, 10.722677 ], [ -74.873155, 10.722555 ], [ -74.873103, 10.722659 ], [ -74.872915, 10.722877 ], [ -74.872819, 10.722949 ], [ -74.872497, 10.723087 ], [ -74.872081, 10.723321 ], [ -74.871896, 10.723351 ], [ -74.871556, 10.723156 ], [ -74.871237, 10.722802 ], [ -74.871096, 10.722525 ], [ -74.870843, 10.72222 ], [ -74.870705, 10.722079 ], [ -74.870392, 10.721841 ], [ -74.870277, 10.721681 ], [ -74.870181, 10.721468 ], [ -74.870092, 10.721079 ], [ -74.869669, 10.720352 ], [ -74.869416, 10.719773 ], [ -74.869394, 10.719649 ], [ -74.869434, 10.718986 ], [ -74.86956, 10.718345 ], [ -74.869597, 10.71785 ], [ -74.869574, 10.717669 ], [ -74.869389, 10.717548 ], [ -74.868909, 10.717619 ], [ -74.868409, 10.717576 ], [ -74.868268, 10.717513 ], [ -74.868184, 10.717385 ], [ -74.868176, 10.71697 ], [ -74.868393, 10.715915 ], [ -74.86829, 10.715764 ], [ -74.868199, 10.71555 ], [ -74.868198, 10.715145 ], [ -74.868402, 10.714826 ], [ -74.868703, 10.714536 ], [ -74.868751, 10.714431 ], [ -74.8687, 10.714358 ], [ -74.867929, 10.713991 ], [ -74.867022, 10.714044 ], [ -74.86678, 10.714094 ], [ -74.866189, 10.714339 ], [ -74.865569, 10.714665 ], [ -74.865354, 10.714728 ], [ -74.865029, 10.714755 ], [ -74.864886, 10.714682 ], [ -74.864707, 10.714384 ], [ -74.864643, 10.713962 ], [ -74.864518, 10.71381 ], [ -74.864128, 10.713717 ], [ -74.863476, 10.713649 ], [ -74.863118, 10.713516 ], [ -74.86294, 10.713318 ], [ -74.86259, 10.712771 ], [ -74.862534, 10.712754 ], [ -74.862318, 10.713012 ], [ -74.862033, 10.713172 ], [ -74.861876, 10.713194 ], [ -74.861708, 10.713168 ], [ -74.861573, 10.713106 ], [ -74.860761, 10.712433 ], [ -74.860591, 10.712375 ], [ -74.860459, 10.712377 ], [ -74.859909, 10.712592 ], [ -74.859654, 10.712616 ], [ -74.859283, 10.712594 ], [ -74.859221, 10.712649 ], [ -74.859057, 10.71303 ], [ -74.858642, 10.713418 ], [ -74.858488, 10.71345 ], [ -74.858182, 10.713407 ], [ -74.857852, 10.713071 ], [ -74.857514, 10.712341 ], [ -74.857469, 10.711703 ], [ -74.857521, 10.711232 ], [ -74.857516, 10.710896 ], [ -74.857395, 10.710649 ], [ -74.857265, 10.710547 ], [ -74.857189, 10.710521 ], [ -74.857032, 10.710525 ], [ -74.856189, 10.710816 ], [ -74.85594, 10.710832 ], [ -74.855651, 10.710717 ], [ -74.855312, 10.710461 ], [ -74.855156, 10.710225 ], [ -74.8551, 10.709997 ], [ -74.855117, 10.709744 ], [ -74.855182, 10.709445 ], [ -74.855369, 10.709021 ], [ -74.85549, 10.708763 ], [ -74.85567, 10.708521 ], [ -74.855853, 10.708352 ], [ -74.856224, 10.708119 ], [ -74.85625, 10.708082 ], [ -74.85617, 10.708029 ], [ -74.856073, 10.708088 ], [ -74.855772, 10.708413 ], [ -74.855292, 10.708624 ], [ -74.85492, 10.708646 ], [ -74.854633, 10.708596 ], [ -74.854331, 10.708586 ], [ -74.854195, 10.708623 ], [ -74.85385, 10.708808 ], [ -74.853603, 10.708902 ], [ -74.853427, 10.708907 ], [ -74.853284, 10.708805 ], [ -74.852289, 10.707463 ], [ -74.851866, 10.707043 ], [ -74.851645, 10.707013 ], [ -74.85164, 10.707527 ], [ -74.851602, 10.707754 ], [ -74.851453, 10.708031 ], [ -74.851176, 10.708261 ], [ -74.850735, 10.708443 ], [ -74.849951, 10.708565 ], [ -74.849228, 10.708504 ], [ -74.84874, 10.708309 ], [ -74.848267, 10.707955 ], [ -74.848062, 10.707723 ], [ -74.847946, 10.707501 ], [ -74.847865, 10.70708 ], [ -74.847862, 10.706855 ], [ -74.847911, 10.706543 ], [ -74.848093, 10.706079 ], [ -74.848132, 10.705836 ], [ -74.848123, 10.705551 ], [ -74.848183, 10.705127 ], [ -74.848548, 10.704368 ], [ -74.848624, 10.704066 ], [ -74.848633, 10.703837 ], [ -74.848539, 10.702986 ], [ -74.847948, 10.703667 ], [ -74.847348, 10.703877 ], [ -74.847177, 10.703878 ], [ -74.846284, 10.703598 ], [ -74.84621, 10.703562 ], [ -74.84611, 10.703435 ], [ -74.846101, 10.703274 ], [ -74.846277, 10.702628 ], [ -74.846859, 10.702147 ], [ -74.847184, 10.701824 ], [ -74.84718, 10.701785 ], [ -74.846694, 10.701655 ], [ -74.84612, 10.702011 ], [ -74.845682, 10.702023 ], [ -74.845533, 10.70198 ], [ -74.845473, 10.701929 ], [ -74.84541, 10.701788 ], [ -74.845332, 10.701077 ], [ -74.845828, 10.700303 ], [ -74.846036, 10.700087 ], [ -74.845947, 10.699759 ], [ -74.845521, 10.699643 ], [ -74.844538, 10.699728 ], [ -74.844455, 10.699693 ], [ -74.844344, 10.699558 ], [ -74.844339, 10.699384 ], [ -74.844563, 10.699053 ], [ -74.844683, 10.69896 ], [ -74.845344, 10.698697 ], [ -74.845569, 10.698473 ], [ -74.845626, 10.69823 ], [ -74.845341, 10.697928 ], [ -74.84469, 10.697929 ], [ -74.843997, 10.697873 ], [ -74.843839, 10.697803 ], [ -74.843755, 10.697654 ], [ -74.843716, 10.697378 ], [ -74.843766, 10.697019 ], [ -74.843839, 10.695425 ], [ -74.843875, 10.695309 ], [ -74.844008, 10.695085 ], [ -74.844266, 10.694756 ], [ -74.844281, 10.694666 ], [ -74.844267, 10.69448 ], [ -74.844135, 10.693953 ], [ -74.843854, 10.693593 ], [ -74.843634, 10.693772 ], [ -74.843437, 10.694178 ], [ -74.843267, 10.694389 ], [ -74.842888, 10.694631 ], [ -74.842766, 10.694668 ], [ -74.842488, 10.694687 ], [ -74.842104, 10.694579 ], [ -74.841588, 10.694293 ], [ -74.841219, 10.693862 ], [ -74.841124, 10.693793 ], [ -74.840718, 10.693646 ], [ -74.840653, 10.693581 ], [ -74.840554, 10.693233 ], [ -74.840626, 10.693067 ], [ -74.840777, 10.692906 ], [ -74.840886, 10.692834 ], [ -74.841734, 10.692512 ], [ -74.841564, 10.692321 ], [ -74.841416, 10.692065 ], [ -74.841294, 10.691923 ], [ -74.841148, 10.691848 ], [ -74.840733, 10.691765 ], [ -74.840482, 10.691588 ], [ -74.840379, 10.691423 ], [ -74.840341, 10.691232 ], [ -74.840353, 10.691083 ], [ -74.840585, 10.69079 ], [ -74.840919, 10.690586 ], [ -74.841234, 10.690517 ], [ -74.841464, 10.690507 ], [ -74.84155, 10.690468 ], [ -74.841518, 10.690313 ], [ -74.841464, 10.690243 ], [ -74.84118, 10.690047 ], [ -74.841074, 10.690008 ], [ -74.840855, 10.690003 ], [ -74.840394, 10.690094 ], [ -74.840197, 10.690189 ], [ -74.839808, 10.690455 ], [ -74.839548, 10.690447 ], [ -74.83945, 10.690417 ], [ -74.839369, 10.690354 ], [ -74.839191, 10.690127 ], [ -74.839155, 10.689677 ], [ -74.839062, 10.689716 ], [ -74.838765, 10.689945 ], [ -74.838473, 10.689951 ], [ -74.83831, 10.689888 ], [ -74.838153, 10.689661 ], [ -74.838116, 10.689557 ], [ -74.838038, 10.688957 ], [ -74.83791, 10.68883 ], [ -74.837808, 10.688631 ], [ -74.837816, 10.68834 ], [ -74.837848, 10.688229 ], [ -74.83799, 10.687992 ], [ -74.838406, 10.687759 ], [ -74.838989, 10.687609 ], [ -74.839221, 10.687626 ], [ -74.839415, 10.687678 ], [ -74.839411, 10.687585 ], [ -74.839357, 10.687472 ], [ -74.839236, 10.687333 ], [ -74.838999, 10.687228 ], [ -74.838831, 10.687203 ], [ -74.838645, 10.687277 ], [ -74.838404, 10.687309 ], [ -74.838067, 10.687188 ], [ -74.83787, 10.68692 ], [ -74.837702, 10.686529 ], [ -74.837033, 10.686153 ], [ -74.836915, 10.686007 ], [ -74.836851, 10.685815 ], [ -74.836853, 10.685637 ], [ -74.836985, 10.685332 ], [ -74.837682, 10.684956 ], [ -74.83802, 10.684912 ], [ -74.83829, 10.684965 ], [ -74.838562, 10.685075 ], [ -74.839187, 10.685577 ], [ -74.839377, 10.685677 ], [ -74.839714, 10.685793 ], [ -74.839762, 10.685712 ], [ -74.839717, 10.685578 ], [ -74.839495, 10.685262 ], [ -74.839184, 10.685072 ], [ -74.838994, 10.684731 ], [ -74.838985, 10.683799 ], [ -74.839019, 10.683492 ], [ -74.838967, 10.683261 ], [ -74.838944, 10.682806 ], [ -74.838746, 10.68247 ], [ -74.838716, 10.682441 ], [ -74.838665, 10.682453 ], [ -74.838347, 10.682707 ], [ -74.837843, 10.682924 ], [ -74.837677, 10.682934 ], [ -74.837427, 10.682857 ], [ -74.837318, 10.682721 ], [ -74.837222, 10.682457 ], [ -74.837133, 10.681902 ], [ -74.836984, 10.681609 ], [ -74.836954, 10.681275 ], [ -74.837184, 10.680365 ], [ -74.836886, 10.68011 ], [ -74.836815, 10.680024 ], [ -74.836697, 10.679777 ], [ -74.836708, 10.679629 ], [ -74.83686, 10.679251 ], [ -74.837115, 10.678933 ], [ -74.837444, 10.678785 ], [ -74.837872, 10.678718 ], [ -74.838266, 10.678712 ], [ -74.838578, 10.678763 ], [ -74.838678, 10.678721 ], [ -74.838618, 10.678598 ], [ -74.838553, 10.678567 ], [ -74.83839, 10.678557 ], [ -74.837978, 10.678623 ], [ -74.837826, 10.678596 ], [ -74.837602, 10.678406 ], [ -74.837521, 10.678264 ], [ -74.837471, 10.678032 ], [ -74.837504, 10.677659 ], [ -74.837263, 10.677189 ], [ -74.83724, 10.676893 ], [ -74.837601, 10.675732 ], [ -74.837038, 10.67559 ], [ -74.836574, 10.675534 ], [ -74.836283, 10.675267 ], [ -74.836225, 10.674896 ], [ -74.83626, 10.674661 ], [ -74.836307, 10.674545 ], [ -74.836664, 10.674102 ], [ -74.836957, 10.67366 ], [ -74.837335, 10.672873 ], [ -74.837361, 10.67269 ], [ -74.837302, 10.672462 ], [ -74.837138, 10.672168 ], [ -74.836864, 10.671932 ], [ -74.836289, 10.671512 ], [ -74.835997, 10.671442 ], [ -74.835887, 10.671455 ], [ -74.835561, 10.671583 ], [ -74.835179, 10.671996 ], [ -74.834861, 10.672146 ], [ -74.83462, 10.672216 ], [ -74.834006, 10.672164 ], [ -74.833859, 10.672188 ], [ -74.833379, 10.672416 ], [ -74.833074, 10.672613 ], [ -74.832811, 10.672841 ], [ -74.832633, 10.673164 ], [ -74.832544, 10.673252 ], [ -74.832148, 10.673469 ], [ -74.831854, 10.673522 ], [ -74.831567, 10.673492 ], [ -74.831298, 10.673374 ], [ -74.831038, 10.673163 ], [ -74.830778, 10.672745 ], [ -74.830401, 10.672373 ], [ -74.830202, 10.672241 ], [ -74.829427, 10.671885 ], [ -74.829121, 10.671703 ], [ -74.82869, 10.671322 ], [ -74.828429, 10.671 ], [ -74.828198, 10.670626 ], [ -74.827882, 10.670267 ], [ -74.827573, 10.670013 ], [ -74.827392, 10.669998 ], [ -74.827174, 10.670058 ], [ -74.827097, 10.670051 ], [ -74.82685, 10.669987 ], [ -74.826269, 10.66975 ], [ -74.825985, 10.66972 ], [ -74.82593, 10.669732 ], [ -74.825733, 10.66994 ], [ -74.825531, 10.670089 ], [ -74.825232, 10.670182 ], [ -74.824877, 10.670162 ], [ -74.824636, 10.670023 ], [ -74.824519, 10.669875 ], [ -74.824438, 10.669622 ], [ -74.824097, 10.668058 ], [ -74.824005, 10.667895 ], [ -74.823804, 10.667903 ], [ -74.823475, 10.667728 ], [ -74.823478, 10.668061 ], [ -74.823646, 10.668416 ], [ -74.823691, 10.668711 ], [ -74.823422, 10.669705 ], [ -74.823292, 10.669956 ], [ -74.822985, 10.670125 ], [ -74.822863, 10.670154 ], [ -74.822529, 10.670145 ], [ -74.822274, 10.670064 ], [ -74.822017, 10.669902 ], [ -74.821208, 10.669128 ], [ -74.820362, 10.668381 ], [ -74.819679, 10.668121 ], [ -74.819403, 10.667916 ], [ -74.819131, 10.667594 ], [ -74.819047, 10.66737 ], [ -74.819118, 10.667066 ], [ -74.819962, 10.666035 ], [ -74.820016, 10.665934 ], [ -74.820026, 10.665842 ], [ -74.820002, 10.665486 ], [ -74.819928, 10.665351 ], [ -74.819664, 10.665208 ], [ -74.818786, 10.665182 ], [ -74.818549, 10.665117 ], [ -74.818115, 10.66491 ], [ -74.817194, 10.663898 ], [ -74.817057, 10.663616 ], [ -74.817234, 10.662823 ], [ -74.817327, 10.662555 ], [ -74.817338, 10.662425 ], [ -74.817239, 10.662221 ], [ -74.817014, 10.662291 ], [ -74.816747, 10.662235 ], [ -74.816349, 10.662018 ], [ -74.816264, 10.661941 ], [ -74.815451, 10.660845 ], [ -74.81516, 10.660324 ], [ -74.815046, 10.659807 ], [ -74.8145, 10.659625 ], [ -74.814092, 10.659585 ], [ -74.813514, 10.659831 ], [ -74.81321, 10.660196 ], [ -74.812859, 10.660421 ], [ -74.812758, 10.660457 ], [ -74.812652, 10.660452 ], [ -74.812377, 10.66037 ], [ -74.812267, 10.660231 ], [ -74.812065, 10.659688 ], [ -74.811865, 10.659495 ], [ -74.81159, 10.659315 ], [ -74.811432, 10.659112 ], [ -74.811339, 10.6589 ], [ -74.811244, 10.657526 ], [ -74.811201, 10.657388 ], [ -74.81114, 10.657371 ], [ -74.810357, 10.657386 ], [ -74.809846, 10.657266 ], [ -74.809418, 10.657315 ], [ -74.808352, 10.657632 ], [ -74.80803, 10.657663 ], [ -74.80781, 10.65765 ], [ -74.807227, 10.657448 ], [ -74.806911, 10.657391 ], [ -74.80671, 10.657443 ], [ -74.806256, 10.657441 ], [ -74.805236, 10.657783 ], [ -74.804876, 10.657811 ], [ -74.804738, 10.65774 ], [ -74.804593, 10.6576 ], [ -74.804512, 10.65744 ], [ -74.804549, 10.657265 ], [ -74.80484, 10.656795 ], [ -74.803738, 10.656816 ], [ -74.803419, 10.656912 ], [ -74.801836, 10.65785 ], [ -74.801476, 10.657922 ], [ -74.801322, 10.657855 ], [ -74.801142, 10.657698 ], [ -74.800645, 10.657004 ], [ -74.80035, 10.656874 ], [ -74.799657, 10.657546 ], [ -74.799381, 10.657663 ], [ -74.798883, 10.657699 ], [ -74.798826, 10.657734 ], [ -74.798517, 10.658257 ], [ -74.79835, 10.658459 ], [ -74.798065, 10.658654 ], [ -74.797338, 10.658891 ], [ -74.797055, 10.658931 ], [ -74.796595, 10.658927 ], [ -74.795984, 10.658837 ], [ -74.796179, 10.65936 ], [ -74.796082, 10.659849 ], [ -74.79598, 10.659964 ], [ -74.795909, 10.659995 ], [ -74.795691, 10.660047 ], [ -74.79552, 10.660048 ], [ -74.795338, 10.659982 ], [ -74.795276, 10.659906 ], [ -74.795072, 10.659429 ], [ -74.795015, 10.659351 ], [ -74.794924, 10.659329 ], [ -74.794483, 10.659364 ], [ -74.793888, 10.659523 ], [ -74.793691, 10.65954 ], [ -74.793336, 10.65944 ], [ -74.792905, 10.659245 ], [ -74.792636, 10.659224 ], [ -74.792241, 10.659246 ], [ -74.791961, 10.659112 ], [ -74.79189, 10.659059 ], [ -74.791816, 10.658901 ], [ -74.791883, 10.658585 ], [ -74.792068, 10.658372 ], [ -74.792056, 10.658323 ], [ -74.79196, 10.658235 ], [ -74.791658, 10.657984 ], [ -74.791555, 10.657946 ], [ -74.791007, 10.657941 ], [ -74.790547, 10.657849 ], [ -74.790437, 10.657793 ], [ -74.790194, 10.657589 ], [ -74.789924, 10.657303 ], [ -74.789168, 10.656872 ], [ -74.788797, 10.656594 ], [ -74.788659, 10.656414 ], [ -74.788516, 10.656013 ], [ -74.788415, 10.655864 ], [ -74.788225, 10.655836 ], [ -74.786973, 10.656001 ], [ -74.786545, 10.655949 ], [ -74.786289, 10.655819 ], [ -74.786048, 10.655553 ], [ -74.785991, 10.65541 ], [ -74.785951, 10.654922 ], [ -74.785733, 10.654935 ], [ -74.784928, 10.655418 ], [ -74.784489, 10.655429 ], [ -74.783938, 10.655269 ], [ -74.783098, 10.654748 ], [ -74.782943, 10.654552 ], [ -74.782836, 10.654326 ], [ -74.782787, 10.654002 ], [ -74.782516, 10.653999 ], [ -74.782301, 10.653936 ], [ -74.781859, 10.653634 ], [ -74.781758, 10.653638 ], [ -74.781708, 10.653809 ], [ -74.781783, 10.654262 ], [ -74.781756, 10.654491 ], [ -74.781631, 10.655 ], [ -74.781791, 10.655263 ], [ -74.78183, 10.655399 ], [ -74.781833, 10.655643 ], [ -74.781735, 10.655924 ], [ -74.781603, 10.656059 ], [ -74.781464, 10.656088 ], [ -74.781439, 10.656314 ], [ -74.781298, 10.656547 ], [ -74.780983, 10.656828 ], [ -74.780635, 10.657013 ], [ -74.780222, 10.656935 ], [ -74.780115, 10.656835 ], [ -74.780016, 10.656675 ], [ -74.779889, 10.65626 ], [ -74.779995, 10.655318 ], [ -74.779792, 10.655253 ], [ -74.779704, 10.655129 ], [ -74.779646, 10.654959 ], [ -74.779451, 10.654872 ], [ -74.779399, 10.654821 ], [ -74.779275, 10.654546 ], [ -74.779205, 10.654289 ], [ -74.7789, 10.65384 ], [ -74.778605, 10.653528 ], [ -74.778386, 10.65306 ], [ -74.778361, 10.65276 ], [ -74.778539, 10.65198 ], [ -74.778512, 10.651799 ], [ -74.778452, 10.651764 ], [ -74.778378, 10.651791 ], [ -74.777839, 10.652138 ], [ -74.777348, 10.652347 ], [ -74.776834, 10.652482 ], [ -74.776293, 10.652579 ], [ -74.776049, 10.652605 ], [ -74.775802, 10.652586 ], [ -74.775309, 10.652448 ], [ -74.77493, 10.652201 ], [ -74.774688, 10.651827 ], [ -74.774446, 10.651337 ], [ -74.774326, 10.6512 ], [ -74.774201, 10.651106 ], [ -74.773654, 10.650843 ], [ -74.77348, 10.650857 ], [ -74.77296, 10.651298 ], [ -74.77221, 10.652193 ], [ -74.77206, 10.65227 ], [ -74.771749, 10.652311 ], [ -74.771613, 10.652258 ], [ -74.771381, 10.652086 ], [ -74.77128, 10.651937 ], [ -74.771219, 10.651614 ], [ -74.771322, 10.651066 ], [ -74.770838, 10.650924 ], [ -74.770506, 10.650724 ], [ -74.770406, 10.650807 ], [ -74.770165, 10.651135 ], [ -74.769903, 10.651305 ], [ -74.769382, 10.651414 ], [ -74.768777, 10.651612 ], [ -74.768566, 10.651633 ], [ -74.768342, 10.651628 ], [ -74.768074, 10.651576 ], [ -74.767591, 10.651351 ], [ -74.767245, 10.651102 ], [ -74.766593, 10.651012 ], [ -74.76634, 10.650942 ], [ -74.765981, 10.650669 ], [ -74.765728, 10.650202 ], [ -74.7657, 10.650062 ], [ -74.765711, 10.649902 ], [ -74.765786, 10.649631 ], [ -74.765752, 10.649565 ], [ -74.765332, 10.649314 ], [ -74.765207, 10.649289 ], [ -74.765169, 10.649444 ], [ -74.765191, 10.650075 ], [ -74.764985, 10.650354 ], [ -74.764866, 10.650438 ], [ -74.764561, 10.650471 ], [ -74.764097, 10.650332 ], [ -74.764003, 10.650363 ], [ -74.763912, 10.65048 ], [ -74.763698, 10.650892 ], [ -74.763536, 10.651107 ], [ -74.763083, 10.651566 ], [ -74.762961, 10.651641 ], [ -74.762612, 10.651659 ], [ -74.762115, 10.651895 ], [ -74.761676, 10.652031 ], [ -74.760483, 10.652006 ], [ -74.76001, 10.652018 ], [ -74.759729, 10.652058 ], [ -74.75966, 10.652121 ], [ -74.75946, 10.652533 ], [ -74.759269, 10.652733 ], [ -74.759124, 10.652813 ], [ -74.758813, 10.65287 ], [ -74.758235, 10.652841 ], [ -74.757663, 10.652665 ], [ -74.757392, 10.652452 ], [ -74.756751, 10.651822 ], [ -74.756691, 10.651913 ], [ -74.756598, 10.652281 ], [ -74.756426, 10.652529 ], [ -74.755809, 10.653033 ], [ -74.755627, 10.653091 ], [ -74.755387, 10.653063 ], [ -74.755059, 10.652938 ], [ -74.753987, 10.652795 ], [ -74.75369, 10.652536 ], [ -74.753634, 10.652132 ], [ -74.753717, 10.651985 ], [ -74.753911, 10.651818 ], [ -74.754369, 10.651662 ], [ -74.754573, 10.651545 ], [ -74.754686, 10.651473 ], [ -74.754752, 10.651353 ], [ -74.754698, 10.651285 ], [ -74.754373, 10.651077 ], [ -74.754184, 10.65092 ], [ -74.754025, 10.650739 ], [ -74.753786, 10.650628 ], [ -74.753617, 10.650612 ], [ -74.753256, 10.650645 ], [ -74.752749, 10.650819 ], [ -74.752196, 10.650951 ], [ -74.75184, 10.65102 ], [ -74.751437, 10.651042 ], [ -74.751042, 10.650948 ], [ -74.750448, 10.650588 ], [ -74.749788, 10.650316 ], [ -74.749296, 10.650324 ], [ -74.748937, 10.650422 ], [ -74.747795, 10.651084 ], [ -74.747603, 10.651165 ], [ -74.74724, 10.65124 ], [ -74.746979, 10.651172 ], [ -74.746848, 10.651065 ], [ -74.746805, 10.650903 ], [ -74.746867, 10.650747 ], [ -74.74701, 10.650657 ], [ -74.747096, 10.650648 ], [ -74.747249, 10.650694 ], [ -74.747436, 10.650648 ], [ -74.748688, 10.649937 ], [ -74.749228, 10.649785 ], [ -74.749623, 10.649766 ], [ -74.749929, 10.64979 ], [ -74.750268, 10.649907 ], [ -74.750692, 10.650101 ], [ -74.751291, 10.650463 ], [ -74.751439, 10.650498 ], [ -74.751749, 10.650485 ], [ -74.752084, 10.650419 ], [ -74.752581, 10.650302 ], [ -74.753172, 10.650108 ], [ -74.753595, 10.65007 ], [ -74.753877, 10.650092 ], [ -74.754158, 10.650191 ], [ -74.754343, 10.650295 ], [ -74.75471, 10.650648 ], [ -74.755048, 10.650866 ], [ -74.755266, 10.651121 ], [ -74.755324, 10.651272 ], [ -74.75523, 10.651671 ], [ -74.755072, 10.65186 ], [ -74.75463, 10.65214 ], [ -74.75424, 10.652286 ], [ -74.755162, 10.652404 ], [ -74.755552, 10.652542 ], [ -74.755833, 10.652289 ], [ -74.75602, 10.652162 ], [ -74.756089, 10.652073 ], [ -74.756196, 10.651672 ], [ -74.756347, 10.651453 ], [ -74.756566, 10.651262 ], [ -74.756712, 10.651231 ], [ -74.756976, 10.651314 ], [ -74.757077, 10.651377 ], [ -74.757893, 10.652169 ], [ -74.758307, 10.652302 ], [ -74.758784, 10.652327 ], [ -74.75893, 10.652298 ], [ -74.759029, 10.652195 ], [ -74.759247, 10.651759 ], [ -74.759409, 10.651612 ], [ -74.759525, 10.65155 ], [ -74.75976, 10.651494 ], [ -74.759992, 10.651476 ], [ -74.761083, 10.65146 ], [ -74.761617, 10.65149 ], [ -74.761916, 10.651389 ], [ -74.762212, 10.65123 ], [ -74.762465, 10.651135 ], [ -74.762762, 10.651112 ], [ -74.763109, 10.650764 ], [ -74.763239, 10.650592 ], [ -74.763465, 10.650164 ], [ -74.763703, 10.649904 ], [ -74.763839, 10.649838 ], [ -74.764057, 10.649788 ], [ -74.764169, 10.649791 ], [ -74.764578, 10.649926 ], [ -74.764634, 10.649921 ], [ -74.764621, 10.649401 ], [ -74.764656, 10.649163 ], [ -74.76471, 10.649038 ], [ -74.764853, 10.648854 ], [ -74.764986, 10.648761 ], [ -74.765349, 10.648755 ], [ -74.765574, 10.648826 ], [ -74.766165, 10.649194 ], [ -74.766342, 10.649541 ], [ -74.766314, 10.649807 ], [ -74.766253, 10.650026 ], [ -74.766418, 10.650337 ], [ -74.766546, 10.650436 ], [ -74.76746, 10.650593 ], [ -74.767858, 10.650877 ], [ -74.768099, 10.650997 ], [ -74.768258, 10.651064 ], [ -74.768543, 10.651091 ], [ -74.768643, 10.651085 ], [ -74.769258, 10.650884 ], [ -74.769683, 10.650806 ], [ -74.769756, 10.650767 ], [ -74.770087, 10.650345 ], [ -74.770259, 10.650217 ], [ -74.770448, 10.650171 ], [ -74.770699, 10.650208 ], [ -74.771058, 10.650426 ], [ -74.771474, 10.650541 ], [ -74.771695, 10.650631 ], [ -74.771813, 10.650723 ], [ -74.771864, 10.650863 ], [ -74.771876, 10.651036 ], [ -74.77177, 10.651646 ], [ -74.771787, 10.651709 ], [ -74.771849, 10.651755 ], [ -74.771945, 10.651687 ], [ -74.772599, 10.650888 ], [ -74.773201, 10.650387 ], [ -74.773504, 10.650301 ], [ -74.773803, 10.650318 ], [ -74.774514, 10.65066 ], [ -74.774721, 10.650823 ], [ -74.774882, 10.651005 ], [ -74.775305, 10.651801 ], [ -74.775543, 10.651957 ], [ -74.775919, 10.652055 ], [ -74.776435, 10.652004 ], [ -74.777183, 10.651829 ], [ -74.777583, 10.651657 ], [ -74.778167, 10.65129 ], [ -74.778413, 10.651212 ], [ -74.77864, 10.651249 ], [ -74.778743, 10.651295 ], [ -74.778971, 10.651475 ], [ -74.779073, 10.651759 ], [ -74.779081, 10.652073 ], [ -74.778906, 10.652833 ], [ -74.778957, 10.653028 ], [ -74.779069, 10.653236 ], [ -74.779346, 10.653524 ], [ -74.779685, 10.654022 ], [ -74.779826, 10.654446 ], [ -74.780035, 10.65454 ], [ -74.780089, 10.654597 ], [ -74.780168, 10.654791 ], [ -74.78032, 10.654825 ], [ -74.780398, 10.654884 ], [ -74.780526, 10.655149 ], [ -74.780539, 10.655436 ], [ -74.780437, 10.656137 ], [ -74.780437, 10.656218 ], [ -74.780522, 10.656454 ], [ -74.780679, 10.656376 ], [ -74.780857, 10.656222 ], [ -74.78091, 10.656141 ], [ -74.780949, 10.6558 ], [ -74.781031, 10.655642 ], [ -74.781106, 10.655592 ], [ -74.781283, 10.65556 ], [ -74.781282, 10.65548 ], [ -74.781114, 10.655202 ], [ -74.781076, 10.655037 ], [ -74.781099, 10.654804 ], [ -74.781234, 10.654245 ], [ -74.781158, 10.65385 ], [ -74.781163, 10.653727 ], [ -74.781237, 10.653459 ], [ -74.781351, 10.65326 ], [ -74.781503, 10.653147 ], [ -74.781704, 10.653087 ], [ -74.782021, 10.653111 ], [ -74.782149, 10.653168 ], [ -74.7825, 10.653428 ], [ -74.782627, 10.653466 ], [ -74.782976, 10.653458 ], [ -74.783131, 10.653506 ], [ -74.783232, 10.653633 ], [ -74.783328, 10.653881 ], [ -74.783355, 10.654144 ], [ -74.783424, 10.654289 ], [ -74.783489, 10.654366 ], [ -74.784128, 10.654759 ], [ -74.784601, 10.654896 ], [ -74.784763, 10.65489 ], [ -74.785523, 10.65443 ], [ -74.785639, 10.654397 ], [ -74.786, 10.654381 ], [ -74.786203, 10.654409 ], [ -74.786366, 10.654493 ], [ -74.786487, 10.654731 ], [ -74.786509, 10.654835 ], [ -74.786531, 10.655282 ], [ -74.786595, 10.655364 ], [ -74.786748, 10.655442 ], [ -74.786935, 10.655459 ], [ -74.788197, 10.655293 ], [ -74.788643, 10.655359 ], [ -74.788904, 10.655585 ], [ -74.789009, 10.655774 ], [ -74.789177, 10.656201 ], [ -74.789689, 10.656555 ], [ -74.790249, 10.656864 ], [ -74.790743, 10.657338 ], [ -74.791065, 10.657401 ], [ -74.791454, 10.657388 ], [ -74.791659, 10.657412 ], [ -74.791888, 10.65749 ], [ -74.792137, 10.657662 ], [ -74.792488, 10.657979 ], [ -74.792568, 10.658112 ], [ -74.79263, 10.658416 ], [ -74.792522, 10.65869 ], [ -74.793073, 10.658727 ], [ -74.793708, 10.658995 ], [ -74.794414, 10.658826 ], [ -74.794924, 10.658785 ], [ -74.79533, 10.658885 ], [ -74.79549, 10.659073 ], [ -74.795407, 10.658861 ], [ -74.795428, 10.658713 ], [ -74.795574, 10.658423 ], [ -74.795718, 10.65834 ], [ -74.796051, 10.658287 ], [ -74.796647, 10.658386 ], [ -74.797013, 10.65839 ], [ -74.797175, 10.658372 ], [ -74.797808, 10.658173 ], [ -74.797954, 10.658081 ], [ -74.798076, 10.657933 ], [ -74.798271, 10.657576 ], [ -74.798487, 10.657304 ], [ -74.798738, 10.657163 ], [ -74.799134, 10.657154 ], [ -74.799375, 10.657077 ], [ -74.80006, 10.656396 ], [ -74.800184, 10.656328 ], [ -74.8004, 10.656322 ], [ -74.800518, 10.656351 ], [ -74.800986, 10.656564 ], [ -74.801582, 10.657358 ], [ -74.801764, 10.657279 ], [ -74.803177, 10.656424 ], [ -74.803685, 10.656274 ], [ -74.804798, 10.656242 ], [ -74.805141, 10.65631 ], [ -74.805371, 10.656556 ], [ -74.805421, 10.65678 ], [ -74.805419, 10.656884 ], [ -74.805377, 10.656979 ], [ -74.805218, 10.657219 ], [ -74.806107, 10.656916 ], [ -74.80668, 10.656898 ], [ -74.806841, 10.656842 ], [ -74.807348, 10.656919 ], [ -74.807895, 10.657111 ], [ -74.808043, 10.65712 ], [ -74.80822, 10.657105 ], [ -74.809283, 10.656789 ], [ -74.809828, 10.656722 ], [ -74.810406, 10.656845 ], [ -74.811239, 10.656835 ], [ -74.81155, 10.656942 ], [ -74.81162, 10.65702 ], [ -74.811753, 10.657278 ], [ -74.811793, 10.657509 ], [ -74.811861, 10.658726 ], [ -74.81192, 10.65886 ], [ -74.81198, 10.658932 ], [ -74.812221, 10.659081 ], [ -74.812487, 10.659338 ], [ -74.812635, 10.659616 ], [ -74.812721, 10.65987 ], [ -74.812821, 10.659811 ], [ -74.813176, 10.659391 ], [ -74.813916, 10.659067 ], [ -74.814204, 10.659042 ], [ -74.814626, 10.659097 ], [ -74.815454, 10.659376 ], [ -74.81558, 10.65947 ], [ -74.815633, 10.659618 ], [ -74.815595, 10.659818 ], [ -74.815659, 10.660095 ], [ -74.815922, 10.660567 ], [ -74.816676, 10.661578 ], [ -74.816971, 10.661732 ], [ -74.816895, 10.661061 ], [ -74.816898, 10.660971 ], [ -74.81699, 10.660817 ], [ -74.817068, 10.660771 ], [ -74.817249, 10.660766 ], [ -74.817437, 10.660824 ], [ -74.817578, 10.660924 ], [ -74.8177, 10.66111 ], [ -74.817716, 10.661183 ], [ -74.817746, 10.66201 ], [ -74.817835, 10.662171 ], [ -74.817889, 10.662419 ], [ -74.817856, 10.662704 ], [ -74.817768, 10.662949 ], [ -74.817627, 10.663564 ], [ -74.818422, 10.664459 ], [ -74.818868, 10.664645 ], [ -74.819741, 10.664669 ], [ -74.820014, 10.664762 ], [ -74.82034, 10.66498 ], [ -74.820535, 10.665353 ], [ -74.82058, 10.665649 ], [ -74.820573, 10.66589 ], [ -74.820525, 10.666142 ], [ -74.820402, 10.666361 ], [ -74.819615, 10.667335 ], [ -74.819793, 10.667533 ], [ -74.819968, 10.667658 ], [ -74.82069, 10.667943 ], [ -74.821577, 10.668726 ], [ -74.822376, 10.669491 ], [ -74.822526, 10.669581 ], [ -74.822798, 10.669611 ], [ -74.822885, 10.669568 ], [ -74.82314, 10.668709 ], [ -74.823131, 10.66861 ], [ -74.822934, 10.668148 ], [ -74.822916, 10.667865 ], [ -74.822944, 10.667451 ], [ -74.822977, 10.667339 ], [ -74.82305, 10.667208 ], [ -74.823154, 10.667102 ], [ -74.8233, 10.667067 ], [ -74.823459, 10.667072 ], [ -74.823597, 10.667114 ], [ -74.823735, 10.667249 ], [ -74.823922, 10.667358 ], [ -74.824086, 10.667354 ], [ -74.824293, 10.667406 ], [ -74.824399, 10.6675 ], [ -74.824499, 10.667651 ], [ -74.824632, 10.667929 ], [ -74.825012, 10.669616 ], [ -74.825146, 10.669644 ], [ -74.825248, 10.669621 ], [ -74.825383, 10.669521 ], [ -74.82565, 10.669248 ], [ -74.825992, 10.669176 ], [ -74.826444, 10.669235 ], [ -74.827152, 10.669505 ], [ -74.827516, 10.669444 ], [ -74.827819, 10.669527 ], [ -74.828005, 10.669639 ], [ -74.828286, 10.6699 ], [ -74.828644, 10.67031 ], [ -74.828871, 10.670678 ], [ -74.829105, 10.670967 ], [ -74.829248, 10.671098 ], [ -74.829458, 10.671275 ], [ -74.82967, 10.671399 ], [ -74.830452, 10.671757 ], [ -74.83075, 10.671954 ], [ -74.831201, 10.672399 ], [ -74.831476, 10.672833 ], [ -74.831675, 10.672957 ], [ -74.831953, 10.672961 ], [ -74.832199, 10.672826 ], [ -74.832406, 10.672471 ], [ -74.832758, 10.672169 ], [ -74.833132, 10.671931 ], [ -74.833728, 10.67166 ], [ -74.834032, 10.671621 ], [ -74.834522, 10.671679 ], [ -74.83467, 10.671637 ], [ -74.83483, 10.671573 ], [ -74.83524, 10.671133 ], [ -74.835785, 10.670921 ], [ -74.836067, 10.670902 ], [ -74.836572, 10.671045 ], [ -74.837199, 10.671502 ], [ -74.837536, 10.671791 ], [ -74.837824, 10.672292 ], [ -74.837906, 10.672607 ], [ -74.837872, 10.67299 ], [ -74.837426, 10.673942 ], [ -74.837113, 10.674413 ], [ -74.836793, 10.674803 ], [ -74.836784, 10.675009 ], [ -74.837641, 10.675165 ], [ -74.837948, 10.675301 ], [ -74.838148, 10.675497 ], [ -74.838174, 10.675685 ], [ -74.838099, 10.67601 ], [ -74.837789, 10.676931 ], [ -74.837789, 10.677026 ], [ -74.83805, 10.677536 ], [ -74.838018, 10.67797 ], [ -74.838039, 10.678066 ], [ -74.838386, 10.678013 ], [ -74.838641, 10.678029 ], [ -74.838922, 10.678141 ], [ -74.83903, 10.678233 ], [ -74.839152, 10.678411 ], [ -74.839228, 10.678731 ], [ -74.839187, 10.67898 ], [ -74.838917, 10.67924 ], [ -74.83863, 10.679305 ], [ -74.838248, 10.679255 ], [ -74.837902, 10.679261 ], [ -74.83757, 10.679315 ], [ -74.837463, 10.679363 ], [ -74.837321, 10.679547 ], [ -74.837276, 10.679724 ], [ -74.837675, 10.680081 ], [ -74.837735, 10.680333 ], [ -74.837729, 10.680453 ], [ -74.8375, 10.681353 ], [ -74.837519, 10.681478 ], [ -74.837654, 10.681729 ], [ -74.837773, 10.682369 ], [ -74.838087, 10.682228 ], [ -74.838393, 10.68198 ], [ -74.838622, 10.681887 ], [ -74.838973, 10.681946 ], [ -74.839219, 10.682192 ], [ -74.839446, 10.682573 ], [ -74.83949, 10.682716 ], [ -74.839512, 10.683196 ], [ -74.839567, 10.68346 ], [ -74.839533, 10.683826 ], [ -74.839534, 10.684595 ], [ -74.839582, 10.684683 ], [ -74.839902, 10.684895 ], [ -74.840094, 10.685147 ], [ -74.840229, 10.68538 ], [ -74.840325, 10.68571 ], [ -74.840236, 10.686025 ], [ -74.840165, 10.686137 ], [ -74.839952, 10.686313 ], [ -74.839679, 10.686336 ], [ -74.839171, 10.68618 ], [ -74.838904, 10.686042 ], [ -74.838311, 10.685559 ], [ -74.838136, 10.685487 ], [ -74.838013, 10.685456 ], [ -74.83788, 10.685465 ], [ -74.837412, 10.685705 ], [ -74.837402, 10.685733 ], [ -74.837922, 10.686017 ], [ -74.838079, 10.686131 ], [ -74.838227, 10.686344 ], [ -74.838343, 10.686643 ], [ -74.838412, 10.686746 ], [ -74.838519, 10.686748 ], [ -74.838677, 10.686676 ], [ -74.838832, 10.686655 ], [ -74.839323, 10.686761 ], [ -74.839622, 10.686946 ], [ -74.839796, 10.687145 ], [ -74.83993, 10.687401 ], [ -74.839956, 10.687504 ], [ -74.83996, 10.687812 ], [ -74.839774, 10.688113 ], [ -74.839451, 10.688241 ], [ -74.838998, 10.688154 ], [ -74.83859, 10.688271 ], [ -74.838388, 10.688381 ], [ -74.838354, 10.688506 ], [ -74.838529, 10.688665 ], [ -74.838564, 10.688731 ], [ -74.838642, 10.689359 ], [ -74.838806, 10.689235 ], [ -74.839089, 10.689114 ], [ -74.83917, 10.689093 ], [ -74.839331, 10.689126 ], [ -74.83954, 10.68924 ], [ -74.839656, 10.689364 ], [ -74.839714, 10.689872 ], [ -74.839931, 10.689714 ], [ -74.840237, 10.689573 ], [ -74.840802, 10.689463 ], [ -74.841223, 10.689483 ], [ -74.841465, 10.689582 ], [ -74.841814, 10.689822 ], [ -74.842019, 10.69009 ], [ -74.842097, 10.690344 ], [ -74.8421, 10.690521 ], [ -74.842074, 10.690641 ], [ -74.84195, 10.690866 ], [ -74.841642, 10.691023 ], [ -74.841157, 10.691078 ], [ -74.840914, 10.69123 ], [ -74.841376, 10.691353 ], [ -74.841677, 10.691532 ], [ -74.841852, 10.691735 ], [ -74.841997, 10.691985 ], [ -74.842217, 10.692245 ], [ -74.842313, 10.692425 ], [ -74.84234, 10.692598 ], [ -74.842169, 10.692905 ], [ -74.841281, 10.693271 ], [ -74.841419, 10.693334 ], [ -74.841612, 10.693482 ], [ -74.841914, 10.693852 ], [ -74.842348, 10.694092 ], [ -74.842504, 10.694142 ], [ -74.842665, 10.694131 ], [ -74.842912, 10.693972 ], [ -74.843216, 10.693417 ], [ -74.843469, 10.693186 ], [ -74.843755, 10.693042 ], [ -74.844144, 10.693108 ], [ -74.844605, 10.693667 ], [ -74.844654, 10.693767 ], [ -74.844805, 10.694372 ], [ -74.844828, 10.694721 ], [ -74.844762, 10.694995 ], [ -74.84438, 10.69553 ], [ -74.844313, 10.697053 ], [ -74.844273, 10.697354 ], [ -74.845534, 10.697395 ], [ -74.845661, 10.697472 ], [ -74.846175, 10.698038 ], [ -74.846193, 10.69821 ], [ -74.84606, 10.69874 ], [ -74.845684, 10.699125 ], [ -74.846244, 10.699278 ], [ -74.846396, 10.699384 ], [ -74.846615, 10.70019 ], [ -74.846537, 10.700358 ], [ -74.846271, 10.700625 ], [ -74.845885, 10.701203 ], [ -74.845922, 10.70148 ], [ -74.84596, 10.70148 ], [ -74.846498, 10.701134 ], [ -74.846643, 10.70109 ], [ -74.847505, 10.701309 ], [ -74.847642, 10.701396 ], [ -74.847706, 10.701544 ], [ -74.847743, 10.701897 ], [ -74.847712, 10.702052 ], [ -74.847237, 10.70254 ], [ -74.846752, 10.702928 ], [ -74.846695, 10.703158 ], [ -74.847258, 10.703334 ], [ -74.847637, 10.703208 ], [ -74.848041, 10.702745 ], [ -74.848259, 10.702432 ], [ -74.848315, 10.702373 ], [ -74.848466, 10.702315 ], [ -74.848782, 10.702391 ], [ -74.849049, 10.702711 ], [ -74.849181, 10.703798 ], [ -74.849165, 10.704161 ], [ -74.84906, 10.704564 ], [ -74.848706, 10.705293 ], [ -74.84867, 10.705593 ], [ -74.848678, 10.705893 ], [ -74.848632, 10.706185 ], [ -74.848427, 10.706735 ], [ -74.84841, 10.70687 ], [ -74.848452, 10.707288 ], [ -74.848532, 10.707441 ], [ -74.848653, 10.707569 ], [ -74.848993, 10.707827 ], [ -74.849304, 10.707964 ], [ -74.849947, 10.708022 ], [ -74.850593, 10.707918 ], [ -74.850929, 10.707775 ], [ -74.851071, 10.707608 ], [ -74.851103, 10.707165 ], [ -74.851084, 10.706776 ], [ -74.851136, 10.706603 ], [ -74.851286, 10.706501 ], [ -74.851593, 10.706432 ], [ -74.851823, 10.7065 ], [ -74.852073, 10.706518 ], [ -74.852397, 10.706789 ], [ -74.85296, 10.707425 ], [ -74.853608, 10.70832 ], [ -74.853962, 10.708131 ], [ -74.85428, 10.708045 ], [ -74.854494, 10.70804 ], [ -74.854939, 10.708103 ], [ -74.855148, 10.708098 ], [ -74.85547, 10.707956 ], [ -74.855716, 10.707676 ], [ -74.855911, 10.707544 ], [ -74.856196, 10.707465 ], [ -74.856299, 10.70749 ], [ -74.856575, 10.707635 ], [ -74.856789, 10.707866 ], [ -74.856818, 10.708025 ], [ -74.856779, 10.708264 ], [ -74.856639, 10.708479 ], [ -74.856182, 10.708787 ], [ -74.855975, 10.709017 ], [ -74.855697, 10.709634 ], [ -74.855658, 10.710003 ], [ -74.855694, 10.710068 ], [ -74.856013, 10.710291 ], [ -74.856786, 10.710027 ], [ -74.856986, 10.709983 ], [ -74.857224, 10.709977 ], [ -74.857488, 10.710049 ], [ -74.857773, 10.710253 ], [ -74.857951, 10.710504 ], [ -74.858063, 10.710837 ], [ -74.858069, 10.71125 ], [ -74.858018, 10.711703 ], [ -74.85805, 10.712221 ], [ -74.858327, 10.712795 ], [ -74.858417, 10.712889 ], [ -74.858592, 10.712726 ], [ -74.858749, 10.712368 ], [ -74.858813, 10.712284 ], [ -74.859059, 10.712082 ], [ -74.859316, 10.712047 ], [ -74.859629, 10.712074 ], [ -74.859812, 10.712057 ], [ -74.86032, 10.71185 ], [ -74.860615, 10.711832 ], [ -74.860836, 10.711873 ], [ -74.861066, 10.71198 ], [ -74.86187, 10.712643 ], [ -74.861932, 10.712621 ], [ -74.862174, 10.712335 ], [ -74.862307, 10.712251 ], [ -74.862538, 10.712198 ], [ -74.862815, 10.712272 ], [ -74.863061, 10.712466 ], [ -74.863225, 10.712771 ], [ -74.86344, 10.713064 ], [ -74.863581, 10.713116 ], [ -74.864452, 10.713226 ], [ -74.864832, 10.713361 ], [ -74.864986, 10.713493 ], [ -74.86514, 10.713728 ], [ -74.865214, 10.713998 ], [ -74.865228, 10.714196 ], [ -74.865382, 10.714154 ], [ -74.865957, 10.713847 ], [ -74.866587, 10.713586 ], [ -74.866978, 10.713503 ], [ -74.867988, 10.713448 ], [ -74.868104, 10.713473 ], [ -74.868988, 10.713895 ], [ -74.869268, 10.714167 ], [ -74.869302, 10.714472 ], [ -74.869278, 10.714596 ], [ -74.86918, 10.714809 ], [ -74.86884, 10.715155 ], [ -74.868733, 10.715312 ], [ -74.868762, 10.715486 ], [ -74.868914, 10.715708 ], [ -74.868961, 10.715847 ], [ -74.868721, 10.717072 ], [ -74.868886, 10.717077 ], [ -74.869511, 10.716999 ], [ -74.869981, 10.717285 ], [ -74.870081, 10.717402 ], [ -74.870146, 10.717863 ], [ -74.870101, 10.718434 ], [ -74.869981, 10.719037 ], [ -74.869946, 10.719617 ], [ -74.870164, 10.720119 ], [ -74.87049, 10.72064 ], [ -74.87061, 10.720896 ], [ -74.87071, 10.72132 ], [ -74.870759, 10.721422 ], [ -74.871255, 10.72186 ], [ -74.871575, 10.722257 ], [ -74.871674, 10.722471 ], [ -74.871951, 10.722771 ], [ -74.872536, 10.72248 ], [ -74.872627, 10.722375 ], [ -74.872651, 10.722219 ], [ -74.872692, 10.722148 ], [ -74.872903, 10.722007 ], [ -74.873329, 10.722011 ], [ -74.873707, 10.722307 ], [ -74.873783, 10.722413 ], [ -74.873883, 10.722672 ], [ -74.873972, 10.723176 ], [ -74.873974, 10.723968 ], [ -74.874121, 10.724506 ], [ -74.874421, 10.724912 ], [ -74.874886, 10.725445 ], [ -74.875187, 10.72561 ], [ -74.875713, 10.725731 ], [ -74.875838, 10.725624 ], [ -74.875915, 10.725597 ], [ -74.876076, 10.725614 ], [ -74.876926, 10.726262 ], [ -74.877133, 10.726513 ], [ -74.878652, 10.727347 ], [ -74.879681, 10.72811 ], [ -74.8798, 10.728165 ], [ -74.880005, 10.728124 ], [ -74.880093, 10.728064 ], [ -74.880579, 10.72742 ], [ -74.88093, 10.727116 ], [ -74.881179, 10.72697 ], [ -74.881467, 10.726913 ], [ -74.881767, 10.72693 ], [ -74.881968, 10.726962 ], [ -74.88237, 10.72711 ], [ -74.88305, 10.727577 ], [ -74.883248, 10.72776 ], [ -74.883575, 10.72819 ], [ -74.883746, 10.728522 ], [ -74.883808, 10.728884 ], [ -74.883743, 10.729277 ], [ -74.8834, 10.730113 ], [ -74.883435, 10.730164 ], [ -74.883742, 10.730165 ], [ -74.883968, 10.73008 ], [ -74.884581, 10.729106 ], [ -74.885026, 10.728805 ], [ -74.885277, 10.728586 ], [ -74.885368, 10.728412 ], [ -74.885953, 10.727837 ], [ -74.886295, 10.727632 ], [ -74.886438, 10.727593 ], [ -74.886715, 10.72766 ], [ -74.886956, 10.727796 ], [ -74.887117, 10.727949 ], [ -74.887627, 10.728706 ], [ -74.888047, 10.729056 ], [ -74.888248, 10.729291 ], [ -74.888758, 10.729713 ], [ -74.88906, 10.729898 ], [ -74.889415, 10.730195 ], [ -74.889881, 10.73069 ], [ -74.890066, 10.730974 ], [ -74.890197, 10.73128 ], [ -74.890131, 10.731585 ], [ -74.889955, 10.731887 ], [ -74.889833, 10.732006 ], [ -74.889543, 10.732207 ], [ -74.889505, 10.732298 ], [ -74.889503, 10.732472 ], [ -74.88957, 10.732679 ], [ -74.88981, 10.733089 ], [ -74.890168, 10.734406 ], [ -74.890568, 10.734715 ], [ -74.890899, 10.734844 ], [ -74.891106, 10.734874 ], [ -74.89142, 10.734976 ], [ -74.891704, 10.735198 ], [ -74.891776, 10.735302 ], [ -74.89184, 10.735477 ], [ -74.891878, 10.735743 ], [ -74.891712, 10.736507 ], [ -74.891768, 10.736866 ], [ -74.891932, 10.737175 ], [ -74.89242, 10.737731 ], [ -74.892611, 10.737858 ], [ -74.892859, 10.737962 ], [ -74.893376, 10.73804 ], [ -74.893605, 10.73803 ], [ -74.893813, 10.737979 ], [ -74.894078, 10.737832 ], [ -74.894443, 10.737822 ], [ -74.89465, 10.737913 ], [ -74.894744, 10.737988 ], [ -74.89489, 10.738167 ], [ -74.894987, 10.738368 ], [ -74.895009, 10.738475 ], [ -74.894991, 10.738748 ], [ -74.894896, 10.738967 ], [ -74.894784, 10.739121 ], [ -74.894565, 10.739312 ], [ -74.894219, 10.739448 ], [ -74.894013, 10.739583 ], [ -74.893723, 10.73986 ], [ -74.893524, 10.739993 ], [ -74.892914, 10.740529 ], [ -74.892615, 10.741053 ], [ -74.89254, 10.741254 ], [ -74.892557, 10.741331 ], [ -74.892691, 10.741536 ], [ -74.892856, 10.741705 ], [ -74.893167, 10.74191 ], [ -74.894038, 10.741872 ], [ -74.894616, 10.741973 ], [ -74.894874, 10.742084 ], [ -74.895216, 10.742511 ], [ -74.895321, 10.742539 ], [ -74.895456, 10.742495 ], [ -74.896032, 10.742191 ], [ -74.896222, 10.742043 ], [ -74.896511, 10.741312 ], [ -74.896744, 10.741156 ], [ -74.89687, 10.741119 ], [ -74.897172, 10.741117 ], [ -74.897594, 10.741338 ], [ -74.897701, 10.741443 ], [ -74.897805, 10.741842 ], [ -74.897823, 10.742052 ], [ -74.897714, 10.742531 ], [ -74.89766, 10.742632 ], [ -74.89717, 10.743213 ], [ -74.896701, 10.743683 ], [ -74.896768, 10.744063 ], [ -74.896513, 10.744596 ], [ -74.896633, 10.745134 ], [ -74.896854, 10.745134 ], [ -74.897123, 10.744963 ], [ -74.897576, 10.743961 ], [ -74.89786, 10.74344 ], [ -74.898491, 10.742554 ], [ -74.898909, 10.742238 ], [ -74.899833, 10.742107 ], [ -74.899937, 10.742113 ], [ -74.901176, 10.742441 ], [ -74.901242, 10.742502 ], [ -74.901349, 10.742768 ], [ -74.901662, 10.743253 ], [ -74.901699, 10.74405 ], [ -74.901796, 10.744082 ], [ -74.902058, 10.743775 ], [ -74.902135, 10.743587 ], [ -74.902168, 10.74338 ], [ -74.902167, 10.742775 ], [ -74.902408, 10.742121 ], [ -74.902554, 10.741972 ], [ -74.902815, 10.741861 ], [ -74.902978, 10.741844 ], [ -74.903448, 10.742096 ], [ -74.904875, 10.743426 ], [ -74.9056, 10.743766 ], [ -74.906334, 10.744518 ], [ -74.906691, 10.745093 ], [ -74.907072, 10.745584 ], [ -74.907291, 10.744904 ], [ -74.907793, 10.744199 ], [ -74.907884, 10.744119 ], [ -74.908166, 10.743963 ], [ -74.908607, 10.743902 ], [ -74.909119, 10.743922 ], [ -74.910355, 10.744224 ], [ -74.910515, 10.744327 ], [ -74.910797, 10.744691 ], [ -74.910929, 10.745128 ], [ -74.911043, 10.745714 ], [ -74.910985, 10.74615 ], [ -74.910954, 10.746707 ], [ -74.910596, 10.747509 ], [ -74.911051, 10.747182 ], [ -74.911134, 10.746779 ], [ -74.911275, 10.74653 ], [ -74.911467, 10.746309 ], [ -74.911566, 10.746241 ], [ -74.911833, 10.746131 ], [ -74.91201, 10.74612 ], [ -74.912438, 10.746389 ], [ -74.912518, 10.746472 ], [ -74.912896, 10.747076 ], [ -74.913106, 10.747865 ], [ -74.9131, 10.748034 ], [ -74.912998, 10.748279 ], [ -74.912888, 10.748369 ], [ -74.912633, 10.748484 ], [ -74.912447, 10.748936 ], [ -74.912623, 10.748927 ], [ -74.9127, 10.748953 ], [ -74.912815, 10.749064 ], [ -74.912891, 10.749373 ], [ -74.912891, 10.749482 ], [ -74.912805, 10.74982 ], [ -74.912491, 10.750113 ], [ -74.912379, 10.750172 ], [ -74.911937, 10.750275 ], [ -74.911786, 10.750223 ], [ -74.911729, 10.750167 ], [ -74.911623, 10.749902 ], [ -74.911296, 10.750609 ], [ -74.911428, 10.750725 ], [ -74.911689, 10.750848 ], [ -74.91197, 10.750898 ], [ -74.912367, 10.750883 ], [ -74.912608, 10.750792 ], [ -74.912868, 10.750564 ], [ -74.913201, 10.750362 ], [ -74.913839, 10.749783 ], [ -74.913978, 10.749715 ], [ -74.914448, 10.749636 ], [ -74.914902, 10.749631 ], [ -74.915793, 10.749769 ], [ -74.916217, 10.749782 ], [ -74.916356, 10.749886 ], [ -74.916673, 10.750346 ], [ -74.917328, 10.750975 ], [ -74.917595, 10.751329 ], [ -74.917945, 10.751634 ], [ -74.918032, 10.751779 ], [ -74.918016, 10.751945 ], [ -74.917726, 10.752607 ], [ -74.917944, 10.753167 ], [ -74.91823, 10.754147 ], [ -74.917658, 10.756062 ], [ -74.917523, 10.75676 ], [ -74.917517, 10.757981 ], [ -74.917746, 10.758797 ], [ -74.917539, 10.759639 ], [ -74.918027, 10.762664 ], [ -74.917929, 10.762826 ], [ -74.91677, 10.763732 ], [ -74.916002, 10.763841 ], [ -74.915656, 10.764258 ], [ -74.915674, 10.764383 ], [ -74.915625, 10.764523 ], [ -74.915204, 10.765121 ], [ -74.914107, 10.766064 ], [ -74.913907, 10.766661 ], [ -74.914046, 10.766934 ], [ -74.914495, 10.76763 ], [ -74.914534, 10.768337 ], [ -74.913988, 10.769143 ], [ -74.913846, 10.769454 ], [ -74.913718, 10.769965 ], [ -74.913395, 10.770936 ], [ -74.912839, 10.771437 ], [ -74.912299, 10.772692 ], [ -74.912242, 10.774706 ], [ -74.912483, 10.7757 ], [ -74.91248, 10.775837 ], [ -74.912305, 10.776405 ], [ -74.912263, 10.776676 ], [ -74.912148, 10.777047 ], [ -74.911901, 10.777638 ], [ -74.911243, 10.778889 ], [ -74.911052, 10.779143 ], [ -74.911036, 10.779722 ], [ -74.911116, 10.78021 ], [ -74.911393, 10.780726 ], [ -74.911574, 10.781265 ], [ -74.911635, 10.781761 ], [ -74.911637, 10.78203 ], [ -74.911543, 10.782341 ], [ -74.911345, 10.782754 ], [ -74.911195, 10.782871 ], [ -74.911111, 10.783065 ], [ -74.910993, 10.783156 ], [ -74.91013, 10.783263 ], [ -74.909211, 10.783248 ], [ -74.908807, 10.783401 ], [ -74.908481, 10.783574 ], [ -74.908316, 10.783762 ], [ -74.908083, 10.784148 ], [ -74.907896, 10.784791 ], [ -74.907842, 10.785816 ], [ -74.907846, 10.787373 ], [ -74.907965, 10.788351 ], [ -74.90797, 10.788918 ], [ -74.90788, 10.789687 ], [ -74.907764, 10.790275 ], [ -74.907738, 10.791149 ], [ -74.907784, 10.791329 ], [ -74.907891, 10.791566 ], [ -74.9083, 10.792357 ], [ -74.908367, 10.79268 ], [ -74.908367, 10.792974 ], [ -74.908336, 10.793243 ], [ -74.908228, 10.793522 ], [ -74.908017, 10.793814 ], [ -74.907474, 10.794358 ], [ -74.90742, 10.79452 ], [ -74.907421, 10.794667 ], [ -74.907538, 10.795048 ], [ -74.907609, 10.795098 ], [ -74.907959, 10.795158 ], [ -74.908601, 10.795164 ], [ -74.909383, 10.795295 ], [ -74.910435, 10.795767 ], [ -74.911121, 10.796278 ], [ -74.911205, 10.796383 ], [ -74.911342, 10.796685 ], [ -74.911732, 10.797069 ], [ -74.911803, 10.79719 ], [ -74.911815, 10.798262 ], [ -74.911797, 10.798361 ], [ -74.911743, 10.798446 ], [ -74.911372, 10.798847 ], [ -74.910914, 10.799614 ], [ -74.911001, 10.800232 ], [ -74.910973, 10.800394 ], [ -74.910292, 10.801685 ], [ -74.90988, 10.802534 ], [ -74.909998, 10.803041 ], [ -74.910385, 10.803287 ], [ -74.910452, 10.803421 ], [ -74.910372, 10.80422 ], [ -74.910271, 10.804342 ], [ -74.910198, 10.804376 ], [ -74.90932, 10.804639 ], [ -74.909023, 10.805132 ], [ -74.909026, 10.806202 ], [ -74.909092, 10.806722 ], [ -74.909031, 10.807698 ], [ -74.909124, 10.808383 ], [ -74.909474, 10.80929 ], [ -74.909486, 10.809444 ], [ -74.908938, 10.810456 ], [ -74.908508, 10.811147 ], [ -74.907877, 10.811996 ], [ -74.907636, 10.812992 ], [ -74.907545, 10.813917 ], [ -74.907674, 10.815344 ], [ -74.907389, 10.816876 ], [ -74.907319, 10.817013 ], [ -74.906666, 10.817699 ], [ -74.904983, 10.819237 ], [ -74.904806, 10.819851 ], [ -74.904889, 10.820886 ], [ -74.905153, 10.822088 ], [ -74.906378, 10.824969 ], [ -74.9068, 10.825702 ], [ -74.907345, 10.826451 ], [ -74.907829, 10.827185 ], [ -74.908641, 10.828151 ], [ -74.909416, 10.828925 ], [ -74.909985, 10.82989 ], [ -74.910022, 10.830044 ], [ -74.909512, 10.831421 ], [ -74.909239, 10.832024 ], [ -74.908456, 10.833952 ], [ -74.9072, 10.836247 ], [ -74.907033, 10.836908 ], [ -74.906561, 10.839797 ], [ -74.906528, 10.840599 ], [ -74.906536, 10.841121 ], [ -74.906587, 10.84157 ], [ -74.906702, 10.841985 ], [ -74.907023, 10.842745 ], [ -74.907119, 10.843205 ], [ -74.907111, 10.843522 ], [ -74.907041, 10.843755 ], [ -74.906885, 10.84407 ], [ -74.906526, 10.844548 ], [ -74.906059, 10.844947 ], [ -74.90535, 10.845433 ], [ -74.905011, 10.845753 ], [ -74.904836, 10.846033 ], [ -74.904602, 10.846664 ], [ -74.904382, 10.847669 ], [ -74.904387, 10.848059 ], [ -74.904425, 10.848278 ], [ -74.904651, 10.848857 ], [ -74.904942, 10.849263 ], [ -74.905224, 10.849043 ], [ -74.90558, 10.84887 ], [ -74.905694, 10.848781 ], [ -74.905778, 10.848663 ], [ -74.905939, 10.848227 ], [ -74.90615, 10.847956 ], [ -74.906336, 10.847841 ], [ -74.906792, 10.847636 ], [ -74.907442, 10.847389 ], [ -74.907762, 10.847171 ], [ -74.908548, 10.846398 ], [ -74.908912, 10.845999 ], [ -74.909118, 10.84568 ], [ -74.909372, 10.845118 ], [ -74.909644, 10.844762 ], [ -74.911698, 10.842677 ], [ -74.911958, 10.842359 ], [ -74.912331, 10.841799 ], [ -74.913273, 10.84092 ], [ -74.913872, 10.840293 ], [ -74.914152, 10.839955 ], [ -74.914615, 10.839222 ], [ -74.91492, 10.838945 ], [ -74.915322, 10.838841 ], [ -74.91615, 10.838943 ], [ -74.916374, 10.838938 ], [ -74.916534, 10.838877 ], [ -74.917106, 10.838525 ], [ -74.91787, 10.838377 ], [ -74.918793, 10.838439 ], [ -74.919623, 10.83863 ], [ -74.919837, 10.838744 ], [ -74.920869, 10.83961 ], [ -74.921512, 10.840065 ], [ -74.921853, 10.840254 ], [ -74.922544, 10.840501 ], [ -74.923029, 10.840898 ], [ -74.92339, 10.840947 ], [ -74.92398, 10.840844 ], [ -74.924117, 10.840781 ], [ -74.924261, 10.840663 ], [ -74.925018, 10.839672 ], [ -74.925217, 10.839483 ], [ -74.925466, 10.839326 ], [ -74.926091, 10.839212 ], [ -74.926393, 10.838992 ], [ -74.926686, 10.838882 ], [ -74.927102, 10.838878 ], [ -74.927889, 10.839 ], [ -74.927956, 10.838983 ], [ -74.928466, 10.838646 ], [ -74.929229, 10.838596 ], [ -74.929595, 10.838459 ], [ -74.929832, 10.838289 ], [ -74.930085, 10.838032 ], [ -74.931076, 10.836665 ], [ -74.931588, 10.836124 ], [ -74.931975, 10.835859 ], [ -74.932506, 10.835627 ], [ -74.932888, 10.83556 ], [ -74.93324, 10.835566 ], [ -74.933742, 10.835693 ], [ -74.934172, 10.835915 ], [ -74.934461, 10.83616 ], [ -74.934926, 10.83676 ], [ -74.935116, 10.836947 ], [ -74.935701, 10.837314 ], [ -74.936213, 10.837501 ], [ -74.936404, 10.837517 ], [ -74.936611, 10.837479 ], [ -74.937955, 10.836824 ], [ -74.938321, 10.836722 ], [ -74.93892, 10.836649 ], [ -74.939552, 10.836645 ], [ -74.940199, 10.836744 ], [ -74.94068, 10.836907 ], [ -74.941151, 10.837188 ], [ -74.941766, 10.83775 ], [ -74.942475, 10.83863 ], [ -74.942726, 10.839055 ], [ -74.943223, 10.840086 ], [ -74.943552, 10.840552 ], [ -74.944068, 10.841043 ], [ -74.945539, 10.842188 ], [ -74.945876, 10.842523 ], [ -74.946156, 10.842884 ], [ -74.946493, 10.843575 ], [ -74.946677, 10.844277 ], [ -74.946711, 10.844984 ], [ -74.946617, 10.845662 ], [ -74.946543, 10.845813 ], [ -74.946475, 10.845864 ], [ -74.946308, 10.845894 ], [ -74.946225, 10.845869 ], [ -74.946155, 10.845821 ], [ -74.946075, 10.845673 ], [ -74.946164, 10.844936 ], [ -74.946131, 10.844334 ], [ -74.945985, 10.843784 ], [ -74.945702, 10.84319 ], [ -74.945474, 10.842893 ], [ -74.945162, 10.842582 ], [ -74.943718, 10.841461 ] ], [ [ -74.893913, 10.880938 ], [ -74.893991, 10.881452 ], [ -74.894136, 10.881972 ], [ -74.894195, 10.882789 ], [ -74.894305, 10.882675 ], [ -74.894388, 10.88249 ], [ -74.894399, 10.8821 ], [ -74.894297, 10.88174 ], [ -74.893913, 10.880938 ] ], [ [ -74.868586, 11.002381 ], [ -74.8693, 11.003361 ], [ -74.869471, 11.003509 ], [ -74.869757, 11.00368 ], [ -74.870357, 11.003894 ], [ -74.871038, 11.003964 ], [ -74.87248, 11.00381 ], [ -74.872526, 11.003555 ], [ -74.87264, 11.003303 ], [ -74.872765, 11.003141 ], [ -74.873118, 11.002813 ], [ -74.873322, 11.002386 ], [ -74.873444, 11.001727 ], [ -74.873433, 11.001128 ], [ -74.87348, 11.000735 ], [ -74.873631, 11.000244 ], [ -74.873917, 10.999692 ], [ -74.87428, 10.999172 ], [ -74.874683, 10.998664 ], [ -74.875686, 10.997585 ], [ -74.876048, 10.997278 ], [ -74.876517, 10.997075 ], [ -74.876648, 10.996959 ], [ -74.876633, 10.996718 ], [ -74.876555, 10.99652 ], [ -74.876427, 10.996385 ], [ -74.87619, 10.996257 ], [ -74.876095, 10.996172 ], [ -74.875965, 10.995955 ], [ -74.875907, 10.995693 ], [ -74.875919, 10.995474 ], [ -74.876014, 10.995164 ], [ -74.876248, 10.994642 ], [ -74.876546, 10.994151 ], [ -74.876681, 10.993772 ], [ -74.87666, 10.993534 ], [ -74.876478, 10.993013 ], [ -74.876426, 10.992768 ], [ -74.876437, 10.992436 ], [ -74.876569, 10.991819 ], [ -74.876538, 10.991398 ], [ -74.876484, 10.991272 ], [ -74.876336, 10.991065 ], [ -74.876048, 10.990811 ], [ -74.875778, 10.990861 ], [ -74.875327, 10.991121 ], [ -74.874995, 10.991236 ], [ -74.87461, 10.991228 ], [ -74.874326, 10.990983 ], [ -74.874189, 10.990695 ], [ -74.874136, 10.99051 ], [ -74.874137, 10.990246 ], [ -74.874171, 10.990131 ], [ -74.874308, 10.989902 ], [ -74.874741, 10.98947 ], [ -74.874929, 10.989124 ], [ -74.874905, 10.989018 ], [ -74.874726, 10.988848 ], [ -74.874563, 10.988594 ], [ -74.874512, 10.988354 ], [ -74.874542, 10.988139 ], [ -74.873413, 10.988268 ], [ -74.872978, 10.988399 ], [ -74.87257, 10.988571 ], [ -74.872265, 10.988794 ], [ -74.871792, 10.989358 ], [ -74.871389, 10.989895 ], [ -74.871069, 10.990673 ], [ -74.87076, 10.991155 ], [ -74.870639, 10.992211 ], [ -74.870222, 10.993199 ], [ -74.869871, 10.993874 ], [ -74.869582, 10.994578 ], [ -74.869414, 10.995288 ], [ -74.869571, 10.99643 ], [ -74.869479, 10.997257 ], [ -74.869286, 10.997678 ], [ -74.869207, 10.99819 ], [ -74.869404, 10.99935 ], [ -74.86969, 10.999992 ], [ -74.869782, 11.000766 ], [ -74.869643, 11.001501 ], [ -74.869378, 11.001979 ], [ -74.869264, 11.002084 ], [ -74.8688, 11.002314 ], [ -74.868586, 11.002381 ] ], [ [ -74.912328, 10.74949 ], [ -74.912161, 10.749427 ], [ -74.912167, 10.749666 ], [ -74.912318, 10.74954 ], [ -74.912328, 10.74949 ] ] ], [ [ [ -74.873221, 10.852729 ], [ -74.873058, 10.852452 ], [ -74.872936, 10.852009 ], [ -74.872899, 10.851566 ], [ -74.872876, 10.850374 ], [ -74.872798, 10.849971 ], [ -74.872562, 10.849634 ], [ -74.871921, 10.84895 ], [ -74.871682, 10.848597 ], [ -74.87161, 10.848394 ], [ -74.871586, 10.848156 ], [ -74.871615, 10.847929 ], [ -74.871721, 10.847534 ], [ -74.871518, 10.847379 ], [ -74.871305, 10.847116 ], [ -74.871111, 10.846777 ], [ -74.871002, 10.846484 ], [ -74.870924, 10.845887 ], [ -74.870902, 10.844307 ], [ -74.870821, 10.843905 ], [ -74.870663, 10.843656 ], [ -74.869998, 10.842871 ], [ -74.869729, 10.842307 ], [ -74.869599, 10.842096 ], [ -74.86902, 10.841426 ], [ -74.868842, 10.84117 ], [ -74.868719, 10.840895 ], [ -74.86856, 10.840145 ], [ -74.868493, 10.839945 ], [ -74.868385, 10.839762 ], [ -74.867999, 10.839331 ], [ -74.867666, 10.83871 ], [ -74.867571, 10.838455 ], [ -74.867489, 10.838063 ], [ -74.867339, 10.837773 ], [ -74.867236, 10.837421 ], [ -74.867199, 10.837389 ], [ -74.866817, 10.837279 ], [ -74.866545, 10.837117 ], [ -74.866125, 10.837124 ], [ -74.864914, 10.836885 ], [ -74.863692, 10.836883 ], [ -74.863123, 10.836807 ], [ -74.862589, 10.836596 ], [ -74.861368, 10.835898 ], [ -74.860868, 10.835693 ], [ -74.860103, 10.835556 ], [ -74.859427, 10.835494 ], [ -74.858549, 10.835504 ], [ -74.857386, 10.835751 ], [ -74.856851, 10.835746 ], [ -74.856746, 10.835722 ], [ -74.856378, 10.835555 ], [ -74.855939, 10.835251 ], [ -74.855055, 10.834212 ], [ -74.85493, 10.834137 ], [ -74.854769, 10.8341 ], [ -74.854365, 10.834107 ], [ -74.853894, 10.834207 ], [ -74.853616, 10.834355 ], [ -74.85293, 10.834908 ], [ -74.852505, 10.835158 ], [ -74.851661, 10.83544 ], [ -74.851122, 10.835531 ], [ -74.850812, 10.835531 ], [ -74.850514, 10.835419 ], [ -74.850129, 10.835017 ], [ -74.850048, 10.834964 ], [ -74.849927, 10.834948 ], [ -74.849369, 10.835009 ], [ -74.849047, 10.834972 ], [ -74.848825, 10.834863 ], [ -74.848499, 10.8346 ], [ -74.848363, 10.834528 ], [ -74.847156, 10.834244 ], [ -74.846824, 10.834013 ], [ -74.84624, 10.833451 ], [ -74.846079, 10.833359 ], [ -74.845857, 10.833335 ], [ -74.845315, 10.83353 ], [ -74.844794, 10.833629 ], [ -74.844341, 10.833659 ], [ -74.843943, 10.833618 ], [ -74.843507, 10.833494 ], [ -74.843072, 10.833305 ], [ -74.84232, 10.832717 ], [ -74.842109, 10.832592 ], [ -74.841694, 10.832473 ], [ -74.841211, 10.832428 ], [ -74.840873, 10.832449 ], [ -74.840538, 10.832521 ], [ -74.839816, 10.832834 ], [ -74.839463, 10.833085 ], [ -74.838962, 10.833619 ], [ -74.838398, 10.834112 ], [ -74.837964, 10.834426 ], [ -74.837549, 10.83465 ], [ -74.836946, 10.834818 ], [ -74.835759, 10.834914 ], [ -74.834442, 10.835235 ], [ -74.833294, 10.835674 ], [ -74.83258, 10.836179 ], [ -74.832182, 10.836325 ], [ -74.83194, 10.836297 ], [ -74.831664, 10.836166 ], [ -74.830923, 10.835493 ], [ -74.830627, 10.83531 ], [ -74.829903, 10.835032 ], [ -74.828891, 10.834775 ], [ -74.828515, 10.834732 ], [ -74.82822, 10.834739 ], [ -74.825934, 10.835014 ], [ -74.825429, 10.834991 ], [ -74.824994, 10.834886 ], [ -74.824671, 10.834728 ], [ -74.824401, 10.834495 ], [ -74.823787, 10.833509 ], [ -74.82366, 10.833386 ], [ -74.823504, 10.83339 ], [ -74.822961, 10.833604 ], [ -74.822595, 10.833677 ], [ -74.822007, 10.833656 ], [ -74.82087, 10.833441 ], [ -74.820444, 10.833409 ], [ -74.820093, 10.833485 ], [ -74.819756, 10.833747 ], [ -74.819539, 10.83384 ], [ -74.819424, 10.833856 ], [ -74.819163, 10.833833 ], [ -74.818488, 10.833655 ], [ -74.817687, 10.833877 ], [ -74.816858, 10.833882 ], [ -74.816762, 10.833954 ], [ -74.816646, 10.834205 ], [ -74.816656, 10.83435 ], [ -74.816863, 10.835081 ], [ -74.816801, 10.835751 ], [ -74.816618, 10.836207 ], [ -74.81619, 10.83671 ], [ -74.816074, 10.836997 ], [ -74.81809, 10.83698 ], [ -74.818807, 10.837011 ], [ -74.81922, 10.837091 ], [ -74.820041, 10.837422 ], [ -74.820314, 10.837473 ], [ -74.820594, 10.83743 ], [ -74.821244, 10.837221 ], [ -74.82178, 10.836957 ], [ -74.822338, 10.836612 ], [ -74.822532, 10.836532 ], [ -74.822795, 10.836476 ], [ -74.823061, 10.836464 ], [ -74.823319, 10.836491 ], [ -74.82376, 10.836612 ], [ -74.824091, 10.836665 ], [ -74.825804, 10.83669 ], [ -74.826382, 10.836767 ], [ -74.826788, 10.836963 ], [ -74.827667, 10.837702 ], [ -74.828491, 10.838259 ], [ -74.829325, 10.83877 ], [ -74.829869, 10.838999 ], [ -74.830164, 10.839191 ], [ -74.830369, 10.839401 ], [ -74.83054, 10.839692 ], [ -74.830613, 10.839923 ], [ -74.830755, 10.840707 ], [ -74.831001, 10.841152 ], [ -74.831221, 10.841326 ], [ -74.831501, 10.84138 ], [ -74.831708, 10.841385 ], [ -74.831786, 10.84142 ], [ -74.831891, 10.841552 ], [ -74.831908, 10.841635 ], [ -74.831862, 10.841797 ], [ -74.831804, 10.841859 ], [ -74.831729, 10.841901 ], [ -74.8315, 10.841923 ], [ -74.831247, 10.841895 ], [ -74.83104, 10.841839 ], [ -74.830737, 10.841662 ], [ -74.830557, 10.841471 ], [ -74.830289, 10.841015 ], [ -74.830194, 10.840739 ], [ -74.830038, 10.839912 ], [ -74.82987, 10.839661 ], [ -74.829612, 10.839479 ], [ -74.829053, 10.839242 ], [ -74.82819, 10.838713 ], [ -74.827333, 10.838133 ], [ -74.826471, 10.837406 ], [ -74.826306, 10.837315 ], [ -74.826123, 10.837264 ], [ -74.825779, 10.837232 ], [ -74.824045, 10.837206 ], [ -74.823753, 10.837167 ], [ -74.823238, 10.837028 ], [ -74.82288, 10.837012 ], [ -74.822593, 10.837093 ], [ -74.822054, 10.837428 ], [ -74.821452, 10.837723 ], [ -74.820531, 10.838 ], [ -74.820281, 10.838015 ], [ -74.820037, 10.837985 ], [ -74.819064, 10.837611 ], [ -74.818742, 10.837549 ], [ -74.818088, 10.837523 ], [ -74.816187, 10.837533 ], [ -74.815939, 10.83758 ], [ -74.815305, 10.837922 ], [ -74.814654, 10.838076 ], [ -74.814538, 10.838151 ], [ -74.814903, 10.838305 ], [ -74.816186, 10.839012 ], [ -74.817047, 10.839651 ], [ -74.8179, 10.840125 ], [ -74.818258, 10.840412 ], [ -74.818438, 10.840643 ], [ -74.818549, 10.840895 ], [ -74.818595, 10.841144 ], [ -74.818545, 10.841802 ], [ -74.818559, 10.841918 ], [ -74.818641, 10.842098 ], [ -74.818747, 10.842229 ], [ -74.819342, 10.842056 ], [ -74.819784, 10.841976 ], [ -74.820501, 10.841943 ], [ -74.821057, 10.841973 ], [ -74.821365, 10.842037 ], [ -74.821622, 10.842146 ], [ -74.82234, 10.842651 ], [ -74.822619, 10.842733 ], [ -74.822791, 10.842737 ], [ -74.823096, 10.84267 ], [ -74.82397, 10.842318 ], [ -74.824316, 10.842268 ], [ -74.824589, 10.842281 ], [ -74.824902, 10.842363 ], [ -74.825282, 10.842591 ], [ -74.825655, 10.842921 ], [ -74.825863, 10.843215 ], [ -74.825895, 10.843321 ], [ -74.825898, 10.843519 ], [ -74.82581, 10.843662 ], [ -74.825653, 10.843726 ], [ -74.825488, 10.843688 ], [ -74.825423, 10.843633 ], [ -74.825328, 10.843375 ], [ -74.824951, 10.843024 ], [ -74.824768, 10.842901 ], [ -74.824522, 10.84282 ], [ -74.824341, 10.84281 ], [ -74.824122, 10.842839 ], [ -74.823276, 10.843183 ], [ -74.823065, 10.843245 ], [ -74.822802, 10.84328 ], [ -74.822533, 10.84327 ], [ -74.82232, 10.843227 ], [ -74.822107, 10.843143 ], [ -74.821363, 10.842624 ], [ -74.821194, 10.842553 ], [ -74.820991, 10.842512 ], [ -74.820505, 10.842486 ], [ -74.819848, 10.842515 ], [ -74.81948, 10.842581 ], [ -74.818829, 10.842766 ], [ -74.818654, 10.842777 ], [ -74.818512, 10.842745 ], [ -74.818327, 10.842582 ], [ -74.818192, 10.842411 ], [ -74.818033, 10.842074 ], [ -74.817995, 10.841791 ], [ -74.818047, 10.841175 ], [ -74.817971, 10.840928 ], [ -74.817793, 10.84072 ], [ -74.817603, 10.840582 ], [ -74.816736, 10.840098 ], [ -74.815903, 10.839477 ], [ -74.814643, 10.838783 ], [ -74.814341, 10.838663 ], [ -74.814156, 10.83905 ], [ -74.813795, 10.839526 ], [ -74.813364, 10.83994 ], [ -74.812787, 10.840335 ], [ -74.813069, 10.840413 ], [ -74.813249, 10.840505 ], [ -74.813467, 10.840676 ], [ -74.813661, 10.840906 ], [ -74.813779, 10.841134 ], [ -74.813917, 10.841628 ], [ -74.814021, 10.841891 ], [ -74.814536, 10.842566 ], [ -74.81538, 10.84381 ], [ -74.815924, 10.844514 ], [ -74.816417, 10.84565 ], [ -74.816616, 10.845953 ], [ -74.816678, 10.846019 ], [ -74.816895, 10.846106 ], [ -74.817511, 10.846186 ], [ -74.817814, 10.846253 ], [ -74.818238, 10.84646 ], [ -74.818593, 10.846751 ], [ -74.818763, 10.846949 ], [ -74.818784, 10.847115 ], [ -74.818755, 10.847195 ], [ -74.818631, 10.84731 ], [ -74.818549, 10.847333 ], [ -74.818382, 10.847302 ], [ -74.818015, 10.846971 ], [ -74.81774, 10.846803 ], [ -74.817534, 10.846742 ], [ -74.816906, 10.846659 ], [ -74.8166, 10.846588 ], [ -74.816374, 10.846473 ], [ -74.816205, 10.846313 ], [ -74.815924, 10.845889 ], [ -74.815456, 10.844799 ], [ -74.814938, 10.844132 ], [ -74.814087, 10.842877 ], [ -74.813612, 10.842268 ], [ -74.813443, 10.841944 ], [ -74.813308, 10.841453 ], [ -74.813204, 10.841208 ], [ -74.813021, 10.84101 ], [ -74.81287, 10.840919 ], [ -74.812443, 10.840843 ], [ -74.811916, 10.840826 ], [ -74.811624, 10.840885 ], [ -74.811298, 10.84084 ], [ -74.811145, 10.840767 ], [ -74.810746, 10.840413 ], [ -74.810543, 10.840386 ], [ -74.810302, 10.840414 ], [ -74.810104, 10.840531 ], [ -74.809525, 10.841129 ], [ -74.809179, 10.841362 ], [ -74.808446, 10.841647 ], [ -74.807397, 10.841871 ], [ -74.806896, 10.84186 ], [ -74.806595, 10.841738 ], [ -74.80641, 10.841585 ], [ -74.806155, 10.841128 ], [ -74.805939, 10.840919 ], [ -74.805421, 10.840644 ], [ -74.804758, 10.840477 ], [ -74.80429, 10.840054 ], [ -74.804172, 10.840023 ], [ -74.803705, 10.840074 ], [ -74.803338, 10.839977 ], [ -74.803052, 10.839627 ], [ -74.802811, 10.838979 ], [ -74.802709, 10.838812 ], [ -74.802503, 10.838691 ], [ -74.802193, 10.838623 ], [ -74.802104, 10.838639 ], [ -74.801951, 10.838827 ], [ -74.80181, 10.838919 ], [ -74.801641, 10.838911 ], [ -74.801272, 10.838775 ], [ -74.800903, 10.839064 ], [ -74.800708, 10.839061 ], [ -74.800508, 10.838982 ], [ -74.800238, 10.839307 ], [ -74.799699, 10.839478 ], [ -74.799616, 10.839591 ], [ -74.799553, 10.839783 ], [ -74.799704, 10.840285 ], [ -74.799711, 10.84041 ], [ -74.799656, 10.840647 ], [ -74.799546, 10.84076 ], [ -74.799241, 10.840839 ], [ -74.799076, 10.841275 ], [ -74.79886, 10.841528 ], [ -74.798715, 10.841571 ], [ -74.798289, 10.84156 ], [ -74.798145, 10.841447 ], [ -74.798015, 10.841242 ], [ -74.797788, 10.841197 ], [ -74.797655, 10.84113 ], [ -74.797577, 10.841005 ], [ -74.797508, 10.840764 ], [ -74.797318, 10.840773 ], [ -74.797003, 10.841006 ], [ -74.796775, 10.841084 ], [ -74.796596, 10.841067 ], [ -74.796392, 10.840895 ], [ -74.796322, 10.840787 ], [ -74.796262, 10.840569 ], [ -74.796466, 10.839945 ], [ -74.79642, 10.839571 ], [ -74.796217, 10.839125 ], [ -74.795914, 10.838803 ], [ -74.79578, 10.838738 ], [ -74.795723, 10.838806 ], [ -74.795561, 10.839342 ], [ -74.795422, 10.839448 ], [ -74.795334, 10.839463 ], [ -74.795168, 10.839408 ], [ -74.794848, 10.838972 ], [ -74.794488, 10.839005 ], [ -74.794363, 10.838988 ], [ -74.794077, 10.838878 ], [ -74.793823, 10.838684 ], [ -74.79374, 10.83856 ], [ -74.793667, 10.838281 ], [ -74.793695, 10.837938 ], [ -74.793869, 10.837476 ], [ -74.793804, 10.837333 ], [ -74.793642, 10.837181 ], [ -74.793538, 10.837157 ], [ -74.793156, 10.837269 ], [ -74.793018, 10.837372 ], [ -74.792572, 10.837828 ], [ -74.792232, 10.837908 ], [ -74.792084, 10.837855 ], [ -74.792028, 10.8378 ], [ -74.79186, 10.83738 ], [ -74.791815, 10.837311 ], [ -74.791738, 10.837268 ], [ -74.791696, 10.837287 ], [ -74.791498, 10.837558 ], [ -74.791372, 10.83766 ], [ -74.79058, 10.837964 ], [ -74.790406, 10.838194 ], [ -74.790308, 10.838457 ], [ -74.790216, 10.839288 ], [ -74.790092, 10.839698 ], [ -74.789404, 10.840592 ], [ -74.789052, 10.841318 ], [ -74.788886, 10.841463 ], [ -74.788653, 10.841589 ], [ -74.788557, 10.841734 ], [ -74.7885, 10.842079 ], [ -74.788662, 10.842413 ], [ -74.788703, 10.842702 ], [ -74.788609, 10.842859 ], [ -74.788321, 10.843097 ], [ -74.788237, 10.843572 ], [ -74.788051, 10.843928 ], [ -74.78777, 10.844214 ], [ -74.7874, 10.844481 ], [ -74.786646, 10.844837 ], [ -74.786561, 10.844973 ], [ -74.786378, 10.845514 ], [ -74.786165, 10.845812 ], [ -74.785887, 10.845939 ], [ -74.785548, 10.845985 ], [ -74.785367, 10.846126 ], [ -74.785128, 10.846526 ], [ -74.785109, 10.847287 ], [ -74.784919, 10.847759 ], [ -74.784674, 10.848005 ], [ -74.784438, 10.848125 ], [ -74.783774, 10.848075 ], [ -74.783764, 10.848755 ], [ -74.783709, 10.849008 ], [ -74.783657, 10.849119 ], [ -74.783428, 10.849392 ], [ -74.782915, 10.849774 ], [ -74.782776, 10.849918 ], [ -74.782357, 10.850969 ], [ -74.782052, 10.851221 ], [ -74.781578, 10.851411 ], [ -74.78147, 10.851479 ], [ -74.781259, 10.851962 ], [ -74.780921, 10.852302 ], [ -74.780475, 10.852573 ], [ -74.780066, 10.85275 ], [ -74.77992, 10.853241 ], [ -74.77986, 10.853353 ], [ -74.779664, 10.853559 ], [ -74.779422, 10.853657 ], [ -74.779091, 10.853684 ], [ -74.777837, 10.853504 ], [ -74.777283, 10.853618 ], [ -74.776937, 10.853764 ], [ -74.776788, 10.85412 ], [ -74.776557, 10.854369 ], [ -74.775833, 10.85451 ], [ -74.775259, 10.854979 ], [ -74.775154, 10.855032 ], [ -74.77453, 10.855193 ], [ -74.773831, 10.85513 ], [ -74.772675, 10.85472 ], [ -74.772228, 10.854639 ], [ -74.771954, 10.854671 ], [ -74.770924, 10.854994 ], [ -74.769958, 10.855099 ], [ -74.768954, 10.855075 ], [ -74.767231, 10.854912 ], [ -74.766009, 10.85469 ], [ -74.765759, 10.854713 ], [ -74.764992, 10.854931 ], [ -74.763765, 10.85492 ], [ -74.763479, 10.855022 ], [ -74.763006, 10.855457 ], [ -74.762479, 10.8558 ], [ -74.761969, 10.856025 ], [ -74.76145, 10.856174 ], [ -74.761281, 10.856168 ], [ -74.761206, 10.856127 ], [ -74.761147, 10.856065 ], [ -74.7611, 10.855904 ], [ -74.761116, 10.855821 ], [ -74.76122, 10.855688 ], [ -74.761797, 10.855509 ], [ -74.762232, 10.855315 ], [ -74.762683, 10.855018 ], [ -74.763144, 10.854589 ], [ -74.763239, 10.854531 ], [ -74.763721, 10.854377 ], [ -74.764955, 10.854388 ], [ -74.765626, 10.854186 ], [ -74.765995, 10.854146 ], [ -74.767296, 10.854373 ], [ -74.768996, 10.854534 ], [ -74.769952, 10.854556 ], [ -74.770835, 10.854458 ], [ -74.77181, 10.854146 ], [ -74.772205, 10.854095 ], [ -74.772839, 10.854201 ], [ -74.773986, 10.854608 ], [ -74.77444, 10.854655 ], [ -74.774956, 10.854522 ], [ -74.775599, 10.854009 ], [ -74.776288, 10.85388 ], [ -74.776532, 10.853368 ], [ -74.777092, 10.853109 ], [ -74.777869, 10.85296 ], [ -74.779095, 10.85314 ], [ -74.779349, 10.853105 ], [ -74.779405, 10.853042 ], [ -74.779541, 10.852565 ], [ -74.779692, 10.852334 ], [ -74.780204, 10.852101 ], [ -74.780602, 10.851858 ], [ -74.78082, 10.851631 ], [ -74.78097, 10.851237 ], [ -74.78113, 10.85105 ], [ -74.781349, 10.850917 ], [ -74.781804, 10.850735 ], [ -74.781902, 10.850651 ], [ -74.782284, 10.849673 ], [ -74.782341, 10.849584 ], [ -74.782567, 10.849354 ], [ -74.78307, 10.84898 ], [ -74.783186, 10.848834 ], [ -74.783221, 10.848671 ], [ -74.783214, 10.848064 ], [ -74.783339, 10.847702 ], [ -74.783464, 10.847609 ], [ -74.783758, 10.847529 ], [ -74.784318, 10.847581 ], [ -74.78448, 10.847429 ], [ -74.784561, 10.847226 ], [ -74.784591, 10.846374 ], [ -74.784921, 10.845807 ], [ -74.785329, 10.845477 ], [ -74.785807, 10.845389 ], [ -74.78587, 10.845302 ], [ -74.786078, 10.844715 ], [ -74.78629, 10.844421 ], [ -74.786508, 10.84428 ], [ -74.7871, 10.844025 ], [ -74.787426, 10.84379 ], [ -74.787627, 10.843581 ], [ -74.787704, 10.843437 ], [ -74.78783, 10.842816 ], [ -74.788122, 10.842554 ], [ -74.787944, 10.842157 ], [ -74.788025, 10.84159 ], [ -74.788066, 10.841486 ], [ -74.788274, 10.841184 ], [ -74.788633, 10.840964 ], [ -74.788951, 10.840282 ], [ -74.789583, 10.839489 ], [ -74.789673, 10.839203 ], [ -74.789766, 10.838365 ], [ -74.789942, 10.8379 ], [ -74.790245, 10.83752 ], [ -74.791059, 10.837212 ], [ -74.791335, 10.836865 ], [ -74.791567, 10.836749 ], [ -74.791867, 10.836728 ], [ -74.792034, 10.836788 ], [ -74.792256, 10.836983 ], [ -74.792392, 10.83724 ], [ -74.792669, 10.836953 ], [ -74.792952, 10.836763 ], [ -74.793519, 10.836612 ], [ -74.793672, 10.83662 ], [ -74.793908, 10.836704 ], [ -74.794222, 10.836976 ], [ -74.794284, 10.837063 ], [ -74.794439, 10.837458 ], [ -74.794225, 10.838087 ], [ -74.794239, 10.838321 ], [ -74.794319, 10.838389 ], [ -74.794502, 10.838459 ], [ -74.794941, 10.83843 ], [ -74.795158, 10.838494 ], [ -74.795231, 10.838565 ], [ -74.795469, 10.838276 ], [ -74.795706, 10.838186 ], [ -74.795812, 10.838172 ], [ -74.795915, 10.838199 ], [ -74.796202, 10.838337 ], [ -74.79665, 10.838789 ], [ -74.796938, 10.839386 ], [ -74.797019, 10.839942 ], [ -74.797006, 10.840064 ], [ -74.79688, 10.840419 ], [ -74.797128, 10.84025 ], [ -74.797691, 10.840226 ], [ -74.797959, 10.840407 ], [ -74.79806, 10.840697 ], [ -74.798238, 10.840733 ], [ -74.79837, 10.840798 ], [ -74.798529, 10.84103 ], [ -74.798582, 10.84103 ], [ -74.798808, 10.840476 ], [ -74.798974, 10.840358 ], [ -74.799138, 10.840306 ], [ -74.798991, 10.839776 ], [ -74.799146, 10.839306 ], [ -74.799373, 10.839023 ], [ -74.79992, 10.838848 ], [ -74.800199, 10.838489 ], [ -74.800344, 10.838392 ], [ -74.800518, 10.838402 ], [ -74.800757, 10.838496 ], [ -74.801047, 10.838271 ], [ -74.801261, 10.83821 ], [ -74.801648, 10.838334 ], [ -74.801815, 10.838157 ], [ -74.80215, 10.83808 ], [ -74.802665, 10.83817 ], [ -74.803049, 10.838381 ], [ -74.803144, 10.838474 ], [ -74.803317, 10.838767 ], [ -74.803551, 10.839397 ], [ -74.803647, 10.839514 ], [ -74.8037, 10.839529 ], [ -74.804162, 10.839478 ], [ -74.804451, 10.839535 ], [ -74.804938, 10.839508 ], [ -74.805091, 10.839483 ], [ -74.805329, 10.839335 ], [ -74.805516, 10.839261 ], [ -74.805957, 10.839189 ], [ -74.806064, 10.839042 ], [ -74.806077, 10.838868 ], [ -74.806175, 10.838728 ], [ -74.806252, 10.838688 ], [ -74.806569, 10.83864 ], [ -74.806703, 10.838582 ], [ -74.807368, 10.838123 ], [ -74.807639, 10.837969 ], [ -74.809088, 10.8374 ], [ -74.810014, 10.837217 ], [ -74.810117, 10.837147 ], [ -74.81019, 10.837046 ], [ -74.81035, 10.836459 ], [ -74.810623, 10.835837 ], [ -74.811509, 10.834454 ], [ -74.811597, 10.834191 ], [ -74.811718, 10.833491 ], [ -74.811775, 10.833329 ], [ -74.811918, 10.833075 ], [ -74.81227, 10.832656 ], [ -74.812766, 10.832191 ], [ -74.813227, 10.831889 ], [ -74.813796, 10.831705 ], [ -74.813902, 10.831646 ], [ -74.814135, 10.831388 ], [ -74.81431, 10.831138 ], [ -74.814409, 10.830878 ], [ -74.814547, 10.830357 ], [ -74.814631, 10.83017 ], [ -74.814968, 10.82962 ], [ -74.815188, 10.829134 ], [ -74.815245, 10.82883 ], [ -74.81531, 10.82792 ], [ -74.81543, 10.827468 ], [ -74.815584, 10.827203 ], [ -74.815866, 10.826869 ], [ -74.81632, 10.826432 ], [ -74.816473, 10.82636 ], [ -74.816559, 10.826362 ], [ -74.816708, 10.826442 ], [ -74.816781, 10.826594 ], [ -74.816778, 10.826679 ], [ -74.816697, 10.826826 ], [ -74.8161, 10.827427 ], [ -74.815928, 10.827696 ], [ -74.815853, 10.828 ], [ -74.815791, 10.828892 ], [ -74.815715, 10.829286 ], [ -74.815461, 10.829859 ], [ -74.815057, 10.830559 ], [ -74.814887, 10.831186 ], [ -74.814788, 10.831404 ], [ -74.814567, 10.831723 ], [ -74.814259, 10.832059 ], [ -74.813999, 10.83221 ], [ -74.813463, 10.832379 ], [ -74.813294, 10.832475 ], [ -74.812752, 10.832944 ], [ -74.812368, 10.833385 ], [ -74.812248, 10.833631 ], [ -74.812137, 10.834291 ], [ -74.812055, 10.834577 ], [ -74.811928, 10.834826 ], [ -74.811106, 10.836095 ], [ -74.810871, 10.83663 ], [ -74.810696, 10.83726 ], [ -74.810537, 10.8375 ], [ -74.810217, 10.837723 ], [ -74.809975, 10.837796 ], [ -74.809257, 10.837917 ], [ -74.80786, 10.838466 ], [ -74.806967, 10.839058 ], [ -74.806591, 10.839194 ], [ -74.806424, 10.8395 ], [ -74.806211, 10.839672 ], [ -74.805997, 10.839748 ], [ -74.805665, 10.839784 ], [ -74.805306, 10.839985 ], [ -74.805156, 10.840023 ], [ -74.805649, 10.84015 ], [ -74.806233, 10.84046 ], [ -74.806572, 10.840772 ], [ -74.806806, 10.841206 ], [ -74.806909, 10.84129 ], [ -74.807032, 10.841332 ], [ -74.807311, 10.841334 ], [ -74.808308, 10.841122 ], [ -74.808945, 10.84087 ], [ -74.809185, 10.840702 ], [ -74.809732, 10.84013 ], [ -74.810072, 10.839919 ], [ -74.810179, 10.839883 ], [ -74.810513, 10.839843 ], [ -74.810874, 10.839882 ], [ -74.811123, 10.840002 ], [ -74.811461, 10.840315 ], [ -74.811641, 10.84034 ], [ -74.811798, 10.840295 ], [ -74.812085, 10.840155 ], [ -74.813032, 10.839507 ], [ -74.813395, 10.839154 ], [ -74.813685, 10.838772 ], [ -74.813795, 10.838572 ], [ -74.813946, 10.838085 ], [ -74.814118, 10.837783 ], [ -74.81448, 10.837559 ], [ -74.815133, 10.837404 ], [ -74.815331, 10.837281 ], [ -74.815417, 10.837156 ], [ -74.815697, 10.836467 ], [ -74.816166, 10.835895 ], [ -74.816273, 10.835598 ], [ -74.81632, 10.835177 ], [ -74.816119, 10.834469 ], [ -74.816098, 10.834106 ], [ -74.816325, 10.833611 ], [ -74.816679, 10.833352 ], [ -74.817576, 10.833344 ], [ -74.818485, 10.833103 ], [ -74.81928, 10.833302 ], [ -74.819405, 10.833311 ], [ -74.819803, 10.83302 ], [ -74.819914, 10.832968 ], [ -74.820366, 10.83287 ], [ -74.820928, 10.832901 ], [ -74.82209, 10.83312 ], [ -74.822525, 10.833138 ], [ -74.822783, 10.83309 ], [ -74.823342, 10.83287 ], [ -74.823756, 10.832847 ], [ -74.823978, 10.832941 ], [ -74.824199, 10.833149 ], [ -74.824844, 10.83417 ], [ -74.824988, 10.834283 ], [ -74.825201, 10.834383 ], [ -74.825526, 10.834456 ], [ -74.825932, 10.834471 ], [ -74.828168, 10.834199 ], [ -74.828559, 10.834191 ], [ -74.829009, 10.834245 ], [ -74.830055, 10.83451 ], [ -74.83085, 10.834814 ], [ -74.831237, 10.835048 ], [ -74.831957, 10.835706 ], [ -74.832126, 10.835776 ], [ -74.83229, 10.835716 ], [ -74.833064, 10.83518 ], [ -74.83426, 10.834722 ], [ -74.835649, 10.834382 ], [ -74.836875, 10.834279 ], [ -74.837315, 10.834158 ], [ -74.837656, 10.833977 ], [ -74.838044, 10.833697 ], [ -74.838588, 10.833221 ], [ -74.839078, 10.832697 ], [ -74.839519, 10.832377 ], [ -74.840394, 10.831996 ], [ -74.840777, 10.831914 ], [ -74.841198, 10.831885 ], [ -74.841772, 10.831935 ], [ -74.842296, 10.83208 ], [ -74.84265, 10.832283 ], [ -74.843327, 10.832823 ], [ -74.843711, 10.83299 ], [ -74.844067, 10.833089 ], [ -74.844368, 10.833117 ], [ -74.844738, 10.83309 ], [ -74.845147, 10.833013 ], [ -74.845729, 10.832803 ], [ -74.845853, 10.832788 ], [ -74.846197, 10.832826 ], [ -74.846305, 10.832861 ], [ -74.846598, 10.833039 ], [ -74.84719, 10.833608 ], [ -74.847423, 10.833767 ], [ -74.848586, 10.834032 ], [ -74.848826, 10.834163 ], [ -74.849144, 10.83442 ], [ -74.849226, 10.834457 ], [ -74.849379, 10.834466 ], [ -74.849897, 10.834405 ], [ -74.850184, 10.834435 ], [ -74.850462, 10.834584 ], [ -74.850802, 10.834953 ], [ -74.850879, 10.83499 ], [ -74.851055, 10.834992 ], [ -74.851547, 10.834909 ], [ -74.852299, 10.834654 ], [ -74.852598, 10.834476 ], [ -74.853289, 10.833918 ], [ -74.853741, 10.833684 ], [ -74.854329, 10.833565 ], [ -74.854863, 10.833564 ], [ -74.855099, 10.83362 ], [ -74.855379, 10.833772 ], [ -74.856284, 10.834828 ], [ -74.856671, 10.835096 ], [ -74.856919, 10.835205 ], [ -74.857302, 10.835214 ], [ -74.858515, 10.834962 ], [ -74.859435, 10.834951 ], [ -74.86019, 10.83502 ], [ -74.861052, 10.835181 ], [ -74.861627, 10.83542 ], [ -74.862846, 10.836117 ], [ -74.863291, 10.836289 ], [ -74.86371, 10.836341 ], [ -74.864994, 10.836347 ], [ -74.866202, 10.836585 ], [ -74.867492, 10.836561 ], [ -74.867871, 10.836694 ], [ -74.868547, 10.837126 ], [ -74.868938, 10.837211 ], [ -74.869355, 10.837216 ], [ -74.869643, 10.837163 ], [ -74.870273, 10.836904 ], [ -74.871176, 10.836842 ], [ -74.871417, 10.836718 ], [ -74.871873, 10.836396 ], [ -74.872246, 10.83602 ], [ -74.872563, 10.835405 ], [ -74.872863, 10.835 ], [ -74.87404, 10.833871 ], [ -74.874911, 10.832731 ], [ -74.875405, 10.832262 ], [ -74.875866, 10.831971 ], [ -74.876229, 10.831859 ], [ -74.876596, 10.831814 ], [ -74.877603, 10.831905 ], [ -74.878152, 10.832087 ], [ -74.879047, 10.832664 ], [ -74.87924, 10.832668 ], [ -74.880123, 10.831755 ], [ -74.880518, 10.831546 ], [ -74.881542, 10.831138 ], [ -74.882309, 10.830609 ], [ -74.883001, 10.829924 ], [ -74.884272, 10.828404 ], [ -74.884835, 10.827793 ], [ -74.885842, 10.826932 ], [ -74.886301, 10.826663 ], [ -74.886908, 10.82651 ], [ -74.887417, 10.826487 ], [ -74.88808, 10.826609 ], [ -74.888662, 10.826868 ], [ -74.889035, 10.826917 ], [ -74.889752, 10.826841 ], [ -74.890442, 10.826552 ], [ -74.890765, 10.826474 ], [ -74.891149, 10.826503 ], [ -74.89173, 10.826676 ], [ -74.892404, 10.8267 ], [ -74.892646, 10.826629 ], [ -74.893396, 10.826208 ], [ -74.894473, 10.825932 ], [ -74.895284, 10.825503 ], [ -74.895778, 10.825374 ], [ -74.896247, 10.825326 ], [ -74.896947, 10.825379 ], [ -74.897451, 10.825603 ], [ -74.897868, 10.825948 ], [ -74.898269, 10.826564 ], [ -74.89826, 10.826731 ], [ -74.898216, 10.826804 ], [ -74.898074, 10.826895 ], [ -74.897905, 10.826886 ], [ -74.89783, 10.826843 ], [ -74.897484, 10.826338 ], [ -74.89713, 10.826045 ], [ -74.896777, 10.825897 ], [ -74.896282, 10.825868 ], [ -74.895857, 10.825912 ], [ -74.895459, 10.826018 ], [ -74.894706, 10.826424 ], [ -74.893571, 10.826723 ], [ -74.892894, 10.827114 ], [ -74.892515, 10.827233 ], [ -74.891675, 10.827217 ], [ -74.891017, 10.82703 ], [ -74.890844, 10.827013 ], [ -74.890634, 10.827061 ], [ -74.889851, 10.827376 ], [ -74.888996, 10.827459 ], [ -74.888548, 10.827401 ], [ -74.887936, 10.827133 ], [ -74.8875, 10.827043 ], [ -74.887008, 10.827044 ], [ -74.886541, 10.827152 ], [ -74.886182, 10.827359 ], [ -74.885229, 10.828171 ], [ -74.88469, 10.828755 ], [ -74.883416, 10.83028 ], [ -74.88268, 10.831009 ], [ -74.881776, 10.831629 ], [ -74.880738, 10.832043 ], [ -74.880424, 10.832211 ], [ -74.879542, 10.833131 ], [ -74.879324, 10.833213 ], [ -74.879209, 10.833226 ], [ -74.878862, 10.833184 ], [ -74.877884, 10.832562 ], [ -74.877466, 10.832431 ], [ -74.876633, 10.832356 ], [ -74.876322, 10.832394 ], [ -74.876072, 10.832475 ], [ -74.875764, 10.832673 ], [ -74.875335, 10.833075 ], [ -74.874437, 10.834247 ], [ -74.87329, 10.835342 ], [ -74.873042, 10.835672 ], [ -74.872667, 10.83637 ], [ -74.872212, 10.836823 ], [ -74.871687, 10.837191 ], [ -74.871271, 10.837379 ], [ -74.87036, 10.837442 ], [ -74.869836, 10.837672 ], [ -74.869376, 10.837759 ], [ -74.868847, 10.837747 ], [ -74.86838, 10.837645 ], [ -74.867764, 10.837272 ], [ -74.867853, 10.83758 ], [ -74.868004, 10.837874 ], [ -74.868153, 10.838459 ], [ -74.868463, 10.839039 ], [ -74.868823, 10.839434 ], [ -74.869, 10.839737 ], [ -74.869094, 10.84002 ], [ -74.869216, 10.840639 ], [ -74.869322, 10.840908 ], [ -74.870046, 10.841781 ], [ -74.870216, 10.842057 ], [ -74.870456, 10.842571 ], [ -74.871099, 10.843327 ], [ -74.871334, 10.84371 ], [ -74.871411, 10.843973 ], [ -74.871449, 10.844269 ], [ -74.871473, 10.845864 ], [ -74.871531, 10.846339 ], [ -74.871603, 10.846536 ], [ -74.871825, 10.846905 ], [ -74.871974, 10.847051 ], [ -74.872207, 10.847142 ], [ -74.872291, 10.847281 ], [ -74.872284, 10.847535 ], [ -74.872136, 10.84815 ], [ -74.872176, 10.848359 ], [ -74.872348, 10.848608 ], [ -74.873071, 10.84939 ], [ -74.873311, 10.849778 ], [ -74.873387, 10.850042 ], [ -74.873423, 10.850329 ], [ -74.873448, 10.851544 ], [ -74.873499, 10.852039 ], [ -74.873564, 10.852243 ], [ -74.873671, 10.852417 ], [ -74.874096, 10.852871 ], [ -74.874128, 10.853035 ], [ -74.874105, 10.853117 ], [ -74.873989, 10.85324 ], [ -74.873909, 10.853269 ], [ -74.87374, 10.853249 ], [ -74.873505, 10.85305 ], [ -74.873221, 10.852729 ] ] ], [ [ [ -74.851463, 10.846519 ], [ -74.851099, 10.846621 ], [ -74.850279, 10.847004 ], [ -74.849524, 10.847122 ], [ -74.849016, 10.847058 ], [ -74.848509, 10.846879 ], [ -74.848231, 10.846685 ], [ -74.847687, 10.846192 ], [ -74.847366, 10.846024 ], [ -74.846809, 10.845868 ], [ -74.845917, 10.845732 ], [ -74.845125, 10.845682 ], [ -74.844498, 10.845739 ], [ -74.84417, 10.845837 ], [ -74.843406, 10.846195 ], [ -74.842957, 10.846305 ], [ -74.842562, 10.846289 ], [ -74.841738, 10.846154 ], [ -74.841545, 10.846167 ], [ -74.841511, 10.84698 ], [ -74.841369, 10.847452 ], [ -74.841165, 10.847903 ], [ -74.840797, 10.848384 ], [ -74.840031, 10.849074 ], [ -74.839767, 10.849368 ], [ -74.839569, 10.849701 ], [ -74.839146, 10.850633 ], [ -74.838813, 10.851108 ], [ -74.838133, 10.851751 ], [ -74.837462, 10.852177 ], [ -74.836878, 10.852411 ], [ -74.837516, 10.852409 ], [ -74.839229, 10.852488 ], [ -74.840186, 10.852419 ], [ -74.84138, 10.852114 ], [ -74.841936, 10.852105 ], [ -74.842369, 10.85222 ], [ -74.842693, 10.852439 ], [ -74.842965, 10.85273 ], [ -74.843339, 10.853291 ], [ -74.843541, 10.853705 ], [ -74.843645, 10.854498 ], [ -74.8435, 10.855941 ], [ -74.843517, 10.856502 ], [ -74.84369, 10.857089 ], [ -74.843819, 10.857261 ], [ -74.844004, 10.857422 ], [ -74.844353, 10.857545 ], [ -74.844878, 10.857535 ], [ -74.845705, 10.857338 ], [ -74.846687, 10.856862 ], [ -74.84718, 10.856809 ], [ -74.847697, 10.856862 ], [ -74.848139, 10.857081 ], [ -74.84884, 10.857723 ], [ -74.849095, 10.857848 ], [ -74.849544, 10.857907 ], [ -74.850953, 10.857868 ], [ -74.851543, 10.857977 ], [ -74.851982, 10.85814 ], [ -74.852319, 10.858374 ], [ -74.852654, 10.858706 ], [ -74.853148, 10.859286 ], [ -74.853655, 10.859988 ], [ -74.853969, 10.86018 ], [ -74.854217, 10.86023 ], [ -74.854493, 10.860184 ], [ -74.854875, 10.860038 ], [ -74.85515, 10.859874 ], [ -74.855413, 10.859654 ], [ -74.855606, 10.859414 ], [ -74.856119, 10.8585 ], [ -74.856903, 10.857527 ], [ -74.85767, 10.856815 ], [ -74.85858, 10.856188 ], [ -74.859377, 10.855363 ], [ -74.860231, 10.854874 ], [ -74.860315, 10.854758 ], [ -74.860694, 10.854013 ], [ -74.861269, 10.853204 ], [ -74.861993, 10.852406 ], [ -74.862846, 10.851677 ], [ -74.863015, 10.851661 ], [ -74.863161, 10.851746 ], [ -74.863207, 10.851818 ], [ -74.863223, 10.851984 ], [ -74.863137, 10.852129 ], [ -74.862368, 10.852802 ], [ -74.861709, 10.853529 ], [ -74.861155, 10.854308 ], [ -74.860797, 10.85502 ], [ -74.860642, 10.855239 ], [ -74.860554, 10.855317 ], [ -74.859746, 10.855766 ], [ -74.858958, 10.856583 ], [ -74.858, 10.857249 ], [ -74.857294, 10.857908 ], [ -74.856564, 10.858819 ], [ -74.856076, 10.859696 ], [ -74.855825, 10.860013 ], [ -74.855489, 10.860302 ], [ -74.855138, 10.860515 ], [ -74.854666, 10.8607 ], [ -74.854258, 10.860773 ], [ -74.853812, 10.860703 ], [ -74.853319, 10.860421 ], [ -74.853239, 10.860348 ], [ -74.852708, 10.85961 ], [ -74.852242, 10.859066 ], [ -74.851949, 10.858776 ], [ -74.8517, 10.858607 ], [ -74.851419, 10.858506 ], [ -74.850882, 10.858406 ], [ -74.84954, 10.85845 ], [ -74.848977, 10.858379 ], [ -74.848493, 10.858146 ], [ -74.847843, 10.857539 ], [ -74.847579, 10.857395 ], [ -74.847208, 10.857352 ], [ -74.846796, 10.857396 ], [ -74.845865, 10.857858 ], [ -74.844978, 10.858069 ], [ -74.844769, 10.85808 ], [ -74.844828, 10.858185 ], [ -74.845304, 10.858247 ], [ -74.845569, 10.858361 ], [ -74.845707, 10.858456 ], [ -74.846816, 10.859647 ], [ -74.847842, 10.860646 ], [ -74.848202, 10.86093 ], [ -74.849009, 10.861407 ], [ -74.849297, 10.861467 ], [ -74.850173, 10.861567 ], [ -74.850454, 10.861675 ], [ -74.850716, 10.861847 ], [ -74.851023, 10.862117 ], [ -74.851386, 10.86251 ], [ -74.851826, 10.86314 ], [ -74.8525, 10.863905 ], [ -74.852871, 10.864428 ], [ -74.853017, 10.864589 ], [ -74.853302, 10.864812 ], [ -74.854063, 10.865241 ], [ -74.854339, 10.865427 ], [ -74.854809, 10.865848 ], [ -74.854881, 10.865999 ], [ -74.85485, 10.866164 ], [ -74.854727, 10.866279 ], [ -74.854558, 10.8663 ], [ -74.854478, 10.866272 ], [ -74.853912, 10.86579 ], [ -74.852861, 10.865172 ], [ -74.852446, 10.864771 ], [ -74.852075, 10.864249 ], [ -74.851392, 10.863473 ], [ -74.850961, 10.862854 ], [ -74.850461, 10.862343 ], [ -74.850204, 10.862159 ], [ -74.850041, 10.862094 ], [ -74.849106, 10.861988 ], [ -74.848805, 10.86191 ], [ -74.84855, 10.861786 ], [ -74.847898, 10.861382 ], [ -74.847571, 10.861134 ], [ -74.84699, 10.860587 ], [ -74.846046, 10.859645 ], [ -74.845366, 10.858882 ], [ -74.845218, 10.858792 ], [ -74.844928, 10.858732 ], [ -74.844827, 10.859069 ], [ -74.844453, 10.859653 ], [ -74.844413, 10.859773 ], [ -74.844382, 10.860081 ], [ -74.844415, 10.860743 ], [ -74.844623, 10.861314 ], [ -74.844708, 10.861793 ], [ -74.844773, 10.861985 ], [ -74.845083, 10.862347 ], [ -74.845198, 10.862378 ], [ -74.845454, 10.862525 ], [ -74.845697, 10.862718 ], [ -74.845915, 10.862944 ], [ -74.846078, 10.863177 ], [ -74.846174, 10.863429 ], [ -74.846199, 10.863644 ], [ -74.846173, 10.864021 ], [ -74.846187, 10.864117 ], [ -74.846264, 10.864279 ], [ -74.846643, 10.864714 ], [ -74.84786, 10.865924 ], [ -74.848117, 10.866228 ], [ -74.848549, 10.866836 ], [ -74.849162, 10.867458 ], [ -74.849518, 10.867739 ], [ -74.850196, 10.86805 ], [ -74.850827, 10.868498 ], [ -74.85102, 10.868589 ], [ -74.851324, 10.868612 ], [ -74.851775, 10.868529 ], [ -74.85209, 10.868527 ], [ -74.852308, 10.868569 ], [ -74.852535, 10.868658 ], [ -74.852912, 10.868936 ], [ -74.853291, 10.868946 ], [ -74.85349, 10.868918 ], [ -74.854064, 10.868636 ], [ -74.854614, 10.86821 ], [ -74.854898, 10.868121 ], [ -74.855327, 10.8681 ], [ -74.855823, 10.868122 ], [ -74.855958, 10.868224 ], [ -74.856007, 10.868384 ], [ -74.855952, 10.868542 ], [ -74.855813, 10.868638 ], [ -74.855126, 10.868644 ], [ -74.854873, 10.868689 ], [ -74.854313, 10.869121 ], [ -74.853784, 10.869384 ], [ -74.853468, 10.869475 ], [ -74.853108, 10.869491 ], [ -74.852677, 10.869447 ], [ -74.8523, 10.869149 ], [ -74.852014, 10.869065 ], [ -74.851844, 10.869067 ], [ -74.851396, 10.86915 ], [ -74.85115, 10.869158 ], [ -74.850896, 10.869119 ], [ -74.850683, 10.869041 ], [ -74.849928, 10.868523 ], [ -74.84922, 10.868195 ], [ -74.848897, 10.867951 ], [ -74.848498, 10.867578 ], [ -74.848042, 10.867083 ], [ -74.847533, 10.866377 ], [ -74.846246, 10.865089 ], [ -74.84581, 10.864585 ], [ -74.845648, 10.864224 ], [ -74.845623, 10.864014 ], [ -74.845635, 10.863536 ], [ -74.845487, 10.863283 ], [ -74.845111, 10.862952 ], [ -74.844943, 10.863242 ], [ -74.844918, 10.863372 ], [ -74.844942, 10.863458 ], [ -74.845311, 10.864049 ], [ -74.845421, 10.864327 ], [ -74.845552, 10.865323 ], [ -74.845603, 10.865499 ], [ -74.845696, 10.865663 ], [ -74.846084, 10.866102 ], [ -74.846631, 10.866568 ], [ -74.846801, 10.866663 ], [ -74.847341, 10.866828 ], [ -74.847603, 10.866976 ], [ -74.847992, 10.867404 ], [ -74.848221, 10.867795 ], [ -74.848296, 10.86807 ], [ -74.848335, 10.868464 ], [ -74.848299, 10.869265 ], [ -74.84823, 10.869561 ], [ -74.847856, 10.870477 ], [ -74.847814, 10.870758 ], [ -74.847856, 10.871168 ], [ -74.84804, 10.871803 ], [ -74.848045, 10.872052 ], [ -74.848018, 10.872122 ], [ -74.847783, 10.872402 ], [ -74.847773, 10.872929 ], [ -74.847702, 10.873229 ], [ -74.847144, 10.873906 ], [ -74.846865, 10.874076 ], [ -74.846161, 10.874203 ], [ -74.845887, 10.874306 ], [ -74.84497, 10.875099 ], [ -74.844727, 10.875232 ], [ -74.844151, 10.875429 ], [ -74.843733, 10.875642 ], [ -74.843517, 10.875791 ], [ -74.843313, 10.875979 ], [ -74.8433, 10.877392 ], [ -74.843328, 10.877902 ], [ -74.843368, 10.878113 ], [ -74.843439, 10.878287 ], [ -74.844187, 10.879424 ], [ -74.844361, 10.879807 ], [ -74.844438, 10.880373 ], [ -74.844474, 10.881909 ], [ -74.844514, 10.882114 ], [ -74.844776, 10.882849 ], [ -74.8449, 10.883061 ], [ -74.845372, 10.883691 ], [ -74.845463, 10.883871 ], [ -74.845898, 10.885014 ], [ -74.845985, 10.885127 ], [ -74.846104, 10.88521 ], [ -74.846694, 10.885401 ], [ -74.846889, 10.885504 ], [ -74.847054, 10.885634 ], [ -74.847923, 10.886647 ], [ -74.847947, 10.886813 ], [ -74.847919, 10.886894 ], [ -74.847798, 10.887011 ], [ -74.84763, 10.887035 ], [ -74.847549, 10.887007 ], [ -74.847161, 10.886615 ], [ -74.846667, 10.886019 ], [ -74.846484, 10.885903 ], [ -74.845813, 10.885671 ], [ -74.845573, 10.885488 ], [ -74.845412, 10.885267 ], [ -74.844956, 10.884079 ], [ -74.844834, 10.883867 ], [ -74.844363, 10.88324 ], [ -74.844213, 10.882918 ], [ -74.843988, 10.88227 ], [ -74.843905, 10.881702 ], [ -74.843883, 10.88028 ], [ -74.843806, 10.879874 ], [ -74.842959, 10.878551 ], [ -74.842882, 10.878389 ], [ -74.842804, 10.878104 ], [ -74.842751, 10.877404 ], [ -74.842763, 10.87587 ], [ -74.842783, 10.875766 ], [ -74.842842, 10.875678 ], [ -74.843159, 10.87538 ], [ -74.843453, 10.875175 ], [ -74.843924, 10.874935 ], [ -74.844519, 10.874729 ], [ -74.844651, 10.874657 ], [ -74.845393, 10.873996 ], [ -74.845616, 10.873834 ], [ -74.845847, 10.873724 ], [ -74.84655, 10.873599 ], [ -74.846764, 10.873513 ], [ -74.847212, 10.872977 ], [ -74.847245, 10.872281 ], [ -74.847373, 10.872017 ], [ -74.847496, 10.871884 ], [ -74.847291, 10.871149 ], [ -74.847264, 10.870868 ], [ -74.847276, 10.87059 ], [ -74.847373, 10.870195 ], [ -74.84771, 10.869386 ], [ -74.84777, 10.869078 ], [ -74.84779, 10.868727 ], [ -74.847781, 10.868374 ], [ -74.847733, 10.868064 ], [ -74.847616, 10.867818 ], [ -74.847419, 10.867566 ], [ -74.847252, 10.867394 ], [ -74.847144, 10.867335 ], [ -74.846569, 10.867155 ], [ -74.846105, 10.866855 ], [ -74.845419, 10.866194 ], [ -74.845236, 10.86596 ], [ -74.845089, 10.865691 ], [ -74.845012, 10.86542 ], [ -74.844931, 10.864681 ], [ -74.844866, 10.864391 ], [ -74.844495, 10.863785 ], [ -74.844377, 10.863473 ], [ -74.844393, 10.863148 ], [ -74.844638, 10.862678 ], [ -74.844404, 10.862418 ], [ -74.844222, 10.862093 ], [ -74.844093, 10.861456 ], [ -74.843927, 10.861032 ], [ -74.843847, 10.860641 ], [ -74.843833, 10.860055 ], [ -74.843885, 10.859625 ], [ -74.843962, 10.859408 ], [ -74.844335, 10.858826 ], [ -74.844396, 10.858535 ], [ -74.844118, 10.858038 ], [ -74.843682, 10.857864 ], [ -74.843435, 10.85765 ], [ -74.843219, 10.857373 ], [ -74.842979, 10.856616 ], [ -74.84292, 10.856989 ], [ -74.84279, 10.8573 ], [ -74.842548, 10.85763 ], [ -74.841888, 10.858393 ], [ -74.841384, 10.85917 ], [ -74.841063, 10.859931 ], [ -74.841382, 10.860514 ], [ -74.841799, 10.861053 ], [ -74.841962, 10.861309 ], [ -74.842099, 10.861709 ], [ -74.842184, 10.862461 ], [ -74.842252, 10.862739 ], [ -74.842409, 10.862994 ], [ -74.842906, 10.863642 ], [ -74.843224, 10.864222 ], [ -74.84343, 10.864691 ], [ -74.843516, 10.864982 ], [ -74.843568, 10.865421 ], [ -74.843567, 10.866344 ], [ -74.843512, 10.866502 ], [ -74.843372, 10.866598 ], [ -74.843203, 10.866595 ], [ -74.843127, 10.866555 ], [ -74.84303, 10.866417 ], [ -74.84301, 10.865318 ], [ -74.842915, 10.86488 ], [ -74.842731, 10.864459 ], [ -74.842439, 10.863928 ], [ -74.841804, 10.86307 ], [ -74.841664, 10.86268 ], [ -74.841578, 10.861925 ], [ -74.841511, 10.861637 ], [ -74.84135, 10.861366 ], [ -74.840924, 10.860812 ], [ -74.840671, 10.860366 ], [ -74.839965, 10.861009 ], [ -74.839555, 10.861481 ], [ -74.839431, 10.861735 ], [ -74.839311, 10.86242 ], [ -74.839168, 10.862801 ], [ -74.838994, 10.863055 ], [ -74.838336, 10.863811 ], [ -74.838116, 10.86421 ], [ -74.838009, 10.864494 ], [ -74.837956, 10.865188 ], [ -74.838007, 10.865912 ], [ -74.838109, 10.8662 ], [ -74.838592, 10.866857 ], [ -74.838754, 10.867133 ], [ -74.838819, 10.86744 ], [ -74.838775, 10.867602 ], [ -74.838718, 10.867666 ], [ -74.83856, 10.867726 ], [ -74.838474, 10.867717 ], [ -74.838332, 10.867626 ], [ -74.838201, 10.867256 ], [ -74.837621, 10.866448 ], [ -74.837467, 10.866009 ], [ -74.837418, 10.865592 ], [ -74.837411, 10.864926 ], [ -74.837446, 10.86452 ], [ -74.837509, 10.864245 ], [ -74.837735, 10.863749 ], [ -74.837883, 10.863505 ], [ -74.838491, 10.862806 ], [ -74.838683, 10.862547 ], [ -74.838777, 10.862294 ], [ -74.838901, 10.861595 ], [ -74.839012, 10.86132 ], [ -74.839189, 10.861056 ], [ -74.839568, 10.860635 ], [ -74.84055, 10.859738 ], [ -74.840828, 10.859052 ], [ -74.840987, 10.85877 ], [ -74.841508, 10.857983 ], [ -74.8422, 10.857194 ], [ -74.842357, 10.856944 ], [ -74.842409, 10.856758 ], [ -74.842442, 10.85641 ], [ -74.842455, 10.85502 ], [ -74.843067, 10.854241 ], [ -74.843026, 10.853898 ], [ -74.842869, 10.853572 ], [ -74.842546, 10.853081 ], [ -74.842313, 10.852832 ], [ -74.84211, 10.852701 ], [ -74.841848, 10.852642 ], [ -74.841428, 10.852655 ], [ -74.840302, 10.85295 ], [ -74.839253, 10.853031 ], [ -74.837497, 10.852952 ], [ -74.83652, 10.852954 ], [ -74.836077, 10.852862 ], [ -74.835627, 10.852677 ], [ -74.835472, 10.852654 ], [ -74.835277, 10.852575 ], [ -74.835019, 10.852415 ], [ -74.834199, 10.852418 ], [ -74.834044, 10.852508 ], [ -74.833814, 10.852751 ], [ -74.833344, 10.853441 ], [ -74.833057, 10.853774 ], [ -74.832724, 10.854063 ], [ -74.832459, 10.854214 ], [ -74.832154, 10.854302 ], [ -74.831862, 10.854336 ], [ -74.830281, 10.854366 ], [ -74.829988, 10.85443 ], [ -74.829821, 10.854522 ], [ -74.829359, 10.854923 ], [ -74.827945, 10.856361 ], [ -74.827695, 10.856579 ], [ -74.827483, 10.85671 ], [ -74.826909, 10.85689 ], [ -74.826273, 10.857438 ], [ -74.826033, 10.857599 ], [ -74.82543, 10.857904 ], [ -74.824707, 10.858212 ], [ -74.823526, 10.859359 ], [ -74.823213, 10.85957 ], [ -74.823689, 10.860048 ], [ -74.823961, 10.860374 ], [ -74.824142, 10.860675 ], [ -74.824379, 10.861202 ], [ -74.824584, 10.861461 ], [ -74.824837, 10.861716 ], [ -74.825187, 10.861991 ], [ -74.825714, 10.862218 ], [ -74.825996, 10.862382 ], [ -74.826796, 10.863057 ], [ -74.827315, 10.86341 ], [ -74.827896, 10.863858 ], [ -74.828063, 10.863947 ], [ -74.828244, 10.863995 ], [ -74.829495, 10.864056 ], [ -74.829943, 10.864154 ], [ -74.830198, 10.864281 ], [ -74.830844, 10.864687 ], [ -74.831633, 10.865279 ], [ -74.83234, 10.865602 ], [ -74.832767, 10.865935 ], [ -74.833322, 10.866529 ], [ -74.833884, 10.867401 ], [ -74.833982, 10.867625 ], [ -74.83419, 10.868435 ], [ -74.834459, 10.869151 ], [ -74.834732, 10.869521 ], [ -74.8353, 10.870097 ], [ -74.835331, 10.870262 ], [ -74.835306, 10.870343 ], [ -74.835189, 10.870464 ], [ -74.835023, 10.870495 ], [ -74.83487, 10.870422 ], [ -74.834325, 10.869885 ], [ -74.834051, 10.869537 ], [ -74.833894, 10.869226 ], [ -74.83367, 10.868609 ], [ -74.833459, 10.867789 ], [ -74.833401, 10.867659 ], [ -74.832885, 10.866857 ], [ -74.832658, 10.866592 ], [ -74.832308, 10.866257 ], [ -74.832045, 10.86606 ], [ -74.831342, 10.865739 ], [ -74.830541, 10.86514 ], [ -74.829736, 10.864656 ], [ -74.829329, 10.864587 ], [ -74.828159, 10.864531 ], [ -74.827877, 10.864458 ], [ -74.827589, 10.864308 ], [ -74.826986, 10.863845 ], [ -74.826553, 10.863558 ], [ -74.825684, 10.862828 ], [ -74.82547, 10.862704 ], [ -74.824918, 10.862465 ], [ -74.824466, 10.862116 ], [ -74.824171, 10.861818 ], [ -74.823919, 10.861498 ], [ -74.823651, 10.860917 ], [ -74.823448, 10.860603 ], [ -74.822873, 10.859996 ], [ -74.822726, 10.859907 ], [ -74.822423, 10.860124 ], [ -74.821857, 10.860193 ], [ -74.821633, 10.860384 ], [ -74.820912, 10.860716 ], [ -74.820606, 10.860934 ], [ -74.819758, 10.861647 ], [ -74.818854, 10.862148 ], [ -74.818339, 10.862472 ], [ -74.817776, 10.862714 ], [ -74.81758, 10.862836 ], [ -74.81736, 10.863053 ], [ -74.81656, 10.864209 ], [ -74.816471, 10.864498 ], [ -74.816434, 10.864946 ], [ -74.816377, 10.865033 ], [ -74.814498, 10.86694 ], [ -74.814833, 10.867157 ], [ -74.815051, 10.867389 ], [ -74.815438, 10.868104 ], [ -74.815646, 10.868337 ], [ -74.816816, 10.869186 ], [ -74.817076, 10.869278 ], [ -74.817651, 10.86937 ], [ -74.817911, 10.869439 ], [ -74.818488, 10.869733 ], [ -74.818753, 10.869812 ], [ -74.819139, 10.869808 ], [ -74.819758, 10.869646 ], [ -74.820043, 10.869601 ], [ -74.820376, 10.869575 ], [ -74.820613, 10.869589 ], [ -74.82075, 10.869689 ], [ -74.820801, 10.869849 ], [ -74.820748, 10.870008 ], [ -74.820687, 10.870067 ], [ -74.820525, 10.870118 ], [ -74.819875, 10.870176 ], [ -74.819232, 10.870343 ], [ -74.818798, 10.870361 ], [ -74.818485, 10.870309 ], [ -74.818279, 10.870235 ], [ -74.817822, 10.869991 ], [ -74.817644, 10.869925 ], [ -74.816967, 10.86981 ], [ -74.816705, 10.869734 ], [ -74.816319, 10.869513 ], [ -74.815279, 10.868741 ], [ -74.814974, 10.868395 ], [ -74.814696, 10.867846 ], [ -74.814552, 10.867644 ], [ -74.814313, 10.867452 ], [ -74.814063, 10.867371 ], [ -74.812717, 10.868722 ], [ -74.812219, 10.869146 ], [ -74.811595, 10.869489 ], [ -74.810998, 10.869755 ], [ -74.810238, 10.869945 ], [ -74.81007, 10.87002 ], [ -74.809884, 10.870153 ], [ -74.810455, 10.870225 ], [ -74.810729, 10.870322 ], [ -74.811381, 10.870642 ], [ -74.811972, 10.870768 ], [ -74.812446, 10.870913 ], [ -74.813141, 10.871076 ], [ -74.813438, 10.871221 ], [ -74.814198, 10.87171 ], [ -74.814989, 10.8724 ], [ -74.815287, 10.87261 ], [ -74.815813, 10.872847 ], [ -74.816477, 10.872988 ], [ -74.817329, 10.873277 ], [ -74.818026, 10.873647 ], [ -74.818395, 10.873708 ], [ -74.81879, 10.873671 ], [ -74.818964, 10.873608 ], [ -74.819419, 10.873369 ], [ -74.819724, 10.873293 ], [ -74.819979, 10.873308 ], [ -74.820232, 10.873408 ], [ -74.820423, 10.873565 ], [ -74.820656, 10.873828 ], [ -74.82103, 10.874287 ], [ -74.821239, 10.874638 ], [ -74.821436, 10.874852 ], [ -74.821735, 10.875025 ], [ -74.822312, 10.875163 ], [ -74.82272, 10.875379 ], [ -74.823127, 10.875728 ], [ -74.823629, 10.87624 ], [ -74.823899, 10.876571 ], [ -74.82414, 10.876941 ], [ -74.824441, 10.877264 ], [ -74.824787, 10.877518 ], [ -74.824936, 10.877571 ], [ -74.825113, 10.877592 ], [ -74.825188, 10.877633 ], [ -74.825282, 10.877773 ], [ -74.825292, 10.877857 ], [ -74.825233, 10.878014 ], [ -74.82517, 10.878072 ], [ -74.825007, 10.878117 ], [ -74.824692, 10.878068 ], [ -74.824415, 10.877931 ], [ -74.82418, 10.87776 ], [ -74.823781, 10.877366 ], [ -74.823222, 10.876603 ], [ -74.822509, 10.875905 ], [ -74.822237, 10.875719 ], [ -74.822119, 10.875672 ], [ -74.82157, 10.875543 ], [ -74.821378, 10.875465 ], [ -74.821066, 10.875252 ], [ -74.8208, 10.874965 ], [ -74.820566, 10.874579 ], [ -74.819959, 10.873881 ], [ -74.81988, 10.873844 ], [ -74.819694, 10.873847 ], [ -74.819076, 10.874151 ], [ -74.818775, 10.874227 ], [ -74.818254, 10.874243 ], [ -74.817849, 10.874161 ], [ -74.817128, 10.873782 ], [ -74.81632, 10.873508 ], [ -74.815639, 10.873362 ], [ -74.815031, 10.873091 ], [ -74.814638, 10.872817 ], [ -74.813876, 10.87215 ], [ -74.813071, 10.871637 ], [ -74.81294, 10.871581 ], [ -74.812314, 10.87144 ], [ -74.811848, 10.871296 ], [ -74.811216, 10.87116 ], [ -74.810969, 10.871065 ], [ -74.810409, 10.870778 ], [ -74.81008, 10.87071 ], [ -74.809403, 10.87067 ], [ -74.808599, 10.871404 ], [ -74.808331, 10.871586 ], [ -74.808063, 10.871699 ], [ -74.807771, 10.871762 ], [ -74.80713, 10.871825 ], [ -74.806823, 10.871885 ], [ -74.806282, 10.872114 ], [ -74.805391, 10.872566 ], [ -74.804772, 10.872827 ], [ -74.804369, 10.872907 ], [ -74.803441, 10.872988 ], [ -74.804065, 10.873148 ], [ -74.804932, 10.873263 ], [ -74.805508, 10.87342 ], [ -74.806347, 10.87353 ], [ -74.807309, 10.873864 ], [ -74.807601, 10.874078 ], [ -74.808147, 10.874753 ], [ -74.808806, 10.875409 ], [ -74.809114, 10.87566 ], [ -74.809581, 10.87596 ], [ -74.80983, 10.876165 ], [ -74.809914, 10.876311 ], [ -74.809917, 10.876396 ], [ -74.809846, 10.876548 ], [ -74.809779, 10.876601 ], [ -74.809613, 10.876634 ], [ -74.80953, 10.876611 ], [ -74.808554, 10.875912 ], [ -74.807925, 10.875314 ], [ -74.807563, 10.874916 ], [ -74.807199, 10.874448 ], [ -74.807039, 10.874337 ], [ -74.806227, 10.87406 ], [ -74.80541, 10.873954 ], [ -74.804816, 10.873793 ], [ -74.803969, 10.873682 ], [ -74.803324, 10.873518 ], [ -74.802676, 10.873439 ], [ -74.802275, 10.873776 ], [ -74.801385, 10.87438 ], [ -74.800372, 10.874948 ], [ -74.799845, 10.875378 ], [ -74.799606, 10.875536 ], [ -74.799413, 10.875618 ], [ -74.799108, 10.875684 ], [ -74.798374, 10.875711 ], [ -74.798573, 10.876 ], [ -74.798778, 10.876181 ], [ -74.799151, 10.876263 ], [ -74.799731, 10.87626 ], [ -74.800029, 10.876193 ], [ -74.80014, 10.876115 ], [ -74.800221, 10.876004 ], [ -74.800447, 10.875473 ], [ -74.800675, 10.875273 ], [ -74.800904, 10.875184 ], [ -74.801333, 10.87513 ], [ -74.801999, 10.875138 ], [ -74.802414, 10.875205 ], [ -74.802698, 10.875317 ], [ -74.803436, 10.875837 ], [ -74.803961, 10.876071 ], [ -74.804253, 10.876246 ], [ -74.805036, 10.876911 ], [ -74.805764, 10.877431 ], [ -74.806717, 10.878333 ], [ -74.807066, 10.878603 ], [ -74.807327, 10.878707 ], [ -74.807914, 10.878862 ], [ -74.80849, 10.879154 ], [ -74.808689, 10.879223 ], [ -74.80918, 10.879276 ], [ -74.809815, 10.879268 ], [ -74.810054, 10.879329 ], [ -74.81027, 10.879451 ], [ -74.810577, 10.879694 ], [ -74.811724, 10.880792 ], [ -74.812071, 10.881068 ], [ -74.812378, 10.881173 ], [ -74.81294, 10.881243 ], [ -74.813137, 10.881297 ], [ -74.813359, 10.881418 ], [ -74.813579, 10.881668 ], [ -74.813687, 10.881964 ], [ -74.813727, 10.882391 ], [ -74.813712, 10.883019 ], [ -74.814181, 10.883497 ], [ -74.814512, 10.883738 ], [ -74.814727, 10.883756 ], [ -74.815833, 10.883683 ], [ -74.816138, 10.883629 ], [ -74.816271, 10.883544 ], [ -74.816645, 10.883039 ], [ -74.81686, 10.88282 ], [ -74.817082, 10.882688 ], [ -74.817552, 10.882537 ], [ -74.817776, 10.882433 ], [ -74.818217, 10.881931 ], [ -74.818553, 10.881649 ], [ -74.81927, 10.881308 ], [ -74.819939, 10.880839 ], [ -74.8202, 10.880697 ], [ -74.820425, 10.880631 ], [ -74.820624, 10.880633 ], [ -74.820703, 10.880667 ], [ -74.82081, 10.880797 ], [ -74.820828, 10.88088 ], [ -74.820785, 10.881042 ], [ -74.820728, 10.881105 ], [ -74.820341, 10.881233 ], [ -74.819556, 10.881772 ], [ -74.818844, 10.88211 ], [ -74.818609, 10.882312 ], [ -74.81833, 10.882653 ], [ -74.818108, 10.882866 ], [ -74.817886, 10.882992 ], [ -74.817418, 10.88314 ], [ -74.817202, 10.883245 ], [ -74.816666, 10.883924 ], [ -74.816398, 10.884108 ], [ -74.816282, 10.884153 ], [ -74.817096, 10.884689 ], [ -74.817635, 10.885231 ], [ -74.818068, 10.885427 ], [ -74.818741, 10.88593 ], [ -74.81963, 10.886423 ], [ -74.820008, 10.887346 ], [ -74.820148, 10.88871 ], [ -74.820421, 10.889083 ], [ -74.820734, 10.889179 ], [ -74.821111, 10.889178 ], [ -74.821553, 10.88904 ], [ -74.821747, 10.888872 ], [ -74.82204, 10.888418 ], [ -74.822514, 10.887978 ], [ -74.822718, 10.887631 ], [ -74.822844, 10.887316 ], [ -74.82291, 10.88722 ], [ -74.82345, 10.886715 ], [ -74.823731, 10.886218 ], [ -74.823805, 10.886134 ], [ -74.824312, 10.885757 ], [ -74.824825, 10.885087 ], [ -74.825353, 10.88456 ], [ -74.825957, 10.884228 ], [ -74.826587, 10.883665 ], [ -74.827552, 10.88364 ], [ -74.827981, 10.88368 ], [ -74.82837, 10.883821 ], [ -74.82874, 10.884108 ], [ -74.829134, 10.884294 ], [ -74.829821, 10.884684 ], [ -74.830651, 10.884803 ], [ -74.831389, 10.884993 ], [ -74.832354, 10.885016 ], [ -74.832475, 10.884941 ], [ -74.833114, 10.884731 ], [ -74.833248, 10.884656 ], [ -74.833867, 10.884108 ], [ -74.834357, 10.883843 ], [ -74.834664, 10.883718 ], [ -74.835129, 10.883606 ], [ -74.835441, 10.883492 ], [ -74.836028, 10.883062 ], [ -74.836334, 10.882887 ], [ -74.837455, 10.882423 ], [ -74.837755, 10.882328 ], [ -74.83799, 10.882302 ], [ -74.838366, 10.882358 ], [ -74.839062, 10.882696 ], [ -74.839724, 10.88287 ], [ -74.83991, 10.882951 ], [ -74.840175, 10.883124 ], [ -74.840336, 10.883282 ], [ -74.840428, 10.883432 ], [ -74.8406, 10.883969 ], [ -74.840678, 10.884136 ], [ -74.840824, 10.884341 ], [ -74.840915, 10.884398 ], [ -74.84141, 10.884575 ], [ -74.841714, 10.884782 ], [ -74.842683, 10.885986 ], [ -74.842811, 10.886074 ], [ -74.843018, 10.88611 ], [ -74.843152, 10.886213 ], [ -74.843199, 10.886374 ], [ -74.843141, 10.886531 ], [ -74.843001, 10.886625 ], [ -74.842799, 10.886632 ], [ -74.842603, 10.886577 ], [ -74.842455, 10.886497 ], [ -74.842157, 10.886223 ], [ -74.841323, 10.885163 ], [ -74.841157, 10.885057 ], [ -74.840692, 10.884895 ], [ -74.840433, 10.884724 ], [ -74.840187, 10.88438 ], [ -74.84008, 10.884145 ], [ -74.839944, 10.883689 ], [ -74.839822, 10.88354 ], [ -74.839522, 10.883375 ], [ -74.838863, 10.883202 ], [ -74.838266, 10.882902 ], [ -74.838086, 10.882851 ], [ -74.837878, 10.882857 ], [ -74.837752, 10.88289 ], [ -74.836555, 10.883384 ], [ -74.836339, 10.883509 ], [ -74.83569, 10.883976 ], [ -74.835491, 10.884065 ], [ -74.834843, 10.884232 ], [ -74.834309, 10.884474 ], [ -74.834015, 10.884685 ], [ -74.833543, 10.885114 ], [ -74.833323, 10.885233 ], [ -74.832725, 10.885426 ], [ -74.832746, 10.885528 ], [ -74.832922, 10.885863 ], [ -74.833263, 10.886272 ], [ -74.833633, 10.886633 ], [ -74.833979, 10.886864 ], [ -74.834166, 10.886913 ], [ -74.834516, 10.886943 ], [ -74.836262, 10.886954 ], [ -74.836576, 10.887011 ], [ -74.836863, 10.887133 ], [ -74.83719, 10.887383 ], [ -74.837481, 10.887713 ], [ -74.837633, 10.887973 ], [ -74.837807, 10.888476 ], [ -74.837865, 10.888559 ], [ -74.83838, 10.888886 ], [ -74.839166, 10.889571 ], [ -74.839415, 10.889749 ], [ -74.839622, 10.8898 ], [ -74.840539, 10.889692 ], [ -74.840779, 10.889702 ], [ -74.840856, 10.889739 ], [ -74.840958, 10.889873 ], [ -74.84096, 10.890041 ], [ -74.840863, 10.890178 ], [ -74.840787, 10.890218 ], [ -74.839652, 10.890342 ], [ -74.839425, 10.890325 ], [ -74.839193, 10.890246 ], [ -74.838816, 10.889989 ], [ -74.838041, 10.889312 ], [ -74.837496, 10.888963 ], [ -74.837306, 10.888701 ], [ -74.837126, 10.888181 ], [ -74.837029, 10.88802 ], [ -74.836816, 10.88778 ], [ -74.836577, 10.887596 ], [ -74.836414, 10.88753 ], [ -74.836092, 10.887484 ], [ -74.834363, 10.887479 ], [ -74.834062, 10.887446 ], [ -74.833791, 10.887374 ], [ -74.833378, 10.887129 ], [ -74.832758, 10.886528 ], [ -74.832379, 10.886033 ], [ -74.832295, 10.885879 ], [ -74.832192, 10.88556 ], [ -74.831311, 10.88553 ], [ -74.830539, 10.885334 ], [ -74.829901, 10.885259 ], [ -74.829669, 10.885206 ], [ -74.829398, 10.885089 ], [ -74.828882, 10.884776 ], [ -74.82859, 10.884651 ], [ -74.828394, 10.884531 ], [ -74.828113, 10.884301 ], [ -74.827859, 10.88421 ], [ -74.827547, 10.884183 ], [ -74.826798, 10.884189 ], [ -74.826307, 10.884648 ], [ -74.825713, 10.884972 ], [ -74.825252, 10.88543 ], [ -74.824727, 10.886114 ], [ -74.824182, 10.886533 ], [ -74.823858, 10.88708 ], [ -74.823332, 10.887573 ], [ -74.823203, 10.887885 ], [ -74.822968, 10.888285 ], [ -74.822442, 10.888788 ], [ -74.822194, 10.88919 ], [ -74.821872, 10.889485 ], [ -74.821773, 10.88954 ], [ -74.821154, 10.88972 ], [ -74.820683, 10.889722 ], [ -74.820207, 10.889593 ], [ -74.820113, 10.889556 ], [ -74.820039, 10.889487 ], [ -74.819625, 10.888904 ], [ -74.819467, 10.887443 ], [ -74.819207, 10.886795 ], [ -74.818462, 10.886398 ], [ -74.817762, 10.885879 ], [ -74.817363, 10.885705 ], [ -74.816776, 10.88513 ], [ -74.815713, 10.884452 ], [ -74.815411, 10.8844 ], [ -74.814443, 10.884596 ], [ -74.814344, 10.88456 ], [ -74.814071, 10.884376 ], [ -74.813537, 10.883847 ], [ -74.813351, 10.883606 ], [ -74.813216, 10.883363 ], [ -74.813159, 10.883113 ], [ -74.813165, 10.882177 ], [ -74.813133, 10.882008 ], [ -74.813036, 10.88186 ], [ -74.812811, 10.881771 ], [ -74.812063, 10.881657 ], [ -74.811772, 10.881523 ], [ -74.811351, 10.88119 ], [ -74.810217, 10.880104 ], [ -74.809852, 10.879835 ], [ -74.809781, 10.879811 ], [ -74.809009, 10.879811 ], [ -74.808548, 10.879748 ], [ -74.808253, 10.879644 ], [ -74.807705, 10.879364 ], [ -74.807167, 10.879226 ], [ -74.806782, 10.879068 ], [ -74.806349, 10.878736 ], [ -74.805315, 10.877767 ], [ -74.804696, 10.877336 ], [ -74.803924, 10.876681 ], [ -74.803711, 10.876554 ], [ -74.803141, 10.876295 ], [ -74.802446, 10.8758 ], [ -74.802276, 10.87573 ], [ -74.802072, 10.875691 ], [ -74.801358, 10.875672 ], [ -74.800967, 10.875735 ], [ -74.800901, 10.875783 ], [ -74.800854, 10.875869 ], [ -74.800686, 10.876294 ], [ -74.800495, 10.876532 ], [ -74.800315, 10.876657 ], [ -74.799916, 10.876784 ], [ -74.799246, 10.876813 ], [ -74.79881, 10.876761 ], [ -74.798552, 10.876677 ], [ -74.798411, 10.876596 ], [ -74.798143, 10.876337 ], [ -74.797927, 10.876026 ], [ -74.79745, 10.875711 ], [ -74.79681, 10.875682 ], [ -74.796595, 10.875628 ], [ -74.796287, 10.875471 ], [ -74.796118, 10.87543 ], [ -74.794518, 10.875428 ], [ -74.794322, 10.875554 ], [ -74.793692, 10.875838 ], [ -74.7934, 10.875906 ], [ -74.792626, 10.875993 ], [ -74.792341, 10.876065 ], [ -74.792085, 10.876229 ], [ -74.791506, 10.876731 ], [ -74.791273, 10.876894 ], [ -74.790963, 10.877026 ], [ -74.790586, 10.877091 ], [ -74.791517, 10.877091 ], [ -74.791939, 10.87713 ], [ -74.792231, 10.877208 ], [ -74.792521, 10.877366 ], [ -74.792836, 10.877621 ], [ -74.793226, 10.878003 ], [ -74.793585, 10.878406 ], [ -74.793946, 10.878936 ], [ -74.794172, 10.879207 ], [ -74.795078, 10.88013 ], [ -74.795629, 10.880646 ], [ -74.795973, 10.880871 ], [ -74.796852, 10.881038 ], [ -74.797016, 10.881094 ], [ -74.797275, 10.881234 ], [ -74.797798, 10.881673 ], [ -74.799321, 10.883161 ], [ -74.803965, 10.883146 ], [ -74.804124, 10.883106 ], [ -74.804414, 10.882941 ], [ -74.805099, 10.882631 ], [ -74.805458, 10.882594 ], [ -74.805544, 10.882604 ], [ -74.805684, 10.882698 ], [ -74.805743, 10.882855 ], [ -74.805732, 10.882939 ], [ -74.805638, 10.883079 ], [ -74.805563, 10.88312 ], [ -74.805309, 10.883142 ], [ -74.805163, 10.883186 ], [ -74.804202, 10.883655 ], [ -74.803776, 10.883698 ], [ -74.799209, 10.883704 ], [ -74.799104, 10.883683 ], [ -74.799015, 10.883625 ], [ -74.797421, 10.882067 ], [ -74.796963, 10.881681 ], [ -74.796713, 10.881563 ], [ -74.796042, 10.881454 ], [ -74.795779, 10.881379 ], [ -74.795509, 10.881237 ], [ -74.795273, 10.881059 ], [ -74.79469, 10.880515 ], [ -74.793766, 10.879573 ], [ -74.793498, 10.87925 ], [ -74.793152, 10.878739 ], [ -74.792825, 10.878373 ], [ -74.792289, 10.877872 ], [ -74.792119, 10.877756 ], [ -74.79195, 10.877687 ], [ -74.791371, 10.87763 ], [ -74.788447, 10.877652 ], [ -74.787515, 10.877738 ], [ -74.787313, 10.877698 ], [ -74.786762, 10.877459 ], [ -74.78656, 10.877411 ], [ -74.785947, 10.877371 ], [ -74.785309, 10.877384 ], [ -74.784967, 10.877426 ], [ -74.784781, 10.877482 ], [ -74.784003, 10.878002 ], [ -74.783718, 10.878086 ], [ -74.78352, 10.878074 ], [ -74.783309, 10.877969 ], [ -74.783215, 10.877886 ], [ -74.783063, 10.87765 ], [ -74.782983, 10.877328 ], [ -74.782904, 10.876335 ], [ -74.782809, 10.876077 ], [ -74.782686, 10.875924 ], [ -74.782523, 10.875791 ], [ -74.781786, 10.875467 ], [ -74.779436, 10.875455 ], [ -74.778822, 10.8755 ], [ -74.778627, 10.875552 ], [ -74.77812, 10.875826 ], [ -74.777847, 10.87593 ], [ -74.777554, 10.875986 ], [ -74.776798, 10.876042 ], [ -74.776481, 10.876092 ], [ -74.775755, 10.87645 ], [ -74.775342, 10.876542 ], [ -74.774796, 10.876535 ], [ -74.774187, 10.876378 ], [ -74.773891, 10.876332 ], [ -74.773382, 10.876358 ], [ -74.772253, 10.876781 ], [ -74.771258, 10.8769 ], [ -74.770987, 10.876987 ], [ -74.770146, 10.877527 ], [ -74.769742, 10.877881 ], [ -74.769198, 10.878431 ], [ -74.769067, 10.878506 ], [ -74.768991, 10.878514 ], [ -74.767327, 10.878457 ], [ -74.765927, 10.878065 ], [ -74.764867, 10.877332 ], [ -74.763503, 10.876765 ], [ -74.762652, 10.876137 ], [ -74.76141, 10.875782 ], [ -74.760396, 10.875832 ], [ -74.759465, 10.876701 ], [ -74.759219, 10.876886 ], [ -74.759723, 10.877546 ], [ -74.759777, 10.877683 ], [ -74.759668, 10.878337 ], [ -74.759671, 10.879576 ], [ -74.759616, 10.880152 ], [ -74.759566, 10.880283 ], [ -74.759289, 10.880668 ], [ -74.759053, 10.880847 ], [ -74.75889, 10.880894 ], [ -74.758806, 10.880879 ], [ -74.758731, 10.880838 ], [ -74.758635, 10.8807 ], [ -74.758624, 10.880615 ], [ -74.758681, 10.880458 ], [ -74.75887, 10.880314 ], [ -74.759076, 10.880027 ], [ -74.759122, 10.879563 ], [ -74.759119, 10.878314 ], [ -74.759212, 10.877778 ], [ -74.758616, 10.876996 ], [ -74.758575, 10.876921 ], [ -74.758572, 10.876753 ], [ -74.75867, 10.876616 ], [ -74.759102, 10.876294 ], [ -74.760165, 10.875319 ], [ -74.761519, 10.875248 ], [ -74.762853, 10.87563 ], [ -74.763804, 10.876309 ], [ -74.765106, 10.876842 ], [ -74.766125, 10.877557 ], [ -74.76738, 10.877916 ], [ -74.768888, 10.877967 ], [ -74.769467, 10.87739 ], [ -74.769809, 10.877099 ], [ -74.770751, 10.876497 ], [ -74.771166, 10.876365 ], [ -74.77191, 10.876288 ], [ -74.772214, 10.876229 ], [ -74.773007, 10.875905 ], [ -74.773258, 10.875829 ], [ -74.773544, 10.87579 ], [ -74.773938, 10.875792 ], [ -74.774318, 10.875851 ], [ -74.774772, 10.875983 ], [ -74.775281, 10.876003 ], [ -74.775549, 10.875947 ], [ -74.776072, 10.875667 ], [ -74.776349, 10.875565 ], [ -74.777693, 10.875409 ], [ -74.777869, 10.875343 ], [ -74.778416, 10.87505 ], [ -74.778731, 10.874965 ], [ -74.779429, 10.874912 ], [ -74.781852, 10.874928 ], [ -74.782982, 10.874368 ], [ -74.783278, 10.87414 ], [ -74.783643, 10.873711 ], [ -74.783864, 10.873499 ], [ -74.784024, 10.873399 ], [ -74.784534, 10.873189 ], [ -74.784619, 10.87304 ], [ -74.78477, 10.872613 ], [ -74.785076, 10.872163 ], [ -74.786188, 10.871013 ], [ -74.7867, 10.870553 ], [ -74.786949, 10.870391 ], [ -74.787233, 10.870281 ], [ -74.787631, 10.870221 ], [ -74.788381, 10.870179 ], [ -74.78858, 10.870144 ], [ -74.788743, 10.870078 ], [ -74.78909, 10.869814 ], [ -74.790134, 10.868826 ], [ -74.79085, 10.868307 ], [ -74.791992, 10.867226 ], [ -74.792256, 10.867051 ], [ -74.792611, 10.866942 ], [ -74.79286, 10.866936 ], [ -74.793188, 10.86701 ], [ -74.793648, 10.867216 ], [ -74.794259, 10.867575 ], [ -74.794461, 10.867651 ], [ -74.79479, 10.867701 ], [ -74.795169, 10.867713 ], [ -74.795309, 10.867807 ], [ -74.795351, 10.867881 ], [ -74.795357, 10.868049 ], [ -74.795262, 10.868188 ], [ -74.795102, 10.868245 ], [ -74.79476, 10.868243 ], [ -74.794458, 10.868206 ], [ -74.794028, 10.868068 ], [ -74.79339, 10.867695 ], [ -74.79299, 10.867516 ], [ -74.792807, 10.867476 ], [ -74.79257, 10.867505 ], [ -74.79225, 10.86772 ], [ -74.791114, 10.868798 ], [ -74.790397, 10.869318 ], [ -74.789465, 10.87021 ], [ -74.789126, 10.870481 ], [ -74.788886, 10.870612 ], [ -74.788594, 10.870696 ], [ -74.787364, 10.870808 ], [ -74.7872, 10.870873 ], [ -74.786941, 10.871059 ], [ -74.78593, 10.872046 ], [ -74.785427, 10.872597 ], [ -74.785263, 10.872852 ], [ -74.785077, 10.873366 ], [ -74.784933, 10.873566 ], [ -74.784692, 10.873723 ], [ -74.784202, 10.873927 ], [ -74.783754, 10.874437 ], [ -74.783445, 10.874713 ], [ -74.783139, 10.874903 ], [ -74.782557, 10.875199 ], [ -74.782838, 10.875346 ], [ -74.783067, 10.875533 ], [ -74.783193, 10.875673 ], [ -74.783346, 10.875919 ], [ -74.783465, 10.876368 ], [ -74.783543, 10.87735 ], [ -74.783627, 10.877522 ], [ -74.783679, 10.877542 ], [ -74.783783, 10.877504 ], [ -74.784293, 10.877136 ], [ -74.784546, 10.876992 ], [ -74.784842, 10.876898 ], [ -74.785139, 10.876853 ], [ -74.785952, 10.876828 ], [ -74.78664, 10.876875 ], [ -74.78695, 10.876949 ], [ -74.787552, 10.877196 ], [ -74.78843, 10.877109 ], [ -74.788792, 10.876825 ], [ -74.789233, 10.876657 ], [ -74.789692, 10.876596 ], [ -74.790616, 10.876542 ], [ -74.790905, 10.876472 ], [ -74.791159, 10.876311 ], [ -74.791849, 10.875725 ], [ -74.792105, 10.875575 ], [ -74.792535, 10.875458 ], [ -74.793427, 10.875348 ], [ -74.793642, 10.875278 ], [ -74.794066, 10.875074 ], [ -74.794222, 10.87496 ], [ -74.795767, 10.873414 ], [ -74.795999, 10.873138 ], [ -74.796375, 10.8726 ], [ -74.797236, 10.87166 ], [ -74.797353, 10.871489 ], [ -74.797422, 10.871328 ], [ -74.797535, 10.870666 ], [ -74.79761, 10.870404 ], [ -74.797756, 10.870133 ], [ -74.79794, 10.869893 ], [ -74.79842, 10.869391 ], [ -74.798891, 10.868966 ], [ -74.799189, 10.868833 ], [ -74.799572, 10.868797 ], [ -74.799732, 10.868852 ], [ -74.799829, 10.86899 ], [ -74.799826, 10.869157 ], [ -74.799785, 10.869232 ], [ -74.799646, 10.869328 ], [ -74.799322, 10.869361 ], [ -74.799206, 10.869412 ], [ -74.798804, 10.869779 ], [ -74.798357, 10.870246 ], [ -74.798125, 10.870594 ], [ -74.797952, 10.87147 ], [ -74.797894, 10.871632 ], [ -74.797749, 10.871885 ], [ -74.797496, 10.872197 ], [ -74.796797, 10.872947 ], [ -74.796264, 10.873678 ], [ -74.795079, 10.874882 ], [ -74.796184, 10.874891 ], [ -74.796489, 10.874966 ], [ -74.796763, 10.87511 ], [ -74.797066, 10.875159 ], [ -74.798701, 10.875167 ], [ -74.799033, 10.875147 ], [ -74.799249, 10.8751 ], [ -74.799513, 10.874946 ], [ -74.80007, 10.874495 ], [ -74.801087, 10.873925 ], [ -74.801943, 10.873343 ], [ -74.802306, 10.873038 ], [ -74.8025, 10.872831 ], [ -74.802874, 10.872588 ], [ -74.803344, 10.872454 ], [ -74.8043, 10.872369 ], [ -74.804615, 10.872307 ], [ -74.805159, 10.872074 ], [ -74.806053, 10.871621 ], [ -74.806645, 10.871371 ], [ -74.806937, 10.871304 ], [ -74.807684, 10.871226 ], [ -74.807982, 10.871152 ], [ -74.808362, 10.870892 ], [ -74.808975, 10.870327 ], [ -74.809342, 10.869904 ], [ -74.809779, 10.86956 ], [ -74.810077, 10.869426 ], [ -74.810786, 10.869254 ], [ -74.811341, 10.869008 ], [ -74.811918, 10.868692 ], [ -74.812162, 10.868494 ], [ -74.812683, 10.867989 ], [ -74.815907, 10.864732 ], [ -74.81596, 10.864262 ], [ -74.816138, 10.863841 ], [ -74.816923, 10.862725 ], [ -74.817229, 10.862419 ], [ -74.817524, 10.862233 ], [ -74.818064, 10.862002 ], [ -74.818579, 10.861678 ], [ -74.819455, 10.861194 ], [ -74.820261, 10.860512 ], [ -74.820643, 10.860243 ], [ -74.821321, 10.859933 ], [ -74.821637, 10.859693 ], [ -74.821876, 10.85963 ], [ -74.822201, 10.859619 ], [ -74.822426, 10.859452 ], [ -74.82265, 10.859232 ], [ -74.823014, 10.859064 ], [ -74.823156, 10.858958 ], [ -74.824446, 10.857721 ], [ -74.824705, 10.857638 ], [ -74.825761, 10.857128 ], [ -74.825929, 10.857015 ], [ -74.826478, 10.856522 ], [ -74.826633, 10.85642 ], [ -74.826858, 10.856329 ], [ -74.827147, 10.856258 ], [ -74.827361, 10.856149 ], [ -74.828977, 10.854533 ], [ -74.829288, 10.854246 ], [ -74.829627, 10.854002 ], [ -74.829915, 10.853882 ], [ -74.830227, 10.853826 ], [ -74.831819, 10.853795 ], [ -74.832232, 10.853719 ], [ -74.832485, 10.85356 ], [ -74.832745, 10.853309 ], [ -74.832905, 10.853115 ], [ -74.8333, 10.85252 ], [ -74.833513, 10.852268 ], [ -74.833801, 10.852003 ], [ -74.834035, 10.851899 ], [ -74.834412, 10.851862 ], [ -74.835116, 10.851879 ], [ -74.835299, 10.851941 ], [ -74.835558, 10.852108 ], [ -74.835678, 10.852136 ], [ -74.836477, 10.851984 ], [ -74.837188, 10.851706 ], [ -74.837814, 10.851308 ], [ -74.83838, 10.850774 ], [ -74.838656, 10.850387 ], [ -74.839075, 10.849466 ], [ -74.839338, 10.849028 ], [ -74.839651, 10.848682 ], [ -74.840409, 10.847999 ], [ -74.840677, 10.847652 ], [ -74.84086, 10.847247 ], [ -74.840974, 10.846861 ], [ -74.841009, 10.846004 ], [ -74.841136, 10.84578 ], [ -74.841301, 10.84567 ], [ -74.841425, 10.845631 ], [ -74.841796, 10.845614 ], [ -74.842635, 10.845751 ], [ -74.842935, 10.845761 ], [ -74.843194, 10.845694 ], [ -74.843991, 10.845323 ], [ -74.84442, 10.845201 ], [ -74.845139, 10.845139 ], [ -74.845988, 10.845194 ], [ -74.84691, 10.845334 ], [ -74.847544, 10.84551 ], [ -74.848032, 10.845769 ], [ -74.848588, 10.846273 ], [ -74.84879, 10.846411 ], [ -74.849163, 10.846534 ], [ -74.849548, 10.846578 ], [ -74.850147, 10.846475 ], [ -74.850881, 10.846122 ], [ -74.851396, 10.84598 ], [ -74.852049, 10.845936 ], [ -74.853392, 10.846025 ], [ -74.853941, 10.846013 ], [ -74.854602, 10.845889 ], [ -74.85496, 10.845645 ], [ -74.855123, 10.845598 ], [ -74.855283, 10.845654 ], [ -74.855379, 10.845792 ], [ -74.855375, 10.845959 ], [ -74.855334, 10.846034 ], [ -74.854865, 10.846369 ], [ -74.854761, 10.846412 ], [ -74.854021, 10.84655 ], [ -74.853367, 10.846568 ], [ -74.852031, 10.846479 ], [ -74.851463, 10.846519 ] ], [ [ -74.843028, 10.855156 ], [ -74.842989, 10.855203 ], [ -74.842992, 10.855508 ], [ -74.843028, 10.855156 ] ] ], [ [ [ -74.790217, 10.824699 ], [ -74.789661, 10.826005 ], [ -74.789604, 10.826199 ], [ -74.789526, 10.827298 ], [ -74.789469, 10.827597 ], [ -74.789351, 10.827877 ], [ -74.789101, 10.828216 ], [ -74.788718, 10.828594 ], [ -74.788357, 10.828859 ], [ -74.787639, 10.82915 ], [ -74.787246, 10.829349 ], [ -74.786535, 10.829883 ], [ -74.786294, 10.830033 ], [ -74.785425, 10.830316 ], [ -74.785182, 10.830332 ], [ -74.784961, 10.830294 ], [ -74.784405, 10.830048 ], [ -74.784069, 10.829799 ], [ -74.783312, 10.829092 ], [ -74.782972, 10.828867 ], [ -74.782688, 10.828804 ], [ -74.781798, 10.828737 ], [ -74.781577, 10.828676 ], [ -74.781341, 10.82854 ], [ -74.781118, 10.828288 ], [ -74.780721, 10.827687 ], [ -74.78005, 10.826895 ], [ -74.779884, 10.826616 ], [ -74.779652, 10.826096 ], [ -74.77945, 10.825833 ], [ -74.778361, 10.824742 ], [ -74.778095, 10.824533 ], [ -74.777868, 10.824445 ], [ -74.777676, 10.824476 ], [ -74.777583, 10.824552 ], [ -74.777454, 10.824792 ], [ -74.777298, 10.825201 ], [ -74.777183, 10.82538 ], [ -74.776988, 10.825584 ], [ -74.776906, 10.825838 ], [ -74.776858, 10.825897 ], [ -74.77667, 10.826002 ], [ -74.776172, 10.826067 ], [ -74.775925, 10.826173 ], [ -74.775612, 10.826233 ], [ -74.774186, 10.8263 ], [ -74.773776, 10.826383 ], [ -74.773435, 10.826618 ], [ -74.772383, 10.827621 ], [ -74.772137, 10.827789 ], [ -74.771848, 10.827906 ], [ -74.771284, 10.827979 ], [ -74.769535, 10.827984 ], [ -74.770028, 10.828088 ], [ -74.770437, 10.828332 ], [ -74.770748, 10.828605 ], [ -74.771218, 10.829086 ], [ -74.771901, 10.829953 ], [ -74.772134, 10.830136 ], [ -74.772397, 10.830287 ], [ -74.772557, 10.830425 ], [ -74.77269, 10.830628 ], [ -74.772897, 10.831278 ], [ -74.773075, 10.831672 ], [ -74.773324, 10.83203 ], [ -74.77351, 10.832083 ], [ -74.773759, 10.832042 ], [ -74.774533, 10.831502 ], [ -74.774698, 10.83142 ], [ -74.774963, 10.83134 ], [ -74.775675, 10.831278 ], [ -74.776526, 10.83132 ], [ -74.777005, 10.831446 ], [ -74.777255, 10.831608 ], [ -74.777401, 10.831773 ], [ -74.777523, 10.832042 ], [ -74.777528, 10.832323 ], [ -74.777431, 10.832461 ], [ -74.777271, 10.832516 ], [ -74.777109, 10.832468 ], [ -74.777047, 10.832409 ], [ -74.777006, 10.832335 ], [ -74.776972, 10.832123 ], [ -74.776894, 10.832018 ], [ -74.776765, 10.831935 ], [ -74.776332, 10.831844 ], [ -74.775682, 10.831821 ], [ -74.775194, 10.83185 ], [ -74.774902, 10.831924 ], [ -74.774731, 10.832022 ], [ -74.774214, 10.832411 ], [ -74.773932, 10.832557 ], [ -74.773524, 10.832627 ], [ -74.773184, 10.832569 ], [ -74.772959, 10.832438 ], [ -74.772664, 10.832061 ], [ -74.772392, 10.83149 ], [ -74.772223, 10.830943 ], [ -74.77213, 10.830768 ], [ -74.771738, 10.830526 ], [ -74.771514, 10.830338 ], [ -74.771326, 10.830134 ], [ -74.771037, 10.82972 ], [ -74.770723, 10.829354 ], [ -74.770274, 10.828909 ], [ -74.769918, 10.828637 ], [ -74.769645, 10.828544 ], [ -74.769283, 10.828511 ], [ -74.767743, 10.828492 ], [ -74.767299, 10.828541 ], [ -74.766748, 10.828518 ], [ -74.766316, 10.828416 ], [ -74.765712, 10.828077 ], [ -74.765551, 10.828027 ], [ -74.765211, 10.827992 ], [ -74.76429, 10.827977 ], [ -74.763977, 10.827939 ], [ -74.763729, 10.827862 ], [ -74.763492, 10.827734 ], [ -74.762976, 10.827344 ], [ -74.762777, 10.827226 ], [ -74.762394, 10.827101 ], [ -74.762331, 10.827044 ], [ -74.762271, 10.826887 ], [ -74.762281, 10.826803 ], [ -74.762374, 10.826662 ], [ -74.762448, 10.82662 ], [ -74.762618, 10.826613 ], [ -74.763024, 10.826741 ], [ -74.76329, 10.826899 ], [ -74.76378, 10.827272 ], [ -74.764085, 10.827406 ], [ -74.764316, 10.827435 ], [ -74.765239, 10.82745 ], [ -74.765649, 10.827493 ], [ -74.765944, 10.827585 ], [ -74.766539, 10.82792 ], [ -74.766931, 10.82799 ], [ -74.767288, 10.827998 ], [ -74.767688, 10.827952 ], [ -74.767858, 10.827796 ], [ -74.768144, 10.827625 ], [ -74.76844, 10.827528 ], [ -74.768759, 10.827476 ], [ -74.76936, 10.827443 ], [ -74.771136, 10.827441 ], [ -74.771612, 10.827402 ], [ -74.771797, 10.82735 ], [ -74.772046, 10.827193 ], [ -74.773075, 10.826208 ], [ -74.773302, 10.826029 ], [ -74.773575, 10.825878 ], [ -74.773841, 10.825799 ], [ -74.774133, 10.82576 ], [ -74.775536, 10.825696 ], [ -74.775766, 10.825654 ], [ -74.77606, 10.825532 ], [ -74.776443, 10.825497 ], [ -74.776502, 10.825314 ], [ -74.776812, 10.824946 ], [ -74.777018, 10.824425 ], [ -74.777175, 10.824188 ], [ -74.777303, 10.824069 ], [ -74.777466, 10.823973 ], [ -74.777675, 10.823913 ], [ -74.777936, 10.823905 ], [ -74.778276, 10.824009 ], [ -74.778617, 10.824243 ], [ -74.779027, 10.824617 ], [ -74.779779, 10.825381 ], [ -74.780129, 10.825828 ], [ -74.780375, 10.826374 ], [ -74.780501, 10.826586 ], [ -74.781158, 10.827359 ], [ -74.781501, 10.827885 ], [ -74.781701, 10.828128 ], [ -74.781913, 10.828206 ], [ -74.78276, 10.828266 ], [ -74.783194, 10.82837 ], [ -74.783435, 10.828502 ], [ -74.783665, 10.828677 ], [ -74.78461, 10.829533 ], [ -74.784993, 10.82973 ], [ -74.785231, 10.829791 ], [ -74.785342, 10.829779 ], [ -74.786037, 10.829552 ], [ -74.786967, 10.828881 ], [ -74.787416, 10.828655 ], [ -74.788092, 10.828384 ], [ -74.788353, 10.828189 ], [ -74.788689, 10.827857 ], [ -74.788877, 10.827603 ], [ -74.788944, 10.82744 ], [ -74.788991, 10.827129 ], [ -74.789042, 10.826238 ], [ -74.789151, 10.825804 ], [ -74.78981, 10.824302 ], [ -74.79004, 10.824018 ], [ -74.790108, 10.823966 ], [ -74.790275, 10.823936 ], [ -74.790428, 10.824008 ], [ -74.79048, 10.824076 ], [ -74.790511, 10.824241 ], [ -74.790486, 10.824322 ], [ -74.790217, 10.824699 ] ] ], [ [ [ -74.764027, 10.837433 ], [ -74.763862, 10.836847 ], [ -74.763776, 10.836665 ], [ -74.763644, 10.836479 ], [ -74.763119, 10.835915 ], [ -74.762186, 10.835016 ], [ -74.76193, 10.834823 ], [ -74.761769, 10.834754 ], [ -74.761249, 10.834778 ], [ -74.761019, 10.834732 ], [ -74.760781, 10.834601 ], [ -74.760603, 10.834426 ], [ -74.760198, 10.833862 ], [ -74.760035, 10.833564 ], [ -74.759728, 10.832716 ], [ -74.759597, 10.832268 ], [ -74.759476, 10.832027 ], [ -74.759188, 10.831787 ], [ -74.758319, 10.830925 ], [ -74.758108, 10.830797 ], [ -74.757847, 10.830755 ], [ -74.757134, 10.830772 ], [ -74.757018, 10.830799 ], [ -74.75675, 10.830949 ], [ -74.756666, 10.830962 ], [ -74.756505, 10.830909 ], [ -74.756355, 10.830726 ], [ -74.755844, 10.83067 ], [ -74.755074, 10.830741 ], [ -74.754993, 10.830713 ], [ -74.754876, 10.830591 ], [ -74.754854, 10.830425 ], [ -74.754935, 10.830278 ], [ -74.755088, 10.830206 ], [ -74.755827, 10.830127 ], [ -74.756541, 10.830202 ], [ -74.756678, 10.830259 ], [ -74.756742, 10.830329 ], [ -74.757022, 10.83024 ], [ -74.757227, 10.830216 ], [ -74.757881, 10.830213 ], [ -74.758322, 10.830296 ], [ -74.758655, 10.830497 ], [ -74.759925, 10.831714 ], [ -74.760115, 10.832087 ], [ -74.760249, 10.832546 ], [ -74.760535, 10.83334 ], [ -74.760656, 10.833563 ], [ -74.761035, 10.83409 ], [ -74.761224, 10.834226 ], [ -74.761706, 10.834202 ], [ -74.761918, 10.834231 ], [ -74.762103, 10.834298 ], [ -74.762326, 10.834432 ], [ -74.762941, 10.834972 ], [ -74.763699, 10.835726 ], [ -74.764072, 10.836139 ], [ -74.76433, 10.836543 ], [ -74.764585, 10.837359 ], [ -74.764811, 10.837679 ], [ -74.764835, 10.837845 ], [ -74.764807, 10.837925 ], [ -74.764685, 10.838042 ], [ -74.764602, 10.838066 ], [ -74.764435, 10.838037 ], [ -74.764234, 10.837842 ], [ -74.764027, 10.837433 ] ] ], [ [ [ -74.812121, 10.857237 ], [ -74.811892, 10.85804 ], [ -74.811627, 10.8586 ], [ -74.811423, 10.858897 ], [ -74.811135, 10.859199 ], [ -74.810915, 10.859379 ], [ -74.810632, 10.859546 ], [ -74.810225, 10.859705 ], [ -74.809653, 10.860026 ], [ -74.809099, 10.86025 ], [ -74.808878, 10.860369 ], [ -74.808204, 10.860838 ], [ -74.807763, 10.861398 ], [ -74.807364, 10.861791 ], [ -74.807094, 10.86198 ], [ -74.806776, 10.862118 ], [ -74.807137, 10.862306 ], [ -74.807483, 10.862567 ], [ -74.807899, 10.862952 ], [ -74.808265, 10.863355 ], [ -74.808426, 10.863588 ], [ -74.808518, 10.86378 ], [ -74.808744, 10.86461 ], [ -74.809004, 10.86512 ], [ -74.809217, 10.865382 ], [ -74.809466, 10.865628 ], [ -74.809721, 10.865812 ], [ -74.809841, 10.865843 ], [ -74.810728, 10.865737 ], [ -74.811011, 10.865667 ], [ -74.811917, 10.865104 ], [ -74.81226, 10.864788 ], [ -74.812466, 10.864518 ], [ -74.81255, 10.864336 ], [ -74.812759, 10.863614 ], [ -74.812948, 10.863288 ], [ -74.813115, 10.863135 ], [ -74.813196, 10.863106 ], [ -74.813364, 10.863129 ], [ -74.813487, 10.863245 ], [ -74.813518, 10.86341 ], [ -74.813493, 10.863491 ], [ -74.813365, 10.863642 ], [ -74.81327, 10.863813 ], [ -74.813008, 10.864664 ], [ -74.812769, 10.865033 ], [ -74.812463, 10.865357 ], [ -74.81214, 10.865614 ], [ -74.811483, 10.866034 ], [ -74.81123, 10.866165 ], [ -74.810822, 10.866272 ], [ -74.81001, 10.866376 ], [ -74.809743, 10.866379 ], [ -74.809476, 10.866298 ], [ -74.809197, 10.866115 ], [ -74.808807, 10.865743 ], [ -74.808539, 10.865409 ], [ -74.80829, 10.864933 ], [ -74.808164, 10.864611 ], [ -74.80801, 10.863987 ], [ -74.8079, 10.86378 ], [ -74.807682, 10.863514 ], [ -74.80732, 10.863153 ], [ -74.806931, 10.862825 ], [ -74.806692, 10.862678 ], [ -74.805984, 10.862397 ], [ -74.805145, 10.863245 ], [ -74.804687, 10.863617 ], [ -74.804522, 10.863708 ], [ -74.80415, 10.863835 ], [ -74.803845, 10.863904 ], [ -74.803595, 10.863911 ], [ -74.803326, 10.863829 ], [ -74.80295, 10.863546 ], [ -74.802686, 10.863248 ], [ -74.802325, 10.86272 ], [ -74.801736, 10.862043 ], [ -74.801576, 10.861821 ], [ -74.801268, 10.861646 ], [ -74.800602, 10.861766 ], [ -74.79958, 10.861853 ], [ -74.7992, 10.861967 ], [ -74.79858, 10.862315 ], [ -74.797924, 10.862577 ], [ -74.797047, 10.862766 ], [ -74.796771, 10.862772 ], [ -74.79621, 10.862685 ], [ -74.7953, 10.862601 ], [ -74.794709, 10.862331 ], [ -74.793692, 10.862124 ], [ -74.793198, 10.861911 ], [ -74.790667, 10.86179 ], [ -74.78984, 10.861665 ], [ -74.789359, 10.86171 ], [ -74.789146, 10.862106 ], [ -74.788885, 10.862353 ], [ -74.788419, 10.862602 ], [ -74.788005, 10.862713 ], [ -74.787426, 10.86275 ], [ -74.783031, 10.862759 ], [ -74.782646, 10.863144 ], [ -74.782283, 10.863427 ], [ -74.781754, 10.863693 ], [ -74.781506, 10.863765 ], [ -74.7813, 10.863788 ], [ -74.781045, 10.863774 ], [ -74.780383, 10.86362 ], [ -74.779522, 10.863585 ], [ -74.778923, 10.863633 ], [ -74.778151, 10.863825 ], [ -74.777258, 10.86387 ], [ -74.776659, 10.86383 ], [ -74.776442, 10.863671 ], [ -74.776233, 10.86361 ], [ -74.775845, 10.863588 ], [ -74.775579, 10.863613 ], [ -74.775426, 10.863688 ], [ -74.774973, 10.864034 ], [ -74.774739, 10.864119 ], [ -74.774402, 10.864154 ], [ -74.773975, 10.864138 ], [ -74.773713, 10.864092 ], [ -74.773454, 10.863978 ], [ -74.772878, 10.864504 ], [ -74.772372, 10.864785 ], [ -74.771731, 10.865361 ], [ -74.771438, 10.865508 ], [ -74.771062, 10.865592 ], [ -74.770903, 10.865668 ], [ -74.770617, 10.866035 ], [ -74.770439, 10.866359 ], [ -74.770321, 10.866472 ], [ -74.769835, 10.866708 ], [ -74.769072, 10.866904 ], [ -74.768925, 10.866859 ], [ -74.76858, 10.866617 ], [ -74.768318, 10.865958 ], [ -74.768302, 10.865847 ], [ -74.76837, 10.864776 ], [ -74.768579, 10.864002 ], [ -74.768623, 10.863338 ], [ -74.768824, 10.862764 ], [ -74.768824, 10.862645 ], [ -74.768671, 10.862602 ], [ -74.767938, 10.862854 ], [ -74.76729, 10.86296 ], [ -74.76651, 10.862873 ], [ -74.766206, 10.862894 ], [ -74.766058, 10.862812 ], [ -74.765988, 10.862659 ], [ -74.766021, 10.862495 ], [ -74.766075, 10.862428 ], [ -74.766229, 10.862359 ], [ -74.76654, 10.86233 ], [ -74.767312, 10.862417 ], [ -74.767782, 10.862333 ], [ -74.768651, 10.862047 ], [ -74.769173, 10.862179 ], [ -74.769317, 10.862276 ], [ -74.769372, 10.862439 ], [ -74.769373, 10.862809 ], [ -74.769154, 10.863479 ], [ -74.769117, 10.864114 ], [ -74.768908, 10.864889 ], [ -74.768853, 10.865822 ], [ -74.769021, 10.866271 ], [ -74.769124, 10.866338 ], [ -74.769663, 10.866192 ], [ -74.769998, 10.866025 ], [ -74.770162, 10.865731 ], [ -74.770429, 10.865366 ], [ -74.770558, 10.865245 ], [ -74.770752, 10.865127 ], [ -74.77126, 10.864994 ], [ -74.771418, 10.864915 ], [ -74.772032, 10.864359 ], [ -74.772541, 10.864076 ], [ -74.773255, 10.863422 ], [ -74.773401, 10.863353 ], [ -74.77356, 10.863377 ], [ -74.773763, 10.86353 ], [ -74.773857, 10.863568 ], [ -74.774395, 10.863611 ], [ -74.774704, 10.86356 ], [ -74.775232, 10.863167 ], [ -74.775417, 10.863094 ], [ -74.775638, 10.863056 ], [ -74.77633, 10.863076 ], [ -74.776674, 10.863178 ], [ -74.776876, 10.863312 ], [ -74.777272, 10.863327 ], [ -74.778082, 10.863287 ], [ -74.77883, 10.863098 ], [ -74.779506, 10.863043 ], [ -74.780324, 10.863067 ], [ -74.780602, 10.863105 ], [ -74.781106, 10.863234 ], [ -74.78142, 10.863229 ], [ -74.781642, 10.863149 ], [ -74.782078, 10.862907 ], [ -74.782379, 10.862646 ], [ -74.782713, 10.862302 ], [ -74.782838, 10.862227 ], [ -74.78742, 10.862207 ], [ -74.787919, 10.862177 ], [ -74.788212, 10.862099 ], [ -74.788649, 10.861845 ], [ -74.788765, 10.861689 ], [ -74.78892, 10.861346 ], [ -74.789053, 10.86121 ], [ -74.789823, 10.861121 ], [ -74.790709, 10.861249 ], [ -74.793282, 10.861372 ], [ -74.793833, 10.861599 ], [ -74.794854, 10.861807 ], [ -74.795401, 10.862065 ], [ -74.79627, 10.862145 ], [ -74.796793, 10.862229 ], [ -74.796961, 10.862229 ], [ -74.797741, 10.862065 ], [ -74.798358, 10.861819 ], [ -74.798953, 10.861481 ], [ -74.799448, 10.861325 ], [ -74.800522, 10.861229 ], [ -74.80067, 10.861184 ], [ -74.801374, 10.861098 ], [ -74.801959, 10.861422 ], [ -74.802162, 10.861702 ], [ -74.802759, 10.862388 ], [ -74.803263, 10.863085 ], [ -74.803578, 10.863345 ], [ -74.803774, 10.863366 ], [ -74.804179, 10.86326 ], [ -74.804475, 10.863101 ], [ -74.804871, 10.862752 ], [ -74.805556, 10.862043 ], [ -74.805827, 10.861836 ], [ -74.805997, 10.861755 ], [ -74.806641, 10.861591 ], [ -74.806918, 10.861446 ], [ -74.80727, 10.86113 ], [ -74.807826, 10.860444 ], [ -74.808574, 10.859918 ], [ -74.808867, 10.859758 ], [ -74.809406, 10.859542 ], [ -74.809997, 10.859211 ], [ -74.810388, 10.85906 ], [ -74.810682, 10.85887 ], [ -74.810928, 10.858635 ], [ -74.811141, 10.858347 ], [ -74.811379, 10.857848 ], [ -74.81157, 10.857139 ], [ -74.811771, 10.856754 ], [ -74.812202, 10.856273 ], [ -74.812355, 10.856201 ], [ -74.812522, 10.856232 ], [ -74.812638, 10.856354 ], [ -74.812662, 10.856435 ], [ -74.812631, 10.8566 ], [ -74.812228, 10.857054 ], [ -74.812121, 10.857237 ] ] ], [ [ [ -74.813216, 10.904782 ], [ -74.812014, 10.903594 ], [ -74.81168, 10.90318 ], [ -74.811572, 10.902928 ], [ -74.811535, 10.902729 ], [ -74.811515, 10.902284 ], [ -74.811216, 10.901064 ], [ -74.811085, 10.90079 ], [ -74.810541, 10.899971 ], [ -74.809843, 10.899242 ], [ -74.809297, 10.898767 ], [ -74.809086, 10.898654 ], [ -74.808435, 10.898475 ], [ -74.807649, 10.898097 ], [ -74.807074, 10.898039 ], [ -74.806151, 10.898077 ], [ -74.805697, 10.898191 ], [ -74.805515, 10.898304 ], [ -74.805209, 10.898569 ], [ -74.805107, 10.898592 ], [ -74.804089, 10.89864 ], [ -74.803468, 10.898797 ], [ -74.803048, 10.89886 ], [ -74.801569, 10.898891 ], [ -74.80112, 10.898944 ], [ -74.800941, 10.89901 ], [ -74.800352, 10.899341 ], [ -74.799784, 10.899573 ], [ -74.799285, 10.899846 ], [ -74.798988, 10.899948 ], [ -74.79865, 10.899999 ], [ -74.798327, 10.899995 ], [ -74.797847, 10.89984 ], [ -74.79748, 10.899774 ], [ -74.795981, 10.899691 ], [ -74.795786, 10.899645 ], [ -74.795555, 10.899545 ], [ -74.795206, 10.899292 ], [ -74.795096, 10.899243 ], [ -74.794791, 10.899191 ], [ -74.794417, 10.899227 ], [ -74.794178, 10.899344 ], [ -74.793914, 10.899562 ], [ -74.792503, 10.900967 ], [ -74.792275, 10.901145 ], [ -74.792002, 10.901293 ], [ -74.791747, 10.901366 ], [ -74.791468, 10.901399 ], [ -74.790915, 10.90138 ], [ -74.790604, 10.901306 ], [ -74.790408, 10.901219 ], [ -74.790052, 10.900961 ], [ -74.789929, 10.900904 ], [ -74.789491, 10.900845 ], [ -74.789039, 10.900863 ], [ -74.788761, 10.900931 ], [ -74.788595, 10.901025 ], [ -74.787916, 10.901596 ], [ -74.787559, 10.901814 ], [ -74.787134, 10.901923 ], [ -74.786407, 10.901999 ], [ -74.786153, 10.902086 ], [ -74.785913, 10.902267 ], [ -74.785652, 10.902581 ], [ -74.785551, 10.902838 ], [ -74.785422, 10.903331 ], [ -74.785322, 10.903552 ], [ -74.784825, 10.904265 ], [ -74.784505, 10.904946 ], [ -74.784201, 10.905294 ], [ -74.783914, 10.905488 ], [ -74.78361, 10.905608 ], [ -74.783415, 10.905646 ], [ -74.783123, 10.905612 ], [ -74.782596, 10.905394 ], [ -74.782458, 10.905377 ], [ -74.782212, 10.905428 ], [ -74.781364, 10.905973 ], [ -74.780562, 10.906653 ], [ -74.780164, 10.9067 ], [ -74.779478, 10.907012 ], [ -74.779183, 10.907305 ], [ -74.778747, 10.908161 ], [ -74.778512, 10.90848 ], [ -74.778194, 10.908759 ], [ -74.777654, 10.909071 ], [ -74.776767, 10.909986 ], [ -74.776239, 10.910476 ], [ -74.775996, 10.910641 ], [ -74.77574, 10.910746 ], [ -74.775474, 10.910794 ], [ -74.774988, 10.910761 ], [ -74.773879, 10.910337 ], [ -74.773076, 10.910214 ], [ -74.772377, 10.910035 ], [ -74.771486, 10.909999 ], [ -74.769775, 10.91002 ], [ -74.769459, 10.910078 ], [ -74.768953, 10.910318 ], [ -74.768691, 10.910517 ], [ -74.767822, 10.911329 ], [ -74.767472, 10.911551 ], [ -74.767301, 10.911577 ], [ -74.76661, 10.911443 ], [ -74.766068, 10.911128 ], [ -74.765613, 10.910746 ], [ -74.765275, 10.910574 ], [ -74.76472, 10.910123 ], [ -74.76402, 10.909915 ], [ -74.763348, 10.909789 ], [ -74.762392, 10.909476 ], [ -74.761607, 10.90915 ], [ -74.761185, 10.909647 ], [ -74.761325, 10.909861 ], [ -74.761512, 10.910561 ], [ -74.76143, 10.911466 ], [ -74.761431, 10.911725 ], [ -74.761655, 10.91228 ], [ -74.761766, 10.912477 ], [ -74.761778, 10.913041 ], [ -74.761448, 10.913978 ], [ -74.761103, 10.914577 ], [ -74.7606, 10.915345 ], [ -74.760511, 10.91543 ], [ -74.759692, 10.915904 ], [ -74.758652, 10.916151 ], [ -74.757355, 10.916113 ], [ -74.756741, 10.916161 ], [ -74.755912, 10.916307 ], [ -74.755535, 10.916312 ], [ -74.755269, 10.916392 ], [ -74.755011, 10.916401 ], [ -74.754461, 10.916765 ], [ -74.754149, 10.917382 ], [ -74.75332, 10.9187 ], [ -74.753233, 10.918787 ], [ -74.752554, 10.919207 ], [ -74.75157, 10.919729 ], [ -74.750488, 10.919978 ], [ -74.750341, 10.919972 ], [ -74.749282, 10.919631 ], [ -74.748474, 10.919221 ], [ -74.747988, 10.919072 ], [ -74.747611, 10.919004 ], [ -74.746299, 10.919252 ], [ -74.746166, 10.919451 ], [ -74.74603, 10.920206 ], [ -74.745892, 10.920531 ], [ -74.745938, 10.92109 ], [ -74.745923, 10.921658 ], [ -74.745716, 10.922267 ], [ -74.745745, 10.922943 ], [ -74.745845, 10.923596 ], [ -74.745832, 10.924327 ], [ -74.745732, 10.924463 ], [ -74.74557, 10.924514 ], [ -74.745409, 10.924462 ], [ -74.745309, 10.924326 ], [ -74.745296, 10.923618 ], [ -74.745199, 10.923006 ], [ -74.745163, 10.922265 ], [ -74.745178, 10.922143 ], [ -74.745375, 10.9216 ], [ -74.745388, 10.921091 ], [ -74.745342, 10.920438 ], [ -74.745495, 10.920079 ], [ -74.745635, 10.919301 ], [ -74.745906, 10.918857 ], [ -74.746014, 10.918763 ], [ -74.747659, 10.918461 ], [ -74.748134, 10.918549 ], [ -74.74866, 10.91871 ], [ -74.749473, 10.919122 ], [ -74.750438, 10.919433 ], [ -74.751408, 10.919209 ], [ -74.752283, 10.918736 ], [ -74.752887, 10.91836 ], [ -74.753676, 10.917107 ], [ -74.754041, 10.916401 ], [ -74.754775, 10.915904 ], [ -74.754928, 10.915858 ], [ -74.755262, 10.915841 ], [ -74.755401, 10.915777 ], [ -74.755839, 10.915769 ], [ -74.756657, 10.915624 ], [ -74.757328, 10.91557 ], [ -74.75856, 10.915614 ], [ -74.759522, 10.915386 ], [ -74.760173, 10.914998 ], [ -74.760638, 10.914288 ], [ -74.760959, 10.91373 ], [ -74.761229, 10.912994 ], [ -74.761228, 10.912629 ], [ -74.761129, 10.912444 ], [ -74.760882, 10.911783 ], [ -74.760882, 10.911433 ], [ -74.760966, 10.910638 ], [ -74.760813, 10.910063 ], [ -74.760565, 10.909702 ], [ -74.760576, 10.909518 ], [ -74.761133, 10.908875 ], [ -74.761196, 10.908755 ], [ -74.761332, 10.908322 ], [ -74.761567, 10.907953 ], [ -74.763282, 10.906252 ], [ -74.763542, 10.905953 ], [ -74.763661, 10.905768 ], [ -74.763974, 10.904862 ], [ -74.764008, 10.904521 ], [ -74.764023, 10.903346 ], [ -74.764092, 10.902902 ], [ -74.764198, 10.902643 ], [ -74.764293, 10.902494 ], [ -74.764687, 10.902077 ], [ -74.765048, 10.901851 ], [ -74.765361, 10.90176 ], [ -74.765888, 10.90173 ], [ -74.766325, 10.901814 ], [ -74.766564, 10.901972 ], [ -74.766645, 10.902072 ], [ -74.766745, 10.902295 ], [ -74.766887, 10.902881 ], [ -74.766959, 10.902988 ], [ -74.767156, 10.903091 ], [ -74.76733, 10.903109 ], [ -74.767635, 10.903082 ], [ -74.767821, 10.903023 ], [ -74.768117, 10.902824 ], [ -74.768417, 10.902534 ], [ -74.768563, 10.902455 ], [ -74.768729, 10.902473 ], [ -74.769041, 10.902613 ], [ -74.770653, 10.902609 ], [ -74.771854, 10.90221 ], [ -74.772939, 10.901402 ], [ -74.774204, 10.900006 ], [ -74.774905, 10.899445 ], [ -74.775428, 10.898475 ], [ -74.775602, 10.898404 ], [ -74.776544, 10.89831 ], [ -74.777165, 10.898386 ], [ -74.777585, 10.898387 ], [ -74.777804, 10.898349 ], [ -74.7781, 10.898195 ], [ -74.778216, 10.898049 ], [ -74.778435, 10.897384 ], [ -74.778579, 10.897144 ], [ -74.778735, 10.896958 ], [ -74.779367, 10.896565 ], [ -74.780217, 10.895807 ], [ -74.780558, 10.895564 ], [ -74.780969, 10.895413 ], [ -74.781655, 10.895295 ], [ -74.781819, 10.895228 ], [ -74.781989, 10.895114 ], [ -74.782334, 10.894797 ], [ -74.78263, 10.894444 ], [ -74.783094, 10.893605 ], [ -74.78337, 10.893228 ], [ -74.78379, 10.892848 ], [ -74.784028, 10.892714 ], [ -74.784198, 10.892654 ], [ -74.784465, 10.892602 ], [ -74.785302, 10.892515 ], [ -74.786017, 10.892337 ], [ -74.786682, 10.892313 ], [ -74.787215, 10.892387 ], [ -74.788515, 10.89279 ], [ -74.789499, 10.892898 ], [ -74.789785, 10.892985 ], [ -74.790154, 10.89322 ], [ -74.790535, 10.893605 ], [ -74.790969, 10.894201 ], [ -74.79111, 10.894328 ], [ -74.791271, 10.89441 ], [ -74.791547, 10.894426 ], [ -74.791961, 10.894334 ], [ -74.792199, 10.894314 ], [ -74.792445, 10.894333 ], [ -74.793233, 10.894593 ], [ -74.79347, 10.894641 ], [ -74.793693, 10.894576 ], [ -74.794047, 10.894413 ], [ -74.794261, 10.894367 ], [ -74.794489, 10.894376 ], [ -74.794816, 10.894498 ], [ -74.795583, 10.894979 ], [ -74.795759, 10.895031 ], [ -74.796076, 10.895057 ], [ -74.796154, 10.895094 ], [ -74.796256, 10.895228 ], [ -74.796259, 10.895396 ], [ -74.796162, 10.895533 ], [ -74.796087, 10.895573 ], [ -74.795815, 10.895588 ], [ -74.795526, 10.895533 ], [ -74.795216, 10.895407 ], [ -74.794542, 10.894968 ], [ -74.794381, 10.894909 ], [ -74.794207, 10.894932 ], [ -74.793751, 10.895137 ], [ -74.793454, 10.895185 ], [ -74.793072, 10.895112 ], [ -74.79237, 10.894871 ], [ -74.792058, 10.894868 ], [ -74.791592, 10.894968 ], [ -74.791396, 10.894976 ], [ -74.791147, 10.89494 ], [ -74.790892, 10.894836 ], [ -74.790662, 10.894664 ], [ -74.790468, 10.894458 ], [ -74.790039, 10.893867 ], [ -74.789797, 10.893632 ], [ -74.789555, 10.893478 ], [ -74.789279, 10.893412 ], [ -74.7884, 10.893321 ], [ -74.786982, 10.89289 ], [ -74.786546, 10.892852 ], [ -74.786095, 10.892874 ], [ -74.785398, 10.893049 ], [ -74.784536, 10.89314 ], [ -74.784259, 10.893207 ], [ -74.784016, 10.893361 ], [ -74.783706, 10.893676 ], [ -74.783007, 10.894856 ], [ -74.782639, 10.895265 ], [ -74.782332, 10.895537 ], [ -74.782072, 10.895709 ], [ -74.781823, 10.895812 ], [ -74.781093, 10.895941 ], [ -74.780837, 10.896032 ], [ -74.780574, 10.896219 ], [ -74.779706, 10.896992 ], [ -74.779098, 10.897367 ], [ -74.778925, 10.89763 ], [ -74.778703, 10.898302 ], [ -74.778613, 10.898453 ], [ -74.778452, 10.898613 ], [ -74.778204, 10.898771 ], [ -74.777996, 10.898858 ], [ -74.777755, 10.898914 ], [ -74.777239, 10.898934 ], [ -74.776551, 10.898854 ], [ -74.775785, 10.898939 ], [ -74.775366, 10.899744 ], [ -74.775294, 10.899832 ], [ -74.774598, 10.900385 ], [ -74.77329, 10.90182 ], [ -74.772071, 10.902711 ], [ -74.770698, 10.903152 ], [ -74.768983, 10.903155 ], [ -74.768679, 10.903047 ], [ -74.768352, 10.903334 ], [ -74.768036, 10.903523 ], [ -74.767738, 10.903616 ], [ -74.767305, 10.903651 ], [ -74.767048, 10.903624 ], [ -74.766849, 10.903563 ], [ -74.766528, 10.903329 ], [ -74.766374, 10.903078 ], [ -74.766219, 10.902451 ], [ -74.766125, 10.902323 ], [ -74.765862, 10.902272 ], [ -74.765552, 10.902281 ], [ -74.765278, 10.902344 ], [ -74.765114, 10.902437 ], [ -74.7648, 10.902731 ], [ -74.764685, 10.902894 ], [ -74.764618, 10.903058 ], [ -74.764572, 10.903377 ], [ -74.764557, 10.904541 ], [ -74.764516, 10.904951 ], [ -74.764441, 10.905232 ], [ -74.764145, 10.906024 ], [ -74.763989, 10.906269 ], [ -74.763782, 10.906516 ], [ -74.762108, 10.908166 ], [ -74.761894, 10.908428 ], [ -74.761829, 10.908553 ], [ -74.761926, 10.908631 ], [ -74.761969, 10.908715 ], [ -74.762571, 10.908963 ], [ -74.763507, 10.90927 ], [ -74.764148, 10.909387 ], [ -74.76461, 10.909505 ], [ -74.764958, 10.909632 ], [ -74.765592, 10.91013 ], [ -74.765945, 10.910313 ], [ -74.766368, 10.910672 ], [ -74.766846, 10.910951 ], [ -74.767303, 10.911027 ], [ -74.767572, 10.910828 ], [ -74.768332, 10.910106 ], [ -74.768658, 10.909861 ], [ -74.769276, 10.909566 ], [ -74.769726, 10.90948 ], [ -74.77149, 10.909457 ], [ -74.772441, 10.909496 ], [ -74.772721, 10.909547 ], [ -74.773182, 10.909682 ], [ -74.77402, 10.909813 ], [ -74.775091, 10.910228 ], [ -74.775441, 10.910251 ], [ -74.775605, 10.910219 ], [ -74.775803, 10.91012 ], [ -74.776081, 10.909893 ], [ -74.777284, 10.90867 ], [ -74.777476, 10.908531 ], [ -74.777888, 10.908308 ], [ -74.778114, 10.908106 ], [ -74.77827, 10.907892 ], [ -74.778724, 10.907008 ], [ -74.77887, 10.906828 ], [ -74.779144, 10.906581 ], [ -74.779348, 10.906457 ], [ -74.779848, 10.906234 ], [ -74.780049, 10.906169 ], [ -74.780356, 10.906133 ], [ -74.781037, 10.905537 ], [ -74.781742, 10.90507 ], [ -74.782016, 10.904921 ], [ -74.782236, 10.904855 ], [ -74.782433, 10.904835 ], [ -74.78269, 10.904859 ], [ -74.782929, 10.904934 ], [ -74.783253, 10.905083 ], [ -74.783368, 10.905103 ], [ -74.783556, 10.905052 ], [ -74.783775, 10.904937 ], [ -74.784034, 10.904667 ], [ -74.784355, 10.903984 ], [ -74.784842, 10.903288 ], [ -74.784944, 10.903022 ], [ -74.785074, 10.902526 ], [ -74.785163, 10.902334 ], [ -74.785336, 10.902085 ], [ -74.785529, 10.901879 ], [ -74.785871, 10.90162 ], [ -74.786151, 10.901502 ], [ -74.786445, 10.901444 ], [ -74.787052, 10.901386 ], [ -74.787331, 10.90132 ], [ -74.787584, 10.901164 ], [ -74.788273, 10.900586 ], [ -74.78856, 10.900425 ], [ -74.788818, 10.900349 ], [ -74.789099, 10.900311 ], [ -74.789781, 10.900322 ], [ -74.790138, 10.900401 ], [ -74.790368, 10.900516 ], [ -74.790664, 10.900738 ], [ -74.790906, 10.900828 ], [ -74.79132, 10.900861 ], [ -74.791634, 10.900835 ], [ -74.791886, 10.900746 ], [ -74.792145, 10.900555 ], [ -74.793346, 10.899351 ], [ -74.793744, 10.898989 ], [ -74.794004, 10.898812 ], [ -74.794283, 10.8987 ], [ -74.794669, 10.898648 ], [ -74.795067, 10.898675 ], [ -74.795456, 10.898809 ], [ -74.795816, 10.899066 ], [ -74.796071, 10.899156 ], [ -74.797542, 10.899235 ], [ -74.797992, 10.899317 ], [ -74.798408, 10.899458 ], [ -74.798611, 10.899458 ], [ -74.798865, 10.899419 ], [ -74.799065, 10.899348 ], [ -74.799538, 10.899088 ], [ -74.800257, 10.898781 ], [ -74.800709, 10.898519 ], [ -74.800995, 10.898416 ], [ -74.801542, 10.898349 ], [ -74.802998, 10.89832 ], [ -74.803344, 10.898268 ], [ -74.80401, 10.898103 ], [ -74.804977, 10.898053 ], [ -74.805299, 10.897791 ], [ -74.805602, 10.897643 ], [ -74.805937, 10.89756 ], [ -74.806375, 10.897512 ], [ -74.807219, 10.897501 ], [ -74.807775, 10.897568 ], [ -74.808058, 10.89767 ], [ -74.808635, 10.897969 ], [ -74.809306, 10.898156 ], [ -74.809601, 10.898315 ], [ -74.809834, 10.898493 ], [ -74.810786, 10.899422 ], [ -74.81113, 10.899848 ], [ -74.811557, 10.900513 ], [ -74.811697, 10.900782 ], [ -74.812026, 10.902038 ], [ -74.812079, 10.902398 ], [ -74.812082, 10.90268 ], [ -74.812153, 10.902904 ], [ -74.812413, 10.903221 ], [ -74.813623, 10.904417 ], [ -74.813878, 10.904729 ], [ -74.813974, 10.90492 ], [ -74.814048, 10.905302 ], [ -74.814043, 10.905917 ], [ -74.813986, 10.906075 ], [ -74.813924, 10.906133 ], [ -74.813761, 10.90618 ], [ -74.813676, 10.906165 ], [ -74.813542, 10.906062 ], [ -74.813495, 10.905901 ], [ -74.8135, 10.905345 ], [ -74.813464, 10.905123 ], [ -74.813417, 10.905026 ], [ -74.813216, 10.904782 ] ] ], [ [ [ -74.805199, 10.914309 ], [ -74.804279, 10.915497 ], [ -74.803694, 10.916416 ], [ -74.803265, 10.91738 ], [ -74.80267, 10.918327 ], [ -74.801752, 10.919452 ], [ -74.80208, 10.919452 ], [ -74.803703, 10.918822 ], [ -74.805469, 10.918044 ], [ -74.807543, 10.917442 ], [ -74.808444, 10.917502 ], [ -74.808578, 10.917547 ], [ -74.809654, 10.918259 ], [ -74.810024, 10.918771 ], [ -74.8105, 10.918857 ], [ -74.811186, 10.918648 ], [ -74.812901, 10.917716 ], [ -74.814712, 10.916881 ], [ -74.817102, 10.915642 ], [ -74.820876, 10.914164 ], [ -74.822142, 10.913307 ], [ -74.823094, 10.912388 ], [ -74.823176, 10.912362 ], [ -74.823343, 10.912388 ], [ -74.823463, 10.912507 ], [ -74.82349, 10.912588 ], [ -74.823463, 10.912753 ], [ -74.823412, 10.912822 ], [ -74.822512, 10.913709 ], [ -74.821161, 10.914628 ], [ -74.818286, 10.915781 ], [ -74.817342, 10.916131 ], [ -74.814962, 10.917365 ], [ -74.813158, 10.918196 ], [ -74.811375, 10.919159 ], [ -74.810532, 10.919407 ], [ -74.80981, 10.919284 ], [ -74.80974, 10.919261 ], [ -74.809631, 10.919167 ], [ -74.809303, 10.91868 ], [ -74.808334, 10.918039 ], [ -74.807557, 10.917987 ], [ -74.805645, 10.918559 ], [ -74.80391, 10.919325 ], [ -74.802132, 10.919995 ], [ -74.798721, 10.919993 ], [ -74.797991, 10.919872 ], [ -74.797141, 10.919585 ], [ -74.796303, 10.919721 ], [ -74.796049, 10.919811 ], [ -74.794919, 10.92042 ], [ -74.793129, 10.921774 ], [ -74.790794, 10.92343 ], [ -74.790172, 10.923798 ], [ -74.788706, 10.924068 ], [ -74.786458, 10.92407 ], [ -74.784066, 10.924415 ], [ -74.780574, 10.926169 ], [ -74.779309, 10.926764 ], [ -74.779206, 10.92679 ], [ -74.778064, 10.926843 ], [ -74.775843, 10.926428 ], [ -74.773601, 10.925859 ], [ -74.77078, 10.925295 ], [ -74.76992, 10.925037 ], [ -74.769791, 10.924954 ], [ -74.769129, 10.924189 ], [ -74.768493, 10.92386 ], [ -74.768228, 10.923345 ], [ -74.768031, 10.922732 ], [ -74.767431, 10.922363 ], [ -74.766942, 10.922354 ], [ -74.766295, 10.922179 ], [ -74.765876, 10.92218 ], [ -74.765346, 10.922235 ], [ -74.765094, 10.922664 ], [ -74.764678, 10.92356 ], [ -74.764274, 10.924024 ], [ -74.76413, 10.924068 ], [ -74.763158, 10.924091 ], [ -74.762991, 10.924232 ], [ -74.762263, 10.924301 ], [ -74.761579, 10.924608 ], [ -74.760932, 10.924715 ], [ -74.760285, 10.925142 ], [ -74.759275, 10.925912 ], [ -74.758084, 10.926755 ], [ -74.757197, 10.927791 ], [ -74.756449, 10.929012 ], [ -74.756016, 10.929453 ], [ -74.755718, 10.930245 ], [ -74.755514, 10.931059 ], [ -74.755515, 10.931456 ], [ -74.755486, 10.931578 ], [ -74.754924, 10.932597 ], [ -74.7548, 10.932711 ], [ -74.754631, 10.932731 ], [ -74.754551, 10.932702 ], [ -74.754435, 10.932579 ], [ -74.754412, 10.932497 ], [ -74.754444, 10.932333 ], [ -74.754965, 10.931393 ], [ -74.754973, 10.930961 ], [ -74.755188, 10.9301 ], [ -74.755522, 10.929209 ], [ -74.755585, 10.929112 ], [ -74.755996, 10.928703 ], [ -74.756764, 10.927457 ], [ -74.757687, 10.926379 ], [ -74.758951, 10.925474 ], [ -74.759957, 10.924707 ], [ -74.760677, 10.92423 ], [ -74.760789, 10.924187 ], [ -74.761387, 10.924098 ], [ -74.762175, 10.923763 ], [ -74.762754, 10.923722 ], [ -74.762933, 10.923573 ], [ -74.763034, 10.923551 ], [ -74.763995, 10.923528 ], [ -74.764195, 10.923299 ], [ -74.764613, 10.922403 ], [ -74.764941, 10.921844 ], [ -74.765067, 10.921732 ], [ -74.765832, 10.921639 ], [ -74.766331, 10.921636 ], [ -74.767051, 10.921821 ], [ -74.767584, 10.92183 ], [ -74.76848, 10.922389 ], [ -74.768732, 10.923129 ], [ -74.768896, 10.923469 ], [ -74.76951, 10.923795 ], [ -74.770156, 10.924541 ], [ -74.770903, 10.924766 ], [ -74.773716, 10.925328 ], [ -74.774774, 10.92561 ], [ -74.77481, 10.925486 ], [ -74.774451, 10.925098 ], [ -74.774382, 10.924953 ], [ -74.774408, 10.924795 ], [ -74.774583, 10.924448 ], [ -74.774654, 10.924235 ], [ -74.77467, 10.924051 ], [ -74.774716, 10.92397 ], [ -74.775455, 10.92344 ], [ -74.776128, 10.923127 ], [ -74.776492, 10.922898 ], [ -74.776528, 10.922356 ], [ -74.776271, 10.921763 ], [ -74.776059, 10.92109 ], [ -74.77606, 10.920926 ], [ -74.776155, 10.920793 ], [ -74.776594, 10.920463 ], [ -74.776963, 10.919945 ], [ -74.77739, 10.918418 ], [ -74.777609, 10.917401 ], [ -74.778145, 10.916157 ], [ -74.778157, 10.914239 ], [ -74.778864, 10.913209 ], [ -74.779494, 10.912775 ], [ -74.780211, 10.912419 ], [ -74.780356, 10.912391 ], [ -74.781134, 10.912452 ], [ -74.782871, 10.913172 ], [ -74.784792, 10.913519 ], [ -74.787036, 10.913521 ], [ -74.789824, 10.913408 ], [ -74.790408, 10.913013 ], [ -74.791564, 10.912517 ], [ -74.792586, 10.912401 ], [ -74.793417, 10.91246 ], [ -74.794488, 10.912766 ], [ -74.795335, 10.913271 ], [ -74.796138, 10.913976 ], [ -74.796844, 10.914971 ], [ -74.797675, 10.915116 ], [ -74.798309, 10.914855 ], [ -74.801153, 10.91351 ], [ -74.801672, 10.913097 ], [ -74.802164, 10.912033 ], [ -74.802357, 10.911412 ], [ -74.802964, 10.910641 ], [ -74.803854, 10.910256 ], [ -74.804375, 10.910113 ], [ -74.805124, 10.909743 ], [ -74.806155, 10.908209 ], [ -74.808081, 10.906568 ], [ -74.808164, 10.906547 ], [ -74.80833, 10.906585 ], [ -74.808441, 10.906711 ], [ -74.808462, 10.906793 ], [ -74.808424, 10.906957 ], [ -74.808369, 10.907022 ], [ -74.806544, 10.908594 ], [ -74.805495, 10.910156 ], [ -74.804596, 10.91061 ], [ -74.804052, 10.910762 ], [ -74.803302, 10.911079 ], [ -74.802866, 10.911621 ], [ -74.802671, 10.912242 ], [ -74.802144, 10.91338 ], [ -74.802067, 10.913479 ], [ -74.801416, 10.913987 ], [ -74.798546, 10.915344 ], [ -74.797736, 10.915667 ], [ -74.796636, 10.915486 ], [ -74.796536, 10.915448 ], [ -74.796459, 10.915375 ], [ -74.795708, 10.914314 ], [ -74.795023, 10.913718 ], [ -74.794298, 10.913277 ], [ -74.793345, 10.912999 ], [ -74.792622, 10.912943 ], [ -74.791669, 10.913052 ], [ -74.790655, 10.913498 ], [ -74.790073, 10.913897 ], [ -74.789931, 10.913945 ], [ -74.78705, 10.914063 ], [ -74.784718, 10.914057 ], [ -74.782742, 10.9137 ], [ -74.781046, 10.912989 ], [ -74.780389, 10.912938 ], [ -74.779758, 10.913251 ], [ -74.779222, 10.913624 ], [ -74.778694, 10.914401 ], [ -74.778694, 10.916213 ], [ -74.778672, 10.91632 ], [ -74.778141, 10.91754 ], [ -74.777921, 10.918555 ], [ -74.777479, 10.920135 ], [ -74.777019, 10.920809 ], [ -74.776641, 10.92111 ], [ -74.776791, 10.921588 ], [ -74.777083, 10.922282 ], [ -74.777026, 10.923135 ], [ -74.776914, 10.923275 ], [ -74.776378, 10.923611 ], [ -74.775716, 10.923918 ], [ -74.7752, 10.924297 ], [ -74.775098, 10.924636 ], [ -74.774984, 10.92487 ], [ -74.775368, 10.925309 ], [ -74.77538, 10.925489 ], [ -74.775305, 10.925747 ], [ -74.775951, 10.925896 ], [ -74.778133, 10.926304 ], [ -74.779122, 10.926251 ], [ -74.780328, 10.925684 ], [ -74.782539, 10.924561 ], [ -74.783942, 10.923884 ], [ -74.786399, 10.923531 ], [ -74.788634, 10.923529 ], [ -74.789934, 10.923306 ], [ -74.790484, 10.922983 ], [ -74.792805, 10.921335 ], [ -74.794602, 10.919977 ], [ -74.795805, 10.919325 ], [ -74.796189, 10.91919 ], [ -74.797188, 10.919036 ], [ -74.798148, 10.919352 ], [ -74.798744, 10.91945 ], [ -74.801046, 10.919452 ], [ -74.802212, 10.918026 ], [ -74.802788, 10.91711 ], [ -74.803219, 10.916144 ], [ -74.803836, 10.915177 ], [ -74.804797, 10.913935 ], [ -74.804881, 10.913863 ], [ -74.805852, 10.913327 ], [ -74.806409, 10.912756 ], [ -74.807292, 10.912117 ], [ -74.807841, 10.911571 ], [ -74.808056, 10.911185 ], [ -74.808207, 10.911109 ], [ -74.808293, 10.911109 ], [ -74.808444, 10.911185 ], [ -74.808521, 10.911334 ], [ -74.808521, 10.911419 ], [ -74.808311, 10.911855 ], [ -74.807666, 10.912514 ], [ -74.806753, 10.91318 ], [ -74.806156, 10.91378 ], [ -74.805199, 10.914309 ] ] ], [ [ [ -74.805072, 10.933249 ], [ -74.804511, 10.933065 ], [ -74.803667, 10.933113 ], [ -74.803177, 10.933211 ], [ -74.803018, 10.933196 ], [ -74.802894, 10.933097 ], [ -74.802427, 10.932407 ], [ -74.8019, 10.932168 ], [ -74.801339, 10.932215 ], [ -74.800626, 10.932217 ], [ -74.799714, 10.93212 ], [ -74.799055, 10.932215 ], [ -74.797832, 10.932588 ], [ -74.797474, 10.932981 ], [ -74.796876, 10.933207 ], [ -74.796184, 10.9336 ], [ -74.796073, 10.933635 ], [ -74.795612, 10.933677 ], [ -74.795479, 10.933809 ], [ -74.795344, 10.933883 ], [ -74.794553, 10.93384 ], [ -74.793896, 10.93354 ], [ -74.793781, 10.933541 ], [ -74.793175, 10.933883 ], [ -74.792092, 10.933947 ], [ -74.791907, 10.933888 ], [ -74.791701, 10.933726 ], [ -74.791362, 10.93365 ], [ -74.790397, 10.933919 ], [ -74.789097, 10.934443 ], [ -74.78822, 10.934524 ], [ -74.78717, 10.934483 ], [ -74.786691, 10.93455 ], [ -74.786303, 10.934776 ], [ -74.786122, 10.934982 ], [ -74.785947, 10.935429 ], [ -74.785626, 10.935714 ], [ -74.785133, 10.935911 ], [ -74.784929, 10.936037 ], [ -74.784718, 10.936648 ], [ -74.784388, 10.936936 ], [ -74.783802, 10.937311 ], [ -74.783132, 10.937461 ], [ -74.782792, 10.937582 ], [ -74.782579, 10.93789 ], [ -74.782266, 10.938502 ], [ -74.782147, 10.938621 ], [ -74.78198, 10.938648 ], [ -74.781243, 10.938538 ], [ -74.780902, 10.938628 ], [ -74.780454, 10.938934 ], [ -74.780167, 10.93928 ], [ -74.780107, 10.939655 ], [ -74.780145, 10.941087 ], [ -74.78009, 10.941256 ], [ -74.780024, 10.941318 ], [ -74.776617, 10.942205 ], [ -74.776419, 10.942365 ], [ -74.775752, 10.94367 ], [ -74.774922, 10.944249 ], [ -74.774146, 10.944573 ], [ -74.772012, 10.94465 ], [ -74.770074, 10.944649 ], [ -74.768027, 10.945343 ], [ -74.767152, 10.945357 ], [ -74.766445, 10.94512 ], [ -74.76584, 10.944142 ], [ -74.765229, 10.94401 ], [ -74.76388, 10.944786 ], [ -74.7637, 10.944819 ], [ -74.762598, 10.944256 ], [ -74.761631, 10.943695 ], [ -74.760641, 10.943694 ], [ -74.760039, 10.943748 ], [ -74.759815, 10.943825 ], [ -74.75965, 10.943785 ], [ -74.759585, 10.94373 ], [ -74.75952, 10.943575 ], [ -74.759527, 10.94349 ], [ -74.759616, 10.943348 ], [ -74.759948, 10.943211 ], [ -74.760629, 10.943151 ], [ -74.761777, 10.943162 ], [ -74.762861, 10.94378 ], [ -74.763736, 10.944241 ], [ -74.765045, 10.943488 ], [ -74.765242, 10.943458 ], [ -74.766144, 10.943662 ], [ -74.766252, 10.943764 ], [ -74.766802, 10.944683 ], [ -74.767197, 10.944814 ], [ -74.767892, 10.944815 ], [ -74.770028, 10.944106 ], [ -74.772, 10.944107 ], [ -74.773983, 10.944052 ], [ -74.774634, 10.943787 ], [ -74.77533, 10.94331 ], [ -74.775954, 10.94207 ], [ -74.776317, 10.941747 ], [ -74.776422, 10.941694 ], [ -74.77959, 10.940887 ], [ -74.779557, 10.939645 ], [ -74.779637, 10.939122 ], [ -74.779695, 10.938993 ], [ -74.780054, 10.93856 ], [ -74.780629, 10.938155 ], [ -74.781156, 10.937999 ], [ -74.781269, 10.937993 ], [ -74.781866, 10.938083 ], [ -74.782115, 10.937598 ], [ -74.782449, 10.937141 ], [ -74.782966, 10.936944 ], [ -74.783549, 10.936827 ], [ -74.784047, 10.93651 ], [ -74.784259, 10.936333 ], [ -74.784471, 10.935702 ], [ -74.784866, 10.935436 ], [ -74.785305, 10.935271 ], [ -74.785488, 10.935115 ], [ -74.785675, 10.934663 ], [ -74.785986, 10.934331 ], [ -74.78656, 10.934021 ], [ -74.787166, 10.93394 ], [ -74.788223, 10.933981 ], [ -74.789003, 10.933907 ], [ -74.7902, 10.933412 ], [ -74.791212, 10.933128 ], [ -74.791523, 10.932823 ], [ -74.791599, 10.932426 ], [ -74.79179, 10.931931 ], [ -74.791908, 10.931437 ], [ -74.791958, 10.931335 ], [ -74.792413, 10.930768 ], [ -74.793039, 10.93056 ], [ -74.793744, 10.930706 ], [ -74.794158, 10.930531 ], [ -74.794529, 10.930091 ], [ -74.794994, 10.929647 ], [ -74.795159, 10.92962 ], [ -74.795618, 10.929685 ], [ -74.795841, 10.929548 ], [ -74.796586, 10.928981 ], [ -74.798049, 10.928214 ], [ -74.798501, 10.927888 ], [ -74.798799, 10.927528 ], [ -74.798887, 10.927197 ], [ -74.798851, 10.926654 ], [ -74.798898, 10.925915 ], [ -74.798929, 10.925805 ], [ -74.799165, 10.925363 ], [ -74.799468, 10.925085 ], [ -74.799579, 10.92503 ], [ -74.800622, 10.924764 ], [ -74.80105, 10.924553 ], [ -74.801445, 10.924232 ], [ -74.801741, 10.923908 ], [ -74.80184, 10.923506 ], [ -74.801894, 10.92344 ], [ -74.802049, 10.923372 ], [ -74.802135, 10.923376 ], [ -74.802282, 10.923459 ], [ -74.802351, 10.923613 ], [ -74.802347, 10.923697 ], [ -74.802239, 10.924159 ], [ -74.801839, 10.924611 ], [ -74.801375, 10.924992 ], [ -74.800842, 10.925262 ], [ -74.799772, 10.925542 ], [ -74.799625, 10.925663 ], [ -74.799442, 10.926007 ], [ -74.799401, 10.92667 ], [ -74.799438, 10.927204 ], [ -74.799315, 10.927723 ], [ -74.799262, 10.927826 ], [ -74.798903, 10.928259 ], [ -74.798324, 10.928685 ], [ -74.796865, 10.929449 ], [ -74.796166, 10.929985 ], [ -74.795822, 10.930198 ], [ -74.795639, 10.930236 ], [ -74.795218, 10.930176 ], [ -74.794927, 10.930465 ], [ -74.794538, 10.930928 ], [ -74.794435, 10.931004 ], [ -74.793795, 10.93126 ], [ -74.793067, 10.931112 ], [ -74.792739, 10.93122 ], [ -74.792429, 10.931619 ], [ -74.79231, 10.932108 ], [ -74.792121, 10.932596 ], [ -74.792049, 10.933002 ], [ -74.792022, 10.933081 ], [ -74.7919, 10.933218 ], [ -74.792167, 10.933399 ], [ -74.793015, 10.933356 ], [ -74.793634, 10.933008 ], [ -74.79396, 10.932998 ], [ -74.794083, 10.933026 ], [ -74.794645, 10.933302 ], [ -74.795179, 10.933339 ], [ -74.795371, 10.933171 ], [ -74.795963, 10.9331 ], [ -74.796623, 10.932725 ], [ -74.797158, 10.932527 ], [ -74.797467, 10.932177 ], [ -74.797587, 10.932098 ], [ -74.798921, 10.931688 ], [ -74.79967, 10.931578 ], [ -74.80064, 10.931674 ], [ -74.801326, 10.931672 ], [ -74.801996, 10.931625 ], [ -74.802789, 10.931986 ], [ -74.803248, 10.932644 ], [ -74.803615, 10.932573 ], [ -74.804531, 10.93252 ], [ -74.805203, 10.93272 ], [ -74.806421, 10.932717 ], [ -74.807061, 10.93267 ], [ -74.807703, 10.932305 ], [ -74.809238, 10.931166 ], [ -74.809408, 10.931162 ], [ -74.809547, 10.931257 ], [ -74.809588, 10.931332 ], [ -74.809592, 10.931499 ], [ -74.809495, 10.931637 ], [ -74.808022, 10.932747 ], [ -74.807281, 10.933171 ], [ -74.807164, 10.933206 ], [ -74.806432, 10.933259 ], [ -74.805072, 10.933249 ] ] ], [ [ [ -74.759028, 10.951378 ], [ -74.758862, 10.951343 ], [ -74.758748, 10.951219 ], [ -74.75873, 10.951052 ], [ -74.758761, 10.950973 ], [ -74.758887, 10.95086 ], [ -74.760344, 10.950697 ], [ -74.76364, 10.950936 ], [ -74.763759, 10.950973 ], [ -74.76454, 10.951441 ], [ -74.765016, 10.952422 ], [ -74.765969, 10.955144 ], [ -74.769367, 10.964022 ], [ -74.770209, 10.96397 ], [ -74.771559, 10.964033 ], [ -74.772658, 10.964209 ], [ -74.774064, 10.964737 ], [ -74.775062, 10.964642 ], [ -74.777014, 10.964153 ], [ -74.779864, 10.96404 ], [ -74.780548, 10.963518 ], [ -74.781368, 10.962537 ], [ -74.782225, 10.961689 ], [ -74.783407, 10.961137 ], [ -74.783573, 10.961169 ], [ -74.783689, 10.961291 ], [ -74.783711, 10.961458 ], [ -74.783629, 10.961604 ], [ -74.782579, 10.962107 ], [ -74.781783, 10.962892 ], [ -74.780952, 10.963887 ], [ -74.780056, 10.964562 ], [ -74.777066, 10.964694 ], [ -74.775179, 10.965172 ], [ -74.774052, 10.965283 ], [ -74.773928, 10.965267 ], [ -74.772489, 10.964726 ], [ -74.771489, 10.964571 ], [ -74.770199, 10.964512 ], [ -74.769568, 10.964553 ], [ -74.770217, 10.966278 ], [ -74.770408, 10.96776 ], [ -74.770228, 10.969112 ], [ -74.770349, 10.972522 ], [ -74.770166, 10.975091 ], [ -74.77011, 10.977003 ], [ -74.771544, 10.977036 ], [ -74.773023, 10.977226 ], [ -74.774282, 10.977608 ], [ -74.774748, 10.978081 ], [ -74.774835, 10.978857 ], [ -74.774775, 10.980629 ], [ -74.774775, 10.981568 ], [ -74.775588, 10.983233 ], [ -74.775614, 10.983351 ], [ -74.775607, 10.98424 ], [ -74.775581, 10.984352 ], [ -74.775053, 10.985459 ], [ -74.774936, 10.985581 ], [ -74.77477, 10.985611 ], [ -74.774687, 10.985587 ], [ -74.774564, 10.985471 ], [ -74.774533, 10.985307 ], [ -74.775058, 10.984177 ], [ -74.775064, 10.983409 ], [ -74.774254, 10.981753 ], [ -74.774225, 10.981632 ], [ -74.774226, 10.980615 ], [ -74.774286, 10.978855 ], [ -74.774237, 10.97832 ], [ -74.773996, 10.978081 ], [ -74.772886, 10.977752 ], [ -74.771489, 10.977577 ], [ -74.768808, 10.977516 ], [ -74.76566, 10.977573 ], [ -74.764351, 10.977784 ], [ -74.763008, 10.977809 ], [ -74.761677, 10.977632 ], [ -74.760969, 10.9777 ], [ -74.759806, 10.97792 ], [ -74.759723, 10.977897 ], [ -74.759598, 10.977784 ], [ -74.759568, 10.977704 ], [ -74.759587, 10.977537 ], [ -74.759635, 10.977467 ], [ -74.759783, 10.977384 ], [ -74.760873, 10.977166 ], [ -74.761657, 10.977088 ], [ -74.763019, 10.977266 ], [ -74.76432, 10.977242 ], [ -74.765629, 10.977031 ], [ -74.768803, 10.976974 ], [ -74.769561, 10.976991 ], [ -74.769618, 10.97506 ], [ -74.7698, 10.972527 ], [ -74.769679, 10.969109 ], [ -74.769859, 10.967794 ], [ -74.769691, 10.966436 ], [ -74.765454, 10.955332 ], [ -74.764502, 10.952613 ], [ -74.764124, 10.951815 ], [ -74.763536, 10.951473 ], [ -74.760328, 10.95124 ], [ -74.759028, 10.951378 ] ] ], [ [ [ -74.78259, 10.999628 ], [ -74.78301, 11.000852 ], [ -74.783061, 11.002185 ], [ -74.783034, 11.002313 ], [ -74.782604, 11.003191 ], [ -74.781378, 11.005415 ], [ -74.780335, 11.006297 ], [ -74.779793, 11.007166 ], [ -74.779662, 11.007864 ], [ -74.779611, 11.007978 ], [ -74.779279, 11.008391 ], [ -74.779117, 11.00844 ], [ -74.779032, 11.008425 ], [ -74.778897, 11.008324 ], [ -74.778847, 11.008164 ], [ -74.778902, 11.008005 ], [ -74.779133, 11.007703 ], [ -74.779298, 11.006924 ], [ -74.779949, 11.005908 ], [ -74.780921, 11.00511 ], [ -74.782118, 11.002937 ], [ -74.782509, 11.002138 ], [ -74.782463, 11.000914 ], [ -74.782074, 10.999815 ], [ -74.780969, 10.997252 ], [ -74.779599, 10.995164 ], [ -74.779553, 10.995002 ], [ -74.77957, 10.994919 ], [ -74.779675, 10.994787 ], [ -74.779838, 10.994742 ], [ -74.779922, 10.994758 ], [ -74.780056, 10.994862 ], [ -74.781444, 10.99698 ], [ -74.78259, 10.999628 ] ] ], [ [ [ -74.802113, 11.009682 ], [ -74.801271, 11.010093 ], [ -74.800817, 11.010265 ], [ -74.800502, 11.010467 ], [ -74.800263, 11.010834 ], [ -74.799758, 11.012037 ], [ -74.799612, 11.012651 ], [ -74.799337, 11.01354 ], [ -74.799123, 11.014063 ], [ -74.798544, 11.014706 ], [ -74.79823, 11.015103 ], [ -74.798107, 11.015388 ], [ -74.79792, 11.015664 ], [ -74.797809, 11.015757 ], [ -74.797542, 11.015878 ], [ -74.797412, 11.016117 ], [ -74.797042, 11.017146 ], [ -74.796741, 11.017398 ], [ -74.796233, 11.017901 ], [ -74.79535, 11.018658 ], [ -74.794259, 11.019532 ], [ -74.79366, 11.020196 ], [ -74.793496, 11.020238 ], [ -74.793338, 11.020177 ], [ -74.793247, 11.020035 ], [ -74.793258, 11.019868 ], [ -74.793867, 11.019152 ], [ -74.795, 11.018239 ], [ -74.795866, 11.017498 ], [ -74.796363, 11.017004 ], [ -74.796583, 11.016828 ], [ -74.796901, 11.015918 ], [ -74.797101, 11.015541 ], [ -74.797229, 11.015423 ], [ -74.797511, 11.015295 ], [ -74.797613, 11.01515 ], [ -74.797775, 11.014796 ], [ -74.798134, 11.014346 ], [ -74.798633, 11.013812 ], [ -74.798816, 11.01337 ], [ -74.799084, 11.012501 ], [ -74.799238, 11.011861 ], [ -74.799467, 11.011269 ], [ -74.79977, 11.010594 ], [ -74.800072, 11.010124 ], [ -74.800154, 11.010044 ], [ -74.800542, 11.009794 ], [ -74.801064, 11.00959 ], [ -74.801753, 11.009261 ], [ -74.801913, 11.008965 ], [ -74.801913, 11.008723 ], [ -74.801965, 11.008564 ], [ -74.802103, 11.008465 ], [ -74.802272, 11.008465 ], [ -74.80241, 11.008563 ], [ -74.802449, 11.008639 ], [ -74.802462, 11.00902 ], [ -74.80244, 11.009127 ], [ -74.802296, 11.009442 ], [ -74.802113, 11.009682 ] ] ] ] } }
]
}
