{
  "type": "FeatureCollection",
  "features": [
    {
      "type": "Feature",
      "properties": {
        "ID": "ISO_15",
        "RANGO": "0 - 15 min",
        "TIEMPO_MIN": 15,
        "NIVEL": "Acceso Inmediato",
        "DESCRIPCION": "Área de contacto directo con terminales portuarios fluviales y marítimos. Incluye Vía 40, Barrio Abajo, Corredor Portuario y zona industrial norte.",
        "VEL_PROM": "20 - 25 km/h",
        "COLOR": "#10b981",
        "USO_LOGISTICO": "Bodegaje de rotación rápida, patios de contenedores inmediatos y agencias de aduana."
      },
      "geometry": {
        "type": "Polygon",
        "coordinates": [
          [
            [
              -74.75675693722614,
              10.937719527521692
            ],
            [
              -74.75792428759044,
              10.937560982339262
            ],
            [
              -74.75909517726419,
              10.937431133119736
            ],
            [
              -74.76026890094722,
              10.937330058079423
            ],
            [
              -74.76144475163228,
              10.937257818102152
            ],
            [
              -74.76262202103091,
              10.937214456702582
            ],
            [
              -74.7638,
              10.9372
            ],
            [
              -74.7649779789691,
              10.937214456702582
            ],
            [
              -74.76615524836772,
              10.937257818102152
            ],
            [
              -74.76733109905278,
              10.937330058079423
            ],
            [
              -74.76850482273582,
              10.937431133119736
            ],
            [
              -74.76967571240957,
              10.937560982339262
            ],
            [
              -74.77084306277386,
              10.937719527521692
            ],
            [
              -74.7720061706605,
              10.937906673165331
            ],
            [
              -74.77316433545678,
              10.938122306540645
            ],
            [
              -74.77431685952753,
              10.93836629775815
            ],
            [
              -74.77546304863536,
              10.938638499846663
            ],
            [
              -74.7766022123588,
              10.938938748841819
            ],
            [
              -74.77773366450822,
              10.939266863884855
            ],
            [
              -74.77885672353915,
              10.939622647331534
            ],
            [
              -74.77997071296284,
              10.940005884871216
            ],
            [
              -74.78107496175369,
              10.940416345655933
            ],
            [
              -74.78216880475352,
              10.94085378243946
            ],
            [
              -74.78325158307224,
              10.941317931726232
            ],
            [
              -74.78432264448466,
              10.941808513930075
            ],
            [
              -74.78538134382343,
              10.942325233542617
            ],
            [
              -74.78642704336765,
              10.94286777931128
            ],
            [
              -74.78745911322703,
              10.943435824426782
            ],
            [
              -74.78847693172128,
              10.944029026719988
            ],
            [
              -74.78947988575459,
              10.944647028868015
            ],
            [
              -74.79046737118495,
              10.945289458609478
            ],
            [
              -74.79143879318806,
              10.945955928968726
            ],
            [
              -74.79239356661564,
              10.94664603848893
            ],
            [
              -74.79333111634787,
              10.947359371473924
            ],
            [
              -74.79425087763985,
              10.948095498238589
            ],
            [
              -74.79515229646178,
              10.94885397536769
            ],
            [
              -74.79603482983266,
              10.949634345982963
            ],
            [
              -74.79689794614738,
              10.950436140018331
            ],
            [
              -74.79774112549696,
              10.951258874503047
            ],
            [
              -74.79856385998167,
              10.952102053852622
            ],
            [
              -74.79936565401704,
              10.952965170167344
            ],
            [
              -74.80014602463231,
              10.95384770353822
            ],
            [
              -74.80090450176141,
              10.954749122360147
            ],
            [
              -74.80164062852609,
              10.95566888365213
            ],
            [
              -74.80235396151107,
              10.956606433384364
            ],
            [
              -74.80304407103128,
              10.957561206811944
            ],
            [
              -74.80371054139053,
              10.95853262881506
            ],
            [
              -74.80435297113199,
              10.95952011424542
            ],
            [
              -74.80497097328002,
              10.960523068278727
            ],
            [
              -74.80556417557322,
              10.961540886772971
            ],
            [
              -74.80613222068872,
              10.962572956632354
            ],
            [
              -74.80667476645739,
              10.96361865617658
            ],
            [
              -74.80719148606993,
              10.964677355515347
            ],
            [
              -74.80768206827378,
              10.965748416927761
            ],
            [
              -74.80814621756055,
              10.966831195246476
            ],
            [
              -74.80858365434408,
              10.967925038246321
            ],
            [
              -74.80899411512878,
              10.969029287037174
            ],
            [
              -74.80937735266846,
              10.970143276460854
            ],
            [
              -74.80973313611516,
              10.971266335491787
            ],
            [
              -74.81006125115819,
              10.972397787641206
            ],
            [
              -74.81036150015335,
              10.973536951364643
            ],
            [
              -74.81063370224186,
              10.974683140472472
            ],
            [
              -74.81087769345936,
              10.975835664543226
            ],
            [
              -74.81109332683467,
              10.976993829339506
            ],
            [
              -74.81128047247832,
              10.978156937226144
            ],
            [
              -74.81143901766075,
              10.979324287590439
            ],
            [
              -74.81156886688026,
              10.980495177264181
            ],
            [
              -74.81166994192058,
              10.981668900947216
            ],
            [
              -74.81174218189786,
              10.982844751632285
            ],
            [
              -74.81178554329742,
              10.984022021030901
            ],
            [
              -74.8118,
              10.9852
            ],
            [
              -74.81178554329742,
              10.9863779789691
            ],
            [
              -74.81174218189786,
              10.987555248367716
            ],
            [
              -74.81166994192058,
              10.988731099052785
            ],
            [
              -74.81156886688026,
              10.98990482273582
            ],
            [
              -74.81143901766075,
              10.991075712409563
            ],
            [
              -74.81128047247832,
              10.992243062773857
            ],
            [
              -74.81109332683467,
              10.993406170660496
            ],
            [
              -74.81087769345936,
              10.994564335456776
            ],
            [
              -74.81063370224186,
              10.99571685952753
            ],
            [
              -74.81036150015335,
              10.996863048635358
            ],
            [
              -74.81006125115819,
              10.998002212358795
            ],
            [
              -74.80973313611516,
              10.999133664508214
            ],
            [
              -74.80937735266846,
              11.000256723539147
            ],
            [
              -74.80899411512878,
              11.001370712962828
            ],
            [
              -74.80858365434408,
              11.00247496175368
            ],
            [
              -74.80814621756055,
              11.003568804753526
            ],
            [
              -74.80768206827378,
              11.00465158307224
            ],
            [
              -74.80719148606993,
              11.005722644484655
            ],
            [
              -74.80667476645739,
              11.006781343823421
            ],
            [
              -74.80613222068872,
              11.007827043367648
            ],
            [
              -74.80556417557322,
              11.00885911322703
            ],
            [
              -74.80497097328002,
              11.009876931721275
            ],
            [
              -74.80435297113199,
              11.010879885754582
            ],
            [
              -74.80371054139053,
              11.011867371184941
            ],
            [
              -74.80304407103128,
              11.012838793188058
            ],
            [
              -74.80235396151107,
              11.013793566615638
            ],
            [
              -74.80164062852609,
              11.014731116347871
            ],
            [
              -74.80090450176141,
              11.015650877639855
            ],
            [
              -74.80014602463231,
              11.016552296461782
            ],
            [
              -74.79936565401704,
              11.017434829832657
            ],
            [
              -74.79856385998167,
              11.01829794614738
            ],
            [
              -74.79774112549696,
              11.019141125496954
            ],
            [
              -74.79689794614738,
              11.01996385998167
            ],
            [
              -74.79603482983266,
              11.020765654017039
            ],
            [
              -74.79515229646178,
              11.021546024632311
            ],
            [
              -74.79425087763985,
              11.022304501761413
            ],
            [
              -74.79333111634787,
              11.023040628526077
            ],
            [
              -74.79318262144972,
              11.023153610595529
            ],
            [
              -74.792436,
              11.022569
            ],
            [
              -74.791437,
              11.021915
            ],
            [
              -74.790388,
              11.021316
            ],
            [
              -74.787028,
              11.019541
            ],
            [
              -74.786033,
              11.01894
            ],
            [
              -74.785047,
              11.01824
            ],
            [
              -74.784478,
              11.017762
            ],
            [
              -74.78397,
              11.017266
            ],
            [
              -74.78364,
              11.016895
            ],
            [
              -74.782909,
              11.015994
            ],
            [
              -74.782141,
              11.015221
            ],
            [
              -74.781234,
              11.014474
            ],
            [
              -74.778952,
              11.012816
            ],
            [
              -74.777999,
              11.012044
            ],
            [
              -74.77678,
              11.010932
            ],
            [
              -74.775805,
              11.009998
            ],
            [
              -74.774586,
              11.008773
            ],
            [
              -74.77361,
              11.007746
            ],
            [
              -74.771651,
              11.005564
            ],
            [
              -74.769617,
              11.003135
            ],
            [
              -74.767451,
              11.00043
            ],
            [
              -74.765705,
              10.998106
            ],
            [
              -74.764221,
              10.995953
            ],
            [
              -74.763169,
              10.994271
            ],
            [
              -74.762249,
              10.992637
            ],
            [
              -74.761452,
              10.991037
            ],
            [
              -74.760933,
              10.989853
            ],
            [
              -74.760017,
              10.987497
            ],
            [
              -74.759402,
              10.98571
            ],
            [
              -74.759004,
              10.984322
            ],
            [
              -74.758754,
              10.983226
            ],
            [
              -74.758578,
              10.98218
            ],
            [
              -74.75849,
              10.981359
            ],
            [
              -74.758423,
              10.980001
            ],
            [
              -74.758368,
              10.979379
            ],
            [
              -74.758272,
              10.978697
            ],
            [
              -74.758133,
              10.977979
            ],
            [
              -74.757941,
              10.977177
            ],
            [
              -74.757672,
              10.976219
            ],
            [
              -74.756699,
              10.973156
            ],
            [
              -74.756402,
              10.97214
            ],
            [
              -74.756107,
              10.970922
            ],
            [
              -74.755927,
              10.969861
            ],
            [
              -74.755846,
              10.968956
            ],
            [
              -74.755844,
              10.968072
            ],
            [
              -74.755911,
              10.967299
            ],
            [
              -74.756113,
              10.965738
            ],
            [
              -74.756167,
              10.964795
            ],
            [
              -74.756112,
              10.964129
            ],
            [
              -74.755878,
              10.962697
            ],
            [
              -74.755852,
              10.962314
            ],
            [
              -74.755861,
              10.961979
            ],
            [
              -74.755944,
              10.961497
            ],
            [
              -74.756189,
              10.960656
            ],
            [
              -74.756518,
              10.959295
            ],
            [
              -74.756903,
              10.957366
            ],
            [
              -74.757124,
              10.955967
            ],
            [
              -74.757251,
              10.954985
            ],
            [
              -74.757394,
              10.953569
            ],
            [
              -74.757469,
              10.952536
            ],
            [
              -74.757542,
              10.950598
            ],
            [
              -74.757529,
              10.948713
            ],
            [
              -74.757459,
              10.947227
            ],
            [
              -74.757296,
              10.945368
            ],
            [
              -74.757034,
              10.943439
            ],
            [
              -74.756681,
              10.94155
            ],
            [
              -74.756239,
              10.939707
            ],
            [
              -74.755794,
              10.938085
            ],
            [
              -74.75573227597333,
              10.937884396913322
            ],
            [
              -74.75675693722614,
              10.937719527521692
            ]
          ]
        ]
      }
    },
    {
      "type": "Feature",
      "properties": {
        "ID": "ISO_30",
        "RANGO": "15 - 30 min",
        "TIEMPO_MIN": 30,
        "NIVEL": "Área Periurbana y Expansión Logística",
        "DESCRIPCION": "Corona intermedia metropolitana articulada por la Avenida Circunvalar, corredor de Soledad y acceso oriental a Galapa.",
        "VEL_PROM": "30 - 35 km/h",
        "COLOR": "#f59e0b",
        "USO_LOGISTICO": "Centros de distribución mayorista, terminales de carga terrestre y parques industriales periurbanos."
      },
      "geometry": {
        "type": "Polygon",
        "coordinates": [
          [
            [
              -74.74136461296816,
              10.87240969275363
            ],
            [
              -74.74413938279257,
              10.871893071125273
            ],
            [
              -74.74692599543764,
              10.87144470135405
            ],
            [
              -74.74972277235209,
              10.87106485352115
            ],
            [
              -74.7525280288621,
              10.870753756432698
            ],
            [
              -74.75534007518604,
              10.87051159748195
            ],
            [
              -74.75815721745235,
              10.870338522536406
            ],
            [
              -74.76097775871987,
              10.870234635849938
            ],
            [
              -74.7638,
              10.8702
            ],
            [
              -74.76662224128013,
              10.870234635849938
            ],
            [
              -74.76944278254766,
              10.870338522536406
            ],
            [
              -74.77225992481397,
              10.87051159748195
            ],
            [
              -74.7750719711379,
              10.870753756432698
            ],
            [
              -74.77787722764792,
              10.87106485352115
            ],
            [
              -74.78067400456237,
              10.87144470135405
            ],
            [
              -74.78346061720744,
              10.871893071125273
            ],
            [
              -74.78623538703185,
              10.87240969275363
            ],
            [
              -74.78899664261805,
              10.87299425504557
            ],
            [
              -74.79174272068887,
              10.873646405882628
            ],
            [
              -74.79447196710962,
              10.874365752433524
            ],
            [
              -74.79718273788427,
              10.875151861390798
            ],
            [
              -74.79987340014587,
              10.876004259231802
            ],
            [
              -74.80254233314011,
              10.876922432503953
            ],
            [
              -74.80518792920152,
              10.877905828134006
            ],
            [
              -74.80780859472199,
              10.878953853761203
            ],
            [
              -74.81040275111057,
              10.880065878094095
            ],
            [
              -74.81296883574448,
              10.881241231290804
            ],
            [
              -74.81550530291028,
              10.882479205362516
            ],
            [
              -74.818010624735,
              10.88377905459994
            ],
            [
              -74.82048329210643,
              10.885139996022499
            ],
            [
              -74.82292181558222,
              10.886561209849969
            ],
            [
              -74.82532472628702,
              10.888041839996285
            ],
            [
              -74.82769057679725,
              10.889580994585208
            ],
            [
              -74.83001794201306,
              10.89117774648757
            ],
            [
              -74.83230542001664,
              10.892831133879726
            ],
            [
              -74.83455163291677,
              10.894540160822942
            ],
            [
              -74.83675522767882,
              10.896303797863286
            ],
            [
              -74.83891487693968,
              10.898120982651754
            ],
            [
              -74.84102927980742,
              10.89999062058418
            ],
            [
              -74.84309716264477,
              10.901911585460581
            ],
            [
              -74.84511727983646,
              10.903882720163548
            ],
            [
              -74.84708841453943,
              10.905902837355239
            ],
            [
              -74.84900937941582,
              10.907970720192594
            ],
            [
              -74.85087901734825,
              10.910085123060316
            ],
            [
              -74.85269620213671,
              10.91224477232118
            ],
            [
              -74.85445983917707,
              10.914448367083228
            ],
            [
              -74.85616886612027,
              10.916694579983371
            ],
            [
              -74.85782225351244,
              10.918982057986948
            ],
            [
              -74.8594190054148,
              10.921309423202747
            ],
            [
              -74.86095816000372,
              10.923675273712984
            ],
            [
              -74.86243879015004,
              10.926078184417781
            ],
            [
              -74.8638600039775,
              10.928516707893575
            ],
            [
              -74.86522094540007,
              10.93098937526501
            ],
            [
              -74.86652079463748,
              10.93349469708972
            ],
            [
              -74.8677587687092,
              10.936031164255517
            ],
            [
              -74.86893412190591,
              10.938597248889426
            ],
            [
              -74.8700461462388,
              10.941191405278015
            ],
            [
              -74.871094171866,
              10.943812070798478
            ],
            [
              -74.87207756749605,
              10.946457666859896
            ],
            [
              -74.8729957407682,
              10.949126599854129
            ],
            [
              -74.8738481386092,
              10.951817262115737
            ],
            [
              -74.87463424756648,
              10.954528032890387
            ],
            [
              -74.87535359411737,
              10.957257279311126
            ],
            [
              -74.87600574495444,
              10.96000335738196
            ],
            [
              -74.87659030724637,
              10.962764612968146
            ],
            [
              -74.87710692887474,
              10.965539382792565
            ],
            [
              -74.87755529864596,
              10.968325995437635
            ],
            [
              -74.87793514647886,
              10.971122772352091
            ],
            [
              -74.8782462435673,
              10.973928028862101
            ],
            [
              -74.87848840251806,
              10.976740075186038
            ],
            [
              -74.8786614774636,
              10.979557217452347
            ],
            [
              -74.87876536415007,
              10.982377758719865
            ],
            [
              -74.8788,
              10.9852
            ],
            [
              -74.87876536415007,
              10.988022241280136
            ],
            [
              -74.8786614774636,
              10.990842782547654
            ],
            [
              -74.87848840251806,
              10.993659924813963
            ],
            [
              -74.8782462435673,
              10.9964719711379
            ],
            [
              -74.87793514647886,
              10.99927722764791
            ],
            [
              -74.87755529864596,
              11.002074004562367
            ],
            [
              -74.87710692887474,
              11.004860617207436
            ],
            [
              -74.87659030724637,
              11.007635387031856
            ],
            [
              -74.87600574495444,
              11.01039664261804
            ],
            [
              -74.87535359411737,
              11.013142720688876
            ],
            [
              -74.87463424756648,
              11.015871967109614
            ],
            [
              -74.8738481386092,
              11.018582737884264
            ],
            [
              -74.8729957407682,
              11.021273400145873
            ],
            [
              -74.87207756749605,
              11.023942333140106
            ],
            [
              -74.871094171866,
              11.026587929201524
            ],
            [
              -74.8700461462388,
              11.029208594721986
            ],
            [
              -74.86893412190591,
              11.031802751110575
            ],
            [
              -74.8677587687092,
              11.034368835744484
            ],
            [
              -74.86652079463748,
              11.03690530291028
            ],
            [
              -74.86522094540007,
              11.039410624734991
            ],
            [
              -74.8638600039775,
              11.041883292106426
            ],
            [
              -74.86243879015004,
              11.04432181558222
            ],
            [
              -74.86095816000372,
              11.046724726287017
            ],
            [
              -74.8594190054148,
              11.049090576797255
            ],
            [
              -74.85782225351244,
              11.051417942013053
            ],
            [
              -74.85616886612027,
              11.05370542001663
            ],
            [
              -74.85594083524869,
              11.054005126166631
            ],
            [
              -74.855324,
              11.054288
            ],
            [
              -74.854932,
              11.054499
            ],
            [
              -74.854133,
              11.055028
            ],
            [
              -74.853857,
              11.055158
            ],
            [
              -74.853072,
              11.055475
            ],
            [
              -74.852468,
              11.055792
            ],
            [
              -74.852197,
              11.055899
            ],
            [
              -74.852108,
              11.055899
            ],
            [
              -74.851775,
              11.055997
            ],
            [
              -74.85119,
              11.05628
            ],
            [
              -74.850719,
              11.056524
            ],
            [
              -74.850204,
              11.056836
            ],
            [
              -74.849501,
              11.057196
            ],
            [
              -74.849095,
              11.05746
            ],
            [
              -74.848043,
              11.058287
            ],
            [
              -74.847652,
              11.058472
            ],
            [
              -74.847464,
              11.058522
            ],
            [
              -74.847227,
              11.058523
            ],
            [
              -74.847014,
              11.058506
            ],
            [
              -74.846806,
              11.058422
            ],
            [
              -74.846487,
              11.058162
            ],
            [
              -74.846344,
              11.057927
            ],
            [
              -74.84631,
              11.057742
            ],
            [
              -74.846328,
              11.057696
            ],
            [
              -74.845952,
              11.057358
            ],
            [
              -74.845875,
              11.05756
            ],
            [
              -74.845799,
              11.05767
            ],
            [
              -74.845662,
              11.057793
            ],
            [
              -74.845576,
              11.057984
            ],
            [
              -74.845621,
              11.058616
            ],
            [
              -74.845253,
              11.05976
            ],
            [
              -74.845006,
              11.060431
            ],
            [
              -74.844389,
              11.061509
            ],
            [
              -74.844052,
              11.062028
            ],
            [
              -74.843929,
              11.062298
            ],
            [
              -74.843822,
              11.062661
            ],
            [
              -74.843855,
              11.062815
            ],
            [
              -74.843849,
              11.063002
            ],
            [
              -74.84402,
              11.063241
            ],
            [
              -74.844101,
              11.0634
            ],
            [
              -74.844306,
              11.063609
            ],
            [
              -74.844364,
              11.063805
            ],
            [
              -74.844534,
              11.064027
            ],
            [
              -74.844613,
              11.064215
            ],
            [
              -74.845687,
              11.065804
            ],
            [
              -74.8457350174239,
              11.065884191535352
            ],
            [
              -74.84511727983646,
              11.066517279836454
            ],
            [
              -74.8439802039442,
              11.067626784651502
            ],
            [
              -74.843715,
              11.067006
            ],
            [
              -74.843079,
              11.065699
            ],
            [
              -74.841758,
              11.063166
            ],
            [
              -74.840801,
              11.061472
            ],
            [
              -74.839688,
              11.059661
            ],
            [
              -74.838729,
              11.058238
            ],
            [
              -74.837653,
              11.056781
            ],
            [
              -74.836424,
              11.055244
            ],
            [
              -74.835466,
              11.054126
            ],
            [
              -74.834148,
              11.052689
            ],
            [
              -74.833131,
              11.051655
            ],
            [
              -74.831746,
              11.050343
            ],
            [
              -74.830686,
              11.04941
            ],
            [
              -74.829251,
              11.048238
            ],
            [
              -74.827429,
              11.046895
            ],
            [
              -74.82638,
              11.046239
            ],
            [
              -74.824958,
              11.045498
            ],
            [
              -74.822091,
              11.044144
            ],
            [
              -74.821266,
              11.043714
            ],
            [
              -74.82047,
              11.043248
            ],
            [
              -74.819769,
              11.042777
            ],
            [
              -74.819343,
              11.042452
            ],
            [
              -74.817823,
              11.041133
            ],
            [
              -74.816946,
              11.040439
            ],
            [
              -74.815994,
              11.039761
            ],
            [
              -74.814679,
              11.038926
            ],
            [
              -74.813564,
              11.038285
            ],
            [
              -74.812241,
              11.03758
            ],
            [
              -74.807222,
              11.035109
            ],
            [
              -74.805403,
              11.034159
            ],
            [
              -74.803612,
              11.033115
            ],
            [
              -74.802718,
              11.03253
            ],
            [
              -74.802091,
              11.032087
            ],
            [
              -74.801308,
              11.031486
            ],
            [
              -74.800702,
              11.030977
            ],
            [
              -74.799491,
              11.029828
            ],
            [
              -74.798301,
              11.028555
            ],
            [
              -74.796217,
              11.026182
            ],
            [
              -74.795168,
              11.025034
            ],
            [
              -74.794215,
              11.024072
            ],
            [
              -74.793307,
              11.023251
            ],
            [
              -74.792436,
              11.022569
            ],
            [
              -74.79318262144972,
              11.023153610595529
            ],
            [
              -74.79333111634787,
              11.023040628526077
            ],
            [
              -74.79425087763985,
              11.022304501761413
            ],
            [
              -74.79515229646178,
              11.021546024632311
            ],
            [
              -74.79603482983266,
              11.020765654017039
            ],
            [
              -74.79689794614738,
              11.01996385998167
            ],
            [
              -74.79774112549696,
              11.019141125496954
            ],
            [
              -74.79856385998167,
              11.01829794614738
            ],
            [
              -74.79936565401704,
              11.017434829832657
            ],
            [
              -74.80014602463231,
              11.016552296461782
            ],
            [
              -74.80090450176141,
              11.015650877639855
            ],
            [
              -74.80164062852609,
              11.014731116347871
            ],
            [
              -74.80235396151107,
              11.013793566615638
            ],
            [
              -74.80304407103128,
              11.012838793188058
            ],
            [
              -74.80371054139053,
              11.011867371184941
            ],
            [
              -74.80435297113199,
              11.010879885754582
            ],
            [
              -74.80497097328002,
              11.009876931721275
            ],
            [
              -74.80556417557322,
              11.00885911322703
            ],
            [
              -74.80613222068872,
              11.007827043367648
            ],
            [
              -74.80667476645739,
              11.006781343823421
            ],
            [
              -74.80719148606993,
              11.005722644484655
            ],
            [
              -74.80768206827378,
              11.00465158307224
            ],
            [
              -74.80814621756055,
              11.003568804753526
            ],
            [
              -74.80858365434408,
              11.00247496175368
            ],
            [
              -74.80899411512878,
              11.001370712962828
            ],
            [
              -74.80937735266846,
              11.000256723539147
            ],
            [
              -74.80973313611516,
              10.999133664508214
            ],
            [
              -74.81006125115819,
              10.998002212358795
            ],
            [
              -74.81036150015335,
              10.996863048635358
            ],
            [
              -74.81063370224186,
              10.99571685952753
            ],
            [
              -74.81087769345936,
              10.994564335456776
            ],
            [
              -74.81109332683467,
              10.993406170660496
            ],
            [
              -74.81128047247832,
              10.992243062773857
            ],
            [
              -74.81143901766075,
              10.991075712409563
            ],
            [
              -74.81156886688026,
              10.98990482273582
            ],
            [
              -74.81166994192058,
              10.988731099052785
            ],
            [
              -74.81174218189786,
              10.987555248367716
            ],
            [
              -74.81178554329742,
              10.9863779789691
            ],
            [
              -74.8118,
              10.9852
            ],
            [
              -74.81178554329742,
              10.984022021030901
            ],
            [
              -74.81174218189786,
              10.982844751632285
            ],
            [
              -74.81166994192058,
              10.981668900947216
            ],
            [
              -74.81156886688026,
              10.980495177264181
            ],
            [
              -74.81143901766075,
              10.979324287590439
            ],
            [
              -74.81128047247832,
              10.978156937226144
            ],
            [
              -74.81109332683467,
              10.976993829339506
            ],
            [
              -74.81087769345936,
              10.975835664543226
            ],
            [
              -74.81063370224186,
              10.974683140472472
            ],
            [
              -74.81036150015335,
              10.973536951364643
            ],
            [
              -74.81006125115819,
              10.972397787641206
            ],
            [
              -74.80973313611516,
              10.971266335491787
            ],
            [
              -74.80937735266846,
              10.970143276460854
            ],
            [
              -74.80899411512878,
              10.969029287037174
            ],
            [
              -74.80858365434408,
              10.967925038246321
            ],
            [
              -74.80814621756055,
              10.966831195246476
            ],
            [
              -74.80768206827378,
              10.965748416927761
            ],
            [
              -74.80719148606993,
              10.964677355515347
            ],
            [
              -74.80667476645739,
              10.96361865617658
            ],
            [
              -74.80613222068872,
              10.962572956632354
            ],
            [
              -74.80556417557322,
              10.961540886772971
            ],
            [
              -74.80497097328002,
              10.960523068278727
            ],
            [
              -74.80435297113199,
              10.95952011424542
            ],
            [
              -74.80371054139053,
              10.95853262881506
            ],
            [
              -74.80304407103128,
              10.957561206811944
            ],
            [
              -74.80235396151107,
              10.956606433384364
            ],
            [
              -74.80164062852609,
              10.95566888365213
            ],
            [
              -74.80090450176141,
              10.954749122360147
            ],
            [
              -74.80014602463231,
              10.95384770353822
            ],
            [
              -74.79936565401704,
              10.952965170167344
            ],
            [
              -74.79856385998167,
              10.952102053852622
            ],
            [
              -74.79774112549696,
              10.951258874503047
            ],
            [
              -74.79689794614738,
              10.950436140018331
            ],
            [
              -74.79603482983266,
              10.949634345982963
            ],
            [
              -74.79515229646178,
              10.94885397536769
            ],
            [
              -74.79425087763985,
              10.948095498238589
            ],
            [
              -74.79333111634787,
              10.947359371473924
            ],
            [
              -74.79239356661564,
              10.94664603848893
            ],
            [
              -74.79143879318806,
              10.945955928968726
            ],
            [
              -74.79046737118495,
              10.945289458609478
            ],
            [
              -74.78947988575459,
              10.944647028868015
            ],
            [
              -74.78847693172128,
              10.944029026719988
            ],
            [
              -74.78745911322703,
              10.943435824426782
            ],
            [
              -74.78642704336765,
              10.94286777931128
            ],
            [
              -74.78538134382343,
              10.942325233542617
            ],
            [
              -74.78432264448466,
              10.941808513930075
            ],
            [
              -74.78325158307224,
              10.941317931726232
            ],
            [
              -74.78216880475352,
              10.94085378243946
            ],
            [
              -74.78107496175369,
              10.940416345655933
            ],
            [
              -74.77997071296284,
              10.940005884871216
            ],
            [
              -74.77885672353915,
              10.939622647331534
            ],
            [
              -74.77773366450822,
              10.939266863884855
            ],
            [
              -74.7766022123588,
              10.938938748841819
            ],
            [
              -74.77546304863536,
              10.938638499846663
            ],
            [
              -74.77431685952753,
              10.93836629775815
            ],
            [
              -74.77316433545678,
              10.938122306540645
            ],
            [
              -74.7720061706605,
              10.937906673165331
            ],
            [
              -74.77084306277386,
              10.937719527521692
            ],
            [
              -74.76967571240957,
              10.937560982339262
            ],
            [
              -74.76850482273582,
              10.937431133119736
            ],
            [
              -74.76733109905278,
              10.937330058079423
            ],
            [
              -74.76615524836772,
              10.937257818102152
            ],
            [
              -74.7649779789691,
              10.937214456702582
            ],
            [
              -74.7638,
              10.9372
            ],
            [
              -74.76262202103091,
              10.937214456702582
            ],
            [
              -74.76144475163228,
              10.937257818102152
            ],
            [
              -74.76026890094722,
              10.937330058079423
            ],
            [
              -74.75909517726419,
              10.937431133119736
            ],
            [
              -74.75792428759044,
              10.937560982339262
            ],
            [
              -74.75675693722614,
              10.937719527521692
            ],
            [
              -74.75573227597333,
              10.937884396913322
            ],
            [
              -74.755794,
              10.938085
            ],
            [
              -74.755526,
              10.937214
            ],
            [
              -74.755112,
              10.936172
            ],
            [
              -74.754474,
              10.934945
            ],
            [
              -74.754159,
              10.934436
            ],
            [
              -74.75384,
              10.933984
            ],
            [
              -74.753516,
              10.933589
            ],
            [
              -74.753263,
              10.933329
            ],
            [
              -74.753028,
              10.933133
            ],
            [
              -74.752675,
              10.932899
            ],
            [
              -74.752271,
              10.932694
            ],
            [
              -74.751822,
              10.932518
            ],
            [
              -74.750944,
              10.93227
            ],
            [
              -74.748818,
              10.931845
            ],
            [
              -74.747937,
              10.931624
            ],
            [
              -74.747482,
              10.931472
            ],
            [
              -74.747077,
              10.931303
            ],
            [
              -74.746464,
              10.930954
            ],
            [
              -74.745897,
              10.930521
            ],
            [
              -74.745398,
              10.930093
            ],
            [
              -74.744885,
              10.929611
            ],
            [
              -74.744261,
              10.928973
            ],
            [
              -74.743898,
              10.928542
            ],
            [
              -74.743532,
              10.928039
            ],
            [
              -74.7423,
              10.926084
            ],
            [
              -74.741944,
              10.925562
            ],
            [
              -74.741569,
              10.925078
            ],
            [
              -74.741022,
              10.924482
            ],
            [
              -74.740502,
              10.923975
            ],
            [
              -74.739933,
              10.923469
            ],
            [
              -74.739146,
              10.922828
            ],
            [
              -74.737709,
              10.921779
            ],
            [
              -74.735277,
              10.920176
            ],
            [
              -74.734623,
              10.9198
            ],
            [
              -74.733889,
              10.919417
            ],
            [
              -74.730478,
              10.917831
            ],
            [
              -74.729032,
              10.917078
            ],
            [
              -74.728027,
              10.916449
            ],
            [
              -74.72636,
              10.915196
            ],
            [
              -74.725233,
              10.914508
            ],
            [
              -74.724491,
              10.914128
            ],
            [
              -74.723923,
              10.913895
            ],
            [
              -74.723443,
              10.913766
            ],
            [
              -74.722577,
              10.913592
            ],
            [
              -74.722062,
              10.913435
            ],
            [
              -74.721668,
              10.913243
            ],
            [
              -74.721292,
              10.913015
            ],
            [
              -74.720828,
              10.912672
            ],
            [
              -74.720378,
              10.912271
            ],
            [
              -74.71995,
              10.911818
            ],
            [
              -74.719632,
              10.911427
            ],
            [
              -74.719272,
              10.910913
            ],
            [
              -74.718756,
              10.910076
            ],
            [
              -74.718527,
              10.909629
            ],
            [
              -74.718399,
              10.909275
            ],
            [
              -74.718333,
              10.908895
            ],
            [
              -74.718362,
              10.908505
            ],
            [
              -74.718587,
              10.907687
            ],
            [
              -74.718821,
              10.907095
            ],
            [
              -74.719072,
              10.906611
            ],
            [
              -74.719442,
              10.90604
            ],
            [
              -74.719889,
              10.905475
            ],
            [
              -74.720419,
              10.904908
            ],
            [
              -74.721076,
              10.904301
            ],
            [
              -74.721861,
              10.903657
            ],
            [
              -74.724836,
              10.901478
            ],
            [
              -74.726787,
              10.899921
            ],
            [
              -74.72773,
              10.89925
            ],
            [
              -74.730456,
              10.897443
            ],
            [
              -74.73124,
              10.896877
            ],
            [
              -74.731791,
              10.89644
            ],
            [
              -74.732626,
              10.895686
            ],
            [
              -74.733415,
              10.894813
            ],
            [
              -74.734142,
              10.893883
            ],
            [
              -74.73468,
              10.893043
            ],
            [
              -74.735115,
              10.892233
            ],
            [
              -74.735529,
              10.891334
            ],
            [
              -74.736089,
              10.88992
            ],
            [
              -74.736577,
              10.888536
            ],
            [
              -74.736794,
              10.887824
            ],
            [
              -74.737069,
              10.886781
            ],
            [
              -74.737712,
              10.88386
            ],
            [
              -74.737844,
              10.883135
            ],
            [
              -74.737984,
              10.882156
            ],
            [
              -74.738135,
              10.880418
            ],
            [
              -74.738175,
              10.879344
            ],
            [
              -74.738181,
              10.878284
            ],
            [
              -74.738104,
              10.876001
            ],
            [
              -74.737951,
              10.873825
            ],
            [
              -74.7378941260611,
              10.873162686454892
            ],
            [
              -74.73860335738196,
              10.87299425504557
            ],
            [
              -74.74136461296816,
              10.87240969275363
            ]
          ],
          [
            [
              -74.764444,
              10.890712
            ],
            [
              -74.76427836551724,
              10.890423020689662
            ],
            [
              -74.764311,
              10.890509
            ],
            [
              -74.764444,
              10.890712
            ]
          ],
          [
            [
              -74.827095,
              10.889446
            ],
            [
              -74.8266562161666,
              10.889725854255952
            ],
            [
              -74.826847,
              10.88962
            ],
            [
              -74.827095,
              10.889446
            ]
          ],
          [
            [
              -74.82645818421042,
              10.889835730050988
            ],
            [
              -74.825905,
              10.890118
            ],
            [
              -74.826382,
              10.889878
            ],
            [
              -74.82645818421042,
              10.889835730050988
            ]
          ],
          [
            [
              -74.82183643121434,
              10.891048564126802
            ],
            [
              -74.82155949752882,
              10.891057655384154
            ],
            [
              -74.821666,
              10.891069
            ],
            [
              -74.82183643121434,
              10.891048564126802
            ]
          ],
          [
            [
              -74.82695271619863,
              11.03839044467169
            ],
            [
              -74.826891,
              11.038709
            ],
            [
              -74.826937,
              11.038501
            ],
            [
              -74.82695271619863,
              11.03839044467169
            ]
          ],
          [
            [
              -74.82713,
              11.03734
            ],
            [
              -74.827082,
              11.037481
            ],
            [
              -74.827242,
              11.037108
            ],
            [
              -74.82713,
              11.03734
            ]
          ],
          [
            [
              -74.829057,
              11.035276
            ],
            [
              -74.827481,
              11.036846
            ],
            [
              -74.827242,
              11.037108
            ],
            [
              -74.829057,
              11.035276
            ]
          ],
          [
            [
              -74.831213,
              11.032617
            ],
            [
              -74.830065,
              11.034135
            ],
            [
              -74.830575,
              11.033484
            ],
            [
              -74.831213,
              11.032617
            ]
          ],
          [
            [
              -74.831759,
              11.031781
            ],
            [
              -74.83176785993416,
              11.031766716903295
            ],
            [
              -74.831213,
              11.032617
            ],
            [
              -74.831759,
              11.031781
            ]
          ],
          [
            [
              -74.832407,
              11.030658
            ],
            [
              -74.8319286002863,
              11.031507587438817
            ],
            [
              -74.83204,
              11.031328
            ],
            [
              -74.832407,
              11.030658
            ]
          ],
          [
            [
              -74.874591,
              10.989663
            ],
            [
              -74.87457734914146,
              10.98969648323793
            ],
            [
              -74.87465203806228,
              10.989570352941165
            ],
            [
              -74.874591,
              10.989663
            ]
          ],
          [
            [
              -74.875045,
              10.988809098360655
            ],
            [
              -74.875045,
              10.988987
            ],
            [
              -74.875056,
              10.988843
            ],
            [
              -74.875045,
              10.988809098360655
            ]
          ],
          [
            [
              -74.875499,
              10.987204
            ],
            [
              -74.875135,
              10.987309
            ],
            [
              -74.875342,
              10.987253
            ],
            [
              -74.875499,
              10.987204
            ]
          ]
        ]
      }
    },
    {
      "type": "Feature",
      "properties": {
        "ID": "ISO_60",
        "RANGO": "30 - 60 min",
        "TIEMPO_MIN": 60,
        "NIVEL": "Borde Metropolitano y Conexión Regional 4G",
        "DESCRIPCION": "Franja exterior metropolitana articulada por la Autopista Circunvalar de la Prosperidad (4G), Puerto Colombia litoral, Malambo sur y acceso al Aeropuerto.",
        "VEL_PROM": "45 - 60 km/h",
        "COLOR": "#ef4444",
        "USO_LOGISTICO": "Plataformas logísticas intermodales de gran escala, Zonas Francas y conexión con Nuevo Puerto Interior."
      },
      "geometry": {
        "type": "MultiPolygon",
        "coordinates": [
          [
            [
              [
                -74.93247358161094,
                10.86010314605659
              ],
              [
                -74.93549281076183,
                10.864280279802253
              ],
              [
                -74.9377743774193,
                10.867605805119156
              ],
              [
                -74.937592,
                10.867794
              ],
              [
                -74.937374,
                10.867962
              ],
              [
                -74.936723,
                10.868586
              ],
              [
                -74.936385,
                10.868802
              ],
              [
                -74.936022,
                10.868946
              ],
              [
                -74.935815,
                10.868995
              ],
              [
                -74.935522,
                10.868957
              ],
              [
                -74.935248,
                10.868781
              ],
              [
                -74.93486,
                10.868758
              ],
              [
                -74.934449,
                10.868807
              ],
              [
                -74.934111,
                10.868952
              ],
              [
                -74.933629,
                10.869742
              ],
              [
                -74.93343,
                10.869955
              ],
              [
                -74.934309,
                10.870625
              ],
              [
                -74.934697,
                10.871007
              ],
              [
                -74.93494,
                10.871317
              ],
              [
                -74.935258,
                10.87205
              ],
              [
                -74.935258,
                10.872369
              ],
              [
                -74.935065,
                10.87268
              ],
              [
                -74.934848,
                10.872944
              ],
              [
                -74.934415,
                10.873926
              ],
              [
                -74.934222,
                10.874165
              ],
              [
                -74.933981,
                10.874381
              ],
              [
                -74.933546,
                10.874502
              ],
              [
                -74.932723,
                10.874481
              ],
              [
                -74.932384,
                10.874372
              ],
              [
                -74.932079,
                10.874447
              ],
              [
                -74.931853,
                10.874698
              ],
              [
                -74.931509,
                10.874973
              ],
              [
                -74.930728,
                10.875429
              ],
              [
                -74.930806,
                10.875675
              ],
              [
                -74.930673,
                10.875734
              ],
              [
                -74.930309,
                10.876281
              ],
              [
                -74.93014,
                10.876592
              ],
              [
                -74.929823,
                10.877389
              ],
              [
                -74.929841,
                10.877747
              ],
              [
                -74.929902,
                10.878028
              ],
              [
                -74.92983,
                10.878291
              ],
              [
                -74.929564,
                10.878804
              ],
              [
                -74.92951,
                10.879135
              ],
              [
                -74.929479,
                10.879693
              ],
              [
                -74.929472,
                10.880038
              ],
              [
                -74.92957,
                10.880373
              ],
              [
                -74.929586,
                10.880597
              ],
              [
                -74.929553,
                10.880722
              ],
              [
                -74.929645,
                10.881066
              ],
              [
                -74.929476,
                10.881521
              ],
              [
                -74.929332,
                10.881761
              ],
              [
                -74.929569,
                10.882499
              ],
              [
                -74.929965,
                10.88329
              ],
              [
                -74.930039,
                10.8836
              ],
              [
                -74.930048,
                10.883851
              ],
              [
                -74.929778,
                10.884752
              ],
              [
                -74.929825,
                10.885042
              ],
              [
                -74.929927,
                10.885327
              ],
              [
                -74.930065,
                10.885525
              ],
              [
                -74.930088,
                10.885759
              ],
              [
                -74.929988,
                10.88629
              ],
              [
                -74.930155,
                10.886176
              ],
              [
                -74.930315,
                10.886163
              ],
              [
                -74.930572,
                10.886213
              ],
              [
                -74.931016,
                10.886363
              ],
              [
                -74.931762,
                10.886383
              ],
              [
                -74.931962,
                10.886539
              ],
              [
                -74.93219,
                10.886794
              ],
              [
                -74.932612,
                10.887592
              ],
              [
                -74.932842,
                10.888678
              ],
              [
                -74.932843,
                10.889158
              ],
              [
                -74.932747,
                10.88951
              ],
              [
                -74.932037,
                10.890088
              ],
              [
                -74.931488,
                10.890473
              ],
              [
                -74.931296,
                10.890953
              ],
              [
                -74.931169,
                10.891945
              ],
              [
                -74.93077,
                10.892459
              ],
              [
                -74.930139,
                10.893013
              ],
              [
                -74.929634,
                10.893327
              ],
              [
                -74.92952,
                10.893911
              ],
              [
                -74.92951,
                10.894255
              ],
              [
                -74.92941,
                10.894492
              ],
              [
                -74.929031,
                10.894726
              ],
              [
                -74.92837,
                10.895319
              ],
              [
                -74.928244,
                10.895685
              ],
              [
                -74.928127,
                10.896479
              ],
              [
                -74.927955,
                10.898285
              ],
              [
                -74.928064,
                10.89875
              ],
              [
                -74.928146,
                10.899407
              ],
              [
                -74.928122,
                10.899917
              ],
              [
                -74.924532,
                10.935102
              ],
              [
                -74.923759,
                10.936249
              ],
              [
                -74.923802,
                10.936277
              ],
              [
                -74.923639,
                10.936521
              ],
              [
                -74.923157,
                10.937142
              ],
              [
                -74.922931,
                10.937541
              ],
              [
                -74.922769,
                10.937937
              ],
              [
                -74.922752,
                10.938371
              ],
              [
                -74.922807,
                10.939226
              ],
              [
                -74.922824,
                10.940342
              ],
              [
                -74.922887,
                10.941814
              ],
              [
                -74.922845,
                10.942211
              ],
              [
                -74.922626,
                10.942552
              ],
              [
                -74.921732,
                10.943533
              ],
              [
                -74.921238,
                10.944031
              ],
              [
                -74.921102,
                10.944128
              ],
              [
                -74.919188,
                10.945035
              ],
              [
                -74.9184,
                10.945287
              ],
              [
                -74.919941,
                10.946966
              ],
              [
                -74.920024,
                10.947271
              ],
              [
                -74.92,
                10.947493
              ],
              [
                -74.919917,
                10.947704
              ],
              [
                -74.919882,
                10.947874
              ],
              [
                -74.919864,
                10.948062
              ],
              [
                -74.919888,
                10.94822
              ],
              [
                -74.919941,
                10.948413
              ],
              [
                -74.920196,
                10.948999
              ],
              [
                -74.920428,
                10.949907
              ],
              [
                -74.920861,
                10.950241
              ],
              [
                -74.92111,
                10.950545
              ],
              [
                -74.921228,
                10.950844
              ],
              [
                -74.921335,
                10.950932
              ],
              [
                -74.921561,
                10.951078
              ],
              [
                -74.921768,
                10.951166
              ],
              [
                -74.922106,
                10.951218
              ],
              [
                -74.922278,
                10.951289
              ],
              [
                -74.922456,
                10.951505
              ],
              [
                -74.922604,
                10.951623
              ],
              [
                -74.923013,
                10.951734
              ],
              [
                -74.923209,
                10.951816
              ],
              [
                -74.923434,
                10.95195
              ],
              [
                -74.923606,
                10.952097
              ],
              [
                -74.924181,
                10.952747
              ],
              [
                -74.924916,
                10.950837
              ],
              [
                -74.925438,
                10.950901
              ],
              [
                -74.92622,
                10.951159
              ],
              [
                -74.926451,
                10.951194
              ],
              [
                -74.92673,
                10.951188
              ],
              [
                -74.927424,
                10.951082
              ],
              [
                -74.92785,
                10.951053
              ],
              [
                -74.928337,
                10.95107
              ],
              [
                -74.928799,
                10.951164
              ],
              [
                -74.929155,
                10.951275
              ],
              [
                -74.92954,
                10.951433
              ],
              [
                -74.929854,
                10.95162
              ],
              [
                -74.930068,
                10.951884
              ],
              [
                -74.930269,
                10.952042
              ],
              [
                -74.930483,
                10.952183
              ],
              [
                -74.930667,
                10.952212
              ],
              [
                -74.930815,
                10.9523
              ],
              [
                -74.93094,
                10.952417
              ],
              [
                -74.931129,
                10.952493
              ],
              [
                -74.930768,
                10.952882
              ],
              [
                -74.930359,
                10.953158
              ],
              [
                -74.930164,
                10.953345
              ],
              [
                -74.929796,
                10.95396
              ],
              [
                -74.92929,
                10.954687
              ],
              [
                -74.928966,
                10.955523
              ],
              [
                -74.928745,
                10.956249
              ],
              [
                -74.928477,
                10.957343
              ],
              [
                -74.928317,
                10.958792
              ],
              [
                -74.928418,
                10.959863
              ],
              [
                -74.928829,
                10.960816
              ],
              [
                -74.929359,
                10.9618
              ],
              [
                -74.929438,
                10.962066
              ],
              [
                -74.929399,
                10.962425
              ],
              [
                -74.929225,
                10.962761
              ],
              [
                -74.927701,
                10.964271
              ],
              [
                -74.928393,
                10.964809
              ],
              [
                -74.928562,
                10.965028
              ],
              [
                -74.928689,
                10.965392
              ],
              [
                -74.928773,
                10.96584
              ],
              [
                -74.928752,
                10.966246
              ],
              [
                -74.928489,
                10.966892
              ],
              [
                -74.928141,
                10.967444
              ],
              [
                -74.926676,
                10.96682
              ],
              [
                -74.926149,
                10.966632
              ],
              [
                -74.925327,
                10.966674
              ],
              [
                -74.924895,
                10.966622
              ],
              [
                -74.924557,
                10.966664
              ],
              [
                -74.924199,
                10.966768
              ],
              [
                -74.923883,
                10.96707
              ],
              [
                -74.923472,
                10.967529
              ],
              [
                -74.923093,
                10.967852
              ],
              [
                -74.92264,
                10.968091
              ],
              [
                -74.922239,
                10.968237
              ],
              [
                -74.922056,
                10.968377
              ],
              [
                -74.921784,
                10.96868
              ],
              [
                -74.921435,
                10.969201
              ],
              [
                -74.921232,
                10.969744
              ],
              [
                -74.920956,
                10.970354
              ],
              [
                -74.920094,
                10.971533
              ],
              [
                -74.919491,
                10.972218
              ],
              [
                -74.920812,
                10.972544
              ],
              [
                -74.921479,
                10.972786
              ],
              [
                -74.921786,
                10.972937
              ],
              [
                -74.922049,
                10.973173
              ],
              [
                -74.922325,
                10.973591
              ],
              [
                -74.922662,
                10.973972
              ],
              [
                -74.923011,
                10.974177
              ],
              [
                -74.923366,
                10.974329
              ],
              [
                -74.923685,
                10.974401
              ],
              [
                -74.924162,
                10.974462
              ],
              [
                -74.924469,
                10.97448
              ],
              [
                -74.925063,
                10.974455
              ],
              [
                -74.925302,
                10.974522
              ],
              [
                -74.92557,
                10.974809
              ],
              [
                -74.925731,
                10.974873
              ],
              [
                -74.926227,
                10.974922
              ],
              [
                -74.928095,
                10.974964
              ],
              [
                -74.928456,
                10.97491
              ],
              [
                -74.929215,
                10.97457
              ],
              [
                -74.929411,
                10.974546
              ],
              [
                -74.929601,
                10.974595
              ],
              [
                -74.930148,
                10.974804
              ],
              [
                -74.931114,
                10.975322
              ],
              [
                -74.931387,
                10.975531
              ],
              [
                -74.931545,
                10.975737
              ],
              [
                -74.931618,
                10.97589
              ],
              [
                -74.931635,
                10.976407
              ],
              [
                -74.931521,
                10.976778
              ],
              [
                -74.931268,
                10.977214
              ],
              [
                -74.932346,
                10.977802
              ],
              [
                -74.933134,
                10.976871
              ],
              [
                -74.933955,
                10.97649
              ],
              [
                -74.935094,
                10.975753
              ],
              [
                -74.935915,
                10.975157
              ],
              [
                -74.936936,
                10.974585
              ],
              [
                -74.937455,
                10.974329
              ],
              [
                -74.937799,
                10.974312
              ],
              [
                -74.938142,
                10.974428
              ],
              [
                -74.938511,
                10.974618
              ],
              [
                -74.9389,
                10.974773
              ],
              [
                -74.93938,
                10.974857
              ],
              [
                -74.939762,
                10.974824
              ],
              [
                -74.940162,
                10.974717
              ],
              [
                -74.940591,
                10.974563
              ],
              [
                -74.940888,
                10.974354
              ],
              [
                -74.941496,
                10.97379
              ],
              [
                -74.941745,
                10.973748
              ],
              [
                -74.941896,
                10.973758
              ],
              [
                -74.942052,
                10.97386
              ],
              [
                -74.942688,
                10.974437
              ],
              [
                -74.943415,
                10.974815
              ],
              [
                -74.943964,
                10.974991
              ],
              [
                -74.945454,
                10.975333
              ],
              [
                -74.946948,
                10.975809
              ],
              [
                -74.946894,
                10.975618
              ],
              [
                -74.946715,
                10.974613
              ],
              [
                -74.946614,
                10.972798
              ],
              [
                -74.946667,
                10.972425
              ],
              [
                -74.947148,
                10.971472
              ],
              [
                -74.947578,
                10.971123
              ],
              [
                -74.94825,
                10.970955
              ],
              [
                -74.948991,
                10.970967
              ],
              [
                -74.949323,
                10.970884
              ],
              [
                -74.949713,
                10.970985
              ],
              [
                -74.949898,
                10.970979
              ],
              [
                -74.950096,
                10.970922
              ],
              [
                -74.950259,
                10.97093
              ],
              [
                -74.950782,
                10.971298
              ],
              [
                -74.951392,
                10.971862
              ],
              [
                -74.952121,
                10.972818
              ],
              [
                -74.95236,
                10.972986
              ],
              [
                -74.952718,
                10.973134
              ],
              [
                -74.953578,
                10.973731
              ],
              [
                -74.954509,
                10.974128
              ],
              [
                -74.955697,
                10.974765
              ],
              [
                -74.955988,
                10.97499
              ],
              [
                -74.956364,
                10.975372
              ],
              [
                -74.956127,
                10.975964
              ],
              [
                -74.95574,
                10.976635
              ],
              [
                -74.955589,
                10.977008
              ],
              [
                -74.955534,
                10.977292
              ],
              [
                -74.95553,
                10.97756
              ],
              [
                -74.955619,
                10.977991
              ],
              [
                -74.955817,
                10.978177
              ],
              [
                -74.955935,
                10.978377
              ],
              [
                -74.956001,
                10.9784
              ],
              [
                -74.956156,
                10.978386
              ],
              [
                -74.956387,
                10.978409
              ],
              [
                -74.956496,
                10.978484
              ],
              [
                -74.956585,
                10.9786
              ],
              [
                -74.956637,
                10.978763
              ],
              [
                -74.958201,
                10.98076
              ],
              [
                -74.961484,
                10.98058
              ],
              [
                -74.962209,
                10.98079
              ],
              [
                -74.962652,
                10.980571
              ],
              [
                -74.965116,
                10.979935
              ],
              [
                -74.96527,
                10.980254
              ],
              [
                -74.965444,
                10.980147
              ],
              [
                -74.965984,
                10.979947
              ],
              [
                -74.966135,
                10.979987
              ],
              [
                -74.96652,
                10.979998
              ],
              [
                -74.966744,
                10.979947
              ],
              [
                -74.967527,
                10.979678
              ],
              [
                -74.967913,
                10.979576
              ],
              [
                -74.968317,
                10.979518
              ],
              [
                -74.96878,
                10.979503
              ],
              [
                -74.969529,
                10.979561
              ],
              [
                -74.969772,
                10.97955
              ],
              [
                -74.969956,
                10.979503
              ],
              [
                -74.970661,
                10.979179
              ],
              [
                -74.970892,
                10.979146
              ],
              [
                -74.971399,
                10.979266
              ],
              [
                -74.971565,
                10.97927
              ],
              [
                -74.9718,
                10.979222
              ],
              [
                -74.972311,
                10.979062
              ],
              [
                -74.973104,
                10.978928
              ],
              [
                -74.973358,
                10.978848
              ],
              [
                -74.97368616326692,
                10.978672851276889
              ],
              [
                -74.97373675192621,
                10.980046342010189
              ],
              [
                -74.9738,
                10.9852
              ],
              [
                -74.97379736983893,
                10.985414314045473
              ],
              [
                -74.972313,
                10.985701
              ],
              [
                -74.971107,
                10.986242
              ],
              [
                -74.969648,
                10.986847
              ],
              [
                -74.968964,
                10.987239
              ],
              [
                -74.968586,
                10.987362
              ],
              [
                -74.966928,
                10.987808
              ],
              [
                -74.965398,
                10.988586
              ],
              [
                -74.963234,
                10.989615
              ],
              [
                -74.960996,
                10.990209
              ],
              [
                -74.959875,
                10.990441
              ],
              [
                -74.959174,
                10.990682
              ],
              [
                -74.958748,
                10.991034
              ],
              [
                -74.958128,
                10.991862
              ],
              [
                -74.957616,
                10.992879
              ],
              [
                -74.957265,
                10.993646
              ],
              [
                -74.95662,
                10.994653
              ],
              [
                -74.956538,
                10.994767
              ],
              [
                -74.9561,
                10.995197
              ],
              [
                -74.955665,
                10.995684
              ],
              [
                -74.955077,
                10.996448
              ],
              [
                -74.954479,
                10.997621
              ],
              [
                -74.95413,
                10.99803
              ],
              [
                -74.95401,
                10.998366
              ],
              [
                -74.953804,
                10.998774
              ],
              [
                -74.953633,
                10.999026
              ],
              [
                -74.953244,
                10.999862
              ],
              [
                -74.953123,
                11.000385
              ],
              [
                -74.952984,
                11.00119
              ],
              [
                -74.952984,
                11.001666
              ],
              [
                -74.953112,
                11.001893
              ],
              [
                -74.953182,
                11.001936
              ],
              [
                -74.953326,
                11.001921
              ],
              [
                -74.953395,
                11.001972
              ],
              [
                -74.953406,
                11.002079
              ],
              [
                -74.953286,
                11.002272
              ],
              [
                -74.953264,
                11.002529
              ],
              [
                -74.953287,
                11.00273
              ],
              [
                -74.953341,
                11.002827
              ],
              [
                -74.953409,
                11.002878
              ],
              [
                -74.953461,
                11.002999
              ],
              [
                -74.953517,
                11.003061
              ],
              [
                -74.953514,
                11.003108
              ],
              [
                -74.9534,
                11.003219
              ],
              [
                -74.953206,
                11.00363
              ],
              [
                -74.953118,
                11.003708
              ],
              [
                -74.952925,
                11.003743
              ],
              [
                -74.95282,
                11.00389
              ],
              [
                -74.952783,
                11.004099
              ],
              [
                -74.95275,
                11.004614
              ],
              [
                -74.9528,
                11.004958
              ],
              [
                -74.952869,
                11.005186
              ],
              [
                -74.952967,
                11.005332
              ],
              [
                -74.952986,
                11.005416
              ],
              [
                -74.952909,
                11.005505
              ],
              [
                -74.952878,
                11.005609
              ],
              [
                -74.952862,
                11.005867
              ],
              [
                -74.953041,
                11.006253
              ],
              [
                -74.953025,
                11.006311
              ],
              [
                -74.952942,
                11.006306
              ],
              [
                -74.95288,
                11.006338
              ],
              [
                -74.952851,
                11.006419
              ],
              [
                -74.952743,
                11.007
              ],
              [
                -74.952658,
                11.007206
              ],
              [
                -74.95265,
                11.007335
              ],
              [
                -74.95269,
                11.007455
              ],
              [
                -74.952629,
                11.007475
              ],
              [
                -74.952459,
                11.007324
              ],
              [
                -74.952375,
                11.007343
              ],
              [
                -74.952022,
                11.007628
              ],
              [
                -74.951766,
                11.007895
              ],
              [
                -74.951179,
                11.008308
              ],
              [
                -74.950897,
                11.008609
              ],
              [
                -74.950685,
                11.00875
              ],
              [
                -74.950595,
                11.00885
              ],
              [
                -74.950409,
                11.009133
              ],
              [
                -74.950268,
                11.009478
              ],
              [
                -74.950162,
                11.009648
              ],
              [
                -74.950086,
                11.009703
              ],
              [
                -74.949832,
                11.009759
              ],
              [
                -74.949377,
                11.009756
              ],
              [
                -74.94905,
                11.009632
              ],
              [
                -74.948812,
                11.009618
              ],
              [
                -74.948458,
                11.009727
              ],
              [
                -74.947949,
                11.009827
              ],
              [
                -74.947253,
                11.010035
              ],
              [
                -74.946613,
                11.010304
              ],
              [
                -74.946484,
                11.01045
              ],
              [
                -74.946338,
                11.010677
              ],
              [
                -74.946039,
                11.011248
              ],
              [
                -74.945423,
                11.012084
              ],
              [
                -74.944237,
                11.013971
              ],
              [
                -74.944034,
                11.014524
              ],
              [
                -74.94401,
                11.014732
              ],
              [
                -74.943891,
                11.014995
              ],
              [
                -74.943616,
                11.01547
              ],
              [
                -74.943436,
                11.01573
              ],
              [
                -74.942922,
                11.016352
              ],
              [
                -74.942497,
                11.016975
              ],
              [
                -74.942461,
                11.017082
              ],
              [
                -74.942488,
                11.017261
              ],
              [
                -74.94257,
                11.01738
              ],
              [
                -74.942708,
                11.017442
              ],
              [
                -74.942722,
                11.017482
              ],
              [
                -74.942717,
                11.017617
              ],
              [
                -74.942691,
                11.017671
              ],
              [
                -74.942529,
                11.017837
              ],
              [
                -74.942524,
                11.017965
              ],
              [
                -74.942587,
                11.018038
              ],
              [
                -74.942622,
                11.018153
              ],
              [
                -74.942597,
                11.018241
              ],
              [
                -74.942488,
                11.018393
              ],
              [
                -74.94192,
                11.018662
              ],
              [
                -74.941526,
                11.018753
              ],
              [
                -74.941368,
                11.018762
              ],
              [
                -74.941094,
                11.018694
              ],
              [
                -74.940943,
                11.01872
              ],
              [
                -74.940771,
                11.018694
              ],
              [
                -74.940234,
                11.018483
              ],
              [
                -74.940095,
                11.018456
              ],
              [
                -74.939948,
                11.018463
              ],
              [
                -74.939629,
                11.018539
              ],
              [
                -74.939444,
                11.018601
              ],
              [
                -74.939371,
                11.018651
              ],
              [
                -74.938792,
                11.018705
              ],
              [
                -74.938174,
                11.01882
              ],
              [
                -74.937552,
                11.019063
              ],
              [
                -74.937285,
                11.019124
              ],
              [
                -74.936515,
                11.019474
              ],
              [
                -74.936361,
                11.019517
              ],
              [
                -74.93632,
                11.019578
              ],
              [
                -74.936285,
                11.019802
              ],
              [
                -74.9362,
                11.019876
              ],
              [
                -74.936049,
                11.019916
              ],
              [
                -74.935829,
                11.019756
              ],
              [
                -74.935549,
                11.019788
              ],
              [
                -74.935393,
                11.019855
              ],
              [
                -74.935304,
                11.019941
              ],
              [
                -74.935085,
                11.019976
              ],
              [
                -74.934749,
                11.020134
              ],
              [
                -74.934205,
                11.020309
              ],
              [
                -74.933888,
                11.020565
              ],
              [
                -74.93332,
                11.02073
              ],
              [
                -74.932895,
                11.020823
              ],
              [
                -74.93267,
                11.021027
              ],
              [
                -74.932525,
                11.021076
              ],
              [
                -74.932267,
                11.021212
              ],
              [
                -74.932066,
                11.021299
              ],
              [
                -74.931676,
                11.021408
              ],
              [
                -74.93102,
                11.021694
              ],
              [
                -74.930722,
                11.021862
              ],
              [
                -74.929945,
                11.022162
              ],
              [
                -74.929802,
                11.022314
              ],
              [
                -74.929404,
                11.022504
              ],
              [
                -74.928997,
                11.022807
              ],
              [
                -74.928729,
                11.022868
              ],
              [
                -74.928597,
                11.022951
              ],
              [
                -74.92832,
                11.023182
              ],
              [
                -74.928234,
                11.023333
              ],
              [
                -74.928214,
                11.023404
              ],
              [
                -74.928327,
                11.023576
              ],
              [
                -74.928084,
                11.023639
              ],
              [
                -74.92778,
                11.023808
              ],
              [
                -74.927718,
                11.023864
              ],
              [
                -74.927662,
                11.024025
              ],
              [
                -74.92759,
                11.024116
              ],
              [
                -74.927252,
                11.024316
              ],
              [
                -74.926906,
                11.024457
              ],
              [
                -74.92671,
                11.024488
              ],
              [
                -74.926724,
                11.02459
              ],
              [
                -74.926685,
                11.024644
              ],
              [
                -74.926322,
                11.024816
              ],
              [
                -74.926157,
                11.02493
              ],
              [
                -74.925835,
                11.025316
              ],
              [
                -74.925449,
                11.025629
              ],
              [
                -74.925398,
                11.025725
              ],
              [
                -74.925442,
                11.025822
              ],
              [
                -74.925559,
                11.025974
              ],
              [
                -74.925503,
                11.025977
              ],
              [
                -74.925374,
                11.025879
              ],
              [
                -74.92524,
                11.025921
              ],
              [
                -74.924087,
                11.026691
              ],
              [
                -74.923357,
                11.027421
              ],
              [
                -74.922963,
                11.027922
              ],
              [
                -74.922541,
                11.02832
              ],
              [
                -74.921931,
                11.029324
              ],
              [
                -74.921656,
                11.02996
              ],
              [
                -74.921448,
                11.030633
              ],
              [
                -74.921414,
                11.030992
              ],
              [
                -74.921349,
                11.031335
              ],
              [
                -74.921401,
                11.031783
              ],
              [
                -74.9214,
                11.031988
              ],
              [
                -74.921333,
                11.03229
              ],
              [
                -74.92134,
                11.032776
              ],
              [
                -74.921304,
                11.033345
              ],
              [
                -74.921362,
                11.033893
              ],
              [
                -74.921623,
                11.035073
              ],
              [
                -74.921695,
                11.035549
              ],
              [
                -74.921722,
                11.036074
              ],
              [
                -74.921849,
                11.036817
              ],
              [
                -74.921874,
                11.037647
              ],
              [
                -74.921936,
                11.038393
              ],
              [
                -74.922066,
                11.039082
              ],
              [
                -74.922075,
                11.039257
              ],
              [
                -74.922154,
                11.039423
              ],
              [
                -74.922305,
                11.03959
              ],
              [
                -74.922444,
                11.039875
              ],
              [
                -74.922485,
                11.040107
              ],
              [
                -74.922478,
                11.040318
              ],
              [
                -74.922217,
                11.042136
              ],
              [
                -74.922223,
                11.042801
              ],
              [
                -74.922111,
                11.043345
              ],
              [
                -74.922127,
                11.043647
              ],
              [
                -74.92203,
                11.044026
              ],
              [
                -74.922046,
                11.044329
              ],
              [
                -74.921965,
                11.044695
              ],
              [
                -74.921711,
                11.045112
              ],
              [
                -74.921545,
                11.045308
              ],
              [
                -74.921436,
                11.045366
              ],
              [
                -74.921309,
                11.045519
              ],
              [
                -74.921136,
                11.045587
              ],
              [
                -74.921042,
                11.045695
              ],
              [
                -74.921006,
                11.045688
              ],
              [
                -74.920994,
                11.045624
              ],
              [
                -74.920917,
                11.045678
              ],
              [
                -74.920786,
                11.045641
              ],
              [
                -74.920755,
                11.045713
              ],
              [
                -74.920708,
                11.045722
              ],
              [
                -74.920624,
                11.045703
              ],
              [
                -74.920497,
                11.045745
              ],
              [
                -74.920308,
                11.04572
              ],
              [
                -74.920199,
                11.045779
              ],
              [
                -74.92011,
                11.045889
              ],
              [
                -74.920029,
                11.045905
              ],
              [
                -74.919822,
                11.04577
              ],
              [
                -74.919564,
                11.045679
              ],
              [
                -74.919391,
                11.045648
              ],
              [
                -74.919255,
                11.045638
              ],
              [
                -74.918998,
                11.045675
              ],
              [
                -74.918763,
                11.045583
              ],
              [
                -74.918384,
                11.045651
              ],
              [
                -74.918294,
                11.045624
              ],
              [
                -74.918291,
                11.045559
              ],
              [
                -74.918252,
                11.045553
              ],
              [
                -74.918174,
                11.04558
              ],
              [
                -74.918073,
                11.045563
              ],
              [
                -74.917991,
                11.045579
              ],
              [
                -74.91787,
                11.045638
              ],
              [
                -74.917835,
                11.045634
              ],
              [
                -74.917827,
                11.045594
              ],
              [
                -74.917877,
                11.045538
              ],
              [
                -74.917875,
                11.045503
              ],
              [
                -74.917833,
                11.045482
              ],
              [
                -74.917716,
                11.045497
              ],
              [
                -74.917643,
                11.04558
              ],
              [
                -74.91758,
                11.045607
              ],
              [
                -74.917438,
                11.045597
              ],
              [
                -74.917347,
                11.045556
              ],
              [
                -74.917109,
                11.045282
              ],
              [
                -74.91698,
                11.045196
              ],
              [
                -74.916806,
                11.045135
              ],
              [
                -74.916618,
                11.045151
              ],
              [
                -74.916229,
                11.044933
              ],
              [
                -74.915964,
                11.044824
              ],
              [
                -74.915183,
                11.044797
              ],
              [
                -74.914872,
                11.044831
              ],
              [
                -74.91447,
                11.044818
              ],
              [
                -74.914053,
                11.044753
              ],
              [
                -74.912942,
                11.044872
              ],
              [
                -74.912284,
                11.044832
              ],
              [
                -74.911485,
                11.044718
              ],
              [
                -74.91116,
                11.044612
              ],
              [
                -74.910681,
                11.044504
              ],
              [
                -74.909945,
                11.044245
              ],
              [
                -74.908827,
                11.044054
              ],
              [
                -74.908488,
                11.044014
              ],
              [
                -74.907942,
                11.044008
              ],
              [
                -74.907174,
                11.044056
              ],
              [
                -74.906829,
                11.044039
              ],
              [
                -74.906433,
                11.044072
              ],
              [
                -74.906217,
                11.04402
              ],
              [
                -74.905544,
                11.043751
              ],
              [
                -74.904624,
                11.043537
              ],
              [
                -74.904296,
                11.043396
              ],
              [
                -74.903982,
                11.043307
              ],
              [
                -74.9034,
                11.043204
              ],
              [
                -74.902515,
                11.043099
              ],
              [
                -74.901963,
                11.043111
              ],
              [
                -74.901233,
                11.043033
              ],
              [
                -74.901117,
                11.043051
              ],
              [
                -74.901015,
                11.04303
              ],
              [
                -74.89964,
                11.043037
              ],
              [
                -74.898965,
                11.043093
              ],
              [
                -74.898403,
                11.043171
              ],
              [
                -74.898194,
                11.043171
              ],
              [
                -74.897424,
                11.043367
              ],
              [
                -74.895991,
                11.043413
              ],
              [
                -74.895102,
                11.043286
              ],
              [
                -74.894311,
                11.043213
              ],
              [
                -74.893667,
                11.043214
              ],
              [
                -74.892347,
                11.043523
              ],
              [
                -74.891553,
                11.043627
              ],
              [
                -74.889989,
                11.043988
              ],
              [
                -74.889689,
                11.044012
              ],
              [
                -74.888652,
                11.043889
              ],
              [
                -74.888375,
                11.04398
              ],
              [
                -74.88784,
                11.044078
              ],
              [
                -74.887383,
                11.044235
              ],
              [
                -74.88726,
                11.0442
              ],
              [
                -74.88656,
                11.044162
              ],
              [
                -74.886393,
                11.044206
              ],
              [
                -74.885361,
                11.044243
              ],
              [
                -74.88487,
                11.044328
              ],
              [
                -74.884562,
                11.044344
              ],
              [
                -74.882958,
                11.044679
              ],
              [
                -74.882188,
                11.044907
              ],
              [
                -74.881427,
                11.0452
              ],
              [
                -74.880516,
                11.045669
              ],
              [
                -74.880356,
                11.045806
              ],
              [
                -74.880102,
                11.04596
              ],
              [
                -74.879015,
                11.04651
              ],
              [
                -74.878525,
                11.04673
              ],
              [
                -74.878057,
                11.047035
              ],
              [
                -74.877749,
                11.047168
              ],
              [
                -74.875221,
                11.047957
              ],
              [
                -74.874952,
                11.047985
              ],
              [
                -74.874561,
                11.04808
              ],
              [
                -74.874028,
                11.048154
              ],
              [
                -74.873702,
                11.048274
              ],
              [
                -74.873489,
                11.048379
              ],
              [
                -74.873315,
                11.048431
              ],
              [
                -74.872237,
                11.048691
              ],
              [
                -74.871581,
                11.048786
              ],
              [
                -74.87069,
                11.049034
              ],
              [
                -74.869548,
                11.049389
              ],
              [
                -74.868786,
                11.04955
              ],
              [
                -74.867901,
                11.049874
              ],
              [
                -74.867324,
                11.050159
              ],
              [
                -74.866445,
                11.050501
              ],
              [
                -74.866172,
                11.050576
              ],
              [
                -74.865558,
                11.050829
              ],
              [
                -74.865004,
                11.050952
              ],
              [
                -74.864654,
                11.051112
              ],
              [
                -74.86441,
                11.051188
              ],
              [
                -74.863817,
                11.051311
              ],
              [
                -74.863448,
                11.051327
              ],
              [
                -74.863155,
                11.051377
              ],
              [
                -74.862779,
                11.051483
              ],
              [
                -74.861649,
                11.051677
              ],
              [
                -74.861247,
                11.051776
              ],
              [
                -74.860933,
                11.051789
              ],
              [
                -74.86051,
                11.051877
              ],
              [
                -74.859629,
                11.052227
              ],
              [
                -74.858069,
                11.053071
              ],
              [
                -74.857583,
                11.053252
              ],
              [
                -74.857162,
                11.053505
              ],
              [
                -74.855976,
                11.053989
              ],
              [
                -74.85594083524869,
                11.054005126166626
              ],
              [
                -74.85616886612027,
                11.05370542001663
              ],
              [
                -74.85782225351244,
                11.051417942013053
              ],
              [
                -74.8594190054148,
                11.049090576797255
              ],
              [
                -74.86095816000372,
                11.046724726287017
              ],
              [
                -74.86243879015004,
                11.04432181558222
              ],
              [
                -74.8638600039775,
                11.041883292106426
              ],
              [
                -74.86522094540007,
                11.039410624734991
              ],
              [
                -74.86652079463748,
                11.03690530291028
              ],
              [
                -74.8677587687092,
                11.034368835744484
              ],
              [
                -74.86893412190591,
                11.031802751110575
              ],
              [
                -74.8700461462388,
                11.029208594721986
              ],
              [
                -74.871094171866,
                11.026587929201524
              ],
              [
                -74.87207756749605,
                11.023942333140106
              ],
              [
                -74.8729957407682,
                11.021273400145873
              ],
              [
                -74.8738481386092,
                11.018582737884264
              ],
              [
                -74.87463424756648,
                11.015871967109614
              ],
              [
                -74.87535359411737,
                11.013142720688876
              ],
              [
                -74.87600574495444,
                11.01039664261804
              ],
              [
                -74.87659030724637,
                11.007635387031856
              ],
              [
                -74.87710692887474,
                11.004860617207436
              ],
              [
                -74.87755529864596,
                11.002074004562367
              ],
              [
                -74.87793514647886,
                10.99927722764791
              ],
              [
                -74.8782462435673,
                10.9964719711379
              ],
              [
                -74.87848840251806,
                10.993659924813963
              ],
              [
                -74.8786614774636,
                10.990842782547654
              ],
              [
                -74.87876536415007,
                10.988022241280136
              ],
              [
                -74.8788,
                10.9852
              ],
              [
                -74.87876536415007,
                10.982377758719865
              ],
              [
                -74.8786614774636,
                10.979557217452347
              ],
              [
                -74.87848840251806,
                10.976740075186038
              ],
              [
                -74.8782462435673,
                10.973928028862101
              ],
              [
                -74.87793514647886,
                10.971122772352091
              ],
              [
                -74.87755529864596,
                10.968325995437635
              ],
              [
                -74.87710692887474,
                10.965539382792565
              ],
              [
                -74.87659030724637,
                10.962764612968146
              ],
              [
                -74.87600574495444,
                10.96000335738196
              ],
              [
                -74.87535359411737,
                10.957257279311126
              ],
              [
                -74.87463424756648,
                10.954528032890387
              ],
              [
                -74.8738481386092,
                10.951817262115737
              ],
              [
                -74.8729957407682,
                10.949126599854129
              ],
              [
                -74.87207756749605,
                10.946457666859896
              ],
              [
                -74.871094171866,
                10.943812070798478
              ],
              [
                -74.8700461462388,
                10.941191405278015
              ],
              [
                -74.86893412190591,
                10.938597248889426
              ],
              [
                -74.8677587687092,
                10.936031164255517
              ],
              [
                -74.86652079463748,
                10.93349469708972
              ],
              [
                -74.86522094540007,
                10.93098937526501
              ],
              [
                -74.8638600039775,
                10.928516707893575
              ],
              [
                -74.86243879015004,
                10.926078184417781
              ],
              [
                -74.86095816000372,
                10.923675273712984
              ],
              [
                -74.8594190054148,
                10.921309423202747
              ],
              [
                -74.85782225351244,
                10.918982057986948
              ],
              [
                -74.85616886612027,
                10.916694579983371
              ],
              [
                -74.85445983917707,
                10.914448367083228
              ],
              [
                -74.85269620213671,
                10.91224477232118
              ],
              [
                -74.85087901734825,
                10.910085123060316
              ],
              [
                -74.84900937941582,
                10.907970720192594
              ],
              [
                -74.84708841453943,
                10.905902837355239
              ],
              [
                -74.84511727983646,
                10.903882720163548
              ],
              [
                -74.84309716264477,
                10.901911585460581
              ],
              [
                -74.84102927980742,
                10.89999062058418
              ],
              [
                -74.83891487693968,
                10.898120982651754
              ],
              [
                -74.83675522767882,
                10.896303797863286
              ],
              [
                -74.83455163291677,
                10.894540160822942
              ],
              [
                -74.83230542001664,
                10.892831133879726
              ],
              [
                -74.83001794201306,
                10.89117774648757
              ],
              [
                -74.82769057679725,
                10.889580994585208
              ],
              [
                -74.82532472628702,
                10.888041839996285
              ],
              [
                -74.82292181558222,
                10.886561209849969
              ],
              [
                -74.82048329210643,
                10.885139996022499
              ],
              [
                -74.818010624735,
                10.88377905459994
              ],
              [
                -74.81550530291028,
                10.882479205362516
              ],
              [
                -74.81296883574448,
                10.881241231290804
              ],
              [
                -74.81040275111057,
                10.880065878094095
              ],
              [
                -74.80780859472199,
                10.878953853761203
              ],
              [
                -74.80518792920152,
                10.877905828134006
              ],
              [
                -74.80254233314011,
                10.876922432503953
              ],
              [
                -74.79987340014587,
                10.876004259231802
              ],
              [
                -74.79718273788427,
                10.875151861390798
              ],
              [
                -74.79447196710962,
                10.874365752433524
              ],
              [
                -74.79174272068887,
                10.873646405882628
              ],
              [
                -74.78899664261805,
                10.87299425504557
              ],
              [
                -74.78623538703185,
                10.87240969275363
              ],
              [
                -74.78346061720744,
                10.871893071125273
              ],
              [
                -74.78067400456237,
                10.87144470135405
              ],
              [
                -74.77787722764792,
                10.87106485352115
              ],
              [
                -74.7750719711379,
                10.870753756432698
              ],
              [
                -74.77225992481397,
                10.87051159748195
              ],
              [
                -74.76944278254766,
                10.870338522536406
              ],
              [
                -74.76662224128013,
                10.870234635849938
              ],
              [
                -74.7638,
                10.8702
              ],
              [
                -74.76097775871987,
                10.870234635849938
              ],
              [
                -74.75815721745235,
                10.870338522536406
              ],
              [
                -74.75534007518604,
                10.87051159748195
              ],
              [
                -74.7525280288621,
                10.870753756432698
              ],
              [
                -74.74972277235209,
                10.87106485352115
              ],
              [
                -74.74692599543764,
                10.87144470135405
              ],
              [
                -74.74413938279257,
                10.871893071125273
              ],
              [
                -74.74136461296816,
                10.87240969275363
              ],
              [
                -74.73860335738196,
                10.87299425504557
              ],
              [
                -74.7378941260611,
                10.873162686454892
              ],
              [
                -74.737951,
                10.873825
              ],
              [
                -74.737452,
                10.868014
              ],
              [
                -74.737371,
                10.866626
              ],
              [
                -74.737327,
                10.865359
              ],
              [
                -74.73733,
                10.863608
              ],
              [
                -74.737413,
                10.862021
              ],
              [
                -74.737558,
                10.860669
              ],
              [
                -74.737777,
                10.859358
              ],
              [
                -74.737997,
                10.858378
              ],
              [
                -74.738294,
                10.85733
              ],
              [
                -74.738672,
                10.856214
              ],
              [
                -74.739712,
                10.853356
              ],
              [
                -74.740033,
                10.852332
              ],
              [
                -74.74022,
                10.851628
              ],
              [
                -74.74054,
                10.850277
              ],
              [
                -74.740865,
                10.848654
              ],
              [
                -74.741158,
                10.846836
              ],
              [
                -74.741366,
                10.845151
              ],
              [
                -74.741531,
                10.843253
              ],
              [
                -74.741621,
                10.841512
              ],
              [
                -74.741655,
                10.839566
              ],
              [
                -74.741622,
                10.837696
              ],
              [
                -74.741589,
                10.837412
              ],
              [
                -74.741499,
                10.837
              ],
              [
                -74.740892,
                10.835237
              ],
              [
                -74.740784,
                10.834823
              ],
              [
                -74.740726,
                10.834452
              ],
              [
                -74.752928,
                10.834426
              ],
              [
                -74.753476,
                10.83415
              ],
              [
                -74.754524,
                10.833689
              ],
              [
                -74.754833,
                10.833484
              ],
              [
                -74.755246,
                10.833262
              ],
              [
                -74.755314,
                10.833092
              ],
              [
                -74.755571,
                10.832802
              ],
              [
                -74.755691,
                10.832615
              ],
              [
                -74.755949,
                10.832309
              ],
              [
                -74.755913,
                10.831935
              ],
              [
                -74.755844,
                10.831561
              ],
              [
                -74.755825,
                10.830915
              ],
              [
                -74.755755,
                10.830541
              ],
              [
                -74.755755,
                10.830354
              ],
              [
                -74.755582,
                10.830014
              ],
              [
                -74.755341,
                10.829709
              ],
              [
                -74.755177,
                10.829599
              ],
              [
                -74.755031,
                10.829573
              ],
              [
                -74.754859,
                10.829506
              ],
              [
                -74.754721,
                10.829353
              ],
              [
                -74.754617,
                10.829183
              ],
              [
                -74.754548,
                10.828996
              ],
              [
                -74.754513,
                10.828622
              ],
              [
                -74.754271,
                10.828317
              ],
              [
                -74.753806,
                10.827978
              ],
              [
                -74.7536,
                10.82791
              ],
              [
                -74.753152,
                10.82752
              ],
              [
                -74.753031,
                10.827368
              ],
              [
                -74.752961,
                10.826943
              ],
              [
                -74.752978,
                10.826569
              ],
              [
                -74.753029,
                10.826382
              ],
              [
                -74.753268,
                10.825939
              ],
              [
                -74.753388,
                10.825582
              ],
              [
                -74.753628,
                10.825071
              ],
              [
                -74.753851,
                10.824765
              ],
              [
                -74.75428,
                10.824356
              ],
              [
                -74.754554,
                10.823862
              ],
              [
                -74.754656,
                10.823488
              ],
              [
                -74.754656,
                10.823301
              ],
              [
                -74.754612,
                10.823114
              ],
              [
                -74.754689,
                10.822995
              ],
              [
                -74.763349,
                10.824746
              ],
              [
                -74.763771,
                10.824795
              ],
              [
                -74.767865,
                10.825456
              ],
              [
                -74.76767,
                10.824742
              ],
              [
                -74.767951,
                10.824583
              ],
              [
                -74.771731,
                10.823331
              ],
              [
                -74.7759,
                10.821902
              ],
              [
                -74.788589,
                10.817516
              ],
              [
                -74.795727,
                10.815008
              ],
              [
                -74.799372,
                10.813775
              ],
              [
                -74.800221,
                10.81346
              ],
              [
                -74.802629,
                10.812664
              ],
              [
                -74.803207,
                10.812444
              ],
              [
                -74.804711,
                10.81225
              ],
              [
                -74.806137,
                10.812245
              ],
              [
                -74.807839,
                10.812285
              ],
              [
                -74.831895,
                10.812493
              ],
              [
                -74.874969,
                10.812919
              ],
              [
                -74.87497,
                10.813
              ],
              [
                -74.87939,
                10.813043
              ],
              [
                -74.880742,
                10.813111
              ],
              [
                -74.882339,
                10.813125
              ],
              [
                -74.881898,
                10.813634
              ],
              [
                -74.881536,
                10.81414
              ],
              [
                -74.880226,
                10.816371
              ],
              [
                -74.879514,
                10.817482
              ],
              [
                -74.877652,
                10.819996
              ],
              [
                -74.877291,
                10.820678
              ],
              [
                -74.876894,
                10.821601
              ],
              [
                -74.876519,
                10.822234
              ],
              [
                -74.876072,
                10.822824
              ],
              [
                -74.875752,
                10.823201
              ],
              [
                -74.875441,
                10.823523
              ],
              [
                -74.874951,
                10.823956
              ],
              [
                -74.874556,
                10.824393
              ],
              [
                -74.874281,
                10.824802
              ],
              [
                -74.873881,
                10.825512
              ],
              [
                -74.873306,
                10.826245
              ],
              [
                -74.872968,
                10.826885
              ],
              [
                -74.872769,
                10.827332
              ],
              [
                -74.872602,
                10.827817
              ],
              [
                -74.872388,
                10.82861
              ],
              [
                -74.872109,
                10.829268
              ],
              [
                -74.871774,
                10.829833
              ],
              [
                -74.871124,
                10.830698
              ],
              [
                -74.87063,
                10.83144
              ],
              [
                -74.870215,
                10.832105
              ],
              [
                -74.870034,
                10.832452
              ],
              [
                -74.869763,
                10.832818
              ],
              [
                -74.869173,
                10.834146
              ],
              [
                -74.869116,
                10.834451
              ],
              [
                -74.868745,
                10.834919
              ],
              [
                -74.868164,
                10.835476
              ],
              [
                -74.867249,
                10.836205
              ],
              [
                -74.867185,
                10.836068
              ],
              [
                -74.866631,
                10.836822
              ],
              [
                -74.867927,
                10.837903
              ],
              [
                -74.868635,
                10.838341
              ],
              [
                -74.869159,
                10.838558
              ],
              [
                -74.869417,
                10.838753
              ],
              [
                -74.869762,
                10.839112
              ],
              [
                -74.87005,
                10.83962
              ],
              [
                -74.870324,
                10.840233
              ],
              [
                -74.870486,
                10.840956
              ],
              [
                -74.870594,
                10.841173
              ],
              [
                -74.870724,
                10.841302
              ],
              [
                -74.870762,
                10.841631
              ],
              [
                -74.870887,
                10.842091
              ],
              [
                -74.871082,
                10.842539
              ],
              [
                -74.871363,
                10.843068
              ],
              [
                -74.871519,
                10.843509
              ],
              [
                -74.871599,
                10.843954
              ],
              [
                -74.871618,
                10.844247
              ],
              [
                -74.871588,
                10.845424
              ],
              [
                -74.871518,
                10.846639
              ],
              [
                -74.871332,
                10.847358
              ],
              [
                -74.871325,
                10.847724
              ],
              [
                -74.871369,
                10.848049
              ],
              [
                -74.871245,
                10.848739
              ],
              [
                -74.871248,
                10.848999
              ],
              [
                -74.871285,
                10.849273
              ],
              [
                -74.871354,
                10.849458
              ],
              [
                -74.871419,
                10.849567
              ],
              [
                -74.871585,
                10.849682
              ],
              [
                -74.871773,
                10.849947
              ],
              [
                -74.871947,
                10.850637
              ],
              [
                -74.872009,
                10.850955
              ],
              [
                -74.872051,
                10.851368
              ],
              [
                -74.872055,
                10.851685
              ],
              [
                -74.871984,
                10.852431
              ],
              [
                -74.871872,
                10.853029
              ],
              [
                -74.87182416684581,
                10.853103990041726
              ],
              [
                -74.874622,
                10.852937
              ],
              [
                -74.876144,
                10.852888
              ],
              [
                -74.88071,
                10.852966
              ],
              [
                -74.882115,
                10.852442
              ],
              [
                -74.883864,
                10.851857
              ],
              [
                -74.88568,
                10.85137
              ],
              [
                -74.889005,
                10.85025
              ],
              [
                -74.889493,
                10.850136
              ],
              [
                -74.891207,
                10.849829
              ],
              [
                -74.891957,
                10.850017
              ],
              [
                -74.892366,
                10.850072
              ],
              [
                -74.892787,
                10.850251
              ],
              [
                -74.892958,
                10.850767
              ],
              [
                -74.89346,
                10.85163
              ],
              [
                -74.894053,
                10.85228
              ],
              [
                -74.894349,
                10.852795
              ],
              [
                -74.89536,
                10.852658
              ],
              [
                -74.895117,
                10.851255
              ],
              [
                -74.895376,
                10.850368
              ],
              [
                -74.896032,
                10.849232
              ],
              [
                -74.899515,
                10.843643
              ],
              [
                -74.899764,
                10.843867
              ],
              [
                -74.901008,
                10.845205
              ],
              [
                -74.901228,
                10.845392
              ],
              [
                -74.901565,
                10.845608
              ],
              [
                -74.901796,
                10.845804
              ],
              [
                -74.901976,
                10.846168
              ],
              [
                -74.902022,
                10.846464
              ],
              [
                -74.902034,
                10.847159
              ],
              [
                -74.901996,
                10.847927
              ],
              [
                -74.901908,
                10.848601
              ],
              [
                -74.901894,
                10.848971
              ],
              [
                -74.901929,
                10.849049
              ],
              [
                -74.902133,
                10.849174
              ],
              [
                -74.902475,
                10.849264
              ],
              [
                -74.902615,
                10.84927
              ],
              [
                -74.902963,
                10.849187
              ],
              [
                -74.903107,
                10.849211
              ],
              [
                -74.903471,
                10.849399
              ],
              [
                -74.903784,
                10.849491
              ],
              [
                -74.904442,
                10.849521
              ],
              [
                -74.905076,
                10.849441
              ],
              [
                -74.905216,
                10.849495
              ],
              [
                -74.905964,
                10.84859
              ],
              [
                -74.906703,
                10.84798
              ],
              [
                -74.907052,
                10.847768
              ],
              [
                -74.907224,
                10.847719
              ],
              [
                -74.907502,
                10.847682
              ],
              [
                -74.907715,
                10.847541
              ],
              [
                -74.907874,
                10.847372
              ],
              [
                -74.908077,
                10.847211
              ],
              [
                -74.908778,
                10.846816
              ],
              [
                -74.909865,
                10.846153
              ],
              [
                -74.910291,
                10.84571
              ],
              [
                -74.910443,
                10.845494
              ],
              [
                -74.910737,
                10.84496
              ],
              [
                -74.910863,
                10.844911
              ],
              [
                -74.911207,
                10.844874
              ],
              [
                -74.911881,
                10.844938
              ],
              [
                -74.912242,
                10.844889
              ],
              [
                -74.91238,
                10.844907
              ],
              [
                -74.912508,
                10.844961
              ],
              [
                -74.912661,
                10.845114
              ],
              [
                -74.912786,
                10.845387
              ],
              [
                -74.912918,
                10.845555
              ],
              [
                -74.91305,
                10.845688
              ],
              [
                -74.913367,
                10.845934
              ],
              [
                -74.913378,
                10.84597
              ],
              [
                -74.913643,
                10.845947
              ],
              [
                -74.913926,
                10.845897
              ],
              [
                -74.913987,
                10.845864
              ],
              [
                -74.914217,
                10.846091
              ],
              [
                -74.914267,
                10.846268
              ],
              [
                -74.914288,
                10.846494
              ],
              [
                -74.91421,
                10.846985
              ],
              [
                -74.914266,
                10.84745
              ],
              [
                -74.91446,
                10.847589
              ],
              [
                -74.914991,
                10.84771
              ],
              [
                -74.917307,
                10.847669
              ],
              [
                -74.918173,
                10.847701
              ],
              [
                -74.919129,
                10.847874
              ],
              [
                -74.919695,
                10.848099
              ],
              [
                -74.920137,
                10.848203
              ],
              [
                -74.920898,
                10.848446
              ],
              [
                -74.921001,
                10.848678
              ],
              [
                -74.920927,
                10.848973
              ],
              [
                -74.920348,
                10.849771
              ],
              [
                -74.920221,
                10.849912
              ],
              [
                -74.920125,
                10.850185
              ],
              [
                -74.920125,
                10.850354
              ],
              [
                -74.920328,
                10.850612
              ],
              [
                -74.92059,
                10.851076
              ],
              [
                -74.920762,
                10.851296
              ],
              [
                -74.921173,
                10.85173
              ],
              [
                -74.921435,
                10.851951
              ],
              [
                -74.921817,
                10.852333
              ],
              [
                -74.922026,
                10.852443
              ],
              [
                -74.92216,
                10.852561
              ],
              [
                -74.922377,
                10.852671
              ],
              [
                -74.922766,
                10.852942
              ],
              [
                -74.922958,
                10.853176
              ],
              [
                -74.923295,
                10.853691
              ],
              [
                -74.923453,
                10.854133
              ],
              [
                -74.923492,
                10.854612
              ],
              [
                -74.923433,
                10.854974
              ],
              [
                -74.923464,
                10.855313
              ],
              [
                -74.923569,
                10.855556
              ],
              [
                -74.923779,
                10.855791
              ],
              [
                -74.924631,
                10.856357
              ],
              [
                -74.924892,
                10.856444
              ],
              [
                -74.925302,
                10.856495
              ],
              [
                -74.925645,
                10.856494
              ],
              [
                -74.926741,
                10.856336
              ],
              [
                -74.927658,
                10.856112
              ],
              [
                -74.928135,
                10.855927
              ],
              [
                -74.928306,
                10.855808
              ],
              [
                -74.928433,
                10.855646
              ],
              [
                -74.928491,
                10.855262
              ],
              [
                -74.928393,
                10.854894
              ],
              [
                -74.928198,
                10.854575
              ],
              [
                -74.92819794078049,
                10.854558477757955
              ],
              [
                -74.9293527498016,
                10.856001365978068
              ],
              [
                -74.93247358161094,
                10.86010314605659
              ]
            ],
            [
              [
                -74.8715924326617,
                10.854124537645854
              ],
              [
                -74.87161,
                10.854091
              ],
              [
                -74.871664,
                10.853924
              ],
              [
                -74.8715924326617,
                10.854124537645854
              ]
            ],
            [
              [
                -74.871363,
                10.854492
              ],
              [
                -74.871478,
                10.854343
              ],
              [
                -74.87151957480314,
                10.854263629921256
              ],
              [
                -74.871363,
                10.854492
              ]
            ],
            [
              [
                -74.8700315194805,
                10.857717033910554
              ],
              [
                -74.870161,
                10.857407
              ],
              [
                -74.870335,
                10.856893
              ],
              [
                -74.8700315194805,
                10.857717033910554
              ]
            ],
            [
              [
                -74.868865,
                10.858918
              ],
              [
                -74.86875256411749,
                10.859002975287051
              ],
              [
                -74.869167,
                10.858725
              ],
              [
                -74.868865,
                10.858918
              ]
            ],
            [
              [
                -74.86685,
                10.860986
              ],
              [
                -74.866989,
                10.860913
              ],
              [
                -74.867164,
                10.860799
              ],
              [
                -74.86685,
                10.860986
              ]
            ],
            [
              [
                -74.86532806022765,
                10.860983600545405
              ],
              [
                -74.866554,
                10.860998
              ],
              [
                -74.86685,
                10.860986
              ],
              [
                -74.86532806022765,
                10.860983600545405
              ]
            ],
            [
              [
                -74.8499540701839,
                10.866423515636686
              ],
              [
                -74.850148,
                10.86634
              ],
              [
                -74.851169,
                10.865811
              ],
              [
                -74.8499540701839,
                10.866423515636686
              ]
            ],
            [
              [
                -74.8442759743935,
                10.86784036245083
              ],
              [
                -74.843698,
                10.86809
              ],
              [
                -74.8433461152868,
                10.868261408872565
              ],
              [
                -74.844218,
                10.867874
              ],
              [
                -74.8442759743935,
                10.86784036245083
              ]
            ],
            [
              [
                -74.842883,
                10.868487
              ],
              [
                -74.84281984152103,
                10.868525079342259
              ],
              [
                -74.84302840363033,
                10.868416171483142
              ],
              [
                -74.842883,
                10.868487
              ]
            ],
            [
              [
                -74.84216117743728,
                10.872792856836185
              ],
              [
                -74.842025,
                10.87272
              ],
              [
                -74.841831,
                10.872649
              ],
              [
                -74.84216117743728,
                10.872792856836185
              ]
            ],
            [
              [
                -74.842643,
                10.873095
              ],
              [
                -74.842382,
                10.872911
              ],
              [
                -74.84225603095415,
                10.872843604796193
              ],
              [
                -74.842643,
                10.873095
              ]
            ],
            [
              [
                -74.882435,
                10.97539
              ],
              [
                -74.88243748681542,
                10.975419276599698
              ],
              [
                -74.88244221176471,
                10.975369020320834
              ],
              [
                -74.882435,
                10.97539
              ]
            ]
          ],
          [
            [
              [
                -74.845884,
                11.066133
              ],
              [
                -74.84611,
                11.0667
              ],
              [
                -74.846585,
                11.068953
              ],
              [
                -74.846967,
                11.070603
              ],
              [
                -74.847654,
                11.073902
              ],
              [
                -74.847737,
                11.07407
              ],
              [
                -74.847803,
                11.074363
              ],
              [
                -74.847831,
                11.074623
              ],
              [
                -74.848172,
                11.074804
              ],
              [
                -74.848196,
                11.074967
              ],
              [
                -74.848089,
                11.075791
              ],
              [
                -74.848158,
                11.07624
              ],
              [
                -74.848314,
                11.076849
              ],
              [
                -74.848651,
                11.078455
              ],
              [
                -74.848731,
                11.078649
              ],
              [
                -74.848767,
                11.078991
              ],
              [
                -74.848815,
                11.079202
              ],
              [
                -74.848925,
                11.079444
              ],
              [
                -74.848923,
                11.079542
              ],
              [
                -74.848893,
                11.079602
              ],
              [
                -74.849107,
                11.080469
              ],
              [
                -74.849936,
                11.084328
              ],
              [
                -74.849966,
                11.084385
              ],
              [
                -74.850083,
                11.08443
              ],
              [
                -74.850025,
                11.084523
              ],
              [
                -74.850054,
                11.084815
              ],
              [
                -74.851602,
                11.091976
              ],
              [
                -74.851683,
                11.092329
              ],
              [
                -74.851859,
                11.092838
              ],
              [
                -74.852019,
                11.093851
              ],
              [
                -74.852609,
                11.096526
              ],
              [
                -74.852746,
                11.097059
              ],
              [
                -74.852836,
                11.097285
              ],
              [
                -74.852848,
                11.0974
              ],
              [
                -74.85304,
                11.097549
              ],
              [
                -74.853241,
                11.097514
              ],
              [
                -74.85334,
                11.097444
              ],
              [
                -74.853406,
                11.097486
              ],
              [
                -74.853176,
                11.097631
              ],
              [
                -74.853082,
                11.097657
              ],
              [
                -74.853012,
                11.097738
              ],
              [
                -74.852948,
                11.09777
              ],
              [
                -74.852892,
                11.097931
              ],
              [
                -74.853164,
                11.099088
              ],
              [
                -74.854238,
                11.10404
              ],
              [
                -74.854447,
                11.104793
              ],
              [
                -74.85457,
                11.10537
              ],
              [
                -74.851861,
                11.105367
              ],
              [
                -74.851654,
                11.103995
              ],
              [
                -74.851327,
                11.102664
              ],
              [
                -74.850978,
                11.101629
              ],
              [
                -74.850047,
                11.099424
              ],
              [
                -74.849462,
                11.097782
              ],
              [
                -74.849161,
                11.096798
              ],
              [
                -74.848884,
                11.095779
              ],
              [
                -74.848628,
                11.094718
              ],
              [
                -74.848337,
                11.093325
              ],
              [
                -74.84794,
                11.090972
              ],
              [
                -74.847653,
                11.088803
              ],
              [
                -74.84736,
                11.086052
              ],
              [
                -74.846802,
                11.080199
              ],
              [
                -74.846421,
                11.077066
              ],
              [
                -74.846149,
                11.075329
              ],
              [
                -74.845846,
                11.073723
              ],
              [
                -74.845495,
                11.072184
              ],
              [
                -74.845237,
                11.071208
              ],
              [
                -74.844736,
                11.069582
              ],
              [
                -74.844252,
                11.068263
              ],
              [
                -74.843715,
                11.067006
              ],
              [
                -74.8439802039442,
                11.067626784651502
              ],
              [
                -74.84511727983646,
                11.066517279836454
              ],
              [
                -74.8457350174239,
                11.065884191535353
              ],
              [
                -74.845884,
                11.066133
              ]
            ]
          ]
        ]
      }
    },
    {
      "type": "Feature",
      "properties": {
        "ID": "PTO_01",
        "NOMBRE": "Sociedad Portuaria Regional de Barranquilla (SPRB)",
        "TIPO": "Puerto Marítimo-Fluvial Multipropósito",
        "ISOCRONA_BASE": "Origen de medición",
        "COLOR": "#1e3a8a"
      },
      "geometry": {
        "type": "Point",
        "coordinates": [
          -74.7638,
          10.9852
        ]
      }
    },
    {
      "type": "Feature",
      "properties": {
        "ID": "PTO_02",
        "NOMBRE": "Terminal Las Flores / Bocas de Ceniza",
        "TIPO": "Terminal Portuario Fluvio-Marítimo",
        "ISOCRONA_BASE": "Canal de navegación",
        "COLOR": "#0284c7"
      },
      "geometry": {
        "type": "Point",
        "coordinates": [
          -74.832,
          11.052
        ]
      }
    },
    {
      "type": "Feature",
      "properties": {
        "ID": "PTO_03",
        "NOMBRE": "Nuevo Puerto Interior (Propuesta IOTF-IUR)",
        "TIPO": "Terminal Portuario Interior / Logístico",
        "ISOCRONA_BASE": "Nodo intermodal Malambo-Soledad",
        "COLOR": "#d97706"
      },
      "geometry": {
        "type": "Point",
        "coordinates": [
          -74.785,
          10.875
        ]
      }
    }
  ]
}