{
"type": "FeatureCollection",
"name": "limites_comunales_gamv_bcn",
"crs": { "type": "name", "properties": { "name": "urn:ogc:def:crs:OGC:1.3:CRS84" } },
"xy_coordinate_resolution": 1e-06,
"features": [
{ "type": "Feature", "properties": { "name": "Valparaíso", "query": "Valparaíso, Chile", "display_na": "Valparaíso, Provincia de Valparaíso, Región de Valparaíso, Chile" }, "geometry": { "type": "MultiPolygon", "coordinates": [ [ [ [ -71.745749, -33.099703 ], [ -71.745738, -33.099577 ], [ -71.745569, -33.099591 ], [ -71.745317, -33.09997 ], [ -71.74525, -33.09993 ], [ -71.745178, -33.099964 ], [ -71.74514, -33.099849 ], [ -71.744944, -33.099755 ], [ -71.744824, -33.099519 ], [ -71.744719, -33.099523 ], [ -71.744652, -33.099418 ], [ -71.744604, -33.099438 ], [ -71.744529, -33.099182 ], [ -71.744448, -33.099112 ], [ -71.744381, -33.099168 ], [ -71.744421, -33.099289 ], [ -71.744244, -33.099314 ], [ -71.74401, -33.099584 ], [ -71.743941, -33.099566 ], [ -71.743931, -33.099404 ], [ -71.743866, -33.099402 ], [ -71.74374, -33.099557 ], [ -71.743744, -33.099697 ], [ -71.74368, -33.099717 ], [ -71.743594, -33.0996 ], [ -71.743416, -33.099521 ], [ -71.743453, -33.099404 ], [ -71.743619, -33.099319 ], [ -71.743606, -33.099254 ], [ -71.743448, -33.099211 ], [ -71.743217, -33.099325 ], [ -71.743099, -33.099303 ], [ -71.743179, -33.099438 ], [ -71.743095, -33.099569 ], [ -71.743129, -33.099631 ], [ -71.743005, -33.099703 ], [ -71.742882, -33.099611 ], [ -71.742887, -33.099818 ], [ -71.74274, -33.100024 ], [ -71.742792, -33.10016 ], [ -71.742953, -33.100196 ], [ -71.742988, -33.100272 ], [ -71.742878, -33.100634 ], [ -71.743039, -33.10071 ], [ -71.743309, -33.100676 ], [ -71.74342, -33.10075 ], [ -71.7435, -33.101043 ], [ -71.743765, -33.101234 ], [ -71.743811, -33.101144 ], [ -71.743776, -33.101081 ], [ -71.743846, -33.101031 ], [ -71.74394, -33.10111 ], [ -71.744119, -33.101139 ], [ -71.744136, -33.101025 ], [ -71.744004, -33.100966 ], [ -71.744119, -33.100861 ], [ -71.744208, -33.100881 ], [ -71.744318, -33.101079 ], [ -71.744445, -33.101065 ], [ -71.744369, -33.101 ], [ -71.744466, -33.100849 ], [ -71.744616, -33.100726 ], [ -71.744805, -33.100826 ], [ -71.744896, -33.100757 ], [ -71.744841, -33.100667 ], [ -71.744947, -33.100617 ], [ -71.744985, -33.100471 ], [ -71.745072, -33.100434 ], [ -71.745188, -33.100478 ], [ -71.745317, -33.100905 ], [ -71.745484, -33.100889 ], [ -71.745521, -33.100822 ], [ -71.745494, -33.100635 ], [ -71.745583, -33.100442 ], [ -71.745545, -33.100339 ], [ -71.745427, -33.100258 ], [ -71.745647, -33.100179 ], [ -71.745693, -33.0998 ], [ -71.745749, -33.099703 ] ] ], [ [ [ -71.742439, -33.097651 ], [ -71.742168, -33.097571 ], [ -71.742131, -33.097595 ], [ -71.742206, -33.097638 ], [ -71.742081, -33.09767 ], [ -71.741989, -33.097804 ], [ -71.741989, -33.097901 ], [ -71.741938, -33.097917 ], [ -71.74184, -33.097854 ], [ -71.741841, -33.097721 ], [ -71.74177, -33.097618 ], [ -71.74164, -33.097651 ], [ -71.741519, -33.09778 ], [ -71.741318, -33.09782 ], [ -71.741254, -33.097822 ], [ -71.741283, -33.097739 ], [ -71.741221, -33.097728 ], [ -71.741214, -33.097993 ], [ -71.74101, -33.098117 ], [ -71.740902, -33.09826 ], [ -71.74079, -33.098258 ], [ -71.740637, -33.098395 ], [ -71.740557, -33.098382 ], [ -71.740583, -33.09802 ], [ -71.74035, -33.097968 ], [ -71.740332, -33.097861 ], [ -71.740269, -33.097921 ], [ -71.740108, -33.097921 ], [ -71.739961, -33.098036 ], [ -71.739958, -33.098164 ], [ -71.739709, -33.098415 ], [ -71.739424, -33.098422 ], [ -71.739334, -33.09834 ], [ -71.739191, -33.0984 ], [ -71.739164, -33.09824 ], [ -71.739025, -33.098184 ], [ -71.738948, -33.097944 ], [ -71.738853, -33.097878 ], [ -71.738925, -33.097604 ], [ -71.738907, -33.097357 ], [ -71.739028, -33.097249 ], [ -71.739001, -33.097072 ], [ -71.739127, -33.096858 ], [ -71.739084, -33.096786 ], [ -71.739009, -33.096768 ], [ -71.738845, -33.097096 ], [ -71.738775, -33.097036 ], [ -71.738649, -33.097209 ], [ -71.738636, -33.097166 ], [ -71.73869, -33.096845 ], [ -71.738856, -33.096643 ], [ -71.738797, -33.096622 ], [ -71.738836, -33.096279 ], [ -71.738644, -33.096481 ], [ -71.738271, -33.0964 ], [ -71.738365, -33.09624 ], [ -71.738285, -33.0962 ], [ -71.738287, -33.096063 ], [ -71.738185, -33.09584 ], [ -71.738089, -33.095809 ], [ -71.738024, -33.095894 ], [ -71.738081, -33.096694 ], [ -71.737975, -33.096683 ], [ -71.737896, -33.096613 ], [ -71.737944, -33.09655 ], [ -71.737867, -33.096443 ], [ -71.737764, -33.095995 ], [ -71.737625, -33.096097 ], [ -71.737503, -33.096007 ], [ -71.737162, -33.095911 ], [ -71.737016, -33.096072 ], [ -71.736914, -33.095982 ], [ -71.736874, -33.096159 ], [ -71.736796, -33.096202 ], [ -71.736619, -33.096004 ], [ -71.736384, -33.096045 ], [ -71.736385, -33.095739 ], [ -71.736487, -33.095598 ], [ -71.736471, -33.095416 ], [ -71.736528, -33.09531 ], [ -71.736289, -33.095332 ], [ -71.73597, -33.095703 ], [ -71.735916, -33.095413 ], [ -71.735946, -33.095323 ], [ -71.735736, -33.095002 ], [ -71.735677, -33.094715 ], [ -71.735495, -33.09436 ], [ -71.735514, -33.094267 ], [ -71.735594, -33.094258 ], [ -71.735608, -33.094427 ], [ -71.735704, -33.09429 ], [ -71.735626, -33.094148 ], [ -71.735492, -33.094072 ], [ -71.73553, -33.094014 ], [ -71.735637, -33.094016 ], [ -71.735667, -33.093942 ], [ -71.73552, -33.093924 ], [ -71.735386, -33.093392 ], [ -71.73524, -33.093171 ], [ -71.735119, -33.093085 ], [ -71.734905, -33.093058 ], [ -71.734677, -33.093265 ], [ -71.734774, -33.092991 ], [ -71.734857, -33.092957 ], [ -71.73487, -33.092834 ], [ -71.734673, -33.092513 ], [ -71.734457, -33.092458 ], [ -71.734379, -33.092382 ], [ -71.73421, -33.092485 ], [ -71.734152, -33.092291 ], [ -71.733801, -33.092185 ], [ -71.733604, -33.092258 ], [ -71.73332, -33.09213 ], [ -71.733128, -33.092129 ], [ -71.732864, -33.091996 ], [ -71.732767, -33.091872 ], [ -71.732826, -33.091755 ], [ -71.732797, -33.091605 ], [ -71.732917, -33.09144 ], [ -71.732998, -33.091418 ], [ -71.733006, -33.091555 ], [ -71.733103, -33.091587 ], [ -71.733314, -33.091546 ], [ -71.733553, -33.091115 ], [ -71.733754, -33.091092 ], [ -71.733752, -33.090854 ], [ -71.733674, -33.090863 ], [ -71.733631, -33.090996 ], [ -71.733554, -33.091023 ], [ -71.73369, -33.090647 ], [ -71.733674, -33.090384 ], [ -71.733596, -33.090418 ], [ -71.733596, -33.090497 ], [ -71.733459, -33.090499 ], [ -71.733322, -33.090627 ], [ -71.733277, -33.090825 ], [ -71.733171, -33.090834 ], [ -71.733033, -33.090737 ], [ -71.733081, -33.090445 ], [ -71.73298, -33.090207 ], [ -71.732813, -33.090157 ], [ -71.732758, -33.090066 ], [ -71.732649, -33.090016 ], [ -71.73252, -33.090056 ], [ -71.732465, -33.089947 ], [ -71.732153, -33.089933 ], [ -71.732101, -33.089762 ], [ -71.731906, -33.089906 ], [ -71.731525, -33.090011 ], [ -71.731442, -33.089989 ], [ -71.731458, -33.089818 ], [ -71.731298, -33.089715 ], [ -71.731238, -33.089488 ], [ -71.731077, -33.089398 ], [ -71.731179, -33.089218 ], [ -71.731297, -33.089142 ], [ -71.731287, -33.089005 ], [ -71.731201, -33.08898 ], [ -71.731167, -33.088861 ], [ -71.731032, -33.088827 ], [ -71.731, -33.088883 ], [ -71.730917, -33.088879 ], [ -71.73089, -33.0888 ], [ -71.730836, -33.088825 ], [ -71.730855, -33.088921 ], [ -71.730793, -33.089059 ], [ -71.73082, -33.089173 ], [ -71.730975, -33.089263 ], [ -71.730978, -33.089342 ], [ -71.730927, -33.089364 ], [ -71.730648, -33.089303 ], [ -71.730416, -33.089133 ], [ -71.730266, -33.08918 ], [ -71.730171, -33.088924 ], [ -71.729876, -33.089054 ], [ -71.729713, -33.088875 ], [ -71.729532, -33.088984 ], [ -71.72902, -33.089076 ], [ -71.728828, -33.089183 ], [ -71.728797, -33.089119 ], [ -71.728999, -33.089011 ], [ -71.729004, -33.088856 ], [ -71.72887, -33.088886 ], [ -71.728752, -33.088841 ], [ -71.728701, -33.088906 ], [ -71.728733, -33.088989 ], [ -71.728642, -33.088984 ], [ -71.728427, -33.089184 ], [ -71.728341, -33.089503 ], [ -71.728268, -33.089484 ], [ -71.728187, -33.08936 ], [ -71.728033, -33.089413 ], [ -71.728057, -33.089128 ], [ -71.727929, -33.089117 ], [ -71.727802, -33.089231 ], [ -71.727714, -33.089661 ], [ -71.727663, -33.089614 ], [ -71.727727, -33.089306 ], [ -71.727676, -33.089184 ], [ -71.727605, -33.089119 ], [ -71.727492, -33.089201 ], [ -71.727489, -33.089097 ], [ -71.727388, -33.089052 ], [ -71.727243, -33.089149 ], [ -71.727244, -33.089256 ], [ -71.727169, -33.089135 ], [ -71.727006, -33.089137 ], [ -71.726966, -33.089288 ], [ -71.726799, -33.089384 ], [ -71.726673, -33.089582 ], [ -71.726558, -33.089611 ], [ -71.726574, -33.089371 ], [ -71.726778, -33.089169 ], [ -71.726727, -33.089018 ], [ -71.726633, -33.089047 ], [ -71.72651, -33.088973 ], [ -71.726389, -33.08913 ], [ -71.726394, -33.089339 ], [ -71.726325, -33.089488 ], [ -71.726421, -33.089587 ], [ -71.726249, -33.089598 ], [ -71.726254, -33.089462 ], [ -71.726201, -33.089434 ], [ -71.726078, -33.089465 ], [ -71.726013, -33.089771 ], [ -71.726048, -33.089924 ], [ -71.725879, -33.089928 ], [ -71.725842, -33.089784 ], [ -71.725726, -33.089773 ], [ -71.725721, -33.089852 ], [ -71.725638, -33.089903 ], [ -71.725689, -33.090099 ], [ -71.725608, -33.090162 ], [ -71.7256, -33.090241 ], [ -71.725329, -33.090274 ], [ -71.725209, -33.0902 ], [ -71.72512, -33.090238 ], [ -71.725101, -33.090371 ], [ -71.725002, -33.090303 ], [ -71.725008, -33.090164 ], [ -71.724613, -33.090184 ], [ -71.724589, -33.090086 ], [ -71.72449, -33.09022 ], [ -71.724061, -33.090362 ], [ -71.723865, -33.090499 ], [ -71.723833, -33.090546 ], [ -71.723892, -33.090798 ], [ -71.723827, -33.090859 ], [ -71.723535, -33.090724 ], [ -71.72328, -33.090703 ], [ -71.72332, -33.090942 ], [ -71.723216, -33.090856 ], [ -71.723141, -33.090883 ], [ -71.723031, -33.091121 ], [ -71.722972, -33.091137 ], [ -71.722819, -33.090912 ], [ -71.722634, -33.091054 ], [ -71.722438, -33.091121 ], [ -71.722382, -33.091223 ], [ -71.722229, -33.091263 ], [ -71.722238, -33.091338 ], [ -71.722521, -33.091357 ], [ -71.722521, -33.091431 ], [ -71.722433, -33.091465 ], [ -71.722358, -33.0916 ], [ -71.722374, -33.09169 ], [ -71.722272, -33.0918 ], [ -71.722446, -33.092328 ], [ -71.722237, -33.092418 ], [ -71.722256, -33.09253 ], [ -71.722135, -33.092607 ], [ -71.722073, -33.092829 ], [ -71.722213, -33.092921 ], [ -71.722286, -33.093214 ], [ -71.722406, -33.093333 ], [ -71.722301, -33.093701 ], [ -71.722183, -33.093811 ], [ -71.721939, -33.093831 ], [ -71.721687, -33.093663 ], [ -71.721601, -33.09353 ], [ -71.721529, -33.093548 ], [ -71.721572, -33.093409 ], [ -71.72153, -33.093376 ], [ -71.721431, -33.09345 ], [ -71.721254, -33.093304 ], [ -71.721167, -33.093321 ], [ -71.721006, -33.093423 ], [ -71.720952, -33.093816 ], [ -71.721003, -33.09411 ], [ -71.720874, -33.094139 ], [ -71.72081, -33.093876 ], [ -71.720703, -33.093764 ], [ -71.72077, -33.093652 ], [ -71.720633, -33.093393 ], [ -71.720401, -33.093286 ], [ -71.720373, -33.093351 ], [ -71.720488, -33.093483 ], [ -71.720426, -33.093483 ], [ -71.720303, -33.093312 ], [ -71.720206, -33.093324 ], [ -71.720292, -33.093485 ], [ -71.720102, -33.093458 ], [ -71.71997, -33.09353 ], [ -71.719839, -33.093948 ], [ -71.719758, -33.094276 ], [ -71.719876, -33.094492 ], [ -71.719371, -33.094353 ], [ -71.719257, -33.094485 ], [ -71.719273, -33.094564 ], [ -71.719163, -33.094566 ], [ -71.719091, -33.094631 ], [ -71.718994, -33.094557 ], [ -71.718946, -33.094701 ], [ -71.718728, -33.094928 ], [ -71.718605, -33.094874 ], [ -71.718482, -33.094969 ], [ -71.718396, -33.095337 ], [ -71.718546, -33.09533 ], [ -71.718592, -33.095407 ], [ -71.718557, -33.095494 ], [ -71.718645, -33.095613 ], [ -71.718948, -33.095845 ], [ -71.718919, -33.096036 ], [ -71.718959, -33.096097 ], [ -71.718849, -33.096278 ], [ -71.71827, -33.096591 ], [ -71.718034, -33.096669 ], [ -71.717889, -33.096389 ], [ -71.717669, -33.096231 ], [ -71.71743, -33.096409 ], [ -71.717492, -33.096503 ], [ -71.717422, -33.096694 ], [ -71.717332, -33.096688 ], [ -71.717103, -33.096472 ], [ -71.716918, -33.096521 ], [ -71.716872, -33.096636 ], [ -71.716921, -33.096728 ], [ -71.71683, -33.096701 ], [ -71.716695, -33.096548 ], [ -71.716646, -33.096272 ], [ -71.716537, -33.096267 ], [ -71.716436, -33.096158 ], [ -71.716309, -33.096121 ], [ -71.716333, -33.096278 ], [ -71.716259, -33.096297 ], [ -71.716046, -33.096078 ], [ -71.715966, -33.096247 ], [ -71.715801, -33.096185 ], [ -71.71559, -33.096227 ], [ -71.715885, -33.096398 ], [ -71.715883, -33.096472 ], [ -71.715644, -33.096469 ], [ -71.715566, -33.096337 ], [ -71.715483, -33.096323 ], [ -71.715486, -33.096434 ], [ -71.715177, -33.096532 ], [ -71.715282, -33.096717 ], [ -71.71526, -33.096854 ], [ -71.715322, -33.096984 ], [ -71.714842, -33.097022 ], [ -71.714818, -33.097087 ], [ -71.71489, -33.097296 ], [ -71.714737, -33.097238 ], [ -71.714568, -33.097301 ], [ -71.714386, -33.097265 ], [ -71.714445, -33.097496 ], [ -71.71441, -33.097528 ], [ -71.714307, -33.097535 ], [ -71.714127, -33.097436 ], [ -71.714193, -33.097555 ], [ -71.714091, -33.09758 ], [ -71.71399, -33.097486 ], [ -71.713866, -33.097505 ], [ -71.713631, -33.097353 ], [ -71.713353, -33.097303 ], [ -71.713179, -33.097341 ], [ -71.713166, -33.097409 ], [ -71.713015, -33.097415 ], [ -71.713031, -33.097501 ], [ -71.713225, -33.097577 ], [ -71.713166, -33.097584 ], [ -71.713203, -33.097674 ], [ -71.712989, -33.097849 ], [ -71.71277, -33.097719 ], [ -71.71261, -33.097726 ], [ -71.712223, -33.097593 ], [ -71.712184, -33.097663 ], [ -71.712258, -33.097699 ], [ -71.712262, -33.097858 ], [ -71.712055, -33.097838 ], [ -71.711985, -33.097773 ], [ -71.711809, -33.097824 ], [ -71.711658, -33.0978 ], [ -71.711524, -33.097943 ], [ -71.711598, -33.098029 ], [ -71.711516, -33.09806 ], [ -71.711438, -33.097964 ], [ -71.711333, -33.097946 ], [ -71.711175, -33.098085 ], [ -71.711191, -33.098191 ], [ -71.711117, -33.098249 ], [ -71.710953, -33.098191 ], [ -71.711047, -33.098103 ], [ -71.711001, -33.098056 ], [ -71.710874, -33.098076 ], [ -71.710767, -33.097984 ], [ -71.710706, -33.097982 ], [ -71.710706, -33.098067 ], [ -71.710575, -33.098083 ], [ -71.710531, -33.098072 ], [ -71.710544, -33.097989 ], [ -71.710438, -33.097986 ], [ -71.710559, -33.098289 ], [ -71.710508, -33.098305 ], [ -71.710252, -33.098196 ], [ -71.710153, -33.09818 ], [ -71.710003, -33.098258 ], [ -71.70986, -33.098148 ], [ -71.709136, -33.098072 ], [ -71.709115, -33.098128 ], [ -71.708775, -33.098278 ], [ -71.708786, -33.09844 ], [ -71.708876, -33.09858 ], [ -71.709026, -33.098664 ], [ -71.708965, -33.098713 ], [ -71.70868, -33.098683 ], [ -71.708649, -33.098761 ], [ -71.708778, -33.098867 ], [ -71.708538, -33.098843 ], [ -71.708441, -33.098903 ], [ -71.708654, -33.099121 ], [ -71.708555, -33.099229 ], [ -71.708426, -33.099148 ], [ -71.708354, -33.099175 ], [ -71.708533, -33.099366 ], [ -71.708507, -33.099496 ], [ -71.70838, -33.099652 ], [ -71.708192, -33.099726 ], [ -71.708052, -33.099681 ], [ -71.707924, -33.099483 ], [ -71.707953, -33.099326 ], [ -71.707836, -33.099319 ], [ -71.707825, -33.099211 ], [ -71.707721, -33.099139 ], [ -71.707611, -33.099229 ], [ -71.707423, -33.09922 ], [ -71.707473, -33.099479 ], [ -71.707301, -33.099479 ], [ -71.707221, -33.09938 ], [ -71.706998, -33.099584 ], [ -71.706886, -33.09962 ], [ -71.706875, -33.099488 ], [ -71.707006, -33.09933 ], [ -71.70692, -33.099054 ], [ -71.706637, -33.098925 ], [ -71.706626, -33.098831 ], [ -71.706559, -33.098853 ], [ -71.706508, -33.098797 ], [ -71.706195, -33.098858 ], [ -71.706208, -33.098973 ], [ -71.706305, -33.099058 ], [ -71.706274, -33.099178 ], [ -71.706346, -33.09922 ], [ -71.70628, -33.099274 ], [ -71.705951, -33.099132 ], [ -71.705832, -33.09917 ], [ -71.705642, -33.099121 ], [ -71.705558, -33.098928 ], [ -71.705328, -33.098928 ], [ -71.705312, -33.099112 ], [ -71.70543, -33.099301 ], [ -71.705291, -33.099276 ], [ -71.705291, -33.099393 ], [ -71.705151, -33.099449 ], [ -71.704883, -33.099469 ], [ -71.704754, -33.099393 ], [ -71.704652, -33.099447 ], [ -71.704518, -33.099305 ], [ -71.704365, -33.099337 ], [ -71.704328, -33.099235 ], [ -71.704148, -33.099128 ], [ -71.703934, -33.099238 ], [ -71.703789, -33.09951 ], [ -71.703857, -33.099618 ], [ -71.703955, -33.099577 ], [ -71.704038, -33.099712 ], [ -71.704317, -33.099833 ], [ -71.704276, -33.100051 ], [ -71.704399, -33.100034 ], [ -71.704426, -33.100081 ], [ -71.704354, -33.100234 ], [ -71.704415, -33.100335 ], [ -71.704552, -33.100382 ], [ -71.704614, -33.100557 ], [ -71.704536, -33.100595 ], [ -71.704297, -33.100481 ], [ -71.704287, -33.100544 ], [ -71.704126, -33.100528 ], [ -71.704083, -33.100589 ], [ -71.703922, -33.100573 ], [ -71.70379, -33.100638 ], [ -71.703637, -33.100503 ], [ -71.703482, -33.10047 ], [ -71.70334, -33.100604 ], [ -71.703393, -33.100687 ], [ -71.703149, -33.100755 ], [ -71.703056, -33.100604 ], [ -71.70293, -33.100593 ], [ -71.702803, -33.100782 ], [ -71.702445, -33.100856 ], [ -71.702509, -33.101019 ], [ -71.702498, -33.101184 ], [ -71.702214, -33.101085 ], [ -71.702016, -33.101332 ], [ -71.70193, -33.101067 ], [ -71.701744, -33.101022 ], [ -71.701597, -33.101073 ], [ -71.701503, -33.101343 ], [ -71.701851, -33.101654 ], [ -71.701747, -33.101705 ], [ -71.701702, -33.101646 ], [ -71.701383, -33.101565 ], [ -71.701242, -33.101943 ], [ -71.701167, -33.101875 ], [ -71.701168, -33.101671 ], [ -71.701109, -33.101673 ], [ -71.701036, -33.102065 ], [ -71.701084, -33.102103 ], [ -71.700987, -33.102364 ], [ -71.700805, -33.102303 ], [ -71.700767, -33.102334 ], [ -71.700635, -33.10225 ], [ -71.700481, -33.102334 ], [ -71.700129, -33.102323 ], [ -71.699842, -33.102202 ], [ -71.699842, -33.102265 ], [ -71.699995, -33.102355 ], [ -71.699992, -33.102426 ], [ -71.69989, -33.102505 ], [ -71.699735, -33.102521 ], [ -71.699601, -33.102186 ], [ -71.699403, -33.101907 ], [ -71.699256, -33.101965 ], [ -71.699234, -33.102089 ], [ -71.699119, -33.102165 ], [ -71.699108, -33.102354 ], [ -71.698998, -33.102446 ], [ -71.698939, -33.102426 ], [ -71.698987, -33.102334 ], [ -71.698954, -33.102188 ], [ -71.698719, -33.102046 ], [ -71.69881, -33.102159 ], [ -71.698727, -33.102278 ], [ -71.698819, -33.102455 ], [ -71.698649, -33.102647 ], [ -71.698423, -33.102719 ], [ -71.69826, -33.102548 ], [ -71.698247, -33.102613 ], [ -71.698313, -33.102674 ], [ -71.698268, -33.102786 ], [ -71.698171, -33.102797 ], [ -71.698059, -33.102732 ], [ -71.697909, -33.102774 ], [ -71.697735, -33.102404 ], [ -71.697684, -33.102413 ], [ -71.697684, -33.102496 ], [ -71.697598, -33.102473 ], [ -71.697463, -33.102301 ], [ -71.697351, -33.102307 ], [ -71.697141, -33.102015 ], [ -71.69705, -33.102024 ], [ -71.696997, -33.102186 ], [ -71.696925, -33.102163 ], [ -71.696908, -33.102063 ], [ -71.696759, -33.1019 ], [ -71.696592, -33.102064 ], [ -71.696524, -33.101917 ], [ -71.696592, -33.101788 ], [ -71.696512, -33.101671 ], [ -71.696277, -33.101532 ], [ -71.696009, -33.101588 ], [ -71.695809, -33.101554 ], [ -71.695761, -33.101588 ], [ -71.695772, -33.101671 ], [ -71.695678, -33.101673 ], [ -71.69568, -33.101772 ], [ -71.695962, -33.102071 ], [ -71.695723, -33.102024 ], [ -71.695696, -33.102078 ], [ -71.69602, -33.102272 ], [ -71.696067, -33.102428 ], [ -71.695702, -33.102179 ], [ -71.695656, -33.102323 ], [ -71.695819, -33.102644 ], [ -71.695715, -33.102702 ], [ -71.695479, -33.102341 ], [ -71.695312, -33.102213 ], [ -71.695235, -33.102213 ], [ -71.695147, -33.102296 ], [ -71.695189, -33.102395 ], [ -71.695063, -33.102379 ], [ -71.695154, -33.102523 ], [ -71.69516, -33.102687 ], [ -71.695291, -33.102792 ], [ -71.695254, -33.1029 ], [ -71.6952, -33.1029 ], [ -71.695148, -33.102766 ], [ -71.694987, -33.102635 ], [ -71.694865, -33.102689 ], [ -71.694966, -33.10282 ], [ -71.694907, -33.102829 ], [ -71.694908, -33.102932 ], [ -71.694712, -33.102977 ], [ -71.694644, -33.10268 ], [ -71.694564, -33.102654 ], [ -71.694479, -33.102435 ], [ -71.694361, -33.102354 ], [ -71.694197, -33.102359 ], [ -71.694068, -33.102426 ], [ -71.694023, -33.102552 ], [ -71.694094, -33.102669 ], [ -71.694073, -33.102732 ], [ -71.693548, -33.102635 ], [ -71.693489, -33.102745 ], [ -71.693287, -33.102678 ], [ -71.693151, -33.102698 ], [ -71.693159, -33.102801 ], [ -71.693285, -33.102884 ], [ -71.693237, -33.10295 ], [ -71.692966, -33.102837 ], [ -71.692872, -33.103012 ], [ -71.692635, -33.102847 ], [ -71.69237, -33.102755 ], [ -71.69233, -33.102786 ], [ -71.6924, -33.102916 ], [ -71.692231, -33.10286 ], [ -71.6921, -33.103019 ], [ -71.691871, -33.102923 ], [ -71.691779, -33.102826 ], [ -71.691621, -33.102802 ], [ -71.6913, -33.102925 ], [ -71.691257, -33.102988 ], [ -71.691316, -33.103071 ], [ -71.691275, -33.103139 ], [ -71.691075, -33.103161 ], [ -71.690919, -33.103008 ], [ -71.690654, -33.103046 ], [ -71.690791, -33.1029 ], [ -71.690798, -33.102752 ], [ -71.690874, -33.102711 ], [ -71.69074, -33.102471 ], [ -71.690595, -33.102444 ], [ -71.690463, -33.102622 ], [ -71.69042, -33.102357 ], [ -71.690281, -33.102345 ], [ -71.690136, -33.102455 ], [ -71.689961, -33.102361 ], [ -71.689961, -33.1022 ], [ -71.689881, -33.102219 ], [ -71.689881, -33.102364 ], [ -71.689576, -33.10239 ], [ -71.689557, -33.102428 ], [ -71.689717, -33.102582 ], [ -71.68943, -33.102444 ], [ -71.689407, -33.10255 ], [ -71.68936, -33.102543 ], [ -71.689357, -33.102431 ], [ -71.689307, -33.102424 ], [ -71.689307, -33.102568 ], [ -71.689653, -33.10279 ], [ -71.689642, -33.102829 ], [ -71.689435, -33.102793 ], [ -71.689385, -33.102857 ], [ -71.68931, -33.102786 ], [ -71.689221, -33.102784 ], [ -71.689221, -33.102849 ], [ -71.689443, -33.10295 ], [ -71.689452, -33.103031 ], [ -71.689385, -33.103111 ], [ -71.689442, -33.103206 ], [ -71.689283, -33.10319 ], [ -71.689259, -33.103266 ], [ -71.689141, -33.103197 ], [ -71.68902, -33.103358 ], [ -71.689114, -33.103489 ], [ -71.688985, -33.103602 ], [ -71.689029, -33.10372 ], [ -71.688886, -33.103904 ], [ -71.6882, -33.104033 ], [ -71.687934, -33.104033 ], [ -71.687915, -33.103846 ], [ -71.68769, -33.103698 ], [ -71.687827, -33.103704 ], [ -71.687784, -33.103493 ], [ -71.687626, -33.103608 ], [ -71.687561, -33.103579 ], [ -71.687631, -33.103525 ], [ -71.687548, -33.103527 ], [ -71.687701, -33.103455 ], [ -71.687709, -33.103377 ], [ -71.68769, -33.103316 ], [ -71.687496, -33.10328 ], [ -71.687716, -33.103199 ], [ -71.687526, -33.103046 ], [ -71.687483, -33.102884 ], [ -71.687438, -33.102909 ], [ -71.687455, -33.102985 ], [ -71.687282, -33.103062 ], [ -71.687226, -33.103435 ], [ -71.687111, -33.103469 ], [ -71.687056, -33.103283 ], [ -71.687126, -33.103044 ], [ -71.68706, -33.102801 ], [ -71.686954, -33.102689 ], [ -71.68692, -33.102442 ], [ -71.686859, -33.102415 ], [ -71.686805, -33.102507 ], [ -71.6867, -33.102507 ], [ -71.686588, -33.102246 ], [ -71.686487, -33.102249 ], [ -71.686404, -33.102148 ], [ -71.686268, -33.102103 ], [ -71.685924, -33.102325 ], [ -71.685901, -33.102754 ], [ -71.685979, -33.102842 ], [ -71.685704, -33.102979 ], [ -71.685703, -33.103125 ], [ -71.68552, -33.103311 ], [ -71.68523, -33.103179 ], [ -71.685126, -33.10306 ], [ -71.685069, -33.10315 ], [ -71.684842, -33.103282 ], [ -71.684699, -33.103532 ], [ -71.684634, -33.103516 ], [ -71.684645, -33.103276 ], [ -71.684555, -33.103327 ], [ -71.684519, -33.10371 ], [ -71.684479, -33.103725 ], [ -71.684107, -33.103657 ], [ -71.684021, -33.103558 ], [ -71.683889, -33.103619 ], [ -71.683229, -33.103293 ], [ -71.683256, -33.103221 ], [ -71.683497, -33.103089 ], [ -71.683427, -33.102943 ], [ -71.683243, -33.102905 ], [ -71.683171, -33.102986 ], [ -71.68309, -33.103406 ], [ -71.682975, -33.10357 ], [ -71.682819, -33.103633 ], [ -71.68262, -33.103559 ], [ -71.682591, -33.103403 ], [ -71.682494, -33.103334 ], [ -71.682438, -33.103343 ], [ -71.682393, -33.103525 ], [ -71.682263, -33.103593 ], [ -71.682134, -33.103303 ], [ -71.682076, -33.103336 ], [ -71.68213, -33.103453 ], [ -71.682006, -33.10348 ], [ -71.681988, -33.103412 ], [ -71.681875, -33.103361 ], [ -71.68173, -33.103543 ], [ -71.68165, -33.103462 ], [ -71.681762, -33.103145 ], [ -71.681516, -33.103084 ], [ -71.681378, -33.103256 ], [ -71.681312, -33.10348 ], [ -71.681175, -33.103478 ], [ -71.680852, -33.103321 ], [ -71.680713, -33.103536 ], [ -71.680431, -33.103478 ], [ -71.680429, -33.103653 ], [ -71.680266, -33.103621 ], [ -71.680254, -33.103359 ], [ -71.680152, -33.103212 ], [ -71.680032, -33.10332 ], [ -71.679946, -33.10355 ], [ -71.679951, -33.103285 ], [ -71.679909, -33.103224 ], [ -71.679858, -33.103242 ], [ -71.679676, -33.103729 ], [ -71.678953, -33.103557 ], [ -71.678879, -33.1035 ], [ -71.678883, -33.103364 ], [ -71.678705, -33.103421 ], [ -71.678654, -33.103388 ], [ -71.678698, -33.103168 ], [ -71.678815, -33.103203 ], [ -71.678874, -33.103114 ], [ -71.678758, -33.102853 ], [ -71.678594, -33.10279 ], [ -71.678369, -33.10304 ], [ -71.678006, -33.102835 ], [ -71.678025, -33.102618 ], [ -71.678171, -33.102489 ], [ -71.678115, -33.102361 ], [ -71.677937, -33.10239 ], [ -71.678079, -33.102285 ], [ -71.678084, -33.102042 ], [ -71.678237, -33.101703 ], [ -71.678101, -33.101676 ], [ -71.677997, -33.101979 ], [ -71.677781, -33.102166 ], [ -71.677618, -33.102197 ], [ -71.677586, -33.102253 ], [ -71.677667, -33.102299 ], [ -71.67765, -33.102347 ], [ -71.677433, -33.102469 ], [ -71.677417, -33.102545 ], [ -71.677235, -33.10244 ], [ -71.677224, -33.102338 ], [ -71.677076, -33.102401 ], [ -71.677207, -33.102507 ], [ -71.676993, -33.102561 ], [ -71.676969, -33.10261 ], [ -71.676827, -33.102604 ], [ -71.676792, -33.102804 ], [ -71.676712, -33.102917 ], [ -71.676411, -33.102779 ], [ -71.676421, -33.102734 ], [ -71.676546, -33.102747 ], [ -71.676567, -33.102657 ], [ -71.676452, -33.102574 ], [ -71.676409, -33.102698 ], [ -71.676331, -33.102689 ], [ -71.67628, -33.10277 ], [ -71.676679, -33.102937 ], [ -71.676494, -33.10299 ], [ -71.676115, -33.103002 ], [ -71.675824, -33.102945 ], [ -71.673913, -33.10237 ], [ -71.670971, -33.100823 ], [ -71.669796, -33.100133 ], [ -71.668291, -33.0991 ], [ -71.667253, -33.098266 ], [ -71.665142, -33.096264 ], [ -71.66386, -33.094707 ], [ -71.663552, -33.094189 ], [ -71.662969, -33.093392 ], [ -71.66317, -33.093263 ], [ -71.663296, -33.093016 ], [ -71.663312, -33.092778 ], [ -71.663229, -33.092823 ], [ -71.663186, -33.092744 ], [ -71.663272, -33.092504 ], [ -71.663299, -33.092142 ], [ -71.663055, -33.09187 ], [ -71.662945, -33.091908 ], [ -71.662942, -33.091765 ], [ -71.662749, -33.09138 ], [ -71.662856, -33.090942 ], [ -71.663028, -33.090657 ], [ -71.663213, -33.090481 ], [ -71.663211, -33.090043 ], [ -71.663374, -33.089857 ], [ -71.663315, -33.089733 ], [ -71.663331, -33.089538 ], [ -71.663211, -33.089486 ], [ -71.663192, -33.08941 ], [ -71.663291, -33.089216 ], [ -71.663393, -33.089142 ], [ -71.663329, -33.088971 ], [ -71.663401, -33.088697 ], [ -71.663698, -33.088234 ], [ -71.663574, -33.088128 ], [ -71.663961, -33.087894 ], [ -71.664264, -33.087326 ], [ -71.664738, -33.086928 ], [ -71.664905, -33.086609 ], [ -71.66539, -33.085988 ], [ -71.665481, -33.085761 ], [ -71.666222, -33.085119 ], [ -71.667021, -33.084678 ], [ -71.667337, -33.084272 ], [ -71.667536, -33.084177 ], [ -71.667592, -33.084085 ], [ -71.667944, -33.083847 ], [ -71.668308, -33.083386 ], [ -71.66841, -33.083085 ], [ -71.668491, -33.083006 ], [ -71.668641, -33.082485 ], [ -71.668426, -33.082137 ], [ -71.668424, -33.081847 ], [ -71.668834, -33.081334 ], [ -71.668952, -33.080721 ], [ -71.669145, -33.080509 ], [ -71.66907, -33.08035 ], [ -71.669169, -33.080116 ], [ -71.669086, -33.079966 ], [ -71.669116, -33.079842 ], [ -71.669041, -33.079835 ], [ -71.668949, -33.079999 ], [ -71.668802, -33.079903 ], [ -71.668786, -33.079525 ], [ -71.66822, -33.079296 ], [ -71.66818, -33.079381 ], [ -71.668075, -33.079388 ], [ -71.667952, -33.079186 ], [ -71.667989, -33.079076 ], [ -71.667882, -33.079031 ], [ -71.667801, -33.078732 ], [ -71.667689, -33.078761 ], [ -71.667662, -33.078543 ], [ -71.667544, -33.078503 ], [ -71.667576, -33.078219 ], [ -71.667262, -33.078071 ], [ -71.667249, -33.077952 ], [ -71.667319, -33.077817 ], [ -71.66683, -33.077691 ], [ -71.666718, -33.077586 ], [ -71.665956, -33.077271 ], [ -71.665841, -33.077059 ], [ -71.665358, -33.076842 ], [ -71.665248, -33.076904 ], [ -71.665264, -33.077026 ], [ -71.664862, -33.077042 ], [ -71.6645, -33.076959 ], [ -71.664049, -33.076772 ], [ -71.663585, -33.076711 ], [ -71.663526, -33.076659 ], [ -71.663556, -33.076579 ], [ -71.663512, -33.076531 ], [ -71.662877, -33.076154 ], [ -71.662711, -33.075972 ], [ -71.662483, -33.075896 ], [ -71.662, -33.075367 ], [ -71.661981, -33.075228 ], [ -71.661906, -33.075176 ], [ -71.661876, -33.074965 ], [ -71.66196, -33.074742 ], [ -71.661968, -33.074163 ], [ -71.662088, -33.073758 ], [ -71.66196, -33.073432 ], [ -71.662281, -33.073396 ], [ -71.662421, -33.07323 ], [ -71.662475, -33.072904 ], [ -71.662649, -33.072735 ], [ -71.662711, -33.072589 ], [ -71.662716, -33.072535 ], [ -71.662563, -33.072391 ], [ -71.662601, -33.072214 ], [ -71.662775, -33.072003 ], [ -71.6627, -33.071865 ], [ -71.662796, -33.071782 ], [ -71.662885, -33.071823 ], [ -71.662941, -33.071681 ], [ -71.663057, -33.071602 ], [ -71.663091, -33.071492 ], [ -71.663057, -33.0714 ], [ -71.663226, -33.071023 ], [ -71.663167, -33.07098 ], [ -71.663151, -33.070721 ], [ -71.66321, -33.070656 ], [ -71.66311, -33.070517 ], [ -71.663078, -33.069946 ], [ -71.663102, -33.069665 ], [ -71.663204, -33.069418 ], [ -71.663126, -33.069121 ], [ -71.663145, -33.068919 ], [ -71.662982, -33.068653 ], [ -71.662931, -33.067777 ], [ -71.662772, -33.067442 ], [ -71.662692, -33.067444 ], [ -71.662603, -33.067296 ], [ -71.662306, -33.067195 ], [ -71.662222, -33.067067 ], [ -71.662263, -33.06686 ], [ -71.662367, -33.06682 ], [ -71.662367, -33.066909 ], [ -71.662448, -33.066921 ], [ -71.662606, -33.066612 ], [ -71.662496, -33.066294 ], [ -71.662367, -33.066179 ], [ -71.662408, -33.065761 ], [ -71.662314, -33.06559 ], [ -71.662204, -33.065527 ], [ -71.66215, -33.065212 ], [ -71.662268, -33.065075 ], [ -71.662426, -33.065091 ], [ -71.662432, -33.064866 ], [ -71.662373, -33.064697 ], [ -71.662397, -33.064414 ], [ -71.662491, -33.064291 ], [ -71.662526, -33.064095 ], [ -71.662703, -33.064082 ], [ -71.662805, -33.063942 ], [ -71.662493, -33.063585 ], [ -71.662453, -33.063304 ], [ -71.662215, -33.063173 ], [ -71.662134, -33.063252 ], [ -71.662051, -33.063036 ], [ -71.661863, -33.062902 ], [ -71.661699, -33.062877 ], [ -71.661589, -33.062931 ], [ -71.661278, -33.062861 ], [ -71.660924, -33.062926 ], [ -71.660619, -33.062825 ], [ -71.66034, -33.062513 ], [ -71.660471, -33.062247 ], [ -71.660417, -33.061973 ], [ -71.660825, -33.061715 ], [ -71.661259, -33.06122 ], [ -71.661147, -33.060791 ], [ -71.661262, -33.060499 ], [ -71.661459, -33.060319 ], [ -71.661493, -33.060173 ], [ -71.661394, -33.060037 ], [ -71.66142, -33.059896 ], [ -71.661367, -33.059691 ], [ -71.66123, -33.059548 ], [ -71.661198, -33.059273 ], [ -71.660991, -33.059163 ], [ -71.661034, -33.058862 ], [ -71.660994, -33.058772 ], [ -71.660943, -33.058826 ], [ -71.660745, -33.058833 ], [ -71.660758, -33.058558 ], [ -71.660914, -33.058486 ], [ -71.660906, -33.058329 ], [ -71.660954, -33.0583 ], [ -71.660997, -33.058361 ], [ -71.661083, -33.058358 ], [ -71.66104, -33.058167 ], [ -71.660798, -33.058107 ], [ -71.660758, -33.057956 ], [ -71.660895, -33.057841 ], [ -71.660817, -33.057707 ], [ -71.660846, -33.057416 ], [ -71.66079, -33.05723 ], [ -71.661088, -33.056792 ], [ -71.660747, -33.056315 ], [ -71.660715, -33.056142 ], [ -71.660777, -33.056018 ], [ -71.660777, -33.05582 ], [ -71.660812, -33.05575 ], [ -71.660946, -33.055699 ], [ -71.661021, -33.055744 ], [ -71.661125, -33.055719 ], [ -71.661147, -33.055573 ], [ -71.661222, -33.055528 ], [ -71.661496, -33.055687 ], [ -71.661595, -33.055645 ], [ -71.661595, -33.055551 ], [ -71.661772, -33.055447 ], [ -71.661804, -33.055094 ], [ -71.661667, -33.054941 ], [ -71.661155, -33.055025 ], [ -71.661246, -33.054881 ], [ -71.661292, -33.054615 ], [ -71.661146, -33.054486 ], [ -71.660999, -33.054512 ], [ -71.660831, -33.054458 ], [ -71.661016, -33.054289 ], [ -71.660855, -33.054166 ], [ -71.660339, -33.054246 ], [ -71.660106, -33.054144 ], [ -71.659739, -33.05422 ], [ -71.65942, -33.054166 ], [ -71.659266, -33.054266 ], [ -71.659157, -33.054213 ], [ -71.659082, -33.054055 ], [ -71.658923, -33.05399 ], [ -71.65917, -33.053705 ], [ -71.659232, -33.053138 ], [ -71.659494, -33.053038 ], [ -71.659629, -33.052873 ], [ -71.659677, -33.052882 ], [ -71.659666, -33.052957 ], [ -71.659784, -33.05297 ], [ -71.659851, -33.052846 ], [ -71.659953, -33.052797 ], [ -71.65987, -33.05261 ], [ -71.659685, -33.052626 ], [ -71.659701, -33.052491 ], [ -71.659653, -33.052459 ], [ -71.659692, -33.052368 ], [ -71.660004, -33.052192 ], [ -71.66014, -33.052045 ], [ -71.660332, -33.05205 ], [ -71.660336, -33.051932 ], [ -71.660409, -33.051832 ], [ -71.660533, -33.051756 ], [ -71.660688, -33.051763 ], [ -71.660675, -33.051691 ], [ -71.660809, -33.051666 ], [ -71.660914, -33.051551 ], [ -71.660981, -33.05156 ], [ -71.660956, -33.051621 ], [ -71.661195, -33.051643 ], [ -71.661227, -33.051556 ], [ -71.660908, -33.051466 ], [ -71.660956, -33.051405 ], [ -71.660997, -33.051452 ], [ -71.661158, -33.051454 ], [ -71.661053, -33.051416 ], [ -71.661216, -33.051323 ], [ -71.661098, -33.051172 ], [ -71.661332, -33.051295 ], [ -71.661501, -33.051275 ], [ -71.661689, -33.051111 ], [ -71.661648, -33.050969 ], [ -71.661978, -33.050922 ], [ -71.66197, -33.050778 ], [ -71.661877, -33.050733 ], [ -71.661835, -33.050586 ], [ -71.661627, -33.050571 ], [ -71.661493, -33.05067 ], [ -71.661359, -33.050692 ], [ -71.661305, -33.050616 ], [ -71.661415, -33.05056 ], [ -71.661385, -33.050487 ], [ -71.660989, -33.050524 ], [ -71.660855, -33.050481 ], [ -71.660817, -33.050441 ], [ -71.660908, -33.050351 ], [ -71.660883, -33.050244 ], [ -71.660753, -33.0502 ], [ -71.660694, -33.050083 ], [ -71.660596, -33.050069 ], [ -71.660513, -33.049875 ], [ -71.660627, -33.04975 ], [ -71.660559, -33.049273 ], [ -71.660591, -33.049144 ], [ -71.660714, -33.048996 ], [ -71.660706, -33.048789 ], [ -71.6613, -33.048918 ], [ -71.661458, -33.048786 ], [ -71.66174, -33.048991 ], [ -71.66182, -33.04897 ], [ -71.661846, -33.048852 ], [ -71.661705, -33.048813 ], [ -71.661689, -33.048759 ], [ -71.661791, -33.048669 ], [ -71.661815, -33.048545 ], [ -71.661928, -33.048505 ], [ -71.661995, -33.048633 ], [ -71.662083, -33.048653 ], [ -71.662118, -33.048406 ], [ -71.66197, -33.048262 ], [ -71.66181, -33.048381 ], [ -71.661766, -33.048115 ], [ -71.661702, -33.048026 ], [ -71.661541, -33.047998 ], [ -71.661557, -33.047912 ], [ -71.661685, -33.047838 ], [ -71.661619, -33.047738 ], [ -71.661303, -33.047779 ], [ -71.661323, -33.047701 ], [ -71.661157, -33.047231 ], [ -71.66091, -33.047105 ], [ -71.660929, -33.047011 ], [ -71.661037, -33.046947 ], [ -71.66093, -33.046801 ], [ -71.660737, -33.046661 ], [ -71.660554, -33.046664 ], [ -71.660517, -33.046466 ], [ -71.660444, -33.046412 ], [ -71.660264, -33.046454 ], [ -71.660165, -33.046313 ], [ -71.659891, -33.046228 ], [ -71.659586, -33.04631 ], [ -71.65921, -33.046039 ], [ -71.658998, -33.046007 ], [ -71.658957, -33.045952 ], [ -71.659015, -33.045935 ], [ -71.659323, -33.045989 ], [ -71.659401, -33.045906 ], [ -71.659373, -33.045792 ], [ -71.659334, -33.045742 ], [ -71.659167, -33.045784 ], [ -71.658826, -33.045711 ], [ -71.658762, -33.045582 ], [ -71.658832, -33.045458 ], [ -71.65906, -33.04542 ], [ -71.658987, -33.045325 ], [ -71.659008, -33.045277 ], [ -71.659267, -33.045252 ], [ -71.65932, -33.045057 ], [ -71.65944, -33.044963 ], [ -71.659374, -33.0449 ], [ -71.659425, -33.044872 ], [ -71.659119, -33.044552 ], [ -71.659116, -33.044489 ], [ -71.659259, -33.044411 ], [ -71.659393, -33.044528 ], [ -71.659221, -33.044537 ], [ -71.659237, -33.04457 ], [ -71.65946, -33.044739 ], [ -71.659521, -33.044671 ], [ -71.659449, -33.044534 ], [ -71.659425, -33.04426 ], [ -71.659135, -33.04422 ], [ -71.659194, -33.044309 ], [ -71.65913, -33.044354 ], [ -71.659055, -33.044213 ], [ -71.658918, -33.044235 ], [ -71.658733, -33.044163 ], [ -71.658626, -33.044258 ], [ -71.658481, -33.043977 ], [ -71.658677, -33.043824 ], [ -71.65862, -33.043708 ], [ -71.658695, -33.043204 ], [ -71.658649, -33.042984 ], [ -71.658738, -33.042746 ], [ -71.658964, -33.042706 ], [ -71.658872, -33.042587 ], [ -71.658893, -33.042456 ], [ -71.659103, -33.042304 ], [ -71.659344, -33.042339 ], [ -71.659438, -33.042286 ], [ -71.659403, -33.042209 ], [ -71.659479, -33.042095 ], [ -71.659674, -33.042168 ], [ -71.659798, -33.042115 ], [ -71.659814, -33.041991 ], [ -71.659953, -33.042027 ], [ -71.65995, -33.041651 ], [ -71.659868, -33.041443 ], [ -71.659744, -33.041486 ], [ -71.659634, -33.041355 ], [ -71.659808, -33.041254 ], [ -71.659717, -33.041034 ], [ -71.659747, -33.040914 ], [ -71.659683, -33.040847 ], [ -71.659425, -33.040786 ], [ -71.659325, -33.040497 ], [ -71.659084, -33.040352 ], [ -71.659119, -33.040292 ], [ -71.659227, -33.040289 ], [ -71.659454, -33.04042 ], [ -71.659658, -33.040379 ], [ -71.659701, -33.040267 ], [ -71.659499, -33.040048 ], [ -71.659489, -33.039923 ], [ -71.659715, -33.040094 ], [ -71.659707, -33.039876 ], [ -71.659554, -33.03975 ], [ -71.65943, -33.039761 ], [ -71.659287, -33.03956 ], [ -71.659129, -33.039492 ], [ -71.659167, -33.039451 ], [ -71.659243, -33.03948 ], [ -71.659272, -33.039426 ], [ -71.658644, -33.038846 ], [ -71.658368, -33.038515 ], [ -71.658213, -33.038486 ], [ -71.658252, -33.038645 ], [ -71.658201, -33.038624 ], [ -71.657987, -33.038334 ], [ -71.657808, -33.038311 ], [ -71.657628, -33.038171 ], [ -71.657623, -33.03827 ], [ -71.657545, -33.038315 ], [ -71.657488, -33.038158 ], [ -71.657404, -33.038107 ], [ -71.6574, -33.038232 ], [ -71.65751, -33.038374 ], [ -71.656959, -33.037855 ], [ -71.656509, -33.037785 ], [ -71.656456, -33.037722 ], [ -71.65659, -33.037362 ], [ -71.657067, -33.037375 ], [ -71.657212, -33.037265 ], [ -71.657353, -33.037235 ], [ -71.657478, -33.037025 ], [ -71.657185, -33.03671 ], [ -71.657325, -33.036624 ], [ -71.657297, -33.036553 ], [ -71.657172, -33.036438 ], [ -71.656928, -33.036386 ], [ -71.65692, -33.036249 ], [ -71.656721, -33.036208 ], [ -71.65678, -33.0361 ], [ -71.656748, -33.036053 ], [ -71.656853, -33.035984 ], [ -71.656813, -33.03586 ], [ -71.656654, -33.03568 ], [ -71.656633, -33.035732 ], [ -71.65655, -33.035586 ], [ -71.656613, -33.035517 ], [ -71.65653, -33.035382 ], [ -71.65641, -33.035365 ], [ -71.656316, -33.035228 ], [ -71.656496, -33.035048 ], [ -71.656429, -33.034864 ], [ -71.656606, -33.034954 ], [ -71.656753, -33.034946 ], [ -71.656881, -33.035051 ], [ -71.657091, -33.035076 ], [ -71.657249, -33.035018 ], [ -71.657247, -33.034866 ], [ -71.657276, -33.034911 ], [ -71.657332, -33.034865 ], [ -71.65741, -33.034912 ], [ -71.657427, -33.034832 ], [ -71.657357, -33.034722 ], [ -71.657286, -33.034779 ], [ -71.657286, -33.034669 ], [ -71.657183, -33.034684 ], [ -71.657105, -33.03463 ], [ -71.656987, -33.034672 ], [ -71.656756, -33.034646 ], [ -71.656579, -33.034765 ], [ -71.656523, -33.034693 ], [ -71.65648, -33.034391 ], [ -71.656578, -33.034237 ], [ -71.656936, -33.034209 ], [ -71.657215, -33.034059 ], [ -71.657158, -33.033771 ], [ -71.657019, -33.033658 ], [ -71.657137, -33.033503 ], [ -71.657209, -33.033537 ], [ -71.657322, -33.033474 ], [ -71.657378, -33.033481 ], [ -71.657411, -33.033571 ], [ -71.657496, -33.033535 ], [ -71.657439, -33.033369 ], [ -71.657266, -33.033265 ], [ -71.657356, -33.033187 ], [ -71.657404, -33.033019 ], [ -71.657531, -33.032979 ], [ -71.657641, -33.033202 ], [ -71.657757, -33.033164 ], [ -71.657673, -33.033106 ], [ -71.657941, -33.03307 ], [ -71.658006, -33.033112 ], [ -71.657982, -33.03315 ], [ -71.65785, -33.033157 ], [ -71.657792, -33.03322 ], [ -71.657813, -33.033258 ], [ -71.65803, -33.033242 ], [ -71.658108, -33.033092 ], [ -71.658081, -33.032687 ], [ -71.657783, -33.032777 ], [ -71.657631, -33.032712 ], [ -71.657526, -33.032923 ], [ -71.657365, -33.032878 ], [ -71.657373, -33.032719 ], [ -71.657293, -33.032669 ], [ -71.657258, -33.032505 ], [ -71.657145, -33.032345 ], [ -71.656898, -33.032235 ], [ -71.656931, -33.03215 ], [ -71.657477, -33.031998 ], [ -71.657585, -33.0317 ], [ -71.657507, -33.031601 ], [ -71.657405, -33.031635 ], [ -71.65725, -33.031594 ], [ -71.657215, -33.031482 ], [ -71.65704, -33.031321 ], [ -71.656729, -33.031351 ], [ -71.656544, -33.031225 ], [ -71.656292, -33.031205 ], [ -71.656289, -33.031169 ], [ -71.656574, -33.031115 ], [ -71.6566, -33.031033 ], [ -71.65642, -33.030831 ], [ -71.656423, -33.030655 ], [ -71.656324, -33.030652 ], [ -71.656297, -33.030725 ], [ -71.656121, -33.030722 ], [ -71.65611, -33.030652 ], [ -71.65601, -33.030595 ], [ -71.656002, -33.030488 ], [ -71.656348, -33.030355 ], [ -71.656284, -33.030267 ], [ -71.656346, -33.03016 ], [ -71.656339, -33.029889 ], [ -71.656208, -33.029803 ], [ -71.656262, -33.029718 ], [ -71.656239, -33.029593 ], [ -71.656158, -33.029631 ], [ -71.65597, -33.029595 ], [ -71.655978, -33.029531 ], [ -71.655863, -33.029487 ], [ -71.655916, -33.029418 ], [ -71.65613, -33.029403 ], [ -71.656225, -33.029323 ], [ -71.656177, -33.029186 ], [ -71.656209, -33.029123 ], [ -71.655973, -33.029031 ], [ -71.655855, -33.029152 ], [ -71.65587, -33.029317 ], [ -71.655768, -33.029401 ], [ -71.655681, -33.029399 ], [ -71.655434, -33.029244 ], [ -71.655372, -33.028965 ], [ -71.655243, -33.028805 ], [ -71.655171, -33.028857 ], [ -71.65523, -33.029013 ], [ -71.655182, -33.029078 ], [ -71.654817, -33.029042 ], [ -71.654793, -33.028938 ], [ -71.654728, -33.028922 ], [ -71.654709, -33.029081 ], [ -71.654572, -33.029142 ], [ -71.654497, -33.029115 ], [ -71.654567, -33.028932 ], [ -71.654527, -33.028872 ], [ -71.654407, -33.028891 ], [ -71.65449, -33.028709 ], [ -71.654404, -33.028536 ], [ -71.654522, -33.028498 ], [ -71.654562, -33.02841 ], [ -71.65442, -33.028052 ], [ -71.65453, -33.027666 ], [ -71.654519, -33.027603 ], [ -71.654369, -33.027497 ], [ -71.654414, -33.027435 ], [ -71.65449, -33.027456 ], [ -71.654506, -33.027263 ], [ -71.65443, -33.027141 ], [ -71.654312, -33.027237 ], [ -71.654318, -33.027043 ], [ -71.6541, -33.026958 ], [ -71.654111, -33.026883 ], [ -71.653894, -33.026905 ], [ -71.653889, -33.026982 ], [ -71.653708, -33.027012 ], [ -71.653736, -33.02709 ], [ -71.653149, -33.026912 ], [ -71.653114, -33.026944 ], [ -71.653151, -33.027029 ], [ -71.65298, -33.02707 ], [ -71.652896, -33.027061 ], [ -71.652304, -33.026665 ], [ -71.652086, -33.026651 ], [ -71.652045, -33.026738 ], [ -71.652089, -33.026824 ], [ -71.651966, -33.026834 ], [ -71.651861, -33.026681 ], [ -71.651612, -33.026613 ], [ -71.651507, -33.026685 ], [ -71.65148, -33.026798 ], [ -71.651397, -33.026818 ], [ -71.651302, -33.026729 ], [ -71.651357, -33.026564 ], [ -71.651219, -33.026482 ], [ -71.651022, -33.026519 ], [ -71.650941, -33.026454 ], [ -71.650823, -33.026449 ], [ -71.650289, -33.026606 ], [ -71.650214, -33.026508 ], [ -71.649917, -33.026705 ], [ -71.649949, -33.026525 ], [ -71.649533, -33.026622 ], [ -71.649361, -33.02651 ], [ -71.649327, -33.026456 ], [ -71.649391, -33.026319 ], [ -71.649595, -33.026154 ], [ -71.649565, -33.026091 ], [ -71.649487, -33.026114 ], [ -71.649404, -33.026062 ], [ -71.649533, -33.025804 ], [ -71.649538, -33.025642 ], [ -71.649501, -33.025568 ], [ -71.649372, -33.025597 ], [ -71.649226, -33.025377 ], [ -71.648972, -33.025338 ], [ -71.648962, -33.025185 ], [ -71.648774, -33.025127 ], [ -71.64894, -33.024942 ], [ -71.648942, -33.02484 ], [ -71.648809, -33.024841 ], [ -71.648709, -33.024759 ], [ -71.648766, -33.024609 ], [ -71.6489, -33.024519 ], [ -71.648999, -33.024344 ], [ -71.648903, -33.024337 ], [ -71.648634, -33.023927 ], [ -71.648476, -33.023935 ], [ -71.648388, -33.023858 ], [ -71.648211, -33.023879 ], [ -71.648001, -33.023808 ], [ -71.647983, -33.023565 ], [ -71.648152, -33.023406 ], [ -71.647942, -33.023334 ], [ -71.647977, -33.023258 ], [ -71.648254, -33.023229 ], [ -71.648329, -33.022974 ], [ -71.648417, -33.023001 ], [ -71.648622, -33.02293 ], [ -71.648777, -33.022732 ], [ -71.648903, -33.022707 ], [ -71.648849, -33.022601 ], [ -71.648975, -33.02241 ], [ -71.648828, -33.022349 ], [ -71.649115, -33.022165 ], [ -71.649082, -33.022039 ], [ -71.64868, -33.022196 ], [ -71.648854, -33.02205 ], [ -71.648816, -33.021939 ], [ -71.649056, -33.021843 ], [ -71.649072, -33.021643 ], [ -71.649198, -33.021648 ], [ -71.6492, -33.021605 ], [ -71.648975, -33.021519 ], [ -71.648873, -33.021369 ], [ -71.648653, -33.021553 ], [ -71.648612, -33.021516 ], [ -71.648455, -33.021546 ], [ -71.648597, -33.021279 ], [ -71.648562, -33.021148 ], [ -71.648492, -33.021106 ], [ -71.648321, -33.021349 ], [ -71.648184, -33.021353 ], [ -71.647956, -33.021531 ], [ -71.64791, -33.021751 ], [ -71.647979, -33.021846 ], [ -71.647894, -33.021926 ], [ -71.647586, -33.021888 ], [ -71.64748, -33.021759 ], [ -71.64747, -33.0216 ], [ -71.647291, -33.021722 ], [ -71.647231, -33.02164 ], [ -71.647376, -33.02151 ], [ -71.647366, -33.021396 ], [ -71.647427, -33.02132 ], [ -71.647363, -33.02093 ], [ -71.647276, -33.020724 ], [ -71.647122, -33.020681 ], [ -71.647127, -33.020595 ], [ -71.64703, -33.020482 ], [ -71.646926, -33.020492 ], [ -71.646936, -33.020668 ], [ -71.646855, -33.02065 ], [ -71.64687, -33.020255 ], [ -71.646774, -33.0202 ], [ -71.646547, -33.020313 ], [ -71.646451, -33.020577 ], [ -71.646167, -33.020575 ], [ -71.646202, -33.020815 ], [ -71.646105, -33.020845 ], [ -71.646014, -33.021124 ], [ -71.645887, -33.021143 ], [ -71.645907, -33.020815 ], [ -71.645756, -33.020893 ], [ -71.645778, -33.021063 ], [ -71.645697, -33.021157 ], [ -71.645748, -33.021358 ], [ -71.645611, -33.02159 ], [ -71.645665, -33.021704 ], [ -71.645278, -33.021698 ], [ -71.645027, -33.021792 ], [ -71.644998, -33.021932 ], [ -71.644822, -33.022219 ], [ -71.644148, -33.021804 ], [ -71.644054, -33.021651 ], [ -71.644074, -33.02135 ], [ -71.643967, -33.021133 ], [ -71.643731, -33.020858 ], [ -71.643591, -33.020931 ], [ -71.643519, -33.020834 ], [ -71.643562, -33.020613 ], [ -71.643444, -33.020447 ], [ -71.643419, -33.020239 ], [ -71.643552, -33.020168 ], [ -71.64345, -33.020125 ], [ -71.643479, -33.020017 ], [ -71.64357, -33.02004 ], [ -71.643637, -33.019993 ], [ -71.643611, -33.019875 ], [ -71.64349, -33.019806 ], [ -71.643675, -33.019709 ], [ -71.64368, -33.019591 ], [ -71.643589, -33.019547 ], [ -71.643396, -33.019626 ], [ -71.643308, -33.019401 ], [ -71.642956, -33.019354 ], [ -71.642896, -33.019258 ], [ -71.642897, -33.019048 ], [ -71.642722, -33.01911 ], [ -71.642532, -33.019036 ], [ -71.64228, -33.018552 ], [ -71.642129, -33.01893 ], [ -71.642028, -33.018953 ], [ -71.641158, -33.018685 ], [ -71.641046, -33.018556 ], [ -71.640757, -33.018493 ], [ -71.640614, -33.018377 ], [ -71.640416, -33.01833 ], [ -71.640376, -33.01827 ], [ -71.640424, -33.018186 ], [ -71.640297, -33.01812 ], [ -71.640242, -33.018186 ], [ -71.640188, -33.018063 ], [ -71.640107, -33.018017 ], [ -71.64, -33.018101 ], [ -71.639856, -33.018099 ], [ -71.639884, -33.01814 ], [ -71.639781, -33.018207 ], [ -71.639453, -33.017969 ], [ -71.639279, -33.018119 ], [ -71.639274, -33.017943 ], [ -71.639024, -33.017883 ], [ -71.638954, -33.018056 ], [ -71.638954, -33.017984 ], [ -71.638823, -33.017993 ], [ -71.638761, -33.018051 ], [ -71.638574, -33.018027 ], [ -71.638563, -33.018096 ], [ -71.638456, -33.018128 ], [ -71.638559, -33.018224 ], [ -71.638519, -33.018255 ], [ -71.638348, -33.01829 ], [ -71.638292, -33.018164 ], [ -71.638131, -33.018137 ], [ -71.63801, -33.018308 ], [ -71.638058, -33.01842 ], [ -71.638134, -33.018445 ], [ -71.638111, -33.018518 ], [ -71.638259, -33.018599 ], [ -71.638268, -33.018814 ], [ -71.638141, -33.018927 ], [ -71.63797, -33.018877 ], [ -71.637926, -33.018948 ], [ -71.637793, -33.018983 ], [ -71.63757, -33.018965 ], [ -71.637487, -33.018888 ], [ -71.637378, -33.018881 ], [ -71.637206, -33.019021 ], [ -71.637154, -33.019197 ], [ -71.637007, -33.01918 ], [ -71.63692, -33.019481 ], [ -71.636978, -33.019545 ], [ -71.636926, -33.019919 ], [ -71.636824, -33.020023 ], [ -71.636436, -33.020028 ], [ -71.636385, -33.019995 ], [ -71.636421, -33.01994 ], [ -71.636355, -33.019804 ], [ -71.636369, -33.019615 ], [ -71.636264, -33.019561 ], [ -71.63606, -33.0197 ], [ -71.636074, -33.019563 ], [ -71.635969, -33.019468 ], [ -71.635905, -33.019601 ], [ -71.635977, -33.0197 ], [ -71.635942, -33.01975 ], [ -71.635665, -33.019557 ], [ -71.635384, -33.019588 ], [ -71.635302, -33.019668 ], [ -71.63525, -33.019572 ], [ -71.635087, -33.019531 ], [ -71.635022, -33.019549 ], [ -71.635046, -33.01961 ], [ -71.634961, -33.019788 ], [ -71.634926, -33.019522 ], [ -71.63477, -33.019439 ], [ -71.634612, -33.019471 ], [ -71.634593, -33.019547 ], [ -71.634427, -33.019594 ], [ -71.634151, -33.019837 ], [ -71.63425, -33.020078 ], [ -71.634091, -33.02001 ], [ -71.633918, -33.020016 ], [ -71.633826, -33.020224 ], [ -71.633734, -33.020153 ], [ -71.633627, -33.020187 ], [ -71.633225, -33.020577 ], [ -71.633153, -33.020809 ], [ -71.633275, -33.020945 ], [ -71.633134, -33.020984 ], [ -71.633024, -33.021129 ], [ -71.633187, -33.021158 ], [ -71.633275, -33.021347 ], [ -71.63341, -33.021346 ], [ -71.633375, -33.021588 ], [ -71.63308, -33.021805 ], [ -71.632925, -33.021821 ], [ -71.632497, -33.022069 ], [ -71.632443, -33.022149 ], [ -71.632616, -33.022349 ], [ -71.63253, -33.022469 ], [ -71.632546, -33.022672 ], [ -71.632443, -33.022842 ], [ -71.632687, -33.02294 ], [ -71.632655, -33.023031 ], [ -71.632501, -33.023036 ], [ -71.632425, -33.022954 ], [ -71.63229, -33.023005 ], [ -71.632321, -33.023095 ], [ -71.632235, -33.02333 ], [ -71.6325, -33.023383 ], [ -71.632457, -33.023549 ], [ -71.632271, -33.023917 ], [ -71.632216, -33.023855 ], [ -71.632154, -33.0239 ], [ -71.632207, -33.024011 ], [ -71.632101, -33.024139 ], [ -71.631807, -33.02436 ], [ -71.631689, -33.024321 ], [ -71.631657, -33.024871 ], [ -71.631608, -33.024959 ], [ -71.631504, -33.024997 ], [ -71.631504, -33.025136 ], [ -71.631623, -33.025355 ], [ -71.631602, -33.025583 ], [ -71.631541, -33.025658 ], [ -71.63158, -33.025745 ], [ -71.631492, -33.025993 ], [ -71.631407, -33.026038 ], [ -71.631452, -33.026069 ], [ -71.631244, -33.026642 ], [ -71.630937, -33.026778 ], [ -71.630218, -33.026898 ], [ -71.629725, -33.027076 ], [ -71.629044, -33.027128 ], [ -71.628687, -33.027227 ], [ -71.628131, -33.027507 ], [ -71.627128, -33.027279 ], [ -71.627015, -33.027318 ], [ -71.626974, -33.02742 ], [ -71.625761, -33.027164 ], [ -71.625732, -33.0273 ], [ -71.621814, -33.031031 ], [ -71.620632, -33.031869 ], [ -71.620722, -33.031954 ], [ -71.621914, -33.031103 ], [ -71.625867, -33.027341 ], [ -71.627927, -33.02768 ], [ -71.626273, -33.034208 ], [ -71.626584, -33.034262 ], [ -71.627023, -33.034104 ], [ -71.628202, -33.03631 ], [ -71.626774, -33.037838 ], [ -71.626087, -33.035693 ], [ -71.625954, -33.035735 ], [ -71.625253, -33.036565 ], [ -71.625707, -33.038729 ], [ -71.625363, -33.0394 ], [ -71.622292, -33.04186 ], [ -71.62176, -33.042189 ], [ -71.620859, -33.04255 ], [ -71.618925, -33.042891 ], [ -71.613109, -33.042927 ], [ -71.60935, -33.042107 ], [ -71.608958, -33.042062 ], [ -71.608435, -33.041828 ], [ -71.608246, -33.041674 ], [ -71.608683, -33.039787 ], [ -71.608372, -33.039727 ], [ -71.607949, -33.041549 ], [ -71.607444, -33.04145 ], [ -71.606529, -33.041077 ], [ -71.606415, -33.040986 ], [ -71.606398, -33.040864 ], [ -71.60606, -33.040346 ], [ -71.606054, -33.040058 ], [ -71.605718, -33.03971 ], [ -71.604863, -33.038524 ], [ -71.604518, -33.038246 ], [ -71.604224, -33.038098 ], [ -71.603461, -33.037492 ], [ -71.603468, -33.037448 ], [ -71.603626, -33.037469 ], [ -71.603689, -33.037378 ], [ -71.603638, -33.037216 ], [ -71.603458, -33.037085 ], [ -71.603243, -33.036986 ], [ -71.603238, -33.03713 ], [ -71.603176, -33.037173 ], [ -71.603061, -33.036991 ], [ -71.603004, -33.037005 ], [ -71.602999, -33.037119 ], [ -71.602824, -33.036992 ], [ -71.602431, -33.037058 ], [ -71.602192, -33.036954 ], [ -71.602128, -33.036982 ], [ -71.601796, -33.036747 ], [ -71.600796, -33.036234 ], [ -71.598434, -33.03487 ], [ -71.597291, -33.034016 ], [ -71.597305, -33.033931 ], [ -71.597184, -33.033898 ], [ -71.597069, -33.03375 ], [ -71.596998, -33.033797 ], [ -71.596998, -33.033939 ], [ -71.596948, -33.033957 ], [ -71.596842, -33.033804 ], [ -71.596467, -33.033883 ], [ -71.596303, -33.033718 ], [ -71.595919, -33.033651 ], [ -71.595871, -33.033723 ], [ -71.595393, -33.033569 ], [ -71.595414, -33.033496 ], [ -71.59442, -33.03321 ], [ -71.591617, -33.031517 ], [ -71.58899, -33.030261 ], [ -71.588797, -33.030226 ], [ -71.587432, -33.02936 ], [ -71.58726, -33.029057 ], [ -71.587064, -33.02853 ], [ -71.585441, -33.029136 ], [ -71.585259, -33.029326 ], [ -71.584766, -33.030118 ], [ -71.584312, -33.031004 ], [ -71.582868, -33.032447 ], [ -71.581953, -33.032809 ], [ -71.582719, -33.034314 ], [ -71.582247, -33.034397 ], [ -71.582069, -33.034493 ], [ -71.581621, -33.035203 ], [ -71.5814, -33.035319 ], [ -71.581508, -33.035947 ], [ -71.581664, -33.03611 ], [ -71.581778, -33.036386 ], [ -71.58169, -33.036735 ], [ -71.581829, -33.037213 ], [ -71.581851, -33.037653 ], [ -71.582138, -33.037639 ], [ -71.582065, -33.037844 ], [ -71.579002, -33.040379 ], [ -71.577659, -33.041158 ], [ -71.577301, -33.041491 ], [ -71.575864, -33.043238 ], [ -71.575581, -33.043332 ], [ -71.574007, -33.043453 ], [ -71.574083, -33.043696 ], [ -71.574289, -33.04401 ], [ -71.574843, -33.044521 ], [ -71.575221, -33.044753 ], [ -71.575102, -33.045003 ], [ -71.574855, -33.045141 ], [ -71.574448, -33.045505 ], [ -71.574061, -33.046461 ], [ -71.572768, -33.047722 ], [ -71.572393, -33.048334 ], [ -71.571707, -33.04863 ], [ -71.570184, -33.049422 ], [ -71.568706, -33.049436 ], [ -71.568112, -33.049582 ], [ -71.567538, -33.049858 ], [ -71.566979, -33.050256 ], [ -71.566696, -33.050348 ], [ -71.56661, -33.050503 ], [ -71.566368, -33.050598 ], [ -71.565923, -33.050614 ], [ -71.565336, -33.050829 ], [ -71.564547, -33.050964 ], [ -71.563933, -33.050857 ], [ -71.563431, -33.05094 ], [ -71.562562, -33.051186 ], [ -71.560423, -33.051103 ], [ -71.559832, -33.050797 ], [ -71.559041, -33.050526 ], [ -71.558621, -33.050583 ], [ -71.558185, -33.05025 ], [ -71.557732, -33.050625 ], [ -71.557483, -33.051021 ], [ -71.557277, -33.051546 ], [ -71.557217, -33.051942 ], [ -71.557268, -33.05233 ], [ -71.558702, -33.057438 ], [ -71.558796, -33.058445 ], [ -71.558607, -33.058862 ], [ -71.555964, -33.062574 ], [ -71.555706, -33.063106 ], [ -71.555569, -33.063653 ], [ -71.555534, -33.064077 ], [ -71.555586, -33.06448 ], [ -71.555852, -33.065113 ], [ -71.55647, -33.066307 ], [ -71.556693, -33.066926 ], [ -71.55677, -33.067501 ], [ -71.556667, -33.068156 ], [ -71.55635, -33.068695 ], [ -71.555878, -33.069263 ], [ -71.548102, -33.076758 ], [ -71.547526, -33.077413 ], [ -71.547166, -33.078024 ], [ -71.546639, -33.080267 ], [ -71.546012, -33.083638 ], [ -71.545786, -33.084195 ], [ -71.545527, -33.084597 ], [ -71.545166, -33.084978 ], [ -71.543767, -33.086179 ], [ -71.543089, -33.086934 ], [ -71.542153, -33.088336 ], [ -71.541759, -33.089178 ], [ -71.541673, -33.089523 ], [ -71.541621, -33.090213 ], [ -71.542068, -33.093219 ], [ -71.542411, -33.094003 ], [ -71.542917, -33.094542 ], [ -71.546198, -33.096618 ], [ -71.545664, -33.098193 ], [ -71.542778, -33.101343 ], [ -71.542722, -33.101806 ], [ -71.542749, -33.1023 ], [ -71.542218, -33.103253 ], [ -71.542057, -33.103958 ], [ -71.541598, -33.104579 ], [ -71.539721, -33.104143 ], [ -71.538862, -33.104251 ], [ -71.537317, -33.103532 ], [ -71.536631, -33.102525 ], [ -71.535472, -33.101986 ], [ -71.532382, -33.102992 ], [ -71.530151, -33.103424 ], [ -71.526717, -33.102849 ], [ -71.524314, -33.101842 ], [ -71.523799, -33.100116 ], [ -71.522597, -33.098678 ], [ -71.519336, -33.0976 ], [ -71.517147, -33.09742 ], [ -71.514529, -33.098535 ], [ -71.512469, -33.098678 ], [ -71.509894, -33.097959 ], [ -71.508006, -33.096953 ], [ -71.506461, -33.095083 ], [ -71.504916, -33.094939 ], [ -71.503543, -33.096234 ], [ -71.500968, -33.098822 ], [ -71.499691, -33.100319 ], [ -71.497591, -33.101662 ], [ -71.496843, -33.102341 ], [ -71.495376, -33.103096 ], [ -71.493018, -33.1039 ], [ -71.492573, -33.104745 ], [ -71.491336, -33.106367 ], [ -71.490124, -33.106511 ], [ -71.489621, -33.106859 ], [ -71.486531, -33.108584 ], [ -71.48121, -33.114839 ], [ -71.478757, -33.116877 ], [ -71.479057, -33.117452 ], [ -71.481707, -33.118377 ], [ -71.483292, -33.119817 ], [ -71.486564, -33.122459 ], [ -71.488334, -33.124714 ], [ -71.488902, -33.127656 ], [ -71.485684, -33.129943 ], [ -71.484937, -33.130364 ], [ -71.483831, -33.13137 ], [ -71.482007, -33.131352 ], [ -71.480082, -33.130853 ], [ -71.479065, -33.130469 ], [ -71.478687, -33.130795 ], [ -71.478306, -33.131294 ], [ -71.478483, -33.13252 ], [ -71.479477, -33.133888 ], [ -71.480167, -33.135292 ], [ -71.480008, -33.137122 ], [ -71.479713, -33.138784 ], [ -71.478483, -33.14066 ], [ -71.477836, -33.142243 ], [ -71.477895, -33.143141 ], [ -71.477453, -33.144922 ], [ -71.476672, -33.145701 ], [ -71.47586, -33.146059 ], [ -71.475293, -33.146608 ], [ -71.474438, -33.147824 ], [ -71.472101, -33.149609 ], [ -71.46997, -33.150918 ], [ -71.468622, -33.152748 ], [ -71.46802, -33.153236 ], [ -71.467234, -33.153532 ], [ -71.466212, -33.153703 ], [ -71.464731, -33.154657 ], [ -71.463715, -33.15494 ], [ -71.462685, -33.15492 ], [ -71.461969, -33.15465 ], [ -71.461193, -33.154762 ], [ -71.460349, -33.15543 ], [ -71.459565, -33.155686 ], [ -71.457902, -33.155759 ], [ -71.456919, -33.155499 ], [ -71.45599, -33.154992 ], [ -71.455038, -33.154359 ], [ -71.453984, -33.154204 ], [ -71.453793, -33.154273 ], [ -71.453469, -33.154787 ], [ -71.451706, -33.158092 ], [ -71.450486, -33.158966 ], [ -71.448787, -33.159256 ], [ -71.447527, -33.159619 ], [ -71.446822, -33.160197 ], [ -71.4464, -33.161362 ], [ -71.445562, -33.162217 ], [ -71.444732, -33.162704 ], [ -71.444382, -33.162752 ], [ -71.442896, -33.162712 ], [ -71.441991, -33.162516 ], [ -71.440675, -33.162078 ], [ -71.439496, -33.16213 ], [ -71.438116, -33.16206 ], [ -71.436712, -33.162264 ], [ -71.434843, -33.162321 ], [ -71.431705, -33.161813 ], [ -71.430591, -33.161887 ], [ -71.429581, -33.162231 ], [ -71.42851, -33.16292 ], [ -71.426579, -33.163867 ], [ -71.424476, -33.165578 ], [ -71.423017, -33.166369 ], [ -71.419755, -33.166512 ], [ -71.418772, -33.166892 ], [ -71.418039, -33.167375 ], [ -71.416579, -33.168883 ], [ -71.415194, -33.169564 ], [ -71.414534, -33.170215 ], [ -71.413747, -33.171542 ], [ -71.413386, -33.172258 ], [ -71.412964, -33.17235 ], [ -71.412141, -33.17211 ], [ -71.409346, -33.171513 ], [ -71.408215, -33.171607 ], [ -71.40731, -33.171398 ], [ -71.404735, -33.172188 ], [ -71.402895, -33.173576 ], [ -71.401654, -33.17361 ], [ -71.400357, -33.173481 ], [ -71.398274, -33.173471 ], [ -71.396633, -33.17308 ], [ -71.395637, -33.17305 ], [ -71.394712, -33.173138 ], [ -71.393352, -33.173486 ], [ -71.392681, -33.174173 ], [ -71.392304, -33.175433 ], [ -71.391826, -33.175936 ], [ -71.391517, -33.177361 ], [ -71.390662, -33.178302 ], [ -71.390401, -33.179929 ], [ -71.390031, -33.180261 ], [ -71.389485, -33.180327 ], [ -71.38886, -33.180302 ], [ -71.387998, -33.180019 ], [ -71.386625, -33.179947 ], [ -71.385165, -33.181384 ], [ -71.383836, -33.183361 ], [ -71.383093, -33.183917 ], [ -71.383221, -33.184125 ], [ -71.383475, -33.184369 ], [ -71.383662, -33.184883 ], [ -71.384141, -33.185523 ], [ -71.384499, -33.185762 ], [ -71.387659, -33.190522 ], [ -71.388778, -33.192068 ], [ -71.390081, -33.192846 ], [ -71.391148, -33.193005 ], [ -71.391708, -33.192944 ], [ -71.392169, -33.193045 ], [ -71.392877, -33.193971 ], [ -71.393118, -33.194718 ], [ -71.393415, -33.195215 ], [ -71.393617, -33.1967 ], [ -71.39418, -33.197375 ], [ -71.395038, -33.19821 ], [ -71.395178, -33.198758 ], [ -71.395242, -33.199628 ], [ -71.395725, -33.200804 ], [ -71.396047, -33.201334 ], [ -71.397688, -33.20172 ], [ -71.39859, -33.202295 ], [ -71.400585, -33.202304 ], [ -71.40184, -33.20207 ], [ -71.403825, -33.201433 ], [ -71.404973, -33.201379 ], [ -71.405596, -33.201684 ], [ -71.4061, -33.202124 ], [ -71.40625, -33.202591 ], [ -71.406679, -33.203543 ], [ -71.407945, -33.205616 ], [ -71.40787, -33.206065 ], [ -71.407441, -33.206828 ], [ -71.407258, -33.207825 ], [ -71.407033, -33.208668 ], [ -71.407162, -33.209117 ], [ -71.407913, -33.209404 ], [ -71.408932, -33.210006 ], [ -71.409576, -33.210221 ], [ -71.410339, -33.210712 ], [ -71.411132, -33.210886 ], [ -71.411861, -33.210742 ], [ -71.412215, -33.210616 ], [ -71.412955, -33.209871 ], [ -71.413202, -33.209485 ], [ -71.414427, -33.208271 ], [ -71.414953, -33.207588 ], [ -71.415412, -33.207268 ], [ -71.417397, -33.206532 ], [ -71.417719, -33.206299 ], [ -71.418234, -33.2055 ], [ -71.41847, -33.205284 ], [ -71.418942, -33.205239 ], [ -71.420305, -33.205437 ], [ -71.423287, -33.206011 ], [ -71.426066, -33.20637 ], [ -71.426538, -33.206316 ], [ -71.428244, -33.205526 ], [ -71.428621, -33.205399 ], [ -71.429394, -33.205219 ], [ -71.429716, -33.205057 ], [ -71.430134, -33.20503 ], [ -71.43067, -33.205138 ], [ -71.431355, -33.205517 ], [ -71.433921, -33.207274 ], [ -71.435347, -33.207914 ], [ -71.436303, -33.208271 ], [ -71.436754, -33.208226 ], [ -71.437739, -33.207914 ], [ -71.440788, -33.206906 ], [ -71.442461, -33.206242 ], [ -71.443082, -33.205715 ], [ -71.444445, -33.204808 ], [ -71.445721, -33.204081 ], [ -71.446719, -33.203866 ], [ -71.447717, -33.203884 ], [ -71.448318, -33.204 ], [ -71.449145, -33.204618 ], [ -71.450433, -33.205174 ], [ -71.451215, -33.205212 ], [ -71.453158, -33.204977 ], [ -71.456461, -33.204808 ], [ -71.456954, -33.204844 ], [ -71.458703, -33.205643 ], [ -71.459165, -33.205491 ], [ -71.459937, -33.205114 ], [ -71.460516, -33.205015 ], [ -71.461053, -33.205158 ], [ -71.461966, -33.206144 ], [ -71.462353, -33.206171 ], [ -71.463177, -33.205724 ], [ -71.464636, -33.205149 ], [ -71.465205, -33.204377 ], [ -71.465527, -33.203749 ], [ -71.465817, -33.202699 ], [ -71.466117, -33.202447 ], [ -71.466546, -33.202331 ], [ -71.467331, -33.202346 ], [ -71.468016, -33.202169 ], [ -71.469024, -33.201029 ], [ -71.469797, -33.200589 ], [ -71.470548, -33.200517 ], [ -71.470859, -33.200733 ], [ -71.471514, -33.201433 ], [ -71.47233, -33.203002 ], [ -71.473681, -33.203964 ], [ -71.474476, -33.204869 ], [ -71.475388, -33.205255 ], [ -71.476203, -33.205372 ], [ -71.476964, -33.204997 ], [ -71.477758, -33.204198 ], [ -71.478476, -33.204117 ], [ -71.480032, -33.204871 ], [ -71.481427, -33.205742 ], [ -71.483659, -33.207385 ], [ -71.483895, -33.207699 ], [ -71.484088, -33.208507 ], [ -71.484721, -33.209063 ], [ -71.486416, -33.209512 ], [ -71.488165, -33.209808 ], [ -71.48927, -33.209665 ], [ -71.490954, -33.209279 ], [ -71.491555, -33.208974 ], [ -71.492468, -33.208091 ], [ -71.49309, -33.207588 ], [ -71.493412, -33.207131 ], [ -71.494227, -33.206404 ], [ -71.495011, -33.205416 ], [ -71.495557, -33.204952 ], [ -71.496308, -33.204521 ], [ -71.498132, -33.203291 ], [ -71.498775, -33.203282 ], [ -71.500481, -33.204431 ], [ -71.501822, -33.205194 ], [ -71.50311, -33.205132 ], [ -71.504161, -33.205374 ], [ -71.50471, -33.205659 ], [ -71.506768, -33.205473 ], [ -71.507949, -33.206101 ], [ -71.509472, -33.207412 ], [ -71.51341, -33.209153 ], [ -71.514022, -33.209249 ], [ -71.51458, -33.209088 ], [ -71.515074, -33.209195 ], [ -71.516168, -33.209734 ], [ -71.517197, -33.210123 ], [ -71.518267, -33.210065 ], [ -71.518999, -33.210091 ], [ -71.519193, -33.210448 ], [ -71.520167, -33.211588 ], [ -71.520475, -33.212628 ], [ -71.520651, -33.212914 ], [ -71.521316, -33.21271 ], [ -71.521654, -33.212553 ], [ -71.521949, -33.212323 ], [ -71.522189, -33.211914 ], [ -71.522575, -33.210574 ], [ -71.523158, -33.210047 ], [ -71.523622, -33.210037 ], [ -71.524702, -33.209806 ], [ -71.525014, -33.209905 ], [ -71.525647, -33.209891 ], [ -71.52583, -33.209806 ], [ -71.526211, -33.209402 ], [ -71.526425, -33.209249 ], [ -71.527085, -33.209092 ], [ -71.528056, -33.20898 ], [ -71.529839, -33.208547 ], [ -71.531046, -33.208641 ], [ -71.531561, -33.208565 ], [ -71.532508, -33.20964 ], [ -71.533259, -33.21025 ], [ -71.53386, -33.210474 ], [ -71.534343, -33.210501 ], [ -71.534667, -33.210665 ], [ -71.535247, -33.211513 ], [ -71.535684, -33.211976 ], [ -71.536499, -33.2124 ], [ -71.537089, -33.212454 ], [ -71.537524, -33.212231 ], [ -71.537604, -33.211942 ], [ -71.537478, -33.211473 ], [ -71.537516, -33.211334 ], [ -71.537462, -33.21093 ], [ -71.537655, -33.210607 ], [ -71.537934, -33.210382 ], [ -71.538626, -33.209992 ], [ -71.539388, -33.20939 ], [ -71.539624, -33.209177 ], [ -71.539809, -33.208702 ], [ -71.541249, -33.207815 ], [ -71.542148, -33.207683 ], [ -71.543202, -33.206549 ], [ -71.543454, -33.206397 ], [ -71.543647, -33.206127 ], [ -71.54369, -33.205979 ], [ -71.54361, -33.205652 ], [ -71.543599, -33.205284 ], [ -71.54332, -33.204115 ], [ -71.543358, -33.203659 ], [ -71.543654, -33.202945 ], [ -71.544304, -33.202235 ], [ -71.546136, -33.201042 ], [ -71.546324, -33.200683 ], [ -71.547198, -33.200211 ], [ -71.548475, -33.199713 ], [ -71.548814, -33.199335 ], [ -71.54898, -33.198998 ], [ -71.548883, -33.198108 ], [ -71.549239, -33.19591 ], [ -71.549419, -33.195564 ], [ -71.54974, -33.195162 ], [ -71.550417, -33.194918 ], [ -71.550858, -33.194549 ], [ -71.55108, -33.194043 ], [ -71.551066, -33.191835 ], [ -71.551182, -33.191422 ], [ -71.551614, -33.191027 ], [ -71.551998, -33.190865 ], [ -71.552974, -33.190613 ], [ -71.555112, -33.190666 ], [ -71.557277, -33.191026 ], [ -71.558039, -33.190893 ], [ -71.558488, -33.190695 ], [ -71.560296, -33.1892 ], [ -71.560668, -33.189002 ], [ -71.562592, -33.18887 ], [ -71.563454, -33.188591 ], [ -71.565886, -33.188124 ], [ -71.566577, -33.187847 ], [ -71.567672, -33.187289 ], [ -71.568198, -33.186958 ], [ -71.568393, -33.18656 ], [ -71.568808, -33.186186 ], [ -71.569418, -33.186107 ], [ -71.57043, -33.186277 ], [ -71.571228, -33.186486 ], [ -71.571516, -33.186851 ], [ -71.571518, -33.187188 ], [ -71.571706, -33.18752 ], [ -71.571987, -33.187883 ], [ -71.572437, -33.188054 ], [ -71.572753, -33.188091 ], [ -71.573451, -33.188032 ], [ -71.573636, -33.188186 ], [ -71.57383, -33.188262 ], [ -71.574452, -33.188283 ], [ -71.574999, -33.18842 ], [ -71.575599, -33.188765 ], [ -71.575887, -33.188797 ], [ -71.576112, -33.188988 ], [ -71.57628, -33.188906 ], [ -71.576947, -33.189108 ], [ -71.579959, -33.189491 ], [ -71.581148, -33.189794 ], [ -71.58152, -33.189566 ], [ -71.582201, -33.18871 ], [ -71.583509, -33.188016 ], [ -71.58383, -33.187618 ], [ -71.584187, -33.186815 ], [ -71.584399, -33.18654 ], [ -71.584728, -33.186312 ], [ -71.585511, -33.186126 ], [ -71.58588, -33.186005 ], [ -71.586047, -33.185886 ], [ -71.586469, -33.185366 ], [ -71.586922, -33.18502 ], [ -71.587648, -33.183991 ], [ -71.588276, -33.183473 ], [ -71.589345, -33.182744 ], [ -71.589522, -33.182552 ], [ -71.590198, -33.182037 ], [ -71.590459, -33.181662 ], [ -71.591097, -33.180059 ], [ -71.59127, -33.17905 ], [ -71.591485, -33.17863 ], [ -71.591394, -33.178219 ], [ -71.591932, -33.177434 ], [ -71.592202, -33.177176 ], [ -71.593085, -33.17677 ], [ -71.594602, -33.176361 ], [ -71.595104, -33.176266 ], [ -71.595596, -33.176398 ], [ -71.596441, -33.176366 ], [ -71.597157, -33.176027 ], [ -71.597433, -33.175804 ], [ -71.598154, -33.174614 ], [ -71.599124, -33.173381 ], [ -71.599928, -33.172629 ], [ -71.600281, -33.172183 ], [ -71.600472, -33.172086 ], [ -71.600774, -33.172062 ], [ -71.601018, -33.171894 ], [ -71.601031, -33.171666 ], [ -71.600904, -33.171161 ], [ -71.600932, -33.171046 ], [ -71.601008, -33.170842 ], [ -71.601476, -33.170224 ], [ -71.601815, -33.170111 ], [ -71.601992, -33.169891 ], [ -71.602665, -33.169381 ], [ -71.604112, -33.169308 ], [ -71.605185, -33.16898 ], [ -71.605711, -33.168751 ], [ -71.606151, -33.168405 ], [ -71.607267, -33.167743 ], [ -71.607508, -33.167168 ], [ -71.607881, -33.166868 ], [ -71.608195, -33.16641 ], [ -71.608458, -33.166288 ], [ -71.609211, -33.166155 ], [ -71.609901, -33.166129 ], [ -71.610476, -33.166037 ], [ -71.611163, -33.165872 ], [ -71.611856, -33.165544 ], [ -71.612756, -33.165311 ], [ -71.613263, -33.164972 ], [ -71.613848, -33.16467 ], [ -71.614515, -33.164514 ], [ -71.615714, -33.16392 ], [ -71.6163, -33.163398 ], [ -71.61663, -33.163269 ], [ -71.618252, -33.162404 ], [ -71.618462, -33.162174 ], [ -71.619252, -33.16203 ], [ -71.619551, -33.161864 ], [ -71.619819, -33.161633 ], [ -71.6199, -33.160986 ], [ -71.6204, -33.160464 ], [ -71.620696, -33.160258 ], [ -71.621402, -33.160178 ], [ -71.621687, -33.160017 ], [ -71.62198, -33.159604 ], [ -71.622162, -33.159229 ], [ -71.622472, -33.158901 ], [ -71.622717, -33.158757 ], [ -71.622992, -33.158739 ], [ -71.623304, -33.158848 ], [ -71.623734, -33.159118 ], [ -71.6244, -33.159216 ], [ -71.625425, -33.159051 ], [ -71.625666, -33.158946 ], [ -71.626373, -33.158982 ], [ -71.626535, -33.159114 ], [ -71.6268, -33.159112 ], [ -71.627498, -33.158999 ], [ -71.627833, -33.15884 ], [ -71.628013, -33.158636 ], [ -71.628222, -33.158522 ], [ -71.628843, -33.158596 ], [ -71.629694, -33.158369 ], [ -71.630159, -33.158363 ], [ -71.630402, -33.158268 ], [ -71.63079, -33.158283 ], [ -71.630937, -33.158364 ], [ -71.6311, -33.158653 ], [ -71.630971, -33.159283 ], [ -71.631139, -33.159399 ], [ -71.631745, -33.159539 ], [ -71.632136, -33.159469 ], [ -71.632732, -33.159122 ], [ -71.632848, -33.15903 ], [ -71.632995, -33.158649 ], [ -71.633448, -33.158552 ], [ -71.633831, -33.158735 ], [ -71.634091, -33.158731 ], [ -71.634975, -33.157824 ], [ -71.635413, -33.15763 ], [ -71.635805, -33.157628 ], [ -71.636416, -33.158006 ], [ -71.636673, -33.158325 ], [ -71.636915, -33.15842 ], [ -71.637181, -33.15883 ], [ -71.63733, -33.15885 ], [ -71.637846, -33.158751 ], [ -71.637948, -33.158791 ], [ -71.637993, -33.158908 ], [ -71.637972, -33.159135 ], [ -71.638596, -33.159346 ], [ -71.638739, -33.159475 ], [ -71.639033, -33.159568 ], [ -71.639158, -33.159501 ], [ -71.639372, -33.159218 ], [ -71.639479, -33.15889 ], [ -71.639643, -33.158632 ], [ -71.639805, -33.158493 ], [ -71.640089, -33.158477 ], [ -71.640347, -33.158552 ], [ -71.640554, -33.158707 ], [ -71.640573, -33.158807 ], [ -71.640451, -33.15903 ], [ -71.640462, -33.15922 ], [ -71.640883, -33.159522 ], [ -71.641131, -33.159503 ], [ -71.641604, -33.159112 ], [ -71.641905, -33.159073 ], [ -71.641997, -33.15911 ], [ -71.642447, -33.159568 ], [ -71.642704, -33.159927 ], [ -71.64264, -33.162033 ], [ -71.642849, -33.162626 ], [ -71.643771, -33.163241 ], [ -71.645021, -33.164198 ], [ -71.64573, -33.164436 ], [ -71.64874, -33.16457 ], [ -71.649188, -33.164707 ], [ -71.650477, -33.165404 ], [ -71.651988, -33.166135 ], [ -71.653351, -33.166134 ], [ -71.65392, -33.166304 ], [ -71.655667, -33.165892 ], [ -71.655912, -33.165711 ], [ -71.656197, -33.165356 ], [ -71.656603, -33.165233 ], [ -71.657479, -33.164186 ], [ -71.657739, -33.163533 ], [ -71.657782, -33.163028 ], [ -71.657965, -33.16285 ], [ -71.658333, -33.162754 ], [ -71.65946, -33.162709 ], [ -71.659784, -33.162532 ], [ -71.660288, -33.162146 ], [ -71.660738, -33.16216 ], [ -71.660982, -33.161916 ], [ -71.661476, -33.161675 ], [ -71.661831, -33.16112 ], [ -71.662081, -33.16093 ], [ -71.662779, -33.161009 ], [ -71.663429, -33.16089 ], [ -71.663882, -33.16091 ], [ -71.664597, -33.16078 ], [ -71.665348, -33.160778 ], [ -71.665643, -33.160679 ], [ -71.665825, -33.160491 ], [ -71.666002, -33.160436 ], [ -71.667031, -33.160464 ], [ -71.667546, -33.160815 ], [ -71.667834, -33.160861 ], [ -71.668087, -33.160827 ], [ -71.668465, -33.160897 ], [ -71.668688, -33.160565 ], [ -71.669216, -33.160267 ], [ -71.669409, -33.159713 ], [ -71.669691, -33.159379 ], [ -71.670095, -33.159043 ], [ -71.670231, -33.158863 ], [ -71.670416, -33.158787 ], [ -71.670631, -33.158586 ], [ -71.670868, -33.158504 ], [ -71.671271, -33.158573 ], [ -71.67167, -33.158886 ], [ -71.672761, -33.158955 ], [ -71.672896, -33.158921 ], [ -71.672936, -33.158834 ], [ -71.672925, -33.158679 ], [ -71.672809, -33.158441 ], [ -71.672886, -33.158314 ], [ -71.673077, -33.158259 ], [ -71.674105, -33.158268 ], [ -71.674437, -33.15838 ], [ -71.674969, -33.15838 ], [ -71.675563, -33.158754 ], [ -71.676158, -33.158633 ], [ -71.676858, -33.158906 ], [ -71.677544, -33.159097 ], [ -71.678451, -33.158252 ], [ -71.679126, -33.157994 ], [ -71.680984, -33.15778 ], [ -71.681853, -33.157917 ], [ -71.682103, -33.157875 ], [ -71.682691, -33.157613 ], [ -71.683676, -33.157398 ], [ -71.683809, -33.157322 ], [ -71.68411, -33.156844 ], [ -71.684453, -33.156584 ], [ -71.68462, -33.156361 ], [ -71.684874, -33.156434 ], [ -71.685282, -33.156679 ], [ -71.68594, -33.156952 ], [ -71.686446, -33.156956 ], [ -71.686498, -33.157038 ], [ -71.686519, -33.157629 ], [ -71.686771, -33.157801 ], [ -71.686937, -33.157992 ], [ -71.687755, -33.158073 ], [ -71.688794, -33.157981 ], [ -71.688913, -33.15794 ], [ -71.689077, -33.157684 ], [ -71.689164, -33.157667 ], [ -71.689519, -33.157904 ], [ -71.689979, -33.157919 ], [ -71.690468, -33.158184 ], [ -71.69067, -33.158235 ], [ -71.691035, -33.157994 ], [ -71.691343, -33.157631 ], [ -71.691898, -33.157599 ], [ -71.69227, -33.157168 ], [ -71.692417, -33.157113 ], [ -71.692858, -33.157173 ], [ -71.693011, -33.157115 ], [ -71.693314, -33.156948 ], [ -71.693571, -33.156515 ], [ -71.69424, -33.156301 ], [ -71.69536, -33.155754 ], [ -71.695683, -33.15567 ], [ -71.696431, -33.15563 ], [ -71.697542, -33.15536 ], [ -71.698675, -33.155404 ], [ -71.6998, -33.154897 ], [ -71.699564, -33.154727 ], [ -71.699452, -33.15481 ], [ -71.699385, -33.154796 ], [ -71.699232, -33.154538 ], [ -71.699253, -33.154381 ], [ -71.699178, -33.154318 ], [ -71.699229, -33.154264 ], [ -71.69914, -33.154219 ], [ -71.699122, -33.154145 ], [ -71.699194, -33.154118 ], [ -71.699197, -33.154053 ], [ -71.699119, -33.153995 ], [ -71.699154, -33.153692 ], [ -71.699269, -33.153525 ], [ -71.699653, -33.15324 ], [ -71.700221, -33.153175 ], [ -71.700374, -33.153218 ], [ -71.700441, -33.153368 ], [ -71.700516, -33.153373 ], [ -71.700549, -33.153283 ], [ -71.700479, -33.15313 ], [ -71.700986, -33.152874 ], [ -71.701195, -33.152861 ], [ -71.701748, -33.153031 ], [ -71.701707, -33.153171 ], [ -71.701984, -33.153083 ], [ -71.70197, -33.153202 ], [ -71.70215, -33.153287 ], [ -71.702107, -33.153108 ], [ -71.701939, -33.152947 ], [ -71.702032, -33.152798 ], [ -71.702587, -33.152457 ], [ -71.702925, -33.152398 ], [ -71.703813, -33.15247 ], [ -71.704049, -33.152659 ], [ -71.703974, -33.152856 ], [ -71.704207, -33.153139 ], [ -71.704125, -33.152983 ], [ -71.70417, -33.152894 ], [ -71.704545, -33.152991 ], [ -71.704714, -33.152944 ], [ -71.704827, -33.153173 ], [ -71.704939, -33.153207 ], [ -71.705157, -33.153184 ], [ -71.705226, -33.153036 ], [ -71.705277, -33.153051 ], [ -71.70536, -33.153298 ], [ -71.705548, -33.15357 ], [ -71.705599, -33.153568 ], [ -71.70569, -33.15324 ], [ -71.705934, -33.153332 ], [ -71.706136, -33.153298 ], [ -71.706052, -33.152867 ], [ -71.706187, -33.152697 ], [ -71.706287, -33.152793 ], [ -71.706385, -33.152766 ], [ -71.706479, -33.152598 ], [ -71.706559, -33.152104 ], [ -71.706477, -33.152069 ], [ -71.706396, -33.152165 ], [ -71.706256, -33.152099 ], [ -71.706219, -33.152158 ], [ -71.706165, -33.152118 ], [ -71.705926, -33.152187 ], [ -71.705725, -33.152171 ], [ -71.705674, -33.152232 ], [ -71.705486, -33.152245 ], [ -71.705355, -33.152376 ], [ -71.70526, -33.152363 ], [ -71.705159, -33.152088 ], [ -71.705312, -33.15174 ], [ -71.705454, -33.151626 ], [ -71.705655, -33.151736 ], [ -71.705921, -33.151664 ], [ -71.70606, -33.151522 ], [ -71.706259, -33.151513 ], [ -71.706372, -33.151453 ], [ -71.706519, -33.151114 ], [ -71.706608, -33.151102 ], [ -71.706586, -33.150968 ], [ -71.706527, -33.150995 ], [ -71.706452, -33.150808 ], [ -71.706318, -33.150725 ], [ -71.706139, -33.150477 ], [ -71.706321, -33.150373 ], [ -71.706369, -33.150388 ], [ -71.706361, -33.150487 ], [ -71.706498, -33.150503 ], [ -71.706546, -33.150608 ], [ -71.70661, -33.150588 ], [ -71.70655, -33.150227 ], [ -71.70639, -33.150087 ], [ -71.706479, -33.149854 ], [ -71.706573, -33.149798 ], [ -71.70648, -33.149771 ], [ -71.706543, -33.149555 ], [ -71.706436, -33.149239 ], [ -71.706605, -33.149014 ], [ -71.706779, -33.148886 ], [ -71.706803, -33.148917 ], [ -71.706905, -33.148769 ], [ -71.707039, -33.148776 ], [ -71.707286, -33.149099 ], [ -71.707514, -33.149198 ], [ -71.707372, -33.148839 ], [ -71.707439, -33.148677 ], [ -71.70752, -33.148686 ], [ -71.707587, -33.148621 ], [ -71.707536, -33.148466 ], [ -71.707632, -33.148329 ], [ -71.707542, -33.148274 ], [ -71.707584, -33.14819 ], [ -71.707536, -33.148046 ], [ -71.707589, -33.147997 ], [ -71.707557, -33.147898 ], [ -71.70782, -33.147747 ], [ -71.707839, -33.147849 ], [ -71.708029, -33.148042 ], [ -71.708166, -33.148055 ], [ -71.708177, -33.14794 ], [ -71.708096, -33.147862 ], [ -71.708158, -33.147523 ], [ -71.708228, -33.14744 ], [ -71.70848, -33.147458 ], [ -71.708517, -33.147417 ], [ -71.708531, -33.147473 ], [ -71.708665, -33.14753 ], [ -71.708668, -33.147415 ], [ -71.708493, -33.147292 ], [ -71.708619, -33.147186 ], [ -71.708713, -33.147202 ], [ -71.708828, -33.14711 ], [ -71.708812, -33.147184 ], [ -71.709051, -33.147354 ], [ -71.709089, -33.147276 ], [ -71.709467, -33.147332 ], [ -71.709475, -33.14728 ], [ -71.709649, -33.147336 ], [ -71.709775, -33.147292 ], [ -71.709775, -33.147114 ], [ -71.709896, -33.147089 ], [ -71.709675, -33.147043 ], [ -71.709665, -33.146955 ], [ -71.709826, -33.147018 ], [ -71.709955, -33.146928 ], [ -71.709817, -33.146811 ], [ -71.709681, -33.146818 ], [ -71.709553, -33.146723 ], [ -71.709354, -33.14671 ], [ -71.709365, -33.146568 ], [ -71.709194, -33.146237 ], [ -71.709263, -33.146068 ], [ -71.709529, -33.14609 ], [ -71.709679, -33.146214 ], [ -71.709896, -33.146238 ], [ -71.710062, -33.146056 ], [ -71.710137, -33.146106 ], [ -71.710172, -33.146303 ], [ -71.710339, -33.146196 ], [ -71.710532, -33.146303 ], [ -71.710502, -33.146386 ], [ -71.710631, -33.146467 ], [ -71.710652, -33.146308 ], [ -71.710781, -33.146259 ], [ -71.710921, -33.146108 ], [ -71.711006, -33.145908 ], [ -71.711175, -33.145836 ], [ -71.711187, -33.145711 ], [ -71.711001, -33.145652 ], [ -71.710969, -33.145585 ], [ -71.711049, -33.145499 ], [ -71.7112, -33.14554 ], [ -71.711366, -33.145416 ], [ -71.711253, -33.145167 ], [ -71.711299, -33.145039 ], [ -71.71115, -33.144936 ], [ -71.711004, -33.145082 ], [ -71.711031, -33.144947 ], [ -71.710992, -33.1449 ], [ -71.710862, -33.144929 ], [ -71.710776, -33.144873 ], [ -71.710746, -33.144689 ], [ -71.710862, -33.144597 ], [ -71.710847, -33.144489 ], [ -71.711028, -33.144466 ], [ -71.710875, -33.144354 ], [ -71.710701, -33.144397 ], [ -71.710601, -33.144253 ], [ -71.710591, -33.144123 ], [ -71.710671, -33.144136 ], [ -71.710856, -33.143759 ], [ -71.710714, -33.143575 ], [ -71.710693, -33.143375 ], [ -71.710741, -33.143164 ], [ -71.710931, -33.142928 ], [ -71.710969, -33.14291 ], [ -71.711015, -33.143016 ], [ -71.711173, -33.143096 ], [ -71.711243, -33.142977 ], [ -71.711175, -33.142793 ], [ -71.711264, -33.142746 ], [ -71.711492, -33.142825 ], [ -71.711682, -33.1428 ], [ -71.711827, -33.14293 ], [ -71.712034, -33.142955 ], [ -71.712082, -33.142744 ], [ -71.711902, -33.142721 ], [ -71.711563, -33.142443 ], [ -71.711892, -33.142218 ], [ -71.711826, -33.14212 ], [ -71.711723, -33.142086 ], [ -71.711693, -33.141942 ], [ -71.71148, -33.141909 ], [ -71.711476, -33.141767 ], [ -71.711529, -33.141702 ], [ -71.711409, -33.141578 ], [ -71.711519, -33.1415 ], [ -71.711492, -33.1413 ], [ -71.711538, -33.141232 ], [ -71.71157, -33.141261 ], [ -71.711647, -33.14121 ], [ -71.711985, -33.141407 ], [ -71.712026, -33.1413 ], [ -71.712152, -33.141212 ], [ -71.71203, -33.141123 ], [ -71.711804, -33.141098 ], [ -71.71159, -33.140993 ], [ -71.711546, -33.140853 ], [ -71.711485, -33.140831 ], [ -71.711277, -33.140931 ], [ -71.710981, -33.140842 ], [ -71.710947, -33.140675 ], [ -71.711309, -33.140662 ], [ -71.711316, -33.140593 ], [ -71.711158, -33.14055 ], [ -71.710745, -33.140294 ], [ -71.710538, -33.140294 ], [ -71.710396, -33.140227 ], [ -71.710212, -33.140271 ], [ -71.710159, -33.140419 ], [ -71.70981, -33.140357 ], [ -71.709475, -33.140213 ], [ -71.70937, -33.139959 ], [ -71.70924, -33.139881 ], [ -71.709188, -33.139952 ], [ -71.709351, -33.14008 ], [ -71.70933, -33.140136 ], [ -71.709209, -33.140143 ], [ -71.709142, -33.139999 ], [ -71.709083, -33.140015 ], [ -71.709073, -33.140123 ], [ -71.708894, -33.140081 ], [ -71.708713, -33.139869 ], [ -71.708743, -33.13982 ], [ -71.708839, -33.139862 ], [ -71.708826, -33.139703 ], [ -71.708563, -33.139797 ], [ -71.708499, -33.139856 ], [ -71.708501, -33.139961 ], [ -71.708443, -33.139955 ], [ -71.708432, -33.139842 ], [ -71.708301, -33.139753 ], [ -71.708246, -33.139766 ], [ -71.708254, -33.139916 ], [ -71.708214, -33.139925 ], [ -71.708053, -33.139788 ], [ -71.708085, -33.139934 ], [ -71.708016, -33.139993 ], [ -71.706963, -33.140017 ], [ -71.706449, -33.139469 ], [ -71.70583, -33.138526 ], [ -71.705786, -33.137833 ], [ -71.706004, -33.137754 ], [ -71.705773, -33.137655 ], [ -71.705747, -33.137569 ], [ -71.705789, -33.137493 ], [ -71.70639, -33.136869 ], [ -71.706691, -33.136716 ], [ -71.706798, -33.13659 ], [ -71.707152, -33.136595 ], [ -71.707127, -33.136519 ], [ -71.707168, -33.136478 ], [ -71.707302, -33.136455 ], [ -71.707427, -33.136308 ], [ -71.707672, -33.13624 ], [ -71.707785, -33.136235 ], [ -71.707935, -33.136496 ], [ -71.708005, -33.136487 ], [ -71.708064, -33.136446 ], [ -71.70806, -33.13637 ], [ -71.707962, -33.136199 ], [ -71.708139, -33.13602 ], [ -71.708316, -33.136002 ], [ -71.708612, -33.136117 ], [ -71.708692, -33.136069 ], [ -71.708945, -33.136173 ], [ -71.709085, -33.13611 ], [ -71.709239, -33.13619 ], [ -71.709389, -33.13619 ], [ -71.709604, -33.136123 ], [ -71.70984, -33.136136 ], [ -71.710011, -33.135984 ], [ -71.710108, -33.136188 ], [ -71.710499, -33.135849 ], [ -71.71077, -33.135979 ], [ -71.710816, -33.136154 ], [ -71.71088, -33.136179 ], [ -71.710923, -33.136085 ], [ -71.710897, -33.135885 ], [ -71.710741, -33.135815 ], [ -71.710835, -33.135671 ], [ -71.710982, -33.135671 ], [ -71.711146, -33.135754 ], [ -71.711377, -33.13573 ], [ -71.711556, -33.13566 ], [ -71.711688, -33.135532 ], [ -71.711674, -33.135656 ], [ -71.711811, -33.135593 ], [ -71.711854, -33.135469 ], [ -71.711905, -33.135503 ], [ -71.712026, -33.135456 ], [ -71.712031, -33.135552 ], [ -71.712087, -33.135573 ], [ -71.712278, -33.135489 ], [ -71.712407, -33.135357 ], [ -71.712608, -33.135265 ], [ -71.712584, -33.135227 ], [ -71.712782, -33.135072 ], [ -71.712769, -33.134906 ], [ -71.712817, -33.134836 ], [ -71.713142, -33.134629 ], [ -71.713179, -33.134542 ], [ -71.7133, -33.134494 ], [ -71.713265, -33.13464 ], [ -71.713394, -33.134715 ], [ -71.713399, -33.134479 ], [ -71.713603, -33.13436 ], [ -71.713595, -33.134274 ], [ -71.71349, -33.134205 ], [ -71.713563, -33.134182 ], [ -71.713536, -33.134124 ], [ -71.713683, -33.134095 ], [ -71.71362, -33.134041 ], [ -71.713673, -33.133994 ], [ -71.713793, -33.133996 ], [ -71.714029, -33.133827 ], [ -71.714032, -33.13402 ], [ -71.714295, -33.134025 ], [ -71.714601, -33.133735 ], [ -71.714751, -33.133666 ], [ -71.714767, -33.133565 ], [ -71.71469, -33.133399 ], [ -71.714515, -33.133318 ], [ -71.714587, -33.133147 ], [ -71.71474, -33.133019 ], [ -71.714783, -33.132861 ], [ -71.714965, -33.132695 ], [ -71.714971, -33.132583 ], [ -71.715201, -33.132493 ], [ -71.715349, -33.132805 ], [ -71.715507, -33.132731 ], [ -71.715488, -33.132612 ], [ -71.715615, -33.132621 ], [ -71.715679, -33.132531 ], [ -71.715759, -33.132693 ], [ -71.71596, -33.132619 ], [ -71.716162, -33.132754 ], [ -71.716215, -33.132731 ], [ -71.716215, -33.132617 ], [ -71.716341, -33.132441 ], [ -71.716494, -33.132385 ], [ -71.716564, -33.132392 ], [ -71.716607, -33.132491 ], [ -71.716709, -33.1325 ], [ -71.716776, -33.132626 ], [ -71.716923, -33.13261 ], [ -71.716969, -33.132529 ], [ -71.717286, -33.13234 ], [ -71.717171, -33.132296 ], [ -71.717251, -33.132271 ], [ -71.717369, -33.132057 ], [ -71.717363, -33.13192 ], [ -71.717531, -33.131746 ], [ -71.717615, -33.131714 ], [ -71.717701, -33.131817 ], [ -71.717782, -33.131813 ], [ -71.717771, -33.131725 ], [ -71.7179, -33.131655 ], [ -71.717999, -33.131673 ], [ -71.718031, -33.131561 ], [ -71.718168, -33.131611 ], [ -71.718289, -33.131384 ], [ -71.718332, -33.131458 ], [ -71.718393, -33.131449 ], [ -71.718364, -33.1315 ], [ -71.718436, -33.131592 ], [ -71.718622, -33.131571 ], [ -71.718656, -33.131498 ], [ -71.718608, -33.131411 ], [ -71.718747, -33.131462 ], [ -71.718849, -33.131368 ], [ -71.718903, -33.131152 ], [ -71.718986, -33.13113 ], [ -71.718997, -33.131065 ], [ -71.718943, -33.13108 ], [ -71.719112, -33.130955 ], [ -71.719107, -33.13091 ], [ -71.719198, -33.130961 ], [ -71.719317, -33.130935 ], [ -71.719236, -33.130876 ], [ -71.719303, -33.130802 ], [ -71.719429, -33.130869 ], [ -71.719606, -33.130827 ], [ -71.719566, -33.130716 ], [ -71.719675, -33.130699 ], [ -71.719718, -33.130636 ], [ -71.719818, -33.130654 ], [ -71.719877, -33.130566 ], [ -71.720019, -33.13055 ], [ -71.720225, -33.130665 ], [ -71.720255, -33.13055 ], [ -71.720121, -33.130561 ], [ -71.720159, -33.130409 ], [ -71.719962, -33.130216 ], [ -71.720003, -33.130094 ], [ -71.71981, -33.130077 ], [ -71.71977, -33.129944 ], [ -71.719568, -33.130065 ], [ -71.71941, -33.130023 ], [ -71.719311, -33.129946 ], [ -71.719166, -33.129582 ], [ -71.719295, -33.129194 ], [ -71.719482, -33.128994 ], [ -71.719483, -33.128879 ], [ -71.72003, -33.128345 ], [ -71.720129, -33.128338 ], [ -71.720156, -33.12841 ], [ -71.720298, -33.128441 ], [ -71.720501, -33.128376 ], [ -71.720512, -33.128434 ], [ -71.720571, -33.128428 ], [ -71.720802, -33.128349 ], [ -71.720864, -33.12827 ], [ -71.720979, -33.128284 ], [ -71.721081, -33.128369 ], [ -71.721376, -33.128352 ], [ -71.721545, -33.128241 ], [ -71.721716, -33.128239 ], [ -71.721722, -33.128149 ], [ -71.721754, -33.128246 ], [ -71.721853, -33.128268 ], [ -71.721888, -33.127994 ], [ -71.722176, -33.127972 ], [ -71.722044, -33.127835 ], [ -71.722168, -33.127738 ], [ -71.722223, -33.12774 ], [ -71.72224, -33.127819 ], [ -71.722473, -33.127752 ], [ -71.722441, -33.127657 ], [ -71.722283, -33.127619 ], [ -71.72232, -33.127547 ], [ -71.722286, -33.127502 ], [ -71.722392, -33.127376 ], [ -71.722545, -33.127374 ], [ -71.722497, -33.127275 ], [ -71.722642, -33.127138 ], [ -71.722679, -33.127118 ], [ -71.722894, -33.127358 ], [ -71.723187, -33.127271 ], [ -71.72339, -33.127309 ], [ -71.723468, -33.127206 ], [ -71.72342, -33.12708 ], [ -71.723245, -33.126902 ], [ -71.723116, -33.126903 ], [ -71.723012, -33.126826 ], [ -71.722999, -33.126743 ], [ -71.723119, -33.126615 ], [ -71.723302, -33.12657 ], [ -71.723321, -33.126467 ], [ -71.723457, -33.126496 ], [ -71.723404, -33.12626 ], [ -71.72332, -33.126195 ], [ -71.723489, -33.126168 ], [ -71.723493, -33.126065 ], [ -71.723653, -33.125993 ], [ -71.723586, -33.125901 ], [ -71.723677, -33.125874 ], [ -71.72383, -33.12597 ], [ -71.723678, -33.12573 ], [ -71.723688, -33.125658 ], [ -71.724034, -33.125501 ], [ -71.724071, -33.125413 ], [ -71.724259, -33.125285 ], [ -71.724321, -33.125344 ], [ -71.724377, -33.125283 ], [ -71.724482, -33.125449 ], [ -71.724643, -33.125503 ], [ -71.724908, -33.125112 ], [ -71.7256, -33.124782 ], [ -71.725603, -33.124966 ], [ -71.725678, -33.125153 ], [ -71.725978, -33.125108 ], [ -71.725938, -33.125045 ], [ -71.726005, -33.124968 ], [ -71.726051, -33.125031 ], [ -71.726032, -33.125424 ], [ -71.726376, -33.125575 ], [ -71.726347, -33.125382 ], [ -71.726488, -33.125209 ], [ -71.726475, -33.125074 ], [ -71.726298, -33.125155 ], [ -71.72614, -33.12504 ], [ -71.726107, -33.124885 ], [ -71.725753, -33.124735 ], [ -71.725652, -33.124468 ], [ -71.72574, -33.124135 ], [ -71.725893, -33.124202 ], [ -71.725981, -33.124137 ], [ -71.725909, -33.123946 ], [ -71.725775, -33.123879 ], [ -71.725735, -33.123605 ], [ -71.725842, -33.123472 ], [ -71.725826, -33.123333 ], [ -71.726046, -33.123236 ], [ -71.725987, -33.122996 ], [ -71.726156, -33.122859 ], [ -71.726218, -33.122689 ], [ -71.726319, -33.122646 ], [ -71.726459, -33.1227 ], [ -71.726654, -33.122493 ], [ -71.726957, -33.122356 ], [ -71.727014, -33.122246 ], [ -71.727261, -33.122363 ], [ -71.727384, -33.122322 ], [ -71.727435, -33.122206 ], [ -71.727604, -33.122118 ], [ -71.727613, -33.121956 ], [ -71.728127, -33.121758 ], [ -71.728159, -33.12163 ], [ -71.72828, -33.12174 ], [ -71.728419, -33.121619 ], [ -71.728564, -33.121585 ], [ -71.728578, -33.121691 ], [ -71.728634, -33.12172 ], [ -71.7288, -33.121556 ], [ -71.728863, -33.12159 ], [ -71.728862, -33.121657 ], [ -71.728918, -33.121648 ], [ -71.729077, -33.121505 ], [ -71.729168, -33.121603 ], [ -71.728991, -33.121698 ], [ -71.729243, -33.121927 ], [ -71.729296, -33.121871 ], [ -71.729186, -33.121704 ], [ -71.729302, -33.121624 ], [ -71.729377, -33.121653 ], [ -71.729618, -33.121493 ], [ -71.730021, -33.121732 ], [ -71.73009, -33.121727 ], [ -71.730118, -33.121667 ], [ -71.730066, -33.121561 ], [ -71.729788, -33.121417 ], [ -71.729825, -33.121221 ], [ -71.72975, -33.121161 ], [ -71.729739, -33.121062 ], [ -71.729916, -33.121096 ], [ -71.729913, -33.121183 ], [ -71.73005, -33.121071 ], [ -71.730045, -33.120894 ], [ -71.730208, -33.121015 ], [ -71.730265, -33.12099 ], [ -71.730174, -33.120896 ], [ -71.730211, -33.120786 ], [ -71.730351, -33.12081 ], [ -71.730369, -33.120689 ], [ -71.730455, -33.120772 ], [ -71.730662, -33.120689 ], [ -71.730684, -33.120595 ], [ -71.730801, -33.120613 ], [ -71.730882, -33.120471 ], [ -71.730912, -33.120528 ], [ -71.730981, -33.120509 ], [ -71.731, -33.120404 ], [ -71.731274, -33.120548 ], [ -71.731413, -33.120494 ], [ -71.731367, -33.120458 ], [ -71.731356, -33.120085 ], [ -71.731475, -33.120029 ], [ -71.731503, -33.119912 ], [ -71.731753, -33.119813 ], [ -71.731735, -33.119743 ], [ -71.731544, -33.119752 ], [ -71.731584, -33.119445 ], [ -71.731966, -33.119258 ], [ -71.732094, -33.119141 ], [ -71.732384, -33.119081 ], [ -71.732928, -33.11884 ], [ -71.733342, -33.118872 ], [ -71.733744, -33.118782 ], [ -71.733953, -33.11884 ], [ -71.734082, -33.118676 ], [ -71.73424, -33.118777 ], [ -71.73423, -33.118948 ], [ -71.734301, -33.118998 ], [ -71.73446, -33.118777 ], [ -71.734497, -33.118584 ], [ -71.734411, -33.118521 ], [ -71.734307, -33.118537 ], [ -71.734232, -33.118447 ], [ -71.734922, -33.118326 ], [ -71.735222, -33.118209 ], [ -71.735302, -33.11824 ], [ -71.735307, -33.118357 ], [ -71.735484, -33.118409 ], [ -71.735624, -33.118321 ], [ -71.735573, -33.118207 ], [ -71.735756, -33.118149 ], [ -71.735951, -33.118234 ], [ -71.735986, -33.118346 ], [ -71.73605, -33.118227 ], [ -71.736214, -33.118227 ], [ -71.736469, -33.118103 ], [ -71.736426, -33.117996 ], [ -71.736257, -33.117951 ], [ -71.736549, -33.117805 ], [ -71.736536, -33.117713 ], [ -71.736445, -33.117638 ], [ -71.736474, -33.117549 ], [ -71.736367, -33.117461 ], [ -71.736415, -33.117578 ], [ -71.736343, -33.117596 ], [ -71.736276, -33.117495 ], [ -71.73616, -33.117447 ], [ -71.736262, -33.117151 ], [ -71.736477, -33.117236 ], [ -71.736415, -33.117045 ], [ -71.736477, -33.116996 ], [ -71.736453, -33.116893 ], [ -71.736198, -33.116789 ], [ -71.735973, -33.116845 ], [ -71.735833, -33.116318 ], [ -71.735935, -33.116152 ], [ -71.735887, -33.116124 ], [ -71.735911, -33.116039 ], [ -71.736029, -33.115954 ], [ -71.73604, -33.115803 ], [ -71.73623, -33.11574 ], [ -71.7363, -33.115662 ], [ -71.736206, -33.115578 ], [ -71.736179, -33.115432 ], [ -71.735804, -33.115437 ], [ -71.735742, -33.114925 ], [ -71.735799, -33.114875 ], [ -71.736163, -33.115037 ], [ -71.736407, -33.114889 ], [ -71.736603, -33.114606 ], [ -71.736581, -33.11439 ], [ -71.736485, -33.114374 ], [ -71.736477, -33.114296 ], [ -71.736361, -33.114309 ], [ -71.736281, -33.11419 ], [ -71.736168, -33.114237 ], [ -71.736018, -33.114185 ], [ -71.735771, -33.114291 ], [ -71.735602, -33.1143 ], [ -71.735232, -33.11415 ], [ -71.735474, -33.114111 ], [ -71.735503, -33.114035 ], [ -71.735433, -33.114008 ], [ -71.735375, -33.114047 ], [ -71.73517, -33.114015 ], [ -71.734943, -33.114134 ], [ -71.734932, -33.113936 ], [ -71.734983, -33.11384 ], [ -71.734883, -33.113763 ], [ -71.735112, -33.113622 ], [ -71.734792, -33.113505 ], [ -71.734816, -33.113404 ], [ -71.734674, -33.113271 ], [ -71.734822, -33.113186 ], [ -71.7349, -33.113217 ], [ -71.734959, -33.113163 ], [ -71.735377, -33.113147 ], [ -71.735452, -33.11306 ], [ -71.735506, -33.113062 ], [ -71.735573, -33.113226 ], [ -71.735626, -33.113231 ], [ -71.735755, -33.113069 ], [ -71.735562, -33.112963 ], [ -71.735584, -33.112878 ], [ -71.735508, -33.112822 ], [ -71.73557, -33.112752 ], [ -71.735557, -33.112615 ], [ -71.735691, -33.112779 ], [ -71.735771, -33.112784 ], [ -71.735828, -33.11268 ], [ -71.735777, -33.112615 ], [ -71.735943, -33.112631 ], [ -71.735938, -33.112519 ], [ -71.736085, -33.112386 ], [ -71.735833, -33.112456 ], [ -71.735901, -33.112321 ], [ -71.735755, -33.112276 ], [ -71.735804, -33.112191 ], [ -71.735763, -33.112121 ], [ -71.735621, -33.112071 ], [ -71.735514, -33.111928 ], [ -71.735144, -33.111842 ], [ -71.735141, -33.111746 ], [ -71.73527, -33.111676 ], [ -71.735187, -33.111562 ], [ -71.734639, -33.11144 ], [ -71.734615, -33.111375 ], [ -71.734728, -33.111321 ], [ -71.734765, -33.111177 ], [ -71.734647, -33.11109 ], [ -71.734551, -33.110886 ], [ -71.734723, -33.110807 ], [ -71.734977, -33.110849 ], [ -71.735184, -33.111096 ], [ -71.73563, -33.111375 ], [ -71.735916, -33.110831 ], [ -71.735868, -33.110708 ], [ -71.736045, -33.110908 ], [ -71.736206, -33.110852 ], [ -71.736308, -33.11071 ], [ -71.736316, -33.110407 ], [ -71.736565, -33.110389 ], [ -71.736458, -33.110328 ], [ -71.736522, -33.110272 ], [ -71.736402, -33.110011 ], [ -71.736565, -33.110155 ], [ -71.736662, -33.109892 ], [ -71.736554, -33.109843 ], [ -71.736539, -33.109944 ], [ -71.736249, -33.109715 ], [ -71.73645, -33.109685 ], [ -71.736518, -33.109607 ], [ -71.736633, -33.109715 ], [ -71.736646, -33.109587 ], [ -71.736721, -33.109708 ], [ -71.736852, -33.109676 ], [ -71.736895, -33.109562 ], [ -71.736815, -33.109463 ], [ -71.736965, -33.109501 ], [ -71.736946, -33.109351 ], [ -71.736788, -33.109279 ], [ -71.736845, -33.109201 ], [ -71.736949, -33.109209 ], [ -71.736919, -33.108993 ], [ -71.737177, -33.108861 ], [ -71.737142, -33.108789 ], [ -71.737177, -33.108668 ], [ -71.737104, -33.108589 ], [ -71.737258, -33.108547 ], [ -71.737493, -33.10858 ], [ -71.737517, -33.108445 ], [ -71.737383, -33.108385 ], [ -71.737445, -33.10832 ], [ -71.737542, -33.108356 ], [ -71.73759, -33.108156 ], [ -71.737507, -33.108005 ], [ -71.737627, -33.107989 ], [ -71.737689, -33.108066 ], [ -71.737619, -33.108086 ], [ -71.73763, -33.108178 ], [ -71.737694, -33.108241 ], [ -71.737748, -33.108216 ], [ -71.737772, -33.108144 ], [ -71.737724, -33.108088 ], [ -71.737794, -33.108019 ], [ -71.737694, -33.107805 ], [ -71.737979, -33.107989 ], [ -71.738094, -33.107962 ], [ -71.738223, -33.108099 ], [ -71.73829, -33.108045 ], [ -71.7384, -33.10809 ], [ -71.738427, -33.108023 ], [ -71.738491, -33.108142 ], [ -71.738614, -33.108185 ], [ -71.738626, -33.108059 ], [ -71.738527, -33.108023 ], [ -71.73847, -33.107747 ], [ -71.738362, -33.107625 ], [ -71.738408, -33.107556 ], [ -71.738663, -33.107636 ], [ -71.73869, -33.107327 ], [ -71.738454, -33.107008 ], [ -71.738293, -33.10694 ], [ -71.738435, -33.106866 ], [ -71.738349, -33.106641 ], [ -71.738775, -33.106882 ], [ -71.738859, -33.106527 ], [ -71.738735, -33.10636 ], [ -71.738736, -33.10628 ], [ -71.738832, -33.106293 ], [ -71.738832, -33.106208 ], [ -71.739019, -33.106367 ], [ -71.739046, -33.106309 ], [ -71.738993, -33.106217 ], [ -71.739081, -33.106279 ], [ -71.739065, -33.106174 ], [ -71.739108, -33.106223 ], [ -71.739162, -33.106196 ], [ -71.739212, -33.106099 ], [ -71.739132, -33.105947 ], [ -71.738972, -33.105988 ], [ -71.73899, -33.105875 ], [ -71.738904, -33.105792 ], [ -71.738574, -33.10583 ], [ -71.738502, -33.105877 ], [ -71.738502, -33.105952 ], [ -71.738384, -33.105974 ], [ -71.738197, -33.105891 ], [ -71.738186, -33.105826 ], [ -71.738095, -33.105806 ], [ -71.738043, -33.105862 ], [ -71.737845, -33.105736 ], [ -71.737882, -33.105659 ], [ -71.737793, -33.105572 ], [ -71.737439, -33.105626 ], [ -71.737391, -33.105522 ], [ -71.737541, -33.105392 ], [ -71.737413, -33.105347 ], [ -71.737364, -33.105455 ], [ -71.737048, -33.105432 ], [ -71.736973, -33.105302 ], [ -71.736925, -33.105181 ], [ -71.737214, -33.105145 ], [ -71.737273, -33.105064 ], [ -71.737096, -33.104911 ], [ -71.737166, -33.104871 ], [ -71.737053, -33.104754 ], [ -71.736876, -33.104691 ], [ -71.736635, -33.104493 ], [ -71.736211, -33.104471 ], [ -71.735921, -33.104354 ], [ -71.735583, -33.104354 ], [ -71.735719, -33.10409 ], [ -71.735857, -33.103963 ], [ -71.736002, -33.103981 ], [ -71.736077, -33.103927 ], [ -71.736034, -33.103869 ], [ -71.735835, -33.103855 ], [ -71.735497, -33.103986 ], [ -71.73539, -33.103869 ], [ -71.735353, -33.103774 ], [ -71.735632, -33.103707 ], [ -71.735728, -33.103559 ], [ -71.735605, -33.102975 ], [ -71.735342, -33.102813 ], [ -71.735261, -33.102705 ], [ -71.73472, -33.102467 ], [ -71.734623, -33.102323 ], [ -71.734355, -33.102143 ], [ -71.734028, -33.102049 ], [ -71.734017, -33.101977 ], [ -71.734172, -33.101707 ], [ -71.734373, -33.101704 ], [ -71.735478, -33.102104 ], [ -71.735827, -33.102117 ], [ -71.73605, -33.102287 ], [ -71.73616, -33.102238 ], [ -71.736393, -33.10235 ], [ -71.736426, -33.102431 ], [ -71.736576, -33.102449 ], [ -71.736576, -33.102246 ], [ -71.736479, -33.10213 ], [ -71.736533, -33.102008 ], [ -71.736694, -33.10204 ], [ -71.736841, -33.101986 ], [ -71.73689, -33.101844 ], [ -71.736699, -33.101776 ], [ -71.736552, -33.101898 ], [ -71.736479, -33.101795 ], [ -71.736514, -33.101731 ], [ -71.736367, -33.101745 ], [ -71.736305, -33.101631 ], [ -71.736624, -33.101624 ], [ -71.736603, -33.101426 ], [ -71.736672, -33.101267 ], [ -71.736614, -33.101143 ], [ -71.736705, -33.101069 ], [ -71.736778, -33.101056 ], [ -71.736971, -33.101351 ], [ -71.737037, -33.101363 ], [ -71.737169, -33.10115 ], [ -71.737281, -33.10117 ], [ -71.737346, -33.101103 ], [ -71.737158, -33.100999 ], [ -71.737163, -33.100943 ], [ -71.737261, -33.100892 ], [ -71.737509, -33.100954 ], [ -71.737725, -33.100917 ], [ -71.737878, -33.10111 ], [ -71.738051, -33.100997 ], [ -71.738073, -33.100948 ], [ -71.738016, -33.100882 ], [ -71.738157, -33.100879 ], [ -71.738207, -33.101112 ], [ -71.738403, -33.101217 ], [ -71.738585, -33.101184 ], [ -71.738783, -33.100932 ], [ -71.738708, -33.100889 ], [ -71.738732, -33.100849 ], [ -71.738881, -33.100786 ], [ -71.739223, -33.100952 ], [ -71.739149, -33.101027 ], [ -71.739355, -33.101184 ], [ -71.739591, -33.101029 ], [ -71.739776, -33.101017 ], [ -71.74002, -33.101085 ], [ -71.740079, -33.100979 ], [ -71.740001, -33.100869 ], [ -71.740099, -33.100966 ], [ -71.74024, -33.100975 ], [ -71.740238, -33.100694 ], [ -71.740167, -33.100687 ], [ -71.740194, -33.100597 ], [ -71.740122, -33.100557 ], [ -71.740208, -33.100536 ], [ -71.740181, -33.10048 ], [ -71.740251, -33.100381 ], [ -71.740556, -33.100251 ], [ -71.740505, -33.100166 ], [ -71.740543, -33.099896 ], [ -71.740656, -33.099851 ], [ -71.74076, -33.099654 ], [ -71.740631, -33.099343 ], [ -71.740698, -33.099258 ], [ -71.740784, -33.099244 ], [ -71.74082, -33.09916 ], [ -71.740995, -33.099171 ], [ -71.741103, -33.099391 ], [ -71.741216, -33.0994 ], [ -71.741272, -33.099343 ], [ -71.74123, -33.099227 ], [ -71.741302, -33.099155 ], [ -71.741276, -33.099041 ], [ -71.741334, -33.099018 ], [ -71.741369, -33.099089 ], [ -71.741508, -33.099045 ], [ -71.741533, -33.099146 ], [ -71.7416, -33.099119 ], [ -71.741653, -33.099278 ], [ -71.741798, -33.099229 ], [ -71.741865, -33.099125 ], [ -71.741761, -33.09888 ], [ -71.74197, -33.098934 ], [ -71.741999, -33.098687 ], [ -71.741962, -33.098604 ], [ -71.742115, -33.098487 ], [ -71.742179, -33.098292 ], [ -71.742251, -33.098265 ], [ -71.742407, -33.097757 ], [ -71.742305, -33.097777 ], [ -71.742254, -33.097692 ], [ -71.74238, -33.097705 ], [ -71.742439, -33.097651 ] ] ], [ [ [ -71.742214, -33.099332 ], [ -71.742136, -33.099031 ], [ -71.742058, -33.098984 ], [ -71.741954, -33.099094 ], [ -71.742176, -33.099355 ], [ -71.742214, -33.099332 ] ] ], [ [ [ -71.742013, -33.099532 ], [ -71.741986, -33.099256 ], [ -71.741911, -33.099186 ], [ -71.741906, -33.099294 ], [ -71.741825, -33.0994 ], [ -71.741954, -33.0994 ], [ -71.741919, -33.099564 ], [ -71.742013, -33.099532 ] ] ], [ [ [ -71.741675, -33.099355 ], [ -71.741608, -33.099292 ], [ -71.741522, -33.09931 ], [ -71.741482, -33.099463 ], [ -71.741535, -33.099474 ], [ -71.74157, -33.099382 ], [ -71.741648, -33.099418 ], [ -71.741675, -33.099355 ] ] ], [ [ [ -71.738218, -33.10823 ], [ -71.738107, -33.108059 ], [ -71.737989, -33.108072 ], [ -71.738059, -33.108218 ], [ -71.738218, -33.10823 ] ] ], [ [ [ -71.737448, -33.087009 ], [ -71.737391, -33.086883 ], [ -71.737313, -33.086906 ], [ -71.737342, -33.087014 ], [ -71.737448, -33.087009 ] ] ], [ [ [ -71.736919, -33.09084 ], [ -71.736858, -33.090735 ], [ -71.736739, -33.090827 ], [ -71.736662, -33.090719 ], [ -71.736436, -33.090872 ], [ -71.736601, -33.091003 ], [ -71.736919, -33.09084 ] ] ], [ [ [ -71.736911, -33.118234 ], [ -71.736892, -33.118092 ], [ -71.736646, -33.118027 ], [ -71.736651, -33.118146 ], [ -71.73659, -33.11818 ], [ -71.736622, -33.118218 ], [ -71.736774, -33.118288 ], [ -71.736911, -33.118234 ] ] ], [ [ [ -71.73685, -33.095216 ], [ -71.736772, -33.095218 ], [ -71.736726, -33.095141 ], [ -71.736817, -33.095002 ], [ -71.736694, -33.094995 ], [ -71.736638, -33.095339 ], [ -71.73676, -33.095443 ], [ -71.736847, -33.095377 ], [ -71.73685, -33.095216 ] ] ], [ [ [ -71.736713, -33.116897 ], [ -71.736592, -33.116794 ], [ -71.73652, -33.11681 ], [ -71.736638, -33.116945 ], [ -71.736713, -33.116897 ] ] ], [ [ [ -71.736643, -33.117045 ], [ -71.73653, -33.11689 ], [ -71.736469, -33.116868 ], [ -71.736603, -33.117239 ], [ -71.736643, -33.117045 ] ] ], [ [ [ -71.736509, -33.118097 ], [ -71.736536, -33.118065 ], [ -71.736477, -33.118025 ], [ -71.736509, -33.118097 ] ] ], [ [ [ -71.736348, -33.115839 ], [ -71.736276, -33.115776 ], [ -71.736163, -33.115859 ], [ -71.736302, -33.115922 ], [ -71.736348, -33.115839 ] ] ], [ [ [ -71.736047, -33.102518 ], [ -71.735699, -33.102287 ], [ -71.735428, -33.102351 ], [ -71.735433, -33.102443 ], [ -71.735787, -33.102581 ], [ -71.735972, -33.102588 ], [ -71.736047, -33.102518 ] ] ], [ [ [ -71.735811, -33.111362 ], [ -71.735761, -33.111323 ], [ -71.735697, -33.111427 ], [ -71.735755, -33.11146 ], [ -71.735811, -33.111362 ] ] ], [ [ [ -71.73483, -33.092142 ], [ -71.734685, -33.092081 ], [ -71.734653, -33.091991 ], [ -71.734596, -33.092009 ], [ -71.734591, -33.092126 ], [ -71.73479, -33.092191 ], [ -71.73483, -33.092142 ] ] ], [ [ [ -71.734387, -33.092079 ], [ -71.734382, -33.091957 ], [ -71.734307, -33.091953 ], [ -71.734264, -33.09205 ], [ -71.734331, -33.092117 ], [ -71.734387, -33.092079 ] ] ], [ [ [ -71.734234, -33.092146 ], [ -71.7342, -33.092056 ], [ -71.734063, -33.092067 ], [ -71.734149, -33.092193 ], [ -71.734234, -33.092146 ] ] ], [ [ [ -71.733309, -33.089953 ], [ -71.733309, -33.08987 ], [ -71.733269, -33.0898 ], [ -71.733218, -33.089879 ], [ -71.733309, -33.089953 ] ] ], [ [ [ -71.733212, -33.090079 ], [ -71.733143, -33.089919 ], [ -71.733049, -33.090007 ], [ -71.733129, -33.090117 ], [ -71.733212, -33.090079 ] ] ], [ [ [ -71.732622, -33.089492 ], [ -71.732586, -33.089432 ], [ -71.732427, -33.089492 ], [ -71.732418, -33.089686 ], [ -71.732622, -33.089492 ] ] ], [ [ [ -71.732459, -33.089364 ], [ -71.732381, -33.089321 ], [ -71.732354, -33.089382 ], [ -71.732408, -33.089411 ], [ -71.732459, -33.089364 ] ] ], [ [ [ -71.732089, -33.089218 ], [ -71.731904, -33.089344 ], [ -71.731874, -33.089467 ], [ -71.731981, -33.089519 ], [ -71.732089, -33.089218 ] ] ], [ [ [ -71.73171, -33.089775 ], [ -71.731735, -33.089654 ], [ -71.7317, -33.089605 ], [ -71.731657, -33.089701 ], [ -71.73171, -33.089775 ] ] ], [ [ [ -71.731735, -33.120559 ], [ -71.731596, -33.120469 ], [ -71.731466, -33.120512 ], [ -71.731407, -33.120646 ], [ -71.73148, -33.120712 ], [ -71.731735, -33.120559 ] ] ], [ [ [ -71.731563, -33.089879 ], [ -71.731614, -33.089775 ], [ -71.731539, -33.089778 ], [ -71.731563, -33.089879 ] ] ], [ [ [ -71.727564, -33.122457 ], [ -71.727456, -33.122412 ], [ -71.727427, -33.122446 ], [ -71.727526, -33.122486 ], [ -71.727564, -33.122457 ] ] ], [ [ [ -71.727432, -33.125348 ], [ -71.72736, -33.125236 ], [ -71.727162, -33.125106 ], [ -71.727137, -33.125025 ], [ -71.727001, -33.125052 ], [ -71.726963, -33.124987 ], [ -71.726843, -33.124969 ], [ -71.726743, -33.125065 ], [ -71.726781, -33.125148 ], [ -71.726711, -33.125159 ], [ -71.726829, -33.12524 ], [ -71.72673, -33.125256 ], [ -71.726759, -33.125335 ], [ -71.726835, -33.125333 ], [ -71.726915, -33.125411 ], [ -71.726842, -33.125478 ], [ -71.727164, -33.125618 ], [ -71.72725, -33.125566 ], [ -71.727092, -33.125494 ], [ -71.727105, -33.125393 ], [ -71.727301, -33.125467 ], [ -71.727387, -33.125561 ], [ -71.727432, -33.125348 ] ] ], [ [ [ -71.726982, -33.088822 ], [ -71.72692, -33.088775 ], [ -71.726829, -33.088818 ], [ -71.72688, -33.088903 ], [ -71.726982, -33.088822 ] ] ], [ [ [ -71.726569, -33.12314 ], [ -71.72641, -33.123037 ], [ -71.72626, -33.123088 ], [ -71.726427, -33.123236 ], [ -71.726569, -33.12314 ] ] ], [ [ [ -71.72637, -33.124065 ], [ -71.726266, -33.123915 ], [ -71.726046, -33.123877 ], [ -71.725995, -33.123913 ], [ -71.726177, -33.124151 ], [ -71.726279, -33.124148 ], [ -71.72637, -33.124065 ] ] ], [ [ [ -71.726343, -33.125827 ], [ -71.72626, -33.125761 ], [ -71.72618, -33.125759 ], [ -71.726268, -33.125896 ], [ -71.726316, -33.125901 ], [ -71.726343, -33.125827 ] ] ], [ [ [ -71.725879, -33.089059 ], [ -71.725802, -33.08887 ], [ -71.725582, -33.088852 ], [ -71.725474, -33.088924 ], [ -71.725386, -33.088912 ], [ -71.725383, -33.089016 ], [ -71.725241, -33.089133 ], [ -71.725154, -33.089376 ], [ -71.725374, -33.089522 ], [ -71.725619, -33.089528 ], [ -71.725691, -33.089297 ], [ -71.725761, -33.089279 ], [ -71.725879, -33.089059 ] ] ], [ [ [ -71.725568, -33.125658 ], [ -71.725517, -33.125451 ], [ -71.725271, -33.125312 ], [ -71.725397, -33.125535 ], [ -71.725568, -33.125658 ] ] ], [ [ [ -71.725541, -33.08971 ], [ -71.725431, -33.089582 ], [ -71.725281, -33.089557 ], [ -71.725013, -33.089742 ], [ -71.725144, -33.089865 ], [ -71.725423, -33.089865 ], [ -71.725541, -33.08971 ] ] ], [ [ [ -71.725346, -33.125957 ], [ -71.725239, -33.125719 ], [ -71.725128, -33.125658 ], [ -71.725011, -33.125463 ], [ -71.724914, -33.125469 ], [ -71.724876, -33.125645 ], [ -71.724981, -33.125791 ], [ -71.72523, -33.125968 ], [ -71.725249, -33.126058 ], [ -71.725297, -33.126069 ], [ -71.725346, -33.125957 ] ] ], [ [ [ -71.725257, -33.125505 ], [ -71.725185, -33.125319 ], [ -71.725045, -33.125276 ], [ -71.725029, -33.125388 ], [ -71.725118, -33.125492 ], [ -71.725195, -33.125546 ], [ -71.725257, -33.125505 ] ] ], [ [ [ -71.723731, -33.090656 ], [ -71.723701, -33.090524 ], [ -71.723645, -33.090501 ], [ -71.723581, -33.090557 ], [ -71.723546, -33.090468 ], [ -71.723437, -33.090497 ], [ -71.723414, -33.090598 ], [ -71.723471, -33.090645 ], [ -71.72368, -33.090719 ], [ -71.723731, -33.090656 ] ] ], [ [ [ -71.723473, -33.126797 ], [ -71.723323, -33.12677 ], [ -71.723312, -33.126716 ], [ -71.723235, -33.126703 ], [ -71.723342, -33.126826 ], [ -71.723473, -33.126797 ] ] ], [ [ [ -71.722639, -33.12768 ], [ -71.72258, -33.127576 ], [ -71.722478, -33.12761 ], [ -71.722543, -33.127698 ], [ -71.722639, -33.12768 ] ] ], [ [ [ -71.720665, -33.130869 ], [ -71.72051, -33.130932 ], [ -71.720488, -33.130984 ], [ -71.720577, -33.131031 ], [ -71.720556, -33.130964 ], [ -71.720665, -33.130869 ] ] ], [ [ [ -71.720625, -33.130804 ], [ -71.72059, -33.130721 ], [ -71.720456, -33.130815 ], [ -71.720512, -33.13086 ], [ -71.720625, -33.130804 ] ] ], [ [ [ -71.720547, -33.130539 ], [ -71.720408, -33.130375 ], [ -71.720287, -33.130467 ], [ -71.720335, -33.130496 ], [ -71.720336, -33.130604 ], [ -71.720488, -33.130606 ], [ -71.720547, -33.130539 ] ] ], [ [ [ -71.719874, -33.093499 ], [ -71.719679, -33.093418 ], [ -71.719608, -33.093564 ], [ -71.719651, -33.093726 ], [ -71.719501, -33.094025 ], [ -71.719528, -33.094281 ], [ -71.719678, -33.094276 ], [ -71.719742, -33.09415 ], [ -71.719874, -33.093499 ] ] ], [ [ [ -71.719815, -33.129072 ], [ -71.71978, -33.128994 ], [ -71.719713, -33.128982 ], [ -71.71971, -33.129021 ], [ -71.719815, -33.129072 ] ] ], [ [ [ -71.719756, -33.130901 ], [ -71.719708, -33.130811 ], [ -71.719558, -33.130914 ], [ -71.719694, -33.131 ], [ -71.719756, -33.130901 ] ] ], [ [ [ -71.71967, -33.131143 ], [ -71.719657, -33.13106 ], [ -71.719587, -33.13106 ], [ -71.719539, -33.130957 ], [ -71.719475, -33.130955 ], [ -71.719477, -33.131112 ], [ -71.719606, -33.13117 ], [ -71.71967, -33.131143 ] ] ], [ [ [ -71.719662, -33.12912 ], [ -71.719619, -33.129021 ], [ -71.719517, -33.129041 ], [ -71.719557, -33.129149 ], [ -71.719662, -33.12912 ] ] ], [ [ [ -71.719426, -33.093856 ], [ -71.71937, -33.093795 ], [ -71.719235, -33.093795 ], [ -71.71926, -33.094002 ], [ -71.719404, -33.093993 ], [ -71.719426, -33.093856 ] ] ], [ [ [ -71.719357, -33.131164 ], [ -71.719231, -33.131112 ], [ -71.719134, -33.131291 ], [ -71.719327, -33.131265 ], [ -71.719357, -33.131164 ] ] ], [ [ [ -71.71916, -33.094398 ], [ -71.719021, -33.094382 ], [ -71.718994, -33.094479 ], [ -71.719088, -33.09447 ], [ -71.71916, -33.094398 ] ] ], [ [ [ -71.718777, -33.094622 ], [ -71.718637, -33.094476 ], [ -71.718565, -33.094503 ], [ -71.718546, -33.094627 ], [ -71.718683, -33.09473 ], [ -71.718777, -33.094622 ] ] ], [ [ [ -71.718189, -33.131882 ], [ -71.718152, -33.131786 ], [ -71.718066, -33.131759 ], [ -71.718109, -33.131909 ], [ -71.718189, -33.131882 ] ] ], [ [ [ -71.717908, -33.132006 ], [ -71.717799, -33.131914 ], [ -71.717833, -33.13186 ], [ -71.717728, -33.1319 ], [ -71.717782, -33.132062 ], [ -71.717908, -33.132006 ] ] ], [ [ [ -71.717656, -33.132075 ], [ -71.71753, -33.131943 ], [ -71.717489, -33.131968 ], [ -71.717366, -33.13221 ], [ -71.717401, -33.13228 ], [ -71.717613, -33.132224 ], [ -71.717656, -33.132075 ] ] ], [ [ [ -71.71754, -33.131903 ], [ -71.717519, -33.131858 ], [ -71.717487, -33.131916 ], [ -71.71754, -33.131903 ] ] ], [ [ [ -71.715318, -33.09634 ], [ -71.715102, -33.09624 ], [ -71.715016, -33.09626 ], [ -71.715142, -33.096355 ], [ -71.715318, -33.09634 ] ] ], [ [ [ -71.714697, -33.097105 ], [ -71.714604, -33.097061 ], [ -71.714512, -33.097083 ], [ -71.714588, -33.097194 ], [ -71.714697, -33.097105 ] ] ], [ [ [ -71.712506, -33.143031 ], [ -71.71246, -33.143018 ], [ -71.712374, -33.143072 ], [ -71.712444, -33.143105 ], [ -71.712506, -33.143031 ] ] ], [ [ [ -71.712449, -33.097279 ], [ -71.712344, -33.097164 ], [ -71.712248, -33.097195 ], [ -71.712232, -33.097359 ], [ -71.712361, -33.097496 ], [ -71.712449, -33.097279 ] ] ], [ [ [ -71.712382, -33.14247 ], [ -71.712358, -33.142402 ], [ -71.712305, -33.142414 ], [ -71.712063, -33.142546 ], [ -71.712023, -33.142474 ], [ -71.712069, -33.1424 ], [ -71.711922, -33.142365 ], [ -71.711905, -33.142445 ], [ -71.711759, -33.142405 ], [ -71.71165, -33.142461 ], [ -71.711924, -33.142483 ], [ -71.711902, -33.142535 ], [ -71.712077, -33.142587 ], [ -71.712382, -33.14247 ] ] ], [ [ [ -71.712374, -33.140586 ], [ -71.712286, -33.140478 ], [ -71.712321, -33.140386 ], [ -71.712223, -33.140303 ], [ -71.712157, -33.140343 ], [ -71.712187, -33.14041 ], [ -71.711988, -33.140473 ], [ -71.712114, -33.140608 ], [ -71.712203, -33.140568 ], [ -71.712353, -33.140631 ], [ -71.712374, -33.140586 ] ] ], [ [ [ -71.712361, -33.142993 ], [ -71.712238, -33.142845 ], [ -71.712079, -33.142989 ], [ -71.712197, -33.143081 ], [ -71.712361, -33.142993 ] ] ], [ [ [ -71.712034, -33.140067 ], [ -71.711753, -33.139867 ], [ -71.711492, -33.139916 ], [ -71.711197, -33.140062 ], [ -71.710992, -33.140076 ], [ -71.711001, -33.140013 ], [ -71.711342, -33.13991 ], [ -71.711519, -33.139766 ], [ -71.711442, -33.139733 ], [ -71.711283, -33.139865 ], [ -71.711253, -33.139766 ], [ -71.711162, -33.139759 ], [ -71.711127, -33.139869 ], [ -71.711001, -33.13991 ], [ -71.710824, -33.14008 ], [ -71.710886, -33.140116 ], [ -71.710752, -33.14019 ], [ -71.710835, -33.140289 ], [ -71.711339, -33.140552 ], [ -71.711551, -33.140592 ], [ -71.711795, -33.140294 ], [ -71.711967, -33.140202 ], [ -71.712034, -33.140067 ] ] ], [ [ [ -71.711833, -33.141531 ], [ -71.711806, -33.141455 ], [ -71.711688, -33.141444 ], [ -71.711546, -33.141538 ], [ -71.711792, -33.141583 ], [ -71.711833, -33.141531 ] ] ], [ [ [ -71.711814, -33.140491 ], [ -71.711718, -33.140465 ], [ -71.711685, -33.140511 ], [ -71.711763, -33.140561 ], [ -71.711814, -33.140491 ] ] ], [ [ [ -71.711736, -33.145648 ], [ -71.71179, -33.145475 ], [ -71.711677, -33.145405 ], [ -71.711629, -33.145654 ], [ -71.711736, -33.145648 ] ] ], [ [ [ -71.711618, -33.145145 ], [ -71.71157, -33.145086 ], [ -71.711519, -33.145178 ], [ -71.711543, -33.145203 ], [ -71.711618, -33.145145 ] ] ], [ [ [ -71.711358, -33.146117 ], [ -71.711283, -33.145989 ], [ -71.71106, -33.14616 ], [ -71.711116, -33.14625 ], [ -71.711098, -33.146405 ], [ -71.711358, -33.146117 ] ] ], [ [ [ -71.711312, -33.146472 ], [ -71.711304, -33.146362 ], [ -71.711122, -33.146443 ], [ -71.711216, -33.146524 ], [ -71.711312, -33.146472 ] ] ], [ [ [ -71.711205, -33.143817 ], [ -71.711195, -33.143724 ], [ -71.711143, -33.143709 ], [ -71.711084, -33.143732 ], [ -71.71114, -33.143799 ], [ -71.711022, -33.143775 ], [ -71.71109, -33.143842 ], [ -71.711205, -33.143817 ] ] ], [ [ [ -71.711124, -33.146584 ], [ -71.711095, -33.146515 ], [ -71.711043, -33.146486 ], [ -71.711047, -33.1466 ], [ -71.711124, -33.146584 ] ] ], [ [ [ -71.710972, -33.143732 ], [ -71.710997, -33.143614 ], [ -71.710996, -33.143521 ], [ -71.710934, -33.143561 ], [ -71.710921, -33.143712 ], [ -71.710972, -33.143732 ] ] ], [ [ [ -71.71098, -33.146661 ], [ -71.710974, -33.146508 ], [ -71.710883, -33.146636 ], [ -71.71098, -33.146661 ] ] ], [ [ [ -71.710564, -33.140109 ], [ -71.710538, -33.140052 ], [ -71.710459, -33.140096 ], [ -71.710475, -33.140127 ], [ -71.710564, -33.140109 ] ] ], [ [ [ -71.710054, -33.147633 ], [ -71.710022, -33.147408 ], [ -71.709867, -33.147453 ], [ -71.709783, -33.147415 ], [ -71.709781, -33.147357 ], [ -71.709502, -33.147413 ], [ -71.709816, -33.147691 ], [ -71.70988, -33.147669 ], [ -71.709861, -33.147491 ], [ -71.709944, -33.147509 ], [ -71.709979, -33.14766 ], [ -71.710054, -33.147633 ] ] ], [ [ [ -71.708716, -33.148127 ], [ -71.70857, -33.14798 ], [ -71.708493, -33.14806 ], [ -71.708523, -33.148102 ], [ -71.708458, -33.148125 ], [ -71.708592, -33.148264 ], [ -71.708627, -33.148163 ], [ -71.708716, -33.148127 ] ] ], [ [ [ -71.70841, -33.148197 ], [ -71.70837, -33.148048 ], [ -71.708268, -33.14808 ], [ -71.708367, -33.148212 ], [ -71.70841, -33.148197 ] ] ], [ [ [ -71.708292, -33.149158 ], [ -71.708163, -33.148958 ], [ -71.708059, -33.148935 ], [ -71.708104, -33.14905 ], [ -71.707951, -33.149014 ], [ -71.70797, -33.149248 ], [ -71.708136, -33.149571 ], [ -71.708273, -33.149513 ], [ -71.708233, -33.149221 ], [ -71.708292, -33.149158 ] ] ], [ [ [ -71.702887, -33.153474 ], [ -71.70278, -33.153323 ], [ -71.702661, -33.153322 ], [ -71.702678, -33.153229 ], [ -71.702611, -33.153105 ], [ -71.702434, -33.153132 ], [ -71.702571, -33.15335 ], [ -71.702592, -33.153496 ], [ -71.702726, -33.153537 ], [ -71.702659, -33.153615 ], [ -71.7027, -33.153662 ], [ -71.702839, -33.153678 ], [ -71.702877, -33.15364 ], [ -71.702812, -33.153532 ], [ -71.702887, -33.153474 ] ] ], [ [ [ -71.702418, -33.153739 ], [ -71.702276, -33.15359 ], [ -71.702158, -33.153631 ], [ -71.702287, -33.153665 ], [ -71.702241, -33.153732 ], [ -71.702418, -33.153739 ] ] ], [ [ [ -71.702187, -33.153554 ], [ -71.702142, -33.153496 ], [ -71.702035, -33.153523 ], [ -71.702134, -33.153588 ], [ -71.702187, -33.153554 ] ] ], [ [ [ -71.70208, -33.153343 ], [ -71.702024, -33.15335 ], [ -71.702002, -33.153388 ], [ -71.702064, -33.153391 ], [ -71.70208, -33.153343 ] ] ], [ [ [ -71.701018, -33.153665 ], [ -71.700779, -33.153597 ], [ -71.700685, -33.153712 ], [ -71.700734, -33.153806 ], [ -71.700916, -33.153849 ], [ -71.701002, -33.153808 ], [ -71.701018, -33.153665 ] ] ], [ [ [ -71.70095, -33.102213 ], [ -71.700915, -33.102069 ], [ -71.700856, -33.102074 ], [ -71.700829, -33.10222 ], [ -71.700896, -33.10228 ], [ -71.70095, -33.102213 ] ] ], [ [ [ -71.700774, -33.15348 ], [ -71.700761, -33.153393 ], [ -71.700723, -33.153447 ], [ -71.700774, -33.15348 ] ] ], [ [ [ -71.700395, -33.101647 ], [ -71.700339, -33.101442 ], [ -71.700259, -33.10137 ], [ -71.700085, -33.101365 ], [ -71.700012, -33.10146 ], [ -71.700044, -33.101595 ], [ -71.699837, -33.101521 ], [ -71.699808, -33.101579 ], [ -71.699862, -33.101696 ], [ -71.699806, -33.101806 ], [ -71.699942, -33.10181 ], [ -71.699983, -33.10206 ], [ -71.700129, -33.102157 ], [ -71.7002, -33.102082 ], [ -71.700082, -33.101941 ], [ -71.700109, -33.101885 ], [ -71.700235, -33.101918 ], [ -71.700254, -33.101765 ], [ -71.700395, -33.101647 ] ] ], [ [ [ -71.699183, -33.101831 ], [ -71.699041, -33.101763 ], [ -71.698942, -33.101799 ], [ -71.698808, -33.101626 ], [ -71.698686, -33.101663 ], [ -71.698733, -33.101797 ], [ -71.69881, -33.101813 ], [ -71.698727, -33.101914 ], [ -71.698968, -33.102123 ], [ -71.699052, -33.102109 ], [ -71.699183, -33.101831 ] ] ], [ [ [ -71.697965, -33.101889 ], [ -71.697916, -33.101847 ], [ -71.697788, -33.101858 ], [ -71.69784, -33.101959 ], [ -71.697965, -33.101889 ] ] ], [ [ [ -71.693985, -33.102244 ], [ -71.693897, -33.102152 ], [ -71.693754, -33.102143 ], [ -71.693408, -33.10222 ], [ -71.693371, -33.102291 ], [ -71.693572, -33.102489 ], [ -71.69376, -33.102586 ], [ -71.693882, -33.102559 ], [ -71.693985, -33.102244 ] ] ], [ [ [ -71.692627, -33.102703 ], [ -71.692561, -33.102601 ], [ -71.69242, -33.102616 ], [ -71.692555, -33.102741 ], [ -71.692627, -33.102703 ] ] ], [ [ [ -71.691718, -33.102496 ], [ -71.691678, -33.102426 ], [ -71.691452, -33.102368 ], [ -71.691358, -33.102631 ], [ -71.691477, -33.102646 ], [ -71.691718, -33.102496 ] ] ], [ [ [ -71.688462, -33.103541 ], [ -71.688484, -33.103363 ], [ -71.688398, -33.103356 ], [ -71.68839, -33.103448 ], [ -71.688462, -33.103541 ] ] ], [ [ [ -71.688322, -33.103395 ], [ -71.688277, -33.103267 ], [ -71.688221, -33.103269 ], [ -71.688186, -33.103343 ], [ -71.688223, -33.103415 ], [ -71.68829, -33.103444 ], [ -71.688322, -33.103395 ] ] ], [ [ [ -71.685442, -33.103042 ], [ -71.685375, -33.102963 ], [ -71.685219, -33.10297 ], [ -71.685339, -33.103094 ], [ -71.685442, -33.103042 ] ] ], [ [ [ -71.681402, -33.10293 ], [ -71.681328, -33.102916 ], [ -71.681153, -33.103048 ], [ -71.681029, -33.10302 ], [ -71.680883, -33.103091 ], [ -71.680875, -33.103152 ], [ -71.681027, -33.103294 ], [ -71.68108, -33.103276 ], [ -71.681249, -33.103372 ], [ -71.681281, -33.103159 ], [ -71.681402, -33.10293 ] ] ], [ [ [ -71.681164, -33.102929 ], [ -71.681127, -33.102871 ], [ -71.681053, -33.102898 ], [ -71.681089, -33.102961 ], [ -71.681164, -33.102929 ] ] ], [ [ [ -71.680628, -33.103329 ], [ -71.680577, -33.103284 ], [ -71.680528, -33.103318 ], [ -71.680517, -33.103406 ], [ -71.680616, -33.103411 ], [ -71.680628, -33.103329 ] ] ], [ [ [ -71.668815, -33.07939 ], [ -71.6687, -33.07919 ], [ -71.66848, -33.079138 ], [ -71.6684, -33.079168 ], [ -71.668625, -33.079384 ], [ -71.668759, -33.079429 ], [ -71.668815, -33.07939 ] ] ], [ [ [ -71.662912, -33.066657 ], [ -71.662842, -33.066597 ], [ -71.662732, -33.066276 ], [ -71.662673, -33.066293 ], [ -71.662622, -33.066365 ], [ -71.662692, -33.066485 ], [ -71.662687, -33.066698 ], [ -71.662802, -33.066756 ], [ -71.662912, -33.066657 ] ] ], [ [ [ -71.662901, -33.075848 ], [ -71.662872, -33.075779 ], [ -71.66281, -33.075781 ], [ -71.662807, -33.075884 ], [ -71.662901, -33.075848 ] ] ], [ [ [ -71.662649, -33.075594 ], [ -71.662568, -33.075513 ], [ -71.662601, -33.075352 ], [ -71.662563, -33.075311 ], [ -71.662405, -33.075396 ], [ -71.6624, -33.075534 ], [ -71.662349, -33.075536 ], [ -71.662359, -33.075378 ], [ -71.662298, -33.075318 ], [ -71.662198, -33.075378 ], [ -71.662193, -33.075509 ], [ -71.662349, -33.075646 ], [ -71.662402, -33.075662 ], [ -71.662451, -33.075583 ], [ -71.662649, -33.075594 ] ] ], [ [ [ -71.662354, -33.056883 ], [ -71.662324, -33.056749 ], [ -71.662246, -33.056719 ], [ -71.66204, -33.056906 ], [ -71.662282, -33.056989 ], [ -71.662354, -33.056883 ] ] ], [ [ [ -71.662043, -33.056994 ], [ -71.661968, -33.056846 ], [ -71.661903, -33.056792 ], [ -71.661855, -33.056823 ], [ -71.661817, -33.056913 ], [ -71.661906, -33.05694 ], [ -71.66189, -33.056994 ], [ -71.661986, -33.05705 ], [ -71.662043, -33.056994 ] ] ], [ [ [ -71.661463, -33.050278 ], [ -71.661348, -33.0502 ], [ -71.661152, -33.050279 ], [ -71.661139, -33.050339 ], [ -71.661289, -33.050409 ], [ -71.661463, -33.050278 ] ] ], [ [ [ -71.66137, -33.05651 ], [ -71.66119, -33.056378 ], [ -71.66112, -33.056535 ], [ -71.661149, -33.056573 ], [ -71.661222, -33.05649 ], [ -71.661345, -33.056562 ], [ -71.66137, -33.05651 ] ] ], [ [ [ -71.661042, -33.056151 ], [ -71.660997, -33.056068 ], [ -71.660865, -33.056106 ], [ -71.660798, -33.056191 ], [ -71.660991, -33.056232 ], [ -71.661042, -33.056151 ] ] ], [ [ [ -71.660004, -33.045891 ], [ -71.659956, -33.045859 ], [ -71.659779, -33.045913 ], [ -71.659838, -33.045989 ], [ -71.65994, -33.046003 ], [ -71.659988, -33.045989 ], [ -71.660004, -33.045891 ] ] ], [ [ [ -71.65825, -33.033566 ], [ -71.658194, -33.033323 ], [ -71.658121, -33.033285 ], [ -71.657934, -33.033317 ], [ -71.657792, -33.033422 ], [ -71.657885, -33.0335 ], [ -71.658089, -33.033456 ], [ -71.657993, -33.033563 ], [ -71.658121, -33.033647 ], [ -71.65825, -33.033566 ] ] ], [ [ [ -71.658215, -33.037016 ], [ -71.658167, -33.036887 ], [ -71.658035, -33.036983 ], [ -71.658097, -33.037094 ], [ -71.658175, -33.037087 ], [ -71.658215, -33.037016 ] ] ], [ [ [ -71.657493, -33.033965 ], [ -71.657403, -33.033859 ], [ -71.657341, -33.033888 ], [ -71.65737, -33.034011 ], [ -71.657493, -33.033965 ] ] ], [ [ [ -71.657478, -33.032464 ], [ -71.657421, -33.032307 ], [ -71.657246, -33.032371 ], [ -71.65726, -33.032435 ], [ -71.657478, -33.032464 ] ] ], [ [ [ -71.656914, -33.030697 ], [ -71.656817, -33.03061 ], [ -71.656782, -33.030682 ], [ -71.656552, -33.030634 ], [ -71.656488, -33.030787 ], [ -71.656684, -33.031012 ], [ -71.656672, -33.031074 ], [ -71.656844, -33.03102 ], [ -71.656914, -33.030697 ] ] ], [ [ [ -71.656779, -33.028724 ], [ -71.656665, -33.028603 ], [ -71.656458, -33.028745 ], [ -71.656244, -33.028666 ], [ -71.656222, -33.028752 ], [ -71.656133, -33.028789 ], [ -71.656241, -33.029058 ], [ -71.656335, -33.028968 ], [ -71.656418, -33.029067 ], [ -71.656268, -33.029114 ], [ -71.656313, -33.029257 ], [ -71.65638, -33.029254 ], [ -71.656464, -33.029091 ], [ -71.656622, -33.028983 ], [ -71.656648, -33.028751 ], [ -71.656779, -33.028724 ] ] ], [ [ [ -71.656622, -33.030117 ], [ -71.656493, -33.02989 ], [ -71.656408, -33.029887 ], [ -71.656397, -33.030029 ], [ -71.656469, -33.030013 ], [ -71.656445, -33.030137 ], [ -71.65652, -33.030164 ], [ -71.656622, -33.030117 ] ] ], [ [ [ -71.656594, -33.029648 ], [ -71.65659, -33.029595 ], [ -71.656461, -33.029581 ], [ -71.656483, -33.029503 ], [ -71.656402, -33.029458 ], [ -71.656383, -33.029708 ], [ -71.656594, -33.029648 ] ] ], [ [ [ -71.6546, -33.027281 ], [ -71.654576, -33.027142 ], [ -71.654476, -33.027136 ], [ -71.654534, -33.027293 ], [ -71.6546, -33.027281 ] ] ], [ [ [ -71.64644, -33.020289 ], [ -71.646398, -33.020253 ], [ -71.646289, -33.020344 ], [ -71.646282, -33.020445 ], [ -71.646384, -33.020426 ], [ -71.64644, -33.020289 ] ] ], [ [ [ -71.641232, -33.018321 ], [ -71.641057, -33.018382 ], [ -71.641086, -33.01846 ], [ -71.641162, -33.018447 ], [ -71.641232, -33.018321 ] ] ], [ [ [ -71.635387, -33.01945 ], [ -71.635374, -33.019403 ], [ -71.635274, -33.019375 ], [ -71.635306, -33.019474 ], [ -71.635387, -33.01945 ] ] ], [ [ [ -71.634153, -33.019414 ], [ -71.6341, -33.019399 ], [ -71.634067, -33.019459 ], [ -71.634116, -33.019468 ], [ -71.634153, -33.019414 ] ] ], [ [ [ -71.632157, -33.019674 ], [ -71.632112, -33.019655 ], [ -71.632092, -33.019712 ], [ -71.632126, -33.019716 ], [ -71.632157, -33.019674 ] ] ], [ [ [ -71.632017, -33.019611 ], [ -71.631978, -33.019588 ], [ -71.631927, -33.019601 ], [ -71.631978, -33.019684 ], [ -71.632017, -33.019611 ] ] ] ] } },
{ "type": "Feature", "properties": { "name": "Viña del Mar", "query": "Viña del Mar, Chile", "display_na": "Viña del Mar, Provincia de Valparaíso, Región de Valparaíso, Chile" }, "geometry": { "type": "MultiPolygon", "coordinates": [ [ [ [ -71.587064, -33.02853 ], [ -71.586722, -33.02754 ], [ -71.586337, -33.026848 ], [ -71.586125, -33.026651 ], [ -71.586141, -33.026257 ], [ -71.586375, -33.026104 ], [ -71.586524, -33.025899 ], [ -71.586411, -33.025855 ], [ -71.586383, -33.025775 ], [ -71.586271, -33.025844 ], [ -71.585949, -33.025842 ], [ -71.585857, -33.025741 ], [ -71.586027, -33.025706 ], [ -71.586081, -33.025603 ], [ -71.585748, -33.025517 ], [ -71.585802, -33.025468 ], [ -71.585774, -33.025403 ], [ -71.585643, -33.025404 ], [ -71.5855, -33.025564 ], [ -71.585398, -33.025381 ], [ -71.58515, -33.025475 ], [ -71.585187, -33.025618 ], [ -71.585048, -33.025614 ], [ -71.584829, -33.025508 ], [ -71.584648, -33.025616 ], [ -71.58411, -33.025441 ], [ -71.584113, -33.025368 ], [ -71.583191, -33.025174 ], [ -71.582403, -33.025447 ], [ -71.581355, -33.025634 ], [ -71.58088, -33.025846 ], [ -71.580287, -33.026341 ], [ -71.580079, -33.026337 ], [ -71.580057, -33.026426 ], [ -71.580277, -33.026534 ], [ -71.581073, -33.025882 ], [ -71.581399, -33.026161 ], [ -71.581067, -33.026446 ], [ -71.580321, -33.026899 ], [ -71.580099, -33.026737 ], [ -71.580139, -33.026675 ], [ -71.580104, -33.02666 ], [ -71.580063, -33.026716 ], [ -71.57987, -33.026719 ], [ -71.579569, -33.026883 ], [ -71.579341, -33.026864 ], [ -71.579304, -33.026919 ], [ -71.579387, -33.026953 ], [ -71.579358, -33.027034 ], [ -71.578133, -33.027289 ], [ -71.577467, -33.027328 ], [ -71.577135, -33.027455 ], [ -71.576796, -33.027497 ], [ -71.576418, -33.027383 ], [ -71.57592, -33.027088 ], [ -71.57549, -33.026708 ], [ -71.575546, -33.026657 ], [ -71.575767, -33.026652 ], [ -71.575774, -33.026573 ], [ -71.575603, -33.026561 ], [ -71.57556, -33.026243 ], [ -71.575451, -33.026111 ], [ -71.575206, -33.025987 ], [ -71.574516, -33.025907 ], [ -71.574376, -33.025961 ], [ -71.574046, -33.025829 ], [ -71.573775, -33.025656 ], [ -71.573175, -33.025087 ], [ -71.572999, -33.025084 ], [ -71.572759, -33.024934 ], [ -71.571997, -33.024877 ], [ -71.57173, -33.024738 ], [ -71.571287, -33.024675 ], [ -71.571191, -33.024484 ], [ -71.570974, -33.02429 ], [ -71.57067, -33.024166 ], [ -71.569511, -33.02314 ], [ -71.568765, -33.022324 ], [ -71.568446, -33.02182 ], [ -71.568383, -33.021588 ], [ -71.56866, -33.021408 ], [ -71.568708, -33.021193 ], [ -71.568683, -33.020938 ], [ -71.56847, -33.020647 ], [ -71.568185, -33.020455 ], [ -71.567983, -33.020687 ], [ -71.567744, -33.020677 ], [ -71.567471, -33.020913 ], [ -71.566651, -33.020938 ], [ -71.566292, -33.02074 ], [ -71.566034, -33.020675 ], [ -71.565648, -33.020423 ], [ -71.565548, -33.020241 ], [ -71.565597, -33.019888 ], [ -71.565533, -33.019797 ], [ -71.565668, -33.019721 ], [ -71.565717, -33.019622 ], [ -71.565658, -33.019566 ], [ -71.565559, -33.019578 ], [ -71.565393, -33.019726 ], [ -71.565279, -33.01956 ], [ -71.565346, -33.019435 ], [ -71.565517, -33.019355 ], [ -71.565421, -33.019272 ], [ -71.565287, -33.019367 ], [ -71.565253, -33.019121 ], [ -71.565097, -33.019024 ], [ -71.565159, -33.018951 ], [ -71.565141, -33.018868 ], [ -71.564983, -33.018892 ], [ -71.564788, -33.01879 ], [ -71.564627, -33.018901 ], [ -71.5646, -33.019018 ], [ -71.564655, -33.019143 ], [ -71.564556, -33.019219 ], [ -71.564154, -33.019149 ], [ -71.563843, -33.019354 ], [ -71.563586, -33.019295 ], [ -71.563361, -33.019516 ], [ -71.562604, -33.01952 ], [ -71.562415, -33.019439 ], [ -71.562319, -33.019569 ], [ -71.561872, -33.019154 ], [ -71.562044, -33.018957 ], [ -71.562067, -33.01885 ], [ -71.562022, -33.018643 ], [ -71.561829, -33.018401 ], [ -71.560406, -33.017401 ], [ -71.558795, -33.016132 ], [ -71.556742, -33.014214 ], [ -71.55648, -33.014111 ], [ -71.556224, -33.014172 ], [ -71.555841, -33.013823 ], [ -71.554304, -33.011668 ], [ -71.553707, -33.010978 ], [ -71.552378, -33.008364 ], [ -71.551592, -33.006446 ], [ -71.550254, -33.002511 ], [ -71.549189, -32.998089 ], [ -71.549033, -32.997054 ], [ -71.548941, -32.995333 ], [ -71.548807, -32.994642 ], [ -71.548813, -32.994377 ], [ -71.548689, -32.994092 ], [ -71.548739, -32.993642 ], [ -71.548646, -32.992781 ], [ -71.548664, -32.992361 ], [ -71.548564, -32.991656 ], [ -71.548793, -32.991281 ], [ -71.548935, -32.991186 ], [ -71.549079, -32.991174 ], [ -71.549033, -32.991302 ], [ -71.549159, -32.99136 ], [ -71.549111, -32.991421 ], [ -71.549192, -32.991466 ], [ -71.549347, -32.99131 ], [ -71.549403, -32.991153 ], [ -71.549586, -32.991043 ], [ -71.549657, -32.990752 ], [ -71.549559, -32.990653 ], [ -71.549602, -32.9906 ], [ -71.549532, -32.990501 ], [ -71.549384, -32.990527 ], [ -71.549385, -32.990305 ], [ -71.549253, -32.990285 ], [ -71.549049, -32.990348 ], [ -71.549181, -32.990173 ], [ -71.549162, -32.990098 ], [ -71.549065, -32.990069 ], [ -71.548883, -32.990251 ], [ -71.548445, -32.990134 ], [ -71.548194, -32.990242 ], [ -71.547968, -32.990116 ], [ -71.547475, -32.990149 ], [ -71.547101, -32.989657 ], [ -71.546717, -32.988774 ], [ -71.547028, -32.988698 ], [ -71.546869, -32.988229 ], [ -71.546906, -32.988143 ], [ -71.546834, -32.98736 ], [ -71.546858, -32.987041 ], [ -71.546994, -32.986613 ], [ -71.547207, -32.986436 ], [ -71.547241, -32.986286 ], [ -71.547383, -32.986214 ], [ -71.547424, -32.985922 ], [ -71.547362, -32.985765 ], [ -71.547494, -32.985579 ], [ -71.547671, -32.985549 ], [ -71.54777, -32.985592 ], [ -71.548067, -32.985409 ], [ -71.548175, -32.985463 ], [ -71.54825, -32.985419 ], [ -71.548266, -32.985279 ], [ -71.548038, -32.985151 ], [ -71.548105, -32.985039 ], [ -71.547984, -32.984951 ], [ -71.547944, -32.984769 ], [ -71.547853, -32.984734 ], [ -71.547794, -32.984783 ], [ -71.547647, -32.984775 ], [ -71.547762, -32.984379 ], [ -71.547977, -32.984062 ], [ -71.548378, -32.983897 ], [ -71.548491, -32.983794 ], [ -71.548481, -32.983709 ], [ -71.548669, -32.98372 ], [ -71.548907, -32.983527 ], [ -71.548937, -32.983479 ], [ -71.548896, -32.983456 ], [ -71.548762, -32.983452 ], [ -71.549023, -32.983176 ], [ -71.548883, -32.983018 ], [ -71.548639, -32.982964 ], [ -71.54869, -32.982838 ], [ -71.548601, -32.982837 ], [ -71.548311, -32.982563 ], [ -71.548435, -32.98239 ], [ -71.548531, -32.982394 ], [ -71.548711, -32.98257 ], [ -71.548778, -32.982471 ], [ -71.548883, -32.982455 ], [ -71.548896, -32.982267 ], [ -71.549097, -32.982279 ], [ -71.549129, -32.98214 ], [ -71.548762, -32.982003 ], [ -71.548958, -32.981808 ], [ -71.549122, -32.981823 ], [ -71.549272, -32.981722 ], [ -71.549299, -32.981619 ], [ -71.548982, -32.981474 ], [ -71.548819, -32.981524 ], [ -71.548757, -32.981475 ], [ -71.54876, -32.981396 ], [ -71.548631, -32.981358 ], [ -71.548518, -32.981432 ], [ -71.548218, -32.981042 ], [ -71.548196, -32.980924 ], [ -71.547968, -32.980894 ], [ -71.547786, -32.980768 ], [ -71.547652, -32.980451 ], [ -71.547451, -32.980269 ], [ -71.547239, -32.980176 ], [ -71.547231, -32.980123 ], [ -71.547311, -32.980071 ], [ -71.547185, -32.979852 ], [ -71.547285, -32.979754 ], [ -71.547234, -32.9796 ], [ -71.547169, -32.979495 ], [ -71.547075, -32.979481 ], [ -71.547083, -32.979584 ], [ -71.547005, -32.979598 ], [ -71.546949, -32.979549 ], [ -71.546922, -32.979304 ], [ -71.546627, -32.979078 ], [ -71.546756, -32.978905 ], [ -71.546721, -32.978763 ], [ -71.546587, -32.978675 ], [ -71.546499, -32.978736 ], [ -71.546215, -32.978704 ], [ -71.546059, -32.97836 ], [ -71.546104, -32.97795 ], [ -71.545968, -32.977851 ], [ -71.545919, -32.977877 ], [ -71.54585, -32.977762 ], [ -71.54593, -32.977696 ], [ -71.546104, -32.977723 ], [ -71.54589, -32.977501 ], [ -71.545863, -32.977337 ], [ -71.545925, -32.977215 ], [ -71.546002, -32.977194 ], [ -71.546101, -32.977264 ], [ -71.546268, -32.977161 ], [ -71.546343, -32.977186 ], [ -71.546343, -32.97708 ], [ -71.546244, -32.977062 ], [ -71.546139, -32.976923 ], [ -71.546166, -32.97669 ], [ -71.54623, -32.976628 ], [ -71.546188, -32.976219 ], [ -71.546198, -32.976162 ], [ -71.546271, -32.976223 ], [ -71.546356, -32.976178 ], [ -71.546402, -32.976018 ], [ -71.546362, -32.975926 ], [ -71.546463, -32.975831 ], [ -71.546501, -32.97558 ], [ -71.546576, -32.97553 ], [ -71.546458, -32.975276 ], [ -71.546192, -32.975118 ], [ -71.546509, -32.975087 ], [ -71.546536, -32.97501 ], [ -71.546472, -32.974893 ], [ -71.546222, -32.974825 ], [ -71.546204, -32.974756 ], [ -71.546351, -32.97463 ], [ -71.546281, -32.974494 ], [ -71.546107, -32.974397 ], [ -71.546092, -32.974317 ], [ -71.545975, -32.973158 ], [ -71.54586, -32.972965 ], [ -71.545938, -32.972641 ], [ -71.545866, -32.971421 ], [ -71.545892, -32.97116 ], [ -71.545812, -32.970926 ], [ -71.5459, -32.970717 ], [ -71.545965, -32.970141 ], [ -71.545989, -32.969383 ], [ -71.54615, -32.96839 ], [ -71.546112, -32.968167 ], [ -71.54626, -32.967717 ], [ -71.546579, -32.965688 ], [ -71.546898, -32.964958 ], [ -71.546865, -32.964688 ], [ -71.546987, -32.964218 ], [ -71.547038, -32.963741 ], [ -71.547145, -32.963493 ], [ -71.547236, -32.962818 ], [ -71.547372, -32.962623 ], [ -71.547443, -32.962671 ], [ -71.547723, -32.962604 ], [ -71.547854, -32.962637 ], [ -71.547834, -32.962508 ], [ -71.547961, -32.962415 ], [ -71.547779, -32.962181 ], [ -71.547805, -32.962066 ], [ -71.547663, -32.961824 ], [ -71.547666, -32.961683 ], [ -71.547757, -32.961218 ], [ -71.5477, -32.961115 ], [ -71.54803, -32.960394 ], [ -71.548184, -32.960225 ], [ -71.548505, -32.960122 ], [ -71.548466, -32.960184 ], [ -71.548525, -32.960338 ], [ -71.54861, -32.960335 ], [ -71.548806, -32.960146 ], [ -71.548797, -32.960061 ], [ -71.548974, -32.959787 ], [ -71.549063, -32.959843 ], [ -71.549127, -32.959809 ], [ -71.549065, -32.959587 ], [ -71.549158, -32.959543 ], [ -71.549067, -32.959348 ], [ -71.549265, -32.959309 ], [ -71.549358, -32.959396 ], [ -71.54945, -32.959336 ], [ -71.549434, -32.959248 ], [ -71.549363, -32.95921 ], [ -71.549379, -32.959 ], [ -71.549209, -32.958918 ], [ -71.549157, -32.958827 ], [ -71.54922, -32.958669 ], [ -71.549378, -32.958606 ], [ -71.549586, -32.958662 ], [ -71.549918, -32.958993 ], [ -71.549977, -32.958968 ], [ -71.550008, -32.958749 ], [ -71.549874, -32.958568 ], [ -71.549909, -32.958494 ], [ -71.550071, -32.958448 ], [ -71.550216, -32.958714 ], [ -71.550443, -32.958575 ], [ -71.550463, -32.958492 ], [ -71.550403, -32.958398 ], [ -71.550205, -32.958342 ], [ -71.550134, -32.95819 ], [ -71.550075, -32.958235 ], [ -71.549977, -32.958186 ], [ -71.549988, -32.958125 ], [ -71.550085, -32.958084 ], [ -71.550272, -32.958137 ], [ -71.55021, -32.958028 ], [ -71.550267, -32.957949 ], [ -71.550154, -32.957859 ], [ -71.549881, -32.957842 ], [ -71.549841, -32.957605 ], [ -71.550054, -32.957399 ], [ -71.550382, -32.957259 ], [ -71.550643, -32.95721 ], [ -71.550735, -32.957304 ], [ -71.55085, -32.957297 ], [ -71.550834, -32.957188 ], [ -71.550759, -32.957135 ], [ -71.551025, -32.956993 ], [ -71.550987, -32.956912 ], [ -71.550871, -32.956911 ], [ -71.550964, -32.956875 ], [ -71.550947, -32.956816 ], [ -71.550754, -32.956787 ], [ -71.550812, -32.956689 ], [ -71.550613, -32.956609 ], [ -71.550546, -32.956472 ], [ -71.550794, -32.956331 ], [ -71.550458, -32.956046 ], [ -71.550503, -32.95595 ], [ -71.550474, -32.955819 ], [ -71.550611, -32.955659 ], [ -71.550503, -32.955504 ], [ -71.55056, -32.955419 ], [ -71.550482, -32.955259 ], [ -71.550396, -32.95529 ], [ -71.550409, -32.955401 ], [ -71.550203, -32.955333 ], [ -71.550133, -32.955434 ], [ -71.550004, -32.955423 ], [ -71.549895, -32.955528 ], [ -71.549858, -32.955703 ], [ -71.54991, -32.955772 ], [ -71.5499, -32.955959 ], [ -71.550004, -32.956037 ], [ -71.549967, -32.956167 ], [ -71.550012, -32.956287 ], [ -71.549997, -32.956547 ], [ -71.550064, -32.956644 ], [ -71.550008, -32.956727 ], [ -71.549806, -32.956717 ], [ -71.549734, -32.956653 ], [ -71.549752, -32.956438 ], [ -71.54983, -32.956334 ], [ -71.549757, -32.956238 ], [ -71.549795, -32.956179 ], [ -71.549733, -32.956091 ], [ -71.549701, -32.955707 ], [ -71.549564, -32.955869 ], [ -71.549399, -32.955917 ], [ -71.549261, -32.956047 ], [ -71.549125, -32.956025 ], [ -71.548934, -32.955887 ], [ -71.548724, -32.956046 ], [ -71.548496, -32.956027 ], [ -71.548352, -32.955822 ], [ -71.548016, -32.955835 ], [ -71.547558, -32.955242 ], [ -71.547524, -32.955113 ], [ -71.547611, -32.954995 ], [ -71.547531, -32.954889 ], [ -71.547378, -32.954826 ], [ -71.547116, -32.954868 ], [ -71.546886, -32.95406 ], [ -71.546887, -32.953833 ], [ -71.546992, -32.953218 ], [ -71.547159, -32.953112 ], [ -71.54725, -32.952932 ], [ -71.54733, -32.952941 ], [ -71.547432, -32.952779 ], [ -71.547636, -32.95268 ], [ -71.547604, -32.952504 ], [ -71.547389, -32.952279 ], [ -71.54742, -32.952125 ], [ -71.54755, -32.952006 ], [ -71.547474, -32.951901 ], [ -71.547502, -32.951667 ], [ -71.5477, -32.951446 ], [ -71.547836, -32.951458 ], [ -71.547937, -32.951389 ], [ -71.547975, -32.951329 ], [ -71.547872, -32.951212 ], [ -71.547854, -32.951043 ], [ -71.547958, -32.950893 ], [ -71.548049, -32.950829 ], [ -71.548392, -32.95082 ], [ -71.54843, -32.950631 ], [ -71.548526, -32.950618 ], [ -71.548666, -32.950492 ], [ -71.54858, -32.950429 ], [ -71.548821, -32.950325 ], [ -71.549079, -32.949774 ], [ -71.548869, -32.949725 ], [ -71.548757, -32.949491 ], [ -71.54888, -32.949479 ], [ -71.548719, -32.949321 ], [ -71.548891, -32.949114 ], [ -71.548778, -32.948993 ], [ -71.548826, -32.948952 ], [ -71.548816, -32.948853 ], [ -71.548671, -32.948844 ], [ -71.548721, -32.948754 ], [ -71.548859, -32.948691 ], [ -71.548869, -32.948597 ], [ -71.548666, -32.948421 ], [ -71.548612, -32.94816 ], [ -71.548757, -32.94802 ], [ -71.548939, -32.947982 ], [ -71.54902, -32.948065 ], [ -71.549149, -32.948043 ], [ -71.549197, -32.947971 ], [ -71.549352, -32.947962 ], [ -71.549374, -32.947764 ], [ -71.549213, -32.947728 ], [ -71.549165, -32.947633 ], [ -71.549406, -32.947498 ], [ -71.549395, -32.947291 ], [ -71.549256, -32.947278 ], [ -71.549197, -32.947192 ], [ -71.549347, -32.946873 ], [ -71.549878, -32.946404 ], [ -71.549959, -32.946193 ], [ -71.550608, -32.945878 ], [ -71.550769, -32.945675 ], [ -71.550661, -32.945558 ], [ -71.550774, -32.945428 ], [ -71.547624, -32.945306 ], [ -71.540111, -32.950853 ], [ -71.533972, -32.952623 ], [ -71.521804, -32.955972 ], [ -71.520638, -32.956398 ], [ -71.519996, -32.956538 ], [ -71.517809, -32.95729 ], [ -71.513127, -32.958772 ], [ -71.512111, -32.959192 ], [ -71.509382, -32.960513 ], [ -71.50895, -32.960598 ], [ -71.507998, -32.961126 ], [ -71.505604, -32.962703 ], [ -71.49727, -32.967812 ], [ -71.495927, -32.968689 ], [ -71.494984, -32.969634 ], [ -71.488452, -32.973194 ], [ -71.484275, -32.975404 ], [ -71.481409, -32.976569 ], [ -71.480234, -32.977137 ], [ -71.47924, -32.977951 ], [ -71.478244, -32.97886 ], [ -71.475613, -32.980334 ], [ -71.475535, -32.980476 ], [ -71.475519, -32.980705 ], [ -71.475618, -32.981087 ], [ -71.475954, -32.98181 ], [ -71.476168, -32.982565 ], [ -71.476042, -32.982919 ], [ -71.475839, -32.983212 ], [ -71.475404, -32.983369 ], [ -71.47483, -32.983476 ], [ -71.474444, -32.983425 ], [ -71.47384, -32.983197 ], [ -71.472936, -32.983536 ], [ -71.471281, -32.983565 ], [ -71.470533, -32.983711 ], [ -71.470125, -32.983889 ], [ -71.469854, -32.984238 ], [ -71.469822, -32.984764 ], [ -71.469492, -32.985158 ], [ -71.468937, -32.985536 ], [ -71.466769, -32.984786 ], [ -71.466443, -32.984786 ], [ -71.465568, -32.985293 ], [ -71.46536, -32.985348 ], [ -71.463956, -32.985457 ], [ -71.461909, -32.985773 ], [ -71.461226, -32.985961 ], [ -71.459544, -32.987169 ], [ -71.459249, -32.987531 ], [ -71.458986, -32.987648 ], [ -71.458463, -32.988433 ], [ -71.458267, -32.988548 ], [ -71.458104, -32.988791 ], [ -71.457765, -32.989107 ], [ -71.45691, -32.989372 ], [ -71.45654, -32.98954 ], [ -71.4554, -32.990402 ], [ -71.455005, -32.990564 ], [ -71.454153, -32.99064 ], [ -71.453885, -32.990778 ], [ -71.453559, -32.991035 ], [ -71.45319, -32.991518 ], [ -71.452707, -32.992002 ], [ -71.451886, -32.992094 ], [ -71.451087, -32.992469 ], [ -71.450741, -32.992679 ], [ -71.450402, -32.993097 ], [ -71.449722, -32.993609 ], [ -71.449511, -32.99373 ], [ -71.449023, -32.993811 ], [ -71.448904, -32.993905 ], [ -71.448617, -32.994798 ], [ -71.44846, -32.995114 ], [ -71.447852, -32.995715 ], [ -71.447236, -32.996514 ], [ -71.44723, -32.997331 ], [ -71.44714, -32.997613 ], [ -71.44651, -32.998446 ], [ -71.446388, -32.998719 ], [ -71.445149, -32.999398 ], [ -71.44446, -32.99957 ], [ -71.444156, -32.999848 ], [ -71.443774, -33.000692 ], [ -71.443314, -33.001435 ], [ -71.442765, -33.002003 ], [ -71.44282, -33.002285 ], [ -71.443262, -33.003085 ], [ -71.443641, -33.003383 ], [ -71.444266, -33.004221 ], [ -71.444577, -33.004492 ], [ -71.445005, -33.005401 ], [ -71.445065, -33.005885 ], [ -71.445401, -33.006163 ], [ -71.445405, -33.006425 ], [ -71.445304, -33.006735 ], [ -71.445043, -33.007203 ], [ -71.444398, -33.007972 ], [ -71.444298, -33.008975 ], [ -71.444296, -33.009581 ], [ -71.444903, -33.011183 ], [ -71.445006, -33.011761 ], [ -71.444933, -33.012297 ], [ -71.444949, -33.012578 ], [ -71.445213, -33.012801 ], [ -71.446206, -33.013135 ], [ -71.44731, -33.01383 ], [ -71.448175, -33.014028 ], [ -71.448826, -33.014401 ], [ -71.449725, -33.015162 ], [ -71.450749, -33.015247 ], [ -71.451533, -33.015397 ], [ -71.451884, -33.015627 ], [ -71.452149, -33.016178 ], [ -71.452254, -33.016639 ], [ -71.452246, -33.017168 ], [ -71.451959, -33.017838 ], [ -71.451932, -33.018345 ], [ -71.452213, -33.01934 ], [ -71.452337, -33.01952 ], [ -71.452784, -33.019555 ], [ -71.454184, -33.019369 ], [ -71.455134, -33.019151 ], [ -71.456635, -33.018283 ], [ -71.457033, -33.018121 ], [ -71.457546, -33.018081 ], [ -71.458301, -33.017696 ], [ -71.459649, -33.017325 ], [ -71.460177, -33.017053 ], [ -71.462847, -33.017154 ], [ -71.464152, -33.016385 ], [ -71.46475, -33.016149 ], [ -71.465632, -33.016044 ], [ -71.468145, -33.01601 ], [ -71.469181, -33.015571 ], [ -71.469986, -33.014912 ], [ -71.470469, -33.014793 ], [ -71.470351, -33.015717 ], [ -71.469879, -33.016796 ], [ -71.470045, -33.017777 ], [ -71.470273, -33.020737 ], [ -71.476372, -33.026008 ], [ -71.476568, -33.026561 ], [ -71.476742, -33.027704 ], [ -71.476997, -33.028158 ], [ -71.47741, -33.028423 ], [ -71.478022, -33.028635 ], [ -71.478585, -33.028963 ], [ -71.479845, -33.030066 ], [ -71.480002, -33.030426 ], [ -71.480057, -33.031498 ], [ -71.48057, -33.032607 ], [ -71.480819, -33.032966 ], [ -71.481082, -33.033188 ], [ -71.482473, -33.033448 ], [ -71.482806, -33.033603 ], [ -71.484627, -33.035298 ], [ -71.485547, -33.035632 ], [ -71.486073, -33.03665 ], [ -71.485605, -33.037609 ], [ -71.485103, -33.039459 ], [ -71.484967, -33.040281 ], [ -71.484271, -33.041822 ], [ -71.484084, -33.042409 ], [ -71.484442, -33.043503 ], [ -71.485118, -33.044258 ], [ -71.485315, -33.045477 ], [ -71.485234, -33.046508 ], [ -71.484723, -33.047349 ], [ -71.484605, -33.047659 ], [ -71.484601, -33.048057 ], [ -71.484738, -33.048327 ], [ -71.48513, -33.048832 ], [ -71.485344, -33.048981 ], [ -71.486131, -33.049319 ], [ -71.486426, -33.049668 ], [ -71.486722, -33.050175 ], [ -71.486855, -33.051945 ], [ -71.486936, -33.052374 ], [ -71.487178, -33.05267 ], [ -71.488785, -33.05366 ], [ -71.489026, -33.054036 ], [ -71.489025, -33.054543 ], [ -71.488532, -33.055189 ], [ -71.487827, -33.056552 ], [ -71.486964, -33.05781 ], [ -71.486465, -33.058897 ], [ -71.486347, -33.059569 ], [ -71.485834, -33.060242 ], [ -71.484654, -33.06097 ], [ -71.483528, -33.061472 ], [ -71.482329, -33.062339 ], [ -71.481364, -33.0628 ], [ -71.480755, -33.063214 ], [ -71.479811, -33.063697 ], [ -71.478926, -33.063875 ], [ -71.478555, -33.064158 ], [ -71.47792, -33.065273 ], [ -71.477171, -33.065965 ], [ -71.476141, -33.066307 ], [ -71.474977, -33.066356 ], [ -71.473108, -33.066167 ], [ -71.470945, -33.065527 ], [ -71.470522, -33.065478 ], [ -71.470128, -33.065482 ], [ -71.469828, -33.065693 ], [ -71.46971, -33.065954 ], [ -71.469814, -33.066318 ], [ -71.470184, -33.066723 ], [ -71.470858, -33.067206 ], [ -71.470973, -33.067453 ], [ -71.470906, -33.067752 ], [ -71.472301, -33.068942 ], [ -71.472587, -33.069501 ], [ -71.473377, -33.071477 ], [ -71.473371, -33.072637 ], [ -71.473135, -33.073311 ], [ -71.473078, -33.074172 ], [ -71.473997, -33.075485 ], [ -71.474718, -33.07629 ], [ -71.474639, -33.077968 ], [ -71.474898, -33.079724 ], [ -71.475945, -33.081884 ], [ -71.476493, -33.082894 ], [ -71.476611, -33.084467 ], [ -71.476945, -33.085498 ], [ -71.478888, -33.088265 ], [ -71.479438, -33.088665 ], [ -71.480302, -33.088746 ], [ -71.481672, -33.088508 ], [ -71.485315, -33.088081 ], [ -71.486835, -33.088157 ], [ -71.487756, -33.088442 ], [ -71.487662, -33.090058 ], [ -71.488191, -33.091757 ], [ -71.489388, -33.092911 ], [ -71.490077, -33.094479 ], [ -71.490473, -33.095658 ], [ -71.490269, -33.096296 ], [ -71.48985, -33.096789 ], [ -71.489907, -33.096935 ], [ -71.492608, -33.097312 ], [ -71.493316, -33.097707 ], [ -71.49364, -33.098409 ], [ -71.49393, -33.099829 ], [ -71.493933, -33.100651 ], [ -71.493772, -33.101253 ], [ -71.493278, -33.102237 ], [ -71.493375, -33.102952 ], [ -71.493018, -33.1039 ], [ -71.495376, -33.103096 ], [ -71.496843, -33.102341 ], [ -71.497591, -33.101662 ], [ -71.499691, -33.100319 ], [ -71.500968, -33.098822 ], [ -71.503543, -33.096234 ], [ -71.504916, -33.094939 ], [ -71.506461, -33.095083 ], [ -71.508006, -33.096953 ], [ -71.509894, -33.097959 ], [ -71.512469, -33.098678 ], [ -71.514529, -33.098535 ], [ -71.517147, -33.09742 ], [ -71.519336, -33.0976 ], [ -71.522597, -33.098678 ], [ -71.523799, -33.100116 ], [ -71.524314, -33.101842 ], [ -71.526717, -33.102849 ], [ -71.530151, -33.103424 ], [ -71.532382, -33.102992 ], [ -71.535472, -33.101986 ], [ -71.536631, -33.102525 ], [ -71.537317, -33.103532 ], [ -71.538862, -33.104251 ], [ -71.539721, -33.104143 ], [ -71.541598, -33.104579 ], [ -71.542057, -33.103958 ], [ -71.542218, -33.103253 ], [ -71.542749, -33.1023 ], [ -71.542722, -33.101806 ], [ -71.542778, -33.101343 ], [ -71.545664, -33.098193 ], [ -71.546198, -33.096618 ], [ -71.542917, -33.094542 ], [ -71.542411, -33.094003 ], [ -71.542068, -33.093219 ], [ -71.541621, -33.090213 ], [ -71.541673, -33.089523 ], [ -71.541759, -33.089178 ], [ -71.542153, -33.088336 ], [ -71.543089, -33.086934 ], [ -71.543767, -33.086179 ], [ -71.545166, -33.084978 ], [ -71.545527, -33.084597 ], [ -71.545786, -33.084195 ], [ -71.546012, -33.083638 ], [ -71.546639, -33.080267 ], [ -71.547166, -33.078024 ], [ -71.547526, -33.077413 ], [ -71.548102, -33.076758 ], [ -71.555878, -33.069263 ], [ -71.55635, -33.068695 ], [ -71.556667, -33.068156 ], [ -71.55677, -33.067501 ], [ -71.556693, -33.066926 ], [ -71.55647, -33.066307 ], [ -71.555852, -33.065113 ], [ -71.555586, -33.06448 ], [ -71.555534, -33.064077 ], [ -71.555569, -33.063653 ], [ -71.555706, -33.063106 ], [ -71.555964, -33.062574 ], [ -71.558607, -33.058862 ], [ -71.558796, -33.058445 ], [ -71.558702, -33.057438 ], [ -71.557268, -33.05233 ], [ -71.557217, -33.051942 ], [ -71.557277, -33.051546 ], [ -71.557483, -33.051021 ], [ -71.557732, -33.050625 ], [ -71.558185, -33.05025 ], [ -71.558621, -33.050583 ], [ -71.559041, -33.050526 ], [ -71.559832, -33.050797 ], [ -71.560423, -33.051103 ], [ -71.562562, -33.051186 ], [ -71.563431, -33.05094 ], [ -71.563933, -33.050857 ], [ -71.564547, -33.050964 ], [ -71.565336, -33.050829 ], [ -71.565923, -33.050614 ], [ -71.566368, -33.050598 ], [ -71.56661, -33.050503 ], [ -71.566696, -33.050348 ], [ -71.566979, -33.050256 ], [ -71.567538, -33.049858 ], [ -71.568112, -33.049582 ], [ -71.568706, -33.049436 ], [ -71.570184, -33.049422 ], [ -71.571707, -33.04863 ], [ -71.572393, -33.048334 ], [ -71.572768, -33.047722 ], [ -71.574061, -33.046461 ], [ -71.574448, -33.045505 ], [ -71.574855, -33.045141 ], [ -71.575102, -33.045003 ], [ -71.575221, -33.044753 ], [ -71.574843, -33.044521 ], [ -71.574289, -33.04401 ], [ -71.574083, -33.043696 ], [ -71.574007, -33.043453 ], [ -71.575581, -33.043332 ], [ -71.575864, -33.043238 ], [ -71.577301, -33.041491 ], [ -71.577659, -33.041158 ], [ -71.579002, -33.040379 ], [ -71.582065, -33.037844 ], [ -71.582138, -33.037639 ], [ -71.581851, -33.037653 ], [ -71.581829, -33.037213 ], [ -71.58169, -33.036735 ], [ -71.581778, -33.036386 ], [ -71.581664, -33.03611 ], [ -71.581508, -33.035947 ], [ -71.5814, -33.035319 ], [ -71.581621, -33.035203 ], [ -71.582069, -33.034493 ], [ -71.582247, -33.034397 ], [ -71.582719, -33.034314 ], [ -71.581953, -33.032809 ], [ -71.582868, -33.032447 ], [ -71.584312, -33.031004 ], [ -71.584766, -33.030118 ], [ -71.585259, -33.029326 ], [ -71.585441, -33.029136 ], [ -71.587064, -33.02853 ] ] ], [ [ [ -71.551832, -32.957477 ], [ -71.551702, -32.957322 ], [ -71.551378, -32.957223 ], [ -71.55132, -32.957294 ], [ -71.551178, -32.957174 ], [ -71.551183, -32.957236 ], [ -71.551105, -32.957261 ], [ -71.551101, -32.957393 ], [ -71.551048, -32.957301 ], [ -71.55096, -32.957285 ], [ -71.550702, -32.957608 ], [ -71.550708, -32.957648 ], [ -71.550888, -32.957649 ], [ -71.55092, -32.957749 ], [ -71.551112, -32.957818 ], [ -71.551198, -32.957906 ], [ -71.551518, -32.957868 ], [ -71.551539, -32.957957 ], [ -71.551639, -32.957982 ], [ -71.551717, -32.957941 ], [ -71.551714, -32.957857 ], [ -71.551624, -32.957828 ], [ -71.551808, -32.957686 ], [ -71.551789, -32.957504 ], [ -71.551832, -32.957477 ] ] ], [ [ [ -71.551327, -32.963763 ], [ -71.551301, -32.963699 ], [ -71.551231, -32.963771 ], [ -71.55128, -32.963807 ], [ -71.551327, -32.963763 ] ] ], [ [ [ -71.551191, -32.96376 ], [ -71.551128, -32.963707 ], [ -71.551029, -32.963735 ], [ -71.551064, -32.963793 ], [ -71.551191, -32.96376 ] ] ], [ [ [ -71.550313, -32.983223 ], [ -71.550272, -32.983151 ], [ -71.550173, -32.983209 ], [ -71.550109, -32.983153 ], [ -71.550055, -32.983252 ], [ -71.550082, -32.983482 ], [ -71.550224, -32.983517 ], [ -71.550189, -32.983401 ], [ -71.550226, -32.983278 ], [ -71.550313, -32.983223 ] ] ], [ [ [ -71.549956, -32.989753 ], [ -71.549873, -32.98968 ], [ -71.549787, -32.98975 ], [ -71.54983, -32.989799 ], [ -71.549956, -32.989753 ] ] ], [ [ [ -71.549945, -32.990175 ], [ -71.54987, -32.990105 ], [ -71.549792, -32.990184 ], [ -71.549918, -32.990203 ], [ -71.549945, -32.990175 ] ] ], [ [ [ -71.549905, -32.959692 ], [ -71.54976, -32.959609 ], [ -71.549747, -32.959638 ], [ -71.549824, -32.959726 ], [ -71.549905, -32.959692 ] ] ], [ [ [ -71.549811, -32.990064 ], [ -71.549749, -32.990015 ], [ -71.549631, -32.990131 ], [ -71.549677, -32.989986 ], [ -71.549586, -32.989934 ], [ -71.549462, -32.989968 ], [ -71.549387, -32.99008 ], [ -71.549607, -32.990263 ], [ -71.549811, -32.990064 ] ] ], [ [ [ -71.549752, -32.989526 ], [ -71.549736, -32.989454 ], [ -71.549655, -32.989497 ], [ -71.549752, -32.989526 ] ] ], [ [ [ -71.549682, -32.983018 ], [ -71.549551, -32.982912 ], [ -71.549502, -32.983089 ], [ -71.549554, -32.983104 ], [ -71.549682, -32.983018 ] ] ], [ [ [ -71.549644, -32.959543 ], [ -71.549588, -32.959413 ], [ -71.549511, -32.959506 ], [ -71.549644, -32.959543 ] ] ], [ [ [ -71.549626, -32.99112 ], [ -71.549543, -32.991124 ], [ -71.549524, -32.991279 ], [ -71.549583, -32.99125 ], [ -71.549626, -32.99112 ] ] ], [ [ [ -71.549435, -32.981478 ], [ -71.54943, -32.981432 ], [ -71.549304, -32.981389 ], [ -71.549232, -32.981454 ], [ -71.549435, -32.981478 ] ] ], [ [ [ -71.54943, -32.980829 ], [ -71.549411, -32.980772 ], [ -71.549256, -32.980755 ], [ -71.549301, -32.980839 ], [ -71.54943, -32.980829 ] ] ], [ [ [ -71.549377, -32.959623 ], [ -71.549285, -32.959589 ], [ -71.54931, -32.959677 ], [ -71.549251, -32.959685 ], [ -71.54921, -32.9598 ], [ -71.549304, -32.959803 ], [ -71.549377, -32.959623 ] ] ], [ [ [ -71.549352, -32.989952 ], [ -71.549269, -32.989894 ], [ -71.549205, -32.989933 ], [ -71.549315, -32.989975 ], [ -71.549352, -32.989952 ] ] ], [ [ [ -71.549033, -32.980809 ], [ -71.548894, -32.980651 ], [ -71.548716, -32.980776 ], [ -71.548508, -32.980654 ], [ -71.548424, -32.980665 ], [ -71.548591, -32.980899 ], [ -71.548668, -32.980927 ], [ -71.549033, -32.980809 ] ] ], [ [ [ -71.548695, -32.985968 ], [ -71.54866, -32.9859 ], [ -71.548534, -32.985853 ], [ -71.548175, -32.985984 ], [ -71.548092, -32.986078 ], [ -71.548239, -32.986194 ], [ -71.548282, -32.986337 ], [ -71.548344, -32.986347 ], [ -71.548609, -32.986145 ], [ -71.548695, -32.985968 ] ] ], [ [ [ -71.548609, -32.980519 ], [ -71.548515, -32.980506 ], [ -71.548481, -32.980577 ], [ -71.548569, -32.980583 ], [ -71.548609, -32.980519 ] ] ] ] } },
{ "type": "Feature", "properties": { "name": "Concón", "query": "Concón, Chile", "display_na": "Concón, Provincia de Valparaíso, Región de Valparaíso, Chile" }, "geometry": { "type": "MultiPolygon", "coordinates": [ [ [ [ -71.554754, -32.941786 ], [ -71.554744, -32.941466 ], [ -71.554695, -32.941506 ], [ -71.554502, -32.941416 ], [ -71.5544, -32.941506 ], [ -71.55433, -32.941472 ], [ -71.554416, -32.941407 ], [ -71.554416, -32.941331 ], [ -71.554545, -32.941272 ], [ -71.554524, -32.941223 ], [ -71.554347, -32.941245 ], [ -71.55432, -32.941196 ], [ -71.554464, -32.941089 ], [ -71.55447, -32.940995 ], [ -71.554175, -32.940935 ], [ -71.554325, -32.940813 ], [ -71.554325, -32.940633 ], [ -71.554159, -32.940746 ], [ -71.554019, -32.940714 ], [ -71.553815, -32.940827 ], [ -71.553569, -32.940755 ], [ -71.553553, -32.940818 ], [ -71.553419, -32.940831 ], [ -71.553343, -32.940948 ], [ -71.553258, -32.940957 ], [ -71.553091, -32.940909 ], [ -71.552914, -32.940773 ], [ -71.552903, -32.940603 ], [ -71.552989, -32.940516 ], [ -71.553225, -32.940458 ], [ -71.553456, -32.940295 ], [ -71.553451, -32.94021 ], [ -71.553258, -32.940187 ], [ -71.553241, -32.940115 ], [ -71.553306, -32.940003 ], [ -71.553604, -32.939812 ], [ -71.553612, -32.939728 ], [ -71.553558, -32.939679 ], [ -71.553327, -32.93976 ], [ -71.553241, -32.93967 ], [ -71.553268, -32.939487 ], [ -71.553392, -32.939372 ], [ -71.553284, -32.939253 ], [ -71.553365, -32.939066 ], [ -71.553349, -32.938893 ], [ -71.553279, -32.938811 ], [ -71.553166, -32.938886 ], [ -71.553043, -32.938877 ], [ -71.552845, -32.93876 ], [ -71.553075, -32.938481 ], [ -71.553317, -32.938449 ], [ -71.553499, -32.938366 ], [ -71.553499, -32.938288 ], [ -71.553413, -32.938231 ], [ -71.553236, -32.938333 ], [ -71.552786, -32.938247 ], [ -71.55252, -32.938365 ], [ -71.55244, -32.938103 ], [ -71.552751, -32.937925 ], [ -71.552799, -32.937815 ], [ -71.552458, -32.937947 ], [ -71.552315, -32.937822 ], [ -71.552456, -32.937673 ], [ -71.552359, -32.937652 ], [ -71.552206, -32.93747 ], [ -71.552201, -32.937317 ], [ -71.552123, -32.937236 ], [ -71.551721, -32.937229 ], [ -71.551246, -32.937011 ], [ -71.551009, -32.936993 ], [ -71.550847, -32.936691 ], [ -71.550989, -32.9365 ], [ -71.550825, -32.935809 ], [ -71.550744, -32.935726 ], [ -71.550691, -32.935726 ], [ -71.550651, -32.93584 ], [ -71.549934, -32.935645 ], [ -71.549878, -32.935494 ], [ -71.549897, -32.93517 ], [ -71.55031, -32.934749 ], [ -71.550297, -32.934341 ], [ -71.550466, -32.9341 ], [ -71.550782, -32.933292 ], [ -71.55094, -32.932738 ], [ -71.550903, -32.932432 ], [ -71.551069, -32.931887 ], [ -71.550975, -32.93175 ], [ -71.550686, -32.931601 ], [ -71.550661, -32.931403 ], [ -71.550512, -32.93123 ], [ -71.550659, -32.930962 ], [ -71.55086, -32.930811 ], [ -71.550962, -32.93046 ], [ -71.551206, -32.930271 ], [ -71.551482, -32.930179 ], [ -71.551757, -32.929761 ], [ -71.551903, -32.929638 ], [ -71.55175, -32.929078 ], [ -71.551576, -32.928713 ], [ -71.551233, -32.928337 ], [ -71.54986, -32.927993 ], [ -71.549564, -32.927783 ], [ -71.549071, -32.927736 ], [ -71.548397, -32.927844 ], [ -71.547794, -32.928119 ], [ -71.547582, -32.928155 ], [ -71.546445, -32.928042 ], [ -71.546173, -32.928203 ], [ -71.545996, -32.928218 ], [ -71.545731, -32.927957 ], [ -71.545373, -32.927214 ], [ -71.545246, -32.9271 ], [ -71.544884, -32.926974 ], [ -71.544359, -32.927208 ], [ -71.544227, -32.927081 ], [ -71.544195, -32.926974 ], [ -71.544283, -32.92675 ], [ -71.544231, -32.926718 ], [ -71.543672, -32.926805 ], [ -71.543636, -32.926682 ], [ -71.543545, -32.926682 ], [ -71.543039, -32.926773 ], [ -71.542924, -32.926899 ], [ -71.54235, -32.92703 ], [ -71.541868, -32.927015 ], [ -71.541692, -32.927062 ], [ -71.539642, -32.927916 ], [ -71.539542, -32.928003 ], [ -71.539636, -32.928108 ], [ -71.539712, -32.928104 ], [ -71.539738, -32.928019 ], [ -71.540003, -32.927868 ], [ -71.541546, -32.927284 ], [ -71.541854, -32.927247 ], [ -71.541897, -32.927449 ], [ -71.542002, -32.927599 ], [ -71.541917, -32.927715 ], [ -71.541624, -32.927849 ], [ -71.541107, -32.928275 ], [ -71.540532, -32.928475 ], [ -71.540368, -32.928502 ], [ -71.540341, -32.928461 ], [ -71.540171, -32.92855 ], [ -71.540193, -32.928622 ], [ -71.540529, -32.928561 ], [ -71.541426, -32.928241 ], [ -71.541592, -32.928409 ], [ -71.541582, -32.928783 ], [ -71.541332, -32.929097 ], [ -71.541216, -32.929069 ], [ -71.540527, -32.929287 ], [ -71.54046, -32.928882 ], [ -71.54042, -32.928889 ], [ -71.540136, -32.929091 ], [ -71.540245, -32.929397 ], [ -71.540112, -32.929265 ], [ -71.540074, -32.929301 ], [ -71.540153, -32.929389 ], [ -71.540004, -32.929438 ], [ -71.539908, -32.929367 ], [ -71.53986, -32.929472 ], [ -71.539592, -32.929477 ], [ -71.539555, -32.92937 ], [ -71.53947, -32.929472 ], [ -71.539208, -32.929589 ], [ -71.539142, -32.929715 ], [ -71.538938, -32.929699 ], [ -71.538155, -32.929384 ], [ -71.53797, -32.929397 ], [ -71.537927, -32.929472 ], [ -71.538751, -32.929907 ], [ -71.538523, -32.930081 ], [ -71.538624, -32.930332 ], [ -71.53854, -32.930377 ], [ -71.53848, -32.930398 ], [ -71.538396, -32.93027 ], [ -71.538307, -32.930234 ], [ -71.53806, -32.930324 ], [ -71.538037, -32.930415 ], [ -71.537866, -32.93047 ], [ -71.536878, -32.930522 ], [ -71.536668, -32.930567 ], [ -71.536434, -32.930704 ], [ -71.53621, -32.930663 ], [ -71.536091, -32.930841 ], [ -71.535817, -32.93089 ], [ -71.53577, -32.930789 ], [ -71.53544, -32.930796 ], [ -71.535375, -32.930674 ], [ -71.535096, -32.930633 ], [ -71.535029, -32.93055 ], [ -71.53403, -32.930554 ], [ -71.533482, -32.930388 ], [ -71.532546, -32.929918 ], [ -71.531591, -32.929229 ], [ -71.530808, -32.928423 ], [ -71.530743, -32.928187 ], [ -71.530816, -32.928094 ], [ -71.530722, -32.928033 ], [ -71.530732, -32.927948 ], [ -71.530327, -32.927997 ], [ -71.530218, -32.927961 ], [ -71.530282, -32.927852 ], [ -71.530258, -32.9278 ], [ -71.530529, -32.927698 ], [ -71.530534, -32.927639 ], [ -71.530274, -32.927738 ], [ -71.530181, -32.927856 ], [ -71.530075, -32.92786 ], [ -71.53003, -32.927835 ], [ -71.530059, -32.927673 ], [ -71.529952, -32.927681 ], [ -71.529641, -32.927492 ], [ -71.529534, -32.92732 ], [ -71.529542, -32.927203 ], [ -71.52962, -32.927111 ], [ -71.52978, -32.927124 ], [ -71.52989, -32.927007 ], [ -71.530062, -32.926993 ], [ -71.530121, -32.92684 ], [ -71.529995, -32.926797 ], [ -71.529853, -32.926908 ], [ -71.529437, -32.927004 ], [ -71.529239, -32.92716 ], [ -71.52911, -32.927135 ], [ -71.528868, -32.927227 ], [ -71.528182, -32.92687 ], [ -71.527474, -32.926205 ], [ -71.526833, -32.925808 ], [ -71.526917, -32.925088 ], [ -71.527141, -32.925057 ], [ -71.527082, -32.924897 ], [ -71.527125, -32.924841 ], [ -71.527066, -32.924764 ], [ -71.527154, -32.924695 ], [ -71.527085, -32.924622 ], [ -71.527069, -32.924391 ], [ -71.527012, -32.924393 ], [ -71.526996, -32.924474 ], [ -71.526921, -32.924467 ], [ -71.526876, -32.924296 ], [ -71.526816, -32.92428 ], [ -71.526827, -32.924183 ], [ -71.526572, -32.92417 ], [ -71.52643, -32.92433 ], [ -71.526277, -32.924289 ], [ -71.526159, -32.924375 ], [ -71.526048, -32.924322 ], [ -71.525902, -32.924366 ], [ -71.525952, -32.924423 ], [ -71.525429, -32.923967 ], [ -71.525121, -32.923548 ], [ -71.524924, -32.923218 ], [ -71.524593, -32.922398 ], [ -71.524335, -32.92125 ], [ -71.52419, -32.920964 ], [ -71.524231, -32.920771 ], [ -71.524133, -32.920533 ], [ -71.524152, -32.920341 ], [ -71.523967, -32.920251 ], [ -71.523952, -32.920109 ], [ -71.524014, -32.920018 ], [ -71.523906, -32.919723 ], [ -71.523961, -32.919628 ], [ -71.523864, -32.919635 ], [ -71.523777, -32.919731 ], [ -71.523566, -32.919531 ], [ -71.523658, -32.919275 ], [ -71.523883, -32.919095 ], [ -71.524164, -32.919143 ], [ -71.524232, -32.918854 ], [ -71.524157, -32.918862 ], [ -71.524115, -32.918999 ], [ -71.524047, -32.919018 ], [ -71.523997, -32.918904 ], [ -71.523831, -32.918825 ], [ -71.523986, -32.918633 ], [ -71.523983, -32.91856 ], [ -71.523742, -32.918611 ], [ -71.523745, -32.918507 ], [ -71.5236, -32.918488 ], [ -71.523366, -32.91832 ], [ -71.523355, -32.918205 ], [ -71.523157, -32.918197 ], [ -71.523099, -32.918059 ], [ -71.52299, -32.917972 ], [ -71.522981, -32.917803 ], [ -71.522913, -32.917813 ], [ -71.522838, -32.918001 ], [ -71.522717, -32.918081 ], [ -71.522304, -32.91805 ], [ -71.521938, -32.918105 ], [ -71.521636, -32.917997 ], [ -71.521567, -32.917763 ], [ -71.521498, -32.917737 ], [ -71.521419, -32.917866 ], [ -71.521232, -32.917931 ], [ -71.520962, -32.918141 ], [ -71.520441, -32.918089 ], [ -71.520297, -32.918024 ], [ -71.520087, -32.918037 ], [ -71.519546, -32.91787 ], [ -71.519375, -32.917903 ], [ -71.519298, -32.917826 ], [ -71.518881, -32.917917 ], [ -71.518754, -32.917777 ], [ -71.518654, -32.917956 ], [ -71.518226, -32.91804 ], [ -71.518229, -32.918122 ], [ -71.518109, -32.918255 ], [ -71.518185, -32.918489 ], [ -71.517874, -32.918789 ], [ -71.517963, -32.918909 ], [ -71.51793, -32.918947 ], [ -71.517819, -32.91883 ], [ -71.517649, -32.919076 ], [ -71.517359, -32.919093 ], [ -71.516943, -32.919214 ], [ -71.516777, -32.919194 ], [ -71.516408, -32.919307 ], [ -71.516082, -32.91953 ], [ -71.515743, -32.919667 ], [ -71.515123, -32.920139 ], [ -71.514736, -32.920068 ], [ -71.514159, -32.919872 ], [ -71.512928, -32.919363 ], [ -71.511662, -32.918584 ], [ -71.510699, -32.917877 ], [ -71.509898, -32.91697 ], [ -71.509211, -32.915898 ], [ -71.508355, -32.914238 ], [ -71.508219, -32.914374 ], [ -71.507893, -32.914928 ], [ -71.50743, -32.916081 ], [ -71.50706, -32.91624 ], [ -71.50646, -32.916182 ], [ -71.50446, -32.915267 ], [ -71.503138, -32.914309 ], [ -71.502254, -32.914136 ], [ -71.500623, -32.914453 ], [ -71.499509, -32.91499 ], [ -71.497046, -32.916424 ], [ -71.495498, -32.917559 ], [ -71.495003, -32.917859 ], [ -71.494517, -32.918005 ], [ -71.493855, -32.918098 ], [ -71.492082, -32.917998 ], [ -71.491481, -32.918115 ], [ -71.49088, -32.918458 ], [ -71.489893, -32.919525 ], [ -71.489641, -32.919732 ], [ -71.488515, -32.920055 ], [ -71.487758, -32.920133 ], [ -71.483736, -32.920091 ], [ -71.482238, -32.920318 ], [ -71.481208, -32.920277 ], [ -71.4805, -32.92034 ], [ -71.47873, -32.919759 ], [ -71.475983, -32.919246 ], [ -71.475454, -32.918959 ], [ -71.474728, -32.918917 ], [ -71.473805, -32.91925 ], [ -71.472931, -32.919268 ], [ -71.470885, -32.918737 ], [ -71.468071, -32.918368 ], [ -71.463518, -32.917524 ], [ -71.46269, -32.917652 ], [ -71.461719, -32.918242 ], [ -71.460496, -32.918422 ], [ -71.457587, -32.918717 ], [ -71.456725, -32.918701 ], [ -71.456313, -32.918958 ], [ -71.45533, -32.920588 ], [ -71.454708, -32.921461 ], [ -71.454231, -32.921834 ], [ -71.453658, -32.922122 ], [ -71.450406, -32.923299 ], [ -71.448989, -32.923501 ], [ -71.44612, -32.923456 ], [ -71.444961, -32.923181 ], [ -71.443931, -32.92301 ], [ -71.443247, -32.92275 ], [ -71.440657, -32.927542 ], [ -71.440284, -32.928568 ], [ -71.439667, -32.930894 ], [ -71.439519, -32.931152 ], [ -71.438403, -32.932065 ], [ -71.439824, -32.932786 ], [ -71.439027, -32.933182 ], [ -71.438191, -32.933194 ], [ -71.437184, -32.932906 ], [ -71.436771, -32.932772 ], [ -71.433771, -32.931132 ], [ -71.433076, -32.93069 ], [ -71.432345, -32.93056 ], [ -71.431995, -32.930576 ], [ -71.431281, -32.930759 ], [ -71.429802, -32.930987 ], [ -71.427195, -32.931999 ], [ -71.426798, -32.932184 ], [ -71.426576, -32.932594 ], [ -71.42656, -32.933225 ], [ -71.426923, -32.933806 ], [ -71.427829, -32.934491 ], [ -71.428832, -32.934994 ], [ -71.429222, -32.935426 ], [ -71.429327, -32.936196 ], [ -71.42914, -32.937133 ], [ -71.428477, -32.937851 ], [ -71.426575, -32.9394 ], [ -71.42195, -32.941078 ], [ -71.4193, -32.941551 ], [ -71.41862, -32.941503 ], [ -71.418161, -32.94133 ], [ -71.417754, -32.940918 ], [ -71.417471, -32.940154 ], [ -71.41744, -32.93949 ], [ -71.417491, -32.938978 ], [ -71.41785, -32.937457 ], [ -71.417944, -32.936592 ], [ -71.418001, -32.935749 ], [ -71.417911, -32.935151 ], [ -71.417671, -32.934624 ], [ -71.416582, -32.933976 ], [ -71.414728, -32.93314 ], [ -71.414055, -32.932891 ], [ -71.413458, -32.932828 ], [ -71.412076, -32.933294 ], [ -71.409932, -32.933819 ], [ -71.408864, -32.934293 ], [ -71.408294, -32.934996 ], [ -71.408232, -32.937169 ], [ -71.408093, -32.938136 ], [ -71.406821, -32.93954 ], [ -71.405997, -32.940339 ], [ -71.404177, -32.941353 ], [ -71.403512, -32.942327 ], [ -71.403624, -32.943517 ], [ -71.403655, -32.945572 ], [ -71.403025, -32.947569 ], [ -71.402517, -32.948321 ], [ -71.401499, -32.949163 ], [ -71.401316, -32.950082 ], [ -71.401401, -32.950349 ], [ -71.401667, -32.950726 ], [ -71.403431, -32.951968 ], [ -71.403409, -32.952225 ], [ -71.402129, -32.953467 ], [ -71.401099, -32.954669 ], [ -71.399857, -32.955727 ], [ -71.398703, -32.956821 ], [ -71.396904, -32.958591 ], [ -71.396298, -32.95931 ], [ -71.395563, -32.960035 ], [ -71.393715, -32.961031 ], [ -71.39255, -32.961376 ], [ -71.392121, -32.961365 ], [ -71.391754, -32.96122 ], [ -71.391231, -32.960768 ], [ -71.390314, -32.959618 ], [ -71.38978, -32.959629 ], [ -71.389393, -32.961803 ], [ -71.388876, -32.961677 ], [ -71.388282, -32.961803 ], [ -71.387073, -32.962171 ], [ -71.3873, -32.96234 ], [ -71.387717, -32.962406 ], [ -71.38778, -32.962633 ], [ -71.387438, -32.962707 ], [ -71.386953, -32.963143 ], [ -71.386915, -32.963284 ], [ -71.387214, -32.963424 ], [ -71.387257, -32.963553 ], [ -71.387053, -32.963759 ], [ -71.386983, -32.963952 ], [ -71.38699, -32.964599 ], [ -71.387181, -32.964732 ], [ -71.387096, -32.964925 ], [ -71.387127, -32.965006 ], [ -71.387052, -32.965112 ], [ -71.386823, -32.965007 ], [ -71.386388, -32.964605 ], [ -71.38561, -32.964634 ], [ -71.385282, -32.964689 ], [ -71.385211, -32.964749 ], [ -71.386526, -32.967467 ], [ -71.386996, -32.968576 ], [ -71.387363, -32.969855 ], [ -71.388028, -32.970611 ], [ -71.388237, -32.970771 ], [ -71.390995, -32.971354 ], [ -71.391209, -32.971502 ], [ -71.391583, -32.972467 ], [ -71.391931, -32.972812 ], [ -71.393602, -32.973721 ], [ -71.394219, -32.973894 ], [ -71.394956, -32.974081 ], [ -71.395198, -32.974079 ], [ -71.396255, -32.973687 ], [ -71.396751, -32.97359 ], [ -71.397081, -32.973647 ], [ -71.39788, -32.974414 ], [ -71.39847, -32.974581 ], [ -71.399143, -32.974501 ], [ -71.399956, -32.97409 ], [ -71.400401, -32.973936 ], [ -71.400994, -32.973976 ], [ -71.401902, -32.974202 ], [ -71.403073, -32.974122 ], [ -71.404592, -32.974754 ], [ -71.405543, -32.974944 ], [ -71.406208, -32.97541 ], [ -71.406763, -32.975586 ], [ -71.407257, -32.975454 ], [ -71.407716, -32.975128 ], [ -71.407844, -32.975105 ], [ -71.40844, -32.975232 ], [ -71.409357, -32.975271 ], [ -71.409943, -32.975146 ], [ -71.41043, -32.974964 ], [ -71.41063, -32.97495 ], [ -71.411181, -32.975053 ], [ -71.412894, -32.975013 ], [ -71.413701, -32.975274 ], [ -71.41542, -32.975965 ], [ -71.415784, -32.976169 ], [ -71.416358, -32.976686 ], [ -71.417276, -32.977047 ], [ -71.417463, -32.977042 ], [ -71.418375, -32.976573 ], [ -71.418682, -32.976514 ], [ -71.419275, -32.976529 ], [ -71.41969, -32.976454 ], [ -71.421587, -32.976023 ], [ -71.423383, -32.97553 ], [ -71.423743, -32.975521 ], [ -71.423897, -32.975599 ], [ -71.424774, -32.976234 ], [ -71.425098, -32.976538 ], [ -71.426721, -32.979745 ], [ -71.427253, -32.980993 ], [ -71.428176, -32.982501 ], [ -71.428332, -32.98292 ], [ -71.428473, -32.983565 ], [ -71.42846, -32.983798 ], [ -71.428312, -32.984094 ], [ -71.42835, -32.984565 ], [ -71.430375, -32.986423 ], [ -71.430477, -32.98686 ], [ -71.43067, -32.988416 ], [ -71.430733, -32.989146 ], [ -71.430725, -32.989907 ], [ -71.430826, -32.990333 ], [ -71.430992, -32.99055 ], [ -71.431294, -32.990773 ], [ -71.431683, -32.990997 ], [ -71.431972, -32.991088 ], [ -71.432731, -32.99207 ], [ -71.43304, -32.992356 ], [ -71.434063, -32.99296 ], [ -71.434245, -32.993124 ], [ -71.434341, -32.993306 ], [ -71.434594, -32.994064 ], [ -71.434527, -32.994302 ], [ -71.434087, -32.995117 ], [ -71.434055, -32.995808 ], [ -71.434213, -32.997129 ], [ -71.43384, -32.998555 ], [ -71.433733, -33.000702 ], [ -71.434904, -33.001577 ], [ -71.435462, -33.001824 ], [ -71.437229, -33.00193 ], [ -71.439764, -33.00195 ], [ -71.442192, -33.001882 ], [ -71.442765, -33.002003 ], [ -71.443314, -33.001435 ], [ -71.443774, -33.000692 ], [ -71.444156, -32.999848 ], [ -71.44446, -32.99957 ], [ -71.445149, -32.999398 ], [ -71.446388, -32.998719 ], [ -71.44651, -32.998446 ], [ -71.44714, -32.997613 ], [ -71.44723, -32.997331 ], [ -71.447236, -32.996514 ], [ -71.447852, -32.995715 ], [ -71.44846, -32.995114 ], [ -71.448617, -32.994798 ], [ -71.448904, -32.993905 ], [ -71.449023, -32.993811 ], [ -71.449511, -32.99373 ], [ -71.449722, -32.993609 ], [ -71.450402, -32.993097 ], [ -71.450741, -32.992679 ], [ -71.451087, -32.992469 ], [ -71.451886, -32.992094 ], [ -71.452707, -32.992002 ], [ -71.45319, -32.991518 ], [ -71.453559, -32.991035 ], [ -71.453885, -32.990778 ], [ -71.454153, -32.99064 ], [ -71.455005, -32.990564 ], [ -71.4554, -32.990402 ], [ -71.45654, -32.98954 ], [ -71.45691, -32.989372 ], [ -71.457765, -32.989107 ], [ -71.458104, -32.988791 ], [ -71.458267, -32.988548 ], [ -71.458463, -32.988433 ], [ -71.458986, -32.987648 ], [ -71.459249, -32.987531 ], [ -71.459544, -32.987169 ], [ -71.461226, -32.985961 ], [ -71.461909, -32.985773 ], [ -71.463956, -32.985457 ], [ -71.46536, -32.985348 ], [ -71.465568, -32.985293 ], [ -71.466443, -32.984786 ], [ -71.466769, -32.984786 ], [ -71.468937, -32.985536 ], [ -71.469492, -32.985158 ], [ -71.469822, -32.984764 ], [ -71.469854, -32.984238 ], [ -71.470125, -32.983889 ], [ -71.470533, -32.983711 ], [ -71.471281, -32.983565 ], [ -71.472936, -32.983536 ], [ -71.47384, -32.983197 ], [ -71.474444, -32.983425 ], [ -71.47483, -32.983476 ], [ -71.475404, -32.983369 ], [ -71.475839, -32.983212 ], [ -71.476042, -32.982919 ], [ -71.476168, -32.982565 ], [ -71.475954, -32.98181 ], [ -71.475618, -32.981087 ], [ -71.475519, -32.980705 ], [ -71.475535, -32.980476 ], [ -71.475613, -32.980334 ], [ -71.478244, -32.97886 ], [ -71.47924, -32.977951 ], [ -71.480234, -32.977137 ], [ -71.481409, -32.976569 ], [ -71.484275, -32.975404 ], [ -71.488452, -32.973194 ], [ -71.494984, -32.969634 ], [ -71.495927, -32.968689 ], [ -71.49727, -32.967812 ], [ -71.505604, -32.962703 ], [ -71.507998, -32.961126 ], [ -71.50895, -32.960598 ], [ -71.509382, -32.960513 ], [ -71.512111, -32.959192 ], [ -71.513127, -32.958772 ], [ -71.517809, -32.95729 ], [ -71.519996, -32.956538 ], [ -71.520638, -32.956398 ], [ -71.521804, -32.955972 ], [ -71.533972, -32.952623 ], [ -71.540111, -32.950853 ], [ -71.547624, -32.945306 ], [ -71.550774, -32.945428 ], [ -71.551718, -32.94518 ], [ -71.551836, -32.94504 ], [ -71.551809, -32.94495 ], [ -71.55167, -32.944887 ], [ -71.551579, -32.944734 ], [ -71.551047, -32.944608 ], [ -71.551107, -32.944455 ], [ -71.551482, -32.944347 ], [ -71.551536, -32.944275 ], [ -71.551487, -32.944127 ], [ -71.551283, -32.944027 ], [ -71.551369, -32.943937 ], [ -71.551536, -32.943942 ], [ -71.551697, -32.943874 ], [ -71.551739, -32.943755 ], [ -71.551815, -32.943834 ], [ -71.55204, -32.943874 ], [ -71.552115, -32.943739 ], [ -71.552233, -32.943717 ], [ -71.552115, -32.943606 ], [ -71.552415, -32.943267 ], [ -71.552399, -32.943177 ], [ -71.552555, -32.943096 ], [ -71.552421, -32.942947 ], [ -71.552759, -32.942731 ], [ -71.553011, -32.942776 ], [ -71.553177, -32.942659 ], [ -71.553107, -32.942474 ], [ -71.553183, -32.942308 ], [ -71.553065, -32.942258 ], [ -71.55315, -32.942006 ], [ -71.553123, -32.941936 ], [ -71.55329, -32.941808 ], [ -71.553649, -32.94163 ], [ -71.553949, -32.941913 ], [ -71.554288, -32.941966 ], [ -71.554411, -32.942137 ], [ -71.554524, -32.942146 ], [ -71.55462, -32.942056 ], [ -71.554599, -32.941867 ], [ -71.554754, -32.941786 ] ] ], [ [ [ -71.527277, -32.92486 ], [ -71.527262, -32.92481 ], [ -71.527232, -32.924843 ], [ -71.527277, -32.92486 ] ] ], [ [ [ -71.527276, -32.924618 ], [ -71.527219, -32.924535 ], [ -71.527149, -32.924515 ], [ -71.527192, -32.924641 ], [ -71.527276, -32.924618 ] ] ], [ [ [ -71.523499, -32.917778 ], [ -71.523386, -32.917724 ], [ -71.523257, -32.917817 ], [ -71.523233, -32.917902 ], [ -71.523099, -32.917952 ], [ -71.523169, -32.918008 ], [ -71.523274, -32.917979 ], [ -71.523273, -32.918037 ], [ -71.523346, -32.918064 ], [ -71.52344, -32.917969 ], [ -71.523332, -32.917922 ], [ -71.523499, -32.917778 ] ] ], [ [ [ -71.521916, -32.917683 ], [ -71.521876, -32.91764 ], [ -71.521825, -32.917729 ], [ -71.521882, -32.917747 ], [ -71.521916, -32.917683 ] ] ], [ [ [ -71.521795, -32.917618 ], [ -71.521747, -32.917595 ], [ -71.521691, -32.917648 ], [ -71.521739, -32.917692 ], [ -71.521795, -32.917618 ] ] ] ] } },
{ "type": "Feature", "properties": { "name": "Quilpué", "query": "Quilpué, Chile", "display_na": "Quilpué, Provincia de Marga Marga, Región de Valparaíso, Chile" }, "geometry": { "type": "Polygon", "coordinates": [ [ [ -71.493933, -33.100651 ], [ -71.49393, -33.099829 ], [ -71.49364, -33.098409 ], [ -71.493316, -33.097707 ], [ -71.492608, -33.097312 ], [ -71.489907, -33.096935 ], [ -71.48985, -33.096789 ], [ -71.490269, -33.096296 ], [ -71.490473, -33.095658 ], [ -71.490077, -33.094479 ], [ -71.489388, -33.092911 ], [ -71.488191, -33.091757 ], [ -71.487662, -33.090058 ], [ -71.487756, -33.088442 ], [ -71.486835, -33.088157 ], [ -71.485315, -33.088081 ], [ -71.481672, -33.088508 ], [ -71.480302, -33.088746 ], [ -71.479438, -33.088665 ], [ -71.478888, -33.088265 ], [ -71.476945, -33.085498 ], [ -71.476611, -33.084467 ], [ -71.476493, -33.082894 ], [ -71.475945, -33.081884 ], [ -71.474898, -33.079724 ], [ -71.474639, -33.077968 ], [ -71.474718, -33.07629 ], [ -71.473997, -33.075485 ], [ -71.473078, -33.074172 ], [ -71.473135, -33.073311 ], [ -71.473371, -33.072637 ], [ -71.473377, -33.071477 ], [ -71.472587, -33.069501 ], [ -71.472301, -33.068942 ], [ -71.470906, -33.067752 ], [ -71.470973, -33.067453 ], [ -71.470858, -33.067206 ], [ -71.470184, -33.066723 ], [ -71.469814, -33.066318 ], [ -71.46971, -33.065954 ], [ -71.469828, -33.065693 ], [ -71.470128, -33.065482 ], [ -71.470522, -33.065478 ], [ -71.470945, -33.065527 ], [ -71.473108, -33.066167 ], [ -71.474977, -33.066356 ], [ -71.476141, -33.066307 ], [ -71.477171, -33.065965 ], [ -71.47792, -33.065273 ], [ -71.478555, -33.064158 ], [ -71.478926, -33.063875 ], [ -71.479811, -33.063697 ], [ -71.480755, -33.063214 ], [ -71.481364, -33.0628 ], [ -71.482329, -33.062339 ], [ -71.483528, -33.061472 ], [ -71.484654, -33.06097 ], [ -71.485834, -33.060242 ], [ -71.486347, -33.059569 ], [ -71.486465, -33.058897 ], [ -71.486964, -33.05781 ], [ -71.487827, -33.056552 ], [ -71.488532, -33.055189 ], [ -71.489025, -33.054543 ], [ -71.489026, -33.054036 ], [ -71.488785, -33.05366 ], [ -71.487178, -33.05267 ], [ -71.486936, -33.052374 ], [ -71.486855, -33.051945 ], [ -71.486722, -33.050175 ], [ -71.486426, -33.049668 ], [ -71.486131, -33.049319 ], [ -71.485344, -33.048981 ], [ -71.48513, -33.048832 ], [ -71.484738, -33.048327 ], [ -71.484601, -33.048057 ], [ -71.484605, -33.047659 ], [ -71.484723, -33.047349 ], [ -71.485234, -33.046508 ], [ -71.485315, -33.045477 ], [ -71.485118, -33.044258 ], [ -71.484442, -33.043503 ], [ -71.484084, -33.042409 ], [ -71.484271, -33.041822 ], [ -71.484967, -33.040281 ], [ -71.485103, -33.039459 ], [ -71.485605, -33.037609 ], [ -71.486073, -33.03665 ], [ -71.485547, -33.035632 ], [ -71.484627, -33.035298 ], [ -71.482806, -33.033603 ], [ -71.482473, -33.033448 ], [ -71.481082, -33.033188 ], [ -71.480819, -33.032966 ], [ -71.48057, -33.032607 ], [ -71.480057, -33.031498 ], [ -71.480002, -33.030426 ], [ -71.479845, -33.030066 ], [ -71.478585, -33.028963 ], [ -71.478022, -33.028635 ], [ -71.47741, -33.028423 ], [ -71.476997, -33.028158 ], [ -71.476742, -33.027704 ], [ -71.476568, -33.026561 ], [ -71.476372, -33.026008 ], [ -71.470273, -33.020737 ], [ -71.470045, -33.017777 ], [ -71.469879, -33.016796 ], [ -71.470351, -33.015717 ], [ -71.470469, -33.014793 ], [ -71.469986, -33.014912 ], [ -71.469181, -33.015571 ], [ -71.468145, -33.01601 ], [ -71.465632, -33.016044 ], [ -71.46475, -33.016149 ], [ -71.464152, -33.016385 ], [ -71.462847, -33.017154 ], [ -71.460177, -33.017053 ], [ -71.459649, -33.017325 ], [ -71.458301, -33.017696 ], [ -71.457546, -33.018081 ], [ -71.457033, -33.018121 ], [ -71.456635, -33.018283 ], [ -71.455134, -33.019151 ], [ -71.454184, -33.019369 ], [ -71.452784, -33.019555 ], [ -71.452337, -33.01952 ], [ -71.452213, -33.01934 ], [ -71.451932, -33.018345 ], [ -71.451959, -33.017838 ], [ -71.452246, -33.017168 ], [ -71.452254, -33.016639 ], [ -71.452149, -33.016178 ], [ -71.451884, -33.015627 ], [ -71.451533, -33.015397 ], [ -71.450749, -33.015247 ], [ -71.449725, -33.015162 ], [ -71.448826, -33.014401 ], [ -71.448175, -33.014028 ], [ -71.44731, -33.01383 ], [ -71.446206, -33.013135 ], [ -71.445213, -33.012801 ], [ -71.444949, -33.012578 ], [ -71.444933, -33.012297 ], [ -71.445006, -33.011761 ], [ -71.444903, -33.011183 ], [ -71.444296, -33.009581 ], [ -71.444298, -33.008975 ], [ -71.444398, -33.007972 ], [ -71.445043, -33.007203 ], [ -71.445304, -33.006735 ], [ -71.445405, -33.006425 ], [ -71.445401, -33.006163 ], [ -71.445065, -33.005885 ], [ -71.445005, -33.005401 ], [ -71.444577, -33.004492 ], [ -71.444266, -33.004221 ], [ -71.443641, -33.003383 ], [ -71.443262, -33.003085 ], [ -71.44282, -33.002285 ], [ -71.442765, -33.002003 ], [ -71.442192, -33.001882 ], [ -71.439764, -33.00195 ], [ -71.437229, -33.00193 ], [ -71.435462, -33.001824 ], [ -71.434904, -33.001577 ], [ -71.433733, -33.000702 ], [ -71.432671, -33.001743 ], [ -71.431559, -33.001847 ], [ -71.429206, -33.002669 ], [ -71.427561, -33.002972 ], [ -71.42663, -33.002942 ], [ -71.426125, -33.004863 ], [ -71.425866, -33.005335 ], [ -71.425016, -33.006307 ], [ -71.424427, -33.007192 ], [ -71.423915, -33.008215 ], [ -71.422253, -33.008857 ], [ -71.421026, -33.008675 ], [ -71.420059, -33.008227 ], [ -71.418776, -33.008443 ], [ -71.41748, -33.009046 ], [ -71.415259, -33.00924 ], [ -71.413824, -33.010172 ], [ -71.410175, -33.009884 ], [ -71.406938, -33.011503 ], [ -71.405636, -33.011306 ], [ -71.404126, -33.010783 ], [ -71.40275, -33.01103 ], [ -71.401999, -33.011747 ], [ -71.401845, -33.012087 ], [ -71.401391, -33.012631 ], [ -71.400574, -33.013228 ], [ -71.399434, -33.029354 ], [ -71.399566, -33.03796 ], [ -71.399726, -33.037962 ], [ -71.399823, -33.045749 ], [ -71.398326, -33.046003 ], [ -71.399214, -33.055692 ], [ -71.398571, -33.055395 ], [ -71.39873, -33.059792 ], [ -71.398906, -33.059822 ], [ -71.398969, -33.06123 ], [ -71.399552, -33.061004 ], [ -71.400124, -33.067542 ], [ -71.399024, -33.067758 ], [ -71.398154, -33.068289 ], [ -71.396285, -33.07004 ], [ -71.392471, -33.070548 ], [ -71.392034, -33.070729 ], [ -71.390968, -33.071512 ], [ -71.390517, -33.072168 ], [ -71.389939, -33.072617 ], [ -71.389104, -33.072826 ], [ -71.388274, -33.073233 ], [ -71.388084, -33.073623 ], [ -71.387289, -33.074006 ], [ -71.386225, -33.074871 ], [ -71.385664, -33.075177 ], [ -71.384562, -33.07455 ], [ -71.382575, -33.074545 ], [ -71.382039, -33.074461 ], [ -71.381524, -33.07457 ], [ -71.381108, -33.074747 ], [ -71.38051, -33.074789 ], [ -71.380366, -33.074728 ], [ -71.380178, -33.074507 ], [ -71.379332, -33.074102 ], [ -71.378751, -33.076031 ], [ -71.378405, -33.076967 ], [ -71.376568, -33.080547 ], [ -71.376023, -33.082139 ], [ -71.374618, -33.082084 ], [ -71.374044, -33.081327 ], [ -71.372598, -33.080029 ], [ -71.37123, -33.079734 ], [ -71.37054, -33.079795 ], [ -71.369821, -33.079755 ], [ -71.369891, -33.080275 ], [ -71.3711, -33.082325 ], [ -71.36985, -33.082992 ], [ -71.367098, -33.085523 ], [ -71.366884, -33.085777 ], [ -71.366461, -33.086475 ], [ -71.366429, -33.086619 ], [ -71.366447, -33.086746 ], [ -71.366759, -33.087168 ], [ -71.366789, -33.087312 ], [ -71.366645, -33.088772 ], [ -71.366675, -33.090532 ], [ -71.366806, -33.091677 ], [ -71.36712, -33.092328 ], [ -71.36663, -33.092773 ], [ -71.365643, -33.093402 ], [ -71.364398, -33.093744 ], [ -71.363164, -33.093968 ], [ -71.361383, -33.094724 ], [ -71.360396, -33.095712 ], [ -71.359924, -33.096341 ], [ -71.359752, -33.096629 ], [ -71.359334, -33.097654 ], [ -71.358883, -33.098157 ], [ -71.358551, -33.09831 ], [ -71.357628, -33.098489 ], [ -71.356684, -33.09857 ], [ -71.356169, -33.098687 ], [ -71.355794, -33.098858 ], [ -71.354871, -33.099568 ], [ -71.354581, -33.099667 ], [ -71.353862, -33.099829 ], [ -71.35221, -33.099802 ], [ -71.351652, -33.100098 ], [ -71.351277, -33.100548 ], [ -71.350193, -33.101213 ], [ -71.34986, -33.10133 ], [ -71.348895, -33.101374 ], [ -71.348015, -33.101527 ], [ -71.346867, -33.101914 ], [ -71.34558, -33.10221 ], [ -71.344099, -33.102875 ], [ -71.343434, -33.102866 ], [ -71.342597, -33.102651 ], [ -71.342189, -33.102714 ], [ -71.341589, -33.103091 ], [ -71.340784, -33.103864 ], [ -71.340494, -33.104421 ], [ -71.34029, -33.105005 ], [ -71.339336, -33.105931 ], [ -71.339121, -33.10603 ], [ -71.338542, -33.106129 ], [ -71.336782, -33.10621 ], [ -71.336406, -33.106318 ], [ -71.335999, -33.106605 ], [ -71.335473, -33.107279 ], [ -71.334282, -33.108385 ], [ -71.333413, -33.108942 ], [ -71.33293, -33.109086 ], [ -71.331664, -33.109337 ], [ -71.330248, -33.109427 ], [ -71.32807, -33.109364 ], [ -71.327684, -33.109301 ], [ -71.32704, -33.108978 ], [ -71.326579, -33.1086 ], [ -71.3263, -33.108133 ], [ -71.32571, -33.107396 ], [ -71.32546, -33.106742 ], [ -71.325254, -33.107045 ], [ -71.324927, -33.107369 ], [ -71.323757, -33.107899 ], [ -71.323435, -33.108025 ], [ -71.322305, -33.108107 ], [ -71.321966, -33.108245 ], [ -71.321021, -33.108978 ], [ -71.319755, -33.10976 ], [ -71.319251, -33.110515 ], [ -71.319047, -33.111179 ], [ -71.318822, -33.111683 ], [ -71.318178, -33.112141 ], [ -71.31699, -33.113278 ], [ -71.316708, -33.11344 ], [ -71.315078, -33.113853 ], [ -71.314625, -33.114051 ], [ -71.314117, -33.114441 ], [ -71.313844, -33.114576 ], [ -71.312395, -33.116028 ], [ -71.311827, -33.116872 ], [ -71.311623, -33.117335 ], [ -71.311279, -33.117748 ], [ -71.310732, -33.118184 ], [ -71.310293, -33.118422 ], [ -71.309745, -33.119006 ], [ -71.309483, -33.119204 ], [ -71.309085, -33.119316 ], [ -71.307852, -33.119505 ], [ -71.306789, -33.119963 ], [ -71.306409, -33.120071 ], [ -71.305958, -33.12013 ], [ -71.304917, -33.120125 ], [ -71.304381, -33.120287 ], [ -71.30385, -33.120327 ], [ -71.302664, -33.12017 ], [ -71.301683, -33.120134 ], [ -71.301066, -33.119995 ], [ -71.300062, -33.119662 ], [ -71.299607, -33.119622 ], [ -71.299121, -33.11931 ], [ -71.299092, -33.118993 ], [ -71.29922, -33.118395 ], [ -71.299639, -33.117726 ], [ -71.299671, -33.11756 ], [ -71.299338, -33.117681 ], [ -71.298362, -33.118243 ], [ -71.298003, -33.118395 ], [ -71.297638, -33.118544 ], [ -71.296865, -33.118728 ], [ -71.296018, -33.118719 ], [ -71.295277, -33.11844 ], [ -71.294242, -33.11831 ], [ -71.292762, -33.118328 ], [ -71.291989, -33.118274 ], [ -71.291544, -33.11835 ], [ -71.291217, -33.118449 ], [ -71.289886, -33.119456 ], [ -71.289318, -33.119757 ], [ -71.288588, -33.119946 ], [ -71.287783, -33.120323 ], [ -71.287161, -33.120507 ], [ -71.286389, -33.120849 ], [ -71.285353, -33.120902 ], [ -71.284275, -33.121105 ], [ -71.283894, -33.12101 ], [ -71.283465, -33.120983 ], [ -71.282086, -33.120979 ], [ -71.28162, -33.120849 ], [ -71.280397, -33.120229 ], [ -71.28008, -33.120157 ], [ -71.279522, -33.119914 ], [ -71.278819, -33.119914 ], [ -71.27795, -33.119995 ], [ -71.276577, -33.119986 ], [ -71.27596, -33.119815 ], [ -71.275848, -33.119712 ], [ -71.275697, -33.119272 ], [ -71.275343, -33.118692 ], [ -71.274796, -33.11804 ], [ -71.274582, -33.117569 ], [ -71.274383, -33.117281 ], [ -71.273788, -33.116994 ], [ -71.27264, -33.117277 ], [ -71.271304, -33.11742 ], [ -71.270467, -33.117402 ], [ -71.270075, -33.117465 ], [ -71.269287, -33.117357 ], [ -71.267472, -33.116621 ], [ -71.267243, -33.116729 ], [ -71.266905, -33.117038 ], [ -71.26654, -33.117627 ], [ -71.265945, -33.118292 ], [ -71.265441, -33.118683 ], [ -71.265242, -33.118939 ], [ -71.264491, -33.119465 ], [ -71.263896, -33.119743 ], [ -71.263128, -33.119954 ], [ -71.262007, -33.120354 ], [ -71.260993, -33.120759 ], [ -71.260597, -33.120997 ], [ -71.260232, -33.121334 ], [ -71.259872, -33.121873 ], [ -71.259588, -33.122461 ], [ -71.258944, -33.123306 ], [ -71.258735, -33.123445 ], [ -71.258413, -33.123526 ], [ -71.257528, -33.123571 ], [ -71.256986, -33.123674 ], [ -71.255913, -33.124362 ], [ -71.255184, -33.124991 ], [ -71.254508, -33.125701 ], [ -71.253929, -33.126177 ], [ -71.253129, -33.127057 ], [ -71.251423, -33.128127 ], [ -71.249889, -33.128634 ], [ -71.249476, -33.128926 ], [ -71.248891, -33.129784 ], [ -71.247679, -33.130696 ], [ -71.247384, -33.13102 ], [ -71.246949, -33.131631 ], [ -71.246799, -33.132026 ], [ -71.246156, -33.132655 ], [ -71.245737, -33.133481 ], [ -71.245528, -33.133683 ], [ -71.244943, -33.13407 ], [ -71.244707, -33.134564 ], [ -71.244643, -33.134928 ], [ -71.244106, -33.136132 ], [ -71.241821, -33.137973 ], [ -71.241081, -33.138791 ], [ -71.240802, -33.139182 ], [ -71.240357, -33.1396 ], [ -71.239268, -33.140403 ], [ -71.238302, -33.140794 ], [ -71.237326, -33.141369 ], [ -71.23695, -33.141684 ], [ -71.236789, -33.141881 ], [ -71.236714, -33.142079 ], [ -71.236521, -33.14286 ], [ -71.235738, -33.143615 ], [ -71.235529, -33.143929 ], [ -71.234719, -33.143346 ], [ -71.234279, -33.143121 ], [ -71.233689, -33.142932 ], [ -71.232165, -33.14269 ], [ -71.231596, -33.142465 ], [ -71.231167, -33.142205 ], [ -71.230663, -33.141684 ], [ -71.230513, -33.14127 ], [ -71.230191, -33.14074 ], [ -71.229837, -33.13977 ], [ -71.229762, -33.139707 ], [ -71.228056, -33.139932 ], [ -71.227241, -33.140157 ], [ -71.225578, -33.14092 ], [ -71.225073, -33.141073 ], [ -71.224065, -33.141082 ], [ -71.2237, -33.140965 ], [ -71.222767, -33.140363 ], [ -71.221436, -33.140049 ], [ -71.22076, -33.139644 ], [ -71.220385, -33.139312 ], [ -71.219494, -33.138827 ], [ -71.2184, -33.13862 ], [ -71.218035, -33.138503 ], [ -71.217542, -33.138063 ], [ -71.216973, -33.137794 ], [ -71.216458, -33.138135 ], [ -71.215246, -33.139231 ], [ -71.21457, -33.139555 ], [ -71.213958, -33.139779 ], [ -71.213282, -33.139932 ], [ -71.212939, -33.140085 ], [ -71.212488, -33.140471 ], [ -71.210879, -33.142097 ], [ -71.209248, -33.14295 ], [ -71.208626, -33.143489 ], [ -71.208122, -33.144361 ], [ -71.208036, -33.144693 ], [ -71.207521, -33.145906 ], [ -71.207027, -33.146508 ], [ -71.206834, -33.146894 ], [ -71.206008, -33.147649 ], [ -71.205332, -33.148493 ], [ -71.203594, -33.149481 ], [ -71.202886, -33.1502 ], [ -71.202489, -33.151269 ], [ -71.202039, -33.152149 ], [ -71.202028, -33.152751 ], [ -71.20073, -33.153793 ], [ -71.200322, -33.154053 ], [ -71.200193, -33.154242 ], [ -71.200064, -33.154529 ], [ -71.199904, -33.15585 ], [ -71.199485, -33.156658 ], [ -71.198788, -33.157691 ], [ -71.198498, -33.158364 ], [ -71.198369, -33.159451 ], [ -71.19794, -33.16026 ], [ -71.19779, -33.160682 ], [ -71.197618, -33.161634 ], [ -71.197307, -33.161571 ], [ -71.196384, -33.161571 ], [ -71.194797, -33.161463 ], [ -71.194394, -33.161333 ], [ -71.193911, -33.161167 ], [ -71.193144, -33.160722 ], [ -71.192898, -33.160637 ], [ -71.190687, -33.159397 ], [ -71.190419, -33.159164 ], [ -71.19014, -33.158805 ], [ -71.189722, -33.158032 ], [ -71.189379, -33.157098 ], [ -71.189293, -33.156676 ], [ -71.189336, -33.156281 ], [ -71.189657, -33.155778 ], [ -71.189679, -33.155571 ], [ -71.189572, -33.155221 ], [ -71.189325, -33.154754 ], [ -71.189164, -33.154287 ], [ -71.188906, -33.153873 ], [ -71.188627, -33.153559 ], [ -71.188273, -33.152742 ], [ -71.187608, -33.152041 ], [ -71.187125, -33.151403 ], [ -71.186053, -33.150945 ], [ -71.185001, -33.150864 ], [ -71.183993, -33.150631 ], [ -71.183006, -33.150505 ], [ -71.181911, -33.150289 ], [ -71.180044, -33.14976 ], [ -71.179637, -33.149607 ], [ -71.178961, -33.149014 ], [ -71.178854, -33.148565 ], [ -71.178939, -33.148223 ], [ -71.178939, -33.147864 ], [ -71.179229, -33.147118 ], [ -71.180162, -33.145888 ], [ -71.180742, -33.145385 ], [ -71.180946, -33.145106 ], [ -71.181053, -33.14481 ], [ -71.181139, -33.144019 ], [ -71.181257, -33.143588 ], [ -71.1816, -33.143085 ], [ -71.181836, -33.14286 ], [ -71.180205, -33.14278 ], [ -71.179996, -33.142649 ], [ -71.179519, -33.142133 ], [ -71.178741, -33.14181 ], [ -71.17836, -33.141724 ], [ -71.176423, -33.141796 ], [ -71.175335, -33.141693 ], [ -71.173275, -33.142277 ], [ -71.172298, -33.142393 ], [ -71.171064, -33.14233 ], [ -71.169498, -33.141917 ], [ -71.166344, -33.140457 ], [ -71.165453, -33.140318 ], [ -71.163275, -33.140314 ], [ -71.162766, -33.140264 ], [ -71.161172, -33.13986 ], [ -71.160625, -33.139797 ], [ -71.159756, -33.139851 ], [ -71.15804, -33.139761 ], [ -71.15554, -33.139842 ], [ -71.154327, -33.140076 ], [ -71.152514, -33.140192 ], [ -71.151817, -33.140345 ], [ -71.151538, -33.140354 ], [ -71.151227, -33.140255 ], [ -71.150787, -33.139833 ], [ -71.15009, -33.139321 ], [ -71.149961, -33.139159 ], [ -71.149467, -33.138773 ], [ -71.149306, -33.138584 ], [ -71.149145, -33.138135 ], [ -71.14906, -33.138045 ], [ -71.14819, -33.137614 ], [ -71.147064, -33.137327 ], [ -71.14583, -33.137533 ], [ -71.144607, -33.137524 ], [ -71.14347, -33.137228 ], [ -71.143126, -33.137066 ], [ -71.142461, -33.136922 ], [ -71.141388, -33.136581 ], [ -71.141034, -33.136401 ], [ -71.140809, -33.136446 ], [ -71.140595, -33.136572 ], [ -71.140069, -33.137093 ], [ -71.139307, -33.13738 ], [ -71.138202, -33.137623 ], [ -71.137612, -33.137668 ], [ -71.136496, -33.137668 ], [ -71.136249, -33.137623 ], [ -71.135413, -33.137048 ], [ -71.134232, -33.135889 ], [ -71.134238, -33.135775 ], [ -71.134404, -33.135521 ], [ -71.134758, -33.135242 ], [ -71.135069, -33.134811 ], [ -71.135681, -33.134263 ], [ -71.136657, -33.133589 ], [ -71.136893, -33.133275 ], [ -71.137033, -33.132888 ], [ -71.137011, -33.132143 ], [ -71.137065, -33.13181 ], [ -71.13729, -33.131226 ], [ -71.137236, -33.129807 ], [ -71.137108, -33.129106 ], [ -71.137204, -33.128288 ], [ -71.137193, -33.127561 ], [ -71.137118, -33.126986 ], [ -71.137204, -33.126051 ], [ -71.137151, -33.125737 ], [ -71.137075, -33.125539 ], [ -71.13655, -33.124955 ], [ -71.135885, -33.124541 ], [ -71.135069, -33.123814 ], [ -71.134994, -33.123499 ], [ -71.134973, -33.122852 ], [ -71.135241, -33.12181 ], [ -71.135302, -33.121132 ], [ -71.132054, -33.121307 ], [ -71.131368, -33.121307 ], [ -71.1311, -33.121217 ], [ -71.130466, -33.12084 ], [ -71.130037, -33.120363 ], [ -71.129158, -33.119707 ], [ -71.128589, -33.11942 ], [ -71.127559, -33.11906 ], [ -71.126282, -33.118791 ], [ -71.12595, -33.118629 ], [ -71.125563, -33.118333 ], [ -71.125156, -33.117856 ], [ -71.124287, -33.117173 ], [ -71.122978, -33.116571 ], [ -71.12227, -33.11605 ], [ -71.120735, -33.115107 ], [ -71.120559, -33.115076 ], [ -71.117517, -33.116158 ], [ -71.115736, -33.117047 ], [ -71.113236, -33.117811 ], [ -71.111938, -33.118314 ], [ -71.110307, -33.118755 ], [ -71.109964, -33.118503 ], [ -71.10961, -33.117964 ], [ -71.109213, -33.11756 ], [ -71.108612, -33.117092 ], [ -71.107915, -33.116391 ], [ -71.107217, -33.115933 ], [ -71.106166, -33.115574 ], [ -71.105543, -33.115196 ], [ -71.105103, -33.114819 ], [ -71.104728, -33.114109 ], [ -71.104353, -33.113822 ], [ -71.103752, -33.113534 ], [ -71.102024, -33.112914 ], [ -71.100243, -33.111728 ], [ -71.099921, -33.111584 ], [ -71.098967, -33.111233 ], [ -71.097025, -33.110946 ], [ -71.09652, -33.110568 ], [ -71.095909, -33.109786 ], [ -71.094686, -33.108942 ], [ -71.093152, -33.108277 ], [ -71.091628, -33.107971 ], [ -71.09107, -33.107782 ], [ -71.090373, -33.107126 ], [ -71.08975, -33.106416 ], [ -71.089482, -33.106183 ], [ -71.089161, -33.106003 ], [ -71.08768, -33.105491 ], [ -71.086521, -33.105383 ], [ -71.08606, -33.105284 ], [ -71.085663, -33.105086 ], [ -71.084665, -33.104394 ], [ -71.083227, -33.103918 ], [ -71.082712, -33.103567 ], [ -71.082197, -33.103109 ], [ -71.080846, -33.101725 ], [ -71.079622, -33.100611 ], [ -71.078786, -33.100377 ], [ -71.077616, -33.099936 ], [ -71.076018, -33.099137 ], [ -71.075374, -33.098768 ], [ -71.073421, -33.097186 ], [ -71.072745, -33.096818 ], [ -71.071951, -33.096557 ], [ -71.071426, -33.096476 ], [ -71.070707, -33.096476 ], [ -71.070009, -33.096395 ], [ -71.069344, -33.09644 ], [ -71.068829, -33.097042 ], [ -71.068389, -33.097977 ], [ -71.067778, -33.098516 ], [ -71.066727, -33.099316 ], [ -71.065975, -33.100341 ], [ -71.065804, -33.100485 ], [ -71.065385, -33.100727 ], [ -71.063765, -33.101258 ], [ -71.062809, -33.101695 ], [ -71.06266, -33.101698 ], [ -71.060976, -33.101411 ], [ -71.060225, -33.101078 ], [ -71.059195, -33.10026 ], [ -71.058165, -33.099766 ], [ -71.057532, -33.09937 ], [ -71.057146, -33.099235 ], [ -71.055429, -33.098948 ], [ -71.053584, -33.098373 ], [ -71.053079, -33.098373 ], [ -71.051835, -33.098516 ], [ -71.05058, -33.098436 ], [ -71.047833, -33.098436 ], [ -71.047264, -33.098498 ], [ -71.045548, -33.098472 ], [ -71.044829, -33.098364 ], [ -71.042082, -33.096845 ], [ -71.041514, -33.096638 ], [ -71.039422, -33.096908 ], [ -71.038467, -33.096863 ], [ -71.037973, -33.096755 ], [ -71.037008, -33.096144 ], [ -71.036257, -33.095326 ], [ -71.035624, -33.094921 ], [ -71.035377, -33.09484 ], [ -71.03484, -33.094777 ], [ -71.034089, -33.094795 ], [ -71.033853, -33.094724 ], [ -71.033338, -33.094409 ], [ -71.032802, -33.093645 ], [ -71.03204, -33.091892 ], [ -71.031847, -33.091595 ], [ -71.030506, -33.090238 ], [ -71.030281, -33.089951 ], [ -71.030248, -33.089447 ], [ -71.030656, -33.088045 ], [ -71.030463, -33.087263 ], [ -71.030045, -33.086301 ], [ -71.030002, -33.085096 ], [ -71.029862, -33.084683 ], [ -71.029669, -33.084431 ], [ -71.029159, -33.084036 ], [ -71.028049, -33.084314 ], [ -71.027389, -33.084683 ], [ -71.02688, -33.085105 ], [ -71.026279, -33.085852 ], [ -71.025678, -33.086382 ], [ -71.024412, -33.087236 ], [ -71.02379, -33.087497 ], [ -71.022685, -33.088369 ], [ -71.021858, -33.088782 ], [ -71.021429, -33.089141 ], [ -71.02085, -33.089897 ], [ -71.020517, -33.090184 ], [ -71.020174, -33.090382 ], [ -71.019745, -33.090517 ], [ -71.019262, -33.090804 ], [ -71.01909, -33.090984 ], [ -71.018693, -33.091622 ], [ -71.018372, -33.092413 ], [ -71.017749, -33.093016 ], [ -71.016279, -33.094004 ], [ -71.015872, -33.094364 ], [ -71.015003, -33.095362 ], [ -71.015561, -33.096575 ], [ -71.015711, -33.098247 ], [ -71.015958, -33.098615 ], [ -71.016161, -33.099209 ], [ -71.016719, -33.100395 ], [ -71.016848, -33.100799 ], [ -71.016998, -33.101572 ], [ -71.016913, -33.102633 ], [ -71.017213, -33.103693 ], [ -71.017342, -33.104493 ], [ -71.017728, -33.105365 ], [ -71.018093, -33.105994 ], [ -71.018597, -33.10656 ], [ -71.01923, -33.107459 ], [ -71.019959, -33.108286 ], [ -71.020077, -33.108528 ], [ -71.020153, -33.108987 ], [ -71.020013, -33.109786 ], [ -71.019906, -33.111575 ], [ -71.019659, -33.112851 ], [ -71.01923, -33.114109 ], [ -71.019069, -33.114774 ], [ -71.01909, -33.115133 ], [ -71.01938, -33.116347 ], [ -71.019391, -33.116688 ], [ -71.018887, -33.118737 ], [ -71.018801, -33.119483 ], [ -71.018597, -33.119977 ], [ -71.018372, -33.120336 ], [ -71.016773, -33.122394 ], [ -71.016237, -33.123454 ], [ -71.016129, -33.123967 ], [ -71.015507, -33.125341 ], [ -71.015389, -33.125934 ], [ -71.014874, -33.12739 ], [ -71.014681, -33.128657 ], [ -71.014026, -33.129483 ], [ -71.013587, -33.129933 ], [ -71.013018, -33.130696 ], [ -71.012878, -33.130984 ], [ -71.012363, -33.132691 ], [ -71.012353, -33.133293 ], [ -71.012589, -33.134146 ], [ -71.01275, -33.134434 ], [ -71.01276, -33.135152 ], [ -71.012535, -33.136329 ], [ -71.011999, -33.137982 ], [ -71.012074, -33.138764 ], [ -71.012213, -33.13942 ], [ -71.012503, -33.139986 ], [ -71.013629, -33.14083 ], [ -71.013705, -33.141001 ], [ -71.013629, -33.141621 ], [ -71.013426, -33.142322 ], [ -71.01261, -33.143714 ], [ -71.012406, -33.144217 ], [ -71.012363, -33.145457 ], [ -71.012052, -33.14675 ], [ -71.01187, -33.147244 ], [ -71.011773, -33.147837 ], [ -71.011763, -33.148601 ], [ -71.011859, -33.149185 ], [ -71.011827, -33.14976 ], [ -71.011655, -33.150586 ], [ -71.011205, -33.151817 ], [ -71.011216, -33.152158 ], [ -71.011323, -33.152661 ], [ -71.011269, -33.152966 ], [ -71.011108, -33.153245 ], [ -71.010593, -33.153829 ], [ -71.009681, -33.154385 ], [ -71.009284, -33.154574 ], [ -71.008726, -33.154745 ], [ -71.007804, -33.154879 ], [ -71.007096, -33.154862 ], [ -71.006259, -33.154781 ], [ -71.005207, -33.154466 ], [ -71.005089, -33.154439 ], [ -71.004993, -33.154484 ], [ -71.004971, -33.154781 ], [ -71.005154, -33.155634 ], [ -71.005154, -33.156299 ], [ -71.005079, -33.156757 ], [ -71.004821, -33.157305 ], [ -71.004231, -33.157978 ], [ -71.004049, -33.158113 ], [ -71.002686, -33.160107 ], [ -71.001892, -33.160843 ], [ -71.001527, -33.161418 ], [ -71.001163, -33.161867 ], [ -71.000594, -33.162487 ], [ -70.99951, -33.163511 ], [ -70.998684, -33.164562 ], [ -70.997622, -33.166142 ], [ -70.997311, -33.16678 ], [ -70.996893, -33.167427 ], [ -70.995916, -33.168621 ], [ -70.995669, -33.169088 ], [ -70.99539, -33.169977 ], [ -70.994843, -33.171387 ], [ -70.994178, -33.172447 ], [ -70.993663, -33.173075 ], [ -70.993084, -33.173632 ], [ -70.99211, -33.174169 ], [ -70.991354, -33.174409 ], [ -70.990455, -33.174568 ], [ -70.989948, -33.17453 ], [ -70.989412, -33.174595 ], [ -70.988607, -33.17488 ], [ -70.988283, -33.175148 ], [ -70.987596, -33.175428 ], [ -70.987033, -33.175617 ], [ -70.986303, -33.175725 ], [ -70.985434, -33.176003 ], [ -70.985488, -33.176416 ], [ -70.985423, -33.177264 ], [ -70.985321, -33.177776 ], [ -70.985037, -33.178391 ], [ -70.984887, -33.178872 ], [ -70.984935, -33.179747 ], [ -70.985059, -33.180205 ], [ -70.986662, -33.181103 ], [ -70.988685, -33.181328 ], [ -70.989425, -33.181463 ], [ -70.990412, -33.181427 ], [ -70.991281, -33.181615 ], [ -70.992215, -33.181956 ], [ -70.992547, -33.182145 ], [ -70.992773, -33.182369 ], [ -70.99318, -33.182917 ], [ -70.993459, -33.183411 ], [ -70.995176, -33.185512 ], [ -70.995369, -33.186114 ], [ -70.995487, -33.187012 ], [ -70.996066, -33.188116 ], [ -70.996335, -33.188466 ], [ -70.996828, -33.189382 ], [ -70.997043, -33.18993 ], [ -70.997161, -33.190495 ], [ -70.997322, -33.191968 ], [ -70.997354, -33.193898 ], [ -70.997472, -33.194796 ], [ -70.997568, -33.195128 ], [ -70.997472, -33.19617 ], [ -70.997483, -33.19713 ], [ -70.997547, -33.197642 ], [ -70.997815, -33.198441 ], [ -70.999113, -33.198522 ], [ -71.000218, -33.19827 ], [ -71.000819, -33.198243 ], [ -71.002257, -33.19792 ], [ -71.002986, -33.197947 ], [ -71.004338, -33.198109 ], [ -71.005969, -33.198154 ], [ -71.00686, -33.198414 ], [ -71.007546, -33.198917 ], [ -71.007922, -33.19933 ], [ -71.008297, -33.199626 ], [ -71.008855, -33.19994 ], [ -71.009209, -33.200075 ], [ -71.009467, -33.200102 ], [ -71.010261, -33.199985 ], [ -71.011452, -33.19959 ], [ -71.011752, -33.199563 ], [ -71.012256, -33.199563 ], [ -71.014198, -33.20003 ], [ -71.015056, -33.200272 ], [ -71.015346, -33.200452 ], [ -71.015561, -33.200784 ], [ -71.015829, -33.202068 ], [ -71.016108, -33.202553 ], [ -71.016408, -33.202965 ], [ -71.016601, -33.203109 ], [ -71.017116, -33.203199 ], [ -71.018404, -33.203082 ], [ -71.019198, -33.202831 ], [ -71.019627, -33.202427 ], [ -71.020217, -33.202059 ], [ -71.021601, -33.201538 ], [ -71.022738, -33.201332 ], [ -71.024015, -33.201296 ], [ -71.025721, -33.201422 ], [ -71.026247, -33.201547 ], [ -71.027019, -33.201951 ], [ -71.027223, -33.202355 ], [ -71.027148, -33.203217 ], [ -71.028167, -33.204671 ], [ -71.028811, -33.205362 ], [ -71.028875, -33.205569 ], [ -71.028585, -33.20626 ], [ -71.028146, -33.206754 ], [ -71.027695, -33.207661 ], [ -71.02733, -33.20802 ], [ -71.027116, -33.208316 ], [ -71.026676, -33.209124 ], [ -71.026568, -33.209546 ], [ -71.026536, -33.210183 ], [ -71.025978, -33.211897 ], [ -71.025914, -33.213459 ], [ -71.025946, -33.213836 ], [ -71.026118, -33.214375 ], [ -71.026536, -33.214913 ], [ -71.026858, -33.215497 ], [ -71.027319, -33.215856 ], [ -71.027942, -33.215955 ], [ -71.028414, -33.215964 ], [ -71.030087, -33.215892 ], [ -71.030999, -33.21573 ], [ -71.032029, -33.215407 ], [ -71.032362, -33.215201 ], [ -71.033027, -33.214949 ], [ -71.033231, -33.214671 ], [ -71.032909, -33.213459 ], [ -71.032866, -33.212319 ], [ -71.032963, -33.211754 ], [ -71.033306, -33.211018 ], [ -71.033832, -33.210515 ], [ -71.035345, -33.209806 ], [ -71.035774, -33.209564 ], [ -71.036299, -33.20916 ], [ -71.036675, -33.208998 ], [ -71.03719, -33.208145 ], [ -71.037362, -33.207607 ], [ -71.037673, -33.207005 ], [ -71.037887, -33.206754 ], [ -71.038542, -33.206332 ], [ -71.039454, -33.205901 ], [ -71.039947, -33.205775 ], [ -71.040216, -33.205793 ], [ -71.040334, -33.205865 ], [ -71.04057, -33.206134 ], [ -71.040881, -33.206628 ], [ -71.041964, -33.207768 ], [ -71.042619, -33.208612 ], [ -71.043477, -33.209222 ], [ -71.044314, -33.209546 ], [ -71.046202, -33.209707 ], [ -71.047146, -33.209734 ], [ -71.047672, -33.209689 ], [ -71.047897, -33.209608 ], [ -71.04926, -33.208648 ], [ -71.049689, -33.208226 ], [ -71.049914, -33.207831 ], [ -71.050043, -33.20723 ], [ -71.050386, -33.206619 ], [ -71.050644, -33.20635 ], [ -71.051502, -33.205793 ], [ -71.052082, -33.205569 ], [ -71.052822, -33.205389 ], [ -71.054903, -33.20503 ], [ -71.05662, -33.204501 ], [ -71.057103, -33.204492 ], [ -71.057328, -33.206063 ], [ -71.057661, -33.206772 ], [ -71.057897, -33.20714 ], [ -71.057993, -33.207445 ], [ -71.058025, -33.208091 ], [ -71.057918, -33.208522 ], [ -71.057843, -33.209348 ], [ -71.057832, -33.210712 ], [ -71.058004, -33.211628 ], [ -71.05839, -33.21258 ], [ -71.058691, -33.213073 ], [ -71.05897, -33.213441 ], [ -71.059903, -33.21442 ], [ -71.06016, -33.214752 ], [ -71.060429, -33.215237 ], [ -71.060557, -33.215533 ], [ -71.06059, -33.216233 ], [ -71.060686, -33.21661 ], [ -71.060911, -33.217059 ], [ -71.061201, -33.217965 ], [ -71.061201, -33.218279 ], [ -71.060954, -33.218683 ], [ -71.060472, -33.219294 ], [ -71.060225, -33.219823 ], [ -71.06016, -33.220254 ], [ -71.060289, -33.221026 ], [ -71.060321, -33.221717 ], [ -71.060257, -33.222264 ], [ -71.05957, -33.223395 ], [ -71.059538, -33.224203 ], [ -71.059763, -33.225271 ], [ -71.059935, -33.225783 ], [ -71.060182, -33.226007 ], [ -71.060439, -33.226151 ], [ -71.061223, -33.226177 ], [ -71.061759, -33.226303 ], [ -71.062725, -33.226806 ], [ -71.063422, -33.22729 ], [ -71.064055, -33.227631 ], [ -71.065546, -33.228322 ], [ -71.066501, -33.228951 ], [ -71.067059, -33.229202 ], [ -71.067628, -33.229328 ], [ -71.068261, -33.229615 ], [ -71.068658, -33.229714 ], [ -71.070267, -33.229696 ], [ -71.071876, -33.229893 ], [ -71.072842, -33.230135 ], [ -71.07443, -33.230737 ], [ -71.074794, -33.230674 ], [ -71.075331, -33.230234 ], [ -71.076404, -33.228978 ], [ -71.077616, -33.228179 ], [ -71.078657, -33.227236 ], [ -71.080588, -33.225872 ], [ -71.081189, -33.225531 ], [ -71.081779, -33.225325 ], [ -71.083614, -33.224858 ], [ -71.084901, -33.224445 ], [ -71.085684, -33.224095 ], [ -71.087058, -33.223368 ], [ -71.087444, -33.223063 ], [ -71.087851, -33.222641 ], [ -71.089075, -33.221753 ], [ -71.09151, -33.220694 ], [ -71.092594, -33.220074 ], [ -71.093398, -33.219697 ], [ -71.093785, -33.219697 ], [ -71.0943, -33.219904 ], [ -71.095297, -33.220182 ], [ -71.096263, -33.220371 ], [ -71.097454, -33.220505 ], [ -71.098259, -33.220433 ], [ -71.099546, -33.220155 ], [ -71.100329, -33.220191 ], [ -71.101166, -33.220397 ], [ -71.102582, -33.22055 ], [ -71.104192, -33.220613 ], [ -71.107131, -33.220056 ], [ -71.107775, -33.220065 ], [ -71.108161, -33.220128 ], [ -71.108708, -33.220272 ], [ -71.109374, -33.220362 ], [ -71.109556, -33.220469 ], [ -71.109856, -33.220546 ], [ -71.110307, -33.220546 ], [ -71.110803, -33.220346 ], [ -71.111358, -33.220932 ], [ -71.112131, -33.22147 ], [ -71.112978, -33.22217 ], [ -71.11381, -33.223189 ], [ -71.113869, -33.223467 ], [ -71.113966, -33.223611 ], [ -71.114998, -33.224715 ], [ -71.115175, -33.225199 ], [ -71.115068, -33.225879 ], [ -71.115097, -33.226204 ], [ -71.115253, -33.226532 ], [ -71.115612, -33.22703 ], [ -71.116275, -33.227447 ], [ -71.11731, -33.22784 ], [ -71.117474, -33.227966 ], [ -71.117589, -33.228511 ], [ -71.117941, -33.229393 ], [ -71.118354, -33.230171 ], [ -71.119072, -33.23075 ], [ -71.119394, -33.230903 ], [ -71.119818, -33.231208 ], [ -71.121084, -33.231854 ], [ -71.122468, -33.231993 ], [ -71.123058, -33.232163 ], [ -71.123241, -33.232289 ], [ -71.123536, -33.232379 ], [ -71.124373, -33.232509 ], [ -71.125059, -33.232967 ], [ -71.12699, -33.233613 ], [ -71.128739, -33.23368 ], [ -71.128927, -33.233792 ], [ -71.129184, -33.234169 ], [ -71.13037, -33.235125 ], [ -71.130665, -33.235295 ], [ -71.131357, -33.235551 ], [ -71.132049, -33.235677 ], [ -71.133535, -33.235722 ], [ -71.134447, -33.235488 ], [ -71.135155, -33.23552 ], [ -71.135745, -33.236309 ], [ -71.136126, -33.236641 ], [ -71.136968, -33.236897 ], [ -71.137338, -33.236951 ], [ -71.137708, -33.237135 ], [ -71.139135, -33.2374 ], [ -71.139688, -33.237718 ], [ -71.140246, -33.237961 ], [ -71.140348, -33.237602 ], [ -71.140643, -33.23722 ], [ -71.141174, -33.236924 ], [ -71.141565, -33.236511 ], [ -71.142182, -33.236058 ], [ -71.143191, -33.235506 ], [ -71.143942, -33.235322 ], [ -71.14457, -33.234941 ], [ -71.145026, -33.234591 ], [ -71.145868, -33.23421 ], [ -71.146399, -33.233765 ], [ -71.146426, -33.233671 ], [ -71.146882, -33.233133 ], [ -71.147643, -33.232603 ], [ -71.147874, -33.232514 ], [ -71.148239, -33.232464 ], [ -71.148866, -33.232204 ], [ -71.149231, -33.231603 ], [ -71.149333, -33.23128 ], [ -71.149537, -33.230939 ], [ -71.149854, -33.230714 ], [ -71.150063, -33.230373 ], [ -71.150245, -33.230189 ], [ -71.151098, -33.229714 ], [ -71.151495, -33.229144 ], [ -71.152165, -33.228551 ], [ -71.153458, -33.228385 ], [ -71.155261, -33.227941 ], [ -71.1562, -33.227811 ], [ -71.156977, -33.227555 ], [ -71.158023, -33.227542 ], [ -71.159005, -33.227416 ], [ -71.159574, -33.227214 ], [ -71.159858, -33.227039 ], [ -71.160545, -33.226424 ], [ -71.16099, -33.225877 ], [ -71.161306, -33.225662 ], [ -71.162058, -33.225325 ], [ -71.163324, -33.225352 ], [ -71.163895, -33.225516 ], [ -71.164214, -33.22594 ], [ -71.164348, -33.226373 ], [ -71.164523, -33.226718 ], [ -71.164592, -33.227573 ], [ -71.164573, -33.228242 ], [ -71.16474, -33.228462 ], [ -71.16526, -33.228789 ], [ -71.166615, -33.229464 ], [ -71.167084, -33.229538 ], [ -71.167755, -33.229545 ], [ -71.168291, -33.229633 ], [ -71.168538, -33.229745 ], [ -71.168795, -33.229906 ], [ -71.169123, -33.23036 ], [ -71.169198, -33.230988 ], [ -71.169257, -33.231113 ], [ -71.16953, -33.23132 ], [ -71.170426, -33.231499 ], [ -71.170807, -33.231674 ], [ -71.170968, -33.231661 ], [ -71.172438, -33.230813 ], [ -71.173462, -33.230544 ], [ -71.173918, -33.230176 ], [ -71.174852, -33.229754 ], [ -71.175447, -33.229153 ], [ -71.175919, -33.228973 ], [ -71.176761, -33.228785 ], [ -71.177663, -33.228749 ], [ -71.178022, -33.228673 ], [ -71.178746, -33.22839 ], [ -71.179492, -33.228179 ], [ -71.179894, -33.227932 ], [ -71.182767, -33.22723 ], [ -71.183448, -33.227127 ], [ -71.184411, -33.226828 ], [ -71.18454, -33.226835 ], [ -71.185334, -33.227519 ], [ -71.185516, -33.227618 ], [ -71.185757, -33.227672 ], [ -71.18697, -33.227699 ], [ -71.18808, -33.227261 ], [ -71.188552, -33.226936 ], [ -71.188772, -33.226667 ], [ -71.189298, -33.226427 ], [ -71.190773, -33.227003 ], [ -71.191388, -33.227089 ], [ -71.192007, -33.227053 ], [ -71.192291, -33.227142 ], [ -71.192517, -33.227322 ], [ -71.192828, -33.227461 ], [ -71.193793, -33.228161 ], [ -71.19441, -33.228426 ], [ -71.194754, -33.228511 ], [ -71.195762, -33.228682 ], [ -71.196282, -33.228403 ], [ -71.196867, -33.228197 ], [ -71.198455, -33.228318 ], [ -71.199458, -33.228287 ], [ -71.199769, -33.228488 ], [ -71.200204, -33.228569 ], [ -71.200504, -33.228758 ], [ -71.200896, -33.22904 ], [ -71.201599, -33.229839 ], [ -71.202495, -33.230391 ], [ -71.202784, -33.230633 ], [ -71.20353, -33.230898 ], [ -71.204651, -33.231508 ], [ -71.2053, -33.231782 ], [ -71.205858, -33.231872 ], [ -71.206722, -33.232123 ], [ -71.207741, -33.232038 ], [ -71.20824, -33.232114 ], [ -71.208814, -33.23202 ], [ -71.209339, -33.232042 ], [ -71.209924, -33.231845 ], [ -71.210871, -33.231809 ], [ -71.211694, -33.232487 ], [ -71.212344, -33.23285 ], [ -71.21318, -33.233218 ], [ -71.214328, -33.234001 ], [ -71.214707, -33.234153 ], [ -71.215517, -33.234286 ], [ -71.215788, -33.234281 ], [ -71.215734, -33.234613 ], [ -71.215879, -33.235565 ], [ -71.215739, -33.236166 ], [ -71.215471, -33.23674 ], [ -71.215428, -33.237638 ], [ -71.21516, -33.238598 ], [ -71.215192, -33.238777 ], [ -71.216394, -33.239522 ], [ -71.217145, -33.239827 ], [ -71.217606, -33.239872 ], [ -71.218153, -33.239755 ], [ -71.219409, -33.239692 ], [ -71.220245, -33.239737 ], [ -71.220621, -33.239818 ], [ -71.221533, -33.240375 ], [ -71.221941, -33.240724 ], [ -71.222295, -33.241151 ], [ -71.222761, -33.242528 ], [ -71.223008, -33.243022 ], [ -71.224017, -33.244085 ], [ -71.224929, -33.245274 ], [ -71.225514, -33.246352 ], [ -71.226015, -33.246078 ], [ -71.22697, -33.245097 ], [ -71.228026, -33.24452 ], [ -71.229681, -33.242306 ], [ -71.230199, -33.241824 ], [ -71.230864, -33.24145 ], [ -71.231594, -33.241469 ], [ -71.232466, -33.24141 ], [ -71.232901, -33.241324 ], [ -71.234554, -33.240334 ], [ -71.236738, -33.239287 ], [ -71.237364, -33.239235 ], [ -71.237898, -33.239357 ], [ -71.238144, -33.239471 ], [ -71.239157, -33.239684 ], [ -71.239559, -33.239645 ], [ -71.241101, -33.239232 ], [ -71.241714, -33.239126 ], [ -71.242785, -33.239031 ], [ -71.244546, -33.23904 ], [ -71.24477, -33.237828 ], [ -71.245641, -33.236331 ], [ -71.246214, -33.235505 ], [ -71.247341, -33.234631 ], [ -71.24806, -33.234353 ], [ -71.248918, -33.23425 ], [ -71.24987, -33.233985 ], [ -71.251243, -33.233267 ], [ -71.251822, -33.232655 ], [ -71.252102, -33.232106 ], [ -71.252393, -33.231854 ], [ -71.252614, -33.231806 ], [ -71.253006, -33.232116 ], [ -71.253942, -33.233187 ], [ -71.254843, -33.233759 ], [ -71.255511, -33.233902 ], [ -71.256954, -33.23372 ], [ -71.257558, -33.233557 ], [ -71.258394, -33.233635 ], [ -71.259277, -33.23379 ], [ -71.259845, -33.233805 ], [ -71.260701, -33.233508 ], [ -71.261708, -33.232483 ], [ -71.262448, -33.231628 ], [ -71.264014, -33.230086 ], [ -71.264789, -33.22911 ], [ -71.265231, -33.22845 ], [ -71.265597, -33.227046 ], [ -71.265851, -33.226416 ], [ -71.266231, -33.225098 ], [ -71.266639, -33.224301 ], [ -71.267122, -33.223584 ], [ -71.267401, -33.223391 ], [ -71.268688, -33.223523 ], [ -71.271678, -33.224414 ], [ -71.272983, -33.22495 ], [ -71.273614, -33.224708 ], [ -71.27522, -33.222592 ], [ -71.276534, -33.219967 ], [ -71.277317, -33.218939 ], [ -71.277689, -33.218545 ], [ -71.278996, -33.216836 ], [ -71.28054, -33.215525 ], [ -71.280915, -33.21514 ], [ -71.281129, -33.214831 ], [ -71.281455, -33.214659 ], [ -71.281899, -33.214563 ], [ -71.282628, -33.214766 ], [ -71.283798, -33.215254 ], [ -71.284719, -33.215419 ], [ -71.285397, -33.21545 ], [ -71.285766, -33.215409 ], [ -71.286302, -33.21524 ], [ -71.286582, -33.21506 ], [ -71.286978, -33.214577 ], [ -71.287165, -33.214442 ], [ -71.287488, -33.214298 ], [ -71.287788, -33.214261 ], [ -71.28825, -33.214456 ], [ -71.288949, -33.214934 ], [ -71.290161, -33.215484 ], [ -71.29029, -33.215592 ], [ -71.290408, -33.215807 ], [ -71.290514, -33.216242 ], [ -71.29068, -33.216376 ], [ -71.2911, -33.216503 ], [ -71.291351, -33.21665 ], [ -71.291404, -33.216987 ], [ -71.29154, -33.217261 ], [ -71.291755, -33.217369 ], [ -71.292871, -33.21723 ], [ -71.293534, -33.217058 ], [ -71.293922, -33.217055 ], [ -71.294196, -33.21714 ], [ -71.294389, -33.217131 ], [ -71.294614, -33.216992 ], [ -71.294882, -33.216694 ], [ -71.295223, -33.215891 ], [ -71.295589, -33.215364 ], [ -71.296186, -33.215033 ], [ -71.296529, -33.214421 ], [ -71.297468, -33.213375 ], [ -71.297874, -33.211933 ], [ -71.297881, -33.211633 ], [ -71.297747, -33.211064 ], [ -71.297833, -33.210444 ], [ -71.297804, -33.209855 ], [ -71.297834, -33.209707 ], [ -71.297984, -33.209487 ], [ -71.298644, -33.209027 ], [ -71.299617, -33.208791 ], [ -71.299971, -33.208598 ], [ -71.300513, -33.207894 ], [ -71.301125, -33.207315 ], [ -71.302297, -33.205982 ], [ -71.303337, -33.205811 ], [ -71.303708, -33.205681 ], [ -71.304386, -33.205178 ], [ -71.305049, -33.204828 ], [ -71.305443, -33.204371 ], [ -71.305942, -33.204043 ], [ -71.306218, -33.203639 ], [ -71.306351, -33.203558 ], [ -71.306787, -33.203825 ], [ -71.307449, -33.204052 ], [ -71.309383, -33.204222 ], [ -71.309855, -33.204169 ], [ -71.310185, -33.203989 ], [ -71.310888, -33.203399 ], [ -71.311502, -33.203013 ], [ -71.312591, -33.20284 ], [ -71.313769, -33.202422 ], [ -71.314477, -33.202368 ], [ -71.315363, -33.201623 ], [ -71.315973, -33.201352 ], [ -71.316405, -33.201325 ], [ -71.317481, -33.201338 ], [ -71.318071, -33.20165 ], [ -71.31872, -33.201843 ], [ -71.319707, -33.201879 ], [ -71.320128, -33.201803 ], [ -71.320496, -33.201965 ], [ -71.320825, -33.20227 ], [ -71.321357, -33.202627 ], [ -71.322016, -33.202999 ], [ -71.322416, -33.203159 ], [ -71.322963, -33.203237 ], [ -71.32424, -33.203264 ], [ -71.324556, -33.203192 ], [ -71.325082, -33.202799 ], [ -71.325399, -33.202658 ], [ -71.327684, -33.202171 ], [ -71.328754, -33.201614 ], [ -71.329524, -33.201067 ], [ -71.330248, -33.20073 ], [ -71.330956, -33.200277 ], [ -71.331584, -33.199989 ], [ -71.332342, -33.199856 ], [ -71.332987, -33.199987 ], [ -71.333581, -33.200314 ], [ -71.33422, -33.200493 ], [ -71.335668, -33.200552 ], [ -71.336843, -33.200767 ], [ -71.337686, -33.201183 ], [ -71.338162, -33.201299 ], [ -71.338925, -33.20119 ], [ -71.339338, -33.201327 ], [ -71.34029, -33.201282 ], [ -71.34271, -33.201682 ], [ -71.342844, -33.201848 ], [ -71.343595, -33.202283 ], [ -71.344414, -33.202607 ], [ -71.34476, -33.202858 ], [ -71.34491, -33.203009 ], [ -71.34539, -33.203802 ], [ -71.345545, -33.203924 ], [ -71.345747, -33.204441 ], [ -71.345806, -33.203853 ], [ -71.345718, -33.203515 ], [ -71.344998, -33.202438 ], [ -71.34477, -33.202238 ], [ -71.344839, -33.202018 ], [ -71.344681, -33.201549 ], [ -71.344629, -33.200697 ], [ -71.344917, -33.200332 ], [ -71.345791, -33.199775 ], [ -71.345893, -33.199591 ], [ -71.345962, -33.199411 ], [ -71.346019, -33.198594 ], [ -71.346281, -33.198025 ], [ -71.346668, -33.197375 ], [ -71.346929, -33.196521 ], [ -71.347116, -33.196222 ], [ -71.347319, -33.196049 ], [ -71.3474, -33.195879 ], [ -71.347659, -33.19487 ], [ -71.348298, -33.193544 ], [ -71.348396, -33.193224 ], [ -71.34864, -33.192768 ], [ -71.349093, -33.192287 ], [ -71.34969, -33.19189 ], [ -71.349941, -33.191791 ], [ -71.350015, -33.191678 ], [ -71.34987, -33.191463 ], [ -71.349886, -33.190837 ], [ -71.350063, -33.190388 ], [ -71.350453, -33.190048 ], [ -71.351086, -33.190151 ], [ -71.351258, -33.190112 ], [ -71.351601, -33.189695 ], [ -71.352407, -33.189283 ], [ -71.352699, -33.18869 ], [ -71.352892, -33.18851 ], [ -71.353169, -33.188398 ], [ -71.353805, -33.188308 ], [ -71.354309, -33.188019 ], [ -71.355034, -33.187828 ], [ -71.355525, -33.187411 ], [ -71.356494, -33.187323 ], [ -71.357321, -33.187096 ], [ -71.358253, -33.187121 ], [ -71.358388, -33.187084 ], [ -71.358493, -33.18674 ], [ -71.359005, -33.186222 ], [ -71.359183, -33.185902 ], [ -71.359517, -33.185704 ], [ -71.359863, -33.185235 ], [ -71.359943, -33.184999 ], [ -71.359994, -33.184134 ], [ -71.360098, -33.183815 ], [ -71.360078, -33.183401 ], [ -71.360283, -33.182901 ], [ -71.360512, -33.18265 ], [ -71.360812, -33.182461 ], [ -71.3624, -33.181621 ], [ -71.36288, -33.181311 ], [ -71.363093, -33.181075 ], [ -71.363268, -33.180709 ], [ -71.363991, -33.17991 ], [ -71.364289, -33.179804 ], [ -71.364582, -33.179521 ], [ -71.36575, -33.179004 ], [ -71.366019, -33.178522 ], [ -71.366185, -33.177981 ], [ -71.367055, -33.177017 ], [ -71.367279, -33.176156 ], [ -71.367609, -33.175833 ], [ -71.368318, -33.175852 ], [ -71.368801, -33.176068 ], [ -71.36908, -33.176454 ], [ -71.369549, -33.176953 ], [ -71.369513, -33.177432 ], [ -71.370044, -33.178227 ], [ -71.370972, -33.178419 ], [ -71.372061, -33.178409 ], [ -71.37217, -33.178472 ], [ -71.372304, -33.178826 ], [ -71.372541, -33.179222 ], [ -71.373014, -33.179452 ], [ -71.37334, -33.179873 ], [ -71.373563, -33.180026 ], [ -71.374438, -33.179967 ], [ -71.37661, -33.179958 ], [ -71.376856, -33.180153 ], [ -71.377112, -33.180754 ], [ -71.37776, -33.181533 ], [ -71.378315, -33.182011 ], [ -71.37914, -33.182383 ], [ -71.37994, -33.183261 ], [ -71.380178, -33.183423 ], [ -71.381218, -33.183855 ], [ -71.381766, -33.183805 ], [ -71.383093, -33.183917 ], [ -71.383836, -33.183361 ], [ -71.385165, -33.181384 ], [ -71.386625, -33.179947 ], [ -71.387998, -33.180019 ], [ -71.38886, -33.180302 ], [ -71.389485, -33.180327 ], [ -71.390031, -33.180261 ], [ -71.390401, -33.179929 ], [ -71.390662, -33.178302 ], [ -71.391517, -33.177361 ], [ -71.391826, -33.175936 ], [ -71.392304, -33.175433 ], [ -71.392681, -33.174173 ], [ -71.393352, -33.173486 ], [ -71.394712, -33.173138 ], [ -71.395637, -33.17305 ], [ -71.396633, -33.17308 ], [ -71.398274, -33.173471 ], [ -71.400357, -33.173481 ], [ -71.401654, -33.17361 ], [ -71.402895, -33.173576 ], [ -71.404735, -33.172188 ], [ -71.40731, -33.171398 ], [ -71.408215, -33.171607 ], [ -71.409346, -33.171513 ], [ -71.412141, -33.17211 ], [ -71.412964, -33.17235 ], [ -71.413386, -33.172258 ], [ -71.413747, -33.171542 ], [ -71.414534, -33.170215 ], [ -71.415194, -33.169564 ], [ -71.416579, -33.168883 ], [ -71.418039, -33.167375 ], [ -71.418772, -33.166892 ], [ -71.419755, -33.166512 ], [ -71.423017, -33.166369 ], [ -71.424476, -33.165578 ], [ -71.426579, -33.163867 ], [ -71.42851, -33.16292 ], [ -71.429581, -33.162231 ], [ -71.430591, -33.161887 ], [ -71.431705, -33.161813 ], [ -71.434843, -33.162321 ], [ -71.436712, -33.162264 ], [ -71.438116, -33.16206 ], [ -71.439496, -33.16213 ], [ -71.440675, -33.162078 ], [ -71.441991, -33.162516 ], [ -71.442896, -33.162712 ], [ -71.444382, -33.162752 ], [ -71.444732, -33.162704 ], [ -71.445562, -33.162217 ], [ -71.4464, -33.161362 ], [ -71.446822, -33.160197 ], [ -71.447527, -33.159619 ], [ -71.448787, -33.159256 ], [ -71.450486, -33.158966 ], [ -71.451706, -33.158092 ], [ -71.453469, -33.154787 ], [ -71.453793, -33.154273 ], [ -71.453984, -33.154204 ], [ -71.455038, -33.154359 ], [ -71.45599, -33.154992 ], [ -71.456919, -33.155499 ], [ -71.457902, -33.155759 ], [ -71.459565, -33.155686 ], [ -71.460349, -33.15543 ], [ -71.461193, -33.154762 ], [ -71.461969, -33.15465 ], [ -71.462685, -33.15492 ], [ -71.463715, -33.15494 ], [ -71.464731, -33.154657 ], [ -71.466212, -33.153703 ], [ -71.467234, -33.153532 ], [ -71.46802, -33.153236 ], [ -71.468622, -33.152748 ], [ -71.46997, -33.150918 ], [ -71.472101, -33.149609 ], [ -71.474438, -33.147824 ], [ -71.475293, -33.146608 ], [ -71.47586, -33.146059 ], [ -71.476672, -33.145701 ], [ -71.477453, -33.144922 ], [ -71.477895, -33.143141 ], [ -71.477836, -33.142243 ], [ -71.478483, -33.14066 ], [ -71.479713, -33.138784 ], [ -71.480008, -33.137122 ], [ -71.480167, -33.135292 ], [ -71.479477, -33.133888 ], [ -71.478483, -33.13252 ], [ -71.478306, -33.131294 ], [ -71.478687, -33.130795 ], [ -71.479065, -33.130469 ], [ -71.480082, -33.130853 ], [ -71.482007, -33.131352 ], [ -71.483831, -33.13137 ], [ -71.484937, -33.130364 ], [ -71.485684, -33.129943 ], [ -71.488902, -33.127656 ], [ -71.488334, -33.124714 ], [ -71.486564, -33.122459 ], [ -71.483292, -33.119817 ], [ -71.481707, -33.118377 ], [ -71.479057, -33.117452 ], [ -71.478757, -33.116877 ], [ -71.48121, -33.114839 ], [ -71.486531, -33.108584 ], [ -71.489621, -33.106859 ], [ -71.490124, -33.106511 ], [ -71.491336, -33.106367 ], [ -71.492573, -33.104745 ], [ -71.493018, -33.1039 ], [ -71.493375, -33.102952 ], [ -71.493278, -33.102237 ], [ -71.493772, -33.101253 ], [ -71.493933, -33.100651 ] ] ] } },
{ "type": "Feature", "properties": { "name": "Villa Alemana", "query": "Villa Alemana, Chile", "display_na": "Villa Alemana, Provincia de Marga Marga, Región de Valparaíso, Chile" }, "geometry": { "type": "Polygon", "coordinates": [ [ [ -71.400574, -33.013228 ], [ -71.398848, -33.012965 ], [ -71.39654, -33.012938 ], [ -71.394164, -33.013165 ], [ -71.391363, -33.013628 ], [ -71.388959, -33.0139 ], [ -71.386024, -33.013533 ], [ -71.385165, -33.013936 ], [ -71.384564, -33.014468 ], [ -71.383676, -33.014442 ], [ -71.382685, -33.014811 ], [ -71.382199, -33.015704 ], [ -71.382053, -33.016708 ], [ -71.381237, -33.018182 ], [ -71.379947, -33.019024 ], [ -71.380073, -33.019666 ], [ -71.37988, -33.020887 ], [ -71.3779, -33.021676 ], [ -71.375309, -33.023147 ], [ -71.374338, -33.024502 ], [ -71.372821, -33.025402 ], [ -71.371599, -33.02561 ], [ -71.370024, -33.026068 ], [ -71.368279, -33.02613 ], [ -71.366293, -33.02719 ], [ -71.365837, -33.027366 ], [ -71.364923, -33.02747 ], [ -71.364714, -33.027661 ], [ -71.363554, -33.028395 ], [ -71.362382, -33.028741 ], [ -71.361597, -33.02908 ], [ -71.360678, -33.029294 ], [ -71.359931, -33.029392 ], [ -71.359212, -33.029102 ], [ -71.358809, -33.029122 ], [ -71.358361, -33.029376 ], [ -71.357647, -33.030011 ], [ -71.355722, -33.031062 ], [ -71.355017, -33.031565 ], [ -71.354429, -33.032363 ], [ -71.353827, -33.032643 ], [ -71.352099, -33.033657 ], [ -71.351683, -33.034038 ], [ -71.351385, -33.034214 ], [ -71.351022, -33.034318 ], [ -71.349854, -33.034295 ], [ -71.349129, -33.035084 ], [ -71.348744, -33.035352 ], [ -71.347996, -33.035556 ], [ -71.347646, -33.035869 ], [ -71.347067, -33.036591 ], [ -71.344705, -33.040195 ], [ -71.343507, -33.041647 ], [ -71.342618, -33.042549 ], [ -71.34125, -33.043358 ], [ -71.340375, -33.043707 ], [ -71.339304, -33.043996 ], [ -71.337872, -33.042769 ], [ -71.336868, -33.041441 ], [ -71.336097, -33.041703 ], [ -71.334777, -33.041915 ], [ -71.333982, -33.042232 ], [ -71.331592, -33.043669 ], [ -71.330951, -33.044107 ], [ -71.330798, -33.044385 ], [ -71.329658, -33.044128 ], [ -71.32867, -33.044263 ], [ -71.32796, -33.044067 ], [ -71.327754, -33.043206 ], [ -71.328049, -33.041675 ], [ -71.327841, -33.039377 ], [ -71.327887, -33.038845 ], [ -71.3275, -33.037916 ], [ -71.324926, -33.03496 ], [ -71.323997, -33.034034 ], [ -71.323314, -33.032356 ], [ -71.322988, -33.031831 ], [ -71.322497, -33.030844 ], [ -71.32247, -33.030276 ], [ -71.322078, -33.029746 ], [ -71.321382, -33.029151 ], [ -71.320425, -33.028678 ], [ -71.319908, -33.027894 ], [ -71.319713, -33.027119 ], [ -71.319667, -33.026169 ], [ -71.319981, -33.024866 ], [ -71.319941, -33.023394 ], [ -71.295494, -33.011148 ], [ -71.293311, -33.013287 ], [ -71.292465, -33.014808 ], [ -71.290978, -33.015704 ], [ -71.289348, -33.017024 ], [ -71.287447, -33.017567 ], [ -71.285465, -33.018983 ], [ -71.284846, -33.021133 ], [ -71.287078, -33.02286 ], [ -71.288966, -33.025882 ], [ -71.289653, -33.028329 ], [ -71.288108, -33.031207 ], [ -71.286391, -33.033654 ], [ -71.285412, -33.036919 ], [ -71.285386, -33.037193 ], [ -71.285412, -33.037823 ], [ -71.285616, -33.038466 ], [ -71.28582, -33.03879 ], [ -71.286147, -33.039064 ], [ -71.286405, -33.039487 ], [ -71.286372, -33.040543 ], [ -71.286523, -33.040921 ], [ -71.286946, -33.041375 ], [ -71.287075, -33.041748 ], [ -71.287108, -33.042266 ], [ -71.287258, -33.042567 ], [ -71.287735, -33.04303 ], [ -71.287987, -33.043381 ], [ -71.288062, -33.043637 ], [ -71.288078, -33.044168 ], [ -71.288416, -33.044748 ], [ -71.288642, -33.045737 ], [ -71.28832, -33.046933 ], [ -71.288363, -33.047419 ], [ -71.288727, -33.04795 ], [ -71.288835, -33.048273 ], [ -71.288974, -33.048462 ], [ -71.289436, -33.048777 ], [ -71.290122, -33.049514 ], [ -71.290401, -33.049919 ], [ -71.290525, -33.05031 ], [ -71.290358, -33.052109 ], [ -71.290401, -33.052869 ], [ -71.290289, -33.053372 ], [ -71.290289, -33.053912 ], [ -71.290101, -33.0546 ], [ -71.290133, -33.054815 ], [ -71.29038, -33.055346 ], [ -71.290283, -33.056704 ], [ -71.290096, -33.057068 ], [ -71.289055, -33.058412 ], [ -71.2884, -33.059028 ], [ -71.28818, -33.059658 ], [ -71.287333, -33.06053 ], [ -71.287043, -33.061263 ], [ -71.286641, -33.061811 ], [ -71.286324, -33.062567 ], [ -71.285745, -33.063043 ], [ -71.285423, -33.063583 ], [ -71.284919, -33.064073 ], [ -71.284581, -33.064585 ], [ -71.284125, -33.064963 ], [ -71.283653, -33.065215 ], [ -71.282322, -33.066114 ], [ -71.282033, -33.066442 ], [ -71.281834, -33.066851 ], [ -71.281604, -33.067166 ], [ -71.280048, -33.068541 ], [ -71.279029, -33.070083 ], [ -71.278685, -33.070802 ], [ -71.278589, -33.071135 ], [ -71.278578, -33.071459 ], [ -71.278439, -33.071926 ], [ -71.278642, -33.073068 ], [ -71.278664, -33.073913 ], [ -71.278793, -33.074336 ], [ -71.279082, -33.074902 ], [ -71.279152, -33.075181 ], [ -71.278562, -33.076592 ], [ -71.278503, -33.076983 ], [ -71.278557, -33.077222 ], [ -71.27839, -33.077828 ], [ -71.277559, -33.079199 ], [ -71.276759, -33.07995 ], [ -71.275338, -33.081784 ], [ -71.274732, -33.082516 ], [ -71.274217, -33.083042 ], [ -71.273777, -33.083402 ], [ -71.272715, -33.083995 ], [ -71.271926, -33.084153 ], [ -71.271701, -33.084252 ], [ -71.27132, -33.084501 ], [ -71.270955, -33.084858 ], [ -71.270719, -33.085254 ], [ -71.270633, -33.086031 ], [ -71.270451, -33.086813 ], [ -71.269898, -33.087807 ], [ -71.26926, -33.088575 ], [ -71.268997, -33.089245 ], [ -71.268922, -33.089321 ], [ -71.267928, -33.089992 ], [ -71.267468, -33.090449 ], [ -71.266428, -33.091146 ], [ -71.265408, -33.091789 ], [ -71.264432, -33.092202 ], [ -71.263896, -33.092508 ], [ -71.262705, -33.093407 ], [ -71.262141, -33.093928 ], [ -71.261739, -33.094139 ], [ -71.260999, -33.094364 ], [ -71.260205, -33.094701 ], [ -71.259829, -33.095061 ], [ -71.259341, -33.095798 ], [ -71.259143, -33.096265 ], [ -71.259105, -33.096854 ], [ -71.25896, -33.097307 ], [ -71.258435, -33.098242 ], [ -71.258306, -33.098804 ], [ -71.257582, -33.100134 ], [ -71.257415, -33.100867 ], [ -71.257394, -33.101559 ], [ -71.257437, -33.101734 ], [ -71.257898, -33.10239 ], [ -71.25814, -33.103033 ], [ -71.258392, -33.103491 ], [ -71.258832, -33.104111 ], [ -71.259041, -33.104322 ], [ -71.259239, -33.104655 ], [ -71.259395, -33.105091 ], [ -71.259572, -33.105998 ], [ -71.259765, -33.106313 ], [ -71.259749, -33.107257 ], [ -71.259963, -33.107818 ], [ -71.260473, -33.108416 ], [ -71.261857, -33.109328 ], [ -71.262227, -33.109809 ], [ -71.262683, -33.1102 ], [ -71.263418, -33.110712 ], [ -71.263654, -33.111013 ], [ -71.264019, -33.111328 ], [ -71.264325, -33.111813 ], [ -71.264582, -33.112024 ], [ -71.26492, -33.112155 ], [ -71.265591, -33.11224 ], [ -71.266047, -33.112519 ], [ -71.266224, -33.113282 ], [ -71.266213, -33.114716 ], [ -71.266363, -33.114976 ], [ -71.266728, -33.115394 ], [ -71.267093, -33.116189 ], [ -71.267313, -33.116508 ], [ -71.267472, -33.116621 ], [ -71.268348, -33.116944 ], [ -71.268799, -33.117196 ], [ -71.269287, -33.117357 ], [ -71.270075, -33.117465 ], [ -71.270467, -33.117402 ], [ -71.271615, -33.117393 ], [ -71.27264, -33.117277 ], [ -71.273788, -33.116994 ], [ -71.273949, -33.117052 ], [ -71.274383, -33.117281 ], [ -71.274582, -33.117569 ], [ -71.274796, -33.11804 ], [ -71.275343, -33.118692 ], [ -71.275611, -33.119128 ], [ -71.275848, -33.119712 ], [ -71.27596, -33.119815 ], [ -71.276245, -33.119928 ], [ -71.276577, -33.119986 ], [ -71.277629, -33.119999 ], [ -71.279522, -33.119914 ], [ -71.28008, -33.120157 ], [ -71.280397, -33.120229 ], [ -71.281132, -33.120628 ], [ -71.282033, -33.12097 ], [ -71.283465, -33.120983 ], [ -71.284377, -33.1211 ], [ -71.285353, -33.120902 ], [ -71.286389, -33.120849 ], [ -71.287161, -33.120507 ], [ -71.287783, -33.120323 ], [ -71.288588, -33.119946 ], [ -71.289318, -33.119757 ], [ -71.289886, -33.119456 ], [ -71.291217, -33.118449 ], [ -71.291544, -33.11835 ], [ -71.291989, -33.118274 ], [ -71.292762, -33.118328 ], [ -71.294242, -33.11831 ], [ -71.295277, -33.11844 ], [ -71.296018, -33.118719 ], [ -71.296865, -33.118728 ], [ -71.297638, -33.118544 ], [ -71.298003, -33.118395 ], [ -71.298362, -33.118243 ], [ -71.299338, -33.117681 ], [ -71.299671, -33.11756 ], [ -71.299639, -33.117726 ], [ -71.299183, -33.11849 ], [ -71.299092, -33.118993 ], [ -71.299121, -33.11931 ], [ -71.29921, -33.119388 ], [ -71.299607, -33.119622 ], [ -71.300062, -33.119662 ], [ -71.301066, -33.119995 ], [ -71.301683, -33.120134 ], [ -71.302664, -33.12017 ], [ -71.303979, -33.120332 ], [ -71.304381, -33.120287 ], [ -71.304917, -33.120125 ], [ -71.305958, -33.12013 ], [ -71.306409, -33.120071 ], [ -71.306789, -33.119963 ], [ -71.307852, -33.119505 ], [ -71.309085, -33.119316 ], [ -71.309483, -33.119204 ], [ -71.309745, -33.119006 ], [ -71.310293, -33.118422 ], [ -71.310732, -33.118184 ], [ -71.311279, -33.117748 ], [ -71.311623, -33.117335 ], [ -71.311827, -33.116872 ], [ -71.312395, -33.116028 ], [ -71.313844, -33.114576 ], [ -71.314117, -33.114441 ], [ -71.314625, -33.114051 ], [ -71.315078, -33.113853 ], [ -71.316708, -33.11344 ], [ -71.31699, -33.113278 ], [ -71.318178, -33.112141 ], [ -71.318822, -33.111683 ], [ -71.319047, -33.111179 ], [ -71.319251, -33.110515 ], [ -71.319755, -33.10976 ], [ -71.321021, -33.108978 ], [ -71.321966, -33.108245 ], [ -71.322305, -33.108107 ], [ -71.323435, -33.108025 ], [ -71.323757, -33.107899 ], [ -71.324927, -33.107369 ], [ -71.325254, -33.107045 ], [ -71.32546, -33.106742 ], [ -71.32571, -33.107396 ], [ -71.3263, -33.108133 ], [ -71.326579, -33.1086 ], [ -71.32704, -33.108978 ], [ -71.327684, -33.109301 ], [ -71.32807, -33.109364 ], [ -71.330248, -33.109427 ], [ -71.331664, -33.109337 ], [ -71.33293, -33.109086 ], [ -71.333413, -33.108942 ], [ -71.334282, -33.108385 ], [ -71.335473, -33.107279 ], [ -71.335999, -33.106605 ], [ -71.336406, -33.106318 ], [ -71.336782, -33.10621 ], [ -71.338542, -33.106129 ], [ -71.339121, -33.10603 ], [ -71.339336, -33.105931 ], [ -71.34029, -33.105005 ], [ -71.340494, -33.104421 ], [ -71.340784, -33.103864 ], [ -71.341589, -33.103091 ], [ -71.342189, -33.102714 ], [ -71.342597, -33.102651 ], [ -71.343434, -33.102866 ], [ -71.344099, -33.102875 ], [ -71.34558, -33.10221 ], [ -71.346867, -33.101914 ], [ -71.348015, -33.101527 ], [ -71.348895, -33.101374 ], [ -71.34986, -33.10133 ], [ -71.350193, -33.101213 ], [ -71.351277, -33.100548 ], [ -71.351652, -33.100098 ], [ -71.35221, -33.099802 ], [ -71.353862, -33.099829 ], [ -71.354581, -33.099667 ], [ -71.354871, -33.099568 ], [ -71.355794, -33.098858 ], [ -71.356169, -33.098687 ], [ -71.356684, -33.09857 ], [ -71.357628, -33.098489 ], [ -71.358551, -33.09831 ], [ -71.358883, -33.098157 ], [ -71.359334, -33.097654 ], [ -71.359752, -33.096629 ], [ -71.359924, -33.096341 ], [ -71.360396, -33.095712 ], [ -71.361383, -33.094724 ], [ -71.363164, -33.093968 ], [ -71.364398, -33.093744 ], [ -71.365643, -33.093402 ], [ -71.36663, -33.092773 ], [ -71.36712, -33.092328 ], [ -71.366806, -33.091677 ], [ -71.366675, -33.090532 ], [ -71.366645, -33.088772 ], [ -71.366789, -33.087312 ], [ -71.366759, -33.087168 ], [ -71.366447, -33.086746 ], [ -71.366429, -33.086619 ], [ -71.366461, -33.086475 ], [ -71.366884, -33.085777 ], [ -71.367098, -33.085523 ], [ -71.36985, -33.082992 ], [ -71.3711, -33.082325 ], [ -71.369891, -33.080275 ], [ -71.369821, -33.079755 ], [ -71.37054, -33.079795 ], [ -71.37123, -33.079734 ], [ -71.372598, -33.080029 ], [ -71.374044, -33.081327 ], [ -71.374618, -33.082084 ], [ -71.376023, -33.082139 ], [ -71.376568, -33.080547 ], [ -71.378405, -33.076967 ], [ -71.378751, -33.076031 ], [ -71.379332, -33.074102 ], [ -71.380178, -33.074507 ], [ -71.380366, -33.074728 ], [ -71.38051, -33.074789 ], [ -71.381108, -33.074747 ], [ -71.381524, -33.07457 ], [ -71.382039, -33.074461 ], [ -71.382575, -33.074545 ], [ -71.384562, -33.07455 ], [ -71.385664, -33.075177 ], [ -71.386225, -33.074871 ], [ -71.387289, -33.074006 ], [ -71.388084, -33.073623 ], [ -71.388274, -33.073233 ], [ -71.389104, -33.072826 ], [ -71.389939, -33.072617 ], [ -71.390517, -33.072168 ], [ -71.390968, -33.071512 ], [ -71.392034, -33.070729 ], [ -71.392471, -33.070548 ], [ -71.396285, -33.07004 ], [ -71.398154, -33.068289 ], [ -71.399024, -33.067758 ], [ -71.400124, -33.067542 ], [ -71.399552, -33.061004 ], [ -71.398969, -33.06123 ], [ -71.398906, -33.059822 ], [ -71.39873, -33.059792 ], [ -71.398571, -33.055395 ], [ -71.399214, -33.055692 ], [ -71.398326, -33.046003 ], [ -71.399823, -33.045749 ], [ -71.399726, -33.037962 ], [ -71.399566, -33.03796 ], [ -71.399434, -33.029354 ], [ -71.400574, -33.013228 ] ] ] } },
{ "type": "Feature", "properties": { "name": "Limache", "query": "Limache, Chile", "display_na": "Limache, Provincia de Marga Marga, Región de Valparaíso, Chile" }, "geometry": { "type": "Polygon", "coordinates": [ [ [ -71.442935, -32.923336 ], [ -71.440889, -32.922569 ], [ -71.439117, -32.921791 ], [ -71.438457, -32.921557 ], [ -71.436383, -32.921074 ], [ -71.434927, -32.920558 ], [ -71.434262, -32.920171 ], [ -71.433422, -32.919863 ], [ -71.433148, -32.919608 ], [ -71.432725, -32.918667 ], [ -71.432553, -32.918584 ], [ -71.431665, -32.918402 ], [ -71.431134, -32.918397 ], [ -71.430262, -32.918586 ], [ -71.429903, -32.918613 ], [ -71.429302, -32.918507 ], [ -71.42732, -32.918377 ], [ -71.426722, -32.918269 ], [ -71.426193, -32.918075 ], [ -71.425171, -32.917168 ], [ -71.424909, -32.916983 ], [ -71.424555, -32.916891 ], [ -71.42415, -32.916893 ], [ -71.423973, -32.916963 ], [ -71.422594, -32.917996 ], [ -71.421808, -32.918314 ], [ -71.421022, -32.91855 ], [ -71.420322, -32.918622 ], [ -71.419697, -32.918636 ], [ -71.418512, -32.918172 ], [ -71.417723, -32.918095 ], [ -71.416644, -32.918248 ], [ -71.414606, -32.919023 ], [ -71.413488, -32.919104 ], [ -71.41268, -32.918962 ], [ -71.412168, -32.918579 ], [ -71.411466, -32.917939 ], [ -71.410999, -32.917758 ], [ -71.410487, -32.91765 ], [ -71.409411, -32.917719 ], [ -71.408435, -32.917867 ], [ -71.406715, -32.918334 ], [ -71.405436, -32.918516 ], [ -71.404666, -32.918771 ], [ -71.403852, -32.919119 ], [ -71.40362, -32.919154 ], [ -71.403475, -32.919113 ], [ -71.40322, -32.918901 ], [ -71.402778, -32.918883 ], [ -71.402123, -32.919325 ], [ -71.401568, -32.919509 ], [ -71.399685, -32.9195 ], [ -71.398167, -32.919214 ], [ -71.397287, -32.91943 ], [ -71.396247, -32.919573 ], [ -71.394454, -32.920053 ], [ -71.394023, -32.92005 ], [ -71.393639, -32.919842 ], [ -71.393168, -32.919718 ], [ -71.392813, -32.919723 ], [ -71.391126, -32.920207 ], [ -71.389584, -32.920311 ], [ -71.386609, -32.920218 ], [ -71.385601, -32.920327 ], [ -71.384687, -32.920526 ], [ -71.383957, -32.920518 ], [ -71.383045, -32.920718 ], [ -71.381784, -32.920655 ], [ -71.380845, -32.920358 ], [ -71.379959, -32.919814 ], [ -71.379705, -32.919457 ], [ -71.379601, -32.918899 ], [ -71.379435, -32.918741 ], [ -71.379153, -32.918678 ], [ -71.378828, -32.918687 ], [ -71.376658, -32.918023 ], [ -71.375207, -32.917984 ], [ -71.374192, -32.918088 ], [ -71.372584, -32.918377 ], [ -71.369145, -32.919212 ], [ -71.36723, -32.919876 ], [ -71.365181, -32.920916 ], [ -71.362536, -32.922049 ], [ -71.359654, -32.92341 ], [ -71.358712, -32.923764 ], [ -71.356758, -32.925014 ], [ -71.355021, -32.92573 ], [ -71.352964, -32.926102 ], [ -71.351789, -32.926428 ], [ -71.35135, -32.92707 ], [ -71.350595, -32.927673 ], [ -71.348887, -32.928666 ], [ -71.348267, -32.929285 ], [ -71.34769, -32.929456 ], [ -71.347316, -32.929504 ], [ -71.346709, -32.929379 ], [ -71.346458, -32.929181 ], [ -71.34618, -32.929127 ], [ -71.345568, -32.929263 ], [ -71.344457, -32.929732 ], [ -71.343978, -32.929832 ], [ -71.346077, -32.934278 ], [ -71.346935, -32.936374 ], [ -71.34686, -32.9383 ], [ -71.346141, -32.93962 ], [ -71.345515, -32.940165 ], [ -71.345108, -32.940331 ], [ -71.344172, -32.941119 ], [ -71.342546, -32.94202 ], [ -71.341857, -32.943969 ], [ -71.341405, -32.944576 ], [ -71.339625, -32.945103 ], [ -71.33847, -32.945755 ], [ -71.337552, -32.946488 ], [ -71.337299, -32.948315 ], [ -71.336468, -32.948592 ], [ -71.335905, -32.948887 ], [ -71.335202, -32.949486 ], [ -71.334606, -32.949705 ], [ -71.33363, -32.949837 ], [ -71.333192, -32.949993 ], [ -71.332713, -32.950589 ], [ -71.332292, -32.950935 ], [ -71.331719, -32.951225 ], [ -71.33131, -32.951352 ], [ -71.33039, -32.951502 ], [ -71.329529, -32.951914 ], [ -71.32927, -32.951969 ], [ -71.328851, -32.951705 ], [ -71.328427, -32.95155 ], [ -71.327619, -32.951621 ], [ -71.325946, -32.951385 ], [ -71.322784, -32.951709 ], [ -71.319961, -32.951861 ], [ -71.319164, -32.952442 ], [ -71.318717, -32.952448 ], [ -71.318053, -32.952724 ], [ -71.316184, -32.952754 ], [ -71.315802, -32.952886 ], [ -71.315137, -32.953323 ], [ -71.314451, -32.95345 ], [ -71.31397, -32.953244 ], [ -71.31379, -32.953037 ], [ -71.313519, -32.952893 ], [ -71.312621, -32.952917 ], [ -71.312065, -32.952846 ], [ -71.311643, -32.952607 ], [ -71.31093, -32.951993 ], [ -71.310289, -32.951783 ], [ -71.309033, -32.951894 ], [ -71.308607, -32.952229 ], [ -71.308343, -32.952647 ], [ -71.307358, -32.953505 ], [ -71.30609, -32.954186 ], [ -71.305853, -32.954637 ], [ -71.305826, -32.954942 ], [ -71.305349, -32.955263 ], [ -71.304697, -32.955372 ], [ -71.303408, -32.956071 ], [ -71.302174, -32.956374 ], [ -71.301736, -32.956771 ], [ -71.301134, -32.957626 ], [ -71.300516, -32.958059 ], [ -71.299577, -32.958099 ], [ -71.298081, -32.95861 ], [ -71.297439, -32.958718 ], [ -71.296661, -32.958668 ], [ -71.296066, -32.959186 ], [ -71.295704, -32.959654 ], [ -71.294663, -32.960406 ], [ -71.294158, -32.960521 ], [ -71.29329, -32.9612 ], [ -71.292805, -32.961351 ], [ -71.292321, -32.961333 ], [ -71.291428, -32.961004 ], [ -71.290815, -32.960437 ], [ -71.290329, -32.960322 ], [ -71.289825, -32.960309 ], [ -71.289334, -32.960214 ], [ -71.287868, -32.960122 ], [ -71.287492, -32.960174 ], [ -71.28688, -32.96043 ], [ -71.286335, -32.96055 ], [ -71.284509, -32.960399 ], [ -71.283801, -32.960538 ], [ -71.283419, -32.960784 ], [ -71.282574, -32.960932 ], [ -71.281894, -32.960808 ], [ -71.281177, -32.960888 ], [ -71.279381, -32.961632 ], [ -71.27846, -32.962159 ], [ -71.277889, -32.962307 ], [ -71.276926, -32.962856 ], [ -71.276483, -32.962953 ], [ -71.274644, -32.962971 ], [ -71.273555, -32.963259 ], [ -71.272488, -32.96379 ], [ -71.271409, -32.963876 ], [ -71.270906, -32.964164 ], [ -71.270483, -32.964686 ], [ -71.270421, -32.965942 ], [ -71.270282, -32.96612 ], [ -71.26959, -32.966321 ], [ -71.268265, -32.966367 ], [ -71.267361, -32.966709 ], [ -71.267198, -32.966898 ], [ -71.266076, -32.967092 ], [ -71.264097, -32.967749 ], [ -71.263279, -32.968255 ], [ -71.262606, -32.968353 ], [ -71.261551, -32.968393 ], [ -71.259905, -32.969139 ], [ -71.257507, -32.969603 ], [ -71.256938, -32.96981 ], [ -71.25646, -32.970095 ], [ -71.255976, -32.970498 ], [ -71.255377, -32.970787 ], [ -71.254965, -32.971185 ], [ -71.254643, -32.971369 ], [ -71.254304, -32.971747 ], [ -71.252623, -32.972389 ], [ -71.249876, -32.972461 ], [ -71.247645, -32.972677 ], [ -71.245928, -32.973469 ], [ -71.243954, -32.973397 ], [ -71.241379, -32.973037 ], [ -71.238289, -32.972965 ], [ -71.235028, -32.973325 ], [ -71.233311, -32.973397 ], [ -71.231423, -32.972245 ], [ -71.229534, -32.971741 ], [ -71.227732, -32.971596 ], [ -71.224642, -32.971525 ], [ -71.221295, -32.971668 ], [ -71.218291, -32.972245 ], [ -71.216488, -32.972893 ], [ -71.216874, -32.973397 ], [ -71.21769, -32.975089 ], [ -71.218205, -32.977861 ], [ -71.218977, -32.980165 ], [ -71.220308, -32.981965 ], [ -71.220694, -32.983261 ], [ -71.219878, -32.984449 ], [ -71.219235, -32.985997 ], [ -71.219192, -32.987473 ], [ -71.219278, -32.989488 ], [ -71.219964, -32.993052 ], [ -71.220823, -32.993016 ], [ -71.22138, -32.997479 ], [ -71.220908, -32.997551 ], [ -71.223355, -33.000071 ], [ -71.218591, -33.001762 ], [ -71.216231, -33.002302 ], [ -71.213484, -33.003562 ], [ -71.210566, -33.004461 ], [ -71.208254, -33.005537 ], [ -71.206604, -33.005541 ], [ -71.203142, -33.006621 ], [ -71.201302, -33.006995 ], [ -71.200569, -33.007244 ], [ -71.201859, -33.009799 ], [ -71.202702, -33.011713 ], [ -71.20511, -33.012901 ], [ -71.212551, -33.015622 ], [ -71.212776, -33.018137 ], [ -71.209334, -33.018937 ], [ -71.201813, -33.021717 ], [ -71.19488, -33.023876 ], [ -71.194483, -33.026916 ], [ -71.193437, -33.027843 ], [ -71.192397, -33.028972 ], [ -71.191973, -33.029165 ], [ -71.191788, -33.029405 ], [ -71.191273, -33.030628 ], [ -71.191037, -33.031582 ], [ -71.190618, -33.031995 ], [ -71.190564, -33.033048 ], [ -71.191788, -33.035737 ], [ -71.190723, -33.036513 ], [ -71.188907, -33.037079 ], [ -71.18863, -33.037236 ], [ -71.187593, -33.037441 ], [ -71.187174, -33.038092 ], [ -71.187754, -33.039479 ], [ -71.186809, -33.042069 ], [ -71.186809, -33.044083 ], [ -71.185865, -33.046458 ], [ -71.185694, -33.048328 ], [ -71.184406, -33.051566 ], [ -71.184063, -33.053292 ], [ -71.183462, -33.054875 ], [ -71.18226, -33.057393 ], [ -71.181145, -33.059119 ], [ -71.179085, -33.06063 ], [ -71.177969, -33.061925 ], [ -71.178055, -33.063291 ], [ -71.177797, -33.065521 ], [ -71.177368, -33.067823 ], [ -71.177196, -33.070772 ], [ -71.17754, -33.073074 ], [ -71.177969, -33.074872 ], [ -71.177368, -33.076022 ], [ -71.175652, -33.076598 ], [ -71.173763, -33.077029 ], [ -71.172132, -33.078036 ], [ -71.170502, -33.079331 ], [ -71.169128, -33.080769 ], [ -71.167498, -33.081992 ], [ -71.165266, -33.084293 ], [ -71.161575, -33.086379 ], [ -71.158657, -33.088608 ], [ -71.157026, -33.089686 ], [ -71.155138, -33.090621 ], [ -71.152048, -33.092275 ], [ -71.150932, -33.093713 ], [ -71.150074, -33.095295 ], [ -71.149731, -33.097668 ], [ -71.150074, -33.100113 ], [ -71.150761, -33.102558 ], [ -71.150932, -33.104427 ], [ -71.149902, -33.105146 ], [ -71.146984, -33.105433 ], [ -71.144409, -33.105865 ], [ -71.142092, -33.106512 ], [ -71.140718, -33.107518 ], [ -71.139688, -33.108884 ], [ -71.139688, -33.110107 ], [ -71.140461, -33.111976 ], [ -71.141405, -33.113557 ], [ -71.141748, -33.114564 ], [ -71.141062, -33.115714 ], [ -71.137285, -33.118733 ], [ -71.135826, -33.120171 ], [ -71.135302, -33.121132 ], [ -71.135241, -33.12181 ], [ -71.134973, -33.122852 ], [ -71.134994, -33.123499 ], [ -71.135069, -33.123814 ], [ -71.135885, -33.124541 ], [ -71.13655, -33.124955 ], [ -71.137075, -33.125539 ], [ -71.137151, -33.125737 ], [ -71.137204, -33.126051 ], [ -71.137118, -33.126986 ], [ -71.137193, -33.127561 ], [ -71.137204, -33.128288 ], [ -71.137108, -33.129106 ], [ -71.137236, -33.129807 ], [ -71.13729, -33.131226 ], [ -71.137065, -33.13181 ], [ -71.137011, -33.132143 ], [ -71.137033, -33.132888 ], [ -71.136893, -33.133275 ], [ -71.136657, -33.133589 ], [ -71.135681, -33.134263 ], [ -71.135069, -33.134811 ], [ -71.134758, -33.135242 ], [ -71.134286, -33.135674 ], [ -71.134232, -33.135889 ], [ -71.134275, -33.135979 ], [ -71.135005, -33.136608 ], [ -71.135413, -33.137048 ], [ -71.136249, -33.137623 ], [ -71.136496, -33.137668 ], [ -71.138202, -33.137623 ], [ -71.139307, -33.13738 ], [ -71.140069, -33.137093 ], [ -71.140595, -33.136572 ], [ -71.140809, -33.136446 ], [ -71.141034, -33.136401 ], [ -71.141388, -33.136581 ], [ -71.142461, -33.136922 ], [ -71.143126, -33.137066 ], [ -71.14347, -33.137228 ], [ -71.144607, -33.137524 ], [ -71.14583, -33.137533 ], [ -71.146806, -33.137336 ], [ -71.147182, -33.137336 ], [ -71.14819, -33.137614 ], [ -71.14906, -33.138045 ], [ -71.149145, -33.138135 ], [ -71.149306, -33.138584 ], [ -71.149467, -33.138773 ], [ -71.149961, -33.139159 ], [ -71.15009, -33.139321 ], [ -71.150787, -33.139833 ], [ -71.151227, -33.140255 ], [ -71.151538, -33.140354 ], [ -71.151817, -33.140345 ], [ -71.152514, -33.140192 ], [ -71.154327, -33.140076 ], [ -71.15554, -33.139842 ], [ -71.15804, -33.139761 ], [ -71.159756, -33.139851 ], [ -71.160625, -33.139797 ], [ -71.161172, -33.13986 ], [ -71.162766, -33.140264 ], [ -71.163275, -33.140314 ], [ -71.165453, -33.140318 ], [ -71.166344, -33.140457 ], [ -71.169498, -33.141917 ], [ -71.171064, -33.14233 ], [ -71.172298, -33.142393 ], [ -71.173275, -33.142277 ], [ -71.175335, -33.141693 ], [ -71.176423, -33.141796 ], [ -71.17836, -33.141724 ], [ -71.178741, -33.14181 ], [ -71.179519, -33.142133 ], [ -71.179996, -33.142649 ], [ -71.180205, -33.14278 ], [ -71.181836, -33.14286 ], [ -71.1816, -33.143085 ], [ -71.181257, -33.143588 ], [ -71.181139, -33.144019 ], [ -71.181053, -33.14481 ], [ -71.180946, -33.145106 ], [ -71.180742, -33.145385 ], [ -71.180162, -33.145888 ], [ -71.179229, -33.147118 ], [ -71.178939, -33.147864 ], [ -71.178939, -33.148223 ], [ -71.178854, -33.148565 ], [ -71.178961, -33.149014 ], [ -71.179637, -33.149607 ], [ -71.180044, -33.14976 ], [ -71.181911, -33.150289 ], [ -71.183006, -33.150505 ], [ -71.183993, -33.150631 ], [ -71.185001, -33.150864 ], [ -71.186053, -33.150945 ], [ -71.187125, -33.151403 ], [ -71.187608, -33.152041 ], [ -71.188273, -33.152742 ], [ -71.188627, -33.153559 ], [ -71.188906, -33.153873 ], [ -71.189164, -33.154287 ], [ -71.189325, -33.154754 ], [ -71.189572, -33.155221 ], [ -71.189679, -33.155571 ], [ -71.189657, -33.155778 ], [ -71.189336, -33.156281 ], [ -71.189293, -33.156676 ], [ -71.189379, -33.157098 ], [ -71.189722, -33.158032 ], [ -71.19014, -33.158805 ], [ -71.190419, -33.159164 ], [ -71.190687, -33.159397 ], [ -71.191342, -33.159774 ], [ -71.193911, -33.161167 ], [ -71.194797, -33.161463 ], [ -71.196384, -33.161571 ], [ -71.197307, -33.161571 ], [ -71.197618, -33.161634 ], [ -71.19779, -33.160682 ], [ -71.19794, -33.16026 ], [ -71.198369, -33.159451 ], [ -71.198498, -33.158364 ], [ -71.198788, -33.157691 ], [ -71.199485, -33.156658 ], [ -71.199904, -33.15585 ], [ -71.200064, -33.154529 ], [ -71.200193, -33.154242 ], [ -71.200322, -33.154053 ], [ -71.20073, -33.153793 ], [ -71.202028, -33.152751 ], [ -71.202039, -33.152149 ], [ -71.202489, -33.151269 ], [ -71.202886, -33.1502 ], [ -71.20309, -33.149957 ], [ -71.203594, -33.149481 ], [ -71.205332, -33.148493 ], [ -71.206008, -33.147649 ], [ -71.206834, -33.146894 ], [ -71.207027, -33.146508 ], [ -71.207521, -33.145906 ], [ -71.208036, -33.144693 ], [ -71.208122, -33.144361 ], [ -71.208626, -33.143489 ], [ -71.209248, -33.14295 ], [ -71.210879, -33.142097 ], [ -71.212488, -33.140471 ], [ -71.212939, -33.140085 ], [ -71.213282, -33.139932 ], [ -71.213958, -33.139779 ], [ -71.21457, -33.139555 ], [ -71.215246, -33.139231 ], [ -71.216458, -33.138135 ], [ -71.216973, -33.137794 ], [ -71.217542, -33.138063 ], [ -71.218035, -33.138503 ], [ -71.2184, -33.13862 ], [ -71.219494, -33.138827 ], [ -71.220385, -33.139312 ], [ -71.22076, -33.139644 ], [ -71.221436, -33.140049 ], [ -71.222767, -33.140363 ], [ -71.2237, -33.140965 ], [ -71.224065, -33.141082 ], [ -71.225073, -33.141073 ], [ -71.225578, -33.14092 ], [ -71.227241, -33.140157 ], [ -71.228056, -33.139932 ], [ -71.229762, -33.139707 ], [ -71.229837, -33.13977 ], [ -71.230191, -33.14074 ], [ -71.230513, -33.14127 ], [ -71.230663, -33.141684 ], [ -71.231167, -33.142205 ], [ -71.231596, -33.142465 ], [ -71.232165, -33.14269 ], [ -71.233689, -33.142932 ], [ -71.234279, -33.143121 ], [ -71.234719, -33.143346 ], [ -71.235529, -33.143929 ], [ -71.235738, -33.143615 ], [ -71.236521, -33.14286 ], [ -71.236714, -33.142079 ], [ -71.236789, -33.141881 ], [ -71.23695, -33.141684 ], [ -71.237326, -33.141369 ], [ -71.238302, -33.140794 ], [ -71.239268, -33.140403 ], [ -71.240357, -33.1396 ], [ -71.240802, -33.139182 ], [ -71.241081, -33.138791 ], [ -71.241821, -33.137973 ], [ -71.244106, -33.136132 ], [ -71.244643, -33.134928 ], [ -71.244707, -33.134564 ], [ -71.244943, -33.13407 ], [ -71.245528, -33.133683 ], [ -71.245737, -33.133481 ], [ -71.246156, -33.132655 ], [ -71.246799, -33.132026 ], [ -71.246949, -33.131631 ], [ -71.247384, -33.13102 ], [ -71.247679, -33.130696 ], [ -71.248891, -33.129784 ], [ -71.249476, -33.128926 ], [ -71.249889, -33.128634 ], [ -71.251423, -33.128127 ], [ -71.253129, -33.127057 ], [ -71.253929, -33.126177 ], [ -71.254508, -33.125701 ], [ -71.255184, -33.124991 ], [ -71.255913, -33.124362 ], [ -71.256986, -33.123674 ], [ -71.257528, -33.123571 ], [ -71.258413, -33.123526 ], [ -71.258735, -33.123445 ], [ -71.258944, -33.123306 ], [ -71.259588, -33.122461 ], [ -71.259872, -33.121873 ], [ -71.260232, -33.121334 ], [ -71.260597, -33.120997 ], [ -71.260993, -33.120759 ], [ -71.262007, -33.120354 ], [ -71.263128, -33.119954 ], [ -71.263896, -33.119743 ], [ -71.264491, -33.119465 ], [ -71.265242, -33.118939 ], [ -71.265441, -33.118683 ], [ -71.265945, -33.118292 ], [ -71.26654, -33.117627 ], [ -71.266905, -33.117038 ], [ -71.267243, -33.116729 ], [ -71.267472, -33.116621 ], [ -71.267211, -33.116383 ], [ -71.266728, -33.115394 ], [ -71.266229, -33.114765 ], [ -71.266224, -33.113282 ], [ -71.266047, -33.112519 ], [ -71.265591, -33.11224 ], [ -71.26492, -33.112155 ], [ -71.264582, -33.112024 ], [ -71.264325, -33.111813 ], [ -71.264019, -33.111328 ], [ -71.263654, -33.111013 ], [ -71.263418, -33.110712 ], [ -71.262683, -33.1102 ], [ -71.262227, -33.109809 ], [ -71.261857, -33.109328 ], [ -71.260473, -33.108416 ], [ -71.259963, -33.107818 ], [ -71.259749, -33.107257 ], [ -71.259765, -33.106313 ], [ -71.259572, -33.105998 ], [ -71.259395, -33.105091 ], [ -71.259239, -33.104655 ], [ -71.259041, -33.104322 ], [ -71.258832, -33.104111 ], [ -71.258392, -33.103491 ], [ -71.25814, -33.103033 ], [ -71.257898, -33.10239 ], [ -71.257437, -33.101734 ], [ -71.257394, -33.101559 ], [ -71.257415, -33.100867 ], [ -71.257625, -33.100008 ], [ -71.257887, -33.099617 ], [ -71.258306, -33.098804 ], [ -71.258435, -33.098242 ], [ -71.259014, -33.097168 ], [ -71.259121, -33.096746 ], [ -71.259143, -33.096265 ], [ -71.259245, -33.095973 ], [ -71.25998, -33.094885 ], [ -71.260361, -33.094602 ], [ -71.261739, -33.094139 ], [ -71.262141, -33.093928 ], [ -71.262705, -33.093407 ], [ -71.263896, -33.092508 ], [ -71.264432, -33.092202 ], [ -71.265408, -33.091789 ], [ -71.266428, -33.091146 ], [ -71.267468, -33.090449 ], [ -71.267928, -33.089992 ], [ -71.268922, -33.089321 ], [ -71.268997, -33.089245 ], [ -71.26926, -33.088575 ], [ -71.269898, -33.087807 ], [ -71.270451, -33.086813 ], [ -71.270633, -33.086031 ], [ -71.270719, -33.085254 ], [ -71.270955, -33.084858 ], [ -71.27132, -33.084501 ], [ -71.271701, -33.084252 ], [ -71.271926, -33.084153 ], [ -71.272715, -33.083995 ], [ -71.273777, -33.083402 ], [ -71.274217, -33.083042 ], [ -71.274732, -33.082516 ], [ -71.275338, -33.081784 ], [ -71.276759, -33.07995 ], [ -71.277559, -33.079199 ], [ -71.27839, -33.077828 ], [ -71.278557, -33.077222 ], [ -71.278503, -33.076983 ], [ -71.278562, -33.076592 ], [ -71.279152, -33.075181 ], [ -71.279082, -33.074902 ], [ -71.278793, -33.074336 ], [ -71.278664, -33.073913 ], [ -71.278642, -33.073068 ], [ -71.278439, -33.071926 ], [ -71.278578, -33.071459 ], [ -71.278589, -33.071135 ], [ -71.278685, -33.070802 ], [ -71.279029, -33.070083 ], [ -71.280048, -33.068541 ], [ -71.281604, -33.067166 ], [ -71.281834, -33.066851 ], [ -71.282033, -33.066442 ], [ -71.282322, -33.066114 ], [ -71.283653, -33.065215 ], [ -71.284125, -33.064963 ], [ -71.284581, -33.064585 ], [ -71.284919, -33.064073 ], [ -71.285423, -33.063583 ], [ -71.285745, -33.063043 ], [ -71.286324, -33.062567 ], [ -71.286641, -33.061811 ], [ -71.287043, -33.061263 ], [ -71.287333, -33.06053 ], [ -71.28818, -33.059658 ], [ -71.2884, -33.059028 ], [ -71.289055, -33.058412 ], [ -71.290096, -33.057068 ], [ -71.290283, -33.056704 ], [ -71.29038, -33.055346 ], [ -71.290133, -33.054815 ], [ -71.290101, -33.0546 ], [ -71.290289, -33.053912 ], [ -71.290289, -33.053372 ], [ -71.290401, -33.052869 ], [ -71.290358, -33.052109 ], [ -71.290525, -33.05031 ], [ -71.290401, -33.049919 ], [ -71.290122, -33.049514 ], [ -71.289436, -33.048777 ], [ -71.288974, -33.048462 ], [ -71.288835, -33.048273 ], [ -71.288727, -33.04795 ], [ -71.288363, -33.047419 ], [ -71.28832, -33.046933 ], [ -71.288642, -33.045737 ], [ -71.288416, -33.044748 ], [ -71.288078, -33.044168 ], [ -71.288062, -33.043637 ], [ -71.287987, -33.043381 ], [ -71.287735, -33.04303 ], [ -71.287258, -33.042567 ], [ -71.287108, -33.042266 ], [ -71.287075, -33.041748 ], [ -71.286946, -33.041375 ], [ -71.286523, -33.040921 ], [ -71.286372, -33.040543 ], [ -71.286405, -33.039487 ], [ -71.286147, -33.039064 ], [ -71.28582, -33.03879 ], [ -71.285616, -33.038466 ], [ -71.285412, -33.037823 ], [ -71.285386, -33.037193 ], [ -71.285412, -33.036919 ], [ -71.286391, -33.033654 ], [ -71.288108, -33.031207 ], [ -71.289653, -33.028329 ], [ -71.288966, -33.025882 ], [ -71.287078, -33.02286 ], [ -71.284846, -33.021133 ], [ -71.285465, -33.018983 ], [ -71.287447, -33.017567 ], [ -71.289348, -33.017024 ], [ -71.290978, -33.015704 ], [ -71.292465, -33.014808 ], [ -71.293311, -33.013287 ], [ -71.295494, -33.011148 ], [ -71.319941, -33.023394 ], [ -71.319981, -33.024866 ], [ -71.319667, -33.026169 ], [ -71.319713, -33.027119 ], [ -71.319908, -33.027894 ], [ -71.320425, -33.028678 ], [ -71.321382, -33.029151 ], [ -71.322078, -33.029746 ], [ -71.32247, -33.030276 ], [ -71.322497, -33.030844 ], [ -71.322988, -33.031831 ], [ -71.323314, -33.032356 ], [ -71.323997, -33.034034 ], [ -71.324926, -33.03496 ], [ -71.3275, -33.037916 ], [ -71.327887, -33.038845 ], [ -71.327841, -33.039377 ], [ -71.328049, -33.041675 ], [ -71.327754, -33.043206 ], [ -71.32796, -33.044067 ], [ -71.32867, -33.044263 ], [ -71.329658, -33.044128 ], [ -71.330798, -33.044385 ], [ -71.330951, -33.044107 ], [ -71.331592, -33.043669 ], [ -71.333982, -33.042232 ], [ -71.334777, -33.041915 ], [ -71.336097, -33.041703 ], [ -71.336868, -33.041441 ], [ -71.337872, -33.042769 ], [ -71.339304, -33.043996 ], [ -71.340375, -33.043707 ], [ -71.34125, -33.043358 ], [ -71.342618, -33.042549 ], [ -71.343507, -33.041647 ], [ -71.344705, -33.040195 ], [ -71.347067, -33.036591 ], [ -71.347646, -33.035869 ], [ -71.347996, -33.035556 ], [ -71.348744, -33.035352 ], [ -71.349129, -33.035084 ], [ -71.349854, -33.034295 ], [ -71.351022, -33.034318 ], [ -71.351385, -33.034214 ], [ -71.351683, -33.034038 ], [ -71.352099, -33.033657 ], [ -71.353827, -33.032643 ], [ -71.354429, -33.032363 ], [ -71.355017, -33.031565 ], [ -71.355722, -33.031062 ], [ -71.357647, -33.030011 ], [ -71.358361, -33.029376 ], [ -71.358809, -33.029122 ], [ -71.359212, -33.029102 ], [ -71.359931, -33.029392 ], [ -71.360678, -33.029294 ], [ -71.361597, -33.02908 ], [ -71.362382, -33.028741 ], [ -71.363554, -33.028395 ], [ -71.364714, -33.027661 ], [ -71.364923, -33.02747 ], [ -71.365837, -33.027366 ], [ -71.366293, -33.02719 ], [ -71.368279, -33.02613 ], [ -71.370024, -33.026068 ], [ -71.371599, -33.02561 ], [ -71.372821, -33.025402 ], [ -71.374338, -33.024502 ], [ -71.375309, -33.023147 ], [ -71.3779, -33.021676 ], [ -71.37988, -33.020887 ], [ -71.380073, -33.019666 ], [ -71.379947, -33.019024 ], [ -71.381237, -33.018182 ], [ -71.382053, -33.016708 ], [ -71.382199, -33.015704 ], [ -71.382685, -33.014811 ], [ -71.383676, -33.014442 ], [ -71.384564, -33.014468 ], [ -71.385165, -33.013936 ], [ -71.386024, -33.013533 ], [ -71.388959, -33.0139 ], [ -71.391363, -33.013628 ], [ -71.394164, -33.013165 ], [ -71.39654, -33.012938 ], [ -71.398848, -33.012965 ], [ -71.400574, -33.013228 ], [ -71.401391, -33.012631 ], [ -71.401845, -33.012087 ], [ -71.401999, -33.011747 ], [ -71.40275, -33.01103 ], [ -71.404126, -33.010783 ], [ -71.405636, -33.011306 ], [ -71.406938, -33.011503 ], [ -71.410175, -33.009884 ], [ -71.413824, -33.010172 ], [ -71.415259, -33.00924 ], [ -71.41748, -33.009046 ], [ -71.418776, -33.008443 ], [ -71.420059, -33.008227 ], [ -71.421026, -33.008675 ], [ -71.422253, -33.008857 ], [ -71.423915, -33.008215 ], [ -71.424427, -33.007192 ], [ -71.425016, -33.006307 ], [ -71.425866, -33.005335 ], [ -71.426125, -33.004863 ], [ -71.42663, -33.002942 ], [ -71.427561, -33.002972 ], [ -71.429206, -33.002669 ], [ -71.431559, -33.001847 ], [ -71.432671, -33.001743 ], [ -71.433733, -33.000702 ], [ -71.43384, -32.998555 ], [ -71.434213, -32.997129 ], [ -71.434055, -32.995808 ], [ -71.434087, -32.995117 ], [ -71.434527, -32.994302 ], [ -71.434594, -32.994064 ], [ -71.434245, -32.993124 ], [ -71.433883, -32.992833 ], [ -71.43304, -32.992356 ], [ -71.432554, -32.991872 ], [ -71.431972, -32.991088 ], [ -71.431683, -32.990997 ], [ -71.431294, -32.990773 ], [ -71.430992, -32.99055 ], [ -71.430826, -32.990333 ], [ -71.430725, -32.989907 ], [ -71.430733, -32.989146 ], [ -71.43067, -32.988416 ], [ -71.430477, -32.98686 ], [ -71.430375, -32.986423 ], [ -71.42835, -32.984565 ], [ -71.428312, -32.984094 ], [ -71.42846, -32.983798 ], [ -71.428473, -32.983565 ], [ -71.428332, -32.98292 ], [ -71.428176, -32.982501 ], [ -71.427253, -32.980993 ], [ -71.426721, -32.979745 ], [ -71.425098, -32.976538 ], [ -71.424207, -32.975809 ], [ -71.423897, -32.975599 ], [ -71.423614, -32.97551 ], [ -71.41969, -32.976454 ], [ -71.419275, -32.976529 ], [ -71.418682, -32.976514 ], [ -71.418375, -32.976573 ], [ -71.417463, -32.977042 ], [ -71.417276, -32.977047 ], [ -71.416358, -32.976686 ], [ -71.415784, -32.976169 ], [ -71.41542, -32.975965 ], [ -71.413701, -32.975274 ], [ -71.412894, -32.975013 ], [ -71.411181, -32.975053 ], [ -71.41063, -32.97495 ], [ -71.41043, -32.974964 ], [ -71.409943, -32.975146 ], [ -71.409357, -32.975271 ], [ -71.40844, -32.975232 ], [ -71.407844, -32.975105 ], [ -71.407716, -32.975128 ], [ -71.407257, -32.975454 ], [ -71.406763, -32.975586 ], [ -71.406208, -32.97541 ], [ -71.405543, -32.974944 ], [ -71.404592, -32.974754 ], [ -71.403073, -32.974122 ], [ -71.401902, -32.974202 ], [ -71.400994, -32.973976 ], [ -71.400401, -32.973936 ], [ -71.399956, -32.97409 ], [ -71.399143, -32.974501 ], [ -71.39847, -32.974581 ], [ -71.39788, -32.974414 ], [ -71.397081, -32.973647 ], [ -71.396751, -32.97359 ], [ -71.396255, -32.973687 ], [ -71.395198, -32.974079 ], [ -71.394956, -32.974081 ], [ -71.393602, -32.973721 ], [ -71.391931, -32.972812 ], [ -71.391583, -32.972467 ], [ -71.391209, -32.971502 ], [ -71.390995, -32.971354 ], [ -71.388237, -32.970771 ], [ -71.387583, -32.970139 ], [ -71.387363, -32.969855 ], [ -71.386996, -32.968576 ], [ -71.386526, -32.967467 ], [ -71.385211, -32.964749 ], [ -71.385282, -32.964689 ], [ -71.38561, -32.964634 ], [ -71.386388, -32.964605 ], [ -71.386823, -32.965007 ], [ -71.387052, -32.965112 ], [ -71.387127, -32.965006 ], [ -71.387096, -32.964925 ], [ -71.387181, -32.964732 ], [ -71.38699, -32.964599 ], [ -71.386983, -32.963952 ], [ -71.387053, -32.963759 ], [ -71.387257, -32.963553 ], [ -71.387214, -32.963424 ], [ -71.386915, -32.963284 ], [ -71.386953, -32.963143 ], [ -71.387438, -32.962707 ], [ -71.38778, -32.962633 ], [ -71.387717, -32.962406 ], [ -71.3873, -32.96234 ], [ -71.387073, -32.962171 ], [ -71.388282, -32.961803 ], [ -71.388876, -32.961677 ], [ -71.389393, -32.961803 ], [ -71.38978, -32.959629 ], [ -71.390314, -32.959618 ], [ -71.391231, -32.960768 ], [ -71.391754, -32.96122 ], [ -71.392121, -32.961365 ], [ -71.39255, -32.961376 ], [ -71.393715, -32.961031 ], [ -71.395563, -32.960035 ], [ -71.396298, -32.95931 ], [ -71.396904, -32.958591 ], [ -71.398703, -32.956821 ], [ -71.399857, -32.955727 ], [ -71.401099, -32.954669 ], [ -71.402129, -32.953467 ], [ -71.403409, -32.952225 ], [ -71.403431, -32.951968 ], [ -71.401667, -32.950726 ], [ -71.401401, -32.950349 ], [ -71.401316, -32.950082 ], [ -71.401499, -32.949163 ], [ -71.402517, -32.948321 ], [ -71.403025, -32.947569 ], [ -71.403655, -32.945572 ], [ -71.403624, -32.943517 ], [ -71.403512, -32.942327 ], [ -71.404177, -32.941353 ], [ -71.405997, -32.940339 ], [ -71.406821, -32.93954 ], [ -71.408093, -32.938136 ], [ -71.408232, -32.937169 ], [ -71.408294, -32.934996 ], [ -71.408864, -32.934293 ], [ -71.409932, -32.933819 ], [ -71.412076, -32.933294 ], [ -71.413458, -32.932828 ], [ -71.414055, -32.932891 ], [ -71.414728, -32.93314 ], [ -71.416582, -32.933976 ], [ -71.417671, -32.934624 ], [ -71.417911, -32.935151 ], [ -71.418001, -32.935749 ], [ -71.417944, -32.936592 ], [ -71.41785, -32.937457 ], [ -71.417491, -32.938978 ], [ -71.41744, -32.93949 ], [ -71.417471, -32.940154 ], [ -71.417754, -32.940918 ], [ -71.418161, -32.94133 ], [ -71.41862, -32.941503 ], [ -71.4193, -32.941551 ], [ -71.42195, -32.941078 ], [ -71.426575, -32.9394 ], [ -71.428477, -32.937851 ], [ -71.42914, -32.937133 ], [ -71.429327, -32.936196 ], [ -71.429222, -32.935426 ], [ -71.428832, -32.934994 ], [ -71.427829, -32.934491 ], [ -71.426923, -32.933806 ], [ -71.42656, -32.933225 ], [ -71.426576, -32.932594 ], [ -71.426798, -32.932184 ], [ -71.427195, -32.931999 ], [ -71.429802, -32.930987 ], [ -71.431281, -32.930759 ], [ -71.431995, -32.930576 ], [ -71.432345, -32.93056 ], [ -71.433076, -32.93069 ], [ -71.433771, -32.931132 ], [ -71.436771, -32.932772 ], [ -71.437184, -32.932906 ], [ -71.438191, -32.933194 ], [ -71.439027, -32.933182 ], [ -71.439824, -32.932786 ], [ -71.438403, -32.932065 ], [ -71.439519, -32.931152 ], [ -71.439667, -32.930894 ], [ -71.440469, -32.927974 ], [ -71.440657, -32.927542 ], [ -71.442935, -32.923336 ] ] ] } },
{ "type": "Feature", "properties": { "name": "Quillota", "query": "Quillota, Chile", "display_na": "Quillota, Provincia de Quillota, Región de Valparaíso, 2260000, Chile" }, "geometry": { "type": "Polygon", "coordinates": [ [ [ -71.452554, -32.891252 ], [ -71.448697, -32.891426 ], [ -71.445521, -32.891931 ], [ -71.443376, -32.892507 ], [ -71.436938, -32.893156 ], [ -71.435479, -32.891786 ], [ -71.434278, -32.890273 ], [ -71.43402, -32.889696 ], [ -71.433248, -32.88739 ], [ -71.433333, -32.885732 ], [ -71.432132, -32.88393 ], [ -71.430587, -32.881768 ], [ -71.428441, -32.880831 ], [ -71.425523, -32.880903 ], [ -71.423549, -32.880398 ], [ -71.421489, -32.87975 ], [ -71.420373, -32.878524 ], [ -71.419515, -32.87665 ], [ -71.418227, -32.875136 ], [ -71.41694, -32.873767 ], [ -71.415309, -32.873262 ], [ -71.412219, -32.873262 ], [ -71.40973, -32.872829 ], [ -71.407498, -32.871892 ], [ -71.405009, -32.870667 ], [ -71.403464, -32.869585 ], [ -71.401595, -32.867773 ], [ -71.401834, -32.866197 ], [ -71.401834, -32.864539 ], [ -71.401404, -32.86353 ], [ -71.400117, -32.862304 ], [ -71.394881, -32.860646 ], [ -71.391448, -32.859204 ], [ -71.389817, -32.858195 ], [ -71.389045, -32.857185 ], [ -71.388358, -32.856608 ], [ -71.386387, -32.857036 ], [ -71.385354, -32.856752 ], [ -71.38338, -32.85668 ], [ -71.379861, -32.858916 ], [ -71.377887, -32.860069 ], [ -71.376599, -32.861655 ], [ -71.37514, -32.862232 ], [ -71.372909, -32.862592 ], [ -71.371621, -32.862304 ], [ -71.368617, -32.86043 ], [ -71.367416, -32.858771 ], [ -71.366815, -32.857401 ], [ -71.366557, -32.856536 ], [ -71.364755, -32.857041 ], [ -71.361922, -32.857113 ], [ -71.359262, -32.856608 ], [ -71.357888, -32.856104 ], [ -71.356429, -32.855166 ], [ -71.355828, -32.853868 ], [ -71.355485, -32.852499 ], [ -71.354369, -32.850984 ], [ -71.352481, -32.849037 ], [ -71.351193, -32.847091 ], [ -71.35085, -32.844999 ], [ -71.350679, -32.843413 ], [ -71.35085, -32.841682 ], [ -71.349219, -32.840168 ], [ -71.346988, -32.83923 ], [ -71.345185, -32.839086 ], [ -71.341495, -32.83923 ], [ -71.338662, -32.83887 ], [ -71.33583, -32.838437 ], [ -71.332225, -32.837427 ], [ -71.330937, -32.836418 ], [ -71.329392, -32.835408 ], [ -71.327247, -32.832235 ], [ -71.325959, -32.830865 ], [ -71.322097, -32.832451 ], [ -71.320466, -32.832524 ], [ -71.318406, -32.831514 ], [ -71.316432, -32.83072 ], [ -71.314544, -32.830576 ], [ -71.309051, -32.83072 ], [ -71.30639, -32.830865 ], [ -71.302098, -32.830143 ], [ -71.300382, -32.830071 ], [ -71.298408, -32.830143 ], [ -71.296262, -32.831153 ], [ -71.293773, -32.831947 ], [ -71.291627, -32.832956 ], [ -71.289567, -32.833461 ], [ -71.287421, -32.833677 ], [ -71.285619, -32.834254 ], [ -71.283645, -32.835192 ], [ -71.281327, -32.835697 ], [ -71.279439, -32.83649 ], [ -71.27775, -32.835959 ], [ -71.27509, -32.835887 ], [ -71.272, -32.835599 ], [ -71.270369, -32.835238 ], [ -71.268738, -32.835166 ], [ -71.266678, -32.83495 ], [ -71.265906, -32.836031 ], [ -71.265477, -32.838123 ], [ -71.264618, -32.839637 ], [ -71.263588, -32.841079 ], [ -71.262043, -32.841368 ], [ -71.259383, -32.841512 ], [ -71.257838, -32.842017 ], [ -71.256293, -32.843387 ], [ -71.25449, -32.844397 ], [ -71.252173, -32.845406 ], [ -71.239824, -32.847017 ], [ -71.239693, -32.84812 ], [ -71.24006, -32.849322 ], [ -71.240076, -32.850083 ], [ -71.239182, -32.851673 ], [ -71.239008, -32.852178 ], [ -71.239133, -32.853345 ], [ -71.239132, -32.854479 ], [ -71.236977, -32.854987 ], [ -71.235028, -32.855634 ], [ -71.23538, -32.856735 ], [ -71.230721, -32.858109 ], [ -71.229917, -32.858139 ], [ -71.229291, -32.857987 ], [ -71.227256, -32.858428 ], [ -71.22477, -32.858837 ], [ -71.223351, -32.859201 ], [ -71.222367, -32.859293 ], [ -71.221636, -32.85914 ], [ -71.219825, -32.859562 ], [ -71.217969, -32.859914 ], [ -71.216165, -32.859771 ], [ -71.215005, -32.859861 ], [ -71.21326, -32.85934 ], [ -71.212994, -32.859339 ], [ -71.211719, -32.859574 ], [ -71.208818, -32.859415 ], [ -71.20813, -32.859198 ], [ -71.207328, -32.85919 ], [ -71.205259, -32.859349 ], [ -71.204849, -32.859515 ], [ -71.203849, -32.8605 ], [ -71.202748, -32.860767 ], [ -71.20083, -32.861831 ], [ -71.20071, -32.861989 ], [ -71.200626, -32.862232 ], [ -71.200646, -32.862622 ], [ -71.200331, -32.863215 ], [ -71.198959, -32.863665 ], [ -71.198412, -32.863791 ], [ -71.197618, -32.864124 ], [ -71.196148, -32.864584 ], [ -71.195698, -32.864782 ], [ -71.195086, -32.865188 ], [ -71.194807, -32.865287 ], [ -71.194207, -32.865242 ], [ -71.193745, -32.865332 ], [ -71.192436, -32.865837 ], [ -71.191846, -32.866233 ], [ -71.190709, -32.867134 ], [ -71.190054, -32.867387 ], [ -71.188123, -32.867891 ], [ -71.186782, -32.868504 ], [ -71.185355, -32.86945 ], [ -71.18483, -32.869594 ], [ -71.184658, -32.869567 ], [ -71.184336, -32.869333 ], [ -71.184111, -32.86927 ], [ -71.183553, -32.869306 ], [ -71.18218, -32.869567 ], [ -71.181622, -32.869396 ], [ -71.181128, -32.868864 ], [ -71.180742, -32.868189 ], [ -71.180313, -32.86726 ], [ -71.180044, -32.866882 ], [ -71.179433, -32.866449 ], [ -71.179004, -32.866332 ], [ -71.178444, -32.866243 ], [ -71.177684, -32.866224 ], [ -71.176697, -32.866458 ], [ -71.176407, -32.866611 ], [ -71.175646, -32.866774 ], [ -71.173972, -32.866602 ], [ -71.17115, -32.866765 ], [ -71.169745, -32.867035 ], [ -71.16926, -32.867036 ], [ -71.16849, -32.8669 ], [ -71.168211, -32.866765 ], [ -71.167953, -32.866458 ], [ -71.167835, -32.866197 ], [ -71.167781, -32.865873 ], [ -71.167481, -32.865197 ], [ -71.16681, -32.863822 ], [ -71.16658, -32.863548 ], [ -71.166236, -32.863457 ], [ -71.165389, -32.863372 ], [ -71.164504, -32.863611 ], [ -71.164214, -32.863606 ], [ -71.163125, -32.863336 ], [ -71.162846, -32.863331 ], [ -71.161536, -32.863648 ], [ -71.160378, -32.864264 ], [ -71.159348, -32.864413 ], [ -71.157643, -32.864395 ], [ -71.156817, -32.864278 ], [ -71.156301, -32.86435 ], [ -71.153952, -32.865097 ], [ -71.151345, -32.865647 ], [ -71.149757, -32.8658 ], [ -71.149113, -32.866026 ], [ -71.147686, -32.866404 ], [ -71.145876, -32.866705 ], [ -71.145571, -32.867685 ], [ -71.145829, -32.869632 ], [ -71.146515, -32.871218 ], [ -71.147288, -32.873308 ], [ -71.147631, -32.874966 ], [ -71.147631, -32.877201 ], [ -71.147202, -32.879435 ], [ -71.146429, -32.881093 ], [ -71.145829, -32.882823 ], [ -71.144284, -32.885706 ], [ -71.143769, -32.887508 ], [ -71.143597, -32.888733 ], [ -71.144026, -32.890535 ], [ -71.144884, -32.89176 ], [ -71.145657, -32.893058 ], [ -71.146, -32.895148 ], [ -71.145657, -32.896517 ], [ -71.144884, -32.898463 ], [ -71.144884, -32.900409 ], [ -71.144026, -32.902354 ], [ -71.144026, -32.903363 ], [ -71.145142, -32.9043 ], [ -71.146, -32.905453 ], [ -71.146344, -32.907543 ], [ -71.146, -32.910065 ], [ -71.145657, -32.9141 ], [ -71.145314, -32.915469 ], [ -71.146086, -32.91727 ], [ -71.146601, -32.918999 ], [ -71.147717, -32.920584 ], [ -71.148918, -32.922025 ], [ -71.149777, -32.923827 ], [ -71.150206, -32.925412 ], [ -71.151064, -32.928005 ], [ -71.151064, -32.929374 ], [ -71.150206, -32.930022 ], [ -71.148575, -32.930743 ], [ -71.146515, -32.931967 ], [ -71.14497, -32.933624 ], [ -71.143855, -32.935713 ], [ -71.143511, -32.938379 ], [ -71.143082, -32.939459 ], [ -71.142395, -32.940684 ], [ -71.14188, -32.941188 ], [ -71.139391, -32.941692 ], [ -71.13673, -32.942628 ], [ -71.133641, -32.943277 ], [ -71.131924, -32.944213 ], [ -71.12995, -32.945582 ], [ -71.127032, -32.94731 ], [ -71.124113, -32.948103 ], [ -71.12171, -32.948535 ], [ -71.121024, -32.949543 ], [ -71.12068, -32.951164 ], [ -71.120208, -32.952496 ], [ -71.119843, -32.953773 ], [ -71.120846, -32.954453 ], [ -71.122476, -32.955318 ], [ -71.124279, -32.95611 ], [ -71.125867, -32.957082 ], [ -71.12724, -32.960323 ], [ -71.127641, -32.960697 ], [ -71.128313, -32.961187 ], [ -71.130244, -32.962231 ], [ -71.13269, -32.962916 ], [ -71.135051, -32.965796 ], [ -71.137926, -32.966804 ], [ -71.140329, -32.96792 ], [ -71.14276, -32.968212 ], [ -71.14475, -32.968712 ], [ -71.145951, -32.969792 ], [ -71.150758, -32.970297 ], [ -71.153317, -32.971885 ], [ -71.15572, -32.973253 ], [ -71.15778, -32.971956 ], [ -71.159411, -32.972101 ], [ -71.161127, -32.972389 ], [ -71.162415, -32.972172 ], [ -71.164646, -32.971596 ], [ -71.172028, -32.96922 ], [ -71.174002, -32.968716 ], [ -71.175633, -32.968788 ], [ -71.177693, -32.969292 ], [ -71.179238, -32.970084 ], [ -71.183443, -32.971452 ], [ -71.185933, -32.971308 ], [ -71.188164, -32.970876 ], [ -71.190825, -32.971596 ], [ -71.193228, -32.971452 ], [ -71.194515, -32.970948 ], [ -71.19649, -32.970588 ], [ -71.198979, -32.970516 ], [ -71.201039, -32.97102 ], [ -71.202755, -32.97102 ], [ -71.203871, -32.97066 ], [ -71.206961, -32.971525 ], [ -71.210308, -32.971596 ], [ -71.21254, -32.971741 ], [ -71.214342, -32.972821 ], [ -71.216488, -32.972893 ], [ -71.218291, -32.972245 ], [ -71.221295, -32.971668 ], [ -71.224642, -32.971525 ], [ -71.227732, -32.971596 ], [ -71.229534, -32.971741 ], [ -71.231423, -32.972245 ], [ -71.233311, -32.973397 ], [ -71.235028, -32.973325 ], [ -71.238289, -32.972965 ], [ -71.241379, -32.973037 ], [ -71.243954, -32.973397 ], [ -71.245928, -32.973469 ], [ -71.247645, -32.972677 ], [ -71.249876, -32.972461 ], [ -71.252623, -32.972389 ], [ -71.254304, -32.971747 ], [ -71.254643, -32.971369 ], [ -71.254965, -32.971185 ], [ -71.255377, -32.970787 ], [ -71.255976, -32.970498 ], [ -71.25646, -32.970095 ], [ -71.256938, -32.96981 ], [ -71.257507, -32.969603 ], [ -71.259905, -32.969139 ], [ -71.261551, -32.968393 ], [ -71.262606, -32.968353 ], [ -71.263279, -32.968255 ], [ -71.264097, -32.967749 ], [ -71.266076, -32.967092 ], [ -71.267198, -32.966898 ], [ -71.267361, -32.966709 ], [ -71.268265, -32.966367 ], [ -71.26959, -32.966321 ], [ -71.270282, -32.96612 ], [ -71.270421, -32.965942 ], [ -71.270483, -32.964686 ], [ -71.270906, -32.964164 ], [ -71.271409, -32.963876 ], [ -71.272488, -32.96379 ], [ -71.273555, -32.963259 ], [ -71.274644, -32.962971 ], [ -71.276483, -32.962953 ], [ -71.276926, -32.962856 ], [ -71.277889, -32.962307 ], [ -71.27846, -32.962159 ], [ -71.279381, -32.961632 ], [ -71.281177, -32.960888 ], [ -71.281894, -32.960808 ], [ -71.282574, -32.960932 ], [ -71.283419, -32.960784 ], [ -71.283801, -32.960538 ], [ -71.284509, -32.960399 ], [ -71.286335, -32.96055 ], [ -71.28688, -32.96043 ], [ -71.287492, -32.960174 ], [ -71.287868, -32.960122 ], [ -71.289334, -32.960214 ], [ -71.289825, -32.960309 ], [ -71.290329, -32.960322 ], [ -71.290815, -32.960437 ], [ -71.291428, -32.961004 ], [ -71.292321, -32.961333 ], [ -71.292805, -32.961351 ], [ -71.29329, -32.9612 ], [ -71.294158, -32.960521 ], [ -71.294663, -32.960406 ], [ -71.295704, -32.959654 ], [ -71.296066, -32.959186 ], [ -71.296661, -32.958668 ], [ -71.297439, -32.958718 ], [ -71.298081, -32.95861 ], [ -71.299577, -32.958099 ], [ -71.300516, -32.958059 ], [ -71.301134, -32.957626 ], [ -71.301736, -32.956771 ], [ -71.302174, -32.956374 ], [ -71.303408, -32.956071 ], [ -71.304697, -32.955372 ], [ -71.305349, -32.955263 ], [ -71.305826, -32.954942 ], [ -71.305853, -32.954637 ], [ -71.30609, -32.954186 ], [ -71.307358, -32.953505 ], [ -71.308343, -32.952647 ], [ -71.308607, -32.952229 ], [ -71.309033, -32.951894 ], [ -71.310289, -32.951783 ], [ -71.31093, -32.951993 ], [ -71.311643, -32.952607 ], [ -71.312065, -32.952846 ], [ -71.312621, -32.952917 ], [ -71.313519, -32.952893 ], [ -71.31379, -32.953037 ], [ -71.31397, -32.953244 ], [ -71.314451, -32.95345 ], [ -71.315137, -32.953323 ], [ -71.315802, -32.952886 ], [ -71.316184, -32.952754 ], [ -71.318053, -32.952724 ], [ -71.318717, -32.952448 ], [ -71.319164, -32.952442 ], [ -71.319961, -32.951861 ], [ -71.322784, -32.951709 ], [ -71.325946, -32.951385 ], [ -71.327619, -32.951621 ], [ -71.328427, -32.95155 ], [ -71.328851, -32.951705 ], [ -71.32927, -32.951969 ], [ -71.329529, -32.951914 ], [ -71.33039, -32.951502 ], [ -71.33131, -32.951352 ], [ -71.331719, -32.951225 ], [ -71.332292, -32.950935 ], [ -71.332713, -32.950589 ], [ -71.333192, -32.949993 ], [ -71.33363, -32.949837 ], [ -71.334606, -32.949705 ], [ -71.335202, -32.949486 ], [ -71.335905, -32.948887 ], [ -71.336468, -32.948592 ], [ -71.337299, -32.948315 ], [ -71.337552, -32.946488 ], [ -71.33847, -32.945755 ], [ -71.339625, -32.945103 ], [ -71.341405, -32.944576 ], [ -71.341857, -32.943969 ], [ -71.342546, -32.94202 ], [ -71.344172, -32.941119 ], [ -71.345108, -32.940331 ], [ -71.345515, -32.940165 ], [ -71.346141, -32.93962 ], [ -71.34686, -32.9383 ], [ -71.346935, -32.936374 ], [ -71.346077, -32.934278 ], [ -71.343978, -32.929832 ], [ -71.344457, -32.929732 ], [ -71.345568, -32.929263 ], [ -71.34618, -32.929127 ], [ -71.346458, -32.929181 ], [ -71.346709, -32.929379 ], [ -71.347316, -32.929504 ], [ -71.34769, -32.929456 ], [ -71.348267, -32.929285 ], [ -71.348887, -32.928666 ], [ -71.350595, -32.927673 ], [ -71.35135, -32.92707 ], [ -71.351789, -32.926428 ], [ -71.352964, -32.926102 ], [ -71.355021, -32.92573 ], [ -71.356758, -32.925014 ], [ -71.358712, -32.923764 ], [ -71.359654, -32.92341 ], [ -71.362536, -32.922049 ], [ -71.365181, -32.920916 ], [ -71.36723, -32.919876 ], [ -71.369145, -32.919212 ], [ -71.372584, -32.918377 ], [ -71.374192, -32.918088 ], [ -71.375207, -32.917984 ], [ -71.376658, -32.918023 ], [ -71.378828, -32.918687 ], [ -71.379153, -32.918678 ], [ -71.379435, -32.918741 ], [ -71.379601, -32.918899 ], [ -71.379705, -32.919457 ], [ -71.379959, -32.919814 ], [ -71.380845, -32.920358 ], [ -71.381784, -32.920655 ], [ -71.383045, -32.920718 ], [ -71.383957, -32.920518 ], [ -71.384687, -32.920526 ], [ -71.385601, -32.920327 ], [ -71.386609, -32.920218 ], [ -71.389584, -32.920311 ], [ -71.391126, -32.920207 ], [ -71.392813, -32.919723 ], [ -71.393168, -32.919718 ], [ -71.393639, -32.919842 ], [ -71.394023, -32.92005 ], [ -71.394454, -32.920053 ], [ -71.396247, -32.919573 ], [ -71.397287, -32.91943 ], [ -71.398167, -32.919214 ], [ -71.399685, -32.9195 ], [ -71.401568, -32.919509 ], [ -71.402123, -32.919325 ], [ -71.402778, -32.918883 ], [ -71.40322, -32.918901 ], [ -71.403475, -32.919113 ], [ -71.40362, -32.919154 ], [ -71.403852, -32.919119 ], [ -71.404666, -32.918771 ], [ -71.405436, -32.918516 ], [ -71.406715, -32.918334 ], [ -71.408435, -32.917867 ], [ -71.409411, -32.917719 ], [ -71.410487, -32.91765 ], [ -71.410999, -32.917758 ], [ -71.411466, -32.917939 ], [ -71.412168, -32.918579 ], [ -71.41268, -32.918962 ], [ -71.413488, -32.919104 ], [ -71.414606, -32.919023 ], [ -71.416644, -32.918248 ], [ -71.417723, -32.918095 ], [ -71.418512, -32.918172 ], [ -71.419697, -32.918636 ], [ -71.420322, -32.918622 ], [ -71.421022, -32.91855 ], [ -71.421808, -32.918314 ], [ -71.422594, -32.917996 ], [ -71.423973, -32.916963 ], [ -71.42415, -32.916893 ], [ -71.424555, -32.916891 ], [ -71.424909, -32.916983 ], [ -71.425171, -32.917168 ], [ -71.426193, -32.918075 ], [ -71.426722, -32.918269 ], [ -71.42732, -32.918377 ], [ -71.429302, -32.918507 ], [ -71.429903, -32.918613 ], [ -71.430262, -32.918586 ], [ -71.431134, -32.918397 ], [ -71.431665, -32.918402 ], [ -71.432553, -32.918584 ], [ -71.432725, -32.918667 ], [ -71.433148, -32.919608 ], [ -71.433422, -32.919863 ], [ -71.434262, -32.920171 ], [ -71.434927, -32.920558 ], [ -71.436383, -32.921074 ], [ -71.438457, -32.921557 ], [ -71.439117, -32.921791 ], [ -71.440889, -32.922569 ], [ -71.442935, -32.923336 ], [ -71.443663, -32.9219 ], [ -71.443697, -32.921575 ], [ -71.442876, -32.916307 ], [ -71.442724, -32.91609 ], [ -71.442417, -32.91597 ], [ -71.441798, -32.915864 ], [ -71.4405, -32.915886 ], [ -71.439013, -32.915692 ], [ -71.43871, -32.915556 ], [ -71.438507, -32.915276 ], [ -71.438448, -32.91498 ], [ -71.438552, -32.914684 ], [ -71.439122, -32.913947 ], [ -71.439269, -32.913569 ], [ -71.439561, -32.91329 ], [ -71.440776, -32.912787 ], [ -71.441349, -32.9121 ], [ -71.441425, -32.911804 ], [ -71.440883, -32.910387 ], [ -71.4406, -32.91006 ], [ -71.439635, -32.909394 ], [ -71.439325, -32.909073 ], [ -71.439204, -32.908754 ], [ -71.439132, -32.9083 ], [ -71.439194, -32.907827 ], [ -71.439398, -32.907344 ], [ -71.439753, -32.906953 ], [ -71.440219, -32.906683 ], [ -71.443336, -32.905389 ], [ -71.444322, -32.904829 ], [ -71.444664, -32.904356 ], [ -71.445781, -32.902139 ], [ -71.44624, -32.901365 ], [ -71.446541, -32.900978 ], [ -71.447439, -32.900342 ], [ -71.447839, -32.899982 ], [ -71.449013, -32.898515 ], [ -71.450243, -32.89682 ], [ -71.451585, -32.894699 ], [ -71.451953, -32.893802 ], [ -71.452554, -32.891252 ] ] ] } }
]
}
