{
"type": "FeatureCollection",
"name": "limites_comunales_valle_del_aconcagua_bcn",
"crs": { "type": "name", "properties": { "name": "urn:ogc:def:crs:OGC:1.3:CRS84" } },
"xy_coordinate_resolution": 1e-06,
"features": [
{ "type": "Feature", "properties": { "objectid": 191, "shape_leng": 56178.1943751, "dis_elec": 6, "cir_sena": 6, "cod_comuna": 5704, "codregion": 5, "st_area_sh": 170691625.891, "st_length_": 66825.256854899999, "Region": "Región de Valparaíso", "Comuna": "Panquehue", "Provincia": "San Felipe" }, "geometry": { "type": "Polygon", "coordinates": [ [ [ -70.741714, -32.754509 ], [ -70.740836, -32.755041 ], [ -70.737714, -32.756472 ], [ -70.736815, -32.75754 ], [ -70.736672, -32.758067 ], [ -70.737626, -32.758232 ], [ -70.738327, -32.758575 ], [ -70.739389, -32.759674 ], [ -70.740247, -32.760952 ], [ -70.740607, -32.76165 ], [ -70.741104, -32.76223 ], [ -70.742089, -32.76292 ], [ -70.742725, -32.763497 ], [ -70.744974, -32.764932 ], [ -70.746229, -32.765266 ], [ -70.747272, -32.765369 ], [ -70.74804, -32.765593 ], [ -70.748812, -32.766051 ], [ -70.749371, -32.766219 ], [ -70.749857, -32.766271 ], [ -70.750755, -32.766024 ], [ -70.75137, -32.765546 ], [ -70.752199, -32.765358 ], [ -70.753581, -32.765046 ], [ -70.754345, -32.765094 ], [ -70.755613, -32.766073 ], [ -70.756396, -32.767059 ], [ -70.757666, -32.768096 ], [ -70.758799, -32.769253 ], [ -70.759297, -32.769891 ], [ -70.759592, -32.770766 ], [ -70.760508, -32.771457 ], [ -70.761419, -32.771913 ], [ -70.762187, -32.772137 ], [ -70.764153, -32.773282 ], [ -70.764856, -32.773741 ], [ -70.76535, -32.774203 ], [ -70.765571, -32.774845 ], [ -70.764335, -32.779025 ], [ -70.763931, -32.779617 ], [ -70.762765, -32.780337 ], [ -70.761459, -32.781001 ], [ -70.760984, -32.781535 ], [ -70.760792, -32.782359 ], [ -70.760699, -32.784705 ], [ -70.761072, -32.787778 ], [ -70.76067, -32.788487 ], [ -70.75951, -32.7895 ], [ -70.759176, -32.790209 ], [ -70.759195, -32.791146 ], [ -70.759417, -32.791847 ], [ -70.760289, -32.793828 ], [ -70.760179, -32.795296 ], [ -70.760344, -32.796642 ], [ -70.760709, -32.797516 ], [ -70.761712, -32.799085 ], [ -70.762346, -32.80061 ], [ -70.762732, -32.800481 ], [ -70.761967, -32.801485 ], [ -70.760251, -32.802448 ], [ -70.758358, -32.803266 ], [ -70.756502, -32.80423 ], [ -70.755818, -32.804767 ], [ -70.75446, -32.806311 ], [ -70.752541, -32.808165 ], [ -70.753026, -32.808538 ], [ -70.753612, -32.809265 ], [ -70.754281, -32.811384 ], [ -70.754398, -32.812041 ], [ -70.754892, -32.812873 ], [ -70.755461, -32.814218 ], [ -70.756007, -32.814657 ], [ -70.756625, -32.814991 ], [ -70.757121, -32.815768 ], [ -70.757222, -32.816443 ], [ -70.757441, -32.816909 ], [ -70.758027, -32.817586 ], [ -70.75878, -32.818049 ], [ -70.759118, -32.818545 ], [ -70.760094, -32.819176 ], [ -70.760444, -32.819523 ], [ -70.761288, -32.820706 ], [ -70.761579, -32.82159 ], [ -70.761857, -32.822051 ], [ -70.76404, -32.823138 ], [ -70.766504, -32.825304 ], [ -70.767857, -32.825811 ], [ -70.770341, -32.825866 ], [ -70.771273, -32.826009 ], [ -70.771915, -32.826269 ], [ -70.772299, -32.826891 ], [ -70.773114, -32.827821 ], [ -70.77451, -32.828608 ], [ -70.775848, -32.829171 ], [ -70.77884, -32.83016 ], [ -70.780599, -32.830493 ], [ -70.781555, -32.830524 ], [ -70.782728, -32.830777 ], [ -70.787531, -32.832053 ], [ -70.788698, -32.832036 ], [ -70.791226, -32.832336 ], [ -70.792712, -32.832315 ], [ -70.793769, -32.832075 ], [ -70.797403, -32.830634 ], [ -70.799471, -32.830559 ], [ -70.801441, -32.830845 ], [ -70.803591, -32.832158 ], [ -70.806537, -32.83346 ], [ -70.806961, -32.833409 ], [ -70.807481, -32.832864 ], [ -70.808063, -32.832766 ], [ -70.809767, -32.833055 ], [ -70.811914, -32.832912 ], [ -70.815313, -32.832952 ], [ -70.817635, -32.832291 ], [ -70.819119, -32.83218 ], [ -70.820016, -32.831898 ], [ -70.820902, -32.831078 ], [ -70.821636, -32.830664 ], [ -70.823068, -32.830599 ], [ -70.825143, -32.830837 ], [ -70.826099, -32.830823 ], [ -70.830166, -32.829868 ], [ -70.832065, -32.829257 ], [ -70.83302, -32.829243 ], [ -70.835627, -32.829519 ], [ -70.837218, -32.829451 ], [ -70.839505, -32.829686 ], [ -70.840361, -32.829987 ], [ -70.841547, -32.830866 ], [ -70.842562, -32.831165 ], [ -70.843407, -32.830973 ], [ -70.844508, -32.830285 ], [ -70.845454, -32.829822 ], [ -70.847296, -32.829078 ], [ -70.849889, -32.828681 ], [ -70.851736, -32.828161 ], [ -70.853961, -32.827949 ], [ -70.854648, -32.827804 ], [ -70.855174, -32.827572 ], [ -70.855554, -32.82797 ], [ -70.856253, -32.828408 ], [ -70.85761, -32.829867 ], [ -70.858363, -32.830304 ], [ -70.859324, -32.830603 ], [ -70.862461, -32.830825 ], [ -70.863207, -32.830949 ], [ -70.86786, -32.832627 ], [ -70.868763, -32.832659 ], [ -70.86961, -32.832511 ], [ -70.870463, -32.831445 ], [ -70.871195, -32.830897 ], [ -70.873713, -32.82947 ], [ -70.874399, -32.82928 ], [ -70.87583, -32.829169 ], [ -70.87884, -32.828452 ], [ -70.881381, -32.8281 ], [ -70.8827, -32.827721 ], [ -70.885449, -32.827187 ], [ -70.8865, -32.826678 ], [ -70.887238, -32.826034 ], [ -70.887958, -32.826899 ], [ -70.889002, -32.828629 ], [ -70.890341, -32.829853 ], [ -70.891304, -32.830371 ], [ -70.893221, -32.830896 ], [ -70.894946, -32.831123 ], [ -70.896559, -32.831581 ], [ -70.896891, -32.831765 ], [ -70.898784, -32.833549 ], [ -70.899394, -32.834347 ], [ -70.899829, -32.834503 ], [ -70.901962, -32.833997 ], [ -70.903174, -32.833577 ], [ -70.904443, -32.833008 ], [ -70.905371, -32.832444 ], [ -70.905644, -32.832426 ], [ -70.906256, -32.832444 ], [ -70.908068, -32.833083 ], [ -70.909854, -32.833426 ], [ -70.911118, -32.833321 ], [ -70.913442, -32.833858 ], [ -70.914271, -32.833597 ], [ -70.915912, -32.832702 ], [ -70.917122, -32.832309 ], [ -70.918802, -32.8313 ], [ -70.919742, -32.830844 ], [ -70.921216, -32.829888 ], [ -70.921946, -32.829566 ], [ -70.923643, -32.829679 ], [ -70.925489, -32.829507 ], [ -70.927771, -32.829467 ], [ -70.930538, -32.829271 ], [ -70.932376, -32.829274 ], [ -70.933579, -32.82977 ], [ -70.93434, -32.830258 ], [ -70.934633, -32.830565 ], [ -70.935226, -32.83089 ], [ -70.936799, -32.830166 ], [ -70.938101, -32.828983 ], [ -70.938906, -32.828453 ], [ -70.939714, -32.828053 ], [ -70.943213, -32.827007 ], [ -70.945789, -32.825761 ], [ -70.946796, -32.825142 ], [ -70.947626, -32.82422 ], [ -70.947541, -32.824207 ], [ -70.946936, -32.823351 ], [ -70.946459, -32.822539 ], [ -70.946027, -32.821469 ], [ -70.94575, -32.820482 ], [ -70.945402, -32.816221 ], [ -70.944749, -32.812008 ], [ -70.944436, -32.80934 ], [ -70.944568, -32.80839 ], [ -70.945012, -32.807694 ], [ -70.94667, -32.806504 ], [ -70.947277, -32.806236 ], [ -70.94819, -32.806007 ], [ -70.948441, -32.805787 ], [ -70.948233, -32.801231 ], [ -70.947826, -32.801964 ], [ -70.947176, -32.802579 ], [ -70.946655, -32.803035 ], [ -70.945969, -32.803225 ], [ -70.945388, -32.803324 ], [ -70.944909, -32.803286 ], [ -70.944267, -32.803027 ], [ -70.943574, -32.802904 ], [ -70.942089, -32.802927 ], [ -70.938704, -32.803427 ], [ -70.937378, -32.803493 ], [ -70.934814, -32.802681 ], [ -70.932893, -32.802217 ], [ -70.931296, -32.801973 ], [ -70.929046, -32.800977 ], [ -70.926695, -32.800251 ], [ -70.924162, -32.799685 ], [ -70.923418, -32.799607 ], [ -70.921296, -32.79964 ], [ -70.919909, -32.799303 ], [ -70.918513, -32.798517 ], [ -70.914552, -32.796964 ], [ -70.91359, -32.796621 ], [ -70.910655, -32.795859 ], [ -70.907661, -32.794784 ], [ -70.905583, -32.794412 ], [ -70.903601, -32.794734 ], [ -70.901852, -32.79485 ], [ -70.900797, -32.795135 ], [ -70.899104, -32.795385 ], [ -70.896983, -32.795462 ], [ -70.895869, -32.795478 ], [ -70.894057, -32.795103 ], [ -70.891859, -32.794015 ], [ -70.890683, -32.79363 ], [ -70.889398, -32.793067 ], [ -70.887589, -32.792825 ], [ -70.885668, -32.792316 ], [ -70.884807, -32.791746 ], [ -70.883626, -32.791137 ], [ -70.881779, -32.790335 ], [ -70.880443, -32.789862 ], [ -70.87879, -32.789484 ], [ -70.87697, -32.788749 ], [ -70.873918, -32.787406 ], [ -70.871874, -32.786092 ], [ -70.871109, -32.785028 ], [ -70.870824, -32.784091 ], [ -70.869904, -32.783208 ], [ -70.869152, -32.782771 ], [ -70.868083, -32.782384 ], [ -70.86701, -32.781817 ], [ -70.865494, -32.780361 ], [ -70.864744, -32.780013 ], [ -70.861857, -32.777703 ], [ -70.85899, -32.775057 ], [ -70.856414, -32.773616 ], [ -70.855177, -32.772783 ], [ -70.851638, -32.770953 ], [ -70.847772, -32.768724 ], [ -70.843372, -32.765002 ], [ -70.842081, -32.764125 ], [ -70.837525, -32.761816 ], [ -70.834858, -32.761094 ], [ -70.832714, -32.760049 ], [ -70.832074, -32.759879 ], [ -70.830644, -32.759945 ], [ -70.82974, -32.759824 ], [ -70.829149, -32.759474 ], [ -70.828442, -32.758633 ], [ -70.826714, -32.757134 ], [ -70.825962, -32.756652 ], [ -70.82361, -32.755745 ], [ -70.822827, -32.755062 ], [ -70.821734, -32.753509 ], [ -70.82141, -32.7532 ], [ -70.817871, -32.751324 ], [ -70.816302, -32.749823 ], [ -70.815161, -32.74845 ], [ -70.813168, -32.746955 ], [ -70.811825, -32.746079 ], [ -70.809419, -32.745127 ], [ -70.80824, -32.744517 ], [ -70.807386, -32.74426 ], [ -70.806484, -32.744228 ], [ -70.804365, -32.744349 ], [ -70.802214, -32.744178 ], [ -70.800775, -32.74384 ], [ -70.799491, -32.743276 ], [ -70.798521, -32.742528 ], [ -70.797334, -32.741514 ], [ -70.79625, -32.74032 ], [ -70.795609, -32.740105 ], [ -70.794227, -32.739945 ], [ -70.791114, -32.738107 ], [ -70.787325, -32.736906 ], [ -70.78475, -32.735419 ], [ -70.783836, -32.73476 ], [ -70.781184, -32.733386 ], [ -70.779458, -32.731932 ], [ -70.778923, -32.731715 ], [ -70.777865, -32.73182 ], [ -70.776422, -32.731258 ], [ -70.775839, -32.731266 ], [ -70.775311, -32.731408 ], [ -70.774843, -32.731862 ], [ -70.774588, -32.732359 ], [ -70.774224, -32.732723 ], [ -70.773749, -32.732864 ], [ -70.773378, -32.732869 ], [ -70.772683, -32.732565 ], [ -70.772204, -32.732482 ], [ -70.771518, -32.732627 ], [ -70.770465, -32.733 ], [ -70.768502, -32.732983 ], [ -70.76644, -32.733281 ], [ -70.765548, -32.733787 ], [ -70.764765, -32.73438 ], [ -70.763888, -32.735647 ], [ -70.76342, -32.736102 ], [ -70.76258, -32.736517 ], [ -70.762214, -32.736791 ], [ -70.760365, -32.738498 ], [ -70.757492, -32.740735 ], [ -70.755603, -32.741747 ], [ -70.753979, -32.742756 ], [ -70.752469, -32.743472 ], [ -70.752565, -32.743464 ], [ -70.751625, -32.744224 ], [ -70.750493, -32.745973 ], [ -70.748173, -32.747617 ], [ -70.747305, -32.74835 ], [ -70.742799, -32.753527 ], [ -70.741714, -32.754509 ] ] ] } },
{ "type": "Feature", "properties": { "objectid": 181, "shape_leng": 69802.239962299995, "dis_elec": 6, "cir_sena": 6, "cod_comuna": 5803, "codregion": 5, "st_area_sh": 328819011.05800003, "st_length_": 83356.662942199997, "Region": "Región de Valparaíso", "Comuna": "Olmué", "Provincia": "Marga Marga" }, "geometry": { "type": "Polygon", "coordinates": [ [ [ -71.118411, -32.955584 ], [ -71.117825, -32.956192 ], [ -71.117659, -32.958357 ], [ -71.117406, -32.95919 ], [ -71.116931, -32.959888 ], [ -71.115326, -32.96125 ], [ -71.114743, -32.961996 ], [ -71.113997, -32.962744 ], [ -71.113416, -32.963536 ], [ -71.113215, -32.964276 ], [ -71.112536, -32.965576 ], [ -71.111414, -32.966561 ], [ -71.110135, -32.967871 ], [ -71.108849, -32.968905 ], [ -71.107077, -32.970131 ], [ -71.10481, -32.971182 ], [ -71.103089, -32.972269 ], [ -71.102773, -32.97278 ], [ -71.102271, -32.974629 ], [ -71.100721, -32.976036 ], [ -71.099916, -32.976601 ], [ -71.099104, -32.976891 ], [ -71.098288, -32.976997 ], [ -71.096831, -32.977712 ], [ -71.091512, -32.979043 ], [ -71.090539, -32.979428 ], [ -71.089667, -32.979488 ], [ -71.088408, -32.979371 ], [ -71.087413, -32.978836 ], [ -71.085335, -32.977513 ], [ -71.084564, -32.97725 ], [ -71.082974, -32.976954 ], [ -71.081555, -32.976932 ], [ -71.080634, -32.977269 ], [ -71.079055, -32.977434 ], [ -71.077931, -32.978373 ], [ -71.077564, -32.979023 ], [ -71.07738, -32.980498 ], [ -71.076919, -32.981794 ], [ -71.076219, -32.98222 ], [ -71.073665, -32.982723 ], [ -71.0728, -32.983059 ], [ -71.0706, -32.984706 ], [ -71.069948, -32.984855 ], [ -71.069073, -32.984777 ], [ -71.068466, -32.984511 ], [ -71.067756, -32.984477 ], [ -71.06705, -32.984673 ], [ -71.066512, -32.985004 ], [ -71.065644, -32.985248 ], [ -71.064827, -32.985308 ], [ -71.064054, -32.984953 ], [ -71.062597, -32.984494 ], [ -71.060352, -32.984209 ], [ -71.059097, -32.984229 ], [ -71.055741, -32.985481 ], [ -71.053788, -32.986019 ], [ -71.050282, -32.987871 ], [ -71.049261, -32.988578 ], [ -71.047859, -32.989337 ], [ -71.046726, -32.989908 ], [ -71.045531, -32.990204 ], [ -71.043028, -32.990567 ], [ -71.041501, -32.990638 ], [ -71.038959, -32.990518 ], [ -71.03748, -32.990312 ], [ -71.033844, -32.988853 ], [ -71.030346, -32.988726 ], [ -71.027763, -32.989053 ], [ -71.027836, -32.989644 ], [ -71.027681, -32.990269 ], [ -71.027082, -32.991329 ], [ -71.026997, -32.992571 ], [ -71.027409, -32.993231 ], [ -71.027988, -32.996275 ], [ -71.028015, -32.997469 ], [ -71.027747, -32.998096 ], [ -71.027649, -32.998765 ], [ -71.027174, -33.000297 ], [ -71.026941, -33.004624 ], [ -71.026727, -33.005566 ], [ -71.026606, -33.005901 ], [ -71.026088, -33.006401 ], [ -71.024728, -33.007005 ], [ -71.023499, -33.007832 ], [ -71.020619, -33.010846 ], [ -71.020065, -33.011621 ], [ -71.019697, -33.012705 ], [ -71.019574, -33.013482 ], [ -71.019855, -33.015358 ], [ -71.019807, -33.015918 ], [ -71.019701, -33.016163 ], [ -71.01915, -33.016614 ], [ -71.018995, -33.017049 ], [ -71.019054, -33.017296 ], [ -71.01979, -33.018254 ], [ -71.019874, -33.018487 ], [ -71.019972, -33.019725 ], [ -71.019905, -33.020935 ], [ -71.019547, -33.021829 ], [ -71.018639, -33.022727 ], [ -71.017965, -33.024578 ], [ -71.017339, -33.02499 ], [ -71.016989, -33.025415 ], [ -71.017148, -33.027121 ], [ -71.017063, -33.027695 ], [ -71.016759, -33.028173 ], [ -71.01642, -33.0284 ], [ -71.01596, -33.028984 ], [ -71.015479, -33.029984 ], [ -71.014672, -33.032175 ], [ -71.014537, -33.033327 ], [ -71.014556, -33.03513 ], [ -71.013582, -33.038023 ], [ -71.013316, -33.038419 ], [ -71.012863, -33.038792 ], [ -71.011575, -33.039336 ], [ -71.01082, -33.039839 ], [ -71.010134, -33.040653 ], [ -71.009667, -33.041053 ], [ -71.009221, -33.041258 ], [ -71.008581, -33.041332 ], [ -71.008145, -33.041564 ], [ -71.008002, -33.041733 ], [ -71.007942, -33.042 ], [ -71.008113, -33.042678 ], [ -71.008107, -33.043048 ], [ -71.007796, -33.044059 ], [ -71.007534, -33.044379 ], [ -71.006037, -33.045634 ], [ -71.002595, -33.047087 ], [ -71.001828, -33.047595 ], [ -71.001613, -33.047905 ], [ -71.000859, -33.050149 ], [ -71.00089, -33.050406 ], [ -71.001088, -33.050732 ], [ -71.001546, -33.050981 ], [ -71.003032, -33.051526 ], [ -71.003468, -33.051794 ], [ -71.003752, -33.052109 ], [ -71.003983, -33.052633 ], [ -71.004209, -33.052823 ], [ -71.004461, -33.052905 ], [ -71.004888, -33.05288 ], [ -71.006531, -33.052326 ], [ -71.006956, -33.052337 ], [ -71.007397, -33.052493 ], [ -71.00758, -33.052661 ], [ -71.007713, -33.053006 ], [ -71.007774, -33.053546 ], [ -71.007769, -33.054624 ], [ -71.007948, -33.055829 ], [ -71.008184, -33.056737 ], [ -71.008496, -33.057372 ], [ -71.009387, -33.058367 ], [ -71.009867, -33.059063 ], [ -71.010122, -33.059541 ], [ -71.010219, -33.060225 ], [ -71.009669, -33.061569 ], [ -71.009246, -33.063384 ], [ -71.008789, -33.064554 ], [ -71.008779, -33.064735 ], [ -71.008936, -33.065057 ], [ -71.009313, -33.065213 ], [ -71.01054, -33.064909 ], [ -71.011684, -33.06504 ], [ -71.012366, -33.065493 ], [ -71.013451, -33.066702 ], [ -71.014179, -33.067083 ], [ -71.015125, -33.067347 ], [ -71.015538, -33.067647 ], [ -71.016351, -33.068518 ], [ -71.017406, -33.069195 ], [ -71.018026, -33.069834 ], [ -71.018211, -33.070223 ], [ -71.018239, -33.070548 ], [ -71.018221, -33.07094 ], [ -71.017943, -33.071919 ], [ -71.01807, -33.072408 ], [ -71.018353, -33.072741 ], [ -71.019531, -33.073548 ], [ -71.020502, -33.074673 ], [ -71.022456, -33.076449 ], [ -71.023563, -33.07695 ], [ -71.025406, -33.077619 ], [ -71.026123, -33.078252 ], [ -71.026258, -33.078579 ], [ -71.026598, -33.080467 ], [ -71.026826, -33.08109 ], [ -71.02736, -33.082001 ], [ -71.02815, -33.082908 ], [ -71.029324, -33.083931 ], [ -71.029179, -33.084028 ], [ -71.029845, -33.084157 ], [ -71.030484, -33.084813 ], [ -71.030777, -33.085242 ], [ -71.031452, -33.087472 ], [ -71.031524, -33.088138 ], [ -71.031935, -33.088753 ], [ -71.032674, -33.091316 ], [ -71.032975, -33.092077 ], [ -71.033788, -33.092921 ], [ -71.034198, -33.093487 ], [ -71.036503, -33.095072 ], [ -71.037938, -33.09586 ], [ -71.038515, -33.096279 ], [ -71.040173, -33.09692 ], [ -71.041485, -33.097232 ], [ -71.042461, -33.097301 ], [ -71.043477, -33.097582 ], [ -71.044684, -33.09828 ], [ -71.045257, -33.098554 ], [ -71.045656, -33.098642 ], [ -71.046509, -33.098773 ], [ -71.051912, -33.098395 ], [ -71.053465, -33.098374 ], [ -71.05499, -33.098606 ], [ -71.056053, -33.098999 ], [ -71.05683, -33.099036 ], [ -71.05797, -33.09926 ], [ -71.058331, -33.099371 ], [ -71.059381, -33.100328 ], [ -71.061303, -33.101432 ], [ -71.061662, -33.101539 ], [ -71.062827, -33.101642 ], [ -71.063595, -33.101602 ], [ -71.064338, -33.101432 ], [ -71.065068, -33.101176 ], [ -71.066032, -33.100655 ], [ -71.067941, -33.099027 ], [ -71.069069, -33.097304 ], [ -71.069395, -33.09701 ], [ -71.070151, -33.096727 ], [ -71.070908, -33.096634 ], [ -71.072069, -33.09661 ], [ -71.072447, -33.09668 ], [ -71.072819, -33.096782 ], [ -71.073461, -33.097182 ], [ -71.075535, -33.098964 ], [ -71.077334, -33.099868 ], [ -71.079545, -33.100557 ], [ -71.080563, -33.101545 ], [ -71.082584, -33.103076 ], [ -71.085956, -33.105058 ], [ -71.086636, -33.10529 ], [ -71.088103, -33.105378 ], [ -71.089214, -33.105666 ], [ -71.089816, -33.106075 ], [ -71.090083, -33.106413 ], [ -71.090452, -33.107322 ], [ -71.09065, -33.107472 ], [ -71.092478, -33.107942 ], [ -71.093844, -33.10846 ], [ -71.094556, -33.108895 ], [ -71.096757, -33.110688 ], [ -71.097107, -33.110872 ], [ -71.098614, -33.111171 ], [ -71.09972, -33.111491 ], [ -71.103906, -33.113503 ], [ -71.104933, -33.11372 ], [ -71.1052, -33.114 ], [ -71.105222, -33.114631 ], [ -71.105326, -33.114859 ], [ -71.106577, -33.115771 ], [ -71.109052, -33.117262 ], [ -71.109775, -33.118382 ], [ -71.110195, -33.118744 ], [ -71.110936, -33.118813 ], [ -71.112699, -33.118346 ], [ -71.114339, -33.117714 ], [ -71.116296, -33.117144 ], [ -71.117523, -33.116631 ], [ -71.119165, -33.116144 ], [ -71.120738, -33.114949 ], [ -71.121048, -33.114818 ], [ -71.1215, -33.114814 ], [ -71.121874, -33.114921 ], [ -71.122482, -33.115393 ], [ -71.12297, -33.116449 ], [ -71.123158, -33.116675 ], [ -71.124431, -33.11705 ], [ -71.124691, -33.117213 ], [ -71.124893, -33.117714 ], [ -71.125126, -33.118847 ], [ -71.125586, -33.119204 ], [ -71.12626, -33.119346 ], [ -71.127938, -33.119452 ], [ -71.128768, -33.119853 ], [ -71.13086, -33.120169 ], [ -71.132744, -33.120845 ], [ -71.135479, -33.121154 ], [ -71.136089, -33.121107 ], [ -71.136109, -33.121214 ], [ -71.137256, -33.11992 ], [ -71.138065, -33.118852 ], [ -71.139494, -33.11751 ], [ -71.139783, -33.116539 ], [ -71.13976, -33.115573 ], [ -71.139364, -33.112154 ], [ -71.139334, -33.110925 ], [ -71.139517, -33.109868 ], [ -71.140217, -33.108626 ], [ -71.141137, -33.10782 ], [ -71.142065, -33.107365 ], [ -71.143928, -33.106718 ], [ -71.145595, -33.106602 ], [ -71.147879, -33.106123 ], [ -71.148816, -33.106019 ], [ -71.149864, -33.106177 ], [ -71.15122, -33.106153 ], [ -71.151633, -33.10597 ], [ -71.151559, -33.104735 ], [ -71.150396, -33.099602 ], [ -71.150042, -33.097423 ], [ -71.15016, -33.095534 ], [ -71.150358, -33.094703 ], [ -71.150622, -33.09433 ], [ -71.152335, -33.092828 ], [ -71.154006, -33.091879 ], [ -71.155951, -33.090925 ], [ -71.157034, -33.090539 ], [ -71.157842, -33.090018 ], [ -71.159398, -33.088841 ], [ -71.16035, -33.087536 ], [ -71.162673, -33.086438 ], [ -71.164507, -33.08544 ], [ -71.165803, -33.083692 ], [ -71.167305, -33.082516 ], [ -71.168434, -33.08176 ], [ -71.169622, -33.081187 ], [ -71.17032, -33.080669 ], [ -71.171272, -33.079364 ], [ -71.171965, -33.078662 ], [ -71.173799, -33.07771 ], [ -71.176082, -33.07721 ], [ -71.177058, -33.07687 ], [ -71.177153, -33.076317 ], [ -71.177, -33.074525 ], [ -71.177018, -33.071925 ], [ -71.177906, -33.068045 ], [ -71.177931, -33.066848 ], [ -71.177683, -33.063448 ], [ -71.177772, -33.062618 ], [ -71.178143, -33.062151 ], [ -71.178626, -33.061775 ], [ -71.179759, -33.061203 ], [ -71.180967, -33.060331 ], [ -71.181337, -33.059818 ], [ -71.182617, -33.056345 ], [ -71.183867, -33.053884 ], [ -71.184123, -33.05319 ], [ -71.184985, -33.05046 ], [ -71.185492, -33.04776 ], [ -71.185528, -33.047023 ], [ -71.186311, -33.045537 ], [ -71.186786, -33.044884 ], [ -71.186935, -33.044284 ], [ -71.186988, -33.041982 ], [ -71.187079, -33.041244 ], [ -71.187767, -33.040358 ], [ -71.187808, -33.039805 ], [ -71.187632, -33.039302 ], [ -71.187618, -33.03875 ], [ -71.187772, -33.038334 ], [ -71.187982, -33.038008 ], [ -71.188897, -33.03744 ], [ -71.190586, -33.037272 ], [ -71.191397, -33.036936 ], [ -71.191715, -33.036562 ], [ -71.191698, -33.035872 ], [ -71.191445, -33.035578 ], [ -71.190582, -33.033798 ], [ -71.190459, -33.033248 ], [ -71.190609, -33.032694 ], [ -71.191384, -33.030886 ], [ -71.192017, -33.03 ], [ -71.193075, -33.028601 ], [ -71.194575, -33.027425 ], [ -71.194874, -33.026269 ], [ -71.195051, -33.02461 ], [ -71.195696, -33.024184 ], [ -71.196479, -33.023826 ], [ -71.201089, -33.022502 ], [ -71.208973, -33.018912 ], [ -71.211168, -33.017125 ], [ -71.21135, -33.015695 ], [ -71.204957, -33.013324 ], [ -71.202472, -33.012217 ], [ -71.201658, -33.010253 ], [ -71.200755, -33.009073 ], [ -71.200732, -33.008153 ], [ -71.200537, -33.006855 ], [ -71.202753, -33.005677 ], [ -71.20415, -33.005339 ], [ -71.206254, -33.005198 ], [ -71.206621, -33.004982 ], [ -71.208835, -33.004281 ], [ -71.210317, -33.004046 ], [ -71.211995, -33.003424 ], [ -71.213106, -33.003231 ], [ -71.214319, -33.00213 ], [ -71.215544, -33.001551 ], [ -71.215997, -33.001473 ], [ -71.217526, -33.001481 ], [ -71.220969, -33.00034 ], [ -71.221874, -33.000185 ], [ -71.222535, -33.000173 ], [ -71.220701, -32.9981 ], [ -71.220442, -32.9973 ], [ -71.221108, -32.997207 ], [ -71.221273, -32.994224 ], [ -71.220163, -32.993801 ], [ -71.220201, -32.991504 ], [ -71.220127, -32.990459 ], [ -71.219375, -32.989063 ], [ -71.219295, -32.987775 ], [ -71.219319, -32.986808 ], [ -71.219852, -32.985188 ], [ -71.22053, -32.983645 ], [ -71.220382, -32.981554 ], [ -71.220131, -32.981075 ], [ -71.218263, -32.979014 ], [ -71.217965, -32.978536 ], [ -71.21776, -32.977976 ], [ -71.217663, -32.977028 ], [ -71.217682, -32.975373 ], [ -71.217607, -32.975005 ], [ -71.217288, -32.974321 ], [ -71.217292, -32.97311 ], [ -71.216836, -32.973229 ], [ -71.215337, -32.973279 ], [ -71.21375, -32.973212 ], [ -71.213122, -32.972984 ], [ -71.21266, -32.972611 ], [ -71.212019, -32.971906 ], [ -71.211561, -32.971676 ], [ -71.210088, -32.971654 ], [ -71.208513, -32.972064 ], [ -71.207442, -32.972226 ], [ -71.20648, -32.972243 ], [ -71.205513, -32.972069 ], [ -71.204479, -32.971467 ], [ -71.20351, -32.971198 ], [ -71.202773, -32.971163 ], [ -71.202042, -32.971367 ], [ -71.200576, -32.971584 ], [ -71.199951, -32.971499 ], [ -71.198808, -32.971042 ], [ -71.198126, -32.970959 ], [ -71.195246, -32.971248 ], [ -71.19404, -32.971675 ], [ -71.192125, -32.97209 ], [ -71.191333, -32.972104 ], [ -71.190254, -32.97198 ], [ -71.188768, -32.971386 ], [ -71.187749, -32.971404 ], [ -71.186849, -32.971658 ], [ -71.186003, -32.971768 ], [ -71.183567, -32.971715 ], [ -71.182659, -32.971588 ], [ -71.180832, -32.971 ], [ -71.178542, -32.969942 ], [ -71.176887, -32.969398 ], [ -71.174895, -32.968956 ], [ -71.173254, -32.968984 ], [ -71.172185, -32.969242 ], [ -71.166948, -32.971551 ], [ -71.16363, -32.972468 ], [ -71.162786, -32.972673 ], [ -71.159846, -32.97282 ], [ -71.158317, -32.972799 ], [ -71.15747, -32.972909 ], [ -71.156573, -32.973258 ], [ -71.156131, -32.973695 ], [ -71.155684, -32.973942 ], [ -71.15495, -32.97405 ], [ -71.154368, -32.973392 ], [ -71.154185, -32.972822 ], [ -71.153718, -32.972258 ], [ -71.153145, -32.971981 ], [ -71.152577, -32.971896 ], [ -71.151891, -32.971621 ], [ -71.151139, -32.970966 ], [ -71.150568, -32.970785 ], [ -71.150001, -32.970747 ], [ -71.147768, -32.970857 ], [ -71.14686, -32.970777 ], [ -71.145947, -32.970459 ], [ -71.145485, -32.970085 ], [ -71.144957, -32.969331 ], [ -71.144321, -32.968769 ], [ -71.14341, -32.968546 ], [ -71.142906, -32.968793 ], [ -71.141891, -32.968954 ], [ -71.14064, -32.968737 ], [ -71.13984, -32.968416 ], [ -71.139379, -32.96809 ], [ -71.138509, -32.967198 ], [ -71.137932, -32.966779 ], [ -71.137361, -32.96655 ], [ -71.13668, -32.966466 ], [ -71.135436, -32.966535 ], [ -71.134633, -32.966119 ], [ -71.133468, -32.964755 ], [ -71.131221, -32.963124 ], [ -71.12991, -32.962717 ], [ -71.129278, -32.962346 ], [ -71.128002, -32.961079 ], [ -71.127314, -32.960709 ], [ -71.126842, -32.959906 ], [ -71.125732, -32.957276 ], [ -71.125149, -32.95657 ], [ -71.124633, -32.956293 ], [ -71.123951, -32.956161 ], [ -71.123215, -32.956174 ], [ -71.121332, -32.955538 ], [ -71.119515, -32.95465 ], [ -71.119538, -32.954783 ], [ -71.118411, -32.955584 ] ] ] } },
{ "type": "Feature", "properties": { "objectid": 190, "shape_leng": 97590.972915100007, "dis_elec": 6, "cir_sena": 6, "cod_comuna": 5703, "codregion": 5, "st_area_sh": 496017564.14700001, "st_length_": 116352.39696500001, "Region": "Región de Valparaíso", "Comuna": "Llaillay", "Provincia": "San Felipe" }, "geometry": { "type": "Polygon", "coordinates": [ [ [ -70.966093, -32.79888 ], [ -70.962878, -32.809074 ], [ -70.971586, -32.812859 ], [ -70.972259, -32.813279 ], [ -70.971666, -32.814151 ], [ -70.970458, -32.814902 ], [ -70.96965, -32.815303 ], [ -70.968889, -32.81553 ], [ -70.968024, -32.81563 ], [ -70.965371, -32.815672 ], [ -70.962732, -32.81636 ], [ -70.961267, -32.817029 ], [ -70.958766, -32.819352 ], [ -70.957208, -32.821596 ], [ -70.956528, -32.823201 ], [ -70.956232, -32.823637 ], [ -70.954773, -32.824608 ], [ -70.953806, -32.824752 ], [ -70.951609, -32.824657 ], [ -70.949359, -32.824477 ], [ -70.947626, -32.82422 ], [ -70.946796, -32.825142 ], [ -70.945789, -32.825761 ], [ -70.943213, -32.827007 ], [ -70.939714, -32.828053 ], [ -70.938906, -32.828453 ], [ -70.938101, -32.828983 ], [ -70.936799, -32.830166 ], [ -70.935226, -32.83089 ], [ -70.934633, -32.830565 ], [ -70.93434, -32.830258 ], [ -70.933579, -32.82977 ], [ -70.932376, -32.829274 ], [ -70.930538, -32.829271 ], [ -70.927771, -32.829467 ], [ -70.925489, -32.829507 ], [ -70.923643, -32.829679 ], [ -70.921946, -32.829566 ], [ -70.921216, -32.829888 ], [ -70.919742, -32.830844 ], [ -70.918802, -32.8313 ], [ -70.917122, -32.832309 ], [ -70.915912, -32.832702 ], [ -70.914271, -32.833597 ], [ -70.913442, -32.833858 ], [ -70.911118, -32.833321 ], [ -70.909854, -32.833426 ], [ -70.908068, -32.833083 ], [ -70.906256, -32.832444 ], [ -70.905644, -32.832426 ], [ -70.905371, -32.832444 ], [ -70.903728, -32.833366 ], [ -70.901962, -32.833997 ], [ -70.899829, -32.834503 ], [ -70.899594, -32.834439 ], [ -70.899394, -32.834347 ], [ -70.898784, -32.833549 ], [ -70.896891, -32.831765 ], [ -70.896559, -32.831581 ], [ -70.894946, -32.831123 ], [ -70.893221, -32.830896 ], [ -70.891304, -32.830371 ], [ -70.890341, -32.829853 ], [ -70.889002, -32.828629 ], [ -70.887958, -32.826899 ], [ -70.887238, -32.826034 ], [ -70.8865, -32.826678 ], [ -70.885449, -32.827187 ], [ -70.8827, -32.827721 ], [ -70.881381, -32.8281 ], [ -70.87884, -32.828452 ], [ -70.87583, -32.829169 ], [ -70.874399, -32.82928 ], [ -70.873713, -32.82947 ], [ -70.871195, -32.830897 ], [ -70.870463, -32.831445 ], [ -70.86961, -32.832511 ], [ -70.868763, -32.832659 ], [ -70.86786, -32.832627 ], [ -70.863207, -32.830949 ], [ -70.862461, -32.830825 ], [ -70.859324, -32.830603 ], [ -70.858363, -32.830304 ], [ -70.85761, -32.829867 ], [ -70.856253, -32.828408 ], [ -70.855554, -32.82797 ], [ -70.855174, -32.827572 ], [ -70.854648, -32.827804 ], [ -70.853961, -32.827949 ], [ -70.851736, -32.828161 ], [ -70.849889, -32.828681 ], [ -70.847296, -32.829078 ], [ -70.845454, -32.829822 ], [ -70.844508, -32.830285 ], [ -70.843407, -32.830973 ], [ -70.842562, -32.831165 ], [ -70.841547, -32.830866 ], [ -70.840361, -32.829987 ], [ -70.839505, -32.829686 ], [ -70.837218, -32.829451 ], [ -70.835627, -32.829519 ], [ -70.83302, -32.829243 ], [ -70.832065, -32.829257 ], [ -70.830166, -32.829868 ], [ -70.826099, -32.830823 ], [ -70.825143, -32.830837 ], [ -70.823068, -32.830599 ], [ -70.821636, -32.830664 ], [ -70.820902, -32.831078 ], [ -70.820016, -32.831898 ], [ -70.819119, -32.83218 ], [ -70.817635, -32.832291 ], [ -70.815313, -32.832952 ], [ -70.811914, -32.832912 ], [ -70.809767, -32.833055 ], [ -70.808063, -32.832766 ], [ -70.807481, -32.832864 ], [ -70.806961, -32.833409 ], [ -70.806537, -32.83346 ], [ -70.803591, -32.832158 ], [ -70.801441, -32.830845 ], [ -70.799471, -32.830559 ], [ -70.797403, -32.830634 ], [ -70.793769, -32.832075 ], [ -70.792712, -32.832315 ], [ -70.791226, -32.832336 ], [ -70.788698, -32.832036 ], [ -70.787531, -32.832053 ], [ -70.782728, -32.830777 ], [ -70.781555, -32.830524 ], [ -70.780599, -32.830493 ], [ -70.77884, -32.83016 ], [ -70.775848, -32.829171 ], [ -70.77451, -32.828608 ], [ -70.773114, -32.827821 ], [ -70.772299, -32.826891 ], [ -70.771915, -32.826269 ], [ -70.771273, -32.826009 ], [ -70.769066, -32.825794 ], [ -70.766784, -32.825826 ], [ -70.766396, -32.827669 ], [ -70.765434, -32.830013 ], [ -70.765246, -32.831271 ], [ -70.764938, -32.831813 ], [ -70.762166, -32.833914 ], [ -70.761596, -32.834594 ], [ -70.761361, -32.836166 ], [ -70.7617, -32.837192 ], [ -70.762189, -32.837768 ], [ -70.763039, -32.839123 ], [ -70.762956, -32.840289 ], [ -70.762438, -32.840924 ], [ -70.76208, -32.841646 ], [ -70.761881, -32.842321 ], [ -70.761703, -32.844072 ], [ -70.761721, -32.844968 ], [ -70.761946, -32.845592 ], [ -70.76201, -32.846174 ], [ -70.762238, -32.846932 ], [ -70.762306, -32.847693 ], [ -70.762105, -32.848279 ], [ -70.760844, -32.848924 ], [ -70.760162, -32.849382 ], [ -70.759687, -32.850845 ], [ -70.759594, -32.851519 ], [ -70.759039, -32.853006 ], [ -70.758682, -32.853728 ], [ -70.757693, -32.854727 ], [ -70.757293, -32.855988 ], [ -70.756933, -32.856576 ], [ -70.756787, -32.85725 ], [ -70.756718, -32.859133 ], [ -70.755994, -32.860129 ], [ -70.754742, -32.861312 ], [ -70.754461, -32.861832 ], [ -70.754213, -32.862732 ], [ -70.754078, -32.863988 ], [ -70.754092, -32.864705 ], [ -70.753526, -32.86561 ], [ -70.753437, -32.866462 ], [ -70.753613, -32.867311 ], [ -70.753685, -32.868296 ], [ -70.753803, -32.870244 ], [ -70.753777, -32.871589 ], [ -70.753523, -32.872175 ], [ -70.751793, -32.873365 ], [ -70.751432, -32.873908 ], [ -70.751767, -32.87471 ], [ -70.752641, -32.875952 ], [ -70.75302, -32.876306 ], [ -70.753628, -32.877507 ], [ -70.75359, -32.879637 ], [ -70.75344, -32.880132 ], [ -70.75276, -32.880634 ], [ -70.750698, -32.881111 ], [ -70.747723, -32.881108 ], [ -70.745878, -32.881806 ], [ -70.745038, -32.882311 ], [ -70.743675, -32.883226 ], [ -70.740909, -32.88573 ], [ -70.740396, -32.886678 ], [ -70.738357, -32.889732 ], [ -70.737629, -32.890504 ], [ -70.737176, -32.894544 ], [ -70.735967, -32.899289 ], [ -70.735191, -32.90033 ], [ -70.73472, -32.903429 ], [ -70.734501, -32.905808 ], [ -70.7343, -32.906393 ], [ -70.734513, -32.907802 ], [ -70.734887, -32.908236 ], [ -70.735326, -32.909221 ], [ -70.73534, -32.909928 ], [ -70.735102, -32.91064 ], [ -70.734904, -32.913403 ], [ -70.734501, -32.914258 ], [ -70.734006, -32.914689 ], [ -70.731103, -32.916428 ], [ -70.73036, -32.917076 ], [ -70.729952, -32.917648 ], [ -70.729883, -32.918427 ], [ -70.729649, -32.919351 ], [ -70.728757, -32.92092 ], [ -70.728303, -32.923475 ], [ -70.728322, -32.924466 ], [ -70.728235, -32.924572 ], [ -70.729343, -32.925773 ], [ -70.729982, -32.926163 ], [ -70.730614, -32.926199 ], [ -70.730981, -32.926149 ], [ -70.731916, -32.925604 ], [ -70.734001, -32.924644 ], [ -70.736455, -32.923768 ], [ -70.736932, -32.923983 ], [ -70.73736, -32.924332 ], [ -70.73932, -32.925103 ], [ -70.741692, -32.92538 ], [ -70.74217, -32.925639 ], [ -70.742439, -32.925946 ], [ -70.742823, -32.926739 ], [ -70.744429, -32.928224 ], [ -70.744962, -32.928571 ], [ -70.747664, -32.929642 ], [ -70.748405, -32.929853 ], [ -70.749246, -32.929842 ], [ -70.750393, -32.929338 ], [ -70.751072, -32.929151 ], [ -70.752807, -32.929127 ], [ -70.753704, -32.929291 ], [ -70.754817, -32.929719 ], [ -70.756466, -32.930672 ], [ -70.756995, -32.930842 ], [ -70.758828, -32.930461 ], [ -70.75993, -32.930357 ], [ -70.760398, -32.930128 ], [ -70.761279, -32.929451 ], [ -70.761699, -32.929401 ], [ -70.761964, -32.92953 ], [ -70.762661, -32.93023 ], [ -70.763801, -32.931987 ], [ -70.764606, -32.932818 ], [ -70.766364, -32.933946 ], [ -70.768175, -32.934872 ], [ -70.7691, -32.93518 ], [ -70.77005, -32.935401 ], [ -70.771553, -32.935528 ], [ -70.773553, -32.93531 ], [ -70.773891, -32.934936 ], [ -70.774482, -32.934512 ], [ -70.777191, -32.933816 ], [ -70.77801, -32.933421 ], [ -70.778514, -32.932913 ], [ -70.78017, -32.930405 ], [ -70.781368, -32.929373 ], [ -70.781742, -32.929205 ], [ -70.784268, -32.928804 ], [ -70.785113, -32.928765 ], [ -70.788014, -32.929386 ], [ -70.789209, -32.929784 ], [ -70.790065, -32.929844 ], [ -70.790908, -32.929737 ], [ -70.792126, -32.929368 ], [ -70.792854, -32.929006 ], [ -70.793403, -32.928448 ], [ -70.793561, -32.928112 ], [ -70.793609, -32.927746 ], [ -70.793414, -32.927041 ], [ -70.793492, -32.926692 ], [ -70.793968, -32.92609 ], [ -70.794337, -32.925923 ], [ -70.796014, -32.925651 ], [ -70.798577, -32.925731 ], [ -70.799419, -32.925597 ], [ -70.799774, -32.925412 ], [ -70.801826, -32.924904 ], [ -70.803108, -32.924795 ], [ -70.803946, -32.924905 ], [ -70.804721, -32.925214 ], [ -70.806493, -32.926225 ], [ -70.808003, -32.926898 ], [ -70.809705, -32.927992 ], [ -70.811544, -32.929489 ], [ -70.812278, -32.929871 ], [ -70.814712, -32.930548 ], [ -70.816843, -32.930666 ], [ -70.818445, -32.930174 ], [ -70.821453, -32.928795 ], [ -70.823911, -32.928177 ], [ -70.825589, -32.927896 ], [ -70.828578, -32.927726 ], [ -70.8331, -32.927926 ], [ -70.834508, -32.927644 ], [ -70.836085, -32.927156 ], [ -70.837317, -32.926732 ], [ -70.838078, -32.926121 ], [ -70.83847, -32.925664 ], [ -70.839155, -32.925289 ], [ -70.840463, -32.923867 ], [ -70.84086, -32.922833 ], [ -70.841137, -32.922577 ], [ -70.84196, -32.922479 ], [ -70.845556, -32.925041 ], [ -70.847049, -32.926336 ], [ -70.848032, -32.927034 ], [ -70.849516, -32.927747 ], [ -70.851532, -32.928348 ], [ -70.853043, -32.929011 ], [ -70.856321, -32.929842 ], [ -70.860594, -32.929977 ], [ -70.861816, -32.930117 ], [ -70.862758, -32.930675 ], [ -70.863485, -32.931336 ], [ -70.86449, -32.932011 ], [ -70.865321, -32.932274 ], [ -70.866611, -32.9323 ], [ -70.868396, -32.932088 ], [ -70.869059, -32.931884 ], [ -70.869855, -32.931507 ], [ -70.870841, -32.930848 ], [ -70.871418, -32.93087 ], [ -70.872343, -32.931132 ], [ -70.873236, -32.931637 ], [ -70.875665, -32.933395 ], [ -70.876464, -32.933775 ], [ -70.878212, -32.93521 ], [ -70.879154, -32.935525 ], [ -70.880185, -32.936064 ], [ -70.880896, -32.936207 ], [ -70.882998, -32.936865 ], [ -70.884186, -32.93746 ], [ -70.885471, -32.938541 ], [ -70.885902, -32.938711 ], [ -70.887692, -32.938787 ], [ -70.891579, -32.936271 ], [ -70.893408, -32.935337 ], [ -70.894958, -32.934732 ], [ -70.897056, -32.934294 ], [ -70.897878, -32.934318 ], [ -70.898624, -32.934703 ], [ -70.899819, -32.935095 ], [ -70.901892, -32.935537 ], [ -70.905256, -32.935648 ], [ -70.906619, -32.935912 ], [ -70.907024, -32.936207 ], [ -70.907189, -32.936516 ], [ -70.907324, -32.938282 ], [ -70.907962, -32.940914 ], [ -70.908018, -32.941874 ], [ -70.908239, -32.943124 ], [ -70.908473, -32.943575 ], [ -70.908575, -32.944024 ], [ -70.909211, -32.94505 ], [ -70.91001, -32.945481 ], [ -70.910803, -32.945691 ], [ -70.911859, -32.945822 ], [ -70.912735, -32.945809 ], [ -70.913521, -32.945649 ], [ -70.9143, -32.945194 ], [ -70.915518, -32.944731 ], [ -70.915956, -32.944724 ], [ -70.916156, -32.945831 ], [ -70.916632, -32.947598 ], [ -70.91753, -32.948545 ], [ -70.918599, -32.949342 ], [ -70.920122, -32.950798 ], [ -70.922101, -32.953133 ], [ -70.922736, -32.954085 ], [ -70.92437, -32.956647 ], [ -70.924755, -32.958194 ], [ -70.925212, -32.959074 ], [ -70.925476, -32.963137 ], [ -70.925683, -32.964613 ], [ -70.926503, -32.966005 ], [ -70.928259, -32.967324 ], [ -70.928481, -32.967614 ], [ -70.929192, -32.968198 ], [ -70.930539, -32.968844 ], [ -70.932774, -32.969676 ], [ -70.9347, -32.97062 ], [ -70.936781, -32.971399 ], [ -70.93821, -32.972419 ], [ -70.939186, -32.972877 ], [ -70.939738, -32.973013 ], [ -70.941273, -32.973025 ], [ -70.944743, -32.972615 ], [ -70.946028, -32.972558 ], [ -70.946754, -32.972358 ], [ -70.947317, -32.971917 ], [ -70.947853, -32.971662 ], [ -70.94879, -32.970391 ], [ -70.951017, -32.967916 ], [ -70.952223, -32.966936 ], [ -70.95291, -32.96626 ], [ -70.953697, -32.966174 ], [ -70.95405, -32.966242 ], [ -70.954693, -32.967563 ], [ -70.956308, -32.969238 ], [ -70.957561, -32.970328 ], [ -70.960321, -32.972207 ], [ -70.961921, -32.973143 ], [ -70.962985, -32.973644 ], [ -70.968381, -32.975703 ], [ -70.971032, -32.976548 ], [ -70.972084, -32.976532 ], [ -70.974526, -32.975902 ], [ -70.975578, -32.975885 ], [ -70.977158, -32.975934 ], [ -70.978923, -32.976226 ], [ -70.981645, -32.976178 ], [ -70.982799, -32.976457 ], [ -70.98377, -32.977042 ], [ -70.984916, -32.978133 ], [ -70.985632, -32.978681 ], [ -70.98584, -32.979719 ], [ -70.986027, -32.980013 ], [ -70.986248, -32.980168 ], [ -70.986533, -32.980154 ], [ -70.98674, -32.979993 ], [ -70.987492, -32.979052 ], [ -70.988376, -32.978673 ], [ -70.989601, -32.9785 ], [ -70.990637, -32.978069 ], [ -70.993863, -32.977115 ], [ -70.99584, -32.976944 ], [ -70.997025, -32.976731 ], [ -70.998203, -32.976284 ], [ -70.998538, -32.97604 ], [ -70.99966, -32.975593 ], [ -71.001471, -32.975564 ], [ -71.003403, -32.975867 ], [ -71.004145, -32.976144 ], [ -71.00528, -32.976265 ], [ -71.007997, -32.976222 ], [ -71.010314, -32.976044 ], [ -71.011617, -32.976069 ], [ -71.012582, -32.976197 ], [ -71.014226, -32.976755 ], [ -71.01381, -32.975593 ], [ -71.013693, -32.972972 ], [ -71.013241, -32.9705 ], [ -71.012941, -32.969741 ], [ -71.011587, -32.967426 ], [ -71.011222, -32.966288 ], [ -71.011087, -32.965336 ], [ -71.011185, -32.964667 ], [ -71.011784, -32.963608 ], [ -71.011989, -32.962699 ], [ -71.011947, -32.960839 ], [ -71.012028, -32.959407 ], [ -71.012227, -32.958212 ], [ -71.012147, -32.957164 ], [ -71.012022, -32.956641 ], [ -71.011503, -32.95622 ], [ -71.010932, -32.955991 ], [ -71.009899, -32.95534 ], [ -71.008127, -32.95451 ], [ -71.006358, -32.953823 ], [ -71.005412, -32.953573 ], [ -71.005112, -32.951268 ], [ -71.005798, -32.949063 ], [ -71.006785, -32.947712 ], [ -71.00955, -32.944901 ], [ -71.010325, -32.944174 ], [ -71.011272, -32.943538 ], [ -71.012545, -32.942278 ], [ -71.013327, -32.941836 ], [ -71.014161, -32.941203 ], [ -71.015448, -32.94061 ], [ -71.016225, -32.939977 ], [ -71.016665, -32.939398 ], [ -71.016806, -32.938155 ], [ -71.017138, -32.937816 ], [ -71.017641, -32.93757 ], [ -71.018695, -32.936647 ], [ -71.019458, -32.935394 ], [ -71.020228, -32.934428 ], [ -71.020751, -32.93256 ], [ -71.020849, -32.93189 ], [ -71.021062, -32.931315 ], [ -71.021502, -32.930783 ], [ -71.022117, -32.930439 ], [ -71.024192, -32.92969 ], [ -71.02503, -32.929247 ], [ -71.025919, -32.928565 ], [ -71.026749, -32.927741 ], [ -71.027461, -32.926728 ], [ -71.028467, -32.926235 ], [ -71.029423, -32.925981 ], [ -71.030261, -32.925538 ], [ -71.030526, -32.924771 ], [ -71.030564, -32.923959 ], [ -71.030353, -32.92215 ], [ -71.030286, -32.920458 ], [ -71.030347, -32.918168 ], [ -71.030711, -32.914299 ], [ -71.03056, -32.910153 ], [ -71.030265, -32.908369 ], [ -71.029972, -32.907945 ], [ -71.029762, -32.906183 ], [ -71.029348, -32.905379 ], [ -71.028826, -32.904768 ], [ -71.028694, -32.903959 ], [ -71.028583, -32.901577 ], [ -71.028622, -32.900813 ], [ -71.031702, -32.893347 ], [ -71.032796, -32.891708 ], [ -71.033209, -32.890032 ], [ -71.034345, -32.887772 ], [ -71.035557, -32.886417 ], [ -71.036705, -32.884681 ], [ -71.037063, -32.883054 ], [ -71.037507, -32.882713 ], [ -71.038069, -32.882561 ], [ -71.038316, -32.882246 ], [ -71.038417, -32.88172 ], [ -71.038347, -32.881101 ], [ -71.038046, -32.880296 ], [ -71.035167, -32.875526 ], [ -71.034627, -32.874151 ], [ -71.034361, -32.872391 ], [ -71.034272, -32.869746 ], [ -71.033747, -32.866559 ], [ -71.033452, -32.865991 ], [ -71.033309, -32.864706 ], [ -71.033557, -32.863176 ], [ -71.034704, -32.858961 ], [ -71.034638, -32.857316 ], [ -71.034841, -32.856311 ], [ -71.034878, -32.855452 ], [ -71.035196, -32.854541 ], [ -71.035687, -32.85377 ], [ -71.037566, -32.851927 ], [ -71.039283, -32.850421 ], [ -71.039549, -32.849701 ], [ -71.039454, -32.848033 ], [ -71.039555, -32.847507 ], [ -71.039987, -32.846594 ], [ -71.040195, -32.845827 ], [ -71.040181, -32.845208 ], [ -71.040111, -32.844637 ], [ -71.039701, -32.843976 ], [ -71.038751, -32.841988 ], [ -71.038678, -32.841274 ], [ -71.038817, -32.839936 ], [ -71.039291, -32.838402 ], [ -71.039838, -32.83763 ], [ -71.040103, -32.836863 ], [ -71.039862, -32.836199 ], [ -71.039334, -32.83535 ], [ -71.039184, -32.834622 ], [ -71.038162, -32.835392 ], [ -71.037161, -32.835722 ], [ -71.033519, -32.836632 ], [ -71.030797, -32.83829 ], [ -71.029957, -32.838707 ], [ -71.027424, -32.839375 ], [ -71.023604, -32.839482 ], [ -71.022912, -32.839404 ], [ -71.022091, -32.839484 ], [ -71.021145, -32.839903 ], [ -71.019138, -32.840338 ], [ -71.016386, -32.840741 ], [ -71.014306, -32.840327 ], [ -71.012049, -32.839108 ], [ -71.01102, -32.838184 ], [ -71.010632, -32.837473 ], [ -71.010391, -32.836177 ], [ -71.009898, -32.835513 ], [ -71.009411, -32.835117 ], [ -71.006267, -32.834585 ], [ -71.00573, -32.834325 ], [ -71.005274, -32.832898 ], [ -71.004887, -32.832232 ], [ -71.003251, -32.830286 ], [ -71.001991, -32.828559 ], [ -71.000303, -32.823096 ], [ -70.998993, -32.815565 ], [ -70.998605, -32.81481 ], [ -70.997897, -32.814014 ], [ -70.99714, -32.813399 ], [ -70.996595, -32.812735 ], [ -70.995713, -32.81127 ], [ -70.995223, -32.81074 ], [ -70.994792, -32.810434 ], [ -70.994042, -32.810132 ], [ -70.992091, -32.809513 ], [ -70.990688, -32.80846 ], [ -70.989983, -32.807799 ], [ -70.989223, -32.807004 ], [ -70.988237, -32.805631 ], [ -70.987098, -32.804528 ], [ -70.986451, -32.80409 ], [ -70.984477, -32.803584 ], [ -70.983832, -32.803236 ], [ -70.981459, -32.801525 ], [ -70.979533, -32.800794 ], [ -70.977515, -32.800736 ], [ -70.975274, -32.800189 ], [ -70.972282, -32.79925 ], [ -70.967684, -32.798897 ], [ -70.966093, -32.79888 ] ] ] } },
{ "type": "Feature", "properties": { "objectid": 193, "shape_leng": 96036.678613399999, "dis_elec": 6, "cir_sena": 6, "cod_comuna": 5701, "codregion": 5, "st_area_sh": 264278263.838, "st_length_": 113763.090837, "Region": "Región de Valparaíso", "Comuna": "San Felipe", "Provincia": "San Felipe" }, "geometry": { "type": "Polygon", "coordinates": [ [ [ -70.798265, -32.664617 ], [ -70.796067, -32.664697 ], [ -70.795392, -32.664802 ], [ -70.794719, -32.665002 ], [ -70.793162, -32.66617 ], [ -70.791531, -32.666432 ], [ -70.790739, -32.666348 ], [ -70.789549, -32.666078 ], [ -70.786732, -32.666286 ], [ -70.783, -32.665861 ], [ -70.781758, -32.665831 ], [ -70.780575, -32.665944 ], [ -70.778218, -32.666597 ], [ -70.776658, -32.667574 ], [ -70.776107, -32.66825 ], [ -70.775624, -32.669498 ], [ -70.77564, -32.670309 ], [ -70.776071, -32.672116 ], [ -70.77616, -32.673785 ], [ -70.776125, -32.674884 ], [ -70.775308, -32.676327 ], [ -70.775267, -32.677139 ], [ -70.774885, -32.677765 ], [ -70.773006, -32.679772 ], [ -70.771698, -32.682129 ], [ -70.7706, -32.683719 ], [ -70.769767, -32.684399 ], [ -70.768594, -32.684989 ], [ -70.767929, -32.685618 ], [ -70.767283, -32.687202 ], [ -70.766675, -32.687831 ], [ -70.765147, -32.690526 ], [ -70.764208, -32.691541 ], [ -70.76062, -32.689921 ], [ -70.759636, -32.689319 ], [ -70.759168, -32.688889 ], [ -70.758704, -32.688604 ], [ -70.758298, -32.688416 ], [ -70.757667, -32.688424 ], [ -70.756982, -32.688628 ], [ -70.754995, -32.689724 ], [ -70.748841, -32.692042 ], [ -70.746279, -32.693097 ], [ -70.744905, -32.693311 ], [ -70.744221, -32.693563 ], [ -70.7432, -32.69416 ], [ -70.741946, -32.694614 ], [ -70.740804, -32.694921 ], [ -70.737771, -32.695507 ], [ -70.738977, -32.698513 ], [ -70.74018, -32.70099 ], [ -70.740412, -32.701785 ], [ -70.741137, -32.703583 ], [ -70.741609, -32.704465 ], [ -70.742989, -32.70758 ], [ -70.744076, -32.710591 ], [ -70.745623, -32.714265 ], [ -70.744285, -32.714554 ], [ -70.743656, -32.71466 ], [ -70.742389, -32.714483 ], [ -70.7399, -32.71345 ], [ -70.739377, -32.713118 ], [ -70.73838, -32.712015 ], [ -70.737837, -32.710664 ], [ -70.737185, -32.709605 ], [ -70.735666, -32.708267 ], [ -70.732811, -32.706074 ], [ -70.732399, -32.705546 ], [ -70.732101, -32.704967 ], [ -70.731557, -32.703567 ], [ -70.731145, -32.703039 ], [ -70.730387, -32.702418 ], [ -70.729457, -32.701849 ], [ -70.727784, -32.701435 ], [ -70.724508, -32.701189 ], [ -70.722616, -32.701312 ], [ -70.720502, -32.701875 ], [ -70.719701, -32.701983 ], [ -70.718724, -32.701948 ], [ -70.717857, -32.70162 ], [ -70.717391, -32.701287 ], [ -70.716406, -32.700815 ], [ -70.712657, -32.699895 ], [ -70.711901, -32.699372 ], [ -70.711429, -32.698723 ], [ -70.710716, -32.697422 ], [ -70.710247, -32.696943 ], [ -70.709135, -32.696282 ], [ -70.708804, -32.696526 ], [ -70.707494, -32.697029 ], [ -70.705091, -32.69745 ], [ -70.702681, -32.697531 ], [ -70.696744, -32.697329 ], [ -70.689901, -32.696654 ], [ -70.688615, -32.696004 ], [ -70.686798, -32.694437 ], [ -70.686421, -32.694284 ], [ -70.685899, -32.694287 ], [ -70.683481, -32.694946 ], [ -70.681849, -32.695216 ], [ -70.680457, -32.695153 ], [ -70.678394, -32.694897 ], [ -70.677563, -32.694633 ], [ -70.675239, -32.692901 ], [ -70.670554, -32.6906 ], [ -70.668086, -32.688964 ], [ -70.666301, -32.688596 ], [ -70.664171, -32.688624 ], [ -70.663621, -32.688965 ], [ -70.662874, -32.690141 ], [ -70.660697, -32.692532 ], [ -70.660522, -32.693339 ], [ -70.660657, -32.693821 ], [ -70.661501, -32.694829 ], [ -70.661638, -32.695364 ], [ -70.661647, -32.695847 ], [ -70.661356, -32.697247 ], [ -70.661365, -32.69773 ], [ -70.662015, -32.69858 ], [ -70.66229, -32.699703 ], [ -70.662441, -32.70099 ], [ -70.662405, -32.702493 ], [ -70.662479, -32.703029 ], [ -70.663465, -32.704841 ], [ -70.663737, -32.705857 ], [ -70.663962, -32.707679 ], [ -70.664015, -32.710523 ], [ -70.66415, -32.711005 ], [ -70.664679, -32.712125 ], [ -70.66489, -32.713196 ], [ -70.66477, -32.713573 ], [ -70.664459, -32.713953 ], [ -70.663267, -32.71472 ], [ -70.662957, -32.7151 ], [ -70.662661, -32.715997 ], [ -70.663545, -32.717039 ], [ -70.664574, -32.71924 ], [ -70.665098, -32.720862 ], [ -70.666411, -32.722349 ], [ -70.66682, -32.723096 ], [ -70.666977, -32.723553 ], [ -70.667055, -32.725056 ], [ -70.667311, -32.725554 ], [ -70.668266, -32.726419 ], [ -70.668375, -32.726919 ], [ -70.668731, -32.727499 ], [ -70.668797, -32.728376 ], [ -70.669006, -32.728958 ], [ -70.66941, -32.729412 ], [ -70.669861, -32.72974 ], [ -70.671303, -32.730222 ], [ -70.672161, -32.73113 ], [ -70.673591, -32.733618 ], [ -70.674296, -32.734277 ], [ -70.674756, -32.735107 ], [ -70.674771, -32.735927 ], [ -70.674821, -32.735885 ], [ -70.675001, -32.737236 ], [ -70.67557, -32.737783 ], [ -70.675776, -32.738437 ], [ -70.675977, -32.738763 ], [ -70.677393, -32.739154 ], [ -70.678979, -32.740898 ], [ -70.679627, -32.741751 ], [ -70.679829, -32.7422 ], [ -70.68111, -32.743168 ], [ -70.681309, -32.743411 ], [ -70.68151, -32.743737 ], [ -70.681733, -32.745294 ], [ -70.683137, -32.747614 ], [ -70.682939, -32.748705 ], [ -70.682019, -32.756639 ], [ -70.681591, -32.76508 ], [ -70.681379, -32.766498 ], [ -70.68145, -32.767688 ], [ -70.681715, -32.768874 ], [ -70.684036, -32.775909 ], [ -70.683126, -32.77612 ], [ -70.681901, -32.776637 ], [ -70.681364, -32.776978 ], [ -70.680636, -32.777656 ], [ -70.680183, -32.77779 ], [ -70.679107, -32.77776 ], [ -70.67686, -32.779125 ], [ -70.676221, -32.7793 ], [ -70.675333, -32.779354 ], [ -70.672734, -32.780349 ], [ -70.671157, -32.780536 ], [ -70.669101, -32.781523 ], [ -70.667234, -32.782091 ], [ -70.665561, -32.782405 ], [ -70.664387, -32.783047 ], [ -70.663656, -32.783557 ], [ -70.66254, -32.784657 ], [ -70.661613, -32.785295 ], [ -70.659509, -32.786366 ], [ -70.658872, -32.786625 ], [ -70.658329, -32.786674 ], [ -70.657596, -32.787101 ], [ -70.656726, -32.788114 ], [ -70.656285, -32.788286 ], [ -70.655001, -32.788345 ], [ -70.653143, -32.789371 ], [ -70.652653, -32.789545 ], [ -70.651566, -32.789559 ], [ -70.651123, -32.789648 ], [ -70.650781, -32.789861 ], [ -70.65049, -32.790157 ], [ -70.649699, -32.79144 ], [ -70.649275, -32.792572 ], [ -70.648503, -32.793542 ], [ -70.645626, -32.795625 ], [ -70.644744, -32.796012 ], [ -70.643523, -32.796779 ], [ -70.642793, -32.797373 ], [ -70.641388, -32.798893 ], [ -70.640753, -32.799277 ], [ -70.640064, -32.799411 ], [ -70.639125, -32.799424 ], [ -70.638333, -32.799309 ], [ -70.637686, -32.799067 ], [ -70.63734, -32.799071 ], [ -70.636948, -32.799202 ], [ -70.636173, -32.800088 ], [ -70.635686, -32.80047 ], [ -70.634297, -32.800655 ], [ -70.634395, -32.800695 ], [ -70.637773, -32.805607 ], [ -70.638733, -32.806401 ], [ -70.639448, -32.806457 ], [ -70.639795, -32.806642 ], [ -70.640546, -32.807878 ], [ -70.640716, -32.808416 ], [ -70.641445, -32.808973 ], [ -70.642125, -32.80995 ], [ -70.642309, -32.809878 ], [ -70.642436, -32.810077 ], [ -70.643018, -32.810511 ], [ -70.643522, -32.81123 ], [ -70.643881, -32.811577 ], [ -70.6458, -32.812356 ], [ -70.647206, -32.81332 ], [ -70.647762, -32.81343 ], [ -70.648546, -32.812984 ], [ -70.648851, -32.813011 ], [ -70.648953, -32.813188 ], [ -70.649198, -32.813071 ], [ -70.649837, -32.813584 ], [ -70.653041, -32.815405 ], [ -70.653524, -32.815601 ], [ -70.654743, -32.815808 ], [ -70.655986, -32.818035 ], [ -70.656319, -32.819023 ], [ -70.659146, -32.818649 ], [ -70.659071, -32.822639 ], [ -70.65883, -32.825559 ], [ -70.662157, -32.824793 ], [ -70.681724, -32.819708 ], [ -70.684335, -32.818934 ], [ -70.688738, -32.817849 ], [ -70.694101, -32.816135 ], [ -70.694779, -32.816002 ], [ -70.695896, -32.815987 ], [ -70.697202, -32.815641 ], [ -70.698027, -32.815548 ], [ -70.698635, -32.815601 ], [ -70.700794, -32.816639 ], [ -70.701283, -32.816797 ], [ -70.701671, -32.816791 ], [ -70.702781, -32.816366 ], [ -70.703701, -32.816148 ], [ -70.70579, -32.81612 ], [ -70.706324, -32.816071 ], [ -70.707144, -32.815732 ], [ -70.710106, -32.815568 ], [ -70.710497, -32.815686 ], [ -70.711389, -32.816577 ], [ -70.712121, -32.816731 ], [ -70.712508, -32.816644 ], [ -70.712602, -32.816478 ], [ -70.712597, -32.816232 ], [ -70.712187, -32.815129 ], [ -70.712036, -32.814844 ], [ -70.711789, -32.814642 ], [ -70.711637, -32.814316 ], [ -70.71168, -32.814028 ], [ -70.713404, -32.81265 ], [ -70.713789, -32.812481 ], [ -70.714807, -32.812302 ], [ -70.715618, -32.811552 ], [ -70.716245, -32.811298 ], [ -70.716383, -32.810885 ], [ -70.716136, -32.810684 ], [ -70.715256, -32.810408 ], [ -70.714961, -32.810207 ], [ -70.71481, -32.809963 ], [ -70.714555, -32.809351 ], [ -70.714478, -32.807833 ], [ -70.714628, -32.806825 ], [ -70.715251, -32.806365 ], [ -70.716219, -32.806147 ], [ -70.716604, -32.805936 ], [ -70.716745, -32.805688 ], [ -70.716692, -32.805443 ], [ -70.716544, -32.805363 ], [ -70.714881, -32.80477 ], [ -70.712733, -32.804307 ], [ -70.71263, -32.804021 ], [ -70.712902, -32.802991 ], [ -70.712896, -32.802663 ], [ -70.712696, -32.802378 ], [ -70.711267, -32.80133 ], [ -70.710742, -32.800578 ], [ -70.7101, -32.800053 ], [ -70.709852, -32.79977 ], [ -70.709694, -32.799156 ], [ -70.709687, -32.798787 ], [ -70.709968, -32.798208 ], [ -70.710349, -32.797834 ], [ -70.711413, -32.797573 ], [ -70.711652, -32.797323 ], [ -70.711591, -32.796708 ], [ -70.711293, -32.796343 ], [ -70.710507, -32.795902 ], [ -70.710544, -32.795327 ], [ -70.711023, -32.794951 ], [ -70.711308, -32.794578 ], [ -70.712895, -32.793735 ], [ -70.713125, -32.793076 ], [ -70.712875, -32.79271 ], [ -70.712184, -32.792144 ], [ -70.71163, -32.791126 ], [ -70.711744, -32.789442 ], [ -70.712024, -32.788863 ], [ -70.712066, -32.788534 ], [ -70.711963, -32.788207 ], [ -70.712007, -32.78796 ], [ -70.71243, -32.787216 ], [ -70.71291, -32.786922 ], [ -70.715092, -32.789232 ], [ -70.715571, -32.790107 ], [ -70.71602, -32.790717 ], [ -70.71676, -32.791281 ], [ -70.717604, -32.792214 ], [ -70.71864, -32.79302 ], [ -70.719818, -32.793661 ], [ -70.725018, -32.798679 ], [ -70.726763, -32.799702 ], [ -70.728084, -32.800176 ], [ -70.733694, -32.801289 ], [ -70.7353, -32.80139 ], [ -70.736514, -32.801332 ], [ -70.739367, -32.800594 ], [ -70.741313, -32.80069 ], [ -70.742095, -32.800926 ], [ -70.743177, -32.801608 ], [ -70.744118, -32.802498 ], [ -70.744664, -32.803065 ], [ -70.745613, -32.804407 ], [ -70.746251, -32.804685 ], [ -70.748939, -32.805468 ], [ -70.749826, -32.806072 ], [ -70.750474, -32.806924 ], [ -70.751509, -32.807649 ], [ -70.752541, -32.808165 ], [ -70.75446, -32.806311 ], [ -70.755818, -32.804767 ], [ -70.756502, -32.80423 ], [ -70.758358, -32.803266 ], [ -70.760251, -32.802448 ], [ -70.761967, -32.801485 ], [ -70.762732, -32.800481 ], [ -70.762346, -32.80061 ], [ -70.761712, -32.799085 ], [ -70.760709, -32.797516 ], [ -70.760344, -32.796642 ], [ -70.760179, -32.795296 ], [ -70.760289, -32.793828 ], [ -70.759417, -32.791847 ], [ -70.759195, -32.791146 ], [ -70.759176, -32.790209 ], [ -70.75951, -32.7895 ], [ -70.76067, -32.788487 ], [ -70.761072, -32.787778 ], [ -70.760699, -32.784705 ], [ -70.760792, -32.782359 ], [ -70.760984, -32.781535 ], [ -70.761459, -32.781001 ], [ -70.762765, -32.780337 ], [ -70.763931, -32.779617 ], [ -70.764335, -32.779025 ], [ -70.765571, -32.774845 ], [ -70.76535, -32.774203 ], [ -70.764856, -32.773741 ], [ -70.762187, -32.772137 ], [ -70.761419, -32.771913 ], [ -70.760508, -32.771457 ], [ -70.759592, -32.770766 ], [ -70.759297, -32.769891 ], [ -70.758799, -32.769253 ], [ -70.757666, -32.768096 ], [ -70.756396, -32.767059 ], [ -70.755613, -32.766073 ], [ -70.754345, -32.765094 ], [ -70.753581, -32.765046 ], [ -70.75137, -32.765546 ], [ -70.750755, -32.766024 ], [ -70.749857, -32.766271 ], [ -70.748812, -32.766051 ], [ -70.74804, -32.765593 ], [ -70.747272, -32.765369 ], [ -70.746229, -32.765266 ], [ -70.744974, -32.764932 ], [ -70.742725, -32.763497 ], [ -70.742089, -32.76292 ], [ -70.741104, -32.76223 ], [ -70.740607, -32.76165 ], [ -70.740247, -32.760952 ], [ -70.739389, -32.759674 ], [ -70.738327, -32.758575 ], [ -70.737626, -32.758232 ], [ -70.736672, -32.758067 ], [ -70.736709, -32.757786 ], [ -70.736815, -32.75754 ], [ -70.737714, -32.756472 ], [ -70.740836, -32.755041 ], [ -70.741727, -32.754504 ], [ -70.742527, -32.753808 ], [ -70.746749, -32.748917 ], [ -70.748173, -32.747617 ], [ -70.750493, -32.745973 ], [ -70.751625, -32.744224 ], [ -70.752565, -32.743464 ], [ -70.752469, -32.743472 ], [ -70.753979, -32.742756 ], [ -70.755603, -32.741747 ], [ -70.757492, -32.740735 ], [ -70.760365, -32.738498 ], [ -70.762214, -32.736791 ], [ -70.76258, -32.736517 ], [ -70.76342, -32.736102 ], [ -70.763888, -32.735647 ], [ -70.764765, -32.73438 ], [ -70.765548, -32.733787 ], [ -70.76644, -32.733281 ], [ -70.768502, -32.732983 ], [ -70.770465, -32.733 ], [ -70.771518, -32.732627 ], [ -70.772204, -32.732482 ], [ -70.772683, -32.732565 ], [ -70.773378, -32.732869 ], [ -70.773749, -32.732864 ], [ -70.774224, -32.732723 ], [ -70.774588, -32.732359 ], [ -70.774843, -32.731862 ], [ -70.775311, -32.731408 ], [ -70.775839, -32.731266 ], [ -70.776422, -32.731258 ], [ -70.777865, -32.73182 ], [ -70.778923, -32.731715 ], [ -70.779458, -32.731932 ], [ -70.781184, -32.733386 ], [ -70.783836, -32.73476 ], [ -70.78475, -32.735419 ], [ -70.787325, -32.736906 ], [ -70.791114, -32.738107 ], [ -70.794227, -32.739945 ], [ -70.795609, -32.740105 ], [ -70.79625, -32.74032 ], [ -70.797334, -32.741514 ], [ -70.798521, -32.742528 ], [ -70.799491, -32.743276 ], [ -70.800775, -32.74384 ], [ -70.802214, -32.744178 ], [ -70.804365, -32.744349 ], [ -70.806484, -32.744228 ], [ -70.807386, -32.74426 ], [ -70.80824, -32.744517 ], [ -70.809419, -32.745127 ], [ -70.811825, -32.746079 ], [ -70.813168, -32.746955 ], [ -70.815161, -32.74845 ], [ -70.816302, -32.749823 ], [ -70.817871, -32.751324 ], [ -70.82141, -32.7532 ], [ -70.821734, -32.753509 ], [ -70.822827, -32.755062 ], [ -70.82361, -32.755745 ], [ -70.825962, -32.756652 ], [ -70.826714, -32.757134 ], [ -70.828442, -32.758633 ], [ -70.829149, -32.759474 ], [ -70.82974, -32.759824 ], [ -70.830644, -32.759945 ], [ -70.832074, -32.759879 ], [ -70.832714, -32.760049 ], [ -70.834858, -32.761094 ], [ -70.837525, -32.761816 ], [ -70.840043, -32.763034 ], [ -70.842081, -32.764125 ], [ -70.843372, -32.765002 ], [ -70.847772, -32.768724 ], [ -70.851638, -32.770953 ], [ -70.852764, -32.771486 ], [ -70.854393, -32.767944 ], [ -70.855318, -32.765399 ], [ -70.855781, -32.761156 ], [ -70.856423, -32.7597 ], [ -70.857134, -32.758604 ], [ -70.857874, -32.755959 ], [ -70.857894, -32.753995 ], [ -70.858064, -32.753373 ], [ -70.859172, -32.750774 ], [ -70.85951, -32.749374 ], [ -70.859657, -32.74822 ], [ -70.859621, -32.74754 ], [ -70.859436, -32.746639 ], [ -70.858923, -32.745316 ], [ -70.858768, -32.744022 ], [ -70.859154, -32.743609 ], [ -70.860449, -32.742739 ], [ -70.863873, -32.73895 ], [ -70.865963, -32.736292 ], [ -70.866563, -32.735654 ], [ -70.868337, -32.734628 ], [ -70.868983, -32.734138 ], [ -70.869326, -32.733763 ], [ -70.869583, -32.73319 ], [ -70.869823, -32.733012 ], [ -70.870924, -32.732758 ], [ -70.870994, -32.731867 ], [ -70.870752, -32.731185 ], [ -70.870021, -32.730065 ], [ -70.86865, -32.72857 ], [ -70.864352, -32.7249 ], [ -70.863525, -32.723992 ], [ -70.862951, -32.723167 ], [ -70.861685, -32.720624 ], [ -70.861092, -32.71887 ], [ -70.860222, -32.717151 ], [ -70.859521, -32.716242 ], [ -70.858531, -32.715233 ], [ -70.857859, -32.714093 ], [ -70.856657, -32.711455 ], [ -70.855284, -32.708025 ], [ -70.854022, -32.706411 ], [ -70.851022, -32.703899 ], [ -70.850144, -32.702947 ], [ -70.849224, -32.701815 ], [ -70.84749, -32.69941 ], [ -70.845744, -32.696468 ], [ -70.845834, -32.695696 ], [ -70.845732, -32.694769 ], [ -70.845477, -32.693713 ], [ -70.844128, -32.69127 ], [ -70.842756, -32.689419 ], [ -70.842319, -32.688627 ], [ -70.841744, -32.68795 ], [ -70.840283, -32.686876 ], [ -70.839386, -32.685911 ], [ -70.838942, -32.684429 ], [ -70.838877, -32.683343 ], [ -70.838513, -32.682433 ], [ -70.836468, -32.679433 ], [ -70.835759, -32.678753 ], [ -70.835081, -32.67838 ], [ -70.833943, -32.677522 ], [ -70.832927, -32.676283 ], [ -70.83272, -32.6757 ], [ -70.832233, -32.671279 ], [ -70.832368, -32.669892 ], [ -70.832691, -32.668674 ], [ -70.832868, -32.667323 ], [ -70.833029, -32.663226 ], [ -70.831212, -32.659231 ], [ -70.830727, -32.657951 ], [ -70.829982, -32.65669 ], [ -70.829086, -32.654221 ], [ -70.828272, -32.65304 ], [ -70.827391, -32.651335 ], [ -70.826975, -32.650291 ], [ -70.826962, -32.64967 ], [ -70.826721, -32.64891 ], [ -70.826315, -32.648343 ], [ -70.825451, -32.647497 ], [ -70.824193, -32.646656 ], [ -70.822653, -32.64582 ], [ -70.821178, -32.645412 ], [ -70.820671, -32.645419 ], [ -70.820278, -32.64552 ], [ -70.818938, -32.646208 ], [ -70.816856, -32.646476 ], [ -70.81624, -32.646676 ], [ -70.814785, -32.64727 ], [ -70.813335, -32.648102 ], [ -70.812168, -32.648978 ], [ -70.81083, -32.649761 ], [ -70.809667, -32.650828 ], [ -70.809367, -32.652741 ], [ -70.808941, -32.653988 ], [ -70.808675, -32.657619 ], [ -70.808246, -32.658723 ], [ -70.807806, -32.659254 ], [ -70.807087, -32.659981 ], [ -70.806364, -32.660516 ], [ -70.805187, -32.660915 ], [ -70.803006, -32.661877 ], [ -70.799723, -32.664167 ], [ -70.798265, -32.664617 ] ] ] } },
{ "type": "Feature", "properties": { "objectid": 202, "shape_leng": 51418.528210299999, "dis_elec": 6, "cir_sena": 6, "cod_comuna": 5804, "codregion": 5, "st_area_sh": 136191248.18700001, "st_length_": 61466.831272000003, "Region": "Región de Valparaíso", "Comuna": "Villa Alemana", "Provincia": "Marga Marga" }, "geometry": { "type": "Polygon", "coordinates": [ [ [ -71.399131, -33.054532 ], [ -71.39836, -33.04601 ], [ -71.399726, -33.045736 ], [ -71.398837, -33.013956 ], [ -71.399159, -33.013976 ], [ -71.399151, -33.013295 ], [ -71.397922, -33.013224 ], [ -71.397296, -33.013341 ], [ -71.39673, -33.013297 ], [ -71.395829, -33.013035 ], [ -71.395364, -33.013049 ], [ -71.391468, -33.013922 ], [ -71.390814, -33.013849 ], [ -71.389986, -33.013893 ], [ -71.389128, -33.014081 ], [ -71.387239, -33.014154 ], [ -71.38641, -33.014009 ], [ -71.385974, -33.013733 ], [ -71.385378, -33.013573 ], [ -71.384259, -33.013849 ], [ -71.383024, -33.014358 ], [ -71.382457, -33.015026 ], [ -71.382122, -33.015753 ], [ -71.381512, -33.017991 ], [ -71.381149, -33.018267 ], [ -71.380393, -33.018398 ], [ -71.380058, -33.019009 ], [ -71.379674, -33.020787 ], [ -71.375117, -33.023098 ], [ -71.37502, -33.023789 ], [ -71.374808, -33.023932 ], [ -71.374488, -33.0246 ], [ -71.374137, -33.024865 ], [ -71.372722, -33.02545 ], [ -71.370775, -33.025696 ], [ -71.370211, -33.025962 ], [ -71.368148, -33.026082 ], [ -71.366232, -33.02717 ], [ -71.365648, -33.027355 ], [ -71.364902, -33.027397 ], [ -71.362824, -33.028599 ], [ -71.361884, -33.028975 ], [ -71.360269, -33.029217 ], [ -71.359794, -33.029248 ], [ -71.359625, -33.029111 ], [ -71.359114, -33.029073 ], [ -71.358495, -33.029228 ], [ -71.356577, -33.030534 ], [ -71.355116, -33.03132 ], [ -71.354493, -33.032034 ], [ -71.353741, -33.032626 ], [ -71.352322, -33.033517 ], [ -71.349538, -33.034822 ], [ -71.348457, -33.035615 ], [ -71.347015, -33.036924 ], [ -71.345035, -33.039846 ], [ -71.343765, -33.041424 ], [ -71.342561, -33.042648 ], [ -71.341531, -33.043294 ], [ -71.339988, -33.043768 ], [ -71.338969, -33.043682 ], [ -71.338467, -33.043456 ], [ -71.338124, -33.043189 ], [ -71.337023, -33.041709 ], [ -71.336456, -33.04174 ], [ -71.334715, -33.042064 ], [ -71.333702, -33.042365 ], [ -71.332488, -33.043218 ], [ -71.331788, -33.043975 ], [ -71.330835, -33.044614 ], [ -71.32897, -33.044405 ], [ -71.328465, -33.044144 ], [ -71.328247, -33.043654 ], [ -71.328218, -33.043072 ], [ -71.328186, -33.041183 ], [ -71.328282, -33.039839 ], [ -71.328218, -33.03891 ], [ -71.327558, -33.037522 ], [ -71.324371, -33.03431 ], [ -71.324024, -33.033596 ], [ -71.322921, -33.032348 ], [ -71.322531, -33.030797 ], [ -71.322252, -33.030429 ], [ -71.320434, -33.029046 ], [ -71.32001, -33.028433 ], [ -71.319754, -33.027384 ], [ -71.319798, -33.024128 ], [ -71.31967, -33.02348 ], [ -71.31935, -33.023223 ], [ -71.307356, -33.017157 ], [ -71.306688, -33.017212 ], [ -71.30602, -33.017087 ], [ -71.305382, -33.016682 ], [ -71.303933, -33.016571 ], [ -71.301307, -33.015469 ], [ -71.300822, -33.015077 ], [ -71.300501, -33.014466 ], [ -71.300116, -33.013985 ], [ -71.299666, -33.013632 ], [ -71.299088, -33.013439 ], [ -71.298478, -33.013632 ], [ -71.297579, -33.01376 ], [ -71.296969, -33.013471 ], [ -71.296455, -33.012861 ], [ -71.295933, -33.011632 ], [ -71.295498, -33.011454 ], [ -71.295242, -33.011833 ], [ -71.294495, -33.012537 ], [ -71.294027, -33.01342 ], [ -71.29355, -33.013981 ], [ -71.29296, -33.014406 ], [ -71.292165, -33.015341 ], [ -71.291852, -33.015898 ], [ -71.290893, -33.016836 ], [ -71.290356, -33.017168 ], [ -71.289004, -33.017699 ], [ -71.28663, -33.018801 ], [ -71.286205, -33.018973 ], [ -71.285557, -33.01903 ], [ -71.284986, -33.019937 ], [ -71.284818, -33.020503 ], [ -71.28489, -33.021309 ], [ -71.285458, -33.021849 ], [ -71.28633, -33.022387 ], [ -71.287097, -33.023266 ], [ -71.288411, -33.02551 ], [ -71.288866, -33.027224 ], [ -71.2891, -33.027693 ], [ -71.289477, -33.028186 ], [ -71.289947, -33.028529 ], [ -71.28995, -33.028985 ], [ -71.289084, -33.029983 ], [ -71.28769, -33.03207 ], [ -71.285883, -33.034528 ], [ -71.285654, -33.035056 ], [ -71.285615, -33.037175 ], [ -71.285869, -33.039894 ], [ -71.287121, -33.042179 ], [ -71.288406, -33.044834 ], [ -71.288215, -33.047435 ], [ -71.288333, -33.048176 ], [ -71.290049, -33.049439 ], [ -71.290385, -33.050095 ], [ -71.290272, -33.057582 ], [ -71.290923, -33.059482 ], [ -71.290746, -33.060596 ], [ -71.291007, -33.060962 ], [ -71.291392, -33.06122 ], [ -71.291781, -33.061637 ], [ -71.292113, -33.062321 ], [ -71.292297, -33.064545 ], [ -71.291814, -33.065349 ], [ -71.290269, -33.066491 ], [ -71.287625, -33.068979 ], [ -71.286694, -33.069527 ], [ -71.285823, -33.069914 ], [ -71.284884, -33.070143 ], [ -71.282832, -33.071188 ], [ -71.281654, -33.071899 ], [ -71.280604, -33.072714 ], [ -71.278646, -33.074924 ], [ -71.278347, -33.075566 ], [ -71.277841, -33.077908 ], [ -71.277368, -33.079137 ], [ -71.276638, -33.080105 ], [ -71.275062, -33.08252 ], [ -71.2742, -33.083278 ], [ -71.273649, -33.083925 ], [ -71.272162, -33.084781 ], [ -71.271499, -33.08499 ], [ -71.27119, -33.085339 ], [ -71.270884, -33.085765 ], [ -71.270037, -33.088109 ], [ -71.269691, -33.088764 ], [ -71.269208, -33.089383 ], [ -71.268014, -33.09055 ], [ -71.266993, -33.091409 ], [ -71.265198, -33.092167 ], [ -71.264404, -33.093021 ], [ -71.263689, -33.093416 ], [ -71.263326, -33.093422 ], [ -71.262923, -33.093621 ], [ -71.262263, -33.094434 ], [ -71.260913, -33.09484 ], [ -71.260421, -33.095078 ], [ -71.259668, -33.095779 ], [ -71.258229, -33.098058 ], [ -71.257702, -33.098716 ], [ -71.257399, -33.099294 ], [ -71.256696, -33.100185 ], [ -71.256524, -33.100532 ], [ -71.256625, -33.10095 ], [ -71.257396, -33.101833 ], [ -71.257626, -33.101943 ], [ -71.257773, -33.102398 ], [ -71.257746, -33.103086 ], [ -71.257889, -33.103389 ], [ -71.258961, -33.104515 ], [ -71.259299, -33.10531 ], [ -71.259088, -33.105925 ], [ -71.259143, -33.106306 ], [ -71.259856, -33.107552 ], [ -71.260367, -33.108039 ], [ -71.260771, -33.108776 ], [ -71.264172, -33.112265 ], [ -71.26454, -33.112449 ], [ -71.265313, -33.112549 ], [ -71.265911, -33.112844 ], [ -71.266058, -33.113299 ], [ -71.26612, -33.113947 ], [ -71.266361, -33.114477 ], [ -71.266613, -33.115465 ], [ -71.266709, -33.115654 ], [ -71.267079, -33.115953 ], [ -71.267512, -33.116899 ], [ -71.268477, -33.117378 ], [ -71.269038, -33.118055 ], [ -71.26959, -33.11835 ], [ -71.269999, -33.118343 ], [ -71.270401, -33.118106 ], [ -71.271033, -33.11798 ], [ -71.272305, -33.118072 ], [ -71.273926, -33.117584 ], [ -71.274085, -33.1176 ], [ -71.275105, -33.11846 ], [ -71.27534, -33.118799 ], [ -71.275485, -33.11914 ], [ -71.275503, -33.119827 ], [ -71.275739, -33.120166 ], [ -71.276608, -33.120455 ], [ -71.27738, -33.120479 ], [ -71.278058, -33.120391 ], [ -71.279273, -33.120025 ], [ -71.279683, -33.120055 ], [ -71.280051, -33.120278 ], [ -71.28103, -33.121291 ], [ -71.281536, -33.121548 ], [ -71.283314, -33.121898 ], [ -71.284449, -33.121915 ], [ -71.2868, -33.121643 ], [ -71.287837, -33.121395 ], [ -71.289003, -33.120839 ], [ -71.291229, -33.119233 ], [ -71.292489, -33.118828 ], [ -71.292509, -33.118732 ], [ -71.292777, -33.118575 ], [ -71.293227, -33.118452 ], [ -71.293908, -33.118439 ], [ -71.2945, -33.118543 ], [ -71.295288, -33.119177 ], [ -71.295837, -33.119358 ], [ -71.296518, -33.119384 ], [ -71.299187, -33.119105 ], [ -71.299555, -33.119289 ], [ -71.299929, -33.119741 ], [ -71.300622, -33.120224 ], [ -71.30145, -33.120629 ], [ -71.302181, -33.120844 ], [ -71.30318, -33.120902 ], [ -71.305126, -33.120713 ], [ -71.308549, -33.119772 ], [ -71.310252, -33.118977 ], [ -71.31172, -33.117881 ], [ -71.312523, -33.116473 ], [ -71.313138, -33.115698 ], [ -71.313759, -33.11519 ], [ -71.315056, -33.114479 ], [ -71.316501, -33.114223 ], [ -71.317038, -33.113946 ], [ -71.317793, -33.113321 ], [ -71.31863, -33.112389 ], [ -71.319106, -33.111502 ], [ -71.319402, -33.110695 ], [ -71.319755, -33.110307 ], [ -71.320513, -33.109835 ], [ -71.321663, -33.108706 ], [ -71.32229, -33.108389 ], [ -71.32424, -33.108391 ], [ -71.32464, -33.108078 ], [ -71.325029, -33.107345 ], [ -71.325206, -33.107189 ], [ -71.3255, -33.107165 ], [ -71.325731, -33.107313 ], [ -71.326192, -33.108081 ], [ -71.326757, -33.108395 ], [ -71.326966, -33.108771 ], [ -71.327593, -33.109106 ], [ -71.328513, -33.109147 ], [ -71.329266, -33.109356 ], [ -71.33006, -33.10944 ], [ -71.332611, -33.109022 ], [ -71.333196, -33.109022 ], [ -71.333865, -33.108855 ], [ -71.334869, -33.107558 ], [ -71.33604, -33.106513 ], [ -71.336751, -33.106095 ], [ -71.337963, -33.106137 ], [ -71.338674, -33.10597 ], [ -71.339259, -33.105677 ], [ -71.339845, -33.105217 ], [ -71.340974, -33.103795 ], [ -71.341726, -33.103043 ], [ -71.342395, -33.102792 ], [ -71.343733, -33.102834 ], [ -71.344688, -33.102611 ], [ -71.345448, -33.10229 ], [ -71.345987, -33.101918 ], [ -71.346506, -33.101745 ], [ -71.347288, -33.101746 ], [ -71.347935, -33.101442 ], [ -71.34984, -33.101355 ], [ -71.350576, -33.100879 ], [ -71.351176, -33.100617 ], [ -71.351845, -33.100074 ], [ -71.35235, -33.09945 ], [ -71.352783, -33.099321 ], [ -71.353769, -33.099656 ], [ -71.355358, -33.099238 ], [ -71.357114, -33.098443 ], [ -71.358577, -33.098318 ], [ -71.358953, -33.098109 ], [ -71.360082, -33.096269 ], [ -71.360626, -33.095851 ], [ -71.361128, -33.095265 ], [ -71.361964, -33.094554 ], [ -71.363678, -33.093927 ], [ -71.36464, -33.093718 ], [ -71.36569, -33.093347 ], [ -71.364891, -33.090499 ], [ -71.364753, -33.08964 ], [ -71.364829, -33.089222 ], [ -71.364775, -33.088801 ], [ -71.364549, -33.088594 ], [ -71.365659, -33.087575 ], [ -71.366256, -33.086544 ], [ -71.368165, -33.084235 ], [ -71.369628, -33.083004 ], [ -71.370788, -33.082441 ], [ -71.370788, -33.082164 ], [ -71.370175, -33.080559 ], [ -71.370205, -33.080265 ], [ -71.370441, -33.080044 ], [ -71.371793, -33.079583 ], [ -71.372218, -33.079742 ], [ -71.373117, -33.080713 ], [ -71.373762, -33.080946 ], [ -71.374542, -33.081677 ], [ -71.374915, -33.081904 ], [ -71.37524, -33.082002 ], [ -71.375695, -33.081888 ], [ -71.375842, -33.081709 ], [ -71.376058, -33.080951 ], [ -71.37732, -33.079044 ], [ -71.378133, -33.077371 ], [ -71.379303, -33.074332 ], [ -71.379904, -33.074381 ], [ -71.380538, -33.074852 ], [ -71.380847, -33.074852 ], [ -71.381805, -33.074559 ], [ -71.383849, -33.074598 ], [ -71.384552, -33.074771 ], [ -71.385478, -33.075177 ], [ -71.385982, -33.075144 ], [ -71.387379, -33.073909 ], [ -71.388094, -33.073568 ], [ -71.388614, -33.073113 ], [ -71.390191, -33.072528 ], [ -71.390899, -33.071766 ], [ -71.391149, -33.071358 ], [ -71.392297, -33.070589 ], [ -71.392822, -33.07047 ], [ -71.394724, -33.070383 ], [ -71.396008, -33.070204 ], [ -71.396707, -33.069977 ], [ -71.397957, -33.06872 ], [ -71.398207, -33.06826 ], [ -71.398911, -33.067815 ], [ -71.400046, -33.067604 ], [ -71.400948, -33.067604 ], [ -71.400558, -33.06567 ], [ -71.399897, -33.05988 ], [ -71.400463, -33.059855 ], [ -71.400368, -33.055944 ], [ -71.400544, -33.055811 ], [ -71.400489, -33.054757 ], [ -71.399131, -33.054532 ] ] ] } },
{ "type": "Feature", "properties": { "objectid": 195, "shape_leng": 207666.99195, "dis_elec": 7, "cir_sena": 6, "cod_comuna": 5102, "codregion": 5, "st_area_sh": 1368781349.1099999, "st_length_": 261787.615296, "Region": "Región de Valparaíso", "Comuna": "Casablanca", "Provincia": "Valparaíso" }, "geometry": { "type": "MultiPolygon", "coordinates": [ [ [ [ -71.703388, -33.193975 ], [ -71.703054, -33.193732 ], [ -71.702649, -33.193603 ], [ -71.702727, -33.193334 ], [ -71.702863, -33.19332 ], [ -71.702944, -33.193198 ], [ -71.702749, -33.193152 ], [ -71.702732, -33.193057 ], [ -71.702999, -33.193024 ], [ -71.703081, -33.192827 ], [ -71.702915, -33.192792 ], [ -71.703103, -33.192753 ], [ -71.703281, -33.19255 ], [ -71.703424, -33.192077 ], [ -71.702881, -33.19177 ], [ -71.702678, -33.192207 ], [ -71.702421, -33.19235 ], [ -71.701881, -33.192285 ], [ -71.701749, -33.192848 ], [ -71.701047, -33.193041 ], [ -71.700778, -33.1934 ], [ -71.700566, -33.193526 ], [ -71.700405, -33.193512 ], [ -71.700237, -33.193715 ], [ -71.700032, -33.193696 ], [ -71.699721, -33.193869 ], [ -71.699294, -33.193732 ], [ -71.699197, -33.193493 ], [ -71.699317, -33.193401 ], [ -71.699225, -33.193386 ], [ -71.699148, -33.193209 ], [ -71.699187, -33.192881 ], [ -71.699088, -33.19272 ], [ -71.699234, -33.192447 ], [ -71.699134, -33.192348 ], [ -71.699189, -33.192271 ], [ -71.698817, -33.192167 ], [ -71.698997, -33.192056 ], [ -71.69912, -33.191784 ], [ -71.698977, -33.19169 ], [ -71.69883, -33.19176 ], [ -71.698411, -33.19147 ], [ -71.698252, -33.191543 ], [ -71.698145, -33.191489 ], [ -71.698074, -33.19132 ], [ -71.698174, -33.191272 ], [ -71.698042, -33.19115 ], [ -71.698249, -33.191186 ], [ -71.698186, -33.191128 ], [ -71.698309, -33.191078 ], [ -71.698091, -33.190912 ], [ -71.698199, -33.19092 ], [ -71.698122, -33.190782 ], [ -71.6979, -33.19088 ], [ -71.697289, -33.190854 ], [ -71.697247, -33.190748 ], [ -71.697554, -33.190527 ], [ -71.697522, -33.190443 ], [ -71.697355, -33.190481 ], [ -71.697203, -33.190685 ], [ -71.697222, -33.190577 ], [ -71.697056, -33.190654 ], [ -71.696969, -33.190564 ], [ -71.697051, -33.190292 ], [ -71.696833, -33.190566 ], [ -71.696641, -33.190512 ], [ -71.696781, -33.190433 ], [ -71.696904, -33.190176 ], [ -71.6968, -33.190165 ], [ -71.696683, -33.190295 ], [ -71.696698, -33.190203 ], [ -71.696585, -33.190219 ], [ -71.696442, -33.189753 ], [ -71.696597, -33.189299 ], [ -71.696757, -33.189103 ], [ -71.696829, -33.188744 ], [ -71.696679, -33.188812 ], [ -71.696617, -33.188739 ], [ -71.696434, -33.188983 ], [ -71.696317, -33.189498 ], [ -71.696025, -33.189417 ], [ -71.695594, -33.189585 ], [ -71.695116, -33.18962 ], [ -71.694899, -33.18975 ], [ -71.694682, -33.189694 ], [ -71.694591, -33.189542 ], [ -71.694231, -33.18963 ], [ -71.694485, -33.18937 ], [ -71.694442, -33.18931 ], [ -71.694262, -33.189298 ], [ -71.694079, -33.189591 ], [ -71.693822, -33.189627 ], [ -71.69297, -33.189257 ], [ -71.692605, -33.189382 ], [ -71.691951, -33.189432 ], [ -71.691615, -33.18922 ], [ -71.691588, -33.188772 ], [ -71.691341, -33.188508 ], [ -71.691151, -33.188436 ], [ -71.690974, -33.18851 ], [ -71.690073, -33.188491 ], [ -71.689364, -33.188126 ], [ -71.689063, -33.187717 ], [ -71.689339, -33.187403 ], [ -71.689405, -33.186884 ], [ -71.689541, -33.186536 ], [ -71.689652, -33.186549 ], [ -71.689577, -33.186377 ], [ -71.689735, -33.186496 ], [ -71.689766, -33.186444 ], [ -71.68954, -33.186215 ], [ -71.689555, -33.185991 ], [ -71.689425, -33.185688 ], [ -71.689062, -33.185318 ], [ -71.688801, -33.185276 ], [ -71.688867, -33.185164 ], [ -71.688637, -33.184913 ], [ -71.688641, -33.184783 ], [ -71.688499, -33.184749 ], [ -71.688343, -33.18438 ], [ -71.688227, -33.184359 ], [ -71.688236, -33.184106 ], [ -71.688494, -33.184042 ], [ -71.688652, -33.183815 ], [ -71.688676, -33.183665 ], [ -71.688554, -33.183641 ], [ -71.688626, -33.183499 ], [ -71.688457, -33.183362 ], [ -71.688007, -33.183427 ], [ -71.687786, -33.183311 ], [ -71.687481, -33.183323 ], [ -71.687464, -33.183141 ], [ -71.687231, -33.183284 ], [ -71.6872, -33.18316 ], [ -71.687101, -33.18321 ], [ -71.687024, -33.1831 ], [ -71.686826, -33.183217 ], [ -71.686605, -33.183104 ], [ -71.686489, -33.183145 ], [ -71.685304, -33.182922 ], [ -71.685331, -33.182811 ], [ -71.684945, -33.182208 ], [ -71.684491, -33.181176 ], [ -71.68447, -33.180742 ], [ -71.684291, -33.180064 ], [ -71.684336, -33.179852 ], [ -71.684154, -33.17896 ], [ -71.68425, -33.177727 ], [ -71.684159, -33.177121 ], [ -71.684246, -33.17648 ], [ -71.68411, -33.176107 ], [ -71.684366, -33.175456 ], [ -71.684317, -33.175078 ], [ -71.684659, -33.173382 ], [ -71.684649, -33.172999 ], [ -71.685608, -33.17261 ], [ -71.686034, -33.172789 ], [ -71.686692, -33.172518 ], [ -71.686732, -33.172339 ], [ -71.686432, -33.172474 ], [ -71.686431, -33.172393 ], [ -71.6863, -33.172398 ], [ -71.68608, -33.172532 ], [ -71.686015, -33.172446 ], [ -71.686623, -33.172178 ], [ -71.686514, -33.171985 ], [ -71.686359, -33.17198 ], [ -71.686422, -33.17174 ], [ -71.686538, -33.171527 ], [ -71.687203, -33.171226 ], [ -71.687181, -33.170982 ], [ -71.687272, -33.170888 ], [ -71.68719, -33.170625 ], [ -71.687393, -33.170109 ], [ -71.687917, -33.169488 ], [ -71.687958, -33.169242 ], [ -71.688274, -33.169013 ], [ -71.688303, -33.168797 ], [ -71.688901, -33.168892 ], [ -71.688729, -33.168645 ], [ -71.689079, -33.168535 ], [ -71.689081, -33.168304 ], [ -71.689233, -33.168048 ], [ -71.689641, -33.167951 ], [ -71.689852, -33.167735 ], [ -71.690971, -33.167046 ], [ -71.691021, -33.166871 ], [ -71.691418, -33.166937 ], [ -71.691566, -33.167171 ], [ -71.691843, -33.167198 ], [ -71.692383, -33.167126 ], [ -71.692805, -33.16686 ], [ -71.692738, -33.166784 ], [ -71.692786, -33.166725 ], [ -71.692584, -33.166626 ], [ -71.692522, -33.166471 ], [ -71.692645, -33.166202 ], [ -71.692613, -33.165871 ], [ -71.692945, -33.165714 ], [ -71.692653, -33.165648 ], [ -71.692618, -33.165485 ], [ -71.692661, -33.165389 ], [ -71.693163, -33.165276 ], [ -71.693184, -33.164964 ], [ -71.693557, -33.164651 ], [ -71.69347, -33.164542 ], [ -71.693749, -33.163675 ], [ -71.693793, -33.162821 ], [ -71.694035, -33.162696 ], [ -71.694341, -33.162786 ], [ -71.694465, -33.162674 ], [ -71.694194, -33.162565 ], [ -71.694556, -33.16256 ], [ -71.69482, -33.162427 ], [ -71.694613, -33.162201 ], [ -71.694999, -33.162138 ], [ -71.69463, -33.161953 ], [ -71.694903, -33.161681 ], [ -71.695196, -33.161659 ], [ -71.695131, -33.161429 ], [ -71.695313, -33.161213 ], [ -71.695894, -33.160992 ], [ -71.695957, -33.160878 ], [ -71.695886, -33.160812 ], [ -71.696177, -33.160583 ], [ -71.696566, -33.159734 ], [ -71.696936, -33.159799 ], [ -71.697056, -33.159737 ], [ -71.696884, -33.159523 ], [ -71.697251, -33.159281 ], [ -71.697154, -33.159 ], [ -71.697275, -33.158574 ], [ -71.697854, -33.157773 ], [ -71.697902, -33.157448 ], [ -71.698262, -33.15684 ], [ -71.698656, -33.156362 ], [ -71.699387, -33.155819 ], [ -71.699465, -33.155918 ], [ -71.69934, -33.156027 ], [ -71.699372, -33.156088 ], [ -71.699637, -33.156004 ], [ -71.699785, -33.155463 ], [ -71.698127, -33.155172 ], [ -71.697473, -33.155177 ], [ -71.694876, -33.155865 ], [ -71.693882, -33.156427 ], [ -71.692986, -33.157073 ], [ -71.69074, -33.157293 ], [ -71.688839, -33.158037 ], [ -71.687111, -33.158422 ], [ -71.685941, -33.158244 ], [ -71.685675, -33.157601 ], [ -71.685287, -33.1571 ], [ -71.684761, -33.156863 ], [ -71.684239, -33.15687 ], [ -71.683194, -33.1571 ], [ -71.681775, -33.157735 ], [ -71.680781, -33.158067 ], [ -71.679242, -33.158434 ], [ -71.677109, -33.158579 ], [ -71.675505, -33.158573 ], [ -71.673489, -33.158729 ], [ -71.672335, -33.158907 ], [ -71.671263, -33.158921 ], [ -71.670211, -33.15911 ], [ -71.669794, -33.159327 ], [ -71.669487, -33.159716 ], [ -71.669083, -33.160014 ], [ -71.668202, -33.16051 ], [ -71.666068, -33.160655 ], [ -71.664466, -33.160635 ], [ -71.662873, -33.160796 ], [ -71.662365, -33.160946 ], [ -71.661729, -33.161722 ], [ -71.660295, -33.162569 ], [ -71.658714, -33.162958 ], [ -71.658218, -33.162996 ], [ -71.657368, -33.163307 ], [ -71.657051, -33.163675 ], [ -71.656755, -33.164533 ], [ -71.656302, -33.16535 ], [ -71.655466, -33.166008 ], [ -71.654049, -33.166421 ], [ -71.653435, -33.166299 ], [ -71.652671, -33.165792 ], [ -71.65193, -33.165772 ], [ -71.651403, -33.16563 ], [ -71.648797, -33.164058 ], [ -71.647844, -33.163722 ], [ -71.646428, -33.163026 ], [ -71.644355, -33.162277 ], [ -71.64404, -33.161887 ], [ -71.643758, -33.161704 ], [ -71.643176, -33.160756 ], [ -71.642931, -33.160184 ], [ -71.642097, -33.15962 ], [ -71.641837, -33.159125 ], [ -71.641213, -33.159278 ], [ -71.640727, -33.159059 ], [ -71.640251, -33.158559 ], [ -71.640024, -33.15862 ], [ -71.63966, -33.159214 ], [ -71.639162, -33.159654 ], [ -71.638665, -33.15958 ], [ -71.637865, -33.158966 ], [ -71.635956, -33.157897 ], [ -71.635282, -33.157947 ], [ -71.634107, -33.158473 ], [ -71.631584, -33.159284 ], [ -71.631088, -33.159173 ], [ -71.630638, -33.15865 ], [ -71.629849, -33.158348 ], [ -71.629003, -33.158509 ], [ -71.627993, -33.158888 ], [ -71.626961, -33.159034 ], [ -71.625712, -33.159438 ], [ -71.624703, -33.159429 ], [ -71.623486, -33.158983 ], [ -71.622894, -33.158998 ], [ -71.620812, -33.160413 ], [ -71.619515, -33.162077 ], [ -71.617645, -33.163018 ], [ -71.616226, -33.164089 ], [ -71.614197, -33.164835 ], [ -71.612076, -33.165894 ], [ -71.60878, -33.166318 ], [ -71.606143, -33.166126 ], [ -71.605611, -33.166173 ], [ -71.604627, -33.166532 ], [ -71.6028, -33.167454 ], [ -71.602676, -33.167885 ], [ -71.602703, -33.169232 ], [ -71.6024, -33.169595 ], [ -71.602137, -33.170114 ], [ -71.601328, -33.170717 ], [ -71.601038, -33.171057 ], [ -71.600889, -33.171326 ], [ -71.600965, -33.171753 ], [ -71.600802, -33.172374 ], [ -71.599997, -33.172895 ], [ -71.599366, -33.173652 ], [ -71.59822, -33.174632 ], [ -71.597676, -33.17555 ], [ -71.596905, -33.176386 ], [ -71.59648, -33.176607 ], [ -71.595742, -33.176586 ], [ -71.595023, -33.176313 ], [ -71.593963, -33.176429 ], [ -71.59252, -33.177032 ], [ -71.59168, -33.177577 ], [ -71.591188, -33.178376 ], [ -71.590649, -33.181052 ], [ -71.590483, -33.18147 ], [ -71.589938, -33.182252 ], [ -71.588826, -33.183353 ], [ -71.588312, -33.183494 ], [ -71.587884, -33.183792 ], [ -71.587405, -33.184244 ], [ -71.587157, -33.184663 ], [ -71.586873, -33.18485 ], [ -71.585858, -33.185989 ], [ -71.584832, -33.186231 ], [ -71.584409, -33.186416 ], [ -71.584028, -33.186717 ], [ -71.583881, -33.186945 ], [ -71.583944, -33.187683 ], [ -71.584161, -33.188039 ], [ -71.583231, -33.188532 ], [ -71.582393, -33.189108 ], [ -71.581212, -33.190215 ], [ -71.580387, -33.190033 ], [ -71.579979, -33.18983 ], [ -71.579243, -33.189733 ], [ -71.577598, -33.189257 ], [ -71.576064, -33.189487 ], [ -71.575607, -33.189362 ], [ -71.575067, -33.18903 ], [ -71.573053, -33.188513 ], [ -71.572178, -33.187882 ], [ -71.571681, -33.186959 ], [ -71.571368, -33.186677 ], [ -71.570782, -33.186536 ], [ -71.569856, -33.186059 ], [ -71.569346, -33.186101 ], [ -71.568331, -33.186428 ], [ -71.567407, -33.187538 ], [ -71.566509, -33.188062 ], [ -71.566267, -33.188324 ], [ -71.566059, -33.188901 ], [ -71.565074, -33.188551 ], [ -71.564549, -33.188463 ], [ -71.564119, -33.188887 ], [ -71.563418, -33.1891 ], [ -71.562682, -33.189002 ], [ -71.561248, -33.189041 ], [ -71.560457, -33.189174 ], [ -71.559567, -33.189499 ], [ -71.559133, -33.189954 ], [ -71.558899, -33.190027 ], [ -71.558407, -33.19079 ], [ -71.557752, -33.191006 ], [ -71.556595, -33.191048 ], [ -71.554804, -33.190769 ], [ -71.553417, -33.190766 ], [ -71.551886, -33.190919 ], [ -71.551232, -33.191095 ], [ -71.550877, -33.191309 ], [ -71.550787, -33.192204 ], [ -71.550901, -33.193324 ], [ -71.550854, -33.194853 ], [ -71.54929, -33.195859 ], [ -71.549136, -33.196246 ], [ -71.549163, -33.196709 ], [ -71.548982, -33.197795 ], [ -71.548997, -33.198998 ], [ -71.548575, -33.199918 ], [ -71.547486, -33.200589 ], [ -71.547112, -33.200696 ], [ -71.545631, -33.201935 ], [ -71.543655, -33.202151 ], [ -71.543421, -33.202566 ], [ -71.543214, -33.203463 ], [ -71.543113, -33.206021 ], [ -71.542978, -33.207106 ], [ -71.542244, -33.208135 ], [ -71.54167, -33.208625 ], [ -71.541233, -33.209157 ], [ -71.540481, -33.209488 ], [ -71.539828, -33.209623 ], [ -71.538463, -33.210245 ], [ -71.538032, -33.210331 ], [ -71.537193, -33.210894 ], [ -71.537114, -33.211319 ], [ -71.537243, -33.21188 ], [ -71.537651, -33.212088 ], [ -71.538051, -33.212486 ], [ -71.536972, -33.213247 ], [ -71.536513, -33.213829 ], [ -71.535477, -33.212804 ], [ -71.534778, -33.212277 ], [ -71.534547, -33.211105 ], [ -71.533692, -33.210501 ], [ -71.533054, -33.210288 ], [ -71.531713, -33.20904 ], [ -71.530756, -33.208789 ], [ -71.530442, -33.208547 ], [ -71.52994, -33.208377 ], [ -71.529322, -33.208624 ], [ -71.528855, -33.209084 ], [ -71.526138, -33.209766 ], [ -71.525605, -33.210052 ], [ -71.524998, -33.21015 ], [ -71.524511, -33.209952 ], [ -71.524175, -33.209436 ], [ -71.523742, -33.209287 ], [ -71.523227, -33.209465 ], [ -71.522666, -33.210233 ], [ -71.522314, -33.211084 ], [ -71.522355, -33.212872 ], [ -71.522577, -33.213752 ], [ -71.521931, -33.213436 ], [ -71.520952, -33.213198 ], [ -71.520612, -33.212773 ], [ -71.520195, -33.21187 ], [ -71.51938, -33.21131 ], [ -71.519257, -33.210776 ], [ -71.518947, -33.210467 ], [ -71.518452, -33.210477 ], [ -71.517368, -33.210814 ], [ -71.516951, -33.210241 ], [ -71.51551, -33.209616 ], [ -71.514995, -33.20951 ], [ -71.512851, -33.209449 ], [ -71.51135, -33.208939 ], [ -71.510408, -33.208475 ], [ -71.508218, -33.206937 ], [ -71.507727, -33.206158 ], [ -71.507115, -33.205683 ], [ -71.506625, -33.205576 ], [ -71.506115, -33.205284 ], [ -71.505745, -33.204782 ], [ -71.505258, -33.204589 ], [ -71.50396, -33.204972 ], [ -71.503037, -33.205405 ], [ -71.502621, -33.205508 ], [ -71.501459, -33.205062 ], [ -71.500793, -33.204535 ], [ -71.499312, -33.203726 ], [ -71.49795, -33.203578 ], [ -71.497426, -33.203633 ], [ -71.496351, -33.20443 ], [ -71.496017, -33.204563 ], [ -71.494685, -33.205609 ], [ -71.493684, -33.206616 ], [ -71.492847, -33.207656 ], [ -71.491711, -33.208617 ], [ -71.491505, -33.208955 ], [ -71.490822, -33.209644 ], [ -71.489832, -33.209908 ], [ -71.48938, -33.209935 ], [ -71.488175, -33.209855 ], [ -71.486869, -33.209588 ], [ -71.48553, -33.209435 ], [ -71.4848, -33.209161 ], [ -71.484214, -33.208704 ], [ -71.483982, -33.20833 ], [ -71.483889, -33.207912 ], [ -71.482883, -33.206832 ], [ -71.482264, -33.206308 ], [ -71.48182, -33.20569 ], [ -71.481709, -33.205377 ], [ -71.481406, -33.205045 ], [ -71.479239, -33.203785 ], [ -71.478852, -33.203802 ], [ -71.478259, -33.20408 ], [ -71.477065, -33.204919 ], [ -71.476514, -33.205499 ], [ -71.476047, -33.205733 ], [ -71.475414, -33.205732 ], [ -71.473956, -33.204774 ], [ -71.473386, -33.203631 ], [ -71.472005, -33.202987 ], [ -71.471797, -33.20245 ], [ -71.471712, -33.201514 ], [ -71.471339, -33.201147 ], [ -71.470759, -33.200703 ], [ -71.470005, -33.200637 ], [ -71.469354, -33.20065 ], [ -71.468854, -33.200827 ], [ -71.467464, -33.20209 ], [ -71.465981, -33.203142 ], [ -71.465279, -33.204392 ], [ -71.46456, -33.205199 ], [ -71.463587, -33.205327 ], [ -71.462714, -33.205809 ], [ -71.462238, -33.205886 ], [ -71.461726, -33.205819 ], [ -71.46084, -33.205408 ], [ -71.460245, -33.20533 ], [ -71.45954, -33.205339 ], [ -71.459164, -33.205523 ], [ -71.458722, -33.205567 ], [ -71.457347, -33.205189 ], [ -71.456328, -33.205159 ], [ -71.455847, -33.205309 ], [ -71.455231, -33.205307 ], [ -71.454347, -33.204987 ], [ -71.450676, -33.205248 ], [ -71.45024, -33.205149 ], [ -71.449454, -33.204484 ], [ -71.448589, -33.204005 ], [ -71.4476, -33.203808 ], [ -71.446572, -33.203819 ], [ -71.446066, -33.203892 ], [ -71.444894, -33.204654 ], [ -71.444251, -33.205303 ], [ -71.442401, -33.206254 ], [ -71.439595, -33.207292 ], [ -71.438542, -33.207786 ], [ -71.436295, -33.208416 ], [ -71.435782, -33.208476 ], [ -71.434021, -33.207564 ], [ -71.433521, -33.207208 ], [ -71.433271, -33.206866 ], [ -71.432873, -33.206626 ], [ -71.43212, -33.206456 ], [ -71.431629, -33.205906 ], [ -71.431207, -33.205671 ], [ -71.43009, -33.205463 ], [ -71.4285, -33.205607 ], [ -71.428008, -33.205743 ], [ -71.426179, -33.206639 ], [ -71.425759, -33.206652 ], [ -71.425253, -33.206599 ], [ -71.424297, -33.206275 ], [ -71.423243, -33.206052 ], [ -71.421764, -33.205869 ], [ -71.419199, -33.205725 ], [ -71.418385, -33.205898 ], [ -71.417746, -33.206244 ], [ -71.417142, -33.206739 ], [ -71.415751, -33.207446 ], [ -71.414611, -33.208348 ], [ -71.41282, -33.210528 ], [ -71.411895, -33.211011 ], [ -71.411208, -33.21115 ], [ -71.410792, -33.211091 ], [ -71.407881, -33.20993 ], [ -71.407434, -33.209659 ], [ -71.406966, -33.209213 ], [ -71.40699, -33.208279 ], [ -71.407275, -33.207083 ], [ -71.407458, -33.206706 ], [ -71.407628, -33.20585 ], [ -71.407573, -33.205423 ], [ -71.407438, -33.205015 ], [ -71.406359, -33.203548 ], [ -71.406173, -33.203178 ], [ -71.406002, -33.202437 ], [ -71.405814, -33.202125 ], [ -71.404855, -33.201706 ], [ -71.402899, -33.202249 ], [ -71.402131, -33.202075 ], [ -71.400875, -33.20246 ], [ -71.399763, -33.202625 ], [ -71.398202, -33.202268 ], [ -71.39741, -33.201575 ], [ -71.396358, -33.201514 ], [ -71.395544, -33.199289 ], [ -71.395325, -33.198919 ], [ -71.395341, -33.198527 ], [ -71.394667, -33.1978 ], [ -71.394193, -33.197111 ], [ -71.393975, -33.196709 ], [ -71.393482, -33.194983 ], [ -71.39225, -33.193027 ], [ -71.391097, -33.192991 ], [ -71.390048, -33.192795 ], [ -71.388922, -33.191901 ], [ -71.388657, -33.191194 ], [ -71.387763, -33.190562 ], [ -71.387434, -33.190099 ], [ -71.386911, -33.188928 ], [ -71.386398, -33.188113 ], [ -71.38575, -33.187503 ], [ -71.384948, -33.186396 ], [ -71.384868, -33.186046 ], [ -71.384651, -33.185815 ], [ -71.38419, -33.185644 ], [ -71.383863, -33.185208 ], [ -71.38342, -33.184264 ], [ -71.382566, -33.184091 ], [ -71.381363, -33.184114 ], [ -71.381037, -33.184042 ], [ -71.378069, -33.182076 ], [ -71.377731, -33.181537 ], [ -71.376775, -33.180427 ], [ -71.376541, -33.180315 ], [ -71.374135, -33.180322 ], [ -71.373152, -33.179913 ], [ -71.372491, -33.17942 ], [ -71.372144, -33.17857 ], [ -71.371956, -33.178457 ], [ -71.371679, -33.178462 ], [ -71.371506, -33.178932 ], [ -71.37109, -33.17894 ], [ -71.370575, -33.178717 ], [ -71.369864, -33.178108 ], [ -71.369661, -33.177411 ], [ -71.369417, -33.176949 ], [ -71.368756, -33.176456 ], [ -71.368008, -33.176198 ], [ -71.367789, -33.175832 ], [ -71.367537, -33.175755 ], [ -71.367238, -33.176351 ], [ -71.367359, -33.176966 ], [ -71.36716, -33.177385 ], [ -71.366576, -33.177838 ], [ -71.366376, -33.178225 ], [ -71.366354, -33.178726 ], [ -71.366121, -33.179203 ], [ -71.365144, -33.179398 ], [ -71.36438, -33.179678 ], [ -71.364, -33.179925 ], [ -71.362635, -33.181335 ], [ -71.360115, -33.182888 ], [ -71.359926, -33.18369 ], [ -71.360001, -33.185163 ], [ -71.359772, -33.185785 ], [ -71.359399, -33.186297 ], [ -71.358954, -33.186715 ], [ -71.35861, -33.186961 ], [ -71.358019, -33.187175 ], [ -71.356027, -33.187452 ], [ -71.35318, -33.188624 ], [ -71.352499, -33.189376 ], [ -71.351146, -33.189961 ], [ -71.350595, -33.190354 ], [ -71.350326, -33.190806 ], [ -71.350105, -33.191725 ], [ -71.34987, -33.192113 ], [ -71.348768, -33.1929 ], [ -71.348538, -33.193495 ], [ -71.348547, -33.193846 ], [ -71.348036, -33.194415 ], [ -71.347905, -33.194742 ], [ -71.347795, -33.195899 ], [ -71.34756, -33.196286 ], [ -71.34718, -33.196528 ], [ -71.34706, -33.197297 ], [ -71.34638, -33.198107 ], [ -71.346122, -33.198937 ], [ -71.346067, -33.199529 ], [ -71.345525, -33.200247 ], [ -71.344606, -33.200688 ], [ -71.344798, -33.20201 ], [ -71.345113, -33.202689 ], [ -71.345687, -33.203508 ], [ -71.345951, -33.204274 ], [ -71.345353, -33.203753 ], [ -71.344659, -33.202752 ], [ -71.341895, -33.201429 ], [ -71.340344, -33.201278 ], [ -71.338903, -33.201472 ], [ -71.336372, -33.200924 ], [ -71.335339, -33.201052 ], [ -71.334384, -33.20079 ], [ -71.333177, -33.199862 ], [ -71.332804, -33.199851 ], [ -71.331864, -33.199981 ], [ -71.330661, -33.200445 ], [ -71.329318, -33.201268 ], [ -71.328479, -33.201978 ], [ -71.326842, -33.202374 ], [ -71.324156, -33.203317 ], [ -71.323033, -33.203334 ], [ -71.322477, -33.20324 ], [ -71.321865, -33.202959 ], [ -71.320535, -33.202005 ], [ -71.318992, -33.201669 ], [ -71.318318, -33.201388 ], [ -71.317547, -33.201209 ], [ -71.316986, -33.201219 ], [ -71.315759, -33.201494 ], [ -71.314402, -33.201925 ], [ -71.313417, -33.202395 ], [ -71.312223, -33.20262 ], [ -71.311772, -33.203002 ], [ -71.310844, -33.203574 ], [ -71.310144, -33.203921 ], [ -71.309576, -33.204089 ], [ -71.307809, -33.203906 ], [ -71.307193, -33.203728 ], [ -71.306492, -33.203366 ], [ -71.305509, -33.204516 ], [ -71.304272, -33.205058 ], [ -71.303055, -33.205833 ], [ -71.301592, -33.206545 ], [ -71.301162, -33.207135 ], [ -71.299864, -33.208381 ], [ -71.298656, -33.208976 ], [ -71.29811, -33.209351 ], [ -71.29774, -33.209994 ], [ -71.297984, -33.21085 ], [ -71.297894, -33.211533 ], [ -71.296806, -33.213672 ], [ -71.295489, -33.21536 ], [ -71.295289, -33.21567 ], [ -71.295033, -33.216577 ], [ -71.294775, -33.21678 ], [ -71.294267, -33.217001 ], [ -71.293705, -33.217034 ], [ -71.292757, -33.217349 ], [ -71.292275, -33.2177 ], [ -71.291747, -33.217656 ], [ -71.290992, -33.217111 ], [ -71.29032, -33.216776 ], [ -71.290087, -33.216402 ], [ -71.289968, -33.215538 ], [ -71.289789, -33.215348 ], [ -71.287747, -33.214267 ], [ -71.287372, -33.214306 ], [ -71.286955, -33.214584 ], [ -71.286592, -33.215068 ], [ -71.286272, -33.215268 ], [ -71.285299, -33.215448 ], [ -71.283718, -33.215243 ], [ -71.281972, -33.214563 ], [ -71.281662, -33.214528 ], [ -71.281314, -33.214651 ], [ -71.28096, -33.214928 ], [ -71.280692, -33.215362 ], [ -71.279232, -33.216732 ], [ -71.27802, -33.218138 ], [ -71.277143, -33.218975 ], [ -71.276045, -33.220618 ], [ -71.275811, -33.221736 ], [ -71.275461, -33.222644 ], [ -71.274512, -33.223716 ], [ -71.273388, -33.224508 ], [ -71.272701, -33.224539 ], [ -71.271779, -33.224249 ], [ -71.270201, -33.223259 ], [ -71.268969, -33.222907 ], [ -71.268225, -33.22283 ], [ -71.267336, -33.223225 ], [ -71.266747, -33.22389 ], [ -71.266411, -33.224455 ], [ -71.265971, -33.226014 ], [ -71.265551, -33.227099 ], [ -71.265244, -33.228453 ], [ -71.263986, -33.230194 ], [ -71.260809, -33.233326 ], [ -71.260394, -33.233523 ], [ -71.259572, -33.233709 ], [ -71.25751, -33.233594 ], [ -71.255554, -33.233958 ], [ -71.254932, -33.233861 ], [ -71.253985, -33.233306 ], [ -71.253501, -33.232922 ], [ -71.252606, -33.231897 ], [ -71.252388, -33.23186 ], [ -71.252031, -33.232169 ], [ -71.251822, -33.232633 ], [ -71.250875, -33.233552 ], [ -71.249914, -33.234078 ], [ -71.249185, -33.23429 ], [ -71.248055, -33.234365 ], [ -71.246125, -33.235567 ], [ -71.244777, -33.237787 ], [ -71.244346, -33.239093 ], [ -71.242693, -33.238934 ], [ -71.242001, -33.239019 ], [ -71.240415, -33.239484 ], [ -71.238936, -33.239678 ], [ -71.237357, -33.23926 ], [ -71.236761, -33.239298 ], [ -71.23494, -33.240133 ], [ -71.232885, -33.241338 ], [ -71.231658, -33.241482 ], [ -71.230782, -33.241457 ], [ -71.23017, -33.24186 ], [ -71.229845, -33.242136 ], [ -71.228318, -33.244156 ], [ -71.226993, -33.245118 ], [ -71.226496, -33.245758 ], [ -71.225668, -33.24653 ], [ -71.225899, -33.24897 ], [ -71.225752, -33.249518 ], [ -71.224637, -33.251585 ], [ -71.224249, -33.252025 ], [ -71.222068, -33.253128 ], [ -71.221299, -33.253831 ], [ -71.221178, -33.255687 ], [ -71.2203, -33.25797 ], [ -71.219812, -33.258817 ], [ -71.2197, -33.259505 ], [ -71.220091, -33.260963 ], [ -71.221407, -33.262797 ], [ -71.222549, -33.263899 ], [ -71.222935, -33.264461 ], [ -71.223153, -33.265119 ], [ -71.223773, -33.265969 ], [ -71.22515, -33.266391 ], [ -71.225589, -33.266676 ], [ -71.226294, -33.267462 ], [ -71.226783, -33.268508 ], [ -71.226806, -33.268922 ], [ -71.226702, -33.269438 ], [ -71.226233, -33.269839 ], [ -71.225646, -33.270124 ], [ -71.224192, -33.270534 ], [ -71.223682, -33.270931 ], [ -71.223287, -33.271537 ], [ -71.223142, -33.272049 ], [ -71.223137, -33.274051 ], [ -71.223306, -33.274887 ], [ -71.223225, -33.275813 ], [ -71.222986, -33.276597 ], [ -71.222962, -33.277152 ], [ -71.222406, -33.279578 ], [ -71.221548, -33.28045 ], [ -71.221082, -33.280779 ], [ -71.219962, -33.281056 ], [ -71.219373, -33.281387 ], [ -71.218807, -33.282163 ], [ -71.218161, -33.282833 ], [ -71.217131, -33.284831 ], [ -71.216581, -33.285192 ], [ -71.215459, -33.285537 ], [ -71.214965, -33.285559 ], [ -71.214425, -33.285713 ], [ -71.214041, -33.286049 ], [ -71.213728, -33.286622 ], [ -71.213422, -33.288026 ], [ -71.213659, -33.289171 ], [ -71.214125, -33.289808 ], [ -71.214266, -33.290328 ], [ -71.213931, -33.291421 ], [ -71.213954, -33.291835 ], [ -71.214584, -33.292478 ], [ -71.214774, -33.292826 ], [ -71.214671, -33.293306 ], [ -71.214186, -33.294081 ], [ -71.213974, -33.29518 ], [ -71.21365, -33.296029 ], [ -71.212998, -33.296875 ], [ -71.212511, -33.29769 ], [ -71.212349, -33.298581 ], [ -71.21197, -33.299742 ], [ -71.210407, -33.30266 ], [ -71.210019, -33.303091 ], [ -71.209045, -33.303789 ], [ -71.20852, -33.304529 ], [ -71.207491, -33.305534 ], [ -71.206961, -33.306414 ], [ -71.206732, -33.306959 ], [ -71.20643, -33.308222 ], [ -71.206211, -33.308528 ], [ -71.205655, -33.309066 ], [ -71.205069, -33.309324 ], [ -71.203582, -33.309517 ], [ -71.202285, -33.3101 ], [ -71.201169, -33.310273 ], [ -71.198307, -33.309976 ], [ -71.197085, -33.309768 ], [ -71.195443, -33.309753 ], [ -71.19541, -33.310514 ], [ -71.19559, -33.311106 ], [ -71.196014, -33.311734 ], [ -71.197307, -33.313154 ], [ -71.19894, -33.315276 ], [ -71.202363, -33.318687 ], [ -71.204224, -33.320264 ], [ -71.204973, -33.321008 ], [ -71.20552, -33.322572 ], [ -71.20544, -33.323466 ], [ -71.205831, -33.324856 ], [ -71.205493, -33.327915 ], [ -71.205632, -33.330401 ], [ -71.205739, -33.330782 ], [ -71.206173, -33.331171 ], [ -71.206903, -33.331402 ], [ -71.207756, -33.331599 ], [ -71.209026, -33.331675 ], [ -71.210056, -33.331603 ], [ -71.211008, -33.331424 ], [ -71.212347, -33.330845 ], [ -71.213043, -33.3309 ], [ -71.213364, -33.331084 ], [ -71.213352, -33.331355 ], [ -71.213132, -33.331697 ], [ -71.212662, -33.332129 ], [ -71.212031, -33.332492 ], [ -71.211214, -33.333327 ], [ -71.21092, -33.334423 ], [ -71.210948, -33.335663 ], [ -71.211046, -33.336252 ], [ -71.212013, -33.339521 ], [ -71.212538, -33.340675 ], [ -71.214001, -33.342926 ], [ -71.214035, -33.343101 ], [ -71.214267, -33.343421 ], [ -71.214899, -33.343987 ], [ -71.215086, -33.344408 ], [ -71.214856, -33.345954 ], [ -71.215002, -33.347299 ], [ -71.215264, -33.347894 ], [ -71.21581, -33.348565 ], [ -71.215981, -33.350294 ], [ -71.215981, -33.351258 ], [ -71.215723, -33.352458 ], [ -71.215274, -33.35334 ], [ -71.214408, -33.354384 ], [ -71.214227, -33.354757 ], [ -71.214167, -33.355204 ], [ -71.214316, -33.355549 ], [ -71.215325, -33.355959 ], [ -71.21564, -33.356283 ], [ -71.21618, -33.357089 ], [ -71.21705, -33.357876 ], [ -71.218482, -33.35895 ], [ -71.219949, -33.361133 ], [ -71.220004, -33.361759 ], [ -71.219881, -33.363646 ], [ -71.220119, -33.364796 ], [ -71.220608, -33.365842 ], [ -71.222433, -33.368276 ], [ -71.223071, -33.36968 ], [ -71.223358, -33.370617 ], [ -71.2233, -33.371028 ], [ -71.222848, -33.371979 ], [ -71.222774, -33.372737 ], [ -71.222961, -33.373153 ], [ -71.22448, -33.374132 ], [ -71.226787, -33.374929 ], [ -71.228715, -33.375016 ], [ -71.229917, -33.374778 ], [ -71.230611, -33.374869 ], [ -71.231013, -33.375087 ], [ -71.232109, -33.375397 ], [ -71.234327, -33.374469 ], [ -71.235242, -33.374186 ], [ -71.235987, -33.374069 ], [ -71.236948, -33.374651 ], [ -71.237695, -33.375431 ], [ -71.238221, -33.376581 ], [ -71.238919, -33.377537 ], [ -71.23943, -33.378069 ], [ -71.240243, -33.379231 ], [ -71.242431, -33.381175 ], [ -71.242732, -33.381251 ], [ -71.243252, -33.381584 ], [ -71.243615, -33.381979 ], [ -71.244152, -33.383656 ], [ -71.244839, -33.383612 ], [ -71.245459, -33.383375 ], [ -71.24638, -33.383214 ], [ -71.247523, -33.383184 ], [ -71.248735, -33.383347 ], [ -71.250331, -33.383395 ], [ -71.251019, -33.383355 ], [ -71.252173, -33.383068 ], [ -71.255292, -33.383165 ], [ -71.256345, -33.383452 ], [ -71.257166, -33.383861 ], [ -71.257902, -33.384457 ], [ -71.258795, -33.384927 ], [ -71.260686, -33.38524 ], [ -71.266014, -33.387063 ], [ -71.266905, -33.387602 ], [ -71.26756, -33.388325 ], [ -71.267731, -33.389669 ], [ -71.267714, -33.391843 ], [ -71.268237, -33.39384 ], [ -71.268974, -33.394435 ], [ -71.270604, -33.39551 ], [ -71.272144, -33.396897 ], [ -71.273261, -33.397503 ], [ -71.274594, -33.398376 ], [ -71.274868, -33.39875 ], [ -71.276107, -33.399602 ], [ -71.276764, -33.400324 ], [ -71.277143, -33.401109 ], [ -71.277262, -33.402323 ], [ -71.27716, -33.40286 ], [ -71.276384, -33.404153 ], [ -71.276415, -33.404333 ], [ -71.277042, -33.404538 ], [ -71.27837, -33.405647 ], [ -71.279064, -33.406375 ], [ -71.279548, -33.407019 ], [ -71.28034, -33.409488 ], [ -71.28098, -33.41013 ], [ -71.281666, -33.410509 ], [ -71.283282, -33.410741 ], [ -71.283957, -33.410729 ], [ -71.285041, -33.410447 ], [ -71.286081, -33.410515 ], [ -71.286772, -33.411112 ], [ -71.287247, -33.411365 ], [ -71.28782, -33.411442 ], [ -71.28917, -33.411417 ], [ -71.289798, -33.411579 ], [ -71.291111, -33.412122 ], [ -71.291841, -33.412239 ], [ -71.293399, -33.41221 ], [ -71.294276, -33.411976 ], [ -71.294994, -33.411614 ], [ -71.295408, -33.411563 ], [ -71.295879, -33.411685 ], [ -71.297054, -33.412927 ], [ -71.297791, -33.413261 ], [ -71.298414, -33.41325 ], [ -71.299652, -33.412922 ], [ -71.300106, -33.412434 ], [ -71.300248, -33.411909 ], [ -71.300497, -33.411469 ], [ -71.300906, -33.411243 ], [ -71.303023, -33.410725 ], [ -71.305747, -33.409628 ], [ -71.306469, -33.409441 ], [ -71.307093, -33.409473 ], [ -71.307825, -33.409633 ], [ -71.309296, -33.410259 ], [ -71.312323, -33.410769 ], [ -71.315754, -33.41088 ], [ -71.317308, -33.41072 ], [ -71.317926, -33.41049 ], [ -71.318496, -33.410436 ], [ -71.319278, -33.410552 ], [ -71.320224, -33.41097 ], [ -71.321577, -33.411032 ], [ -71.322039, -33.410849 ], [ -71.323006, -33.41009 ], [ -71.323626, -33.409948 ], [ -71.32482, -33.409926 ], [ -71.325284, -33.409786 ], [ -71.325535, -33.409477 ], [ -71.325411, -33.408695 ], [ -71.325439, -33.407823 ], [ -71.325638, -33.407471 ], [ -71.32638, -33.406996 ], [ -71.327112, -33.407185 ], [ -71.33112, -33.407615 ], [ -71.331889, -33.407934 ], [ -71.332354, -33.408475 ], [ -71.33315, -33.411769 ], [ -71.333767, -33.412538 ], [ -71.334355, -33.413031 ], [ -71.335181, -33.41339 ], [ -71.33682, -33.413256 ], [ -71.338227, -33.41336 ], [ -71.339684, -33.414022 ], [ -71.342757, -33.415109 ], [ -71.343327, -33.415684 ], [ -71.343423, -33.416936 ], [ -71.343321, -33.417619 ], [ -71.343066, -33.418358 ], [ -71.343247, -33.418765 ], [ -71.343322, -33.419467 ], [ -71.343812, -33.420179 ], [ -71.344046, -33.422019 ], [ -71.343899, -33.423063 ], [ -71.343543, -33.424102 ], [ -71.343088, -33.425048 ], [ -71.341506, -33.427454 ], [ -71.341662, -33.427641 ], [ -71.342439, -33.428081 ], [ -71.343427, -33.429334 ], [ -71.343606, -33.430038 ], [ -71.343663, -33.431174 ], [ -71.343213, -33.431944 ], [ -71.34295, -33.433247 ], [ -71.341367, -33.436257 ], [ -71.340821, -33.436849 ], [ -71.340677, -33.437803 ], [ -71.340752, -33.438505 ], [ -71.340511, -33.439285 ], [ -71.339862, -33.439874 ], [ -71.338484, -33.440446 ], [ -71.337523, -33.441027 ], [ -71.337289, -33.441632 ], [ -71.337364, -33.442333 ], [ -71.338063, -33.443524 ], [ -71.338016, -33.445995 ], [ -71.337512, -33.447173 ], [ -71.337591, -33.447983 ], [ -71.33796, -33.448661 ], [ -71.338619, -33.449208 ], [ -71.338881, -33.449739 ], [ -71.338679, -33.450491 ], [ -71.338635, -33.451543 ], [ -71.338316, -33.452387 ], [ -71.338454, -33.453543 ], [ -71.338306, -33.454583 ], [ -71.33776, -33.455179 ], [ -71.336597, -33.45558 ], [ -71.336206, -33.455889 ], [ -71.338177, -33.455785 ], [ -71.338801, -33.455652 ], [ -71.339467, -33.455316 ], [ -71.341218, -33.45407 ], [ -71.341694, -33.453819 ], [ -71.343468, -33.453421 ], [ -71.345044, -33.452866 ], [ -71.345711, -33.45253 ], [ -71.346183, -33.452157 ], [ -71.346946, -33.451819 ], [ -71.347378, -33.45177 ], [ -71.348086, -33.45206 ], [ -71.34848, -33.452376 ], [ -71.349112, -33.452566 ], [ -71.349644, -33.452597 ], [ -71.350221, -33.452545 ], [ -71.351657, -33.452154 ], [ -71.352277, -33.451859 ], [ -71.352853, -33.451767 ], [ -71.353625, -33.451793 ], [ -71.354988, -33.452253 ], [ -71.355713, -33.452279 ], [ -71.356288, -33.452147 ], [ -71.35681, -33.451854 ], [ -71.357387, -33.451762 ], [ -71.357872, -33.451874 ], [ -71.360573, -33.451863 ], [ -71.36164, -33.452085 ], [ -71.362761, -33.452509 ], [ -71.364742, -33.452633 ], [ -71.367932, -33.453765 ], [ -71.369211, -33.45467 ], [ -71.370297, -33.455579 ], [ -71.371273, -33.456005 ], [ -71.374079, -33.456316 ], [ -71.375443, -33.456815 ], [ -71.376269, -33.457001 ], [ -71.377041, -33.457027 ], [ -71.377616, -33.456895 ], [ -71.377995, -33.456645 ], [ -71.378523, -33.456554 ], [ -71.379013, -33.456827 ], [ -71.379756, -33.457541 ], [ -71.38039, -33.457771 ], [ -71.382127, -33.457819 ], [ -71.383678, -33.458072 ], [ -71.384156, -33.457901 ], [ -71.384949, -33.456916 ], [ -71.385373, -33.456543 ], [ -71.386253, -33.456102 ], [ -71.386922, -33.455887 ], [ -71.389379, -33.455759 ], [ -71.390194, -33.455581 ], [ -71.390473, -33.455212 ], [ -71.391046, -33.454999 ], [ -71.391726, -33.455147 ], [ -71.39207, -33.455383 ], [ -71.393223, -33.456978 ], [ -71.395243, -33.458516 ], [ -71.395936, -33.45915 ], [ -71.396914, -33.459656 ], [ -71.397788, -33.459842 ], [ -71.39862, -33.46027 ], [ -71.399413, -33.461064 ], [ -71.400167, -33.462141 ], [ -71.401205, -33.463051 ], [ -71.401743, -33.463323 ], [ -71.402078, -33.463236 ], [ -71.402456, -33.462945 ], [ -71.402889, -33.462897 ], [ -71.403132, -33.462973 ], [ -71.403428, -33.46321 ], [ -71.404029, -33.464007 ], [ -71.405177, -33.46453 ], [ -71.40688, -33.465063 ], [ -71.407326, -33.465499 ], [ -71.407483, -33.465941 ], [ -71.407322, -33.467076 ], [ -71.407405, -33.468328 ], [ -71.407571, -33.469093 ], [ -71.408682, -33.470891 ], [ -71.409333, -33.471768 ], [ -71.409498, -33.472492 ], [ -71.410202, -33.47353 ], [ -71.410851, -33.474326 ], [ -71.411689, -33.474956 ], [ -71.412321, -33.475146 ], [ -71.412901, -33.475175 ], [ -71.414102, -33.47499 ], [ -71.415404, -33.474965 ], [ -71.41688, -33.475118 ], [ -71.418811, -33.475161 ], [ -71.421652, -33.474984 ], [ -71.423443, -33.475192 ], [ -71.427103, -33.476657 ], [ -71.427733, -33.476766 ], [ -71.428984, -33.47666 ], [ -71.429572, -33.476972 ], [ -71.430312, -33.477564 ], [ -71.431801, -33.479031 ], [ -71.432462, -33.479402 ], [ -71.432852, -33.479516 ], [ -71.433197, -33.479792 ], [ -71.433454, -33.480353 ], [ -71.433681, -33.481561 ], [ -71.434228, -33.482157 ], [ -71.434761, -33.482227 ], [ -71.435299, -33.4825 ], [ -71.435587, -33.484152 ], [ -71.435456, -33.48464 ], [ -71.435226, -33.485048 ], [ -71.434517, -33.485588 ], [ -71.434249, -33.486361 ], [ -71.434017, -33.486689 ], [ -71.434038, -33.487417 ], [ -71.434586, -33.488053 ], [ -71.435568, -33.48864 ], [ -71.436983, -33.489219 ], [ -71.437371, -33.489292 ], [ -71.437899, -33.48916 ], [ -71.438751, -33.488578 ], [ -71.43971, -33.488356 ], [ -71.440664, -33.487974 ], [ -71.441145, -33.487924 ], [ -71.443416, -33.488041 ], [ -71.445149, -33.487885 ], [ -71.445825, -33.487912 ], [ -71.44641, -33.488103 ], [ -71.447002, -33.488576 ], [ -71.447491, -33.488809 ], [ -71.448024, -33.48888 ], [ -71.448601, -33.488828 ], [ -71.448884, -33.48858 ], [ -71.449156, -33.487968 ], [ -71.449782, -33.487915 ], [ -71.450704, -33.488099 ], [ -71.451427, -33.488085 ], [ -71.451955, -33.487993 ], [ -71.452884, -33.48755 ], [ -71.453757, -33.487695 ], [ -71.454591, -33.488204 ], [ -71.456532, -33.48857 ], [ -71.457109, -33.488518 ], [ -71.457677, -33.488102 ], [ -71.458884, -33.486421 ], [ -71.459403, -33.486006 ], [ -71.459976, -33.485793 ], [ -71.461464, -33.48552 ], [ -71.462181, -33.485304 ], [ -71.462897, -33.485007 ], [ -71.463369, -33.484633 ], [ -71.4638, -33.484544 ], [ -71.464914, -33.484683 ], [ -71.466114, -33.484458 ], [ -71.466962, -33.483753 ], [ -71.467485, -33.48346 ], [ -71.47006, -33.482398 ], [ -71.470771, -33.481939 ], [ -71.471288, -33.481443 ], [ -71.471466, -33.480914 ], [ -71.471662, -33.479333 ], [ -71.471941, -33.478964 ], [ -71.47299, -33.478539 ], [ -71.474192, -33.478393 ], [ -71.474712, -33.478019 ], [ -71.475502, -33.476952 ], [ -71.477294, -33.475501 ], [ -71.479112, -33.473282 ], [ -71.479632, -33.472907 ], [ -71.480705, -33.472629 ], [ -71.480744, -33.472966 ], [ -71.481824, -33.476159 ], [ -71.482175, -33.476637 ], [ -71.482639, -33.477679 ], [ -71.48256, -33.478287 ], [ -71.482625, -33.478892 ], [ -71.482921, -33.479088 ], [ -71.483642, -33.478993 ], [ -71.484261, -33.478738 ], [ -71.484685, -33.478365 ], [ -71.484864, -33.477877 ], [ -71.484925, -33.476622 ], [ -71.484442, -33.474934 ], [ -71.484357, -33.473641 ], [ -71.484581, -33.473031 ], [ -71.485575, -33.472364 ], [ -71.486197, -33.47219 ], [ -71.486633, -33.472262 ], [ -71.487027, -33.472537 ], [ -71.489704, -33.47503 ], [ -71.490634, -33.475497 ], [ -71.4916, -33.475558 ], [ -71.492996, -33.475449 ], [ -71.494334, -33.474977 ], [ -71.49678, -33.473655 ], [ -71.49736, -33.473683 ], [ -71.497801, -33.473917 ], [ -71.498495, -33.47455 ], [ -71.498751, -33.47507 ], [ -71.498862, -33.475594 ], [ -71.499262, -33.476071 ], [ -71.499947, -33.476421 ], [ -71.500775, -33.476687 ], [ -71.50169, -33.476628 ], [ -71.502166, -33.476376 ], [ -71.502728, -33.475799 ], [ -71.503049, -33.475226 ], [ -71.503423, -33.474814 ], [ -71.504229, -33.474313 ], [ -71.505234, -33.47405 ], [ -71.506585, -33.474023 ], [ -71.507359, -33.474128 ], [ -71.50844, -33.474794 ], [ -71.509221, -33.475101 ], [ -71.510091, -33.475164 ], [ -71.511005, -33.475065 ], [ -71.511576, -33.474811 ], [ -71.511902, -33.4744 ], [ -71.512127, -33.473829 ], [ -71.512109, -33.473223 ], [ -71.511764, -33.47129 ], [ -71.511655, -33.469189 ], [ -71.511971, -33.468415 ], [ -71.512488, -33.46796 ], [ -71.513009, -33.467626 ], [ -71.513678, -33.46741 ], [ -71.516433, -33.467597 ], [ -71.517432, -33.46792 ], [ -71.518272, -33.468631 ], [ -71.51881, -33.468862 ], [ -71.51934, -33.468851 ], [ -71.519672, -33.468643 ], [ -71.519995, -33.468151 ], [ -71.520289, -33.466649 ], [ -71.520569, -33.46632 ], [ -71.521231, -33.465862 ], [ -71.52176, -33.46581 ], [ -71.522197, -33.465882 ], [ -71.522639, -33.466156 ], [ -71.523945, -33.466292 ], [ -71.525236, -33.465901 ], [ -71.526611, -33.465065 ], [ -71.52761, -33.4646 ], [ -71.529128, -33.46372 ], [ -71.529599, -33.463306 ], [ -71.529874, -33.462815 ], [ -71.529759, -33.46217 ], [ -71.52988, -33.461359 ], [ -71.530207, -33.460989 ], [ -71.530871, -33.460611 ], [ -71.532541, -33.459971 ], [ -71.533682, -33.459422 ], [ -71.534485, -33.458839 ], [ -71.534869, -33.45875 ], [ -71.535306, -33.458863 ], [ -71.535459, -33.459143 ], [ -71.535517, -33.459465 ], [ -71.535414, -33.460923 ], [ -71.53562, -33.461363 ], [ -71.53618, -33.461534 ], [ -71.537529, -33.461466 ], [ -71.538339, -33.461126 ], [ -71.538808, -33.460671 ], [ -71.539304, -33.459489 ], [ -71.539775, -33.459115 ], [ -71.540443, -33.458859 ], [ -71.541117, -33.458804 ], [ -71.541843, -33.458911 ], [ -71.542675, -33.459298 ], [ -71.5434, -33.459364 ], [ -71.544219, -33.459307 ], [ -71.545651, -33.458792 ], [ -71.546562, -33.458612 ], [ -71.548443, -33.458614 ], [ -71.549948, -33.458946 ], [ -71.55248, -33.459743 ], [ -71.55388, -33.459795 ], [ -71.554503, -33.459661 ], [ -71.555323, -33.459644 ], [ -71.557327, -33.459744 ], [ -71.558248, -33.459887 ], [ -71.560535, -33.460568 ], [ -71.561163, -33.460595 ], [ -71.562555, -33.460364 ], [ -71.564701, -33.459552 ], [ -71.565614, -33.459411 ], [ -71.568076, -33.459482 ], [ -71.569762, -33.459406 ], [ -71.570338, -33.459314 ], [ -71.57244, -33.458623 ], [ -71.573596, -33.458559 ], [ -71.574228, -33.458748 ], [ -71.575061, -33.459175 ], [ -71.575481, -33.45951 ], [ -71.577047, -33.460286 ], [ -71.579486, -33.461206 ], [ -71.581943, -33.462731 ], [ -71.582525, -33.46284 ], [ -71.58315, -33.462746 ], [ -71.583908, -33.462286 ], [ -71.584887, -33.461133 ], [ -71.585359, -33.4608 ], [ -71.585741, -33.460671 ], [ -71.587622, -33.460672 ], [ -71.588543, -33.460815 ], [ -71.591123, -33.46161 ], [ -71.591897, -33.461674 ], [ -71.5931, -33.461568 ], [ -71.593481, -33.461399 ], [ -71.593857, -33.461067 ], [ -71.593993, -33.460781 ], [ -71.593981, -33.460377 ], [ -71.593825, -33.460017 ], [ -71.593703, -33.45917 ], [ -71.593694, -33.458847 ], [ -71.593914, -33.458155 ], [ -71.594869, -33.457023 ], [ -71.5952, -33.456774 ], [ -71.596988, -33.456898 ], [ -71.597421, -33.456849 ], [ -71.598279, -33.456507 ], [ -71.600925, -33.454673 ], [ -71.601906, -33.453601 ], [ -71.602476, -33.453306 ], [ -71.60528, -33.45353 ], [ -71.60605, -33.453473 ], [ -71.60648, -33.453343 ], [ -71.607157, -33.451792 ], [ -71.608133, -33.450559 ], [ -71.608841, -33.450059 ], [ -71.610127, -33.449506 ], [ -71.61075, -33.449372 ], [ -71.612084, -33.448818 ], [ -71.61406, -33.447159 ], [ -71.6151, -33.446491 ], [ -71.616014, -33.44639 ], [ -71.616635, -33.446216 ], [ -71.616912, -33.445805 ], [ -71.616903, -33.445482 ], [ -71.616748, -33.445162 ], [ -71.615465, -33.444178 ], [ -71.614964, -33.443542 ], [ -71.614804, -33.44306 ], [ -71.614771, -33.441818 ], [ -71.615197, -33.441677 ], [ -71.615652, -33.441242 ], [ -71.614088, -33.440494 ], [ -71.613504, -33.43972 ], [ -71.613102, -33.439391 ], [ -71.612078, -33.438934 ], [ -71.610288, -33.437874 ], [ -71.609262, -33.437507 ], [ -71.606257, -33.436766 ], [ -71.605336, -33.436319 ], [ -71.604691, -33.435916 ], [ -71.603076, -33.434153 ], [ -71.602104, -33.433591 ], [ -71.601247, -33.433368 ], [ -71.599484, -33.433361 ], [ -71.598272, -33.43321 ], [ -71.597248, -33.432497 ], [ -71.596029, -33.432051 ], [ -71.594352, -33.432195 ], [ -71.593153, -33.432003 ], [ -71.591718, -33.432519 ], [ -71.590616, -33.43285 ], [ -71.590574, -33.432787 ], [ -71.590488, -33.427346 ], [ -71.589881, -33.409841 ], [ -71.589211, -33.400035 ], [ -71.588877, -33.399123 ], [ -71.588353, -33.399203 ], [ -71.588407, -33.399154 ], [ -71.588182, -33.398351 ], [ -71.587558, -33.396958 ], [ -71.587021, -33.396052 ], [ -71.586645, -33.395663 ], [ -71.58553, -33.394922 ], [ -71.584482, -33.393966 ], [ -71.583784, -33.392544 ], [ -71.583749, -33.391383 ], [ -71.583951, -33.390799 ], [ -71.584401, -33.389995 ], [ -71.584388, -33.389567 ], [ -71.583843, -33.388782 ], [ -71.58242, -33.388325 ], [ -71.581437, -33.387871 ], [ -71.580245, -33.387625 ], [ -71.579821, -33.387859 ], [ -71.579455, -33.388228 ], [ -71.579492, -33.389492 ], [ -71.579235, -33.389904 ], [ -71.57775, -33.390658 ], [ -71.575507, -33.391291 ], [ -71.574164, -33.39141 ], [ -71.573216, -33.392107 ], [ -71.571873, -33.392225 ], [ -71.570075, -33.393346 ], [ -71.569268, -33.393363 ], [ -71.568184, -33.393114 ], [ -71.567538, -33.393128 ], [ -71.566474, -33.393556 ], [ -71.565096, -33.394308 ], [ -71.564348, -33.394504 ], [ -71.563705, -33.394607 ], [ -71.56149, -33.394382 ], [ -71.558584, -33.394442 ], [ -71.554257, -33.395615 ], [ -71.552541, -33.395877 ], [ -71.550173, -33.395925 ], [ -71.549146, -33.395766 ], [ -71.547445, -33.395187 ], [ -71.547742, -33.394166 ], [ -71.54784, -33.393492 ], [ -71.54806, -33.390643 ], [ -71.549634, -33.383988 ], [ -71.550751, -33.379903 ], [ -71.550589, -33.378085 ], [ -71.550378, -33.372224 ], [ -71.539394, -33.358894 ], [ -71.535432, -33.349819 ], [ -71.534312, -33.348787 ], [ -71.532891, -33.34644 ], [ -71.532625, -33.345377 ], [ -71.532411, -33.343673 ], [ -71.531046, -33.340621 ], [ -71.530822, -33.337087 ], [ -71.530325, -33.33547 ], [ -71.529335, -33.333574 ], [ -71.52717, -33.331603 ], [ -71.52695, -33.3308 ], [ -71.526865, -33.330112 ], [ -71.527007, -33.327941 ], [ -71.527375, -33.327149 ], [ -71.528208, -33.325951 ], [ -71.528241, -33.325103 ], [ -71.527858, -33.323442 ], [ -71.527523, -33.322705 ], [ -71.527201, -33.322342 ], [ -71.525991, -33.321745 ], [ -71.523733, -33.320866 ], [ -71.525152, -33.31932 ], [ -71.525761, -33.317924 ], [ -71.525552, -33.317593 ], [ -71.52463, -33.316815 ], [ -71.523744, -33.315534 ], [ -71.523573, -33.314782 ], [ -71.523592, -33.311113 ], [ -71.52326, -33.309988 ], [ -71.522994, -33.309406 ], [ -71.523056, -33.308105 ], [ -71.522774, -33.306979 ], [ -71.522349, -33.306107 ], [ -71.522466, -33.304973 ], [ -71.522838, -33.304001 ], [ -71.523959, -33.302196 ], [ -71.524636, -33.301428 ], [ -71.525226, -33.301122 ], [ -71.525823, -33.301026 ], [ -71.528272, -33.301102 ], [ -71.530952, -33.300544 ], [ -71.531685, -33.299984 ], [ -71.531904, -33.298932 ], [ -71.532181, -33.298171 ], [ -71.53331, -33.295758 ], [ -71.533753, -33.29554 ], [ -71.534605, -33.295648 ], [ -71.535648, -33.295459 ], [ -71.536092, -33.295282 ], [ -71.536832, -33.294974 ], [ -71.537368, -33.294501 ], [ -71.537751, -33.293949 ], [ -71.538086, -33.293439 ], [ -71.538311, -33.292595 ], [ -71.538403, -33.291482 ], [ -71.538336, -33.290897 ], [ -71.538421, -33.29035 ], [ -71.539807, -33.288225 ], [ -71.539789, -33.287597 ], [ -71.538575, -33.285357 ], [ -71.538068, -33.283355 ], [ -71.536844, -33.281598 ], [ -71.535717, -33.280615 ], [ -71.534944, -33.27975 ], [ -71.533047, -33.276309 ], [ -71.532865, -33.27518 ], [ -71.532701, -33.274681 ], [ -71.529693, -33.27252 ], [ -71.529973, -33.271843 ], [ -71.53026, -33.270558 ], [ -71.529897, -33.270063 ], [ -71.529439, -33.269779 ], [ -71.528083, -33.269471 ], [ -71.527267, -33.268858 ], [ -71.527105, -33.268442 ], [ -71.527092, -33.267981 ], [ -71.52728, -33.2676 ], [ -71.527666, -33.267131 ], [ -71.528204, -33.266743 ], [ -71.52929, -33.266343 ], [ -71.530274, -33.26582 ], [ -71.530855, -33.265221 ], [ -71.53233, -33.262718 ], [ -71.533445, -33.261563 ], [ -71.536846, -33.25925 ], [ -71.538834, -33.258958 ], [ -71.539435, -33.25903 ], [ -71.540244, -33.25939 ], [ -71.541222, -33.260419 ], [ -71.541726, -33.260576 ], [ -71.543982, -33.260949 ], [ -71.546495, -33.261527 ], [ -71.548238, -33.261407 ], [ -71.549323, -33.260966 ], [ -71.550005, -33.260406 ], [ -71.550438, -33.259852 ], [ -71.551111, -33.257239 ], [ -71.551548, -33.256811 ], [ -71.552045, -33.256759 ], [ -71.552806, -33.257162 ], [ -71.553683, -33.258151 ], [ -71.554733, -33.259932 ], [ -71.55535, -33.260548 ], [ -71.555959, -33.260913 ], [ -71.556687, -33.261045 ], [ -71.557285, -33.261033 ], [ -71.557878, -33.260811 ], [ -71.558268, -33.260509 ], [ -71.558935, -33.259405 ], [ -71.55937, -33.258935 ], [ -71.560392, -33.258034 ], [ -71.561034, -33.257811 ], [ -71.561684, -33.257839 ], [ -71.562039, -33.258042 ], [ -71.562479, -33.259458 ], [ -71.562994, -33.259993 ], [ -71.563795, -33.26006 ], [ -71.566284, -33.259841 ], [ -71.566787, -33.259998 ], [ -71.567096, -33.260327 ], [ -71.56711, -33.260788 ], [ -71.567326, -33.26137 ], [ -71.568919, -33.262931 ], [ -71.569236, -33.263511 ], [ -71.569502, -33.264093 ], [ -71.569923, -33.266516 ], [ -71.570703, -33.26759 ], [ -71.571316, -33.26808 ], [ -71.572173, -33.268356 ], [ -71.57287, -33.2683 ], [ -71.573513, -33.268119 ], [ -71.5744, -33.267723 ], [ -71.575638, -33.267404 ], [ -71.576188, -33.267434 ], [ -71.576841, -33.267547 ], [ -71.577665, -33.26841 ], [ -71.578072, -33.268695 ], [ -71.57902, -33.268675 ], [ -71.579356, -33.268207 ], [ -71.579444, -33.267828 ], [ -71.579335, -33.267495 ], [ -71.579126, -33.267206 ], [ -71.578053, -33.266348 ], [ -71.577586, -33.265728 ], [ -71.577213, -33.264939 ], [ -71.577197, -33.264395 ], [ -71.576512, -33.263151 ], [ -71.576313, -33.262338 ], [ -71.577068, -33.260854 ], [ -71.579138, -33.259973 ], [ -71.579924, -33.259537 ], [ -71.581972, -33.257902 ], [ -71.582451, -33.257221 ], [ -71.583376, -33.256447 ], [ -71.584015, -33.256098 ], [ -71.585052, -33.255741 ], [ -71.586197, -33.255633 ], [ -71.58689, -33.255451 ], [ -71.586928, -33.255031 ], [ -71.586764, -33.254573 ], [ -71.586843, -33.253859 ], [ -71.587489, -33.253762 ], [ -71.58879, -33.25386 ], [ -71.590283, -33.253745 ], [ -71.591549, -33.25353 ], [ -71.592094, -33.253393 ], [ -71.594699, -33.252039 ], [ -71.595345, -33.251942 ], [ -71.595698, -33.25206 ], [ -71.59591, -33.252475 ], [ -71.596047, -33.25373 ], [ -71.596258, -33.254145 ], [ -71.59627, -33.254522 ], [ -71.595993, -33.255282 ], [ -71.596105, -33.255699 ], [ -71.596363, -33.255987 ], [ -71.597424, -33.256427 ], [ -71.597925, -33.2565 ], [ -71.598421, -33.256406 ], [ -71.599152, -33.255803 ], [ -71.599548, -33.255711 ], [ -71.600002, -33.25587 ], [ -71.600518, -33.256446 ], [ -71.601935, -33.257087 ], [ -71.602859, -33.257948 ], [ -71.603543, -33.25915 ], [ -71.605048, -33.261089 ], [ -71.605856, -33.261407 ], [ -71.606403, -33.261354 ], [ -71.606993, -33.261048 ], [ -71.60718, -33.260625 ], [ -71.606799, -33.259543 ], [ -71.607062, -33.258321 ], [ -71.607299, -33.257897 ], [ -71.607355, -33.256428 ], [ -71.607541, -33.255963 ], [ -71.608279, -33.255612 ], [ -71.608927, -33.255599 ], [ -71.609479, -33.255713 ], [ -71.609785, -33.255916 ], [ -71.609943, -33.256206 ], [ -71.610006, -33.256624 ], [ -71.610264, -33.256912 ], [ -71.610568, -33.257074 ], [ -71.61112, -33.257188 ], [ -71.611261, -33.256891 ], [ -71.611508, -33.256802 ], [ -71.612468, -33.257201 ], [ -71.615838, -33.258912 ], [ -71.616861, -33.259771 ], [ -71.617073, -33.260186 ], [ -71.617141, -33.260772 ], [ -71.616974, -33.261865 ], [ -71.617274, -33.263578 ], [ -71.618053, -33.264568 ], [ -71.618767, -33.265098 ], [ -71.618779, -33.265475 ], [ -71.618196, -33.266032 ], [ -71.61806, -33.266496 ], [ -71.618128, -33.267082 ], [ -71.618336, -33.267371 ], [ -71.61864, -33.267532 ], [ -71.619038, -33.267482 ], [ -71.619925, -33.267086 ], [ -71.620274, -33.267079 ], [ -71.621973, -33.267169 ], [ -71.623581, -33.267512 ], [ -71.62508, -33.267564 ], [ -71.626113, -33.267081 ], [ -71.626757, -33.2669 ], [ -71.628004, -33.266873 ], [ -71.629037, -33.267208 ], [ -71.629585, -33.267196 ], [ -71.630079, -33.267018 ], [ -71.63071, -33.266418 ], [ -71.631205, -33.266282 ], [ -71.631655, -33.266314 ], [ -71.63196, -33.266475 ], [ -71.632905, -33.266371 ], [ -71.633446, -33.266108 ], [ -71.633931, -33.265637 ], [ -71.634357, -33.264873 ], [ -71.634617, -33.263568 ], [ -71.634899, -33.262975 ], [ -71.635232, -33.262423 ], [ -71.635775, -33.262244 ], [ -71.636077, -33.262321 ], [ -71.636288, -33.262694 ], [ -71.63657, -33.263778 ], [ -71.636879, -33.264107 ], [ -71.637533, -33.264261 ], [ -71.639233, -33.264392 ], [ -71.639832, -33.26438 ], [ -71.640574, -33.264154 ], [ -71.641109, -33.263682 ], [ -71.64199, -33.263118 ], [ -71.642979, -33.262803 ], [ -71.645121, -33.262674 ], [ -71.645875, -33.262867 ], [ -71.646837, -33.263308 ], [ -71.6475, -33.263797 ], [ -71.647811, -33.264168 ], [ -71.6484, -33.265497 ], [ -71.648869, -33.266158 ], [ -71.650264, -33.267721 ], [ -71.651051, -33.269004 ], [ -71.652213, -33.271935 ], [ -71.652845, -33.273012 ], [ -71.652917, -33.273765 ], [ -71.653283, -33.274302 ], [ -71.654509, -33.27524 ], [ -71.655541, -33.27635 ], [ -71.65722, -33.277405 ], [ -71.657733, -33.277855 ], [ -71.658444, -33.278259 ], [ -71.659099, -33.278454 ], [ -71.661601, -33.278652 ], [ -71.663975, -33.279341 ], [ -71.66444, -33.278991 ], [ -71.665275, -33.278884 ], [ -71.665909, -33.279412 ], [ -71.666104, -33.279484 ], [ -71.667166, -33.279475 ], [ -71.667435, -33.2796 ], [ -71.667471, -33.279815 ], [ -71.667683, -33.279771 ], [ -71.667732, -33.279871 ], [ -71.668137, -33.279727 ], [ -71.66894, -33.279191 ], [ -71.669441, -33.279069 ], [ -71.669551, -33.278643 ], [ -71.66988, -33.278455 ], [ -71.670803, -33.278346 ], [ -71.671417, -33.278085 ], [ -71.671476, -33.27792 ], [ -71.671319, -33.277621 ], [ -71.671511, -33.277334 ], [ -71.671683, -33.277332 ], [ -71.671671, -33.277194 ], [ -71.671805, -33.277027 ], [ -71.672102, -33.276971 ], [ -71.672274, -33.27703 ], [ -71.672345, -33.276771 ], [ -71.672637, -33.276474 ], [ -71.673126, -33.276201 ], [ -71.673634, -33.276075 ], [ -71.673604, -33.275948 ], [ -71.673309, -33.275993 ], [ -71.67316, -33.275852 ], [ -71.673293, -33.275405 ], [ -71.673731, -33.275209 ], [ -71.673946, -33.275367 ], [ -71.674088, -33.275006 ], [ -71.674566, -33.274893 ], [ -71.674647, -33.274791 ], [ -71.674613, -33.274624 ], [ -71.674393, -33.274378 ], [ -71.674541, -33.274323 ], [ -71.674513, -33.274047 ], [ -71.674397, -33.274027 ], [ -71.674287, -33.274214 ], [ -71.674198, -33.274047 ], [ -71.673646, -33.273817 ], [ -71.67326, -33.273826 ], [ -71.673028, -33.27357 ], [ -71.673317, -33.27292 ], [ -71.673508, -33.272139 ], [ -71.67409, -33.271425 ], [ -71.674831, -33.270978 ], [ -71.67491, -33.270608 ], [ -71.675164, -33.270213 ], [ -71.675057, -33.270151 ], [ -71.675168, -33.270047 ], [ -71.675091, -33.269949 ], [ -71.675208, -33.269757 ], [ -71.675302, -33.2698 ], [ -71.675427, -33.269646 ], [ -71.675347, -33.269519 ], [ -71.675254, -33.269634 ], [ -71.67516, -33.269344 ], [ -71.674857, -33.269287 ], [ -71.674488, -33.26903 ], [ -71.67448, -33.268898 ], [ -71.674696, -33.268802 ], [ -71.674702, -33.268715 ], [ -71.674613, -33.268647 ], [ -71.67457, -33.268238 ], [ -71.674255, -33.268228 ], [ -71.67445, -33.268096 ], [ -71.674446, -33.26789 ], [ -71.674255, -33.268035 ], [ -71.674266, -33.267908 ], [ -71.674207, -33.267971 ], [ -71.67405, -33.267827 ], [ -71.674108, -33.267569 ], [ -71.674297, -33.267567 ], [ -71.674169, -33.267459 ], [ -71.674217, -33.267181 ], [ -71.674078, -33.266977 ], [ -71.674136, -33.266936 ], [ -71.673875, -33.266832 ], [ -71.673817, -33.266722 ], [ -71.673975, -33.266551 ], [ -71.673881, -33.26652 ], [ -71.673939, -33.266476 ], [ -71.673868, -33.266377 ], [ -71.674012, -33.266309 ], [ -71.673866, -33.266259 ], [ -71.673984, -33.266172 ], [ -71.674115, -33.266205 ], [ -71.673994, -33.266001 ], [ -71.67382, -33.266026 ], [ -71.673808, -33.26573 ], [ -71.674654, -33.265132 ], [ -71.674961, -33.265118 ], [ -71.675085, -33.265209 ], [ -71.675185, -33.265186 ], [ -71.675133, -33.265084 ], [ -71.675274, -33.265129 ], [ -71.675295, -33.265036 ], [ -71.675172, -33.264947 ], [ -71.675286, -33.264514 ], [ -71.675624, -33.264115 ], [ -71.675995, -33.263928 ], [ -71.67638, -33.264011 ], [ -71.676835, -33.263864 ], [ -71.676982, -33.263937 ], [ -71.676994, -33.263845 ], [ -71.677116, -33.263887 ], [ -71.677082, -33.263464 ], [ -71.677253, -33.26337 ], [ -71.677603, -33.263584 ], [ -71.677377, -33.263272 ], [ -71.677623, -33.263033 ], [ -71.677781, -33.263029 ], [ -71.677831, -33.262879 ], [ -71.678014, -33.262909 ], [ -71.677973, -33.263062 ], [ -71.678057, -33.263132 ], [ -71.678134, -33.262975 ], [ -71.6782, -33.263172 ], [ -71.678267, -33.263069 ], [ -71.678432, -33.263049 ], [ -71.678455, -33.262906 ], [ -71.678323, -33.262999 ], [ -71.678356, -33.262801 ], [ -71.678241, -33.262625 ], [ -71.678518, -33.262752 ], [ -71.67862, -33.262636 ], [ -71.678528, -33.262452 ], [ -71.678782, -33.26252 ], [ -71.678635, -33.26226 ], [ -71.67849, -33.262205 ], [ -71.678469, -33.261922 ], [ -71.678722, -33.261863 ], [ -71.678991, -33.261598 ], [ -71.679123, -33.26161 ], [ -71.679202, -33.261729 ], [ -71.679491, -33.261736 ], [ -71.679426, -33.261621 ], [ -71.679627, -33.26159 ], [ -71.679504, -33.261511 ], [ -71.679664, -33.261373 ], [ -71.679782, -33.261489 ], [ -71.679747, -33.261375 ], [ -71.67983, -33.2614 ], [ -71.679847, -33.261216 ], [ -71.67997, -33.261202 ], [ -71.680033, -33.261025 ], [ -71.679985, -33.260791 ], [ -71.68056, -33.261123 ], [ -71.680539, -33.261326 ], [ -71.680466, -33.261353 ], [ -71.680581, -33.261394 ], [ -71.680615, -33.261259 ], [ -71.680697, -33.261249 ], [ -71.680644, -33.261147 ], [ -71.680785, -33.260997 ], [ -71.680759, -33.260843 ], [ -71.680099, -33.26057 ], [ -71.679857, -33.260269 ], [ -71.679729, -33.259892 ], [ -71.679918, -33.259735 ], [ -71.68012, -33.259832 ], [ -71.680547, -33.259732 ], [ -71.680799, -33.259827 ], [ -71.680772, -33.259689 ], [ -71.680592, -33.259643 ], [ -71.681025, -33.259638 ], [ -71.680812, -33.259552 ], [ -71.680901, -33.259499 ], [ -71.680654, -33.259216 ], [ -71.680708, -33.259137 ], [ -71.681035, -33.259157 ], [ -71.680954, -33.259064 ], [ -71.680829, -33.259083 ], [ -71.680945, -33.258997 ], [ -71.680925, -33.258899 ], [ -71.68112, -33.258821 ], [ -71.680841, -33.258848 ], [ -71.680933, -33.258574 ], [ -71.681206, -33.258349 ], [ -71.681315, -33.258374 ], [ -71.681411, -33.258575 ], [ -71.681578, -33.258454 ], [ -71.681493, -33.258283 ], [ -71.68167, -33.25826 ], [ -71.681737, -33.258357 ], [ -71.681844, -33.258236 ], [ -71.681825, -33.258104 ], [ -71.682045, -33.258093 ], [ -71.681966, -33.25788 ], [ -71.681819, -33.257832 ], [ -71.681854, -33.257698 ], [ -71.681732, -33.257545 ], [ -71.681861, -33.257341 ], [ -71.681828, -33.257094 ], [ -71.681947, -33.256942 ], [ -71.682113, -33.256918 ], [ -71.682041, -33.256868 ], [ -71.682119, -33.256825 ], [ -71.68274, -33.256667 ], [ -71.682421, -33.25643 ], [ -71.682491, -33.256249 ], [ -71.682652, -33.25616 ], [ -71.682538, -33.256129 ], [ -71.682655, -33.256027 ], [ -71.682519, -33.255874 ], [ -71.682689, -33.255851 ], [ -71.682684, -33.255699 ], [ -71.682259, -33.255453 ], [ -71.682267, -33.255156 ], [ -71.682583, -33.254665 ], [ -71.682809, -33.254591 ], [ -71.682989, -33.254748 ], [ -71.68307, -33.254639 ], [ -71.683006, -33.254521 ], [ -71.683259, -33.254262 ], [ -71.683581, -33.254503 ], [ -71.683772, -33.254419 ], [ -71.683871, -33.254474 ], [ -71.683971, -33.254339 ], [ -71.683922, -33.254219 ], [ -71.684156, -33.253968 ], [ -71.684196, -33.254136 ], [ -71.684256, -33.254056 ], [ -71.684334, -33.254123 ], [ -71.684412, -33.25374 ], [ -71.684642, -33.253447 ], [ -71.684946, -33.253509 ], [ -71.68527, -33.253258 ], [ -71.685406, -33.253066 ], [ -71.685282, -33.253016 ], [ -71.685288, -33.252885 ], [ -71.685652, -33.252951 ], [ -71.685501, -33.252844 ], [ -71.685592, -33.252861 ], [ -71.68565, -33.25265 ], [ -71.686001, -33.252724 ], [ -71.686178, -33.252608 ], [ -71.686337, -33.252642 ], [ -71.686606, -33.25231 ], [ -71.686741, -33.252482 ], [ -71.686901, -33.252351 ], [ -71.687024, -33.252509 ], [ -71.687175, -33.252387 ], [ -71.687419, -33.252443 ], [ -71.687356, -33.252366 ], [ -71.687456, -33.252333 ], [ -71.687207, -33.252121 ], [ -71.68724, -33.25206 ], [ -71.687692, -33.252308 ], [ -71.687751, -33.252234 ], [ -71.687669, -33.252146 ], [ -71.687771, -33.252098 ], [ -71.687603, -33.251801 ], [ -71.687716, -33.251738 ], [ -71.687917, -33.251694 ], [ -71.688001, -33.251785 ], [ -71.688179, -33.251713 ], [ -71.688175, -33.251806 ], [ -71.688306, -33.251844 ], [ -71.688397, -33.251772 ], [ -71.688502, -33.251875 ], [ -71.688512, -33.251773 ], [ -71.688266, -33.251652 ], [ -71.688479, -33.251704 ], [ -71.688628, -33.251501 ], [ -71.688827, -33.25142 ], [ -71.689029, -33.251488 ], [ -71.689112, -33.251677 ], [ -71.689307, -33.251516 ], [ -71.689675, -33.251783 ], [ -71.689829, -33.251508 ], [ -71.689928, -33.251478 ], [ -71.690397, -33.251812 ], [ -71.690398, -33.252014 ], [ -71.690523, -33.251867 ], [ -71.690463, -33.251727 ], [ -71.690619, -33.252046 ], [ -71.690777, -33.252009 ], [ -71.690721, -33.251878 ], [ -71.690884, -33.251932 ], [ -71.690941, -33.251694 ], [ -71.690512, -33.251588 ], [ -71.690413, -33.251447 ], [ -71.690721, -33.251398 ], [ -71.690733, -33.251239 ], [ -71.690847, -33.251247 ], [ -71.690885, -33.251155 ], [ -71.690361, -33.250767 ], [ -71.691009, -33.25109 ], [ -71.691018, -33.250963 ], [ -71.69075, -33.250782 ], [ -71.690844, -33.250677 ], [ -71.691431, -33.250711 ], [ -71.692049, -33.250402 ], [ -71.692306, -33.250587 ], [ -71.692588, -33.250477 ], [ -71.692604, -33.250266 ], [ -71.692472, -33.250133 ], [ -71.692111, -33.250016 ], [ -71.692249, -33.249787 ], [ -71.692531, -33.249849 ], [ -71.693809, -33.249385 ], [ -71.694008, -33.249653 ], [ -71.694471, -33.249858 ], [ -71.694759, -33.249539 ], [ -71.694631, -33.249144 ], [ -71.695099, -33.249249 ], [ -71.69526, -33.249205 ], [ -71.695134, -33.249002 ], [ -71.694923, -33.248933 ], [ -71.694983, -33.248766 ], [ -71.694743, -33.248532 ], [ -71.693887, -33.248398 ], [ -71.694275, -33.247956 ], [ -71.694753, -33.247716 ], [ -71.694855, -33.24744 ], [ -71.695116, -33.247274 ], [ -71.695272, -33.247346 ], [ -71.695267, -33.247104 ], [ -71.695088, -33.247097 ], [ -71.69474, -33.246586 ], [ -71.695275, -33.246543 ], [ -71.695065, -33.246223 ], [ -71.694929, -33.246155 ], [ -71.694765, -33.245824 ], [ -71.694527, -33.245706 ], [ -71.694628, -33.245552 ], [ -71.694387, -33.245282 ], [ -71.693618, -33.24522 ], [ -71.692799, -33.24541 ], [ -71.692024, -33.245373 ], [ -71.691677, -33.245221 ], [ -71.691562, -33.24508 ], [ -71.691541, -33.244712 ], [ -71.691384, -33.244551 ], [ -71.691591, -33.24438 ], [ -71.691871, -33.244342 ], [ -71.691855, -33.244205 ], [ -71.691675, -33.244203 ], [ -71.691693, -33.244109 ], [ -71.691456, -33.244005 ], [ -71.691105, -33.243998 ], [ -71.690938, -33.244116 ], [ -71.691002, -33.244265 ], [ -71.690455, -33.244424 ], [ -71.690087, -33.244202 ], [ -71.689919, -33.243965 ], [ -71.689837, -33.243425 ], [ -71.69018, -33.243321 ], [ -71.690318, -33.243174 ], [ -71.690533, -33.243277 ], [ -71.690802, -33.243125 ], [ -71.690527, -33.242982 ], [ -71.690785, -33.242515 ], [ -71.69059, -33.242545 ], [ -71.69058, -33.242434 ], [ -71.690457, -33.242417 ], [ -71.690229, -33.242494 ], [ -71.689988, -33.242723 ], [ -71.689835, -33.242668 ], [ -71.689902, -33.242453 ], [ -71.689831, -33.242305 ], [ -71.690211, -33.242127 ], [ -71.690242, -33.242003 ], [ -71.690129, -33.241862 ], [ -71.689871, -33.241786 ], [ -71.689764, -33.242108 ], [ -71.689544, -33.242179 ], [ -71.689178, -33.241868 ], [ -71.689016, -33.241921 ], [ -71.688342, -33.241701 ], [ -71.687921, -33.241426 ], [ -71.687291, -33.241475 ], [ -71.686433, -33.241135 ], [ -71.686304, -33.24085 ], [ -71.686364, -33.240577 ], [ -71.685997, -33.240264 ], [ -71.685832, -33.239746 ], [ -71.685988, -33.239427 ], [ -71.686369, -33.239076 ], [ -71.686261, -33.238858 ], [ -71.68631, -33.23877 ], [ -71.686602, -33.238545 ], [ -71.686937, -33.238529 ], [ -71.687328, -33.238208 ], [ -71.687026, -33.23786 ], [ -71.686385, -33.237918 ], [ -71.686132, -33.237826 ], [ -71.686141, -33.237544 ], [ -71.686293, -33.237349 ], [ -71.685899, -33.236311 ], [ -71.68557, -33.236225 ], [ -71.685408, -33.23629 ], [ -71.685149, -33.236126 ], [ -71.684975, -33.235881 ], [ -71.685013, -33.235657 ], [ -71.684624, -33.235597 ], [ -71.68461, -33.235448 ], [ -71.685052, -33.235198 ], [ -71.68499, -33.235067 ], [ -71.684987, -33.235133 ], [ -71.68455, -33.235139 ], [ -71.68488, -33.234985 ], [ -71.684906, -33.234836 ], [ -71.684669, -33.234799 ], [ -71.684702, -33.234859 ], [ -71.68442, -33.235062 ], [ -71.684136, -33.235054 ], [ -71.684011, -33.235174 ], [ -71.684013, -33.235022 ], [ -71.683888, -33.235056 ], [ -71.683654, -33.234926 ], [ -71.683502, -33.235001 ], [ -71.683215, -33.234873 ], [ -71.683108, -33.234595 ], [ -71.682993, -33.234678 ], [ -71.682843, -33.234574 ], [ -71.682141, -33.234579 ], [ -71.68185, -33.2347 ], [ -71.681858, -33.234634 ], [ -71.681431, -33.234484 ], [ -71.680539, -33.234451 ], [ -71.679835, -33.233921 ], [ -71.679473, -33.232921 ], [ -71.679495, -33.232774 ], [ -71.67964, -33.232723 ], [ -71.679492, -33.232583 ], [ -71.679558, -33.23234 ], [ -71.679753, -33.232186 ], [ -71.679955, -33.23173 ], [ -71.68035, -33.231556 ], [ -71.680211, -33.23149 ], [ -71.680255, -33.231404 ], [ -71.680183, -33.231343 ], [ -71.68028, -33.23124 ], [ -71.680045, -33.231219 ], [ -71.679925, -33.231043 ], [ -71.68011, -33.230809 ], [ -71.680285, -33.23077 ], [ -71.680287, -33.230638 ], [ -71.680026, -33.230702 ], [ -71.679848, -33.230625 ], [ -71.679727, -33.230235 ], [ -71.679616, -33.23014 ], [ -71.679571, -33.229738 ], [ -71.679867, -33.229092 ], [ -71.680188, -33.228975 ], [ -71.680552, -33.22915 ], [ -71.680587, -33.228756 ], [ -71.680442, -33.228653 ], [ -71.680246, -33.228267 ], [ -71.680309, -33.227919 ], [ -71.680634, -33.227554 ], [ -71.680937, -33.22682 ], [ -71.681198, -33.226819 ], [ -71.681256, -33.226701 ], [ -71.681467, -33.226751 ], [ -71.681493, -33.226592 ], [ -71.681261, -33.226635 ], [ -71.681226, -33.226424 ], [ -71.681474, -33.225954 ], [ -71.681771, -33.225885 ], [ -71.681568, -33.225842 ], [ -71.681562, -33.225717 ], [ -71.681794, -33.225586 ], [ -71.68179, -33.225501 ], [ -71.681909, -33.225528 ], [ -71.682181, -33.22534 ], [ -71.681917, -33.225218 ], [ -71.681944, -33.224836 ], [ -71.68167, -33.224345 ], [ -71.681508, -33.223495 ], [ -71.681563, -33.223051 ], [ -71.681938, -33.223105 ], [ -71.682014, -33.223007 ], [ -71.681546, -33.222734 ], [ -71.681543, -33.222667 ], [ -71.681807, -33.222602 ], [ -71.681458, -33.222429 ], [ -71.681484, -33.221465 ], [ -71.682222, -33.220591 ], [ -71.683102, -33.22011 ], [ -71.68307, -33.219844 ], [ -71.682953, -33.219701 ], [ -71.683284, -33.219251 ], [ -71.683456, -33.219166 ], [ -71.683537, -33.218933 ], [ -71.683781, -33.218773 ], [ -71.684091, -33.218843 ], [ -71.684293, -33.218782 ], [ -71.684296, -33.21863 ], [ -71.684518, -33.21843 ], [ -71.684793, -33.218408 ], [ -71.685089, -33.218045 ], [ -71.685579, -33.217905 ], [ -71.685925, -33.217525 ], [ -71.685898, -33.217343 ], [ -71.686106, -33.216976 ], [ -71.68597, -33.216837 ], [ -71.686051, -33.216708 ], [ -71.685874, -33.21657 ], [ -71.685919, -33.216176 ], [ -71.685837, -33.216039 ], [ -71.686153, -33.215256 ], [ -71.686827, -33.214753 ], [ -71.687004, -33.214268 ], [ -71.687666, -33.213996 ], [ -71.688469, -33.214023 ], [ -71.689501, -33.214387 ], [ -71.689695, -33.214571 ], [ -71.689991, -33.21442 ], [ -71.690613, -33.214422 ], [ -71.691007, -33.214751 ], [ -71.691115, -33.214536 ], [ -71.691528, -33.214504 ], [ -71.691298, -33.214399 ], [ -71.69137, -33.214165 ], [ -71.691445, -33.214195 ], [ -71.691458, -33.214129 ], [ -71.691704, -33.214249 ], [ -71.69148, -33.214024 ], [ -71.691573, -33.213916 ], [ -71.692036, -33.214128 ], [ -71.69198, -33.213915 ], [ -71.691687, -33.213713 ], [ -71.691755, -33.213565 ], [ -71.69229, -33.213471 ], [ -71.692347, -33.213533 ], [ -71.692554, -33.213385 ], [ -71.693064, -33.213543 ], [ -71.693295, -33.213957 ], [ -71.693391, -33.213986 ], [ -71.693352, -33.214136 ], [ -71.693838, -33.213994 ], [ -71.693994, -33.213904 ], [ -71.693904, -33.213901 ], [ -71.693958, -33.213704 ], [ -71.693413, -33.213636 ], [ -71.693494, -33.213599 ], [ -71.69343, -33.213547 ], [ -71.693617, -33.213512 ], [ -71.693634, -33.213323 ], [ -71.693469, -33.213267 ], [ -71.693405, -33.21337 ], [ -71.693467, -33.213472 ], [ -71.693367, -33.213495 ], [ -71.693083, -33.213321 ], [ -71.693078, -33.213175 ], [ -71.69322, -33.21302 ], [ -71.693546, -33.212892 ], [ -71.694123, -33.212402 ], [ -71.694267, -33.212177 ], [ -71.694384, -33.212164 ], [ -71.694386, -33.211999 ], [ -71.694276, -33.212022 ], [ -71.694237, -33.211701 ], [ -71.694408, -33.211551 ], [ -71.694507, -33.211543 ], [ -71.694695, -33.211952 ], [ -71.694848, -33.211873 ], [ -71.694827, -33.21168 ], [ -71.69493, -33.211796 ], [ -71.695026, -33.211738 ], [ -71.695114, -33.211542 ], [ -71.69501, -33.211364 ], [ -71.694806, -33.211261 ], [ -71.694849, -33.211094 ], [ -71.695403, -33.2112 ], [ -71.69551, -33.211141 ], [ -71.695625, -33.211161 ], [ -71.695532, -33.211237 ], [ -71.695765, -33.211388 ], [ -71.696149, -33.211361 ], [ -71.696012, -33.211213 ], [ -71.695758, -33.21113 ], [ -71.69632, -33.211136 ], [ -71.696284, -33.211014 ], [ -71.696444, -33.210793 ], [ -71.6963, -33.2107 ], [ -71.696389, -33.21064 ], [ -71.696266, -33.21048 ], [ -71.696388, -33.210456 ], [ -71.696313, -33.209976 ], [ -71.696661, -33.20997 ], [ -71.696791, -33.210106 ], [ -71.696711, -33.210188 ], [ -71.69684, -33.210281 ], [ -71.696875, -33.210133 ], [ -71.696739, -33.209948 ], [ -71.696824, -33.209871 ], [ -71.697, -33.209931 ], [ -71.697051, -33.209803 ], [ -71.697268, -33.209892 ], [ -71.697313, -33.209761 ], [ -71.697558, -33.209781 ], [ -71.697701, -33.209732 ], [ -71.697677, -33.209652 ], [ -71.697823, -33.20968 ], [ -71.697889, -33.20959 ], [ -71.697633, -33.209399 ], [ -71.697863, -33.209207 ], [ -71.698257, -33.209351 ], [ -71.698158, -33.209121 ], [ -71.697963, -33.208971 ], [ -71.698206, -33.209109 ], [ -71.698159, -33.208898 ], [ -71.698235, -33.208837 ], [ -71.698342, -33.2089 ], [ -71.698339, -33.208736 ], [ -71.698451, -33.208724 ], [ -71.698466, -33.20859 ], [ -71.698656, -33.208733 ], [ -71.698686, -33.208676 ], [ -71.698383, -33.20829 ], [ -71.698565, -33.208329 ], [ -71.698522, -33.208223 ], [ -71.69826, -33.20798 ], [ -71.698443, -33.207798 ], [ -71.699051, -33.207589 ], [ -71.699392, -33.20762 ], [ -71.699782, -33.208114 ], [ -71.700167, -33.208306 ], [ -71.700107, -33.208713 ], [ -71.700172, -33.208753 ], [ -71.7001, -33.208816 ], [ -71.70038, -33.208988 ], [ -71.700734, -33.208675 ], [ -71.700763, -33.208747 ], [ -71.700629, -33.208826 ], [ -71.700671, -33.208996 ], [ -71.70095, -33.208687 ], [ -71.700815, -33.208613 ], [ -71.70086, -33.208529 ], [ -71.70075, -33.208337 ], [ -71.700493, -33.208327 ], [ -71.700456, -33.208247 ], [ -71.70064, -33.208202 ], [ -71.700853, -33.207858 ], [ -71.700546, -33.207911 ], [ -71.700331, -33.208086 ], [ -71.700227, -33.208044 ], [ -71.700223, -33.2079 ], [ -71.700748, -33.207445 ], [ -71.700704, -33.207322 ], [ -71.700814, -33.207189 ], [ -71.70059, -33.207047 ], [ -71.700271, -33.207271 ], [ -71.700375, -33.207019 ], [ -71.700279, -33.206928 ], [ -71.70017, -33.207001 ], [ -71.700223, -33.207046 ], [ -71.700115, -33.207032 ], [ -71.700059, -33.20683 ], [ -71.699564, -33.207022 ], [ -71.699404, -33.206942 ], [ -71.699128, -33.206553 ], [ -71.698918, -33.206405 ], [ -71.698847, -33.20595 ], [ -71.698658, -33.205529 ], [ -71.698826, -33.205087 ], [ -71.699411, -33.204605 ], [ -71.699697, -33.20456 ], [ -71.700092, -33.204338 ], [ -71.700724, -33.204231 ], [ -71.700975, -33.204058 ], [ -71.70135, -33.204048 ], [ -71.701448, -33.204122 ], [ -71.701483, -33.204346 ], [ -71.701617, -33.204297 ], [ -71.701574, -33.204404 ], [ -71.701872, -33.204567 ], [ -71.701914, -33.204452 ], [ -71.701964, -33.204649 ], [ -71.702143, -33.204496 ], [ -71.702578, -33.204611 ], [ -71.702787, -33.20473 ], [ -71.702994, -33.205007 ], [ -71.703392, -33.205045 ], [ -71.704252, -33.205527 ], [ -71.704469, -33.205501 ], [ -71.704502, -33.205317 ], [ -71.704138, -33.20533 ], [ -71.704063, -33.205187 ], [ -71.704041, -33.205117 ], [ -71.70424, -33.204979 ], [ -71.704166, -33.204728 ], [ -71.703942, -33.205017 ], [ -71.70373, -33.205005 ], [ -71.703469, -33.204668 ], [ -71.703116, -33.204577 ], [ -71.702983, -33.204277 ], [ -71.702696, -33.204188 ], [ -71.702679, -33.204034 ], [ -71.702118, -33.203562 ], [ -71.7022, -33.203524 ], [ -71.702141, -33.203388 ], [ -71.702, -33.203386 ], [ -71.702006, -33.203516 ], [ -71.701881, -33.203555 ], [ -71.701555, -33.20338 ], [ -71.701685, -33.203025 ], [ -71.701901, -33.203047 ], [ -71.701905, -33.202924 ], [ -71.701833, -33.202923 ], [ -71.701907, -33.202817 ], [ -71.70208, -33.202939 ], [ -71.70206, -33.202708 ], [ -71.701751, -33.202581 ], [ -71.701758, -33.202495 ], [ -71.701591, -33.202401 ], [ -71.70164, -33.202302 ], [ -71.701746, -33.202233 ], [ -71.702156, -33.202421 ], [ -71.70227, -33.202252 ], [ -71.702031, -33.201999 ], [ -71.702066, -33.201905 ], [ -71.702345, -33.202029 ], [ -71.702366, -33.201763 ], [ -71.702518, -33.201632 ], [ -71.703454, -33.201354 ], [ -71.7041, -33.201343 ], [ -71.704458, -33.201548 ], [ -71.705218, -33.201594 ], [ -71.705347, -33.201577 ], [ -71.705288, -33.201456 ], [ -71.705416, -33.201402 ], [ -71.705573, -33.201539 ], [ -71.705921, -33.201618 ], [ -71.706038, -33.201529 ], [ -71.705909, -33.201361 ], [ -71.7059, -33.201236 ], [ -71.70602, -33.201377 ], [ -71.705936, -33.201026 ], [ -71.7058, -33.200881 ], [ -71.706018, -33.200795 ], [ -71.706331, -33.200995 ], [ -71.706315, -33.201178 ], [ -71.706415, -33.201367 ], [ -71.706583, -33.201381 ], [ -71.706618, -33.201209 ], [ -71.706511, -33.20108 ], [ -71.706596, -33.20106 ], [ -71.706452, -33.200806 ], [ -71.706503, -33.200677 ], [ -71.706608, -33.200562 ], [ -71.706671, -33.200897 ], [ -71.706918, -33.200986 ], [ -71.707143, -33.200528 ], [ -71.707137, -33.200246 ], [ -71.707309, -33.200071 ], [ -71.707218, -33.199976 ], [ -71.707285, -33.1997 ], [ -71.707394, -33.199965 ], [ -71.707474, -33.19984 ], [ -71.707425, -33.199553 ], [ -71.707558, -33.199736 ], [ -71.707867, -33.199546 ], [ -71.707736, -33.199466 ], [ -71.707781, -33.199104 ], [ -71.707656, -33.198937 ], [ -71.7072, -33.198622 ], [ -71.706976, -33.198624 ], [ -71.706969, -33.198485 ], [ -71.706723, -33.198339 ], [ -71.706919, -33.19805 ], [ -71.707205, -33.198194 ], [ -71.707149, -33.198052 ], [ -71.706963, -33.198007 ], [ -71.707126, -33.197634 ], [ -71.706825, -33.197427 ], [ -71.707185, -33.1972 ], [ -71.707156, -33.197039 ], [ -71.70707, -33.197 ], [ -71.706984, -33.197114 ], [ -71.706892, -33.196977 ], [ -71.706683, -33.196965 ], [ -71.706832, -33.196885 ], [ -71.706788, -33.196679 ], [ -71.706627, -33.196662 ], [ -71.706556, -33.196743 ], [ -71.706492, -33.196571 ], [ -71.706217, -33.196426 ], [ -71.705499, -33.196471 ], [ -71.704858, -33.19633 ], [ -71.704684, -33.196052 ], [ -71.704779, -33.195674 ], [ -71.704649, -33.195581 ], [ -71.70479, -33.195558 ], [ -71.70446, -33.195279 ], [ -71.704233, -33.195282 ], [ -71.704206, -33.195167 ], [ -71.704308, -33.195073 ], [ -71.704217, -33.19499 ], [ -71.704292, -33.194928 ], [ -71.703932, -33.194891 ], [ -71.703485, -33.194548 ], [ -71.703169, -33.194603 ], [ -71.702987, -33.194286 ], [ -71.703313, -33.194107 ], [ -71.703388, -33.193975 ] ] ], [ [ [ -71.704281, -33.191252 ], [ -71.704252, -33.19141 ], [ -71.704525, -33.191461 ], [ -71.704803, -33.191711 ], [ -71.705141, -33.191675 ], [ -71.705192, -33.191119 ], [ -71.704952, -33.191024 ], [ -71.70486, -33.190784 ], [ -71.704607, -33.190832 ], [ -71.704281, -33.191252 ] ] ] ] } },
{ "type": "Feature", "properties": { "objectid": 196, "shape_leng": 49027.494262699998, "dis_elec": 7, "cir_sena": 6, "cod_comuna": 5103, "codregion": 5, "st_area_sh": 106228555.463, "st_length_": 62078.179286, "Region": "Región de Valparaíso", "Comuna": "Concón", "Provincia": "Valparaíso" }, "geometry": { "type": "Polygon", "coordinates": [ [ [ -71.507662, -32.91481 ], [ -71.507703, -32.916008 ], [ -71.506812, -32.917266 ], [ -71.506418, -32.919324 ], [ -71.506157, -32.920092 ], [ -71.505566, -32.921201 ], [ -71.50401, -32.922138 ], [ -71.503116, -32.922538 ], [ -71.502496, -32.922598 ], [ -71.500454, -32.922353 ], [ -71.498759, -32.922386 ], [ -71.49775, -32.922693 ], [ -71.496091, -32.923371 ], [ -71.49299, -32.923766 ], [ -71.492324, -32.924057 ], [ -71.491423, -32.924834 ], [ -71.490799, -32.924959 ], [ -71.490362, -32.924993 ], [ -71.49, -32.924864 ], [ -71.489535, -32.924495 ], [ -71.488825, -32.923548 ], [ -71.48776, -32.923016 ], [ -71.486931, -32.922779 ], [ -71.486103, -32.922365 ], [ -71.484979, -32.921537 ], [ -71.483795, -32.9213 ], [ -71.481843, -32.921182 ], [ -71.47938, -32.920285 ], [ -71.479047, -32.920237 ], [ -71.478798, -32.920362 ], [ -71.478334, -32.920398 ], [ -71.477862, -32.920341 ], [ -71.476487, -32.919718 ], [ -71.475346, -32.919419 ], [ -71.474915, -32.919399 ], [ -71.473743, -32.919039 ], [ -71.472828, -32.919176 ], [ -71.471759, -32.920126 ], [ -71.470944, -32.920452 ], [ -71.470102, -32.920533 ], [ -71.469826, -32.9205 ], [ -71.468072, -32.919627 ], [ -71.467379, -32.919523 ], [ -71.466706, -32.919582 ], [ -71.464918, -32.920618 ], [ -71.464532, -32.921376 ], [ -71.463989, -32.922055 ], [ -71.463476, -32.922379 ], [ -71.462657, -32.922629 ], [ -71.462137, -32.922663 ], [ -71.461652, -32.922544 ], [ -71.460647, -32.922191 ], [ -71.459723, -32.921729 ], [ -71.45956, -32.921376 ], [ -71.459153, -32.920914 ], [ -71.458745, -32.920533 ], [ -71.45831, -32.920398 ], [ -71.45755, -32.920425 ], [ -71.456218, -32.920778 ], [ -71.455267, -32.921294 ], [ -71.454927, -32.921762 ], [ -71.454887, -32.922625 ], [ -71.454479, -32.924609 ], [ -71.454126, -32.925804 ], [ -71.453583, -32.927217 ], [ -71.453129, -32.927546 ], [ -71.452822, -32.927598 ], [ -71.452359, -32.927396 ], [ -71.451844, -32.926456 ], [ -71.451572, -32.926185 ], [ -71.450485, -32.926103 ], [ -71.449453, -32.926429 ], [ -71.448828, -32.926429 ], [ -71.445894, -32.926049 ], [ -71.44535, -32.925777 ], [ -71.444567, -32.924887 ], [ -71.444451, -32.924591 ], [ -71.444473, -32.924152 ], [ -71.444345, -32.923549 ], [ -71.443965, -32.923196 ], [ -71.442876, -32.922677 ], [ -71.442367, -32.923886 ], [ -71.442454, -32.923923 ], [ -71.44028, -32.92843 ], [ -71.43935, -32.93136 ], [ -71.43901, -32.93172 ], [ -71.43833, -32.93216 ], [ -71.439731, -32.932786 ], [ -71.438239, -32.93393 ], [ -71.437675, -32.933989 ], [ -71.436874, -32.933623 ], [ -71.436078, -32.933495 ], [ -71.434237, -32.932339 ], [ -71.432229, -32.931282 ], [ -71.431321, -32.931156 ], [ -71.428064, -32.931983 ], [ -71.426498, -32.932633 ], [ -71.425949, -32.933216 ], [ -71.42585, -32.933742 ], [ -71.426265, -32.934449 ], [ -71.427932, -32.935418 ], [ -71.428343, -32.935983 ], [ -71.428644, -32.936644 ], [ -71.428657, -32.937121 ], [ -71.428231, -32.938083 ], [ -71.427355, -32.939149 ], [ -71.42619, -32.939982 ], [ -71.424233, -32.940783 ], [ -71.421767, -32.941594 ], [ -71.418846, -32.942318 ], [ -71.418103, -32.942047 ], [ -71.417412, -32.941583 ], [ -71.416885, -32.940926 ], [ -71.416867, -32.940259 ], [ -71.417123, -32.9393 ], [ -71.417662, -32.936238 ], [ -71.417537, -32.935811 ], [ -71.417242, -32.93534 ], [ -71.415662, -32.93444 ], [ -71.41423, -32.933753 ], [ -71.413261, -32.933485 ], [ -71.412471, -32.933548 ], [ -71.411577, -32.933947 ], [ -71.410397, -32.934208 ], [ -71.409561, -32.934654 ], [ -71.408386, -32.935105 ], [ -71.407942, -32.935448 ], [ -71.407616, -32.935931 ], [ -71.407372, -32.937366 ], [ -71.407468, -32.938795 ], [ -71.406376, -32.940247 ], [ -71.405609, -32.941167 ], [ -71.405056, -32.941607 ], [ -71.403589, -32.941731 ], [ -71.402927, -32.942363 ], [ -71.402772, -32.942891 ], [ -71.402789, -32.943511 ], [ -71.403211, -32.944504 ], [ -71.403351, -32.945503 ], [ -71.403201, -32.946221 ], [ -71.402366, -32.947739 ], [ -71.402101, -32.948412 ], [ -71.400118, -32.950357 ], [ -71.399121, -32.951139 ], [ -71.398961, -32.951524 ], [ -71.398937, -32.952716 ], [ -71.39942, -32.954877 ], [ -71.399657, -32.955301 ], [ -71.399555, -32.955685 ], [ -71.398447, -32.956565 ], [ -71.397621, -32.957391 ], [ -71.397488, -32.958729 ], [ -71.396696, -32.960842 ], [ -71.396254, -32.961232 ], [ -71.395861, -32.961335 ], [ -71.39518, -32.961253 ], [ -71.394721, -32.961023 ], [ -71.39427, -32.961079 ], [ -71.393993, -32.961276 ], [ -71.39363, -32.962522 ], [ -71.393303, -32.962958 ], [ -71.392585, -32.963591 ], [ -71.391472, -32.96428 ], [ -71.38993, -32.964811 ], [ -71.389431, -32.965154 ], [ -71.389157, -32.965493 ], [ -71.389077, -32.966734 ], [ -71.388769, -32.967885 ], [ -71.388449, -32.968606 ], [ -71.388067, -32.969138 ], [ -71.387135, -32.969908 ], [ -71.387237, -32.970205 ], [ -71.38788, -32.970957 ], [ -71.388571, -32.971373 ], [ -71.39008, -32.971702 ], [ -71.390653, -32.971977 ], [ -71.391364, -32.973156 ], [ -71.391944, -32.97367 ], [ -71.392865, -32.974225 ], [ -71.394348, -32.974626 ], [ -71.395083, -32.974612 ], [ -71.39649, -32.974299 ], [ -71.397002, -32.974384 ], [ -71.39729, -32.97457 ], [ -71.397583, -32.974946 ], [ -71.398155, -32.975173 ], [ -71.400349, -32.974654 ], [ -71.400858, -32.974644 ], [ -71.401485, -32.974775 ], [ -71.402898, -32.9747 ], [ -71.405012, -32.975423 ], [ -71.406045, -32.975928 ], [ -71.406616, -32.976108 ], [ -71.407294, -32.976047 ], [ -71.407571, -32.975851 ], [ -71.408245, -32.975647 ], [ -71.408584, -32.97564 ], [ -71.408986, -32.975824 ], [ -71.409666, -32.975858 ], [ -71.411696, -32.97558 ], [ -71.413171, -32.975695 ], [ -71.415579, -32.976794 ], [ -71.416617, -32.977489 ], [ -71.417412, -32.977569 ], [ -71.419151, -32.977011 ], [ -71.422361, -32.976376 ], [ -71.423146, -32.976122 ], [ -71.423657, -32.97616 ], [ -71.424058, -32.976343 ], [ -71.424698, -32.976951 ], [ -71.425198, -32.978707 ], [ -71.425669, -32.979365 ], [ -71.426305, -32.97983 ], [ -71.426889, -32.980487 ], [ -71.428027, -32.982755 ], [ -71.428328, -32.983417 ], [ -71.428413, -32.984465 ], [ -71.428366, -32.9848 ], [ -71.428549, -32.985274 ], [ -71.429599, -32.986399 ], [ -71.430012, -32.987011 ], [ -71.430188, -32.989298 ], [ -71.43103, -32.991095 ], [ -71.431606, -32.991465 ], [ -71.432366, -32.992357 ], [ -71.432828, -32.992682 ], [ -71.433975, -32.993184 ], [ -71.434267, -32.993513 ], [ -71.43445, -32.993986 ], [ -71.434209, -32.995518 ], [ -71.434002, -32.996238 ], [ -71.434115, -32.998287 ], [ -71.433725, -33.000585 ], [ -71.433718, -33.000786 ], [ -71.433869, -33.001008 ], [ -71.435291, -33.001808 ], [ -71.435727, -33.001908 ], [ -71.437702, -33.001942 ], [ -71.438406, -33.002143 ], [ -71.439544, -33.002109 ], [ -71.44008, -33.001975 ], [ -71.441755, -33.001875 ], [ -71.44276, -33.002 ], [ -71.443014, -33.001318 ], [ -71.443361, -33.000741 ], [ -71.444112, -32.999758 ], [ -71.445966, -32.998727 ], [ -71.446193, -32.998339 ], [ -71.446609, -32.997932 ], [ -71.446903, -32.997289 ], [ -71.447083, -32.996399 ], [ -71.447953, -32.995206 ], [ -71.448157, -32.994731 ], [ -71.448793, -32.993806 ], [ -71.449945, -32.993058 ], [ -71.450696, -32.992365 ], [ -71.452953, -32.991495 ], [ -71.454803, -32.990513 ], [ -71.457056, -32.989126 ], [ -71.458039, -32.988374 ], [ -71.459599, -32.986756 ], [ -71.460754, -32.986063 ], [ -71.462141, -32.985543 ], [ -71.463323, -32.985483 ], [ -71.464392, -32.985312 ], [ -71.466426, -32.98483 ], [ -71.468451, -32.985269 ], [ -71.46905, -32.985227 ], [ -71.469391, -32.98497 ], [ -71.470118, -32.983987 ], [ -71.470631, -32.983688 ], [ -71.471242, -32.983543 ], [ -71.472811, -32.983528 ], [ -71.473794, -32.983223 ], [ -71.474024, -32.983238 ], [ -71.474469, -32.983443 ], [ -71.475444, -32.983359 ], [ -71.47579, -32.983193 ], [ -71.476094, -32.9827 ], [ -71.476094, -32.982385 ], [ -71.475518, -32.980955 ], [ -71.47546, -32.980611 ], [ -71.475555, -32.980324 ], [ -71.478414, -32.978635 ], [ -71.480131, -32.977103 ], [ -71.48277, -32.9759 ], [ -71.484432, -32.975262 ], [ -71.48856, -32.97325 ], [ -71.49165, -32.97221 ], [ -71.49261, -32.97126 ], [ -71.495695, -32.969068 ], [ -71.503939, -32.96446 ], [ -71.50877, -32.96115 ], [ -71.50937, -32.96042 ], [ -71.512297, -32.958774 ], [ -71.518151, -32.957129 ], [ -71.521412, -32.956106 ], [ -71.53887, -32.951206 ], [ -71.542548, -32.949133 ], [ -71.546091, -32.946124 ], [ -71.54728, -32.945247 ], [ -71.550489, -32.945696 ], [ -71.550548, -32.945398 ], [ -71.550752, -32.945306 ], [ -71.551571, -32.945209 ], [ -71.55165, -32.945076 ], [ -71.551619, -32.944798 ], [ -71.551079, -32.944728 ], [ -71.551131, -32.944528 ], [ -71.551491, -32.944407 ], [ -71.551525, -32.944282 ], [ -71.551426, -32.944131 ], [ -71.55122, -32.944082 ], [ -71.551353, -32.943955 ], [ -71.551679, -32.943966 ], [ -71.55163, -32.943804 ], [ -71.551857, -32.943698 ], [ -71.551852, -32.943849 ], [ -71.552032, -32.943883 ], [ -71.552206, -32.943733 ], [ -71.552073, -32.943516 ], [ -71.552314, -32.943375 ], [ -71.552223, -32.943063 ], [ -71.552389, -32.943077 ], [ -71.5524, -32.9432 ], [ -71.552594, -32.943076 ], [ -71.552441, -32.942948 ], [ -71.552681, -32.94271 ], [ -71.552896, -32.942712 ], [ -71.55294, -32.942815 ], [ -71.553144, -32.942717 ], [ -71.553013, -32.942543 ], [ -71.552779, -32.942592 ], [ -71.552999, -32.942491 ], [ -71.552896, -32.942372 ], [ -71.553008, -32.94236 ], [ -71.553202, -32.942109 ], [ -71.553062, -32.941745 ], [ -71.553341, -32.94162 ], [ -71.553896, -32.941688 ], [ -71.554131, -32.941618 ], [ -71.554249, -32.941809 ], [ -71.554041, -32.941955 ], [ -71.554326, -32.941937 ], [ -71.554514, -32.942154 ], [ -71.554626, -32.94209 ], [ -71.554559, -32.941925 ], [ -71.554778, -32.941779 ], [ -71.554692, -32.941707 ], [ -71.554816, -32.941523 ], [ -71.554505, -32.94142 ], [ -71.5544, -32.941522 ], [ -71.554314, -32.941491 ], [ -71.554573, -32.941256 ], [ -71.554343, -32.941299 ], [ -71.554193, -32.941207 ], [ -71.554694, -32.940894 ], [ -71.554463, -32.940967 ], [ -71.554111, -32.940932 ], [ -71.554389, -32.940749 ], [ -71.554339, -32.940588 ], [ -71.554174, -32.940735 ], [ -71.553863, -32.940751 ], [ -71.553688, -32.940959 ], [ -71.553659, -32.940736 ], [ -71.553269, -32.940973 ], [ -71.553082, -32.940943 ], [ -71.552865, -32.9407 ], [ -71.552855, -32.940538 ], [ -71.553153, -32.940252 ], [ -71.553197, -32.940088 ], [ -71.553113, -32.94006 ], [ -71.553532, -32.939875 ], [ -71.553664, -32.939729 ], [ -71.5536, -32.939663 ], [ -71.553176, -32.939887 ], [ -71.553112, -32.939826 ], [ -71.553048, -32.939579 ], [ -71.553367, -32.939437 ], [ -71.553397, -32.939326 ], [ -71.55324, -32.939356 ], [ -71.553162, -32.9392 ], [ -71.553405, -32.939014 ], [ -71.553089, -32.939035 ], [ -71.553357, -32.93891 ], [ -71.553343, -32.938796 ], [ -71.553113, -32.938881 ], [ -71.552814, -32.93872 ], [ -71.553129, -32.938461 ], [ -71.553344, -32.938462 ], [ -71.553565, -32.938276 ], [ -71.553422, -32.938232 ], [ -71.5531, -32.938419 ], [ -71.553135, -32.938261 ], [ -71.552737, -32.938207 ], [ -71.552408, -32.938371 ], [ -71.552378, -32.938309 ], [ -71.552727, -32.938059 ], [ -71.552889, -32.937774 ], [ -71.552388, -32.937885 ], [ -71.552385, -32.93778 ], [ -71.552616, -32.937746 ], [ -71.552686, -32.937621 ], [ -71.552284, -32.937596 ], [ -71.552195, -32.93744 ], [ -71.552248, -32.937339 ], [ -71.552123, -32.937322 ], [ -71.552113, -32.937221 ], [ -71.551923, -32.937245 ], [ -71.551738, -32.93712 ], [ -71.551611, -32.937204 ], [ -71.551484, -32.93714 ], [ -71.551515, -32.937019 ], [ -71.551361, -32.937114 ], [ -71.550946, -32.936914 ], [ -71.550918, -32.936757 ], [ -71.551018, -32.936549 ], [ -71.55082, -32.936124 ], [ -71.550849, -32.935961 ], [ -71.551064, -32.935721 ], [ -71.551027, -32.935643 ], [ -71.550874, -32.935626 ], [ -71.550785, -32.935785 ], [ -71.550701, -32.935689 ], [ -71.550587, -32.935789 ], [ -71.550118, -32.935793 ], [ -71.5497, -32.935476 ], [ -71.549858, -32.93513 ], [ -71.550533, -32.934717 ], [ -71.550236, -32.934526 ], [ -71.550233, -32.934438 ], [ -71.550325, -32.934377 ], [ -71.550526, -32.934461 ], [ -71.550447, -32.934571 ], [ -71.550683, -32.934645 ], [ -71.550865, -32.934484 ], [ -71.550873, -32.934376 ], [ -71.550427, -32.934267 ], [ -71.550667, -32.934094 ], [ -71.550511, -32.933969 ], [ -71.550685, -32.933926 ], [ -71.550706, -32.933818 ], [ -71.55042, -32.933733 ], [ -71.550521, -32.933513 ], [ -71.55068, -32.93345 ], [ -71.550677, -32.93335 ], [ -71.550753, -32.933412 ], [ -71.550854, -32.933261 ], [ -71.550789, -32.933177 ], [ -71.550873, -32.93295 ], [ -71.551178, -32.93265 ], [ -71.551017, -32.932678 ], [ -71.55082, -32.932464 ], [ -71.550971, -32.932383 ], [ -71.551018, -32.932138 ], [ -71.550921, -32.932061 ], [ -71.551063, -32.932004 ], [ -71.551134, -32.931803 ], [ -71.550821, -32.931661 ], [ -71.550664, -32.931813 ], [ -71.550525, -32.931723 ], [ -71.550575, -32.931511 ], [ -71.550707, -32.931418 ], [ -71.550511, -32.931278 ], [ -71.550519, -32.931053 ], [ -71.550674, -32.931039 ], [ -71.550936, -32.930786 ], [ -71.550888, -32.930574 ], [ -71.550971, -32.930378 ], [ -71.551154, -32.930442 ], [ -71.551189, -32.930303 ], [ -71.551659, -32.930173 ], [ -71.551614, -32.930081 ], [ -71.552001, -32.929707 ], [ -71.551857, -32.929364 ], [ -71.551669, -32.929241 ], [ -71.551792, -32.929033 ], [ -71.551747, -32.928847 ], [ -71.551484, -32.928823 ], [ -71.55144, -32.928539 ], [ -71.551107, -32.928513 ], [ -71.551098, -32.928387 ], [ -71.550872, -32.928283 ], [ -71.550921, -32.928226 ], [ -71.550138, -32.928191 ], [ -71.54981, -32.928088 ], [ -71.549726, -32.927901 ], [ -71.549336, -32.92778 ], [ -71.548936, -32.927834 ], [ -71.548893, -32.927758 ], [ -71.548774, -32.927793 ], [ -71.548804, -32.927717 ], [ -71.548664, -32.927863 ], [ -71.548267, -32.927909 ], [ -71.547533, -32.928299 ], [ -71.547256, -32.928291 ], [ -71.547128, -32.928123 ], [ -71.546977, -32.928171 ], [ -71.546526, -32.927981 ], [ -71.546172, -32.928205 ], [ -71.545849, -32.928214 ], [ -71.545643, -32.928143 ], [ -71.545503, -32.927932 ], [ -71.545456, -32.927511 ], [ -71.545121, -32.92726 ], [ -71.545194, -32.927134 ], [ -71.544888, -32.926983 ], [ -71.544377, -32.927276 ], [ -71.544246, -32.927221 ], [ -71.544105, -32.926972 ], [ -71.543248, -32.926974 ], [ -71.54304, -32.926895 ], [ -71.541939, -32.926991 ], [ -71.541511, -32.927093 ], [ -71.539573, -32.92793 ], [ -71.539577, -32.928038 ], [ -71.539683, -32.928076 ], [ -71.540095, -32.927782 ], [ -71.541526, -32.927221 ], [ -71.541866, -32.927243 ], [ -71.541968, -32.927547 ], [ -71.541925, -32.927676 ], [ -71.541054, -32.928245 ], [ -71.540173, -32.928469 ], [ -71.540216, -32.928579 ], [ -71.540433, -32.928592 ], [ -71.541429, -32.928296 ], [ -71.54154, -32.928775 ], [ -71.541366, -32.928947 ], [ -71.540511, -32.92928 ], [ -71.540396, -32.928832 ], [ -71.540328, -32.929008 ], [ -71.54012, -32.929091 ], [ -71.540222, -32.929364 ], [ -71.540129, -32.929396 ], [ -71.540009, -32.92929 ], [ -71.53999, -32.929428 ], [ -71.539432, -32.929508 ], [ -71.538971, -32.929715 ], [ -71.538203, -32.929405 ], [ -71.537888, -32.929431 ], [ -71.538693, -32.929912 ], [ -71.538504, -32.930128 ], [ -71.538435, -32.930441 ], [ -71.53832, -32.93022 ], [ -71.537354, -32.930773 ], [ -71.536531, -32.930848 ], [ -71.536188, -32.930661 ], [ -71.536067, -32.930871 ], [ -71.535771, -32.930912 ], [ -71.534931, -32.930701 ], [ -71.533733, -32.930667 ], [ -71.532378, -32.930016 ], [ -71.53138, -32.929312 ], [ -71.53041, -32.928231 ], [ -71.530499, -32.927996 ], [ -71.530276, -32.928071 ], [ -71.529921, -32.927959 ], [ -71.529498, -32.92769 ], [ -71.52931, -32.927431 ], [ -71.528724, -32.927348 ], [ -71.528298, -32.92716 ], [ -71.527882, -32.926862 ], [ -71.527866, -32.926698 ], [ -71.527451, -32.926315 ], [ -71.527499, -32.926247 ], [ -71.52721, -32.92619 ], [ -71.526839, -32.925949 ], [ -71.52674, -32.925604 ], [ -71.526902, -32.924831 ], [ -71.526986, -32.925042 ], [ -71.527041, -32.924883 ], [ -71.52701, -32.924709 ], [ -71.52685, -32.924664 ], [ -71.526849, -32.924373 ], [ -71.526725, -32.924238 ], [ -71.526465, -32.924226 ], [ -71.526572, -32.924326 ], [ -71.526486, -32.924385 ], [ -71.526256, -32.924299 ], [ -71.526167, -32.924404 ], [ -71.526, -32.924415 ], [ -71.5256, -32.924398 ], [ -71.525263, -32.924192 ], [ -71.524652, -32.923173 ], [ -71.524465, -32.923005 ], [ -71.524454, -32.922711 ], [ -71.524204, -32.922436 ], [ -71.524264, -32.922289 ], [ -71.524149, -32.922168 ], [ -71.524218, -32.921737 ], [ -71.524151, -32.920778 ], [ -71.523785, -32.91997 ], [ -71.523489, -32.919583 ], [ -71.523495, -32.919324 ], [ -71.523715, -32.918864 ], [ -71.523497, -32.918445 ], [ -71.52234, -32.918149 ], [ -71.521813, -32.91819 ], [ -71.521513, -32.918048 ], [ -71.521498, -32.917968 ], [ -71.521231, -32.918022 ], [ -71.521129, -32.918133 ], [ -71.520522, -32.918155 ], [ -71.519049, -32.917961 ], [ -71.518453, -32.918216 ], [ -71.518238, -32.918575 ], [ -71.51758, -32.919205 ], [ -71.516326, -32.919486 ], [ -71.51569, -32.919799 ], [ -71.515087, -32.920227 ], [ -71.514375, -32.920291 ], [ -71.512849, -32.919547 ], [ -71.510609, -32.91802 ], [ -71.510052, -32.917281 ], [ -71.50984, -32.917176 ], [ -71.50788, -32.913919 ], [ -71.507662, -32.91481 ] ] ] } },
{ "type": "Feature", "properties": { "objectid": 179, "shape_leng": 121171.627118, "dis_elec": 6, "cir_sena": 6, "cod_comuna": 5802, "codregion": 5, "st_area_sh": 419959800.37300003, "st_length_": 141344.71558, "Region": "Región de Valparaíso", "Comuna": "Limache", "Provincia": "Marga Marga" }, "geometry": { "type": "Polygon", "coordinates": [ [ [ -71.439063, -32.922512 ], [ -71.437028, -32.922439 ], [ -71.435552, -32.922685 ], [ -71.434002, -32.922635 ], [ -71.433387, -32.92234 ], [ -71.432871, -32.92175 ], [ -71.432256, -32.921282 ], [ -71.43046, -32.921405 ], [ -71.429009, -32.920766 ], [ -71.426893, -32.920249 ], [ -71.42618, -32.920348 ], [ -71.424777, -32.920815 ], [ -71.424261, -32.920889 ], [ -71.42372, -32.92084 ], [ -71.42185, -32.920151 ], [ -71.421087, -32.920126 ], [ -71.418209, -32.920643 ], [ -71.417275, -32.920569 ], [ -71.41666, -32.920618 ], [ -71.415774, -32.920077 ], [ -71.414987, -32.919093 ], [ -71.414421, -32.918798 ], [ -71.412158, -32.918109 ], [ -71.408667, -32.918084 ], [ -71.405317, -32.91888 ], [ -71.402401, -32.919794 ], [ -71.399702, -32.920323 ], [ -71.398179, -32.920448 ], [ -71.397606, -32.920173 ], [ -71.397255, -32.91975 ], [ -71.397074, -32.919324 ], [ -71.39667, -32.918998 ], [ -71.395252, -32.918835 ], [ -71.394691, -32.918989 ], [ -71.394191, -32.919332 ], [ -71.392636, -32.921436 ], [ -71.391862, -32.922071 ], [ -71.390581, -32.922811 ], [ -71.390076, -32.922963 ], [ -71.389343, -32.923025 ], [ -71.388264, -32.922855 ], [ -71.386537, -32.921696 ], [ -71.385439, -32.920811 ], [ -71.384807, -32.920441 ], [ -71.384066, -32.920217 ], [ -71.383443, -32.920181 ], [ -71.38288, -32.920287 ], [ -71.382492, -32.920581 ], [ -71.382057, -32.921209 ], [ -71.380943, -32.92185 ], [ -71.3797, -32.921874 ], [ -71.379068, -32.921505 ], [ -71.377765, -32.919288 ], [ -71.37655, -32.918262 ], [ -71.375866, -32.918037 ], [ -71.375072, -32.917956 ], [ -71.373916, -32.91805 ], [ -71.37257, -32.918457 ], [ -71.371957, -32.918802 ], [ -71.370327, -32.919167 ], [ -71.368975, -32.919336 ], [ -71.367405, -32.919842 ], [ -71.365569, -32.920974 ], [ -71.364343, -32.921617 ], [ -71.363447, -32.921968 ], [ -71.36201, -32.923187 ], [ -71.360148, -32.925464 ], [ -71.357717, -32.927608 ], [ -71.357157, -32.927809 ], [ -71.356591, -32.92782 ], [ -71.355131, -32.927108 ], [ -71.35405, -32.92689 ], [ -71.352865, -32.92696 ], [ -71.352138, -32.92726 ], [ -71.350527, -32.928339 ], [ -71.349133, -32.929081 ], [ -71.348137, -32.92991 ], [ -71.347368, -32.930783 ], [ -71.346781, -32.930827 ], [ -71.348163, -32.934324 ], [ -71.348971, -32.934929 ], [ -71.349239, -32.935425 ], [ -71.348915, -32.936004 ], [ -71.348472, -32.936394 ], [ -71.348201, -32.936828 ], [ -71.347939, -32.937644 ], [ -71.347067, -32.938901 ], [ -71.346528, -32.939914 ], [ -71.345702, -32.940788 ], [ -71.345102, -32.941611 ], [ -71.344659, -32.942001 ], [ -71.34308, -32.942221 ], [ -71.342805, -32.942513 ], [ -71.342373, -32.943284 ], [ -71.341161, -32.944547 ], [ -71.34046, -32.945849 ], [ -71.340304, -32.946377 ], [ -71.3401, -32.94724 ], [ -71.340404, -32.947565 ], [ -71.340078, -32.947455 ], [ -71.339555, -32.94694 ], [ -71.338697, -32.946622 ], [ -71.338244, -32.946582 ], [ -71.337625, -32.946737 ], [ -71.337355, -32.947219 ], [ -71.337316, -32.947888 ], [ -71.337062, -32.94899 ], [ -71.336672, -32.949236 ], [ -71.33605, -32.949248 ], [ -71.335375, -32.949404 ], [ -71.334879, -32.94989 ], [ -71.33314, -32.950495 ], [ -71.332141, -32.95123 ], [ -71.331758, -32.951762 ], [ -71.330803, -32.952018 ], [ -71.328538, -32.951965 ], [ -71.322663, -32.952408 ], [ -71.314996, -32.953553 ], [ -71.312846, -32.953593 ], [ -71.311423, -32.953285 ], [ -71.31011, -32.952832 ], [ -71.309372, -32.95275 ], [ -71.30909, -32.952803 ], [ -71.3087, -32.953049 ], [ -71.307395, -32.954281 ], [ -71.306475, -32.954522 ], [ -71.305309, -32.955402 ], [ -71.303306, -32.956728 ], [ -71.30191, -32.957469 ], [ -71.301196, -32.958293 ], [ -71.300636, -32.958542 ], [ -71.300073, -32.958648 ], [ -71.299111, -32.958666 ], [ -71.298137, -32.959034 ], [ -71.296911, -32.959165 ], [ -71.296044, -32.959366 ], [ -71.295442, -32.960141 ], [ -71.294051, -32.961073 ], [ -71.292541, -32.961769 ], [ -71.292147, -32.961872 ], [ -71.291349, -32.961777 ], [ -71.290889, -32.96137 ], [ -71.289837, -32.960823 ], [ -71.288667, -32.960626 ], [ -71.287697, -32.960522 ], [ -71.285884, -32.960622 ], [ -71.284982, -32.960571 ], [ -71.282798, -32.961518 ], [ -71.27964, -32.961957 ], [ -71.278746, -32.962403 ], [ -71.277521, -32.963189 ], [ -71.276398, -32.963544 ], [ -71.274645, -32.963623 ], [ -71.273659, -32.963808 ], [ -71.272931, -32.964108 ], [ -71.272311, -32.964215 ], [ -71.271751, -32.964463 ], [ -71.27131, -32.964901 ], [ -71.27104, -32.965431 ], [ -71.270493, -32.966156 ], [ -71.269822, -32.966502 ], [ -71.269147, -32.966658 ], [ -71.267585, -32.967545 ], [ -71.267024, -32.967746 ], [ -71.265835, -32.967768 ], [ -71.263871, -32.968424 ], [ -71.26229, -32.968596 ], [ -71.261615, -32.968751 ], [ -71.260721, -32.969197 ], [ -71.259597, -32.969551 ], [ -71.258526, -32.969714 ], [ -71.25779, -32.969727 ], [ -71.257116, -32.96993 ], [ -71.255289, -32.971538 ], [ -71.254227, -32.972082 ], [ -71.253161, -32.972435 ], [ -71.252764, -32.972442 ], [ -71.251737, -32.972127 ], [ -71.250803, -32.97212 ], [ -71.249389, -32.972145 ], [ -71.248093, -32.972407 ], [ -71.247532, -32.972608 ], [ -71.246372, -32.973726 ], [ -71.245357, -32.973888 ], [ -71.244678, -32.9739 ], [ -71.242855, -32.973456 ], [ -71.241322, -32.973292 ], [ -71.239857, -32.973557 ], [ -71.23884, -32.973623 ], [ -71.237819, -32.973546 ], [ -71.235074, -32.973571 ], [ -71.232572, -32.973139 ], [ -71.231884, -32.972817 ], [ -71.231021, -32.97226 ], [ -71.227895, -32.971743 ], [ -71.223256, -32.971874 ], [ -71.222178, -32.971797 ], [ -71.220596, -32.971921 ], [ -71.219697, -32.972176 ], [ -71.218187, -32.972918 ], [ -71.217292, -32.97311 ], [ -71.217288, -32.974321 ], [ -71.217607, -32.975005 ], [ -71.217682, -32.975373 ], [ -71.217663, -32.977028 ], [ -71.21776, -32.977976 ], [ -71.217965, -32.978536 ], [ -71.218263, -32.979014 ], [ -71.220131, -32.981075 ], [ -71.220382, -32.981554 ], [ -71.22053, -32.983645 ], [ -71.219852, -32.985188 ], [ -71.219319, -32.986808 ], [ -71.219295, -32.987775 ], [ -71.219375, -32.989063 ], [ -71.220127, -32.990459 ], [ -71.220201, -32.991504 ], [ -71.220163, -32.993801 ], [ -71.221273, -32.994224 ], [ -71.221108, -32.997207 ], [ -71.220442, -32.9973 ], [ -71.220701, -32.9981 ], [ -71.222535, -33.000173 ], [ -71.221874, -33.000185 ], [ -71.220969, -33.00034 ], [ -71.217526, -33.001481 ], [ -71.215997, -33.001473 ], [ -71.215544, -33.001551 ], [ -71.214319, -33.00213 ], [ -71.213106, -33.003231 ], [ -71.211995, -33.003424 ], [ -71.210317, -33.004046 ], [ -71.208835, -33.004281 ], [ -71.206621, -33.004982 ], [ -71.206254, -33.005198 ], [ -71.20415, -33.005339 ], [ -71.202753, -33.005677 ], [ -71.200537, -33.006855 ], [ -71.200732, -33.008153 ], [ -71.200755, -33.009073 ], [ -71.201658, -33.010253 ], [ -71.202472, -33.012217 ], [ -71.204957, -33.013324 ], [ -71.21135, -33.015695 ], [ -71.211168, -33.017125 ], [ -71.208973, -33.018912 ], [ -71.201089, -33.022502 ], [ -71.196479, -33.023826 ], [ -71.195696, -33.024184 ], [ -71.195051, -33.02461 ], [ -71.194874, -33.026269 ], [ -71.194575, -33.027425 ], [ -71.193075, -33.028601 ], [ -71.191384, -33.030886 ], [ -71.190609, -33.032694 ], [ -71.190459, -33.033248 ], [ -71.190582, -33.033798 ], [ -71.190929, -33.034574 ], [ -71.191445, -33.035578 ], [ -71.191698, -33.035872 ], [ -71.191715, -33.036562 ], [ -71.191397, -33.036936 ], [ -71.190586, -33.037272 ], [ -71.188897, -33.03744 ], [ -71.187982, -33.038008 ], [ -71.187772, -33.038334 ], [ -71.187618, -33.03875 ], [ -71.187632, -33.039302 ], [ -71.187808, -33.039805 ], [ -71.187767, -33.040358 ], [ -71.187079, -33.041244 ], [ -71.186988, -33.041982 ], [ -71.186935, -33.044284 ], [ -71.186786, -33.044884 ], [ -71.186311, -33.045537 ], [ -71.185528, -33.047023 ], [ -71.185492, -33.04776 ], [ -71.184985, -33.05046 ], [ -71.183867, -33.053884 ], [ -71.182617, -33.056345 ], [ -71.181337, -33.059818 ], [ -71.180967, -33.060331 ], [ -71.179759, -33.061203 ], [ -71.178626, -33.061775 ], [ -71.178143, -33.062151 ], [ -71.177772, -33.062618 ], [ -71.177683, -33.063448 ], [ -71.177931, -33.066848 ], [ -71.177906, -33.068045 ], [ -71.177018, -33.071925 ], [ -71.177, -33.074525 ], [ -71.177153, -33.076317 ], [ -71.177058, -33.07687 ], [ -71.176082, -33.07721 ], [ -71.173799, -33.07771 ], [ -71.171965, -33.078662 ], [ -71.171272, -33.079364 ], [ -71.17032, -33.080669 ], [ -71.169622, -33.081187 ], [ -71.168434, -33.08176 ], [ -71.167305, -33.082516 ], [ -71.165803, -33.083692 ], [ -71.164507, -33.08544 ], [ -71.162673, -33.086438 ], [ -71.16035, -33.087536 ], [ -71.159398, -33.088841 ], [ -71.157842, -33.090018 ], [ -71.157034, -33.090539 ], [ -71.155951, -33.090925 ], [ -71.154006, -33.091879 ], [ -71.152335, -33.092828 ], [ -71.150622, -33.09433 ], [ -71.150358, -33.094703 ], [ -71.15016, -33.095534 ], [ -71.150042, -33.097423 ], [ -71.150396, -33.099602 ], [ -71.151559, -33.104735 ], [ -71.151633, -33.10597 ], [ -71.15122, -33.106153 ], [ -71.149864, -33.106177 ], [ -71.148816, -33.106019 ], [ -71.147879, -33.106123 ], [ -71.145595, -33.106602 ], [ -71.143928, -33.106718 ], [ -71.142065, -33.107365 ], [ -71.141137, -33.10782 ], [ -71.140217, -33.108626 ], [ -71.139517, -33.109868 ], [ -71.139334, -33.110925 ], [ -71.139364, -33.112154 ], [ -71.13976, -33.115573 ], [ -71.139783, -33.116539 ], [ -71.139494, -33.11751 ], [ -71.138065, -33.118852 ], [ -71.137256, -33.11992 ], [ -71.136109, -33.121214 ], [ -71.136202, -33.121674 ], [ -71.136686, -33.122179 ], [ -71.137, -33.122778 ], [ -71.137957, -33.125602 ], [ -71.137995, -33.126905 ], [ -71.137843, -33.129842 ], [ -71.136724, -33.132544 ], [ -71.135965, -33.134131 ], [ -71.135839, -33.134778 ], [ -71.135548, -33.135022 ], [ -71.134925, -33.135321 ], [ -71.134136, -33.13606 ], [ -71.133776, -33.136626 ], [ -71.133532, -33.137257 ], [ -71.133462, -33.137916 ], [ -71.137279, -33.138622 ], [ -71.138864, -33.1385 ], [ -71.139368, -33.138252 ], [ -71.141288, -33.137886 ], [ -71.143161, -33.137948 ], [ -71.144585, -33.138208 ], [ -71.146737, -33.138031 ], [ -71.147588, -33.138061 ], [ -71.1485, -33.138239 ], [ -71.149421, -33.138796 ], [ -71.150296, -33.139782 ], [ -71.151935, -33.141214 ], [ -71.153084, -33.142939 ], [ -71.153726, -33.143298 ], [ -71.155604, -33.143707 ], [ -71.157931, -33.143802 ], [ -71.15908, -33.143665 ], [ -71.160149, -33.143272 ], [ -71.160911, -33.143124 ], [ -71.161233, -33.142961 ], [ -71.162351, -33.142044 ], [ -71.163064, -33.141788 ], [ -71.163697, -33.141403 ], [ -71.16407, -33.141365 ], [ -71.165245, -33.141425 ], [ -71.166004, -33.141561 ], [ -71.166717, -33.141819 ], [ -71.167682, -33.142375 ], [ -71.168821, -33.142576 ], [ -71.169592, -33.142558 ], [ -71.171498, -33.142245 ], [ -71.175376, -33.14229 ], [ -71.17646, -33.142628 ], [ -71.176849, -33.142666 ], [ -71.177617, -33.142571 ], [ -71.178709, -33.142228 ], [ -71.179094, -33.142198 ], [ -71.18023, -33.142426 ], [ -71.181346, -33.143061 ], [ -71.181582, -33.143435 ], [ -71.181667, -33.144579 ], [ -71.181565, -33.145059 ], [ -71.181129, -33.145734 ], [ -71.179855, -33.146996 ], [ -71.179582, -33.147434 ], [ -71.179368, -33.14796 ], [ -71.179381, -33.148483 ], [ -71.179794, -33.149193 ], [ -71.180663, -33.149845 ], [ -71.18206, -33.150411 ], [ -71.184366, -33.150646 ], [ -71.187016, -33.151185 ], [ -71.187639, -33.151544 ], [ -71.188325, -33.152348 ], [ -71.188798, -33.153237 ], [ -71.189107, -33.155179 ], [ -71.189722, -33.156728 ], [ -71.190123, -33.158336 ], [ -71.190274, -33.158621 ], [ -71.191428, -33.159503 ], [ -71.193497, -33.160404 ], [ -71.195003, -33.161446 ], [ -71.195337, -33.161594 ], [ -71.195722, -33.161627 ], [ -71.197255, -33.161407 ], [ -71.197691, -33.161471 ], [ -71.19815, -33.160764 ], [ -71.198635, -33.15975 ], [ -71.199067, -33.158155 ], [ -71.199283, -33.156353 ], [ -71.200182, -33.154429 ], [ -71.20039, -33.154133 ], [ -71.200932, -33.153762 ], [ -71.202378, -33.152479 ], [ -71.202673, -33.151355 ], [ -71.203869, -33.149752 ], [ -71.205376, -33.148756 ], [ -71.20671, -33.14779 ], [ -71.206919, -33.147552 ], [ -71.208245, -33.145774 ], [ -71.208498, -33.145048 ], [ -71.208645, -33.144013 ], [ -71.209009, -33.143524 ], [ -71.209457, -33.143187 ], [ -71.212087, -33.141928 ], [ -71.215625, -33.139935 ], [ -71.217293, -33.139464 ], [ -71.220169, -33.139606 ], [ -71.221548, -33.140294 ], [ -71.223202, -33.140648 ], [ -71.223957, -33.141351 ], [ -71.224412, -33.141388 ], [ -71.225656, -33.141271 ], [ -71.226055, -33.141313 ], [ -71.226505, -33.141161 ], [ -71.227565, -33.140475 ], [ -71.228126, -33.140226 ], [ -71.229995, -33.140143 ], [ -71.230398, -33.140375 ], [ -71.230526, -33.140945 ], [ -71.231115, -33.141796 ], [ -71.231406, -33.142074 ], [ -71.232208, -33.142394 ], [ -71.234107, -33.14346 ], [ -71.234907, -33.143729 ], [ -71.235487, -33.144197 ], [ -71.236168, -33.144234 ], [ -71.23657, -33.14397 ], [ -71.237059, -33.143587 ], [ -71.237163, -33.143202 ], [ -71.237193, -33.142151 ], [ -71.237633, -33.14162 ], [ -71.238303, -33.14118 ], [ -71.240491, -33.140234 ], [ -71.241139, -33.138978 ], [ -71.244099, -33.137162 ], [ -71.245133, -33.13547 ], [ -71.245239, -33.135135 ], [ -71.246621, -33.13263 ], [ -71.247712, -33.13128 ], [ -71.248698, -33.130275 ], [ -71.250666, -33.128702 ], [ -71.251686, -33.128237 ], [ -71.253159, -33.126966 ], [ -71.254041, -33.126522 ], [ -71.255592, -33.124812 ], [ -71.257243, -33.123777 ], [ -71.258192, -33.123439 ], [ -71.258609, -33.123198 ], [ -71.260285, -33.121553 ], [ -71.260678, -33.121284 ], [ -71.26424, -33.11956 ], [ -71.265315, -33.118851 ], [ -71.266215, -33.118433 ], [ -71.266667, -33.117911 ], [ -71.267019, -33.117711 ], [ -71.267399, -33.116656 ], [ -71.267079, -33.115953 ], [ -71.266709, -33.115654 ], [ -71.266613, -33.115465 ], [ -71.266361, -33.114477 ], [ -71.26612, -33.113947 ], [ -71.266058, -33.113299 ], [ -71.265911, -33.112844 ], [ -71.265313, -33.112549 ], [ -71.26454, -33.112449 ], [ -71.264172, -33.112265 ], [ -71.260771, -33.108776 ], [ -71.260367, -33.108039 ], [ -71.259856, -33.107552 ], [ -71.259143, -33.106306 ], [ -71.259088, -33.105925 ], [ -71.259299, -33.10531 ], [ -71.258961, -33.104515 ], [ -71.257889, -33.103389 ], [ -71.257746, -33.103086 ], [ -71.257773, -33.102398 ], [ -71.257626, -33.101943 ], [ -71.257396, -33.101833 ], [ -71.256766, -33.101138 ], [ -71.256625, -33.10095 ], [ -71.256524, -33.100532 ], [ -71.256696, -33.100185 ], [ -71.257399, -33.099294 ], [ -71.257702, -33.098716 ], [ -71.258229, -33.098058 ], [ -71.259668, -33.095779 ], [ -71.260421, -33.095078 ], [ -71.260913, -33.09484 ], [ -71.262263, -33.094434 ], [ -71.262923, -33.093621 ], [ -71.263326, -33.093422 ], [ -71.263689, -33.093416 ], [ -71.264404, -33.093021 ], [ -71.265198, -33.092167 ], [ -71.266993, -33.091409 ], [ -71.269208, -33.089383 ], [ -71.269691, -33.088764 ], [ -71.270037, -33.088109 ], [ -71.270884, -33.085765 ], [ -71.27119, -33.085339 ], [ -71.271499, -33.08499 ], [ -71.272162, -33.084781 ], [ -71.273649, -33.083925 ], [ -71.2742, -33.083278 ], [ -71.275062, -33.08252 ], [ -71.276638, -33.080105 ], [ -71.277368, -33.079137 ], [ -71.277841, -33.077908 ], [ -71.278347, -33.075566 ], [ -71.278646, -33.074924 ], [ -71.280604, -33.072714 ], [ -71.281654, -33.071899 ], [ -71.282832, -33.071188 ], [ -71.284884, -33.070143 ], [ -71.285823, -33.069914 ], [ -71.286694, -33.069527 ], [ -71.287625, -33.068979 ], [ -71.290269, -33.066491 ], [ -71.291814, -33.065349 ], [ -71.292297, -33.064545 ], [ -71.292113, -33.062321 ], [ -71.291781, -33.061637 ], [ -71.291392, -33.06122 ], [ -71.291007, -33.060962 ], [ -71.290746, -33.060596 ], [ -71.290923, -33.059482 ], [ -71.290272, -33.057582 ], [ -71.290385, -33.050095 ], [ -71.290049, -33.049439 ], [ -71.288333, -33.048176 ], [ -71.288215, -33.047435 ], [ -71.288406, -33.044834 ], [ -71.287121, -33.042179 ], [ -71.285869, -33.039894 ], [ -71.285615, -33.037175 ], [ -71.285654, -33.035056 ], [ -71.285883, -33.034528 ], [ -71.28769, -33.03207 ], [ -71.289084, -33.029983 ], [ -71.28995, -33.028985 ], [ -71.289947, -33.028529 ], [ -71.289477, -33.028186 ], [ -71.2891, -33.027693 ], [ -71.288866, -33.027224 ], [ -71.288411, -33.02551 ], [ -71.287097, -33.023266 ], [ -71.28633, -33.022387 ], [ -71.285458, -33.021849 ], [ -71.28489, -33.021309 ], [ -71.284818, -33.020503 ], [ -71.284986, -33.019937 ], [ -71.285557, -33.01903 ], [ -71.286205, -33.018973 ], [ -71.28663, -33.018801 ], [ -71.289004, -33.017699 ], [ -71.290356, -33.017168 ], [ -71.290893, -33.016836 ], [ -71.291852, -33.015898 ], [ -71.292165, -33.015341 ], [ -71.29296, -33.014406 ], [ -71.29355, -33.013981 ], [ -71.294027, -33.01342 ], [ -71.294495, -33.012537 ], [ -71.295242, -33.011833 ], [ -71.295498, -33.011454 ], [ -71.295933, -33.011632 ], [ -71.296455, -33.012861 ], [ -71.296969, -33.013471 ], [ -71.297579, -33.01376 ], [ -71.298478, -33.013632 ], [ -71.299088, -33.013439 ], [ -71.299666, -33.013632 ], [ -71.300116, -33.013985 ], [ -71.300501, -33.014466 ], [ -71.300822, -33.015077 ], [ -71.301307, -33.015469 ], [ -71.303933, -33.016571 ], [ -71.305382, -33.016682 ], [ -71.30602, -33.017087 ], [ -71.306688, -33.017212 ], [ -71.307356, -33.017157 ], [ -71.31935, -33.023223 ], [ -71.31967, -33.02348 ], [ -71.319798, -33.024128 ], [ -71.319754, -33.027384 ], [ -71.32001, -33.028433 ], [ -71.320434, -33.029046 ], [ -71.322252, -33.030429 ], [ -71.322531, -33.030797 ], [ -71.322921, -33.032348 ], [ -71.324024, -33.033596 ], [ -71.324371, -33.03431 ], [ -71.327558, -33.037522 ], [ -71.328218, -33.03891 ], [ -71.328282, -33.039839 ], [ -71.328186, -33.041183 ], [ -71.328218, -33.043072 ], [ -71.328247, -33.043654 ], [ -71.328465, -33.044144 ], [ -71.32897, -33.044405 ], [ -71.330835, -33.044614 ], [ -71.331788, -33.043975 ], [ -71.332488, -33.043218 ], [ -71.333702, -33.042365 ], [ -71.334715, -33.042064 ], [ -71.336456, -33.04174 ], [ -71.337023, -33.041709 ], [ -71.338124, -33.043189 ], [ -71.338463, -33.043454 ], [ -71.338973, -33.043683 ], [ -71.340001, -33.043766 ], [ -71.341531, -33.043294 ], [ -71.342561, -33.042648 ], [ -71.343765, -33.041424 ], [ -71.345035, -33.039846 ], [ -71.347015, -33.036924 ], [ -71.348457, -33.035615 ], [ -71.349538, -33.034822 ], [ -71.352322, -33.033517 ], [ -71.353741, -33.032626 ], [ -71.354493, -33.032034 ], [ -71.355116, -33.03132 ], [ -71.356577, -33.030534 ], [ -71.358495, -33.029228 ], [ -71.359114, -33.029073 ], [ -71.359625, -33.029111 ], [ -71.359794, -33.029248 ], [ -71.360428, -33.029206 ], [ -71.361884, -33.028975 ], [ -71.362824, -33.028599 ], [ -71.364902, -33.027397 ], [ -71.365648, -33.027355 ], [ -71.366232, -33.02717 ], [ -71.368148, -33.026082 ], [ -71.370211, -33.025962 ], [ -71.370775, -33.025696 ], [ -71.372722, -33.02545 ], [ -71.374137, -33.024865 ], [ -71.374488, -33.0246 ], [ -71.374808, -33.023932 ], [ -71.37502, -33.023789 ], [ -71.375117, -33.023098 ], [ -71.379674, -33.020787 ], [ -71.380058, -33.019009 ], [ -71.380393, -33.018398 ], [ -71.381149, -33.018267 ], [ -71.381512, -33.017991 ], [ -71.382122, -33.015753 ], [ -71.382457, -33.015026 ], [ -71.383024, -33.014358 ], [ -71.383576, -33.014111 ], [ -71.385378, -33.013573 ], [ -71.385974, -33.013733 ], [ -71.38641, -33.014009 ], [ -71.387239, -33.014154 ], [ -71.389128, -33.014081 ], [ -71.389986, -33.013893 ], [ -71.390814, -33.013849 ], [ -71.391468, -33.013922 ], [ -71.395364, -33.013049 ], [ -71.395829, -33.013035 ], [ -71.39673, -33.013297 ], [ -71.397296, -33.013341 ], [ -71.397922, -33.013224 ], [ -71.400504, -33.013428 ], [ -71.400717, -33.013326 ], [ -71.401134, -33.012798 ], [ -71.401734, -33.01165 ], [ -71.401957, -33.011436 ], [ -71.402556, -33.011151 ], [ -71.403289, -33.010938 ], [ -71.403736, -33.010908 ], [ -71.404601, -33.011106 ], [ -71.406493, -33.011863 ], [ -71.407303, -33.011609 ], [ -71.408916, -33.010656 ], [ -71.411069, -33.009962 ], [ -71.414375, -33.010331 ], [ -71.414537, -33.010241 ], [ -71.414771, -33.009827 ], [ -71.415269, -33.009513 ], [ -71.415708, -33.009359 ], [ -71.416846, -33.009403 ], [ -71.417538, -33.008987 ], [ -71.418158, -33.008956 ], [ -71.418943, -33.0085 ], [ -71.419255, -33.008418 ], [ -71.419896, -33.008456 ], [ -71.421258, -33.008833 ], [ -71.423117, -33.008489 ], [ -71.423798, -33.008194 ], [ -71.424723, -33.007086 ], [ -71.425579, -33.005371 ], [ -71.426184, -33.004667 ], [ -71.426367, -33.004245 ], [ -71.42648, -33.003428 ], [ -71.42662, -33.00326 ], [ -71.427001, -33.003184 ], [ -71.427915, -33.003386 ], [ -71.431173, -33.002003 ], [ -71.432803, -33.001659 ], [ -71.433362, -33.001212 ], [ -71.433725, -33.000585 ], [ -71.434023, -32.999052 ], [ -71.434115, -32.998287 ], [ -71.434002, -32.996238 ], [ -71.434209, -32.995518 ], [ -71.43445, -32.993986 ], [ -71.434267, -32.993513 ], [ -71.433975, -32.993184 ], [ -71.432828, -32.992682 ], [ -71.432366, -32.992357 ], [ -71.431606, -32.991465 ], [ -71.43103, -32.991095 ], [ -71.430188, -32.989298 ], [ -71.430012, -32.987011 ], [ -71.429599, -32.986399 ], [ -71.428549, -32.985274 ], [ -71.428366, -32.9848 ], [ -71.428413, -32.984465 ], [ -71.428328, -32.983417 ], [ -71.428027, -32.982755 ], [ -71.426889, -32.980487 ], [ -71.426305, -32.97983 ], [ -71.425669, -32.979365 ], [ -71.425198, -32.978707 ], [ -71.424698, -32.976951 ], [ -71.424058, -32.976343 ], [ -71.423657, -32.97616 ], [ -71.423146, -32.976122 ], [ -71.422361, -32.976376 ], [ -71.419151, -32.977011 ], [ -71.417412, -32.977569 ], [ -71.416617, -32.977489 ], [ -71.415579, -32.976794 ], [ -71.413171, -32.975695 ], [ -71.411696, -32.97558 ], [ -71.409666, -32.975858 ], [ -71.408986, -32.975824 ], [ -71.408584, -32.97564 ], [ -71.408245, -32.975647 ], [ -71.407571, -32.975851 ], [ -71.407294, -32.976047 ], [ -71.406616, -32.976108 ], [ -71.406045, -32.975928 ], [ -71.405012, -32.975423 ], [ -71.402898, -32.9747 ], [ -71.401485, -32.974775 ], [ -71.400858, -32.974644 ], [ -71.400349, -32.974654 ], [ -71.398155, -32.975173 ], [ -71.397583, -32.974946 ], [ -71.39729, -32.97457 ], [ -71.397002, -32.974384 ], [ -71.39649, -32.974299 ], [ -71.395083, -32.974612 ], [ -71.394348, -32.974626 ], [ -71.392865, -32.974225 ], [ -71.391944, -32.97367 ], [ -71.391364, -32.973156 ], [ -71.390653, -32.971977 ], [ -71.39008, -32.971702 ], [ -71.388571, -32.971373 ], [ -71.38788, -32.970957 ], [ -71.387237, -32.970205 ], [ -71.387135, -32.969908 ], [ -71.388067, -32.969138 ], [ -71.388449, -32.968606 ], [ -71.388979, -32.967308 ], [ -71.389157, -32.965493 ], [ -71.389431, -32.965154 ], [ -71.38993, -32.964811 ], [ -71.391472, -32.96428 ], [ -71.392585, -32.963591 ], [ -71.393303, -32.962958 ], [ -71.39363, -32.962522 ], [ -71.393993, -32.961276 ], [ -71.39427, -32.961079 ], [ -71.394721, -32.961023 ], [ -71.39518, -32.961253 ], [ -71.395861, -32.961335 ], [ -71.396254, -32.961232 ], [ -71.396696, -32.960842 ], [ -71.397488, -32.958729 ], [ -71.397621, -32.957391 ], [ -71.398447, -32.956565 ], [ -71.399555, -32.955685 ], [ -71.399657, -32.955301 ], [ -71.39942, -32.954877 ], [ -71.398937, -32.952716 ], [ -71.398961, -32.951524 ], [ -71.399121, -32.951139 ], [ -71.400118, -32.950357 ], [ -71.402101, -32.948412 ], [ -71.402366, -32.947739 ], [ -71.403201, -32.946221 ], [ -71.403351, -32.945503 ], [ -71.403211, -32.944504 ], [ -71.402789, -32.943511 ], [ -71.402772, -32.942891 ], [ -71.402927, -32.942363 ], [ -71.403589, -32.941731 ], [ -71.405056, -32.941607 ], [ -71.405609, -32.941167 ], [ -71.407468, -32.938795 ], [ -71.407372, -32.937366 ], [ -71.407466, -32.936649 ], [ -71.407616, -32.935931 ], [ -71.407942, -32.935448 ], [ -71.408386, -32.935105 ], [ -71.409561, -32.934654 ], [ -71.410397, -32.934208 ], [ -71.411577, -32.933947 ], [ -71.412471, -32.933548 ], [ -71.413261, -32.933485 ], [ -71.41423, -32.933753 ], [ -71.415662, -32.93444 ], [ -71.417242, -32.93534 ], [ -71.417537, -32.935811 ], [ -71.417662, -32.936238 ], [ -71.417123, -32.9393 ], [ -71.416867, -32.940259 ], [ -71.416885, -32.940926 ], [ -71.417412, -32.941583 ], [ -71.418103, -32.942047 ], [ -71.418846, -32.942318 ], [ -71.421767, -32.941594 ], [ -71.424233, -32.940783 ], [ -71.42619, -32.939982 ], [ -71.427355, -32.939149 ], [ -71.428231, -32.938083 ], [ -71.428657, -32.937121 ], [ -71.428644, -32.936644 ], [ -71.428343, -32.935983 ], [ -71.427932, -32.935418 ], [ -71.426265, -32.934449 ], [ -71.42585, -32.933742 ], [ -71.425949, -32.933216 ], [ -71.426498, -32.932633 ], [ -71.428064, -32.931983 ], [ -71.431321, -32.931156 ], [ -71.432229, -32.931282 ], [ -71.434237, -32.932339 ], [ -71.436078, -32.933495 ], [ -71.436874, -32.933623 ], [ -71.437675, -32.933989 ], [ -71.438239, -32.93393 ], [ -71.439731, -32.932786 ], [ -71.43833, -32.93216 ], [ -71.43901, -32.93172 ], [ -71.43935, -32.93136 ], [ -71.44028, -32.92843 ], [ -71.442454, -32.923923 ], [ -71.442367, -32.923886 ], [ -71.442876, -32.922677 ], [ -71.441997, -32.922266 ], [ -71.441358, -32.922193 ], [ -71.439857, -32.922685 ], [ -71.439063, -32.922512 ] ] ] } },
{ "type": "Feature", "properties": { "objectid": 182, "shape_leng": 89718.942259899995, "dis_elec": 6, "cir_sena": 6, "cod_comuna": 5501, "codregion": 5, "st_area_sh": 430985287.77999997, "st_length_": 106410.401134, "Region": "Región de Valparaíso", "Comuna": "Quillota", "Provincia": "Quillota" }, "geometry": { "type": "Polygon", "coordinates": [ [ [ -71.297719, -32.830547 ], [ -71.293727, -32.832383 ], [ -71.291434, -32.833124 ], [ -71.289742, -32.833381 ], [ -71.288768, -32.83389 ], [ -71.287874, -32.833947 ], [ -71.28582, -32.834413 ], [ -71.28423, -32.835298 ], [ -71.280729, -32.836271 ], [ -71.280534, -32.836478 ], [ -71.279867, -32.836749 ], [ -71.279318, -32.836862 ], [ -71.27864, -32.836668 ], [ -71.278327, -32.836415 ], [ -71.276976, -32.836284 ], [ -71.274098, -32.836336 ], [ -71.273296, -32.836144 ], [ -71.271934, -32.8356 ], [ -71.2704, -32.835473 ], [ -71.269359, -32.835491 ], [ -71.267816, -32.835054 ], [ -71.267571, -32.835058 ], [ -71.267088, -32.835326 ], [ -71.266668, -32.835695 ], [ -71.266201, -32.836583 ], [ -71.266099, -32.837413 ], [ -71.265927, -32.837881 ], [ -71.265634, -32.838404 ], [ -71.26471, -32.839377 ], [ -71.264332, -32.840186 ], [ -71.263794, -32.840713 ], [ -71.263192, -32.841137 ], [ -71.262217, -32.841362 ], [ -71.260504, -32.841444 ], [ -71.259399, -32.841361 ], [ -71.257429, -32.840983 ], [ -71.25019, -32.840596 ], [ -71.243775, -32.841332 ], [ -71.242556, -32.841561 ], [ -71.238993, -32.842576 ], [ -71.239128, -32.843998 ], [ -71.239833, -32.846203 ], [ -71.239845, -32.84668 ], [ -71.239801, -32.847158 ], [ -71.239474, -32.84764 ], [ -71.239107, -32.848792 ], [ -71.239178, -32.849362 ], [ -71.239149, -32.85046 ], [ -71.238766, -32.850944 ], [ -71.238665, -32.851422 ], [ -71.23853, -32.852808 ], [ -71.238727, -32.853901 ], [ -71.238923, -32.854478 ], [ -71.237137, -32.854951 ], [ -71.234996, -32.855652 ], [ -71.235365, -32.856714 ], [ -71.230618, -32.858125 ], [ -71.230028, -32.85814 ], [ -71.229357, -32.857962 ], [ -71.224763, -32.858815 ], [ -71.223403, -32.859169 ], [ -71.222374, -32.859264 ], [ -71.221607, -32.859121 ], [ -71.220426, -32.859435 ], [ -71.217977, -32.859894 ], [ -71.2162, -32.859748 ], [ -71.215009, -32.85984 ], [ -71.213192, -32.859317 ], [ -71.211754, -32.859563 ], [ -71.208818, -32.859387 ], [ -71.208246, -32.859195 ], [ -71.207221, -32.859167 ], [ -71.205367, -32.859299 ], [ -71.204863, -32.859492 ], [ -71.203875, -32.860465 ], [ -71.202756, -32.860743 ], [ -71.200832, -32.861826 ], [ -71.200647, -32.862103 ], [ -71.20067, -32.862675 ], [ -71.19935, -32.863593 ], [ -71.197187, -32.864374 ], [ -71.195791, -32.864722 ], [ -71.194709, -32.865333 ], [ -71.193615, -32.86546 ], [ -71.192779, -32.865744 ], [ -71.191709, -32.866323 ], [ -71.190418, -32.867304 ], [ -71.18872, -32.867797 ], [ -71.188212, -32.86786 ], [ -71.187116, -32.868482 ], [ -71.186484, -32.86873 ], [ -71.185393, -32.869503 ], [ -71.185027, -32.869649 ], [ -71.184564, -32.869528 ], [ -71.184161, -32.869212 ], [ -71.183434, -32.869257 ], [ -71.182803, -32.869516 ], [ -71.182075, -32.869507 ], [ -71.181643, -32.869251 ], [ -71.180403, -32.867824 ], [ -71.179598, -32.867265 ], [ -71.179084, -32.867083 ], [ -71.177557, -32.867062 ], [ -71.176828, -32.867313 ], [ -71.17542, -32.867529 ], [ -71.17208, -32.867396 ], [ -71.170441, -32.867424 ], [ -71.169136, -32.867256 ], [ -71.168507, -32.866933 ], [ -71.167631, -32.865803 ], [ -71.167099, -32.864858 ], [ -71.166635, -32.864389 ], [ -71.16612, -32.864111 ], [ -71.16561, -32.864072 ], [ -71.164875, -32.864085 ], [ -71.163974, -32.864244 ], [ -71.162216, -32.864036 ], [ -71.16171, -32.86414 ], [ -71.161042, -32.864581 ], [ -71.160204, -32.864977 ], [ -71.156725, -32.864918 ], [ -71.15588, -32.865076 ], [ -71.152344, -32.866139 ], [ -71.149413, -32.866523 ], [ -71.14542, -32.867909 ], [ -71.145693, -32.868904 ], [ -71.146529, -32.870824 ], [ -71.14733, -32.873507 ], [ -71.147662, -32.876495 ], [ -71.147093, -32.87962 ], [ -71.146513, -32.880618 ], [ -71.146306, -32.881875 ], [ -71.1461, -32.882519 ], [ -71.145001, -32.884278 ], [ -71.144536, -32.885598 ], [ -71.144033, -32.886594 ], [ -71.143634, -32.886948 ], [ -71.14343, -32.887547 ], [ -71.143476, -32.888236 ], [ -71.144168, -32.889951 ], [ -71.144248, -32.89105 ], [ -71.144422, -32.891746 ], [ -71.144988, -32.892236 ], [ -71.145639, -32.893141 ], [ -71.145933, -32.894592 ], [ -71.145988, -32.895696 ], [ -71.145834, -32.896875 ], [ -71.145364, -32.897699 ], [ -71.145243, -32.898148 ], [ -71.145272, -32.900199 ], [ -71.144944, -32.901183 ], [ -71.144323, -32.90228 ], [ -71.14386, -32.903537 ], [ -71.144079, -32.903781 ], [ -71.145052, -32.904306 ], [ -71.145711, -32.905016 ], [ -71.14607, -32.905564 ], [ -71.146207, -32.907388 ], [ -71.146494, -32.908673 ], [ -71.146502, -32.910021 ], [ -71.146299, -32.911224 ], [ -71.146348, -32.91152 ], [ -71.146205, -32.913065 ], [ -71.146136, -32.913472 ], [ -71.145375, -32.915108 ], [ -71.145368, -32.915861 ], [ -71.146177, -32.916812 ], [ -71.146658, -32.917557 ], [ -71.146826, -32.918754 ], [ -71.146982, -32.919274 ], [ -71.147387, -32.919957 ], [ -71.147868, -32.920661 ], [ -71.148491, -32.921025 ], [ -71.149642, -32.922741 ], [ -71.150577, -32.925935 ], [ -71.151348, -32.927044 ], [ -71.151656, -32.927738 ], [ -71.151934, -32.928797 ], [ -71.151904, -32.929515 ], [ -71.151189, -32.929901 ], [ -71.150009, -32.93075 ], [ -71.149252, -32.931039 ], [ -71.148547, -32.931189 ], [ -71.147574, -32.931574 ], [ -71.146604, -32.932097 ], [ -71.145487, -32.933266 ], [ -71.145123, -32.934009 ], [ -71.144219, -32.934991 ], [ -71.143489, -32.936383 ], [ -71.142817, -32.940214 ], [ -71.142561, -32.940908 ], [ -71.141922, -32.941564 ], [ -71.135744, -32.943326 ], [ -71.134387, -32.943625 ], [ -71.133361, -32.944057 ], [ -71.130775, -32.945481 ], [ -71.129757, -32.946235 ], [ -71.127834, -32.94797 ], [ -71.126428, -32.9485 ], [ -71.125344, -32.94884 ], [ -71.124093, -32.949 ], [ -71.122239, -32.949077 ], [ -71.121426, -32.949275 ], [ -71.12073, -32.949839 ], [ -71.11995, -32.953763 ], [ -71.119515, -32.95465 ], [ -71.121332, -32.955538 ], [ -71.123215, -32.956174 ], [ -71.123951, -32.956161 ], [ -71.124633, -32.956293 ], [ -71.125149, -32.95657 ], [ -71.125732, -32.957276 ], [ -71.125969, -32.957702 ], [ -71.126154, -32.958366 ], [ -71.126842, -32.959906 ], [ -71.127314, -32.960709 ], [ -71.128002, -32.961079 ], [ -71.129278, -32.962346 ], [ -71.12991, -32.962717 ], [ -71.131221, -32.963124 ], [ -71.133468, -32.964755 ], [ -71.134633, -32.966119 ], [ -71.135436, -32.966535 ], [ -71.13668, -32.966466 ], [ -71.137361, -32.96655 ], [ -71.137932, -32.966779 ], [ -71.138509, -32.967198 ], [ -71.139379, -32.96809 ], [ -71.13984, -32.968416 ], [ -71.14064, -32.968737 ], [ -71.141891, -32.968954 ], [ -71.142906, -32.968793 ], [ -71.14341, -32.968546 ], [ -71.144321, -32.968769 ], [ -71.144957, -32.969331 ], [ -71.145485, -32.970085 ], [ -71.145947, -32.970459 ], [ -71.14686, -32.970777 ], [ -71.147768, -32.970857 ], [ -71.150001, -32.970747 ], [ -71.150568, -32.970785 ], [ -71.151139, -32.970966 ], [ -71.151891, -32.971621 ], [ -71.152577, -32.971896 ], [ -71.153145, -32.971981 ], [ -71.153718, -32.972258 ], [ -71.154185, -32.972822 ], [ -71.154368, -32.973392 ], [ -71.15495, -32.97405 ], [ -71.155684, -32.973942 ], [ -71.156131, -32.973695 ], [ -71.156573, -32.973258 ], [ -71.15747, -32.972909 ], [ -71.158317, -32.972799 ], [ -71.159846, -32.97282 ], [ -71.162786, -32.972673 ], [ -71.16363, -32.972468 ], [ -71.166948, -32.971551 ], [ -71.172185, -32.969242 ], [ -71.173254, -32.968984 ], [ -71.174895, -32.968956 ], [ -71.176887, -32.969398 ], [ -71.178542, -32.969942 ], [ -71.180832, -32.971 ], [ -71.182659, -32.971588 ], [ -71.183567, -32.971715 ], [ -71.186003, -32.971768 ], [ -71.186849, -32.971658 ], [ -71.187749, -32.971404 ], [ -71.188768, -32.971386 ], [ -71.190254, -32.97198 ], [ -71.191333, -32.972104 ], [ -71.192125, -32.97209 ], [ -71.19404, -32.971675 ], [ -71.195246, -32.971248 ], [ -71.19756, -32.970969 ], [ -71.198808, -32.971042 ], [ -71.199951, -32.971499 ], [ -71.200576, -32.971584 ], [ -71.202042, -32.971367 ], [ -71.202773, -32.971163 ], [ -71.20351, -32.971198 ], [ -71.204479, -32.971467 ], [ -71.205513, -32.972069 ], [ -71.20648, -32.972243 ], [ -71.207442, -32.972226 ], [ -71.208513, -32.972064 ], [ -71.210088, -32.971654 ], [ -71.211561, -32.971676 ], [ -71.212019, -32.971906 ], [ -71.21266, -32.972611 ], [ -71.213122, -32.972984 ], [ -71.21375, -32.973212 ], [ -71.214432, -32.973295 ], [ -71.216836, -32.973229 ], [ -71.218187, -32.972918 ], [ -71.219697, -32.972176 ], [ -71.220596, -32.971921 ], [ -71.222178, -32.971797 ], [ -71.223256, -32.971874 ], [ -71.227895, -32.971743 ], [ -71.231021, -32.97226 ], [ -71.231884, -32.972817 ], [ -71.232572, -32.973139 ], [ -71.234052, -32.973447 ], [ -71.235867, -32.973605 ], [ -71.236885, -32.973539 ], [ -71.23884, -32.973623 ], [ -71.239857, -32.973557 ], [ -71.241322, -32.973292 ], [ -71.242855, -32.973456 ], [ -71.244678, -32.9739 ], [ -71.245357, -32.973888 ], [ -71.246372, -32.973726 ], [ -71.247532, -32.972608 ], [ -71.248093, -32.972407 ], [ -71.249389, -32.972145 ], [ -71.250803, -32.97212 ], [ -71.251737, -32.972127 ], [ -71.252764, -32.972442 ], [ -71.253161, -32.972435 ], [ -71.254227, -32.972082 ], [ -71.255289, -32.971538 ], [ -71.257116, -32.96993 ], [ -71.25779, -32.969727 ], [ -71.258526, -32.969714 ], [ -71.259597, -32.969551 ], [ -71.260721, -32.969197 ], [ -71.261615, -32.968751 ], [ -71.26229, -32.968596 ], [ -71.263871, -32.968424 ], [ -71.265835, -32.967768 ], [ -71.267024, -32.967746 ], [ -71.267585, -32.967545 ], [ -71.269147, -32.966658 ], [ -71.269822, -32.966502 ], [ -71.270493, -32.966156 ], [ -71.27104, -32.965431 ], [ -71.27131, -32.964901 ], [ -71.271751, -32.964463 ], [ -71.272311, -32.964215 ], [ -71.272931, -32.964108 ], [ -71.273659, -32.963808 ], [ -71.274645, -32.963623 ], [ -71.276398, -32.963544 ], [ -71.277521, -32.963189 ], [ -71.278746, -32.962403 ], [ -71.27964, -32.961957 ], [ -71.282798, -32.961518 ], [ -71.284982, -32.960571 ], [ -71.285884, -32.960622 ], [ -71.287697, -32.960522 ], [ -71.288667, -32.960626 ], [ -71.289837, -32.960823 ], [ -71.290889, -32.96137 ], [ -71.291349, -32.961777 ], [ -71.292147, -32.961872 ], [ -71.292541, -32.961769 ], [ -71.294051, -32.961073 ], [ -71.295442, -32.960141 ], [ -71.296044, -32.959366 ], [ -71.296911, -32.959165 ], [ -71.298137, -32.959034 ], [ -71.299111, -32.958666 ], [ -71.300073, -32.958648 ], [ -71.300636, -32.958542 ], [ -71.301196, -32.958293 ], [ -71.30191, -32.957469 ], [ -71.303306, -32.956728 ], [ -71.305309, -32.955402 ], [ -71.306475, -32.954522 ], [ -71.307395, -32.954281 ], [ -71.3087, -32.953049 ], [ -71.30909, -32.952803 ], [ -71.309372, -32.95275 ], [ -71.31011, -32.952832 ], [ -71.311423, -32.953285 ], [ -71.312846, -32.953593 ], [ -71.314996, -32.953553 ], [ -71.322663, -32.952408 ], [ -71.328538, -32.951965 ], [ -71.330803, -32.952018 ], [ -71.331758, -32.951762 ], [ -71.332141, -32.95123 ], [ -71.33314, -32.950495 ], [ -71.334879, -32.94989 ], [ -71.335375, -32.949404 ], [ -71.33605, -32.949248 ], [ -71.336672, -32.949236 ], [ -71.337062, -32.94899 ], [ -71.337316, -32.947888 ], [ -71.337355, -32.947219 ], [ -71.337625, -32.946737 ], [ -71.338244, -32.946582 ], [ -71.338697, -32.946622 ], [ -71.339555, -32.94694 ], [ -71.340078, -32.947455 ], [ -71.340404, -32.947565 ], [ -71.3401, -32.94724 ], [ -71.340304, -32.946377 ], [ -71.34046, -32.945849 ], [ -71.341161, -32.944547 ], [ -71.342373, -32.943284 ], [ -71.342805, -32.942513 ], [ -71.34308, -32.942221 ], [ -71.344659, -32.942001 ], [ -71.345102, -32.941611 ], [ -71.345702, -32.940788 ], [ -71.346528, -32.939914 ], [ -71.347067, -32.938901 ], [ -71.347939, -32.937644 ], [ -71.348201, -32.936828 ], [ -71.348472, -32.936394 ], [ -71.348915, -32.936004 ], [ -71.349239, -32.935425 ], [ -71.348971, -32.934929 ], [ -71.348163, -32.934324 ], [ -71.346781, -32.930827 ], [ -71.347368, -32.930783 ], [ -71.348137, -32.92991 ], [ -71.349133, -32.929081 ], [ -71.350527, -32.928339 ], [ -71.352138, -32.92726 ], [ -71.352865, -32.92696 ], [ -71.35405, -32.92689 ], [ -71.355131, -32.927108 ], [ -71.356591, -32.92782 ], [ -71.357157, -32.927809 ], [ -71.357717, -32.927608 ], [ -71.360148, -32.925464 ], [ -71.36201, -32.923187 ], [ -71.363447, -32.921968 ], [ -71.364343, -32.921617 ], [ -71.365569, -32.920974 ], [ -71.367405, -32.919842 ], [ -71.368975, -32.919336 ], [ -71.370327, -32.919167 ], [ -71.371957, -32.918802 ], [ -71.37257, -32.918457 ], [ -71.373916, -32.91805 ], [ -71.375072, -32.917956 ], [ -71.375866, -32.918037 ], [ -71.37655, -32.918262 ], [ -71.377765, -32.919288 ], [ -71.379068, -32.921505 ], [ -71.3797, -32.921874 ], [ -71.380943, -32.92185 ], [ -71.382057, -32.921209 ], [ -71.382492, -32.920581 ], [ -71.38288, -32.920287 ], [ -71.383443, -32.920181 ], [ -71.384066, -32.920217 ], [ -71.384807, -32.920441 ], [ -71.385439, -32.920811 ], [ -71.386537, -32.921696 ], [ -71.388264, -32.922855 ], [ -71.389343, -32.923025 ], [ -71.390076, -32.922963 ], [ -71.390581, -32.922811 ], [ -71.391862, -32.922071 ], [ -71.392636, -32.921436 ], [ -71.394191, -32.919332 ], [ -71.394691, -32.918989 ], [ -71.395252, -32.918835 ], [ -71.39667, -32.918998 ], [ -71.397074, -32.919324 ], [ -71.397255, -32.91975 ], [ -71.397606, -32.920173 ], [ -71.398179, -32.920448 ], [ -71.399702, -32.920323 ], [ -71.402401, -32.919794 ], [ -71.405317, -32.91888 ], [ -71.408667, -32.918084 ], [ -71.412158, -32.918109 ], [ -71.414421, -32.918798 ], [ -71.414987, -32.919093 ], [ -71.415774, -32.920077 ], [ -71.41666, -32.920618 ], [ -71.417275, -32.920569 ], [ -71.418209, -32.920643 ], [ -71.421087, -32.920126 ], [ -71.42185, -32.920151 ], [ -71.42372, -32.92084 ], [ -71.424261, -32.920889 ], [ -71.424777, -32.920815 ], [ -71.42618, -32.920348 ], [ -71.426893, -32.920249 ], [ -71.429009, -32.920766 ], [ -71.43046, -32.921405 ], [ -71.432256, -32.921282 ], [ -71.432871, -32.92175 ], [ -71.433387, -32.92234 ], [ -71.434002, -32.922635 ], [ -71.435552, -32.922685 ], [ -71.437028, -32.922439 ], [ -71.437668, -32.922439 ], [ -71.439193, -32.922512 ], [ -71.439857, -32.922685 ], [ -71.441358, -32.922193 ], [ -71.441997, -32.922266 ], [ -71.442876, -32.922677 ], [ -71.44299, -32.922405 ], [ -71.443099, -32.921199 ], [ -71.44302, -32.91831 ], [ -71.442781, -32.917412 ], [ -71.442478, -32.916755 ], [ -71.441752, -32.916348 ], [ -71.438287, -32.916235 ], [ -71.437856, -32.916123 ], [ -71.437776, -32.915823 ], [ -71.437909, -32.91546 ], [ -71.438387, -32.914667 ], [ -71.438802, -32.914178 ], [ -71.44042, -32.913303 ], [ -71.440979, -32.912871 ], [ -71.441251, -32.912384 ], [ -71.441229, -32.911601 ], [ -71.441359, -32.911117 ], [ -71.441269, -32.910457 ], [ -71.44083, -32.910044 ], [ -71.439824, -32.909822 ], [ -71.43903, -32.909477 ], [ -71.438809, -32.90924 ], [ -71.438925, -32.908275 ], [ -71.440678, -32.907096 ], [ -71.441807, -32.906653 ], [ -71.443014, -32.906388 ], [ -71.443861, -32.906071 ], [ -71.444419, -32.905578 ], [ -71.44482, -32.904607 ], [ -71.445638, -32.903206 ], [ -71.446101, -32.901872 ], [ -71.446588, -32.901381 ], [ -71.447707, -32.900576 ], [ -71.448862, -32.898446 ], [ -71.449282, -32.898137 ], [ -71.450352, -32.898116 ], [ -71.450775, -32.897927 ], [ -71.451049, -32.8975 ], [ -71.45104, -32.897199 ], [ -71.450597, -32.896666 ], [ -71.450516, -32.896306 ], [ -71.450645, -32.895822 ], [ -71.451465, -32.894481 ], [ -71.452206, -32.890947 ], [ -71.450158, -32.890928 ], [ -71.448711, -32.891209 ], [ -71.446995, -32.89159 ], [ -71.446007, -32.891938 ], [ -71.44535, -32.892285 ], [ -71.443034, -32.892812 ], [ -71.441347, -32.892877 ], [ -71.437054, -32.893299 ], [ -71.436108, -32.893006 ], [ -71.4345, -32.891135 ], [ -71.433785, -32.889183 ], [ -71.433121, -32.886405 ], [ -71.43216, -32.884034 ], [ -71.430032, -32.881537 ], [ -71.429422, -32.881103 ], [ -71.427285, -32.880874 ], [ -71.425812, -32.881002 ], [ -71.424673, -32.880983 ], [ -71.423362, -32.880765 ], [ -71.421206, -32.880185 ], [ -71.420472, -32.879148 ], [ -71.419215, -32.876743 ], [ -71.418486, -32.875986 ], [ -71.417924, -32.875185 ], [ -71.416905, -32.874271 ], [ -71.416225, -32.873928 ], [ -71.415242, -32.873763 ], [ -71.41419, -32.873634 ], [ -71.411781, -32.873617 ], [ -71.410801, -32.87337 ], [ -71.408577, -32.872453 ], [ -71.407436, -32.872101 ], [ -71.406319, -32.871973 ], [ -71.404327, -32.871011 ], [ -71.401804, -32.868931 ], [ -71.401572, -32.868147 ], [ -71.401768, -32.866966 ], [ -71.401933, -32.864912 ], [ -71.401709, -32.863955 ], [ -71.400244, -32.862604 ], [ -71.398566, -32.862082 ], [ -71.396186, -32.861762 ], [ -71.395397, -32.861295 ], [ -71.394181, -32.86034 ], [ -71.393433, -32.860056 ], [ -71.390299, -32.859215 ], [ -71.388223, -32.856941 ], [ -71.387333, -32.85708 ], [ -71.386757, -32.857389 ], [ -71.385915, -32.857364 ], [ -71.385299, -32.856961 ], [ -71.384678, -32.856707 ], [ -71.383803, -32.856593 ], [ -71.382878, -32.85689 ], [ -71.380884, -32.858407 ], [ -71.379986, -32.858884 ], [ -71.378973, -32.859597 ], [ -71.376535, -32.861659 ], [ -71.37538, -32.862294 ], [ -71.374151, -32.862638 ], [ -71.373216, -32.862746 ], [ -71.372259, -32.862597 ], [ -71.37108, -32.862173 ], [ -71.368124, -32.860272 ], [ -71.366616, -32.858484 ], [ -71.366391, -32.857108 ], [ -71.365981, -32.856832 ], [ -71.364575, -32.856994 ], [ -71.361063, -32.856844 ], [ -71.359171, -32.856546 ], [ -71.357369, -32.855962 ], [ -71.35712, -32.855814 ], [ -71.356809, -32.855233 ], [ -71.356759, -32.854648 ], [ -71.356541, -32.853994 ], [ -71.355977, -32.853175 ], [ -71.354588, -32.851754 ], [ -71.353871, -32.850604 ], [ -71.353425, -32.850297 ], [ -71.352961, -32.849602 ], [ -71.352574, -32.848757 ], [ -71.351786, -32.847402 ], [ -71.351116, -32.84575 ], [ -71.350674, -32.841958 ], [ -71.350245, -32.841294 ], [ -71.348841, -32.840392 ], [ -71.348401, -32.839994 ], [ -71.347124, -32.83945 ], [ -71.345584, -32.839321 ], [ -71.343296, -32.839427 ], [ -71.341144, -32.839652 ], [ -71.340337, -32.839627 ], [ -71.338174, -32.839266 ], [ -71.337148, -32.838582 ], [ -71.336035, -32.83831 ], [ -71.333938, -32.838074 ], [ -71.332614, -32.837796 ], [ -71.331586, -32.837175 ], [ -71.330946, -32.836502 ], [ -71.330118, -32.836125 ], [ -71.329479, -32.835452 ], [ -71.329086, -32.83476 ], [ -71.328618, -32.834183 ], [ -71.328142, -32.833781 ], [ -71.327473, -32.832991 ], [ -71.327138, -32.832095 ], [ -71.326713, -32.831662 ], [ -71.326188, -32.831541 ], [ -71.325266, -32.831535 ], [ -71.324349, -32.83212 ], [ -71.323732, -32.832244 ], [ -71.323196, -32.832732 ], [ -71.322148, -32.833194 ], [ -71.320451, -32.833293 ], [ -71.319713, -32.833054 ], [ -71.31852, -32.832084 ], [ -71.317997, -32.83176 ], [ -71.31695, -32.831518 ], [ -71.316219, -32.83123 ], [ -71.314084, -32.830899 ], [ -71.311557, -32.830946 ], [ -71.308926, -32.831346 ], [ -71.306318, -32.831498 ], [ -71.305425, -32.831357 ], [ -71.304737, -32.831067 ], [ -71.302541, -32.830558 ], [ -71.3015, -32.830554 ], [ -71.299032, -32.830257 ], [ -71.297719, -32.830547 ] ] ] } },
{ "type": "Feature", "properties": { "objectid": 176, "shape_leng": 57150.938971299998, "dis_elec": 6, "cir_sena": 6, "cod_comuna": 5502, "codregion": 5, "st_area_sh": 82935434.899200007, "st_length_": 66516.141727800001, "Region": "Región de Valparaíso", "Comuna": "Calera", "Provincia": "Quillota" }, "geometry": { "type": "Polygon", "coordinates": [ [ [ -71.193691, -32.814802 ], [ -71.193564, -32.814652 ], [ -71.21125, -32.80023 ], [ -71.21455, -32.79845 ], [ -71.2237, -32.79296 ], [ -71.229911, -32.789016 ], [ -71.229667, -32.788543 ], [ -71.229347, -32.788284 ], [ -71.22892, -32.788223 ], [ -71.227533, -32.7883 ], [ -71.227122, -32.788117 ], [ -71.226314, -32.786974 ], [ -71.22543, -32.786044 ], [ -71.225034, -32.785754 ], [ -71.225051, -32.785447 ], [ -71.222677, -32.783464 ], [ -71.222375, -32.782659 ], [ -71.222357, -32.781944 ], [ -71.222174, -32.781375 ], [ -71.221822, -32.780857 ], [ -71.221248, -32.780485 ], [ -71.219594, -32.779799 ], [ -71.218215, -32.778822 ], [ -71.216682, -32.778468 ], [ -71.215836, -32.778483 ], [ -71.214975, -32.777926 ], [ -71.214683, -32.777549 ], [ -71.213307, -32.776668 ], [ -71.212686, -32.776679 ], [ -71.211282, -32.77699 ], [ -71.210602, -32.776859 ], [ -71.210087, -32.776581 ], [ -71.208818, -32.775507 ], [ -71.205957, -32.773936 ], [ -71.205094, -32.773284 ], [ -71.204458, -32.772675 ], [ -71.202227, -32.771474 ], [ -71.2009, -32.770305 ], [ -71.200315, -32.769457 ], [ -71.199299, -32.767186 ], [ -71.198832, -32.766526 ], [ -71.198085, -32.766015 ], [ -71.193802, -32.764447 ], [ -71.193418, -32.765596 ], [ -71.179365, -32.765651 ], [ -71.165928, -32.76555 ], [ -71.165758, -32.765505 ], [ -71.165741, -32.762453 ], [ -71.159071, -32.760875 ], [ -71.159113, -32.762639 ], [ -71.157026, -32.762675 ], [ -71.15693, -32.763392 ], [ -71.153488, -32.763451 ], [ -71.152531, -32.763563 ], [ -71.150103, -32.76351 ], [ -71.149145, -32.763574 ], [ -71.148417, -32.763825 ], [ -71.147751, -32.764265 ], [ -71.147313, -32.764845 ], [ -71.146156, -32.766009 ], [ -71.145544, -32.766401 ], [ -71.144426, -32.76685 ], [ -71.141625, -32.767756 ], [ -71.140257, -32.768376 ], [ -71.139038, -32.769303 ], [ -71.137757, -32.77004 ], [ -71.136858, -32.770198 ], [ -71.134932, -32.769945 ], [ -71.134305, -32.76967 ], [ -71.133514, -32.769635 ], [ -71.130618, -32.768922 ], [ -71.129651, -32.768604 ], [ -71.128904, -32.768045 ], [ -71.127804, -32.766919 ], [ -71.127161, -32.765976 ], [ -71.126856, -32.765027 ], [ -71.126559, -32.764412 ], [ -71.126403, -32.762603 ], [ -71.126109, -32.762083 ], [ -71.124854, -32.761532 ], [ -71.123131, -32.760274 ], [ -71.122262, -32.759335 ], [ -71.121456, -32.75868 ], [ -71.120251, -32.757842 ], [ -71.119347, -32.756594 ], [ -71.119105, -32.75593 ], [ -71.11858, -32.755224 ], [ -71.117838, -32.754855 ], [ -71.116116, -32.753644 ], [ -71.115238, -32.752324 ], [ -71.114663, -32.751856 ], [ -71.11301, -32.751169 ], [ -71.112219, -32.751135 ], [ -71.110514, -32.750639 ], [ -71.109996, -32.750218 ], [ -71.109232, -32.74929 ], [ -71.108629, -32.749669 ], [ -71.108188, -32.750106 ], [ -71.107353, -32.750597 ], [ -71.106348, -32.751043 ], [ -71.100845, -32.752232 ], [ -71.099887, -32.752296 ], [ -71.098813, -32.752218 ], [ -71.09682, -32.751489 ], [ -71.095233, -32.751181 ], [ -71.092725, -32.751342 ], [ -71.091769, -32.751502 ], [ -71.090151, -32.752292 ], [ -71.089104, -32.753358 ], [ -71.088263, -32.753611 ], [ -71.087585, -32.753666 ], [ -71.087362, -32.754085 ], [ -71.086721, -32.754749 ], [ -71.085883, -32.756179 ], [ -71.085164, -32.757539 ], [ -71.085005, -32.758552 ], [ -71.084458, -32.760549 ], [ -71.084444, -32.760861 ], [ -71.0851, -32.76292 ], [ -71.085204, -32.764473 ], [ -71.085494, -32.765722 ], [ -71.086375, -32.767227 ], [ -71.086513, -32.768663 ], [ -71.086134, -32.76945 ], [ -71.085739, -32.770601 ], [ -71.085607, -32.771654 ], [ -71.086959, -32.772908 ], [ -71.087443, -32.772994 ], [ -71.088217, -32.773676 ], [ -71.088868, -32.773891 ], [ -71.089225, -32.774241 ], [ -71.08936, -32.775095 ], [ -71.090137, -32.776354 ], [ -71.091661, -32.777614 ], [ -71.093417, -32.778811 ], [ -71.09458, -32.780076 ], [ -71.094877, -32.780933 ], [ -71.09663, -32.782319 ], [ -71.097087, -32.782798 ], [ -71.097493, -32.783409 ], [ -71.097765, -32.784586 ], [ -71.09932, -32.787635 ], [ -71.099654, -32.788495 ], [ -71.100135, -32.789313 ], [ -71.100363, -32.789999 ], [ -71.100724, -32.790277 ], [ -71.101011, -32.790285 ], [ -71.10246, -32.789968 ], [ -71.103567, -32.789616 ], [ -71.104228, -32.789587 ], [ -71.105717, -32.790337 ], [ -71.106934, -32.790736 ], [ -71.107178, -32.791264 ], [ -71.107322, -32.792222 ], [ -71.107765, -32.79327 ], [ -71.109957, -32.796475 ], [ -71.110045, -32.79678 ], [ -71.109968, -32.797147 ], [ -71.112222, -32.796916 ], [ -71.113257, -32.796899 ], [ -71.114343, -32.796696 ], [ -71.115855, -32.796072 ], [ -71.118189, -32.795664 ], [ -71.119169, -32.795602 ], [ -71.120089, -32.79531 ], [ -71.121868, -32.794497 ], [ -71.123716, -32.794235 ], [ -71.124581, -32.793944 ], [ -71.125171, -32.79352 ], [ -71.125981, -32.79323 ], [ -71.127947, -32.793335 ], [ -71.12947, -32.793217 ], [ -71.130175, -32.793066 ], [ -71.131897, -32.792116 ], [ -71.132817, -32.791824 ], [ -71.134449, -32.791704 ], [ -71.135043, -32.791464 ], [ -71.135415, -32.791043 ], [ -71.135447, -32.790122 ], [ -71.135711, -32.789749 ], [ -71.136085, -32.78942 ], [ -71.136716, -32.789194 ], [ -71.136623, -32.789135 ], [ -71.138506, -32.78809 ], [ -71.13948, -32.787797 ], [ -71.140844, -32.787865 ], [ -71.142034, -32.787477 ], [ -71.142796, -32.787418 ], [ -71.14388, -32.787169 ], [ -71.144799, -32.786831 ], [ -71.146806, -32.786428 ], [ -71.147617, -32.786138 ], [ -71.149622, -32.785643 ], [ -71.15146, -32.785013 ], [ -71.152205, -32.784263 ], [ -71.152741, -32.783886 ], [ -71.153787, -32.784328 ], [ -71.155229, -32.785363 ], [ -71.156464, -32.786815 ], [ -71.156683, -32.786857 ], [ -71.156725, -32.78635 ], [ -71.156573, -32.784557 ], [ -71.156801, -32.782711 ], [ -71.158973, -32.780141 ], [ -71.159826, -32.779344 ], [ -71.162649, -32.77888 ], [ -71.16453, -32.782255 ], [ -71.169745, -32.786033 ], [ -71.171862, -32.787884 ], [ -71.173251, -32.788965 ], [ -71.176014, -32.790528 ], [ -71.178266, -32.791226 ], [ -71.180107, -32.791426 ], [ -71.179704, -32.792853 ], [ -71.179249, -32.793757 ], [ -71.178533, -32.794845 ], [ -71.176958, -32.796642 ], [ -71.176501, -32.797457 ], [ -71.174945, -32.798963 ], [ -71.174849, -32.799368 ], [ -71.172444, -32.805191 ], [ -71.171963, -32.806163 ], [ -71.171604, -32.806662 ], [ -71.171137, -32.807073 ], [ -71.170881, -32.807481 ], [ -71.169671, -32.810101 ], [ -71.169203, -32.810468 ], [ -71.168726, -32.810521 ], [ -71.168255, -32.810798 ], [ -71.167997, -32.811071 ], [ -71.167649, -32.812063 ], [ -71.166768, -32.81293 ], [ -71.165345, -32.813313 ], [ -71.163617, -32.814284 ], [ -71.162249, -32.814756 ], [ -71.161402, -32.81486 ], [ -71.160114, -32.815353 ], [ -71.159224, -32.815861 ], [ -71.158825, -32.816943 ], [ -71.158056, -32.818032 ], [ -71.157965, -32.818661 ], [ -71.158144, -32.81951 ], [ -71.158116, -32.820541 ], [ -71.157916, -32.821037 ], [ -71.157295, -32.821675 ], [ -71.156347, -32.822005 ], [ -71.15473, -32.823154 ], [ -71.153542, -32.824518 ], [ -71.152848, -32.826547 ], [ -71.152485, -32.82801 ], [ -71.152121, -32.82833 ], [ -71.151487, -32.82843 ], [ -71.149895, -32.828458 ], [ -71.148585, -32.829152 ], [ -71.145642, -32.830368 ], [ -71.143665, -32.83206 ], [ -71.142632, -32.833243 ], [ -71.140892, -32.837059 ], [ -71.140533, -32.837558 ], [ -71.139366, -32.837623 ], [ -71.138844, -32.837991 ], [ -71.138535, -32.838354 ], [ -71.138469, -32.840058 ], [ -71.138321, -32.840509 ], [ -71.13801, -32.840828 ], [ -71.137277, -32.841244 ], [ -71.136642, -32.841344 ], [ -71.135473, -32.841275 ], [ -71.134946, -32.841463 ], [ -71.134265, -32.841833 ], [ -71.133336, -32.842925 ], [ -71.132654, -32.843295 ], [ -71.131749, -32.843176 ], [ -71.130159, -32.843292 ], [ -71.129215, -32.843757 ], [ -71.128539, -32.844351 ], [ -71.12776, -32.845337 ], [ -71.12882, -32.847373 ], [ -71.130463, -32.84914 ], [ -71.130635, -32.849462 ], [ -71.131375, -32.850134 ], [ -71.132536, -32.850818 ], [ -71.134966, -32.851512 ], [ -71.137719, -32.852732 ], [ -71.139581, -32.85412 ], [ -71.140902, -32.854679 ], [ -71.142313, -32.855827 ], [ -71.14355, -32.85742 ], [ -71.144813, -32.859423 ], [ -71.145599, -32.86115 ], [ -71.14602, -32.862527 ], [ -71.146326, -32.864772 ], [ -71.146339, -32.865813 ], [ -71.146121, -32.866408 ], [ -71.145553, -32.867103 ], [ -71.145488, -32.867338 ], [ -71.147355, -32.866323 ], [ -71.148059, -32.86605 ], [ -71.150547, -32.865416 ], [ -71.152249, -32.865157 ], [ -71.156125, -32.864351 ], [ -71.15666, -32.864021 ], [ -71.156803, -32.863325 ], [ -71.156798, -32.861341 ], [ -71.15739, -32.859667 ], [ -71.158063, -32.858181 ], [ -71.158374, -32.856723 ], [ -71.158746, -32.855955 ], [ -71.158833, -32.854475 ], [ -71.159262, -32.852884 ], [ -71.16008, -32.851198 ], [ -71.160533, -32.849571 ], [ -71.161409, -32.848627 ], [ -71.161968, -32.847693 ], [ -71.162246, -32.846998 ], [ -71.163284, -32.845411 ], [ -71.163395, -32.844936 ], [ -71.163347, -32.841871 ], [ -71.163872, -32.840667 ], [ -71.164658, -32.839377 ], [ -71.164905, -32.838678 ], [ -71.165478, -32.837956 ], [ -71.165765, -32.837067 ], [ -71.166113, -32.836831 ], [ -71.166685, -32.836659 ], [ -71.167792, -32.836085 ], [ -71.168373, -32.835683 ], [ -71.169132, -32.834831 ], [ -71.169645, -32.834444 ], [ -71.170315, -32.834085 ], [ -71.17095, -32.833988 ], [ -71.172895, -32.832831 ], [ -71.173414, -32.832313 ], [ -71.174307, -32.830417 ], [ -71.175478, -32.828891 ], [ -71.175779, -32.82871 ], [ -71.177531, -32.828364 ], [ -71.179338, -32.827773 ], [ -71.180842, -32.827418 ], [ -71.181303, -32.827184 ], [ -71.182107, -32.826332 ], [ -71.182279, -32.825995 ], [ -71.182836, -32.825629 ], [ -71.183592, -32.825368 ], [ -71.186078, -32.824206 ], [ -71.187133, -32.823268 ], [ -71.187687, -32.822961 ], [ -71.188201, -32.822537 ], [ -71.188554, -32.821692 ], [ -71.189111, -32.821326 ], [ -71.191298, -32.820291 ], [ -71.192436, -32.820037 ], [ -71.192991, -32.819712 ], [ -71.193543, -32.818949 ], [ -71.194432, -32.816832 ], [ -71.194393, -32.816616 ], [ -71.193741, -32.815388 ], [ -71.193591, -32.814868 ], [ -71.193691, -32.814802 ] ] ] } },
{ "type": "Feature", "properties": { "objectid": 180, "shape_leng": 105327.94981200001, "dis_elec": 6, "cir_sena": 6, "cod_comuna": 5506, "codregion": 5, "st_area_sh": 574561389.46500003, "st_length_": 124878.124713, "Region": "Región de Valparaíso", "Comuna": "Nogales", "Provincia": "Quillota" }, "geometry": { "type": "Polygon", "coordinates": [ [ [ -71.155889, -32.597365 ], [ -71.154392, -32.59859 ], [ -71.153974, -32.599336 ], [ -71.153011, -32.600091 ], [ -71.152041, -32.600569 ], [ -71.151298, -32.601412 ], [ -71.150335, -32.602167 ], [ -71.149474, -32.602643 ], [ -71.148391, -32.602938 ], [ -71.147737, -32.60295 ], [ -71.146549, -32.603431 ], [ -71.145804, -32.604182 ], [ -71.144754, -32.605861 ], [ -71.143999, -32.606243 ], [ -71.14315, -32.607181 ], [ -71.142624, -32.60802 ], [ -71.141563, -32.609238 ], [ -71.141153, -32.610352 ], [ -71.140733, -32.611006 ], [ -71.139981, -32.61148 ], [ -71.139541, -32.611303 ], [ -71.139207, -32.611032 ], [ -71.138769, -32.610947 ], [ -71.137899, -32.611054 ], [ -71.137152, -32.611713 ], [ -71.136291, -32.612189 ], [ -71.135421, -32.612296 ], [ -71.133895, -32.612322 ], [ -71.132919, -32.612523 ], [ -71.132162, -32.612813 ], [ -71.128823, -32.61453 ], [ -71.127517, -32.614645 ], [ -71.126205, -32.614482 ], [ -71.125108, -32.614224 ], [ -71.12271, -32.614265 ], [ -71.121849, -32.614741 ], [ -71.121664, -32.616128 ], [ -71.121686, -32.61705 ], [ -71.120524, -32.618639 ], [ -71.11913, -32.619678 ], [ -71.118365, -32.619598 ], [ -71.11748, -32.619059 ], [ -71.116587, -32.618803 ], [ -71.114525, -32.618585 ], [ -71.113309, -32.61834 ], [ -71.11085, -32.61701 ], [ -71.110483, -32.616845 ], [ -71.110071, -32.616784 ], [ -71.109234, -32.616875 ], [ -71.108504, -32.617185 ], [ -71.106744, -32.618693 ], [ -71.105792, -32.619868 ], [ -71.105498, -32.620085 ], [ -71.10424, -32.62021 ], [ -71.102188, -32.619942 ], [ -71.100114, -32.620121 ], [ -71.09608, -32.619246 ], [ -71.094842, -32.619096 ], [ -71.09401, -32.619114 ], [ -71.092378, -32.619403 ], [ -71.091659, -32.619753 ], [ -71.09001, -32.620836 ], [ -71.089634, -32.620995 ], [ -71.088814, -32.62113 ], [ -71.088406, -32.621097 ], [ -71.08728, -32.620624 ], [ -71.083696, -32.618212 ], [ -71.083342, -32.618033 ], [ -71.081373, -32.617448 ], [ -71.080719, -32.617013 ], [ -71.08053, -32.616705 ], [ -71.080307, -32.616019 ], [ -71.080151, -32.614966 ], [ -71.080118, -32.613911 ], [ -71.080262, -32.612502 ], [ -71.080062, -32.611815 ], [ -71.079887, -32.611503 ], [ -71.078903, -32.61036 ], [ -71.078537, -32.609347 ], [ -71.078177, -32.608713 ], [ -71.077061, -32.607667 ], [ -71.076584, -32.605952 ], [ -71.076642, -32.605248 ], [ -71.076779, -32.604917 ], [ -71.077558, -32.604092 ], [ -71.077936, -32.603463 ], [ -71.078651, -32.601441 ], [ -71.078729, -32.600736 ], [ -71.078491, -32.599337 ], [ -71.077993, -32.597628 ], [ -71.077208, -32.596013 ], [ -71.076587, -32.595532 ], [ -71.075116, -32.594875 ], [ -71.072674, -32.594424 ], [ -71.069924, -32.593599 ], [ -71.069109, -32.593455 ], [ -71.068274, -32.5935 ], [ -71.067522, -32.593783 ], [ -71.065811, -32.594803 ], [ -71.065249, -32.594934 ], [ -71.064466, -32.595294 ], [ -71.06417, -32.59552 ], [ -71.063979, -32.595965 ], [ -71.063948, -32.597232 ], [ -71.064168, -32.598487 ], [ -71.064165, -32.599019 ], [ -71.063854, -32.599367 ], [ -71.063249, -32.599499 ], [ -71.059211, -32.599858 ], [ -71.05479, -32.599894 ], [ -71.054664, -32.600099 ], [ -71.054622, -32.600456 ], [ -71.054787, -32.603989 ], [ -71.054933, -32.604302 ], [ -71.055786, -32.605095 ], [ -71.056135, -32.605279 ], [ -71.05882, -32.605934 ], [ -71.05958, -32.606255 ], [ -71.05984, -32.606603 ], [ -71.059939, -32.607174 ], [ -71.059802, -32.60916 ], [ -71.059648, -32.60983 ], [ -71.059774, -32.610955 ], [ -71.059975, -32.611493 ], [ -71.061445, -32.613313 ], [ -71.061427, -32.613715 ], [ -71.061205, -32.614214 ], [ -71.060637, -32.61462 ], [ -71.059403, -32.615249 ], [ -71.057441, -32.615823 ], [ -71.056762, -32.616235 ], [ -71.056401, -32.616642 ], [ -71.056303, -32.61774 ], [ -71.056568, -32.619877 ], [ -71.056534, -32.623413 ], [ -71.056243, -32.624811 ], [ -71.056107, -32.625156 ], [ -71.055641, -32.625831 ], [ -71.055303, -32.62626 ], [ -71.054341, -32.627088 ], [ -71.053034, -32.627957 ], [ -71.051833, -32.628937 ], [ -71.050837, -32.630067 ], [ -71.049788, -32.631595 ], [ -71.048994, -32.632406 ], [ -71.047788, -32.633377 ], [ -71.045831, -32.634586 ], [ -71.046054, -32.63479 ], [ -71.046685, -32.634901 ], [ -71.047428, -32.63488 ], [ -71.048075, -32.634739 ], [ -71.05057, -32.634766 ], [ -71.051347, -32.635023 ], [ -71.052061, -32.635386 ], [ -71.052963, -32.636115 ], [ -71.053402, -32.636717 ], [ -71.053971, -32.637231 ], [ -71.054614, -32.638131 ], [ -71.055013, -32.63895 ], [ -71.055112, -32.639656 ], [ -71.055056, -32.640351 ], [ -71.054753, -32.641015 ], [ -71.054138, -32.641674 ], [ -71.053585, -32.643158 ], [ -71.053012, -32.644091 ], [ -71.052562, -32.645785 ], [ -71.052527, -32.646579 ], [ -71.051765, -32.648964 ], [ -71.050113, -32.651665 ], [ -71.049526, -32.652202 ], [ -71.048408, -32.652725 ], [ -71.046138, -32.653276 ], [ -71.043431, -32.654321 ], [ -71.042712, -32.655176 ], [ -71.042579, -32.655873 ], [ -71.041731, -32.657082 ], [ -71.041592, -32.657418 ], [ -71.041848, -32.658081 ], [ -71.042224, -32.65862 ], [ -71.043048, -32.659306 ], [ -71.043329, -32.660027 ], [ -71.043447, -32.660905 ], [ -71.043318, -32.661696 ], [ -71.043045, -32.662214 ], [ -71.042217, -32.662534 ], [ -71.041571, -32.662991 ], [ -71.040972, -32.66379 ], [ -71.039094, -32.665038 ], [ -71.037258, -32.666633 ], [ -71.037016, -32.666925 ], [ -71.037039, -32.667822 ], [ -71.036316, -32.668596 ], [ -71.03518, -32.670229 ], [ -71.034335, -32.670914 ], [ -71.033574, -32.671157 ], [ -71.033343, -32.671413 ], [ -71.033277, -32.672221 ], [ -71.033902, -32.673469 ], [ -71.034637, -32.674043 ], [ -71.035138, -32.674897 ], [ -71.035307, -32.67718 ], [ -71.03518, -32.678016 ], [ -71.034618, -32.67853 ], [ -71.036081, -32.680022 ], [ -71.036489, -32.680944 ], [ -71.036801, -32.682021 ], [ -71.036934, -32.683088 ], [ -71.038683, -32.684209 ], [ -71.039979, -32.685392 ], [ -71.039952, -32.685997 ], [ -71.040169, -32.68708 ], [ -71.040759, -32.687945 ], [ -71.041337, -32.68845 ], [ -71.042447, -32.688941 ], [ -71.043752, -32.689813 ], [ -71.044197, -32.690414 ], [ -71.044457, -32.691086 ], [ -71.044498, -32.691433 ], [ -71.04413, -32.69281 ], [ -71.043445, -32.693696 ], [ -71.04253, -32.694419 ], [ -71.042025, -32.694972 ], [ -71.040862, -32.697994 ], [ -71.040024, -32.699604 ], [ -71.039928, -32.699949 ], [ -71.040151, -32.700626 ], [ -71.041647, -32.701228 ], [ -71.042607, -32.701916 ], [ -71.043725, -32.702962 ], [ -71.044333, -32.703886 ], [ -71.04454, -32.704563 ], [ -71.044774, -32.706322 ], [ -71.044358, -32.709486 ], [ -71.044383, -32.710531 ], [ -71.045559, -32.714282 ], [ -71.046428, -32.715882 ], [ -71.04713, -32.718274 ], [ -71.047122, -32.719338 ], [ -71.046522, -32.720813 ], [ -71.045573, -32.722082 ], [ -71.043918, -32.723625 ], [ -71.04369, -32.725418 ], [ -71.042913, -32.726851 ], [ -71.042824, -32.727903 ], [ -71.043445, -32.730374 ], [ -71.044826, -32.732976 ], [ -71.045106, -32.734674 ], [ -71.045459, -32.735288 ], [ -71.046206, -32.735896 ], [ -71.048082, -32.736485 ], [ -71.0491, -32.736611 ], [ -71.053722, -32.736393 ], [ -71.054678, -32.736234 ], [ -71.055238, -32.736034 ], [ -71.057043, -32.736004 ], [ -71.058619, -32.735835 ], [ -71.059862, -32.73591 ], [ -71.063066, -32.737813 ], [ -71.063864, -32.738181 ], [ -71.066763, -32.739088 ], [ -71.067336, -32.73946 ], [ -71.068361, -32.739872 ], [ -71.069399, -32.740809 ], [ -71.069747, -32.741232 ], [ -71.070319, -32.741556 ], [ -71.072127, -32.74167 ], [ -71.074968, -32.742481 ], [ -71.076567, -32.743313 ], [ -71.077719, -32.744295 ], [ -71.078128, -32.744909 ], [ -71.07884, -32.746423 ], [ -71.079892, -32.747979 ], [ -71.080663, -32.749588 ], [ -71.082002, -32.75133 ], [ -71.082638, -32.751987 ], [ -71.083725, -32.752637 ], [ -71.084638, -32.753051 ], [ -71.08555, -32.753418 ], [ -71.086628, -32.753686 ], [ -71.088263, -32.753611 ], [ -71.089104, -32.753358 ], [ -71.090151, -32.752292 ], [ -71.091769, -32.751502 ], [ -71.092725, -32.751342 ], [ -71.095233, -32.751181 ], [ -71.09682, -32.751489 ], [ -71.098813, -32.752218 ], [ -71.099887, -32.752296 ], [ -71.100845, -32.752232 ], [ -71.106348, -32.751043 ], [ -71.107353, -32.750597 ], [ -71.108188, -32.750106 ], [ -71.108629, -32.749669 ], [ -71.109232, -32.74929 ], [ -71.109996, -32.750218 ], [ -71.110514, -32.750639 ], [ -71.112219, -32.751135 ], [ -71.11301, -32.751169 ], [ -71.114663, -32.751856 ], [ -71.115238, -32.752324 ], [ -71.116116, -32.753644 ], [ -71.117838, -32.754855 ], [ -71.11858, -32.755224 ], [ -71.119105, -32.75593 ], [ -71.119347, -32.756594 ], [ -71.120251, -32.757842 ], [ -71.121456, -32.75868 ], [ -71.122262, -32.759335 ], [ -71.123131, -32.760274 ], [ -71.124854, -32.761532 ], [ -71.126109, -32.762083 ], [ -71.126403, -32.762603 ], [ -71.126559, -32.764412 ], [ -71.126856, -32.765027 ], [ -71.127161, -32.765976 ], [ -71.127804, -32.766919 ], [ -71.128904, -32.768045 ], [ -71.129651, -32.768604 ], [ -71.130618, -32.768922 ], [ -71.133514, -32.769635 ], [ -71.134305, -32.76967 ], [ -71.134932, -32.769945 ], [ -71.136858, -32.770198 ], [ -71.137757, -32.77004 ], [ -71.139038, -32.769303 ], [ -71.140257, -32.768376 ], [ -71.141625, -32.767756 ], [ -71.144426, -32.76685 ], [ -71.145544, -32.766401 ], [ -71.146156, -32.766009 ], [ -71.147313, -32.764845 ], [ -71.147751, -32.764265 ], [ -71.148417, -32.763825 ], [ -71.149145, -32.763574 ], [ -71.150103, -32.76351 ], [ -71.152531, -32.763563 ], [ -71.153488, -32.763451 ], [ -71.15693, -32.763392 ], [ -71.157026, -32.762675 ], [ -71.159113, -32.762639 ], [ -71.159071, -32.760875 ], [ -71.165741, -32.762453 ], [ -71.165758, -32.765505 ], [ -71.165928, -32.76555 ], [ -71.179365, -32.765651 ], [ -71.193418, -32.765596 ], [ -71.193802, -32.764447 ], [ -71.198085, -32.766015 ], [ -71.198832, -32.766526 ], [ -71.199299, -32.767186 ], [ -71.200315, -32.769457 ], [ -71.2009, -32.770305 ], [ -71.202227, -32.771474 ], [ -71.204458, -32.772675 ], [ -71.205094, -32.773284 ], [ -71.205957, -32.773936 ], [ -71.208818, -32.775507 ], [ -71.210087, -32.776581 ], [ -71.210602, -32.776859 ], [ -71.211282, -32.77699 ], [ -71.212686, -32.776679 ], [ -71.213307, -32.776668 ], [ -71.214683, -32.777549 ], [ -71.214975, -32.777926 ], [ -71.215836, -32.778483 ], [ -71.216682, -32.778468 ], [ -71.218215, -32.778822 ], [ -71.219594, -32.779799 ], [ -71.221248, -32.780485 ], [ -71.221822, -32.780857 ], [ -71.222174, -32.781375 ], [ -71.222357, -32.781944 ], [ -71.222375, -32.782659 ], [ -71.222677, -32.783464 ], [ -71.225051, -32.785447 ], [ -71.225034, -32.785754 ], [ -71.22543, -32.786044 ], [ -71.226314, -32.786974 ], [ -71.227122, -32.788117 ], [ -71.227533, -32.7883 ], [ -71.22892, -32.788223 ], [ -71.229347, -32.788284 ], [ -71.229667, -32.788543 ], [ -71.230543, -32.79031 ], [ -71.230951, -32.791009 ], [ -71.231184, -32.791242 ], [ -71.231941, -32.791563 ], [ -71.233462, -32.791958 ], [ -71.233981, -32.792171 ], [ -71.234667, -32.792293 ], [ -71.235459, -32.792598 ], [ -71.23651, -32.792726 ], [ -71.236783, -32.793299 ], [ -71.238567, -32.79465 ], [ -71.238923, -32.795312 ], [ -71.238822, -32.79579 ], [ -71.23816, -32.796422 ], [ -71.238004, -32.79695 ], [ -71.238077, -32.797722 ], [ -71.23896, -32.798978 ], [ -71.242249, -32.802237 ], [ -71.242674, -32.803501 ], [ -71.24304, -32.805042 ], [ -71.242806, -32.806152 ], [ -71.242378, -32.807377 ], [ -71.242282, -32.808761 ], [ -71.242413, -32.811783 ], [ -71.243983, -32.810195 ], [ -71.244818, -32.809704 ], [ -71.245565, -32.809094 ], [ -71.247956, -32.807621 ], [ -71.248887, -32.806459 ], [ -71.252502, -32.804248 ], [ -71.253997, -32.803077 ], [ -71.255392, -32.802432 ], [ -71.25611, -32.801799 ], [ -71.256529, -32.800504 ], [ -71.256772, -32.798926 ], [ -71.256978, -32.798159 ], [ -71.257356, -32.797484 ], [ -71.258538, -32.796199 ], [ -71.258972, -32.795524 ], [ -71.260131, -32.794454 ], [ -71.260789, -32.793679 ], [ -71.261001, -32.793151 ], [ -71.261018, -32.791576 ], [ -71.260818, -32.790388 ], [ -71.2608, -32.789673 ], [ -71.261162, -32.788331 ], [ -71.264692, -32.785072 ], [ -71.265738, -32.784004 ], [ -71.268076, -32.782722 ], [ -71.270427, -32.781916 ], [ -71.271259, -32.781329 ], [ -71.273155, -32.780393 ], [ -71.274786, -32.7798 ], [ -71.276094, -32.779151 ], [ -71.276792, -32.77904 ], [ -71.277183, -32.779099 ], [ -71.277971, -32.779446 ], [ -71.278568, -32.779962 ], [ -71.280097, -32.780357 ], [ -71.281572, -32.780617 ], [ -71.282873, -32.780736 ], [ -71.284843, -32.780509 ], [ -71.285299, -32.780692 ], [ -71.285705, -32.781114 ], [ -71.286176, -32.781868 ], [ -71.286219, -32.782158 ], [ -71.286422, -32.782483 ], [ -71.287327, -32.782862 ], [ -71.288071, -32.783013 ], [ -71.289859, -32.782848 ], [ -71.291457, -32.782918 ], [ -71.292673, -32.783258 ], [ -71.292912, -32.78345 ], [ -71.293037, -32.784003 ], [ -71.294004, -32.78362 ], [ -71.294594, -32.782982 ], [ -71.295266, -32.781753 ], [ -71.295353, -32.781219 ], [ -71.295279, -32.779061 ], [ -71.294251, -32.7749 ], [ -71.293918, -32.77276 ], [ -71.293598, -32.771431 ], [ -71.292437, -32.770145 ], [ -71.292115, -32.769673 ], [ -71.292082, -32.769141 ], [ -71.292269, -32.768349 ], [ -71.292384, -32.768089 ], [ -71.293178, -32.767475 ], [ -71.295658, -32.766564 ], [ -71.297312, -32.765745 ], [ -71.29792, -32.765571 ], [ -71.298734, -32.765142 ], [ -71.299721, -32.764767 ], [ -71.300294, -32.764387 ], [ -71.300306, -32.764116 ], [ -71.299385, -32.762343 ], [ -71.298797, -32.7617 ], [ -71.295738, -32.758934 ], [ -71.295479, -32.758438 ], [ -71.295487, -32.758149 ], [ -71.295653, -32.757961 ], [ -71.295987, -32.757901 ], [ -71.296969, -32.75722 ], [ -71.298965, -32.755105 ], [ -71.29932, -32.754603 ], [ -71.300287, -32.753913 ], [ -71.301422, -32.75345 ], [ -71.303539, -32.752929 ], [ -71.30844, -32.750449 ], [ -71.312922, -32.748459 ], [ -71.314187, -32.747683 ], [ -71.314558, -32.747198 ], [ -71.314902, -32.74597 ], [ -71.314614, -32.745141 ], [ -71.312993, -32.743192 ], [ -71.312707, -32.742295 ], [ -71.312597, -32.7414 ], [ -71.312683, -32.740735 ], [ -71.31308, -32.739655 ], [ -71.312875, -32.738928 ], [ -71.312836, -32.737739 ], [ -71.3131, -32.73703 ], [ -71.31309, -32.736458 ], [ -71.313375, -32.735339 ], [ -71.313333, -32.734217 ], [ -71.31297, -32.733791 ], [ -71.311674, -32.733206 ], [ -71.308722, -32.732972 ], [ -71.307929, -32.732996 ], [ -71.307739, -32.732571 ], [ -71.307241, -32.730574 ], [ -71.305606, -32.727926 ], [ -71.305426, -32.727311 ], [ -71.305903, -32.726319 ], [ -71.305794, -32.725848 ], [ -71.305265, -32.725429 ], [ -71.304325, -32.724996 ], [ -71.303612, -32.724887 ], [ -71.302467, -32.72448 ], [ -71.300958, -32.723768 ], [ -71.299256, -32.722767 ], [ -71.29811, -32.722355 ], [ -71.295056, -32.720995 ], [ -71.294026, -32.720784 ], [ -71.292637, -32.719984 ], [ -71.291157, -32.719421 ], [ -71.289606, -32.718074 ], [ -71.286602, -32.716902 ], [ -71.285336, -32.716123 ], [ -71.284256, -32.715322 ], [ -71.283982, -32.715007 ], [ -71.283574, -32.714279 ], [ -71.283446, -32.713299 ], [ -71.282931, -32.712532 ], [ -71.281954, -32.711373 ], [ -71.280763, -32.710412 ], [ -71.28054, -32.710033 ], [ -71.280099, -32.708319 ], [ -71.280208, -32.707338 ], [ -71.278337, -32.706299 ], [ -71.278083, -32.705826 ], [ -71.27803, -32.705452 ], [ -71.278316, -32.704361 ], [ -71.27839, -32.703381 ], [ -71.278275, -32.70286 ], [ -71.277385, -32.701244 ], [ -71.27784, -32.699351 ], [ -71.277997, -32.698054 ], [ -71.278251, -32.697684 ], [ -71.280594, -32.696393 ], [ -71.282189, -32.695836 ], [ -71.284912, -32.695281 ], [ -71.285524, -32.695085 ], [ -71.286449, -32.694491 ], [ -71.28706, -32.693754 ], [ -71.287299, -32.692379 ], [ -71.28823, -32.691465 ], [ -71.289726, -32.690477 ], [ -71.291378, -32.68968 ], [ -71.292886, -32.688702 ], [ -71.295666, -32.687267 ], [ -71.29909, -32.686266 ], [ -71.300423, -32.686246 ], [ -71.302158, -32.686444 ], [ -71.303595, -32.6864 ], [ -71.304582, -32.686318 ], [ -71.305306, -32.686116 ], [ -71.308114, -32.685667 ], [ -71.309469, -32.6853 ], [ -71.310245, -32.684974 ], [ -71.313503, -32.683936 ], [ -71.315986, -32.682533 ], [ -71.317646, -32.68206 ], [ -71.318114, -32.68147 ], [ -71.318673, -32.679521 ], [ -71.318698, -32.678912 ], [ -71.318347, -32.677457 ], [ -71.318585, -32.676655 ], [ -71.318869, -32.676267 ], [ -71.318514, -32.676112 ], [ -71.318456, -32.675675 ], [ -71.318167, -32.675442 ], [ -71.317551, -32.675294 ], [ -71.31675, -32.675269 ], [ -71.316368, -32.675077 ], [ -71.31621, -32.674402 ], [ -71.316196, -32.673885 ], [ -71.315951, -32.673491 ], [ -71.315476, -32.673341 ], [ -71.314759, -32.672916 ], [ -71.314241, -32.672925 ], [ -71.313342, -32.672743 ], [ -71.310377, -32.672797 ], [ -71.309664, -32.672572 ], [ -71.308697, -32.671554 ], [ -71.307408, -32.670901 ], [ -71.306778, -32.670195 ], [ -71.306252, -32.669886 ], [ -71.30535, -32.669584 ], [ -71.303411, -32.668365 ], [ -71.302365, -32.667947 ], [ -71.301883, -32.667517 ], [ -71.301296, -32.666652 ], [ -71.300429, -32.665911 ], [ -71.300002, -32.66576 ], [ -71.298355, -32.66583 ], [ -71.297691, -32.665643 ], [ -71.296167, -32.664954 ], [ -71.294972, -32.664259 ], [ -71.294392, -32.663672 ], [ -71.294186, -32.662959 ], [ -71.294229, -32.661726 ], [ -71.293899, -32.659009 ], [ -71.293709, -32.658375 ], [ -71.293592, -32.656071 ], [ -71.293378, -32.654505 ], [ -71.292834, -32.653632 ], [ -71.29194, -32.652716 ], [ -71.291058, -32.652241 ], [ -71.290066, -32.651965 ], [ -71.288146, -32.651755 ], [ -71.28536, -32.651658 ], [ -71.284544, -32.651477 ], [ -71.283839, -32.651146 ], [ -71.283102, -32.650645 ], [ -71.280399, -32.649271 ], [ -71.278277, -32.647936 ], [ -71.278037, -32.647597 ], [ -71.278086, -32.647252 ], [ -71.278597, -32.646802 ], [ -71.279044, -32.646156 ], [ -71.279314, -32.645366 ], [ -71.279355, -32.644678 ], [ -71.279145, -32.643259 ], [ -71.279191, -32.642817 ], [ -71.280022, -32.641281 ], [ -71.280121, -32.640592 ], [ -71.280494, -32.63931 ], [ -71.280401, -32.637938 ], [ -71.280236, -32.637131 ], [ -71.280049, -32.636644 ], [ -71.27969, -32.636209 ], [ -71.278928, -32.635879 ], [ -71.277708, -32.635754 ], [ -71.277006, -32.635521 ], [ -71.275819, -32.634464 ], [ -71.275171, -32.634034 ], [ -71.274296, -32.633853 ], [ -71.271394, -32.63371 ], [ -71.270354, -32.633876 ], [ -71.269665, -32.634134 ], [ -71.268684, -32.634348 ], [ -71.266376, -32.634782 ], [ -71.265274, -32.634753 ], [ -71.264281, -32.634476 ], [ -71.262291, -32.633727 ], [ -71.261394, -32.632664 ], [ -71.260548, -32.631305 ], [ -71.259307, -32.630346 ], [ -71.258484, -32.62992 ], [ -71.257284, -32.629475 ], [ -71.25659, -32.629537 ], [ -71.25573, -32.629896 ], [ -71.254634, -32.63016 ], [ -71.253536, -32.630278 ], [ -71.252491, -32.630248 ], [ -71.251674, -32.630017 ], [ -71.250971, -32.629736 ], [ -71.249665, -32.628532 ], [ -71.248959, -32.628104 ], [ -71.248187, -32.627381 ], [ -71.246594, -32.626282 ], [ -71.24547, -32.62537 ], [ -71.245048, -32.624739 ], [ -71.24492, -32.624251 ], [ -71.24482, -32.622584 ], [ -71.244454, -32.621855 ], [ -71.244043, -32.621617 ], [ -71.242757, -32.621199 ], [ -71.242399, -32.620812 ], [ -71.242274, -32.620422 ], [ -71.242296, -32.618999 ], [ -71.242855, -32.618155 ], [ -71.243018, -32.61771 ], [ -71.24305, -32.61668 ], [ -71.24338, -32.615987 ], [ -71.244035, -32.615459 ], [ -71.243223, -32.615438 ], [ -71.241842, -32.61523 ], [ -71.241064, -32.614964 ], [ -71.240061, -32.61447 ], [ -71.239556, -32.614059 ], [ -71.239047, -32.613509 ], [ -71.238918, -32.612766 ], [ -71.238689, -32.612398 ], [ -71.238564, -32.611794 ], [ -71.238275, -32.61124 ], [ -71.238059, -32.609195 ], [ -71.237429, -32.608227 ], [ -71.236691, -32.607309 ], [ -71.236231, -32.606525 ], [ -71.236112, -32.606155 ], [ -71.233834, -32.60531 ], [ -71.232206, -32.604035 ], [ -71.231213, -32.603913 ], [ -71.229735, -32.604265 ], [ -71.228372, -32.604755 ], [ -71.227328, -32.60482 ], [ -71.226609, -32.604693 ], [ -71.225442, -32.604248 ], [ -71.22489, -32.604165 ], [ -71.224065, -32.604179 ], [ -71.223016, -32.604058 ], [ -71.222185, -32.60384 ], [ -71.218211, -32.603397 ], [ -71.215568, -32.603351 ], [ -71.213905, -32.602868 ], [ -71.213022, -32.602744 ], [ -71.212032, -32.602761 ], [ -71.20924, -32.603369 ], [ -71.20858, -32.603381 ], [ -71.206403, -32.604397 ], [ -71.205745, -32.604502 ], [ -71.202339, -32.604748 ], [ -71.201508, -32.60453 ], [ -71.201122, -32.604273 ], [ -71.200377, -32.604629 ], [ -71.199454, -32.604792 ], [ -71.197135, -32.604784 ], [ -71.196384, -32.604895 ], [ -71.195512, -32.604812 ], [ -71.195044, -32.604624 ], [ -71.194214, -32.603854 ], [ -71.192572, -32.603097 ], [ -71.189103, -32.601048 ], [ -71.187641, -32.600534 ], [ -71.186944, -32.600448 ], [ -71.185775, -32.600076 ], [ -71.185137, -32.600038 ], [ -71.184492, -32.599755 ], [ -71.183962, -32.59942 ], [ -71.182601, -32.598267 ], [ -71.181725, -32.597987 ], [ -71.180796, -32.597905 ], [ -71.179979, -32.597674 ], [ -71.178672, -32.597574 ], [ -71.176822, -32.597754 ], [ -71.175023, -32.597687 ], [ -71.174032, -32.597459 ], [ -71.173386, -32.597077 ], [ -71.173027, -32.596642 ], [ -71.172871, -32.594976 ], [ -71.172624, -32.594343 ], [ -71.172151, -32.593958 ], [ -71.170349, -32.593744 ], [ -71.168827, -32.593084 ], [ -71.166943, -32.59189 ], [ -71.166241, -32.591607 ], [ -71.164497, -32.591392 ], [ -71.161713, -32.591293 ], [ -71.161069, -32.591059 ], [ -71.160968, -32.590921 ], [ -71.160004, -32.591665 ], [ -71.159356, -32.591953 ], [ -71.157333, -32.593926 ], [ -71.156805, -32.594673 ], [ -71.156398, -32.59588 ], [ -71.156418, -32.59671 ], [ -71.155889, -32.597365 ] ] ] } },
{ "type": "Feature", "properties": { "objectid": 178, "shape_leng": 50791.559192499997, "dis_elec": 6, "cir_sena": 6, "cod_comuna": 5504, "codregion": 5, "st_area_sh": 111725359.962, "st_length_": 60394.368542299999, "Region": "Región de Valparaíso", "Comuna": "La Cruz", "Provincia": "Quillota" }, "geometry": { "type": "Polygon", "coordinates": [ [ [ -71.272318, -32.780785 ], [ -71.271259, -32.781329 ], [ -71.270427, -32.781916 ], [ -71.268076, -32.782722 ], [ -71.265738, -32.784004 ], [ -71.264692, -32.785072 ], [ -71.261162, -32.788331 ], [ -71.2608, -32.789673 ], [ -71.260818, -32.790388 ], [ -71.261018, -32.791576 ], [ -71.261001, -32.793151 ], [ -71.260789, -32.793679 ], [ -71.260131, -32.794454 ], [ -71.258972, -32.795524 ], [ -71.258538, -32.796199 ], [ -71.257356, -32.797484 ], [ -71.256978, -32.798159 ], [ -71.256772, -32.798926 ], [ -71.256529, -32.800504 ], [ -71.25611, -32.801799 ], [ -71.255392, -32.802432 ], [ -71.253997, -32.803077 ], [ -71.252502, -32.804248 ], [ -71.248887, -32.806459 ], [ -71.247956, -32.807621 ], [ -71.245565, -32.809094 ], [ -71.244818, -32.809704 ], [ -71.243983, -32.810195 ], [ -71.242413, -32.811783 ], [ -71.242282, -32.808761 ], [ -71.242378, -32.807377 ], [ -71.242806, -32.806152 ], [ -71.24304, -32.805042 ], [ -71.242674, -32.803501 ], [ -71.242249, -32.802237 ], [ -71.23896, -32.798978 ], [ -71.238077, -32.797722 ], [ -71.238004, -32.79695 ], [ -71.23816, -32.796422 ], [ -71.238822, -32.79579 ], [ -71.238923, -32.795312 ], [ -71.238567, -32.79465 ], [ -71.236783, -32.793299 ], [ -71.23651, -32.792726 ], [ -71.235459, -32.792598 ], [ -71.234667, -32.792293 ], [ -71.233981, -32.792171 ], [ -71.233462, -32.791958 ], [ -71.231941, -32.791563 ], [ -71.231184, -32.791242 ], [ -71.230951, -32.791009 ], [ -71.230543, -32.79031 ], [ -71.229911, -32.789016 ], [ -71.2237, -32.79296 ], [ -71.21455, -32.79845 ], [ -71.21125, -32.80023 ], [ -71.193564, -32.814652 ], [ -71.193691, -32.814802 ], [ -71.193591, -32.814868 ], [ -71.193741, -32.815388 ], [ -71.194393, -32.816616 ], [ -71.194432, -32.816832 ], [ -71.193543, -32.818949 ], [ -71.192991, -32.819712 ], [ -71.192436, -32.820037 ], [ -71.191298, -32.820291 ], [ -71.189111, -32.821326 ], [ -71.188554, -32.821692 ], [ -71.188201, -32.822537 ], [ -71.187687, -32.822961 ], [ -71.187133, -32.823268 ], [ -71.186078, -32.824206 ], [ -71.183592, -32.825368 ], [ -71.182836, -32.825629 ], [ -71.182279, -32.825995 ], [ -71.182107, -32.826332 ], [ -71.181303, -32.827184 ], [ -71.180842, -32.827418 ], [ -71.179338, -32.827773 ], [ -71.177531, -32.828364 ], [ -71.175779, -32.82871 ], [ -71.175478, -32.828891 ], [ -71.174307, -32.830417 ], [ -71.173414, -32.832313 ], [ -71.172895, -32.832831 ], [ -71.17095, -32.833988 ], [ -71.170315, -32.834085 ], [ -71.169645, -32.834444 ], [ -71.169132, -32.834831 ], [ -71.168373, -32.835683 ], [ -71.167792, -32.836085 ], [ -71.166685, -32.836659 ], [ -71.166113, -32.836831 ], [ -71.165765, -32.837067 ], [ -71.165478, -32.837956 ], [ -71.164905, -32.838678 ], [ -71.164658, -32.839377 ], [ -71.163872, -32.840667 ], [ -71.163347, -32.841871 ], [ -71.163395, -32.844936 ], [ -71.163284, -32.845411 ], [ -71.162246, -32.846998 ], [ -71.161968, -32.847693 ], [ -71.161409, -32.848627 ], [ -71.160533, -32.849571 ], [ -71.16008, -32.851198 ], [ -71.159262, -32.852884 ], [ -71.158833, -32.854475 ], [ -71.158746, -32.855955 ], [ -71.158374, -32.856723 ], [ -71.158063, -32.858181 ], [ -71.15739, -32.859667 ], [ -71.156798, -32.861341 ], [ -71.156803, -32.863325 ], [ -71.15666, -32.864021 ], [ -71.156125, -32.864351 ], [ -71.152249, -32.865157 ], [ -71.150547, -32.865416 ], [ -71.148059, -32.86605 ], [ -71.147355, -32.866323 ], [ -71.145488, -32.867338 ], [ -71.14542, -32.867909 ], [ -71.149413, -32.866523 ], [ -71.152344, -32.866139 ], [ -71.15588, -32.865076 ], [ -71.156725, -32.864918 ], [ -71.160204, -32.864977 ], [ -71.161042, -32.864581 ], [ -71.16171, -32.86414 ], [ -71.162216, -32.864036 ], [ -71.163974, -32.864244 ], [ -71.164875, -32.864085 ], [ -71.16561, -32.864072 ], [ -71.16612, -32.864111 ], [ -71.166635, -32.864389 ], [ -71.167099, -32.864858 ], [ -71.167631, -32.865803 ], [ -71.168507, -32.866933 ], [ -71.169136, -32.867256 ], [ -71.170441, -32.867424 ], [ -71.17208, -32.867396 ], [ -71.17542, -32.867529 ], [ -71.176828, -32.867313 ], [ -71.177557, -32.867062 ], [ -71.179084, -32.867083 ], [ -71.179598, -32.867265 ], [ -71.180403, -32.867824 ], [ -71.181643, -32.869251 ], [ -71.182075, -32.869507 ], [ -71.182803, -32.869516 ], [ -71.183434, -32.869257 ], [ -71.184161, -32.869212 ], [ -71.184564, -32.869528 ], [ -71.185027, -32.869649 ], [ -71.185393, -32.869503 ], [ -71.186484, -32.86873 ], [ -71.187116, -32.868482 ], [ -71.188212, -32.86786 ], [ -71.18872, -32.867797 ], [ -71.190418, -32.867304 ], [ -71.191709, -32.866323 ], [ -71.192779, -32.865744 ], [ -71.193615, -32.86546 ], [ -71.194709, -32.865333 ], [ -71.195791, -32.864722 ], [ -71.197187, -32.864374 ], [ -71.19935, -32.863593 ], [ -71.20067, -32.862675 ], [ -71.200647, -32.862103 ], [ -71.200832, -32.861826 ], [ -71.202756, -32.860743 ], [ -71.203875, -32.860465 ], [ -71.204863, -32.859492 ], [ -71.205367, -32.859299 ], [ -71.207221, -32.859167 ], [ -71.208246, -32.859195 ], [ -71.208818, -32.859387 ], [ -71.211754, -32.859563 ], [ -71.213192, -32.859317 ], [ -71.215009, -32.85984 ], [ -71.2162, -32.859748 ], [ -71.217977, -32.859894 ], [ -71.220426, -32.859435 ], [ -71.221607, -32.859121 ], [ -71.222374, -32.859264 ], [ -71.223403, -32.859169 ], [ -71.224763, -32.858815 ], [ -71.229357, -32.857962 ], [ -71.230028, -32.85814 ], [ -71.230618, -32.858125 ], [ -71.235365, -32.856714 ], [ -71.234996, -32.855652 ], [ -71.237137, -32.854951 ], [ -71.238923, -32.854478 ], [ -71.238727, -32.853901 ], [ -71.23853, -32.852808 ], [ -71.238665, -32.851422 ], [ -71.238766, -32.850944 ], [ -71.239149, -32.85046 ], [ -71.239178, -32.849362 ], [ -71.239107, -32.848792 ], [ -71.239474, -32.84764 ], [ -71.239801, -32.847158 ], [ -71.239845, -32.84668 ], [ -71.239833, -32.846203 ], [ -71.239128, -32.843998 ], [ -71.238993, -32.842576 ], [ -71.242556, -32.841561 ], [ -71.243775, -32.841332 ], [ -71.25019, -32.840596 ], [ -71.257429, -32.840983 ], [ -71.259399, -32.841361 ], [ -71.260504, -32.841444 ], [ -71.262217, -32.841362 ], [ -71.263192, -32.841137 ], [ -71.263794, -32.840713 ], [ -71.264332, -32.840186 ], [ -71.26471, -32.839377 ], [ -71.265634, -32.838404 ], [ -71.265927, -32.837881 ], [ -71.266099, -32.837413 ], [ -71.266201, -32.836583 ], [ -71.266668, -32.835695 ], [ -71.267088, -32.835326 ], [ -71.267571, -32.835058 ], [ -71.267816, -32.835054 ], [ -71.269359, -32.835491 ], [ -71.2704, -32.835473 ], [ -71.271934, -32.8356 ], [ -71.273296, -32.836144 ], [ -71.274098, -32.836336 ], [ -71.276976, -32.836284 ], [ -71.278327, -32.836415 ], [ -71.27864, -32.836668 ], [ -71.279318, -32.836862 ], [ -71.279867, -32.836749 ], [ -71.280534, -32.836478 ], [ -71.280729, -32.836271 ], [ -71.28423, -32.835298 ], [ -71.28582, -32.834413 ], [ -71.287874, -32.833947 ], [ -71.288768, -32.83389 ], [ -71.289742, -32.833381 ], [ -71.291434, -32.833124 ], [ -71.293727, -32.832383 ], [ -71.297719, -32.830547 ], [ -71.299032, -32.830257 ], [ -71.3015, -32.830554 ], [ -71.302541, -32.830558 ], [ -71.304737, -32.831067 ], [ -71.305425, -32.831357 ], [ -71.306318, -32.831498 ], [ -71.308095, -32.831429 ], [ -71.312361, -32.8309 ], [ -71.314084, -32.830899 ], [ -71.315295, -32.831048 ], [ -71.316219, -32.83123 ], [ -71.31695, -32.831518 ], [ -71.317997, -32.83176 ], [ -71.31852, -32.832084 ], [ -71.319713, -32.833054 ], [ -71.320451, -32.833293 ], [ -71.322148, -32.833194 ], [ -71.323196, -32.832732 ], [ -71.323732, -32.832244 ], [ -71.324349, -32.83212 ], [ -71.325266, -32.831535 ], [ -71.326188, -32.831541 ], [ -71.326713, -32.831662 ], [ -71.327138, -32.832095 ], [ -71.327069, -32.831664 ], [ -71.326764, -32.831291 ], [ -71.326885, -32.83073 ], [ -71.328456, -32.828734 ], [ -71.329984, -32.828305 ], [ -71.330311, -32.828051 ], [ -71.330332, -32.827545 ], [ -71.329866, -32.826625 ], [ -71.329497, -32.825636 ], [ -71.329296, -32.824562 ], [ -71.328981, -32.823666 ], [ -71.327275, -32.820767 ], [ -71.326936, -32.81874 ], [ -71.326765, -32.818351 ], [ -71.32651, -32.817999 ], [ -71.325216, -32.817031 ], [ -71.324448, -32.816058 ], [ -71.323975, -32.815603 ], [ -71.323093, -32.814861 ], [ -71.321555, -32.81384 ], [ -71.321199, -32.813084 ], [ -71.321151, -32.811692 ], [ -71.320968, -32.811032 ], [ -71.320559, -32.810724 ], [ -71.319863, -32.810588 ], [ -71.318955, -32.810443 ], [ -71.317621, -32.810445 ], [ -71.316263, -32.810168 ], [ -71.315545, -32.809704 ], [ -71.315114, -32.809094 ], [ -71.313049, -32.807225 ], [ -71.311308, -32.806017 ], [ -71.311011, -32.805567 ], [ -71.310015, -32.804999 ], [ -71.309255, -32.804711 ], [ -71.308141, -32.804475 ], [ -71.307246, -32.804058 ], [ -71.304865, -32.801352 ], [ -71.30407, -32.800203 ], [ -71.303762, -32.799154 ], [ -71.303389, -32.798611 ], [ -71.303121, -32.797579 ], [ -71.303093, -32.795956 ], [ -71.303206, -32.794876 ], [ -71.30352, -32.794113 ], [ -71.303953, -32.793384 ], [ -71.305246, -32.791822 ], [ -71.305581, -32.79109 ], [ -71.305362, -32.789449 ], [ -71.305106, -32.788962 ], [ -71.304725, -32.788491 ], [ -71.304266, -32.788121 ], [ -71.303999, -32.78804 ], [ -71.302698, -32.788213 ], [ -71.301422, -32.788119 ], [ -71.30017, -32.787894 ], [ -71.298341, -32.787395 ], [ -71.295553, -32.786062 ], [ -71.294524, -32.785427 ], [ -71.293037, -32.784003 ], [ -71.292912, -32.78345 ], [ -71.292673, -32.783258 ], [ -71.291457, -32.782918 ], [ -71.290637, -32.782834 ], [ -71.288071, -32.783013 ], [ -71.286817, -32.782707 ], [ -71.286422, -32.782483 ], [ -71.286219, -32.782158 ], [ -71.286176, -32.781868 ], [ -71.285705, -32.781114 ], [ -71.285299, -32.780692 ], [ -71.284843, -32.780509 ], [ -71.282873, -32.780736 ], [ -71.281572, -32.780617 ], [ -71.280097, -32.780357 ], [ -71.278568, -32.779962 ], [ -71.277971, -32.779446 ], [ -71.277183, -32.779099 ], [ -71.276792, -32.77904 ], [ -71.276094, -32.779151 ], [ -71.274786, -32.7798 ], [ -71.272318, -32.780785 ] ] ] } },
{ "type": "Feature", "properties": { "objectid": 177, "shape_leng": 89282.933567100001, "dis_elec": 6, "cir_sena": 6, "cod_comuna": 5503, "codregion": 5, "st_area_sh": 380839113.58399999, "st_length_": 106453.096965, "Region": "Región de Valparaíso", "Comuna": "Hijuelas", "Provincia": "Quillota" }, "geometry": { "type": "Polygon", "coordinates": [ [ [ -71.015587, -32.97737 ], [ -71.016939, -32.978422 ], [ -71.017629, -32.979452 ], [ -71.018321, -32.979854 ], [ -71.019117, -32.980081 ], [ -71.020569, -32.981249 ], [ -71.021688, -32.982652 ], [ -71.021876, -32.983328 ], [ -71.022837, -32.985106 ], [ -71.023777, -32.985963 ], [ -71.025585, -32.987049 ], [ -71.026346, -32.987618 ], [ -71.026705, -32.988242 ], [ -71.027354, -32.988959 ], [ -71.027763, -32.989053 ], [ -71.030346, -32.988726 ], [ -71.033844, -32.988853 ], [ -71.03748, -32.990312 ], [ -71.038959, -32.990518 ], [ -71.041501, -32.990638 ], [ -71.043028, -32.990567 ], [ -71.045531, -32.990204 ], [ -71.046726, -32.989908 ], [ -71.049261, -32.988578 ], [ -71.050282, -32.987871 ], [ -71.053788, -32.986019 ], [ -71.055741, -32.985481 ], [ -71.059097, -32.984229 ], [ -71.060352, -32.984209 ], [ -71.062597, -32.984494 ], [ -71.064054, -32.984953 ], [ -71.064827, -32.985308 ], [ -71.065644, -32.985248 ], [ -71.066512, -32.985004 ], [ -71.06705, -32.984673 ], [ -71.067756, -32.984477 ], [ -71.068466, -32.984511 ], [ -71.069073, -32.984777 ], [ -71.069948, -32.984855 ], [ -71.0706, -32.984706 ], [ -71.0728, -32.983059 ], [ -71.073665, -32.982723 ], [ -71.076219, -32.98222 ], [ -71.076919, -32.981794 ], [ -71.07738, -32.980498 ], [ -71.077564, -32.979023 ], [ -71.077931, -32.978373 ], [ -71.079055, -32.977434 ], [ -71.080634, -32.977269 ], [ -71.081555, -32.976932 ], [ -71.082974, -32.976954 ], [ -71.084564, -32.97725 ], [ -71.085335, -32.977513 ], [ -71.087413, -32.978836 ], [ -71.088408, -32.979371 ], [ -71.089667, -32.979488 ], [ -71.090539, -32.979428 ], [ -71.091512, -32.979043 ], [ -71.096831, -32.977712 ], [ -71.098288, -32.976997 ], [ -71.099104, -32.976891 ], [ -71.099916, -32.976601 ], [ -71.100721, -32.976036 ], [ -71.102271, -32.974629 ], [ -71.102773, -32.97278 ], [ -71.103089, -32.972269 ], [ -71.10481, -32.971182 ], [ -71.107077, -32.970131 ], [ -71.108849, -32.968905 ], [ -71.110135, -32.967871 ], [ -71.111414, -32.966561 ], [ -71.112536, -32.965576 ], [ -71.113215, -32.964276 ], [ -71.113416, -32.963536 ], [ -71.113997, -32.962744 ], [ -71.114743, -32.961996 ], [ -71.115326, -32.96125 ], [ -71.116931, -32.959888 ], [ -71.117406, -32.95919 ], [ -71.117659, -32.958357 ], [ -71.117825, -32.956192 ], [ -71.118411, -32.955584 ], [ -71.119538, -32.954783 ], [ -71.119636, -32.954321 ], [ -71.11995, -32.953763 ], [ -71.12073, -32.949839 ], [ -71.121426, -32.949275 ], [ -71.122239, -32.949077 ], [ -71.124093, -32.949 ], [ -71.125344, -32.94884 ], [ -71.127834, -32.94797 ], [ -71.129757, -32.946235 ], [ -71.130775, -32.945481 ], [ -71.133361, -32.944057 ], [ -71.134387, -32.943625 ], [ -71.135744, -32.943326 ], [ -71.141922, -32.941564 ], [ -71.142561, -32.940908 ], [ -71.142817, -32.940214 ], [ -71.143489, -32.936383 ], [ -71.144219, -32.934991 ], [ -71.145123, -32.934009 ], [ -71.145487, -32.933266 ], [ -71.146604, -32.932097 ], [ -71.147574, -32.931574 ], [ -71.148547, -32.931189 ], [ -71.149252, -32.931039 ], [ -71.150009, -32.93075 ], [ -71.151189, -32.929901 ], [ -71.151904, -32.929515 ], [ -71.151934, -32.928797 ], [ -71.151656, -32.927738 ], [ -71.151348, -32.927044 ], [ -71.150577, -32.925935 ], [ -71.149642, -32.922741 ], [ -71.148491, -32.921025 ], [ -71.147868, -32.920661 ], [ -71.147387, -32.919957 ], [ -71.146982, -32.919274 ], [ -71.146826, -32.918754 ], [ -71.146658, -32.917557 ], [ -71.146177, -32.916812 ], [ -71.145368, -32.915861 ], [ -71.145375, -32.915108 ], [ -71.146136, -32.913472 ], [ -71.146205, -32.913065 ], [ -71.146348, -32.91152 ], [ -71.146299, -32.911224 ], [ -71.146502, -32.910021 ], [ -71.146494, -32.908673 ], [ -71.146207, -32.907388 ], [ -71.14607, -32.905564 ], [ -71.145711, -32.905016 ], [ -71.145052, -32.904306 ], [ -71.144079, -32.903781 ], [ -71.14386, -32.903537 ], [ -71.144323, -32.90228 ], [ -71.144944, -32.901183 ], [ -71.145272, -32.900199 ], [ -71.145243, -32.898148 ], [ -71.145364, -32.897699 ], [ -71.145834, -32.896875 ], [ -71.145988, -32.895696 ], [ -71.145933, -32.894592 ], [ -71.145639, -32.893141 ], [ -71.144988, -32.892236 ], [ -71.144422, -32.891746 ], [ -71.144248, -32.89105 ], [ -71.144168, -32.889951 ], [ -71.143476, -32.888236 ], [ -71.14343, -32.887547 ], [ -71.143634, -32.886948 ], [ -71.144033, -32.886594 ], [ -71.144536, -32.885598 ], [ -71.145001, -32.884278 ], [ -71.1461, -32.882519 ], [ -71.146306, -32.881875 ], [ -71.146513, -32.880618 ], [ -71.147093, -32.87962 ], [ -71.147662, -32.876495 ], [ -71.14733, -32.873507 ], [ -71.146529, -32.870824 ], [ -71.145693, -32.868904 ], [ -71.145384, -32.867796 ], [ -71.145553, -32.867103 ], [ -71.146121, -32.866408 ], [ -71.146339, -32.865813 ], [ -71.146217, -32.863764 ], [ -71.14602, -32.862527 ], [ -71.145599, -32.86115 ], [ -71.145114, -32.859973 ], [ -71.14355, -32.85742 ], [ -71.142313, -32.855827 ], [ -71.140902, -32.854679 ], [ -71.139581, -32.85412 ], [ -71.137719, -32.852732 ], [ -71.134966, -32.851512 ], [ -71.132536, -32.850818 ], [ -71.131375, -32.850134 ], [ -71.130635, -32.849462 ], [ -71.130463, -32.84914 ], [ -71.12882, -32.847373 ], [ -71.12776, -32.845337 ], [ -71.128539, -32.844351 ], [ -71.129215, -32.843757 ], [ -71.130159, -32.843292 ], [ -71.131749, -32.843176 ], [ -71.132654, -32.843295 ], [ -71.133336, -32.842925 ], [ -71.134265, -32.841833 ], [ -71.134946, -32.841463 ], [ -71.135473, -32.841275 ], [ -71.136642, -32.841344 ], [ -71.137277, -32.841244 ], [ -71.13801, -32.840828 ], [ -71.138321, -32.840509 ], [ -71.138469, -32.840058 ], [ -71.138535, -32.838354 ], [ -71.138844, -32.837991 ], [ -71.139366, -32.837623 ], [ -71.140533, -32.837558 ], [ -71.140892, -32.837059 ], [ -71.142632, -32.833243 ], [ -71.143665, -32.83206 ], [ -71.145642, -32.830368 ], [ -71.148585, -32.829152 ], [ -71.149895, -32.828458 ], [ -71.151487, -32.82843 ], [ -71.152121, -32.82833 ], [ -71.152485, -32.82801 ], [ -71.152848, -32.826547 ], [ -71.153542, -32.824518 ], [ -71.15473, -32.823154 ], [ -71.156347, -32.822005 ], [ -71.157295, -32.821675 ], [ -71.157916, -32.821037 ], [ -71.158116, -32.820541 ], [ -71.158144, -32.81951 ], [ -71.157965, -32.818661 ], [ -71.158056, -32.818032 ], [ -71.158825, -32.816943 ], [ -71.159224, -32.815861 ], [ -71.160114, -32.815353 ], [ -71.161402, -32.81486 ], [ -71.162249, -32.814756 ], [ -71.163617, -32.814284 ], [ -71.165345, -32.813313 ], [ -71.166768, -32.81293 ], [ -71.167649, -32.812063 ], [ -71.167997, -32.811071 ], [ -71.168255, -32.810798 ], [ -71.168726, -32.810521 ], [ -71.169203, -32.810468 ], [ -71.169671, -32.810101 ], [ -71.170881, -32.807481 ], [ -71.171137, -32.807073 ], [ -71.171604, -32.806662 ], [ -71.171963, -32.806163 ], [ -71.172444, -32.805191 ], [ -71.174849, -32.799368 ], [ -71.174945, -32.798963 ], [ -71.176501, -32.797457 ], [ -71.176958, -32.796642 ], [ -71.178533, -32.794845 ], [ -71.179249, -32.793757 ], [ -71.179704, -32.792853 ], [ -71.180107, -32.791426 ], [ -71.178266, -32.791226 ], [ -71.176014, -32.790528 ], [ -71.173251, -32.788965 ], [ -71.171862, -32.787884 ], [ -71.169745, -32.786033 ], [ -71.16453, -32.782255 ], [ -71.162649, -32.77888 ], [ -71.159826, -32.779344 ], [ -71.158973, -32.780141 ], [ -71.156801, -32.782711 ], [ -71.156573, -32.784557 ], [ -71.156725, -32.78635 ], [ -71.156683, -32.786857 ], [ -71.156464, -32.786815 ], [ -71.155229, -32.785363 ], [ -71.153787, -32.784328 ], [ -71.152741, -32.783886 ], [ -71.152205, -32.784263 ], [ -71.15146, -32.785013 ], [ -71.149622, -32.785643 ], [ -71.147617, -32.786138 ], [ -71.146806, -32.786428 ], [ -71.144799, -32.786831 ], [ -71.14388, -32.787169 ], [ -71.142796, -32.787418 ], [ -71.142034, -32.787477 ], [ -71.140844, -32.787865 ], [ -71.13948, -32.787797 ], [ -71.138506, -32.78809 ], [ -71.136623, -32.789135 ], [ -71.136716, -32.789194 ], [ -71.136085, -32.78942 ], [ -71.135711, -32.789749 ], [ -71.135447, -32.790122 ], [ -71.135415, -32.791043 ], [ -71.135043, -32.791464 ], [ -71.134449, -32.791704 ], [ -71.132817, -32.791824 ], [ -71.131897, -32.792116 ], [ -71.130175, -32.793066 ], [ -71.12947, -32.793217 ], [ -71.127947, -32.793335 ], [ -71.125981, -32.79323 ], [ -71.125171, -32.79352 ], [ -71.124581, -32.793944 ], [ -71.123716, -32.794235 ], [ -71.121868, -32.794497 ], [ -71.120089, -32.79531 ], [ -71.119169, -32.795602 ], [ -71.118189, -32.795664 ], [ -71.115855, -32.796072 ], [ -71.114343, -32.796696 ], [ -71.113257, -32.796899 ], [ -71.112222, -32.796916 ], [ -71.109968, -32.797147 ], [ -71.110045, -32.79678 ], [ -71.109957, -32.796475 ], [ -71.107765, -32.79327 ], [ -71.107322, -32.792222 ], [ -71.107178, -32.791264 ], [ -71.106934, -32.790736 ], [ -71.105717, -32.790337 ], [ -71.104228, -32.789587 ], [ -71.103567, -32.789616 ], [ -71.10246, -32.789968 ], [ -71.101011, -32.790285 ], [ -71.100724, -32.790277 ], [ -71.100363, -32.789999 ], [ -71.100135, -32.789313 ], [ -71.099654, -32.788495 ], [ -71.09932, -32.787635 ], [ -71.097765, -32.784586 ], [ -71.097493, -32.783409 ], [ -71.097087, -32.782798 ], [ -71.09663, -32.782319 ], [ -71.094877, -32.780933 ], [ -71.09458, -32.780076 ], [ -71.093417, -32.778811 ], [ -71.091661, -32.777614 ], [ -71.090137, -32.776354 ], [ -71.08936, -32.775095 ], [ -71.089225, -32.774241 ], [ -71.088868, -32.773891 ], [ -71.088217, -32.773676 ], [ -71.087443, -32.772994 ], [ -71.086959, -32.772908 ], [ -71.085607, -32.771654 ], [ -71.085739, -32.770601 ], [ -71.086134, -32.76945 ], [ -71.086513, -32.768663 ], [ -71.086375, -32.767227 ], [ -71.085494, -32.765722 ], [ -71.085204, -32.764473 ], [ -71.0851, -32.76292 ], [ -71.084444, -32.760861 ], [ -71.084458, -32.760549 ], [ -71.085005, -32.758552 ], [ -71.085164, -32.757539 ], [ -71.086721, -32.754749 ], [ -71.087362, -32.754085 ], [ -71.087585, -32.753666 ], [ -71.086628, -32.753686 ], [ -71.08555, -32.753418 ], [ -71.083725, -32.752637 ], [ -71.082638, -32.751987 ], [ -71.082002, -32.75133 ], [ -71.080663, -32.749588 ], [ -71.079892, -32.747979 ], [ -71.07884, -32.746423 ], [ -71.078128, -32.744909 ], [ -71.077719, -32.744295 ], [ -71.077084, -32.743686 ], [ -71.075824, -32.742896 ], [ -71.074968, -32.742481 ], [ -71.072127, -32.74167 ], [ -71.070319, -32.741556 ], [ -71.069747, -32.741232 ], [ -71.069399, -32.740809 ], [ -71.068361, -32.739872 ], [ -71.067336, -32.73946 ], [ -71.066763, -32.739088 ], [ -71.063864, -32.738181 ], [ -71.063066, -32.737813 ], [ -71.059862, -32.73591 ], [ -71.058619, -32.735835 ], [ -71.057043, -32.736004 ], [ -71.055238, -32.736034 ], [ -71.054678, -32.736234 ], [ -71.053926, -32.736359 ], [ -71.05319, -32.737785 ], [ -71.053147, -32.738358 ], [ -71.053414, -32.740165 ], [ -71.053369, -32.740643 ], [ -71.053156, -32.741219 ], [ -71.052717, -32.741751 ], [ -71.050989, -32.742685 ], [ -71.050492, -32.74317 ], [ -71.049926, -32.745564 ], [ -71.049891, -32.746471 ], [ -71.049739, -32.747236 ], [ -71.049478, -32.748194 ], [ -71.049042, -32.748869 ], [ -71.048642, -32.751117 ], [ -71.048158, -32.752127 ], [ -71.047334, -32.753142 ], [ -71.046725, -32.753629 ], [ -71.045757, -32.755743 ], [ -71.045042, -32.756565 ], [ -71.044835, -32.757379 ], [ -71.044795, -32.758095 ], [ -71.044609, -32.758599 ], [ -71.043904, -32.759851 ], [ -71.043552, -32.761764 ], [ -71.043334, -32.762102 ], [ -71.042892, -32.76249 ], [ -71.041484, -32.762656 ], [ -71.040762, -32.763145 ], [ -71.039934, -32.763969 ], [ -71.038987, -32.766989 ], [ -71.038607, -32.767663 ], [ -71.037332, -32.768685 ], [ -71.036895, -32.769313 ], [ -71.036681, -32.769841 ], [ -71.036132, -32.770517 ], [ -71.035321, -32.77084 ], [ -71.034156, -32.771765 ], [ -71.03279, -32.773743 ], [ -71.031811, -32.77538 ], [ -71.030925, -32.776158 ], [ -71.030088, -32.776553 ], [ -71.02864, -32.777435 ], [ -71.027911, -32.777685 ], [ -71.027299, -32.778077 ], [ -71.026306, -32.779094 ], [ -71.025413, -32.779538 ], [ -71.024691, -32.780074 ], [ -71.023696, -32.780996 ], [ -71.02241, -32.781542 ], [ -71.020839, -32.781996 ], [ -71.019893, -32.782584 ], [ -71.018778, -32.784486 ], [ -71.018646, -32.786109 ], [ -71.018261, -32.786592 ], [ -71.017153, -32.787517 ], [ -71.016795, -32.789144 ], [ -71.016061, -32.791683 ], [ -71.015918, -32.79283 ], [ -71.015604, -32.793932 ], [ -71.015496, -32.795389 ], [ -71.01568, -32.796053 ], [ -71.01592, -32.796669 ], [ -71.016978, -32.798512 ], [ -71.017047, -32.799084 ], [ -71.016887, -32.799468 ], [ -71.016501, -32.799903 ], [ -71.016477, -32.801334 ], [ -71.016691, -32.803334 ], [ -71.016596, -32.804098 ], [ -71.016106, -32.804917 ], [ -71.015552, -32.805403 ], [ -71.015229, -32.806076 ], [ -71.015045, -32.807939 ], [ -71.015072, -32.810394 ], [ -71.014799, -32.810828 ], [ -71.013515, -32.811469 ], [ -71.012068, -32.812398 ], [ -71.011349, -32.813077 ], [ -71.009982, -32.815102 ], [ -71.009604, -32.815872 ], [ -71.00934, -32.816686 ], [ -71.009363, -32.817688 ], [ -71.009621, -32.819114 ], [ -71.009567, -32.820474 ], [ -71.009244, -32.821195 ], [ -71.00748, -32.823131 ], [ -71.006659, -32.824289 ], [ -71.006102, -32.824631 ], [ -71.005539, -32.824736 ], [ -71.004536, -32.825324 ], [ -71.003872, -32.825955 ], [ -71.002061, -32.828656 ], [ -71.003251, -32.830286 ], [ -71.004887, -32.832232 ], [ -71.005274, -32.832898 ], [ -71.00573, -32.834325 ], [ -71.006267, -32.834585 ], [ -71.009411, -32.835117 ], [ -71.009898, -32.835513 ], [ -71.010391, -32.836177 ], [ -71.010632, -32.837473 ], [ -71.01102, -32.838184 ], [ -71.012049, -32.839108 ], [ -71.014306, -32.840327 ], [ -71.015321, -32.840579 ], [ -71.016386, -32.840741 ], [ -71.019138, -32.840338 ], [ -71.021145, -32.839903 ], [ -71.022091, -32.839484 ], [ -71.022912, -32.839404 ], [ -71.023604, -32.839482 ], [ -71.02647, -32.839436 ], [ -71.027424, -32.839375 ], [ -71.028638, -32.839087 ], [ -71.029957, -32.838707 ], [ -71.030797, -32.83829 ], [ -71.033519, -32.836632 ], [ -71.037161, -32.835722 ], [ -71.038162, -32.835392 ], [ -71.039184, -32.834622 ], [ -71.039334, -32.83535 ], [ -71.039862, -32.836199 ], [ -71.040103, -32.836863 ], [ -71.039838, -32.83763 ], [ -71.039291, -32.838402 ], [ -71.038817, -32.839936 ], [ -71.038678, -32.841274 ], [ -71.038751, -32.841988 ], [ -71.039701, -32.843976 ], [ -71.040111, -32.844637 ], [ -71.040181, -32.845208 ], [ -71.040195, -32.845827 ], [ -71.039987, -32.846594 ], [ -71.039555, -32.847507 ], [ -71.039454, -32.848033 ], [ -71.039549, -32.849701 ], [ -71.039283, -32.850421 ], [ -71.037566, -32.851927 ], [ -71.035687, -32.85377 ], [ -71.035196, -32.854541 ], [ -71.034878, -32.855452 ], [ -71.034841, -32.856311 ], [ -71.034638, -32.857316 ], [ -71.034704, -32.858961 ], [ -71.033557, -32.863176 ], [ -71.033309, -32.864706 ], [ -71.033452, -32.865991 ], [ -71.033747, -32.866559 ], [ -71.034272, -32.869746 ], [ -71.034361, -32.872391 ], [ -71.034627, -32.874151 ], [ -71.035167, -32.875526 ], [ -71.038046, -32.880296 ], [ -71.038347, -32.881101 ], [ -71.038417, -32.88172 ], [ -71.038316, -32.882246 ], [ -71.038069, -32.882561 ], [ -71.037507, -32.882713 ], [ -71.037063, -32.883054 ], [ -71.036705, -32.884681 ], [ -71.035557, -32.886417 ], [ -71.034345, -32.887772 ], [ -71.033209, -32.890032 ], [ -71.032796, -32.891708 ], [ -71.031702, -32.893347 ], [ -71.028622, -32.900813 ], [ -71.028583, -32.901577 ], [ -71.028694, -32.903959 ], [ -71.028826, -32.904768 ], [ -71.029348, -32.905379 ], [ -71.029762, -32.906183 ], [ -71.029972, -32.907945 ], [ -71.030265, -32.908369 ], [ -71.03056, -32.910153 ], [ -71.030711, -32.914299 ], [ -71.030347, -32.918168 ], [ -71.030286, -32.920458 ], [ -71.030353, -32.92215 ], [ -71.030564, -32.923959 ], [ -71.030526, -32.924771 ], [ -71.030261, -32.925538 ], [ -71.029423, -32.925981 ], [ -71.028467, -32.926235 ], [ -71.027461, -32.926728 ], [ -71.026749, -32.927741 ], [ -71.025919, -32.928565 ], [ -71.02503, -32.929247 ], [ -71.024192, -32.92969 ], [ -71.022117, -32.930439 ], [ -71.021502, -32.930783 ], [ -71.021062, -32.931315 ], [ -71.020849, -32.93189 ], [ -71.020751, -32.93256 ], [ -71.020228, -32.934428 ], [ -71.019458, -32.935394 ], [ -71.018695, -32.936647 ], [ -71.017641, -32.93757 ], [ -71.017138, -32.937816 ], [ -71.016806, -32.938155 ], [ -71.016665, -32.939398 ], [ -71.016225, -32.939977 ], [ -71.015448, -32.94061 ], [ -71.014161, -32.941203 ], [ -71.013327, -32.941836 ], [ -71.012545, -32.942278 ], [ -71.011272, -32.943538 ], [ -71.010325, -32.944174 ], [ -71.00955, -32.944901 ], [ -71.006785, -32.947712 ], [ -71.005798, -32.949063 ], [ -71.005112, -32.951268 ], [ -71.005412, -32.953573 ], [ -71.006358, -32.953823 ], [ -71.008127, -32.95451 ], [ -71.009899, -32.95534 ], [ -71.010932, -32.955991 ], [ -71.011503, -32.95622 ], [ -71.012022, -32.956641 ], [ -71.012147, -32.957164 ], [ -71.012227, -32.958212 ], [ -71.012028, -32.959407 ], [ -71.011947, -32.960839 ], [ -71.011989, -32.962699 ], [ -71.011784, -32.963608 ], [ -71.011185, -32.964667 ], [ -71.011087, -32.965336 ], [ -71.011222, -32.966288 ], [ -71.011587, -32.967426 ], [ -71.012941, -32.969741 ], [ -71.013241, -32.9705 ], [ -71.013693, -32.972972 ], [ -71.01381, -32.975593 ], [ -71.014226, -32.976755 ], [ -71.015587, -32.97737 ] ] ] } },
{ "type": "Feature", "properties": { "objectid": 199, "shape_leng": 163202.154847, "dis_elec": 6, "cir_sena": 6, "cod_comuna": 5801, "codregion": 5, "st_area_sh": 767400372.21000004, "st_length_": 195680.328671, "Region": "Región de Valparaíso", "Comuna": "Quilpué", "Provincia": "Marga Marga" }, "geometry": { "type": "Polygon", "coordinates": [ [ [ -71.431173, -33.002003 ], [ -71.429477, -33.002767 ], [ -71.428788, -33.002964 ], [ -71.427915, -33.003386 ], [ -71.427001, -33.003184 ], [ -71.42662, -33.00326 ], [ -71.42648, -33.003428 ], [ -71.426367, -33.004245 ], [ -71.426184, -33.004667 ], [ -71.425579, -33.005371 ], [ -71.424723, -33.007086 ], [ -71.423798, -33.008194 ], [ -71.423117, -33.008489 ], [ -71.421258, -33.008833 ], [ -71.419896, -33.008456 ], [ -71.419255, -33.008418 ], [ -71.418943, -33.0085 ], [ -71.418158, -33.008956 ], [ -71.417538, -33.008987 ], [ -71.416846, -33.009403 ], [ -71.415708, -33.009359 ], [ -71.415269, -33.009513 ], [ -71.414771, -33.009827 ], [ -71.414537, -33.010241 ], [ -71.414375, -33.010331 ], [ -71.411069, -33.009962 ], [ -71.408916, -33.010656 ], [ -71.407303, -33.011609 ], [ -71.406493, -33.011863 ], [ -71.404601, -33.011106 ], [ -71.403736, -33.010908 ], [ -71.403289, -33.010938 ], [ -71.402556, -33.011151 ], [ -71.401957, -33.011436 ], [ -71.401734, -33.01165 ], [ -71.401134, -33.012798 ], [ -71.400717, -33.013326 ], [ -71.400504, -33.013428 ], [ -71.400088, -33.013421 ], [ -71.399151, -33.013295 ], [ -71.399159, -33.013976 ], [ -71.398837, -33.013956 ], [ -71.399726, -33.045736 ], [ -71.39836, -33.04601 ], [ -71.398342, -33.046286 ], [ -71.399131, -33.054532 ], [ -71.400489, -33.054757 ], [ -71.400544, -33.055811 ], [ -71.400368, -33.055944 ], [ -71.400463, -33.059855 ], [ -71.399897, -33.05988 ], [ -71.400558, -33.06567 ], [ -71.400948, -33.067604 ], [ -71.400046, -33.067604 ], [ -71.398911, -33.067815 ], [ -71.398207, -33.06826 ], [ -71.397957, -33.06872 ], [ -71.396707, -33.069977 ], [ -71.396008, -33.070204 ], [ -71.394724, -33.070383 ], [ -71.392822, -33.07047 ], [ -71.392297, -33.070589 ], [ -71.391149, -33.071358 ], [ -71.390899, -33.071766 ], [ -71.390191, -33.072528 ], [ -71.388614, -33.073113 ], [ -71.388094, -33.073568 ], [ -71.387379, -33.073909 ], [ -71.385982, -33.075144 ], [ -71.385478, -33.075177 ], [ -71.384552, -33.074771 ], [ -71.383849, -33.074598 ], [ -71.381805, -33.074559 ], [ -71.380847, -33.074852 ], [ -71.380538, -33.074852 ], [ -71.379904, -33.074381 ], [ -71.379303, -33.074332 ], [ -71.378133, -33.077371 ], [ -71.37732, -33.079044 ], [ -71.376058, -33.080951 ], [ -71.375842, -33.081709 ], [ -71.375695, -33.081888 ], [ -71.37524, -33.082002 ], [ -71.374915, -33.081904 ], [ -71.374542, -33.081677 ], [ -71.373762, -33.080946 ], [ -71.373117, -33.080713 ], [ -71.372218, -33.079742 ], [ -71.371793, -33.079583 ], [ -71.370441, -33.080044 ], [ -71.370205, -33.080265 ], [ -71.370175, -33.080559 ], [ -71.370788, -33.082164 ], [ -71.370788, -33.082441 ], [ -71.369628, -33.083004 ], [ -71.368165, -33.084235 ], [ -71.366256, -33.086544 ], [ -71.365659, -33.087575 ], [ -71.364549, -33.088594 ], [ -71.364775, -33.088801 ], [ -71.364829, -33.089222 ], [ -71.364753, -33.08964 ], [ -71.364891, -33.090499 ], [ -71.36569, -33.093347 ], [ -71.36464, -33.093718 ], [ -71.363678, -33.093927 ], [ -71.361964, -33.094554 ], [ -71.361128, -33.095265 ], [ -71.360626, -33.095851 ], [ -71.360082, -33.096269 ], [ -71.358953, -33.098109 ], [ -71.358577, -33.098318 ], [ -71.357114, -33.098443 ], [ -71.355358, -33.099238 ], [ -71.353769, -33.099656 ], [ -71.352783, -33.099321 ], [ -71.35235, -33.09945 ], [ -71.351845, -33.100074 ], [ -71.351176, -33.100617 ], [ -71.350576, -33.100879 ], [ -71.34984, -33.101355 ], [ -71.347935, -33.101442 ], [ -71.347288, -33.101746 ], [ -71.346506, -33.101745 ], [ -71.345987, -33.101918 ], [ -71.345448, -33.10229 ], [ -71.344688, -33.102611 ], [ -71.343733, -33.102834 ], [ -71.342395, -33.102792 ], [ -71.341726, -33.103043 ], [ -71.340974, -33.103795 ], [ -71.339845, -33.105217 ], [ -71.339259, -33.105677 ], [ -71.338674, -33.10597 ], [ -71.337963, -33.106137 ], [ -71.336751, -33.106095 ], [ -71.33604, -33.106513 ], [ -71.334869, -33.107558 ], [ -71.333865, -33.108855 ], [ -71.333196, -33.109022 ], [ -71.332611, -33.109022 ], [ -71.33006, -33.10944 ], [ -71.329266, -33.109356 ], [ -71.328513, -33.109147 ], [ -71.327593, -33.109106 ], [ -71.326966, -33.108771 ], [ -71.326757, -33.108395 ], [ -71.326192, -33.108081 ], [ -71.325731, -33.107313 ], [ -71.3255, -33.107165 ], [ -71.325206, -33.107189 ], [ -71.325029, -33.107345 ], [ -71.32464, -33.108078 ], [ -71.32424, -33.108391 ], [ -71.32229, -33.108389 ], [ -71.321663, -33.108706 ], [ -71.320513, -33.109835 ], [ -71.319755, -33.110307 ], [ -71.319402, -33.110695 ], [ -71.319106, -33.111502 ], [ -71.31863, -33.112389 ], [ -71.317793, -33.113321 ], [ -71.317038, -33.113946 ], [ -71.316501, -33.114223 ], [ -71.315056, -33.114479 ], [ -71.313759, -33.11519 ], [ -71.313138, -33.115698 ], [ -71.312523, -33.116473 ], [ -71.31172, -33.117881 ], [ -71.310252, -33.118977 ], [ -71.308549, -33.119772 ], [ -71.305126, -33.120713 ], [ -71.30318, -33.120902 ], [ -71.302181, -33.120844 ], [ -71.30145, -33.120629 ], [ -71.300622, -33.120224 ], [ -71.299929, -33.119741 ], [ -71.299555, -33.119289 ], [ -71.299187, -33.119105 ], [ -71.296518, -33.119384 ], [ -71.295837, -33.119358 ], [ -71.295288, -33.119177 ], [ -71.2945, -33.118543 ], [ -71.293908, -33.118439 ], [ -71.293227, -33.118452 ], [ -71.292777, -33.118575 ], [ -71.292509, -33.118732 ], [ -71.292489, -33.118828 ], [ -71.291229, -33.119233 ], [ -71.289003, -33.120839 ], [ -71.287837, -33.121395 ], [ -71.2868, -33.121643 ], [ -71.284449, -33.121915 ], [ -71.283314, -33.121898 ], [ -71.281536, -33.121548 ], [ -71.28103, -33.121291 ], [ -71.280051, -33.120278 ], [ -71.279683, -33.120055 ], [ -71.279273, -33.120025 ], [ -71.278058, -33.120391 ], [ -71.27738, -33.120479 ], [ -71.276608, -33.120455 ], [ -71.275739, -33.120166 ], [ -71.275503, -33.119827 ], [ -71.275485, -33.11914 ], [ -71.27534, -33.118799 ], [ -71.275105, -33.11846 ], [ -71.274085, -33.1176 ], [ -71.273926, -33.117584 ], [ -71.272305, -33.118072 ], [ -71.271033, -33.11798 ], [ -71.270401, -33.118106 ], [ -71.269999, -33.118343 ], [ -71.26959, -33.11835 ], [ -71.269038, -33.118055 ], [ -71.268477, -33.117378 ], [ -71.267512, -33.116899 ], [ -71.267399, -33.116656 ], [ -71.267019, -33.117711 ], [ -71.266667, -33.117911 ], [ -71.266215, -33.118433 ], [ -71.265315, -33.118851 ], [ -71.26424, -33.11956 ], [ -71.263365, -33.120014 ], [ -71.260678, -33.121284 ], [ -71.260285, -33.121553 ], [ -71.258609, -33.123198 ], [ -71.258192, -33.123439 ], [ -71.257243, -33.123777 ], [ -71.255592, -33.124812 ], [ -71.254041, -33.126522 ], [ -71.253159, -33.126966 ], [ -71.251686, -33.128237 ], [ -71.250666, -33.128702 ], [ -71.248429, -33.13051 ], [ -71.246621, -33.13263 ], [ -71.245239, -33.135135 ], [ -71.245133, -33.13547 ], [ -71.244099, -33.137162 ], [ -71.241139, -33.138978 ], [ -71.240491, -33.140234 ], [ -71.238303, -33.14118 ], [ -71.237633, -33.14162 ], [ -71.237193, -33.142151 ], [ -71.237163, -33.143202 ], [ -71.237059, -33.143587 ], [ -71.236168, -33.144234 ], [ -71.235487, -33.144197 ], [ -71.234907, -33.143729 ], [ -71.234107, -33.14346 ], [ -71.232208, -33.142394 ], [ -71.231406, -33.142074 ], [ -71.231115, -33.141796 ], [ -71.230526, -33.140945 ], [ -71.230398, -33.140375 ], [ -71.229995, -33.140143 ], [ -71.228126, -33.140226 ], [ -71.227565, -33.140475 ], [ -71.226505, -33.141161 ], [ -71.226055, -33.141313 ], [ -71.225656, -33.141271 ], [ -71.224412, -33.141388 ], [ -71.223957, -33.141351 ], [ -71.223202, -33.140648 ], [ -71.221548, -33.140294 ], [ -71.220169, -33.139606 ], [ -71.217628, -33.139444 ], [ -71.216772, -33.139572 ], [ -71.215625, -33.139935 ], [ -71.212087, -33.141928 ], [ -71.209457, -33.143187 ], [ -71.209009, -33.143524 ], [ -71.208695, -33.143891 ], [ -71.208498, -33.145048 ], [ -71.208245, -33.145774 ], [ -71.206919, -33.147552 ], [ -71.20671, -33.14779 ], [ -71.205376, -33.148756 ], [ -71.203869, -33.149752 ], [ -71.202673, -33.151355 ], [ -71.202378, -33.152479 ], [ -71.200932, -33.153762 ], [ -71.20039, -33.154133 ], [ -71.200182, -33.154429 ], [ -71.199283, -33.156353 ], [ -71.199067, -33.158155 ], [ -71.198635, -33.15975 ], [ -71.19815, -33.160764 ], [ -71.197691, -33.161471 ], [ -71.197255, -33.161407 ], [ -71.196114, -33.161598 ], [ -71.195337, -33.161594 ], [ -71.194687, -33.161249 ], [ -71.193497, -33.160404 ], [ -71.191755, -33.159677 ], [ -71.190521, -33.158865 ], [ -71.190123, -33.158336 ], [ -71.189823, -33.157042 ], [ -71.189107, -33.155179 ], [ -71.188945, -33.153879 ], [ -71.18868, -33.152932 ], [ -71.188111, -33.152072 ], [ -71.187354, -33.151324 ], [ -71.187016, -33.151185 ], [ -71.184366, -33.150646 ], [ -71.18206, -33.150411 ], [ -71.180663, -33.149845 ], [ -71.179794, -33.149193 ], [ -71.179381, -33.148483 ], [ -71.179368, -33.14796 ], [ -71.179582, -33.147434 ], [ -71.179855, -33.146996 ], [ -71.181129, -33.145734 ], [ -71.181565, -33.145059 ], [ -71.181667, -33.144579 ], [ -71.181582, -33.143435 ], [ -71.181346, -33.143061 ], [ -71.18023, -33.142426 ], [ -71.179094, -33.142198 ], [ -71.178709, -33.142228 ], [ -71.177617, -33.142571 ], [ -71.176849, -33.142666 ], [ -71.17646, -33.142628 ], [ -71.175376, -33.14229 ], [ -71.171498, -33.142245 ], [ -71.169592, -33.142558 ], [ -71.168821, -33.142576 ], [ -71.167682, -33.142375 ], [ -71.166717, -33.141819 ], [ -71.166004, -33.141561 ], [ -71.165245, -33.141425 ], [ -71.16407, -33.141365 ], [ -71.163697, -33.141403 ], [ -71.163064, -33.141788 ], [ -71.162351, -33.142044 ], [ -71.161233, -33.142961 ], [ -71.160911, -33.143124 ], [ -71.160149, -33.143272 ], [ -71.15908, -33.143665 ], [ -71.157931, -33.143802 ], [ -71.155604, -33.143707 ], [ -71.153726, -33.143298 ], [ -71.153084, -33.142939 ], [ -71.151935, -33.141214 ], [ -71.150296, -33.139782 ], [ -71.149421, -33.138796 ], [ -71.1485, -33.138239 ], [ -71.147588, -33.138061 ], [ -71.146737, -33.138031 ], [ -71.144585, -33.138208 ], [ -71.143161, -33.137948 ], [ -71.141288, -33.137886 ], [ -71.139368, -33.138252 ], [ -71.138864, -33.1385 ], [ -71.137279, -33.138622 ], [ -71.133462, -33.137916 ], [ -71.133532, -33.137257 ], [ -71.133776, -33.136626 ], [ -71.134136, -33.13606 ], [ -71.134925, -33.135321 ], [ -71.135548, -33.135022 ], [ -71.135839, -33.134778 ], [ -71.135965, -33.134131 ], [ -71.137618, -33.130468 ], [ -71.137907, -33.129526 ], [ -71.138002, -33.12658 ], [ -71.137957, -33.125602 ], [ -71.137129, -33.123087 ], [ -71.136686, -33.122179 ], [ -71.136202, -33.121674 ], [ -71.136089, -33.121107 ], [ -71.135479, -33.121154 ], [ -71.133368, -33.12096 ], [ -71.132744, -33.120845 ], [ -71.13086, -33.120169 ], [ -71.128768, -33.119853 ], [ -71.127938, -33.119452 ], [ -71.12626, -33.119346 ], [ -71.125586, -33.119204 ], [ -71.125126, -33.118847 ], [ -71.124893, -33.117714 ], [ -71.124691, -33.117213 ], [ -71.124431, -33.11705 ], [ -71.123158, -33.116675 ], [ -71.12297, -33.116449 ], [ -71.122482, -33.115393 ], [ -71.121874, -33.114921 ], [ -71.1215, -33.114814 ], [ -71.121048, -33.114818 ], [ -71.120738, -33.114949 ], [ -71.119165, -33.116144 ], [ -71.117523, -33.116631 ], [ -71.116296, -33.117144 ], [ -71.114339, -33.117714 ], [ -71.112699, -33.118346 ], [ -71.110936, -33.118813 ], [ -71.110195, -33.118744 ], [ -71.109775, -33.118382 ], [ -71.109052, -33.117262 ], [ -71.106577, -33.115771 ], [ -71.105326, -33.114859 ], [ -71.105222, -33.114631 ], [ -71.1052, -33.114 ], [ -71.104933, -33.11372 ], [ -71.103906, -33.113503 ], [ -71.09972, -33.111491 ], [ -71.098614, -33.111171 ], [ -71.097107, -33.110872 ], [ -71.096757, -33.110688 ], [ -71.094556, -33.108895 ], [ -71.093844, -33.10846 ], [ -71.092478, -33.107942 ], [ -71.09065, -33.107472 ], [ -71.090452, -33.107322 ], [ -71.090083, -33.106413 ], [ -71.089816, -33.106075 ], [ -71.089214, -33.105666 ], [ -71.088103, -33.105378 ], [ -71.086636, -33.10529 ], [ -71.085956, -33.105058 ], [ -71.082584, -33.103076 ], [ -71.080563, -33.101545 ], [ -71.079545, -33.100557 ], [ -71.077334, -33.099868 ], [ -71.075535, -33.098964 ], [ -71.073461, -33.097182 ], [ -71.072819, -33.096782 ], [ -71.072447, -33.09668 ], [ -71.072069, -33.09661 ], [ -71.070908, -33.096634 ], [ -71.070151, -33.096727 ], [ -71.069395, -33.09701 ], [ -71.069069, -33.097304 ], [ -71.067941, -33.099027 ], [ -71.066032, -33.100655 ], [ -71.065068, -33.101176 ], [ -71.064338, -33.101432 ], [ -71.063595, -33.101602 ], [ -71.062827, -33.101642 ], [ -71.061662, -33.101539 ], [ -71.060973, -33.101267 ], [ -71.059381, -33.100328 ], [ -71.058331, -33.099371 ], [ -71.057211, -33.099097 ], [ -71.056053, -33.098999 ], [ -71.054616, -33.098526 ], [ -71.053465, -33.098374 ], [ -71.051912, -33.098395 ], [ -71.046509, -33.098773 ], [ -71.045257, -33.098554 ], [ -71.043878, -33.097765 ], [ -71.04302, -33.097446 ], [ -71.042051, -33.097223 ], [ -71.041485, -33.097232 ], [ -71.039602, -33.09674 ], [ -71.038515, -33.096279 ], [ -71.037938, -33.09586 ], [ -71.036503, -33.095072 ], [ -71.034198, -33.093487 ], [ -71.033788, -33.092921 ], [ -71.032975, -33.092077 ], [ -71.032674, -33.091316 ], [ -71.031935, -33.088753 ], [ -71.031524, -33.088138 ], [ -71.031452, -33.087472 ], [ -71.030777, -33.085242 ], [ -71.030484, -33.084813 ], [ -71.029845, -33.084157 ], [ -71.029179, -33.084028 ], [ -71.027343, -33.08514 ], [ -71.025069, -33.086299 ], [ -71.022639, -33.087849 ], [ -71.021703, -33.088861 ], [ -71.016689, -33.093677 ], [ -71.015284, -33.095196 ], [ -71.015145, -33.095487 ], [ -71.015253, -33.096207 ], [ -71.015823, -33.097397 ], [ -71.016396, -33.099259 ], [ -71.017005, -33.101765 ], [ -71.017516, -33.102983 ], [ -71.018109, -33.105814 ], [ -71.018317, -33.106429 ], [ -71.019822, -33.109371 ], [ -71.020044, -33.109985 ], [ -71.020138, -33.11062 ], [ -71.019818, -33.111545 ], [ -71.019697, -33.112818 ], [ -71.019487, -33.113768 ], [ -71.019738, -33.118255 ], [ -71.019661, -33.118901 ], [ -71.019323, -33.120052 ], [ -71.018337, -33.120799 ], [ -71.017365, -33.121784 ], [ -71.016764, -33.122596 ], [ -71.016496, -33.123196 ], [ -71.016075, -33.124762 ], [ -71.01533, -33.126226 ], [ -71.014912, -33.127469 ], [ -71.014501, -33.128359 ], [ -71.014239, -33.129292 ], [ -71.012987, -33.131269 ], [ -71.01275, -33.132215 ], [ -71.012381, -33.136365 ], [ -71.012403, -33.138286 ], [ -71.01255, -33.139559 ], [ -71.013116, -33.140686 ], [ -71.013279, -33.141342 ], [ -71.013293, -33.142176 ], [ -71.013202, -33.142628 ], [ -71.012849, -33.14313 ], [ -71.012451, -33.143452 ], [ -71.012073, -33.144144 ], [ -71.012054, -33.144369 ], [ -71.012181, -33.144665 ], [ -71.012441, -33.1449 ], [ -71.013116, -33.145209 ], [ -71.013662, -33.145642 ], [ -71.014334, -33.146803 ], [ -71.014529, -33.147413 ], [ -71.014529, -33.147734 ], [ -71.014299, -33.149004 ], [ -71.012932, -33.150541 ], [ -71.012169, -33.15201 ], [ -71.011585, -33.152845 ], [ -71.010185, -33.15395 ], [ -71.009533, -33.154258 ], [ -71.009174, -33.154322 ], [ -71.006868, -33.154165 ], [ -71.005743, -33.154337 ], [ -71.004606, -33.154364 ], [ -71.004419, -33.154624 ], [ -71.004591, -33.155906 ], [ -71.004542, -33.157508 ], [ -71.004404, -33.158137 ], [ -71.004045, -33.158909 ], [ -71.003219, -33.159441 ], [ -71.001014, -33.161916 ], [ -70.998578, -33.165355 ], [ -70.997926, -33.166429 ], [ -70.996942, -33.167608 ], [ -70.996, -33.168318 ], [ -70.995467, -33.168958 ], [ -70.995217, -33.169485 ], [ -70.994513, -33.171976 ], [ -70.993101, -33.173668 ], [ -70.991584, -33.175793 ], [ -70.992269, -33.176715 ], [ -70.993368, -33.177545 ], [ -70.993457, -33.17868 ], [ -70.993813, -33.179477 ], [ -70.993763, -33.179752 ], [ -70.993468, -33.180267 ], [ -70.992667, -33.181172 ], [ -70.992518, -33.182036 ], [ -70.992544, -33.182599 ], [ -70.992676, -33.182845 ], [ -70.993309, -33.183475 ], [ -70.995302, -33.186252 ], [ -70.996784, -33.190485 ], [ -70.998192, -33.192252 ], [ -70.998167, -33.192794 ], [ -70.997162, -33.195461 ], [ -70.996926, -33.197566 ], [ -70.997669, -33.198605 ], [ -70.998834, -33.198564 ], [ -71.00235, -33.197975 ], [ -71.004285, -33.197876 ], [ -71.007801, -33.198834 ], [ -71.009259, -33.199559 ], [ -71.009923, -33.199792 ], [ -71.012577, -33.19969 ], [ -71.014743, -33.199853 ], [ -71.015522, -33.200314 ], [ -71.016138, -33.201643 ], [ -71.016573, -33.203012 ], [ -71.016958, -33.203258 ], [ -71.017409, -33.203395 ], [ -71.017888, -33.203351 ], [ -71.01853, -33.203057 ], [ -71.019383, -33.202078 ], [ -71.020041, -33.201481 ], [ -71.021651, -33.201049 ], [ -71.022608, -33.200979 ], [ -71.024542, -33.201061 ], [ -71.025677, -33.201394 ], [ -71.026538, -33.201763 ], [ -71.026936, -33.202266 ], [ -71.026996, -33.203284 ], [ -71.028536, -33.205099 ], [ -71.028706, -33.205488 ], [ -71.028732, -33.205884 ], [ -71.028371, -33.20663 ], [ -71.027252, -33.20796 ], [ -71.026785, -33.209113 ], [ -71.026302, -33.210681 ], [ -71.025937, -33.212481 ], [ -71.025707, -33.214095 ], [ -71.025679, -33.214911 ], [ -71.025913, -33.215697 ], [ -71.026365, -33.216172 ], [ -71.02698, -33.216486 ], [ -71.027925, -33.216678 ], [ -71.029128, -33.216745 ], [ -71.031033, -33.216483 ], [ -71.032138, -33.216078 ], [ -71.033071, -33.215431 ], [ -71.033462, -33.214915 ], [ -71.033597, -33.214322 ], [ -71.033523, -33.213507 ], [ -71.033121, -33.211927 ], [ -71.033131, -33.211512 ], [ -71.03332, -33.211148 ], [ -71.034462, -33.210106 ], [ -71.035027, -33.209443 ], [ -71.038489, -33.207587 ], [ -71.040482, -33.206869 ], [ -71.041198, -33.206781 ], [ -71.041683, -33.206849 ], [ -71.042067, -33.207073 ], [ -71.042653, -33.207731 ], [ -71.04304, -33.208694 ], [ -71.043415, -33.209211 ], [ -71.044368, -33.209844 ], [ -71.044817, -33.209936 ], [ -71.046033, -33.209907 ], [ -71.047716, -33.209758 ], [ -71.048419, -33.209588 ], [ -71.048809, -33.209356 ], [ -71.050819, -33.207326 ], [ -71.051962, -33.206013 ], [ -71.053058, -33.205224 ], [ -71.054318, -33.204626 ], [ -71.055985, -33.204387 ], [ -71.056949, -33.204479 ], [ -71.057122, -33.204607 ], [ -71.057336, -33.204982 ], [ -71.057583, -33.206182 ], [ -71.058114, -33.209595 ], [ -71.05831, -33.212234 ], [ -71.058643, -33.213622 ], [ -71.05986, -33.215833 ], [ -71.060254, -33.217211 ], [ -71.060318, -33.218423 ], [ -71.05981, -33.221028 ], [ -71.059737, -33.221841 ], [ -71.060043, -33.224672 ], [ -71.060198, -33.225256 ], [ -71.060727, -33.225942 ], [ -71.061278, -33.226338 ], [ -71.064542, -33.227709 ], [ -71.066124, -33.228634 ], [ -71.072092, -33.23028 ], [ -71.07448, -33.230609 ], [ -71.075166, -33.23049 ], [ -71.075967, -33.230012 ], [ -71.07648, -33.229593 ], [ -71.077214, -33.228539 ], [ -71.077543, -33.228241 ], [ -71.079684, -33.226933 ], [ -71.081287, -33.225703 ], [ -71.082757, -33.224997 ], [ -71.085126, -33.224592 ], [ -71.086633, -33.223954 ], [ -71.088886, -33.222428 ], [ -71.092467, -33.220749 ], [ -71.093207, -33.220227 ], [ -71.093464, -33.219876 ], [ -71.093885, -33.219684 ], [ -71.094584, -33.219821 ], [ -71.094965, -33.220076 ], [ -71.095635, -33.220317 ], [ -71.097036, -33.220605 ], [ -71.101136, -33.220495 ], [ -71.102555, -33.220728 ], [ -71.103763, -33.220717 ], [ -71.104703, -33.220556 ], [ -71.105668, -33.220567 ], [ -71.107097, -33.220363 ], [ -71.108304, -33.220306 ], [ -71.109723, -33.220548 ], [ -71.110656, -33.22083 ], [ -71.112273, -33.221677 ], [ -71.113171, -33.221982 ], [ -71.11389, -33.222533 ], [ -71.114315, -33.223243 ], [ -71.115022, -33.225404 ], [ -71.115416, -33.226146 ], [ -71.115824, -33.226653 ], [ -71.117553, -33.228341 ], [ -71.118568, -33.229961 ], [ -71.119805, -33.230932 ], [ -71.120681, -33.231259 ], [ -71.121639, -33.231378 ], [ -71.122791, -33.231683 ], [ -71.123752, -33.231766 ], [ -71.125302, -33.232731 ], [ -71.126578, -33.233318 ], [ -71.127257, -33.23351 ], [ -71.128929, -33.233729 ], [ -71.129376, -33.233897 ], [ -71.13081, -33.234991 ], [ -71.131224, -33.235178 ], [ -71.134759, -33.235852 ], [ -71.140156, -33.237756 ], [ -71.140534, -33.237754 ], [ -71.141042, -33.237453 ], [ -71.141387, -33.237118 ], [ -71.141517, -33.236791 ], [ -71.142697, -33.235801 ], [ -71.144407, -33.235239 ], [ -71.144739, -33.235008 ], [ -71.145128, -33.234429 ], [ -71.145889, -33.233875 ], [ -71.148903, -33.232389 ], [ -71.14942, -33.231614 ], [ -71.150417, -33.229725 ], [ -71.151888, -33.228636 ], [ -71.152919, -33.228307 ], [ -71.155447, -33.228042 ], [ -71.158387, -33.227495 ], [ -71.15905, -33.227258 ], [ -71.16048, -33.226494 ], [ -71.162725, -33.225742 ], [ -71.163436, -33.225829 ], [ -71.163754, -33.226117 ], [ -71.16469, -33.22748 ], [ -71.164794, -33.228159 ], [ -71.165108, -33.22911 ], [ -71.165646, -33.229596 ], [ -71.166322, -33.229828 ], [ -71.167824, -33.22977 ], [ -71.169333, -33.230159 ], [ -71.170775, -33.230864 ], [ -71.171781, -33.230828 ], [ -71.173171, -33.230457 ], [ -71.178148, -33.22839 ], [ -71.179725, -33.227885 ], [ -71.184236, -33.227188 ], [ -71.184959, -33.227216 ], [ -71.186616, -33.227507 ], [ -71.187343, -33.227508 ], [ -71.187542, -33.227474 ], [ -71.18766, -33.227229 ], [ -71.188362, -33.226736 ], [ -71.189435, -33.226778 ], [ -71.192959, -33.227617 ], [ -71.195627, -33.228531 ], [ -71.196633, -33.228753 ], [ -71.199493, -33.228763 ], [ -71.200212, -33.22893 ], [ -71.200791, -33.229221 ], [ -71.201446, -33.22969 ], [ -71.2024, -33.230694 ], [ -71.203275, -33.231339 ], [ -71.20465, -33.232036 ], [ -71.206092, -33.232491 ], [ -71.207025, -33.232655 ], [ -71.208027, -33.232697 ], [ -71.210377, -33.232355 ], [ -71.210879, -33.232406 ], [ -71.211458, -33.232696 ], [ -71.21284, -33.233633 ], [ -71.214225, -33.233829 ], [ -71.214748, -33.234178 ], [ -71.215193, -33.234337 ], [ -71.21544, -33.234698 ], [ -71.215603, -33.235476 ], [ -71.21562, -33.236136 ], [ -71.215439, -33.237461 ], [ -71.215092, -33.237888 ], [ -71.21496, -33.238311 ], [ -71.214972, -33.238791 ], [ -71.215124, -33.239149 ], [ -71.215635, -33.239561 ], [ -71.216285, -33.239849 ], [ -71.218078, -33.240058 ], [ -71.219936, -33.240025 ], [ -71.220654, -33.240132 ], [ -71.221163, -33.240483 ], [ -71.221461, -33.240959 ], [ -71.221472, -33.241379 ], [ -71.221855, -33.242393 ], [ -71.222887, -33.243637 ], [ -71.224058, -33.244697 ], [ -71.224428, -33.245171 ], [ -71.225447, -33.245949 ], [ -71.225667, -33.24653 ], [ -71.226496, -33.245758 ], [ -71.226993, -33.245118 ], [ -71.228318, -33.244156 ], [ -71.229845, -33.242136 ], [ -71.230782, -33.241457 ], [ -71.231658, -33.241482 ], [ -71.232885, -33.241338 ], [ -71.23494, -33.240133 ], [ -71.236761, -33.239298 ], [ -71.237357, -33.23926 ], [ -71.238936, -33.239678 ], [ -71.240415, -33.239484 ], [ -71.242001, -33.239019 ], [ -71.242693, -33.238934 ], [ -71.244346, -33.239093 ], [ -71.244777, -33.237787 ], [ -71.246125, -33.235567 ], [ -71.248055, -33.234365 ], [ -71.249185, -33.23429 ], [ -71.249914, -33.234078 ], [ -71.250875, -33.233552 ], [ -71.251822, -33.232633 ], [ -71.252031, -33.232169 ], [ -71.252388, -33.23186 ], [ -71.252606, -33.231897 ], [ -71.253501, -33.232922 ], [ -71.253985, -33.233306 ], [ -71.254932, -33.233861 ], [ -71.255554, -33.233958 ], [ -71.25751, -33.233594 ], [ -71.259572, -33.233709 ], [ -71.260394, -33.233523 ], [ -71.260809, -33.233326 ], [ -71.263986, -33.230194 ], [ -71.265244, -33.228453 ], [ -71.265551, -33.227099 ], [ -71.265971, -33.226014 ], [ -71.266411, -33.224455 ], [ -71.266747, -33.22389 ], [ -71.267336, -33.223225 ], [ -71.268225, -33.22283 ], [ -71.268969, -33.222907 ], [ -71.270201, -33.223259 ], [ -71.271779, -33.224249 ], [ -71.272701, -33.224539 ], [ -71.273388, -33.224508 ], [ -71.274512, -33.223716 ], [ -71.275461, -33.222644 ], [ -71.275811, -33.221736 ], [ -71.276045, -33.220618 ], [ -71.277143, -33.218975 ], [ -71.27802, -33.218138 ], [ -71.279232, -33.216732 ], [ -71.280692, -33.215362 ], [ -71.28096, -33.214928 ], [ -71.281314, -33.214651 ], [ -71.281662, -33.214528 ], [ -71.281972, -33.214563 ], [ -71.283718, -33.215243 ], [ -71.285299, -33.215448 ], [ -71.286272, -33.215268 ], [ -71.286592, -33.215068 ], [ -71.286955, -33.214584 ], [ -71.287372, -33.214306 ], [ -71.287747, -33.214267 ], [ -71.289789, -33.215348 ], [ -71.289968, -33.215538 ], [ -71.290087, -33.216402 ], [ -71.29032, -33.216776 ], [ -71.290992, -33.217111 ], [ -71.291747, -33.217656 ], [ -71.292275, -33.2177 ], [ -71.292757, -33.217349 ], [ -71.293705, -33.217034 ], [ -71.294267, -33.217001 ], [ -71.294775, -33.21678 ], [ -71.295033, -33.216577 ], [ -71.295289, -33.21567 ], [ -71.295489, -33.21536 ], [ -71.296806, -33.213672 ], [ -71.297894, -33.211533 ], [ -71.297984, -33.21085 ], [ -71.29774, -33.209994 ], [ -71.29811, -33.209351 ], [ -71.298656, -33.208976 ], [ -71.299864, -33.208381 ], [ -71.301162, -33.207135 ], [ -71.301592, -33.206545 ], [ -71.303055, -33.205833 ], [ -71.304272, -33.205058 ], [ -71.305509, -33.204516 ], [ -71.306492, -33.203366 ], [ -71.307193, -33.203728 ], [ -71.307809, -33.203906 ], [ -71.309576, -33.204089 ], [ -71.310144, -33.203921 ], [ -71.310844, -33.203574 ], [ -71.311772, -33.203002 ], [ -71.312223, -33.20262 ], [ -71.313417, -33.202395 ], [ -71.314402, -33.201925 ], [ -71.315759, -33.201494 ], [ -71.316986, -33.201219 ], [ -71.317547, -33.201209 ], [ -71.318318, -33.201388 ], [ -71.318992, -33.201669 ], [ -71.320535, -33.202005 ], [ -71.321865, -33.202959 ], [ -71.322477, -33.20324 ], [ -71.323033, -33.203334 ], [ -71.324156, -33.203317 ], [ -71.326842, -33.202374 ], [ -71.328479, -33.201978 ], [ -71.329318, -33.201268 ], [ -71.330661, -33.200445 ], [ -71.331864, -33.199981 ], [ -71.332804, -33.199851 ], [ -71.333177, -33.199862 ], [ -71.334384, -33.20079 ], [ -71.335339, -33.201052 ], [ -71.336372, -33.200924 ], [ -71.338903, -33.201472 ], [ -71.340344, -33.201278 ], [ -71.341895, -33.201429 ], [ -71.344659, -33.202752 ], [ -71.345353, -33.203753 ], [ -71.345951, -33.204274 ], [ -71.345687, -33.203508 ], [ -71.345113, -33.202689 ], [ -71.344798, -33.20201 ], [ -71.344606, -33.200688 ], [ -71.345525, -33.200247 ], [ -71.346067, -33.199529 ], [ -71.346122, -33.198937 ], [ -71.34638, -33.198107 ], [ -71.34706, -33.197297 ], [ -71.34718, -33.196528 ], [ -71.34756, -33.196286 ], [ -71.347795, -33.195899 ], [ -71.347905, -33.194742 ], [ -71.348036, -33.194415 ], [ -71.348547, -33.193846 ], [ -71.348538, -33.193495 ], [ -71.348768, -33.1929 ], [ -71.34987, -33.192113 ], [ -71.350105, -33.191725 ], [ -71.350326, -33.190806 ], [ -71.350595, -33.190354 ], [ -71.351146, -33.189961 ], [ -71.352499, -33.189376 ], [ -71.35318, -33.188624 ], [ -71.356027, -33.187452 ], [ -71.358019, -33.187175 ], [ -71.35861, -33.186961 ], [ -71.358954, -33.186715 ], [ -71.359399, -33.186297 ], [ -71.359772, -33.185785 ], [ -71.360001, -33.185163 ], [ -71.359926, -33.18369 ], [ -71.360115, -33.182888 ], [ -71.362635, -33.181335 ], [ -71.364, -33.179925 ], [ -71.36438, -33.179678 ], [ -71.365144, -33.179398 ], [ -71.366121, -33.179203 ], [ -71.366354, -33.178726 ], [ -71.366376, -33.178225 ], [ -71.366576, -33.177838 ], [ -71.36716, -33.177385 ], [ -71.367359, -33.176966 ], [ -71.367238, -33.176351 ], [ -71.367537, -33.175755 ], [ -71.367789, -33.175832 ], [ -71.368008, -33.176198 ], [ -71.368756, -33.176456 ], [ -71.369417, -33.176949 ], [ -71.369661, -33.177411 ], [ -71.369864, -33.178108 ], [ -71.370575, -33.178717 ], [ -71.37109, -33.17894 ], [ -71.371506, -33.178932 ], [ -71.371679, -33.178462 ], [ -71.371956, -33.178457 ], [ -71.372144, -33.17857 ], [ -71.372491, -33.17942 ], [ -71.373152, -33.179913 ], [ -71.374135, -33.180322 ], [ -71.376541, -33.180315 ], [ -71.376775, -33.180427 ], [ -71.377731, -33.181537 ], [ -71.378069, -33.182076 ], [ -71.381037, -33.184042 ], [ -71.381363, -33.184114 ], [ -71.382566, -33.184091 ], [ -71.383403, -33.184269 ], [ -71.383679, -33.184186 ], [ -71.38372, -33.183991 ], [ -71.384099, -33.183458 ], [ -71.384689, -33.183058 ], [ -71.385103, -33.182933 ], [ -71.385495, -33.182031 ], [ -71.385984, -33.181321 ], [ -71.386704, -33.180568 ], [ -71.386932, -33.180447 ], [ -71.387671, -33.180394 ], [ -71.388416, -33.180574 ], [ -71.388697, -33.180685 ], [ -71.388851, -33.181227 ], [ -71.389224, -33.181337 ], [ -71.390008, -33.181244 ], [ -71.390507, -33.180884 ], [ -71.39082, -33.180489 ], [ -71.390986, -33.179785 ], [ -71.391045, -33.178539 ], [ -71.391725, -33.17802 ], [ -71.392281, -33.176336 ], [ -71.392591, -33.175825 ], [ -71.392625, -33.175396 ], [ -71.392975, -33.17465 ], [ -71.393975, -33.174008 ], [ -71.394853, -33.173952 ], [ -71.395135, -33.174103 ], [ -71.395921, -33.174087 ], [ -71.397247, -33.173517 ], [ -71.397716, -33.173742 ], [ -71.398, -33.17397 ], [ -71.398097, -33.174162 ], [ -71.398798, -33.174421 ], [ -71.399121, -33.174376 ], [ -71.399207, -33.174141 ], [ -71.399391, -33.174098 ], [ -71.400022, -33.174339 ], [ -71.401038, -33.174242 ], [ -71.402014, -33.174417 ], [ -71.402891, -33.174323 ], [ -71.404435, -33.173281 ], [ -71.405993, -33.172706 ], [ -71.406983, -33.171715 ], [ -71.40781, -33.171504 ], [ -71.408458, -33.171491 ], [ -71.409435, -33.171706 ], [ -71.410379, -33.172388 ], [ -71.411128, -33.172685 ], [ -71.412197, -33.172859 ], [ -71.413163, -33.172684 ], [ -71.414017, -33.171773 ], [ -71.414193, -33.171419 ], [ -71.414398, -33.170481 ], [ -71.414714, -33.170164 ], [ -71.415167, -33.169844 ], [ -71.416407, -33.169509 ], [ -71.417137, -33.169105 ], [ -71.417542, -33.168708 ], [ -71.417871, -33.16806 ], [ -71.418184, -33.167665 ], [ -71.418637, -33.167306 ], [ -71.419553, -33.166977 ], [ -71.420987, -33.166949 ], [ -71.422238, -33.167041 ], [ -71.423116, -33.166985 ], [ -71.423805, -33.166816 ], [ -71.424757, -33.166097 ], [ -71.426604, -33.16431 ], [ -71.427744, -33.163704 ], [ -71.428934, -33.163214 ], [ -71.429385, -33.162816 ], [ -71.430346, -33.162447 ], [ -71.431545, -33.162307 ], [ -71.432659, -33.162441 ], [ -71.434427, -33.162796 ], [ -71.435454, -33.163126 ], [ -71.437155, -33.162742 ], [ -71.440547, -33.162462 ], [ -71.440965, -33.162493 ], [ -71.442274, -33.163012 ], [ -71.444309, -33.162972 ], [ -71.446394, -33.163086 ], [ -71.447174, -33.162876 ], [ -71.447761, -33.162359 ], [ -71.447841, -33.161891 ], [ -71.447678, -33.161038 ], [ -71.447709, -33.160492 ], [ -71.447842, -33.160256 ], [ -71.448759, -33.159966 ], [ -71.450191, -33.159899 ], [ -71.451524, -33.1596 ], [ -71.453143, -33.158771 ], [ -71.453594, -33.158334 ], [ -71.453855, -33.157745 ], [ -71.453825, -33.156656 ], [ -71.454118, -33.155561 ], [ -71.454755, -33.155198 ], [ -71.455357, -33.155225 ], [ -71.455547, -33.155377 ], [ -71.455741, -33.155723 ], [ -71.455945, -33.156381 ], [ -71.456459, -33.156565 ], [ -71.45725, -33.156744 ], [ -71.458822, -33.156713 ], [ -71.459894, -33.157003 ], [ -71.460262, -33.156918 ], [ -71.46148, -33.155805 ], [ -71.461844, -33.155603 ], [ -71.462216, -33.155673 ], [ -71.462407, -33.155903 ], [ -71.46302, -33.156319 ], [ -71.46344, -33.156427 ], [ -71.463901, -33.156379 ], [ -71.464217, -33.156101 ], [ -71.465173, -33.155537 ], [ -71.466043, -33.155247 ], [ -71.466629, -33.154691 ], [ -71.467599, -33.154633 ], [ -71.468149, -33.154466 ], [ -71.46924, -33.153783 ], [ -71.470528, -33.152688 ], [ -71.470748, -33.152294 ], [ -71.4712, -33.151896 ], [ -71.471823, -33.151028 ], [ -71.472322, -33.150707 ], [ -71.473191, -33.150339 ], [ -71.475316, -33.148585 ], [ -71.475987, -33.147794 ], [ -71.476716, -33.14739 ], [ -71.477639, -33.147333 ], [ -71.477912, -33.147172 ], [ -71.47813, -33.1467 ], [ -71.478111, -33.146 ], [ -71.478191, -33.145571 ], [ -71.478414, -33.145255 ], [ -71.478497, -33.144942 ], [ -71.47838, -33.14405 ], [ -71.477956, -33.142949 ], [ -71.478083, -33.142558 ], [ -71.478856, -33.142075 ], [ -71.479822, -33.1419 ], [ -71.480412, -33.1415 ], [ -71.480435, -33.140682 ], [ -71.480332, -33.140295 ], [ -71.480304, -33.139284 ], [ -71.480369, -33.13831 ], [ -71.480267, -33.134693 ], [ -71.479979, -33.13431 ], [ -71.478886, -33.133281 ], [ -71.478406, -33.132668 ], [ -71.478259, -33.13236 ], [ -71.478227, -33.131232 ], [ -71.478496, -33.130916 ], [ -71.479278, -33.130783 ], [ -71.479844, -33.131161 ], [ -71.480218, -33.131309 ], [ -71.4811, -33.131447 ], [ -71.4826, -33.132157 ], [ -71.483617, -33.132136 ], [ -71.484341, -33.131577 ], [ -71.48524, -33.130664 ], [ -71.485786, -33.130342 ], [ -71.487277, -33.129106 ], [ -71.488915, -33.12814 ], [ -71.489133, -33.127669 ], [ -71.489014, -33.126737 ], [ -71.488563, -33.125501 ], [ -71.487446, -33.123617 ], [ -71.486638, -33.122816 ], [ -71.485741, -33.122172 ], [ -71.485465, -33.1218 ], [ -71.484713, -33.121458 ], [ -71.483901, -33.12085 ], [ -71.483518, -33.120412 ], [ -71.483239, -33.119927 ], [ -71.483122, -33.119527 ], [ -71.482737, -33.119044 ], [ -71.481711, -33.118396 ], [ -71.481177, -33.118228 ], [ -71.480169, -33.118203 ], [ -71.479361, -33.117773 ], [ -71.479028, -33.117245 ], [ -71.479124, -33.116886 ], [ -71.480054, -33.11602 ], [ -71.482697, -33.113871 ], [ -71.48342, -33.113187 ], [ -71.485157, -33.110877 ], [ -71.486395, -33.109648 ], [ -71.488219, -33.108541 ], [ -71.488997, -33.107946 ], [ -71.489507, -33.107222 ], [ -71.490189, -33.106985 ], [ -71.491228, -33.106888 ], [ -71.492445, -33.104977 ], [ -71.492684, -33.10361 ], [ -71.493309, -33.102022 ], [ -71.493386, -33.101476 ], [ -71.493281, -33.101011 ], [ -71.492988, -33.100472 ], [ -71.492569, -33.098729 ], [ -71.492279, -33.098268 ], [ -71.491948, -33.098003 ], [ -71.491014, -33.097671 ], [ -71.490543, -33.097369 ], [ -71.490392, -33.096944 ], [ -71.490277, -33.094495 ], [ -71.48997, -33.093451 ], [ -71.489679, -33.092951 ], [ -71.488555, -33.091631 ], [ -71.487849, -33.091178 ], [ -71.487417, -33.090603 ], [ -71.487267, -33.090217 ], [ -71.487347, -33.089749 ], [ -71.487277, -33.088933 ], [ -71.487084, -33.088625 ], [ -71.486706, -33.088322 ], [ -71.485353, -33.087882 ], [ -71.484665, -33.08809 ], [ -71.484256, -33.088332 ], [ -71.482078, -33.088142 ], [ -71.479951, -33.088106 ], [ -71.478604, -33.087861 ], [ -71.475278, -33.086293 ], [ -71.473837, -33.085173 ], [ -71.473547, -33.084712 ], [ -71.473125, -33.084487 ], [ -71.472602, -33.083992 ], [ -71.47226, -33.083337 ], [ -71.471847, -33.081789 ], [ -71.472131, -33.078709 ], [ -71.472101, -33.077659 ], [ -71.47204, -33.077116 ], [ -71.471179, -33.075246 ], [ -71.471207, -33.074584 ], [ -71.471423, -33.074074 ], [ -71.471458, -33.073645 ], [ -71.471402, -33.073296 ], [ -71.470969, -33.072682 ], [ -71.470913, -33.072333 ], [ -71.471267, -33.071781 ], [ -71.471433, -33.071116 ], [ -71.471377, -33.070767 ], [ -71.471089, -33.070384 ], [ -71.471034, -33.070074 ], [ -71.471048, -33.068906 ], [ -71.470786, -33.067442 ], [ -71.469833, -33.066267 ], [ -71.469727, -33.066004 ], [ -71.469788, -33.065765 ], [ -71.470151, -33.065553 ], [ -71.47081, -33.065586 ], [ -71.472281, -33.066079 ], [ -71.473536, -33.066277 ], [ -71.476384, -33.066109 ], [ -71.477071, -33.065343 ], [ -71.477891, -33.064938 ], [ -71.47943, -33.064726 ], [ -71.4798, -33.06483 ], [ -71.48181, -33.06451 ], [ -71.48271, -33.0641 ], [ -71.485951, -33.061977 ], [ -71.486385, -33.060684 ], [ -71.486909, -33.059635 ], [ -71.488383, -33.057304 ], [ -71.488543, -33.056661 ], [ -71.488543, -33.055616 ], [ -71.488704, -33.055053 ], [ -71.489026, -33.054544 ], [ -71.489026, -33.054035 ], [ -71.488785, -33.05366 ], [ -71.487177, -33.052669 ], [ -71.486936, -33.052374 ], [ -71.486745, -33.050363 ], [ -71.486832, -33.049889 ], [ -71.486758, -33.0492 ], [ -71.486531, -33.048883 ], [ -71.486033, -33.048663 ], [ -71.485655, -33.048808 ], [ -71.485283, -33.049184 ], [ -71.484956, -33.049236 ], [ -71.484672, -33.048828 ], [ -71.484716, -33.048283 ], [ -71.484605, -33.048061 ], [ -71.484605, -33.047096 ], [ -71.485034, -33.046319 ], [ -71.485034, -33.045408 ], [ -71.484953, -33.045006 ], [ -71.484203, -33.044042 ], [ -71.483838, -33.042459 ], [ -71.48383, -33.04212 ], [ -71.484616, -33.04037 ], [ -71.48493, -33.038217 ], [ -71.484929, -33.037701 ], [ -71.484084, -33.037674 ], [ -71.484373, -33.035078 ], [ -71.484257, -33.034831 ], [ -71.484036, -33.034649 ], [ -71.483287, -33.034559 ], [ -71.482215, -33.034056 ], [ -71.480434, -33.032728 ], [ -71.47998, -33.032056 ], [ -71.479739, -33.030833 ], [ -71.478859, -33.029638 ], [ -71.478842, -33.02902 ], [ -71.478715, -33.028547 ], [ -71.478161, -33.027892 ], [ -71.477356, -33.027362 ], [ -71.475815, -33.02675 ], [ -71.475593, -33.025477 ], [ -71.4753, -33.024965 ], [ -71.475152, -33.024129 ], [ -71.47488, -33.023296 ], [ -71.473106, -33.022177 ], [ -71.472653, -33.021458 ], [ -71.471198, -33.021439 ], [ -71.470398, -33.021169 ], [ -71.470273, -33.020742 ], [ -71.470235, -33.019407 ], [ -71.46992, -33.018268 ], [ -71.469624, -33.017797 ], [ -71.469476, -33.016559 ], [ -71.46936, -33.016466 ], [ -71.468804, -33.016811 ], [ -71.468182, -33.016871 ], [ -71.46767, -33.016786 ], [ -71.466812, -33.016469 ], [ -71.465676, -33.016348 ], [ -71.465068, -33.016885 ], [ -71.463898, -33.017576 ], [ -71.463142, -33.017901 ], [ -71.46224, -33.018062 ], [ -71.460365, -33.017813 ], [ -71.459409, -33.01807 ], [ -71.458523, -33.018803 ], [ -71.457961, -33.018957 ], [ -71.457507, -33.018919 ], [ -71.457275, -33.018732 ], [ -71.456876, -33.018645 ], [ -71.456157, -33.019279 ], [ -71.454482, -33.020123 ], [ -71.452847, -33.020394 ], [ -71.452053, -33.020362 ], [ -71.451595, -33.02018 ], [ -71.451414, -33.019802 ], [ -71.45157, -33.019274 ], [ -71.452158, -33.018022 ], [ -71.452299, -33.016969 ], [ -71.452116, -33.016496 ], [ -71.451709, -33.016122 ], [ -71.451138, -33.015942 ], [ -71.45063, -33.016 ], [ -71.450004, -33.015917 ], [ -71.44943, -33.015642 ], [ -71.448561, -33.014943 ], [ -71.447246, -33.014492 ], [ -71.446209, -33.013844 ], [ -71.445696, -33.013711 ], [ -71.445288, -33.01329 ], [ -71.44516, -33.012768 ], [ -71.445236, -33.01143 ], [ -71.444453, -33.009728 ], [ -71.444549, -33.009105 ], [ -71.444816, -33.008528 ], [ -71.44564, -33.007605 ], [ -71.445614, -33.006651 ], [ -71.445326, -33.006466 ], [ -71.444974, -33.006043 ], [ -71.444259, -33.004769 ], [ -71.443182, -33.003669 ], [ -71.442881, -33.003054 ], [ -71.442669, -33.002316 ], [ -71.442816, -33.002234 ], [ -71.44276, -33.002 ], [ -71.441755, -33.001875 ], [ -71.44008, -33.001975 ], [ -71.439544, -33.002109 ], [ -71.438406, -33.002143 ], [ -71.437702, -33.001942 ], [ -71.435727, -33.001908 ], [ -71.435291, -33.001808 ], [ -71.433869, -33.001008 ], [ -71.433718, -33.000786 ], [ -71.433725, -33.000585 ], [ -71.433362, -33.001212 ], [ -71.432803, -33.001659 ], [ -71.431173, -33.002003 ] ] ] } }
]
}
