{
"type": "FeatureCollection",
"name": "municipios",
"crs": { "type": "name", "properties": { "name": "urn:ogc:def:crs:OGC:1.3:CRS84" } },
"xy_coordinate_resolution": 1e-06,
"features": [
{ "type": "Feature", "properties": { "OBJECTID": 1103, "MpCodigo": "08433", "MpNombre": "Malambo", "MpArea": 98.189817099048014, "MpNorma": "Ordenanza No. 24 de 1912", "MpCategor": 1, "MpAltitud": 10, "Restriccion": "“No es apropiada su aplicación para la ubicación exacta de puntos ni para el cálculo de áreas y distancias", "Depto": "Atlántico", "SHAPE_Length": 53832.986990792015, "SHAPE_Area": 98189817.099048018 }, "geometry": { "type": "Polygon", "coordinates": [ [ [ -74.821549, 10.891058 ], [ -74.820577, 10.890953 ], [ -74.819803, 10.890925 ], [ -74.819506, 10.890883 ], [ -74.819173, 10.890806 ], [ -74.818756, 10.89067 ], [ -74.818277, 10.890438 ], [ -74.818935, 10.88985 ], [ -74.819182, 10.889557 ], [ -74.81955, 10.889179 ], [ -74.819918, 10.88867 ], [ -74.820255, 10.887778 ], [ -74.820574, 10.887156 ], [ -74.820731, 10.887 ], [ -74.820634, 10.886964 ], [ -74.820622, 10.886904 ], [ -74.820681, 10.886575 ], [ -74.820777, 10.886258 ], [ -74.822667, 10.882457 ], [ -74.822905, 10.882048 ], [ -74.822962, 10.88187 ], [ -74.823324, 10.881373 ], [ -74.823661, 10.880744 ], [ -74.823908, 10.880403 ], [ -74.824367, 10.87987 ], [ -74.82468, 10.879457 ], [ -74.824609, 10.879458 ], [ -74.824836, 10.879109 ], [ -74.824868, 10.879015 ], [ -74.824776, 10.879 ], [ -74.819919, 10.877239 ], [ -74.813911, 10.876621 ], [ -74.812099, 10.878838 ], [ -74.811593, 10.879489 ], [ -74.811736, 10.879489 ], [ -74.811199, 10.880098 ], [ -74.809506, 10.88027 ], [ -74.808592, 10.880332 ], [ -74.807994, 10.880405 ], [ -74.807493, 10.880843 ], [ -74.806716, 10.882357 ], [ -74.806428, 10.883111 ], [ -74.805792, 10.885427 ], [ -74.805726, 10.88581 ], [ -74.805715, 10.886097 ], [ -74.805515, 10.885972 ], [ -74.804897, 10.885411 ], [ -74.80429, 10.884916 ], [ -74.803532, 10.884189 ], [ -74.802126, 10.882996 ], [ -74.801283, 10.882185 ], [ -74.800974, 10.881857 ], [ -74.799791, 10.880466 ], [ -74.799106, 10.879846 ], [ -74.798663, 10.87952 ], [ -74.799266, 10.879519 ], [ -74.800024, 10.878053 ], [ -74.7998, 10.877923 ], [ -74.800462, 10.876344 ], [ -74.799358, 10.876027 ], [ -74.798842, 10.876937 ], [ -74.798421, 10.877325 ], [ -74.797224, 10.878106 ], [ -74.796892, 10.87778 ], [ -74.796625, 10.877454 ], [ -74.796559, 10.877494 ], [ -74.796064, 10.878554 ], [ -74.795883, 10.879343 ], [ -74.795873, 10.879527 ], [ -74.795692, 10.880018 ], [ -74.795639, 10.880383 ], [ -74.795657, 10.880509 ], [ -74.795628, 10.880837 ], [ -74.79555, 10.881077 ], [ -74.795345, 10.88146 ], [ -74.792299, 10.880205 ], [ -74.79213, 10.880541 ], [ -74.79164, 10.880285 ], [ -74.791367, 10.880106 ], [ -74.791379, 10.880058 ], [ -74.791723, 10.879645 ], [ -74.791771, 10.879536 ], [ -74.791839, 10.879461 ], [ -74.791903, 10.879299 ], [ -74.78928, 10.877052 ], [ -74.78934, 10.876741 ], [ -74.789491, 10.876314 ], [ -74.789623, 10.876072 ], [ -74.789916, 10.875648 ], [ -74.789265, 10.875568 ], [ -74.788615, 10.875424 ], [ -74.788081, 10.875214 ], [ -74.787964, 10.875124 ], [ -74.787686, 10.875528 ], [ -74.78755, 10.87588 ], [ -74.787368, 10.876458 ], [ -74.787202, 10.877242 ], [ -74.787172, 10.877508 ], [ -74.786537, 10.877439 ], [ -74.785968, 10.877345 ], [ -74.78582, 10.877365 ], [ -74.785734, 10.877416 ], [ -74.785653, 10.877522 ], [ -74.785416, 10.878205 ], [ -74.785299, 10.878346 ], [ -74.785051, 10.878432 ], [ -74.784959, 10.878588 ], [ -74.784894, 10.878779 ], [ -74.784854, 10.879005 ], [ -74.784778, 10.879141 ], [ -74.783131, 10.878853 ], [ -74.78309, 10.878648 ], [ -74.783062, 10.877789 ], [ -74.782975, 10.877347 ], [ -74.782887, 10.877049 ], [ -74.781276, 10.8766 ], [ -74.7812, 10.876821 ], [ -74.779188, 10.879091 ], [ -74.779713, 10.879564 ], [ -74.779784, 10.879564 ], [ -74.780397, 10.88026 ], [ -74.779168, 10.882427 ], [ -74.778234, 10.884145 ], [ -74.777901, 10.883949 ], [ -74.777943, 10.883751 ], [ -74.777931, 10.88365 ], [ -74.77787, 10.883572 ], [ -74.777404, 10.883382 ], [ -74.777033, 10.882815 ], [ -74.77687, 10.882678 ], [ -74.776518, 10.882535 ], [ -74.776367, 10.882511 ], [ -74.774606, 10.88239 ], [ -74.774582, 10.882211 ], [ -74.774364, 10.882079 ], [ -74.774182, 10.881996 ], [ -74.773891, 10.881919 ], [ -74.773607, 10.881914 ], [ -74.773559, 10.881878 ], [ -74.773577, 10.881818 ], [ -74.773884, 10.881387 ], [ -74.773569, 10.881244 ], [ -74.773255, 10.881221 ], [ -74.77248, 10.881253 ], [ -74.771724, 10.881153 ], [ -74.771457, 10.881022 ], [ -74.771306, 10.880992 ], [ -74.770562, 10.881084 ], [ -74.770387, 10.881084 ], [ -74.769909, 10.88096 ], [ -74.769527, 10.880942 ], [ -74.769391, 10.882001 ], [ -74.769356, 10.882515 ], [ -74.769335, 10.883992 ], [ -74.769471, 10.885493 ], [ -74.769828, 10.88795 ], [ -74.769807, 10.889193 ], [ -74.769718, 10.890144 ], [ -74.76826, 10.890237 ], [ -74.767577, 10.890215 ], [ -74.767184, 10.890234 ], [ -74.766265, 10.890505 ], [ -74.765218, 10.890705 ], [ -74.76459, 10.890909 ], [ -74.764517, 10.89091 ], [ -74.764444, 10.890712 ], [ -74.764256, 10.890384 ], [ -74.764207, 10.890235 ], [ -74.7642, 10.88993 ], [ -74.764109, 10.889756 ], [ -74.76403, 10.889326 ], [ -74.763768, 10.888711 ], [ -74.763689, 10.888579 ], [ -74.763598, 10.88849 ], [ -74.763492, 10.888424 ], [ -74.762581, 10.888223 ], [ -74.761328, 10.88773 ], [ -74.759177, 10.886569 ], [ -74.758687, 10.886247 ], [ -74.75819, 10.885973 ], [ -74.757391, 10.885616 ], [ -74.756731, 10.885456 ], [ -74.755913, 10.885201 ], [ -74.754564, 10.88497 ], [ -74.754152, 10.884935 ], [ -74.753886, 10.884864 ], [ -74.75336, 10.884871 ], [ -74.752174, 10.885041 ], [ -74.751751, 10.885156 ], [ -74.751201, 10.885355 ], [ -74.751001, 10.885367 ], [ -74.75033, 10.885315 ], [ -74.749906, 10.885226 ], [ -74.748757, 10.885228 ], [ -74.74768, 10.885308 ], [ -74.745145, 10.885141 ], [ -74.74486, 10.885087 ], [ -74.745252, 10.884429 ], [ -74.745445, 10.884183 ], [ -74.745873, 10.883411 ], [ -74.744422, 10.883713 ], [ -74.74432, 10.884126 ], [ -74.743321, 10.884015 ], [ -74.742499, 10.88398 ], [ -74.741821, 10.883982 ], [ -74.741815, 10.883809 ], [ -74.741729, 10.883408 ], [ -74.741346, 10.882428 ], [ -74.741036, 10.881831 ], [ -74.740872, 10.881628 ], [ -74.740453, 10.8809 ], [ -74.739949, 10.880189 ], [ -74.739749, 10.879765 ], [ -74.739542, 10.879472 ], [ -74.739366, 10.879138 ], [ -74.739141, 10.878678 ], [ -74.738777, 10.877506 ], [ -74.738104, 10.876001 ], [ -74.737951, 10.873825 ], [ -74.737452, 10.868014 ], [ -74.737371, 10.866626 ], [ -74.737327, 10.865359 ], [ -74.73733, 10.863608 ], [ -74.737413, 10.862021 ], [ -74.737558, 10.860669 ], [ -74.737777, 10.859358 ], [ -74.737997, 10.858378 ], [ -74.738294, 10.85733 ], [ -74.738672, 10.856214 ], [ -74.739712, 10.853356 ], [ -74.740033, 10.852332 ], [ -74.74022, 10.851628 ], [ -74.74054, 10.850277 ], [ -74.740865, 10.848654 ], [ -74.741158, 10.846836 ], [ -74.741366, 10.845151 ], [ -74.741531, 10.843253 ], [ -74.741621, 10.841512 ], [ -74.741655, 10.839566 ], [ -74.741622, 10.837696 ], [ -74.741589, 10.837412 ], [ -74.741499, 10.837 ], [ -74.740892, 10.835237 ], [ -74.740784, 10.834823 ], [ -74.740726, 10.834452 ], [ -74.752928, 10.834426 ], [ -74.753476, 10.83415 ], [ -74.754524, 10.833689 ], [ -74.754833, 10.833484 ], [ -74.755246, 10.833262 ], [ -74.755314, 10.833092 ], [ -74.755571, 10.832802 ], [ -74.755691, 10.832615 ], [ -74.755949, 10.832309 ], [ -74.755913, 10.831935 ], [ -74.755844, 10.831561 ], [ -74.755825, 10.830915 ], [ -74.755755, 10.830541 ], [ -74.755755, 10.830354 ], [ -74.755582, 10.830014 ], [ -74.755341, 10.829709 ], [ -74.755177, 10.829599 ], [ -74.755031, 10.829573 ], [ -74.754859, 10.829506 ], [ -74.754721, 10.829353 ], [ -74.754617, 10.829183 ], [ -74.754548, 10.828996 ], [ -74.754513, 10.828622 ], [ -74.754271, 10.828317 ], [ -74.753806, 10.827978 ], [ -74.7536, 10.82791 ], [ -74.753152, 10.82752 ], [ -74.753031, 10.827368 ], [ -74.752961, 10.826943 ], [ -74.752978, 10.826569 ], [ -74.753029, 10.826382 ], [ -74.753268, 10.825939 ], [ -74.753388, 10.825582 ], [ -74.753628, 10.825071 ], [ -74.753851, 10.824765 ], [ -74.75428, 10.824356 ], [ -74.754554, 10.823862 ], [ -74.754656, 10.823488 ], [ -74.754656, 10.823301 ], [ -74.754612, 10.823114 ], [ -74.754689, 10.822995 ], [ -74.763349, 10.824746 ], [ -74.763771, 10.824795 ], [ -74.767865, 10.825456 ], [ -74.76767, 10.824742 ], [ -74.767951, 10.824583 ], [ -74.771731, 10.823331 ], [ -74.7759, 10.821902 ], [ -74.788589, 10.817516 ], [ -74.795727, 10.815008 ], [ -74.799372, 10.813775 ], [ -74.800221, 10.81346 ], [ -74.802629, 10.812664 ], [ -74.803207, 10.812444 ], [ -74.804711, 10.81225 ], [ -74.806137, 10.812245 ], [ -74.807839, 10.812285 ], [ -74.831895, 10.812493 ], [ -74.874969, 10.812919 ], [ -74.87497, 10.813 ], [ -74.87939, 10.813043 ], [ -74.880742, 10.813111 ], [ -74.882339, 10.813125 ], [ -74.881898, 10.813634 ], [ -74.881536, 10.81414 ], [ -74.880226, 10.816371 ], [ -74.879514, 10.817482 ], [ -74.877652, 10.819996 ], [ -74.877291, 10.820678 ], [ -74.876894, 10.821601 ], [ -74.876519, 10.822234 ], [ -74.876072, 10.822824 ], [ -74.875752, 10.823201 ], [ -74.875441, 10.823523 ], [ -74.874951, 10.823956 ], [ -74.874556, 10.824393 ], [ -74.874281, 10.824802 ], [ -74.873881, 10.825512 ], [ -74.873306, 10.826245 ], [ -74.872968, 10.826885 ], [ -74.872769, 10.827332 ], [ -74.872602, 10.827817 ], [ -74.872388, 10.82861 ], [ -74.872109, 10.829268 ], [ -74.871774, 10.829833 ], [ -74.871124, 10.830698 ], [ -74.87063, 10.83144 ], [ -74.870215, 10.832105 ], [ -74.870034, 10.832452 ], [ -74.869763, 10.832818 ], [ -74.869173, 10.834146 ], [ -74.869116, 10.834451 ], [ -74.868745, 10.834919 ], [ -74.868164, 10.835476 ], [ -74.867249, 10.836205 ], [ -74.867185, 10.836068 ], [ -74.866631, 10.836822 ], [ -74.867927, 10.837903 ], [ -74.868635, 10.838341 ], [ -74.869159, 10.838558 ], [ -74.869417, 10.838753 ], [ -74.869762, 10.839112 ], [ -74.87005, 10.83962 ], [ -74.870324, 10.840233 ], [ -74.870486, 10.840956 ], [ -74.870594, 10.841173 ], [ -74.870724, 10.841302 ], [ -74.870762, 10.841631 ], [ -74.870887, 10.842091 ], [ -74.871082, 10.842539 ], [ -74.871363, 10.843068 ], [ -74.871519, 10.843509 ], [ -74.871599, 10.843954 ], [ -74.871618, 10.844247 ], [ -74.871588, 10.845424 ], [ -74.871518, 10.846639 ], [ -74.871332, 10.847358 ], [ -74.871325, 10.847724 ], [ -74.871369, 10.848049 ], [ -74.871245, 10.848739 ], [ -74.871248, 10.848999 ], [ -74.871285, 10.849273 ], [ -74.871354, 10.849458 ], [ -74.871419, 10.849567 ], [ -74.871585, 10.849682 ], [ -74.871773, 10.849947 ], [ -74.871947, 10.850637 ], [ -74.872009, 10.850955 ], [ -74.872051, 10.851368 ], [ -74.872055, 10.851685 ], [ -74.871984, 10.852431 ], [ -74.871872, 10.853029 ], [ -74.871717, 10.853272 ], [ -74.871664, 10.853924 ], [ -74.871568, 10.854193 ], [ -74.871363, 10.854492 ], [ -74.871279, 10.854678 ], [ -74.87125, 10.85521 ], [ -74.871125, 10.855653 ], [ -74.87095, 10.85594 ], [ -74.87063, 10.856336 ], [ -74.870335, 10.856893 ], [ -74.869903, 10.858066 ], [ -74.869801, 10.858269 ], [ -74.869614, 10.858521 ], [ -74.869535, 10.858587 ], [ -74.8693, 10.858695 ], [ -74.869167, 10.858725 ], [ -74.868865, 10.858918 ], [ -74.868128, 10.859475 ], [ -74.867742, 10.859931 ], [ -74.867526, 10.86038 ], [ -74.867381, 10.86059 ], [ -74.867164, 10.860799 ], [ -74.86685, 10.860986 ], [ -74.86241, 10.860979 ], [ -74.862086, 10.861984 ], [ -74.861827, 10.862505 ], [ -74.861501, 10.862829 ], [ -74.861205, 10.862991 ], [ -74.861042, 10.863051 ], [ -74.860915, 10.863052 ], [ -74.86034, 10.862987 ], [ -74.859772, 10.862989 ], [ -74.859204, 10.863128 ], [ -74.858442, 10.863501 ], [ -74.85805, 10.863753 ], [ -74.857518, 10.864029 ], [ -74.85631, 10.86454 ], [ -74.855937, 10.86466 ], [ -74.855891, 10.864591 ], [ -74.854796, 10.864875 ], [ -74.853744, 10.865009 ], [ -74.853067, 10.86528 ], [ -74.852765, 10.865347 ], [ -74.852481, 10.865371 ], [ -74.851882, 10.865528 ], [ -74.851169, 10.865811 ], [ -74.849846, 10.866478 ], [ -74.849254, 10.866725 ], [ -74.849088, 10.866774 ], [ -74.848966, 10.866757 ], [ -74.848958, 10.866813 ], [ -74.848831, 10.866851 ], [ -74.848559, 10.866918 ], [ -74.848123, 10.866961 ], [ -74.847445, 10.866843 ], [ -74.847028, 10.866868 ], [ -74.846315, 10.867193 ], [ -74.845832, 10.867373 ], [ -74.844888, 10.867537 ], [ -74.844592, 10.867657 ], [ -74.844381, 10.867795 ], [ -74.843698, 10.86809 ], [ -74.842883, 10.868487 ], [ -74.842266, 10.868859 ], [ -74.841343, 10.869567 ], [ -74.840685, 10.870155 ], [ -74.840027, 10.870838 ], [ -74.839581, 10.871264 ], [ -74.838854, 10.871806 ], [ -74.838909, 10.871891 ], [ -74.83924, 10.872046 ], [ -74.839785, 10.872224 ], [ -74.840324, 10.872348 ], [ -74.841159, 10.872423 ], [ -74.841831, 10.872649 ], [ -74.842212, 10.872815 ], [ -74.842643, 10.873095 ], [ -74.842758, 10.873209 ], [ -74.842812, 10.873304 ], [ -74.84285, 10.873597 ], [ -74.84258, 10.874674 ], [ -74.84257, 10.875356 ], [ -74.842637, 10.875607 ], [ -74.842734, 10.87578 ], [ -74.842989, 10.875965 ], [ -74.843588, 10.876208 ], [ -74.843885, 10.876243 ], [ -74.844308, 10.876254 ], [ -74.84455, 10.876349 ], [ -74.844599, 10.876433 ], [ -74.84463, 10.876804 ], [ -74.844728, 10.877019 ], [ -74.844861, 10.877192 ], [ -74.845104, 10.877358 ], [ -74.844954, 10.877951 ], [ -74.844828, 10.878274 ], [ -74.844533, 10.878795 ], [ -74.844183, 10.879256 ], [ -74.84403, 10.879414 ], [ -74.842541, 10.880809 ], [ -74.841999, 10.881635 ], [ -74.841518, 10.882677 ], [ -74.841337, 10.882941 ], [ -74.841237, 10.883023 ], [ -74.841148, 10.882957 ], [ -74.84089, 10.883294 ], [ -74.840395, 10.883505 ], [ -74.839736, 10.883931 ], [ -74.839326, 10.884381 ], [ -74.839164, 10.884662 ], [ -74.83882, 10.885428 ], [ -74.837472, 10.885533 ], [ -74.836045, 10.88574 ], [ -74.834044, 10.886367 ], [ -74.833282, 10.886632 ], [ -74.831843, 10.886851 ], [ -74.831698, 10.886893 ], [ -74.831336, 10.887103 ], [ -74.83006, 10.887644 ], [ -74.829499, 10.887927 ], [ -74.827988, 10.888588 ], [ -74.827625, 10.888799 ], [ -74.827493, 10.888912 ], [ -74.827095, 10.889446 ], [ -74.826587, 10.88977 ], [ -74.825905, 10.890118 ], [ -74.825203, 10.890359 ], [ -74.824116, 10.890776 ], [ -74.823608, 10.890909 ], [ -74.823167, 10.890976 ], [ -74.822798, 10.890995 ], [ -74.822525, 10.890966 ], [ -74.821945, 10.891045 ], [ -74.821549, 10.891058 ] ] ] } },
{ "type": "Feature", "properties": { "OBJECTID": 1104, "MpCodigo": "08758", "MpNombre": "Soledad", "MpArea": 59.127992505987933, "MpNorma": null, "MpCategor": 1, "MpAltitud": 14, "Restriccion": "“No es apropiada su aplicación para la ubicación exacta de puntos ni para el cálculo de áreas y distancias", "Depto": "Atlántico", "SHAPE_Length": 44214.123379584627, "SHAPE_Area": 59127992.505987935 }, "geometry": { "type": "Polygon", "coordinates": [ [ [ -74.757296, 10.945368 ], [ -74.757034, 10.943439 ], [ -74.756681, 10.94155 ], [ -74.756239, 10.939707 ], [ -74.755794, 10.938085 ], [ -74.755526, 10.937214 ], [ -74.755112, 10.936172 ], [ -74.754474, 10.934945 ], [ -74.754159, 10.934436 ], [ -74.75384, 10.933984 ], [ -74.753516, 10.933589 ], [ -74.753263, 10.933329 ], [ -74.753028, 10.933133 ], [ -74.752675, 10.932899 ], [ -74.752271, 10.932694 ], [ -74.751822, 10.932518 ], [ -74.750944, 10.93227 ], [ -74.748818, 10.931845 ], [ -74.747937, 10.931624 ], [ -74.747482, 10.931472 ], [ -74.747077, 10.931303 ], [ -74.746464, 10.930954 ], [ -74.745897, 10.930521 ], [ -74.745398, 10.930093 ], [ -74.744885, 10.929611 ], [ -74.744261, 10.928973 ], [ -74.743898, 10.928542 ], [ -74.743532, 10.928039 ], [ -74.7423, 10.926084 ], [ -74.741944, 10.925562 ], [ -74.741569, 10.925078 ], [ -74.741022, 10.924482 ], [ -74.740502, 10.923975 ], [ -74.739933, 10.923469 ], [ -74.739146, 10.922828 ], [ -74.737709, 10.921779 ], [ -74.735277, 10.920176 ], [ -74.734623, 10.9198 ], [ -74.733889, 10.919417 ], [ -74.730478, 10.917831 ], [ -74.729032, 10.917078 ], [ -74.728027, 10.916449 ], [ -74.72636, 10.915196 ], [ -74.725233, 10.914508 ], [ -74.724491, 10.914128 ], [ -74.723923, 10.913895 ], [ -74.723443, 10.913766 ], [ -74.722577, 10.913592 ], [ -74.722062, 10.913435 ], [ -74.721668, 10.913243 ], [ -74.721292, 10.913015 ], [ -74.720828, 10.912672 ], [ -74.720378, 10.912271 ], [ -74.71995, 10.911818 ], [ -74.719632, 10.911427 ], [ -74.719272, 10.910913 ], [ -74.718756, 10.910076 ], [ -74.718527, 10.909629 ], [ -74.718399, 10.909275 ], [ -74.718333, 10.908895 ], [ -74.718362, 10.908505 ], [ -74.718587, 10.907687 ], [ -74.718821, 10.907095 ], [ -74.719072, 10.906611 ], [ -74.719442, 10.90604 ], [ -74.719889, 10.905475 ], [ -74.720419, 10.904908 ], [ -74.721076, 10.904301 ], [ -74.721861, 10.903657 ], [ -74.724836, 10.901478 ], [ -74.726787, 10.899921 ], [ -74.72773, 10.89925 ], [ -74.730456, 10.897443 ], [ -74.73124, 10.896877 ], [ -74.731791, 10.89644 ], [ -74.732626, 10.895686 ], [ -74.733415, 10.894813 ], [ -74.734142, 10.893883 ], [ -74.73468, 10.893043 ], [ -74.735115, 10.892233 ], [ -74.735529, 10.891334 ], [ -74.736089, 10.88992 ], [ -74.736577, 10.888536 ], [ -74.736794, 10.887824 ], [ -74.737069, 10.886781 ], [ -74.737712, 10.88386 ], [ -74.737844, 10.883135 ], [ -74.737984, 10.882156 ], [ -74.738135, 10.880418 ], [ -74.738175, 10.879344 ], [ -74.738181, 10.878284 ], [ -74.738104, 10.876001 ], [ -74.738777, 10.877506 ], [ -74.739141, 10.878678 ], [ -74.739366, 10.879138 ], [ -74.739542, 10.879472 ], [ -74.739749, 10.879765 ], [ -74.739949, 10.880189 ], [ -74.740453, 10.8809 ], [ -74.740872, 10.881628 ], [ -74.741036, 10.881831 ], [ -74.741346, 10.882428 ], [ -74.741729, 10.883408 ], [ -74.741815, 10.883809 ], [ -74.741821, 10.883982 ], [ -74.742499, 10.88398 ], [ -74.743321, 10.884015 ], [ -74.74432, 10.884126 ], [ -74.744422, 10.883713 ], [ -74.745873, 10.883411 ], [ -74.745445, 10.884183 ], [ -74.745252, 10.884429 ], [ -74.74486, 10.885087 ], [ -74.745145, 10.885141 ], [ -74.74768, 10.885308 ], [ -74.748757, 10.885228 ], [ -74.749906, 10.885226 ], [ -74.75033, 10.885315 ], [ -74.751001, 10.885367 ], [ -74.751201, 10.885355 ], [ -74.751751, 10.885156 ], [ -74.752174, 10.885041 ], [ -74.75336, 10.884871 ], [ -74.753886, 10.884864 ], [ -74.754152, 10.884935 ], [ -74.754564, 10.88497 ], [ -74.755913, 10.885201 ], [ -74.756731, 10.885456 ], [ -74.757391, 10.885616 ], [ -74.75819, 10.885973 ], [ -74.758687, 10.886247 ], [ -74.759177, 10.886569 ], [ -74.761328, 10.88773 ], [ -74.762581, 10.888223 ], [ -74.763492, 10.888424 ], [ -74.763598, 10.88849 ], [ -74.763689, 10.888579 ], [ -74.763768, 10.888711 ], [ -74.76403, 10.889326 ], [ -74.764109, 10.889756 ], [ -74.7642, 10.88993 ], [ -74.764207, 10.890235 ], [ -74.764311, 10.890509 ], [ -74.764444, 10.890712 ], [ -74.764517, 10.89091 ], [ -74.76459, 10.890909 ], [ -74.765218, 10.890705 ], [ -74.766265, 10.890505 ], [ -74.767184, 10.890234 ], [ -74.767577, 10.890215 ], [ -74.76826, 10.890237 ], [ -74.769718, 10.890144 ], [ -74.769807, 10.889193 ], [ -74.769828, 10.88795 ], [ -74.769471, 10.885493 ], [ -74.769335, 10.883992 ], [ -74.769356, 10.882515 ], [ -74.769391, 10.882001 ], [ -74.769527, 10.880942 ], [ -74.769909, 10.88096 ], [ -74.770387, 10.881084 ], [ -74.770562, 10.881084 ], [ -74.771306, 10.880992 ], [ -74.771457, 10.881022 ], [ -74.771724, 10.881153 ], [ -74.77248, 10.881253 ], [ -74.773255, 10.881221 ], [ -74.773569, 10.881244 ], [ -74.773884, 10.881387 ], [ -74.773577, 10.881818 ], [ -74.773559, 10.881878 ], [ -74.773607, 10.881914 ], [ -74.773891, 10.881919 ], [ -74.774182, 10.881996 ], [ -74.774364, 10.882079 ], [ -74.774582, 10.882211 ], [ -74.774606, 10.88239 ], [ -74.776367, 10.882511 ], [ -74.776518, 10.882535 ], [ -74.77687, 10.882678 ], [ -74.777033, 10.882815 ], [ -74.777404, 10.883382 ], [ -74.77787, 10.883572 ], [ -74.777931, 10.88365 ], [ -74.777943, 10.883751 ], [ -74.777901, 10.883949 ], [ -74.778234, 10.884145 ], [ -74.779168, 10.882427 ], [ -74.780397, 10.88026 ], [ -74.779784, 10.879564 ], [ -74.779713, 10.879564 ], [ -74.779188, 10.879091 ], [ -74.7812, 10.876821 ], [ -74.781276, 10.8766 ], [ -74.782887, 10.877049 ], [ -74.782975, 10.877347 ], [ -74.783062, 10.877789 ], [ -74.78309, 10.878648 ], [ -74.783131, 10.878853 ], [ -74.784778, 10.879141 ], [ -74.784854, 10.879005 ], [ -74.784894, 10.878779 ], [ -74.784959, 10.878588 ], [ -74.785051, 10.878432 ], [ -74.785299, 10.878346 ], [ -74.785416, 10.878205 ], [ -74.785653, 10.877522 ], [ -74.785734, 10.877416 ], [ -74.78582, 10.877365 ], [ -74.785968, 10.877345 ], [ -74.786537, 10.877439 ], [ -74.787172, 10.877508 ], [ -74.787202, 10.877242 ], [ -74.787368, 10.876458 ], [ -74.78755, 10.87588 ], [ -74.787686, 10.875528 ], [ -74.787964, 10.875124 ], [ -74.788081, 10.875214 ], [ -74.788615, 10.875424 ], [ -74.789265, 10.875568 ], [ -74.789916, 10.875648 ], [ -74.789623, 10.876072 ], [ -74.789491, 10.876314 ], [ -74.78934, 10.876741 ], [ -74.78928, 10.877052 ], [ -74.791903, 10.879299 ], [ -74.791839, 10.879461 ], [ -74.791771, 10.879536 ], [ -74.791723, 10.879645 ], [ -74.791379, 10.880058 ], [ -74.791367, 10.880106 ], [ -74.79164, 10.880285 ], [ -74.79213, 10.880541 ], [ -74.792299, 10.880205 ], [ -74.795345, 10.88146 ], [ -74.79555, 10.881077 ], [ -74.795628, 10.880837 ], [ -74.795657, 10.880509 ], [ -74.795639, 10.880383 ], [ -74.795692, 10.880018 ], [ -74.795873, 10.879527 ], [ -74.795883, 10.879343 ], [ -74.796064, 10.878554 ], [ -74.796559, 10.877494 ], [ -74.796625, 10.877454 ], [ -74.796892, 10.87778 ], [ -74.797224, 10.878106 ], [ -74.798421, 10.877325 ], [ -74.798842, 10.876937 ], [ -74.799358, 10.876027 ], [ -74.800462, 10.876344 ], [ -74.7998, 10.877923 ], [ -74.800024, 10.878053 ], [ -74.799266, 10.879519 ], [ -74.798663, 10.87952 ], [ -74.799106, 10.879846 ], [ -74.799791, 10.880466 ], [ -74.800974, 10.881857 ], [ -74.801283, 10.882185 ], [ -74.802126, 10.882996 ], [ -74.803532, 10.884189 ], [ -74.80429, 10.884916 ], [ -74.804897, 10.885411 ], [ -74.805515, 10.885972 ], [ -74.805715, 10.886097 ], [ -74.805726, 10.88581 ], [ -74.805792, 10.885427 ], [ -74.806428, 10.883111 ], [ -74.806716, 10.882357 ], [ -74.807493, 10.880843 ], [ -74.807994, 10.880405 ], [ -74.808592, 10.880332 ], [ -74.809506, 10.88027 ], [ -74.811199, 10.880098 ], [ -74.811736, 10.879489 ], [ -74.811593, 10.879489 ], [ -74.812099, 10.878838 ], [ -74.813911, 10.876621 ], [ -74.819919, 10.877239 ], [ -74.824776, 10.879 ], [ -74.824868, 10.879015 ], [ -74.824836, 10.879109 ], [ -74.824609, 10.879458 ], [ -74.82468, 10.879457 ], [ -74.824367, 10.87987 ], [ -74.823908, 10.880403 ], [ -74.823661, 10.880744 ], [ -74.823324, 10.881373 ], [ -74.822962, 10.88187 ], [ -74.822905, 10.882048 ], [ -74.822667, 10.882457 ], [ -74.820777, 10.886258 ], [ -74.820681, 10.886575 ], [ -74.820622, 10.886904 ], [ -74.820634, 10.886964 ], [ -74.820731, 10.887 ], [ -74.820574, 10.887156 ], [ -74.820255, 10.887778 ], [ -74.819918, 10.88867 ], [ -74.81955, 10.889179 ], [ -74.819182, 10.889557 ], [ -74.818935, 10.88985 ], [ -74.818277, 10.890438 ], [ -74.818756, 10.89067 ], [ -74.819173, 10.890806 ], [ -74.819506, 10.890883 ], [ -74.819803, 10.890925 ], [ -74.820577, 10.890953 ], [ -74.821666, 10.891069 ], [ -74.822525, 10.890966 ], [ -74.822798, 10.890995 ], [ -74.823167, 10.890976 ], [ -74.823608, 10.890909 ], [ -74.824116, 10.890776 ], [ -74.825203, 10.890359 ], [ -74.825905, 10.890118 ], [ -74.826382, 10.889878 ], [ -74.826847, 10.88962 ], [ -74.827095, 10.889446 ], [ -74.827493, 10.888912 ], [ -74.827625, 10.888799 ], [ -74.827988, 10.888588 ], [ -74.829499, 10.887927 ], [ -74.83006, 10.887644 ], [ -74.831336, 10.887103 ], [ -74.831698, 10.886893 ], [ -74.831843, 10.886851 ], [ -74.833282, 10.886632 ], [ -74.834044, 10.886367 ], [ -74.836045, 10.88574 ], [ -74.837472, 10.885533 ], [ -74.838186, 10.885466 ], [ -74.83882, 10.885428 ], [ -74.838809, 10.885458 ], [ -74.839114, 10.885473 ], [ -74.839111, 10.885832 ], [ -74.83906, 10.886382 ], [ -74.838966, 10.887009 ], [ -74.838678, 10.888107 ], [ -74.838517, 10.888595 ], [ -74.837967, 10.889531 ], [ -74.837707, 10.890158 ], [ -74.837625, 10.890435 ], [ -74.83758, 10.890704 ], [ -74.837574, 10.891145 ], [ -74.837508, 10.89168 ], [ -74.837349, 10.892294 ], [ -74.837124, 10.892926 ], [ -74.836928, 10.893373 ], [ -74.836748, 10.89393 ], [ -74.836684, 10.894215 ], [ -74.836453, 10.895683 ], [ -74.836376, 10.896667 ], [ -74.836359, 10.897265 ], [ -74.83639, 10.89762 ], [ -74.836519, 10.89822 ], [ -74.836514, 10.898646 ], [ -74.836459, 10.899229 ], [ -74.836343, 10.89984 ], [ -74.836076, 10.900822 ], [ -74.835914, 10.900982 ], [ -74.835164, 10.901433 ], [ -74.834999, 10.901506 ], [ -74.834741, 10.901773 ], [ -74.834492, 10.902138 ], [ -74.834379, 10.902441 ], [ -74.833826, 10.903647 ], [ -74.83357, 10.903975 ], [ -74.833473, 10.904128 ], [ -74.833416, 10.904301 ], [ -74.833316, 10.904423 ], [ -74.832129, 10.90522 ], [ -74.832129, 10.905177 ], [ -74.830772, 10.906145 ], [ -74.830601, 10.906329 ], [ -74.830494, 10.906525 ], [ -74.830329, 10.906966 ], [ -74.830239, 10.907135 ], [ -74.829947, 10.907369 ], [ -74.829572, 10.907597 ], [ -74.828743, 10.907901 ], [ -74.828438, 10.908061 ], [ -74.828257, 10.908275 ], [ -74.828131, 10.90847 ], [ -74.828102, 10.908569 ], [ -74.828042, 10.909075 ], [ -74.828057, 10.909756 ], [ -74.828113, 10.910005 ], [ -74.828395, 10.910782 ], [ -74.828423, 10.911033 ], [ -74.828396, 10.911201 ], [ -74.828273, 10.911422 ], [ -74.827739, 10.911919 ], [ -74.827562, 10.912176 ], [ -74.827297, 10.912781 ], [ -74.827164, 10.913357 ], [ -74.827075, 10.913494 ], [ -74.826766, 10.913728 ], [ -74.826566, 10.91392 ], [ -74.826544, 10.914057 ], [ -74.826427, 10.913922 ], [ -74.825042, 10.914873 ], [ -74.824126, 10.915224 ], [ -74.822326, 10.916218 ], [ -74.821792, 10.916692 ], [ -74.821258, 10.917903 ], [ -74.820884, 10.918061 ], [ -74.819602, 10.918377 ], [ -74.819068, 10.919009 ], [ -74.818847, 10.919541 ], [ -74.818534, 10.919799 ], [ -74.817581, 10.920273 ], [ -74.816406, 10.921115 ], [ -74.815765, 10.921747 ], [ -74.815391, 10.922274 ], [ -74.814917, 10.922342 ], [ -74.814603, 10.922462 ], [ -74.814265, 10.922396 ], [ -74.812621, 10.922467 ], [ -74.811968, 10.922468 ], [ -74.81127, 10.922359 ], [ -74.810414, 10.922272 ], [ -74.809016, 10.921808 ], [ -74.808498, 10.921742 ], [ -74.808025, 10.921721 ], [ -74.807305, 10.921945 ], [ -74.806765, 10.922013 ], [ -74.805617, 10.92235 ], [ -74.80377, 10.922243 ], [ -74.803163, 10.922623 ], [ -74.802646, 10.923158 ], [ -74.802078, 10.923641 ], [ -74.801994, 10.924036 ], [ -74.801635, 10.924429 ], [ -74.801201, 10.924782 ], [ -74.80072, 10.925019 ], [ -74.799645, 10.925293 ], [ -74.799408, 10.925489 ], [ -74.799172, 10.925932 ], [ -74.799125, 10.926671 ], [ -74.799164, 10.927222 ], [ -74.79905, 10.927654 ], [ -74.798691, 10.928087 ], [ -74.798195, 10.928445 ], [ -74.79684, 10.929155 ], [ -74.796592, 10.929314 ], [ -74.795998, 10.929771 ], [ -74.795678, 10.929967 ], [ -74.795121, 10.929888 ], [ -74.794724, 10.930283 ], [ -74.794327, 10.930755 ], [ -74.79377, 10.93099 ], [ -74.793053, 10.930831 ], [ -74.792572, 10.930989 ], [ -74.792176, 10.9315 ], [ -74.792053, 10.932011 ], [ -74.791855, 10.932523 ], [ -74.791779, 10.932955 ], [ -74.791355, 10.933371 ], [ -74.790306, 10.933663 ], [ -74.789071, 10.934173 ], [ -74.788231, 10.934253 ], [ -74.787156, 10.934211 ], [ -74.786598, 10.934289 ], [ -74.786126, 10.934565 ], [ -74.785882, 10.934841 ], [ -74.785721, 10.935274 ], [ -74.785446, 10.935509 ], [ -74.785012, 10.935666 ], [ -74.784691, 10.935863 ], [ -74.784493, 10.936493 ], [ -74.78421, 10.936729 ], [ -74.783654, 10.937083 ], [ -74.783059, 10.937199 ], [ -74.782616, 10.937356 ], [ -74.782342, 10.937751 ], [ -74.782267, 10.937898 ], [ -74.782063, 10.937588 ], [ -74.781328, 10.935458 ], [ -74.780696, 10.934837 ], [ -74.779734, 10.935068 ], [ -74.777457, 10.940321 ], [ -74.777756, 10.940583 ], [ -74.777616, 10.940899 ], [ -74.777504, 10.940941 ], [ -74.776785, 10.94101 ], [ -74.776376, 10.94162 ], [ -74.776378, 10.942533 ], [ -74.776071, 10.942838 ], [ -74.775856, 10.942871 ], [ -74.775544, 10.943492 ], [ -74.774766, 10.944026 ], [ -74.774041, 10.944322 ], [ -74.772004, 10.944379 ], [ -74.770028, 10.944377 ], [ -74.767938, 10.945086 ], [ -74.767152, 10.945086 ], [ -74.766618, 10.944908 ], [ -74.766015, 10.943902 ], [ -74.765308, 10.94375 ], [ -74.763379, 10.945539 ], [ -74.757296, 10.945368 ] ] ] } },
{ "type": "Feature", "properties": { "OBJECTID": 1105, "MpCodigo": "08296", "MpNombre": "Galapa", "MpArea": 97.517453848615204, "MpNorma": null, "MpCategor": 1, "MpAltitud": 87, "Restriccion": "“No es apropiada su aplicación para la ubicación exacta de puntos ni para el cálculo de áreas y distancias", "Depto": "Atlántico", "SHAPE_Length": 46066.424055555937, "SHAPE_Area": 97517453.848615199 }, "geometry": { "type": "Polygon", "coordinates": [ [ [ -74.907715, 10.950464 ], [ -74.905394, 10.950053 ], [ -74.902363, 10.950062 ], [ -74.901477, 10.949958 ], [ -74.900173, 10.949728 ], [ -74.898951, 10.949758 ], [ -74.898084, 10.94989 ], [ -74.89702, 10.950243 ], [ -74.896547, 10.950297 ], [ -74.896297, 10.950271 ], [ -74.895942, 10.950103 ], [ -74.894944, 10.950262 ], [ -74.894143, 10.950511 ], [ -74.892355, 10.950451 ], [ -74.892221, 10.949529 ], [ -74.892246, 10.948893 ], [ -74.8924, 10.947723 ], [ -74.892307, 10.947269 ], [ -74.8922, 10.946425 ], [ -74.892311, 10.945625 ], [ -74.892179, 10.945701 ], [ -74.892077, 10.945711 ], [ -74.886095, 10.945502 ], [ -74.885889, 10.945433 ], [ -74.884413, 10.945433 ], [ -74.883733, 10.945376 ], [ -74.88373, 10.945434 ], [ -74.881562, 10.945279 ], [ -74.881575, 10.94522 ], [ -74.880752, 10.945185 ], [ -74.879452, 10.94504 ], [ -74.879406, 10.945137 ], [ -74.878397, 10.945197 ], [ -74.877634, 10.945174 ], [ -74.877903, 10.944844 ], [ -74.874213, 10.942433 ], [ -74.870586, 10.940025 ], [ -74.869057, 10.939046 ], [ -74.859476, 10.937292 ], [ -74.858158, 10.937082 ], [ -74.857516, 10.937096 ], [ -74.85519, 10.937697 ], [ -74.85352, 10.938253 ], [ -74.852009, 10.938492 ], [ -74.851023, 10.93859 ], [ -74.85017, 10.93859 ], [ -74.849813, 10.937424 ], [ -74.84935, 10.936738 ], [ -74.848957, 10.935839 ], [ -74.847959, 10.934438 ], [ -74.847004, 10.933242 ], [ -74.843611, 10.929271 ], [ -74.843226, 10.928768 ], [ -74.842762, 10.928353 ], [ -74.841699, 10.927731 ], [ -74.841263, 10.927557 ], [ -74.839274, 10.926855 ], [ -74.838389, 10.926383 ], [ -74.839027, 10.92462 ], [ -74.838984, 10.924619 ], [ -74.839641, 10.923284 ], [ -74.840345, 10.921758 ], [ -74.839887, 10.921677 ], [ -74.839306, 10.921381 ], [ -74.838717, 10.921166 ], [ -74.83514, 10.91857 ], [ -74.834778, 10.918406 ], [ -74.834719, 10.918421 ], [ -74.834421, 10.918364 ], [ -74.833638, 10.917921 ], [ -74.833791, 10.917223 ], [ -74.833778, 10.9172 ], [ -74.833675, 10.917183 ], [ -74.833178, 10.916595 ], [ -74.832399, 10.915869 ], [ -74.832156, 10.915703 ], [ -74.83191, 10.915707 ], [ -74.831811, 10.915623 ], [ -74.831639, 10.915574 ], [ -74.831098, 10.915633 ], [ -74.829754, 10.915089 ], [ -74.82889, 10.914926 ], [ -74.828652, 10.914913 ], [ -74.828282, 10.914789 ], [ -74.827761, 10.914733 ], [ -74.827508, 10.914638 ], [ -74.826949, 10.914204 ], [ -74.82668, 10.914075 ], [ -74.826544, 10.914057 ], [ -74.826537, 10.914003 ], [ -74.826566, 10.91392 ], [ -74.826766, 10.913728 ], [ -74.827075, 10.913494 ], [ -74.827164, 10.913357 ], [ -74.827297, 10.912781 ], [ -74.827562, 10.912176 ], [ -74.827739, 10.911919 ], [ -74.828273, 10.911422 ], [ -74.828396, 10.911201 ], [ -74.828423, 10.911033 ], [ -74.828395, 10.910782 ], [ -74.828113, 10.910005 ], [ -74.828057, 10.909756 ], [ -74.828042, 10.909075 ], [ -74.828102, 10.908569 ], [ -74.828131, 10.90847 ], [ -74.828257, 10.908275 ], [ -74.828438, 10.908061 ], [ -74.828743, 10.907901 ], [ -74.829572, 10.907597 ], [ -74.829947, 10.907369 ], [ -74.830239, 10.907135 ], [ -74.830329, 10.906966 ], [ -74.830494, 10.906525 ], [ -74.830601, 10.906329 ], [ -74.830772, 10.906145 ], [ -74.832129, 10.905177 ], [ -74.832129, 10.90522 ], [ -74.833316, 10.904423 ], [ -74.833416, 10.904301 ], [ -74.833473, 10.904128 ], [ -74.83357, 10.903975 ], [ -74.833826, 10.903647 ], [ -74.834379, 10.902441 ], [ -74.834492, 10.902138 ], [ -74.834741, 10.901773 ], [ -74.834999, 10.901506 ], [ -74.835164, 10.901433 ], [ -74.835914, 10.900982 ], [ -74.836076, 10.900822 ], [ -74.836343, 10.89984 ], [ -74.836459, 10.899229 ], [ -74.836514, 10.898646 ], [ -74.836519, 10.89822 ], [ -74.83639, 10.89762 ], [ -74.836359, 10.897265 ], [ -74.836376, 10.896667 ], [ -74.836453, 10.895683 ], [ -74.836684, 10.894215 ], [ -74.836748, 10.89393 ], [ -74.836928, 10.893373 ], [ -74.837124, 10.892926 ], [ -74.837349, 10.892294 ], [ -74.837508, 10.89168 ], [ -74.837574, 10.891145 ], [ -74.83758, 10.890704 ], [ -74.837625, 10.890435 ], [ -74.837707, 10.890158 ], [ -74.837967, 10.889531 ], [ -74.838517, 10.888595 ], [ -74.838678, 10.888107 ], [ -74.838966, 10.887009 ], [ -74.83906, 10.886382 ], [ -74.839111, 10.885832 ], [ -74.839114, 10.885473 ], [ -74.838809, 10.885458 ], [ -74.83882, 10.885428 ], [ -74.839164, 10.884662 ], [ -74.839326, 10.884381 ], [ -74.839736, 10.883931 ], [ -74.840395, 10.883505 ], [ -74.84089, 10.883294 ], [ -74.841148, 10.882957 ], [ -74.841237, 10.883023 ], [ -74.841337, 10.882941 ], [ -74.841518, 10.882677 ], [ -74.841999, 10.881635 ], [ -74.842541, 10.880809 ], [ -74.844183, 10.879256 ], [ -74.844533, 10.878795 ], [ -74.844828, 10.878274 ], [ -74.844954, 10.877951 ], [ -74.845104, 10.877358 ], [ -74.844861, 10.877192 ], [ -74.844728, 10.877019 ], [ -74.84463, 10.876804 ], [ -74.844599, 10.876433 ], [ -74.84455, 10.876349 ], [ -74.844308, 10.876254 ], [ -74.843885, 10.876243 ], [ -74.843588, 10.876208 ], [ -74.843401, 10.876143 ], [ -74.842989, 10.875965 ], [ -74.842825, 10.875857 ], [ -74.842734, 10.87578 ], [ -74.842637, 10.875607 ], [ -74.84257, 10.875356 ], [ -74.84258, 10.874674 ], [ -74.84285, 10.873597 ], [ -74.842812, 10.873304 ], [ -74.842758, 10.873209 ], [ -74.842643, 10.873095 ], [ -74.842382, 10.872911 ], [ -74.842025, 10.87272 ], [ -74.841831, 10.872649 ], [ -74.841159, 10.872423 ], [ -74.840324, 10.872348 ], [ -74.839785, 10.872224 ], [ -74.83924, 10.872046 ], [ -74.838909, 10.871891 ], [ -74.838854, 10.871806 ], [ -74.839581, 10.871264 ], [ -74.840027, 10.870838 ], [ -74.840685, 10.870155 ], [ -74.841343, 10.869567 ], [ -74.842266, 10.868859 ], [ -74.842617, 10.868631 ], [ -74.843203, 10.868325 ], [ -74.844218, 10.867874 ], [ -74.844592, 10.867657 ], [ -74.844888, 10.867537 ], [ -74.845832, 10.867373 ], [ -74.846315, 10.867193 ], [ -74.847028, 10.866868 ], [ -74.847445, 10.866843 ], [ -74.848123, 10.866961 ], [ -74.848559, 10.866918 ], [ -74.848958, 10.866813 ], [ -74.848966, 10.866757 ], [ -74.849088, 10.866774 ], [ -74.849254, 10.866725 ], [ -74.850148, 10.86634 ], [ -74.851169, 10.865811 ], [ -74.851882, 10.865528 ], [ -74.852481, 10.865371 ], [ -74.852765, 10.865347 ], [ -74.853067, 10.86528 ], [ -74.853744, 10.865009 ], [ -74.854796, 10.864875 ], [ -74.855891, 10.864591 ], [ -74.855937, 10.86466 ], [ -74.85631, 10.86454 ], [ -74.857518, 10.864029 ], [ -74.85805, 10.863753 ], [ -74.858442, 10.863501 ], [ -74.858726, 10.86335 ], [ -74.859204, 10.863128 ], [ -74.859439, 10.863056 ], [ -74.859772, 10.862989 ], [ -74.86034, 10.862987 ], [ -74.860915, 10.863052 ], [ -74.861042, 10.863051 ], [ -74.861205, 10.862991 ], [ -74.861501, 10.862829 ], [ -74.861827, 10.862505 ], [ -74.862086, 10.861984 ], [ -74.86241, 10.860979 ], [ -74.864085, 10.860969 ], [ -74.866554, 10.860998 ], [ -74.86685, 10.860986 ], [ -74.866989, 10.860913 ], [ -74.867164, 10.860799 ], [ -74.867381, 10.86059 ], [ -74.867526, 10.86038 ], [ -74.867742, 10.859931 ], [ -74.868128, 10.859475 ], [ -74.868593, 10.85911 ], [ -74.869167, 10.858725 ], [ -74.8693, 10.858695 ], [ -74.869535, 10.858587 ], [ -74.869614, 10.858521 ], [ -74.869801, 10.858269 ], [ -74.870161, 10.857407 ], [ -74.870335, 10.856893 ], [ -74.87063, 10.856336 ], [ -74.87095, 10.85594 ], [ -74.871125, 10.855653 ], [ -74.87125, 10.85521 ], [ -74.871279, 10.854678 ], [ -74.871363, 10.854492 ], [ -74.871478, 10.854343 ], [ -74.87161, 10.854091 ], [ -74.871664, 10.853924 ], [ -74.871717, 10.853272 ], [ -74.871824, 10.853104 ], [ -74.874622, 10.852937 ], [ -74.876144, 10.852888 ], [ -74.88071, 10.852966 ], [ -74.882115, 10.852442 ], [ -74.883864, 10.851857 ], [ -74.88568, 10.85137 ], [ -74.889005, 10.85025 ], [ -74.889493, 10.850136 ], [ -74.891207, 10.849829 ], [ -74.891957, 10.850017 ], [ -74.892366, 10.850072 ], [ -74.892787, 10.850251 ], [ -74.892958, 10.850767 ], [ -74.89346, 10.85163 ], [ -74.894053, 10.85228 ], [ -74.894349, 10.852795 ], [ -74.89536, 10.852658 ], [ -74.895117, 10.851255 ], [ -74.895376, 10.850368 ], [ -74.896032, 10.849232 ], [ -74.899515, 10.843643 ], [ -74.899764, 10.843867 ], [ -74.901008, 10.845205 ], [ -74.901228, 10.845392 ], [ -74.901565, 10.845608 ], [ -74.901796, 10.845804 ], [ -74.901976, 10.846168 ], [ -74.902022, 10.846464 ], [ -74.902034, 10.847159 ], [ -74.901996, 10.847927 ], [ -74.901908, 10.848601 ], [ -74.901894, 10.848971 ], [ -74.901929, 10.849049 ], [ -74.902133, 10.849174 ], [ -74.902475, 10.849264 ], [ -74.902615, 10.84927 ], [ -74.902963, 10.849187 ], [ -74.903107, 10.849211 ], [ -74.903471, 10.849399 ], [ -74.903784, 10.849491 ], [ -74.904442, 10.849521 ], [ -74.905076, 10.849441 ], [ -74.905216, 10.849495 ], [ -74.905964, 10.84859 ], [ -74.906703, 10.84798 ], [ -74.907052, 10.847768 ], [ -74.907224, 10.847719 ], [ -74.907502, 10.847682 ], [ -74.907715, 10.847541 ], [ -74.907874, 10.847372 ], [ -74.908077, 10.847211 ], [ -74.908778, 10.846816 ], [ -74.909865, 10.846153 ], [ -74.910291, 10.84571 ], [ -74.910443, 10.845494 ], [ -74.910737, 10.84496 ], [ -74.910863, 10.844911 ], [ -74.911207, 10.844874 ], [ -74.911881, 10.844938 ], [ -74.912242, 10.844889 ], [ -74.91238, 10.844907 ], [ -74.912508, 10.844961 ], [ -74.912661, 10.845114 ], [ -74.912786, 10.845387 ], [ -74.912918, 10.845555 ], [ -74.91305, 10.845688 ], [ -74.913367, 10.845934 ], [ -74.913378, 10.84597 ], [ -74.913643, 10.845947 ], [ -74.913926, 10.845897 ], [ -74.913987, 10.845864 ], [ -74.914217, 10.846091 ], [ -74.914267, 10.846268 ], [ -74.914288, 10.846494 ], [ -74.91421, 10.846985 ], [ -74.914266, 10.84745 ], [ -74.91446, 10.847589 ], [ -74.914991, 10.84771 ], [ -74.917307, 10.847669 ], [ -74.918173, 10.847701 ], [ -74.919129, 10.847874 ], [ -74.919695, 10.848099 ], [ -74.920137, 10.848203 ], [ -74.920898, 10.848446 ], [ -74.921001, 10.848678 ], [ -74.920927, 10.848973 ], [ -74.920348, 10.849771 ], [ -74.920221, 10.849912 ], [ -74.920125, 10.850185 ], [ -74.920125, 10.850354 ], [ -74.920328, 10.850612 ], [ -74.92059, 10.851076 ], [ -74.920762, 10.851296 ], [ -74.921173, 10.85173 ], [ -74.921435, 10.851951 ], [ -74.921817, 10.852333 ], [ -74.922026, 10.852443 ], [ -74.92216, 10.852561 ], [ -74.922377, 10.852671 ], [ -74.922766, 10.852942 ], [ -74.922958, 10.853176 ], [ -74.923295, 10.853691 ], [ -74.923453, 10.854133 ], [ -74.923492, 10.854612 ], [ -74.923433, 10.854974 ], [ -74.923464, 10.855313 ], [ -74.923569, 10.855556 ], [ -74.923779, 10.855791 ], [ -74.924631, 10.856357 ], [ -74.924892, 10.856444 ], [ -74.925302, 10.856495 ], [ -74.925645, 10.856494 ], [ -74.926741, 10.856336 ], [ -74.927658, 10.856112 ], [ -74.928135, 10.855927 ], [ -74.928306, 10.855808 ], [ -74.928433, 10.855646 ], [ -74.928491, 10.855262 ], [ -74.928393, 10.854894 ], [ -74.928198, 10.854575 ], [ -74.928197, 10.854296 ], [ -74.928391, 10.854015 ], [ -74.928832, 10.85377 ], [ -74.929221, 10.853611 ], [ -74.929793, 10.853422 ], [ -74.931218, 10.853448 ], [ -74.931518, 10.853413 ], [ -74.932505, 10.853426 ], [ -74.932688, 10.853679 ], [ -74.9328, 10.853766 ], [ -74.933173, 10.853952 ], [ -74.933446, 10.854167 ], [ -74.933787, 10.854359 ], [ -74.934762, 10.854656 ], [ -74.935042, 10.854918 ], [ -74.935218, 10.855203 ], [ -74.935507, 10.855525 ], [ -74.935974, 10.85625 ], [ -74.936157, 10.856741 ], [ -74.936477, 10.857006 ], [ -74.936674, 10.857107 ], [ -74.936957, 10.857426 ], [ -74.93709, 10.857487 ], [ -74.937262, 10.8575 ], [ -74.938164, 10.857467 ], [ -74.938347, 10.8575 ], [ -74.938815, 10.857447 ], [ -74.939159, 10.857584 ], [ -74.939327, 10.857691 ], [ -74.939481, 10.857838 ], [ -74.939573, 10.857876 ], [ -74.939727, 10.85788 ], [ -74.939855, 10.857955 ], [ -74.940294, 10.858389 ], [ -74.940379, 10.858429 ], [ -74.94057, 10.858434 ], [ -74.940647, 10.85832 ], [ -74.940737, 10.858293 ], [ -74.941524, 10.858336 ], [ -74.941655, 10.858411 ], [ -74.942472, 10.858498 ], [ -74.942657, 10.858342 ], [ -74.942765, 10.858305 ], [ -74.942937, 10.858316 ], [ -74.943179, 10.858234 ], [ -74.943307, 10.858254 ], [ -74.943422, 10.858353 ], [ -74.94379, 10.858291 ], [ -74.944015, 10.858343 ], [ -74.944337, 10.858308 ], [ -74.944814, 10.85842 ], [ -74.944996, 10.859546 ], [ -74.94409, 10.860634 ], [ -74.943735, 10.860709 ], [ -74.943434, 10.860923 ], [ -74.942968, 10.861154 ], [ -74.942752, 10.861585 ], [ -74.942632, 10.862016 ], [ -74.942246, 10.862232 ], [ -74.941957, 10.862759 ], [ -74.941982, 10.863118 ], [ -74.941959, 10.863572 ], [ -74.942102, 10.863808 ], [ -74.942322, 10.864036 ], [ -74.94242, 10.864288 ], [ -74.942433, 10.864541 ], [ -74.942324, 10.864842 ], [ -74.941693, 10.865127 ], [ -74.940585, 10.865509 ], [ -74.94032, 10.865873 ], [ -74.939668, 10.866329 ], [ -74.939213, 10.866633 ], [ -74.938412, 10.866979 ], [ -74.938219, 10.867147 ], [ -74.937592, 10.867794 ], [ -74.937374, 10.867962 ], [ -74.936723, 10.868586 ], [ -74.936385, 10.868802 ], [ -74.936022, 10.868946 ], [ -74.935815, 10.868995 ], [ -74.935522, 10.868957 ], [ -74.935248, 10.868781 ], [ -74.93486, 10.868758 ], [ -74.934449, 10.868807 ], [ -74.934111, 10.868952 ], [ -74.933629, 10.869742 ], [ -74.93343, 10.869955 ], [ -74.934309, 10.870625 ], [ -74.934697, 10.871007 ], [ -74.93494, 10.871317 ], [ -74.935258, 10.87205 ], [ -74.935258, 10.872369 ], [ -74.935065, 10.87268 ], [ -74.934848, 10.872944 ], [ -74.934415, 10.873926 ], [ -74.934222, 10.874165 ], [ -74.933981, 10.874381 ], [ -74.933546, 10.874502 ], [ -74.932723, 10.874481 ], [ -74.932384, 10.874372 ], [ -74.932079, 10.874447 ], [ -74.931853, 10.874698 ], [ -74.931509, 10.874973 ], [ -74.930728, 10.875429 ], [ -74.930806, 10.875675 ], [ -74.930673, 10.875734 ], [ -74.930309, 10.876281 ], [ -74.93014, 10.876592 ], [ -74.929823, 10.877389 ], [ -74.929841, 10.877747 ], [ -74.929902, 10.878028 ], [ -74.92983, 10.878291 ], [ -74.929564, 10.878804 ], [ -74.92951, 10.879135 ], [ -74.929479, 10.879693 ], [ -74.929472, 10.880038 ], [ -74.92957, 10.880373 ], [ -74.929586, 10.880597 ], [ -74.929553, 10.880722 ], [ -74.929645, 10.881066 ], [ -74.929476, 10.881521 ], [ -74.929332, 10.881761 ], [ -74.929569, 10.882499 ], [ -74.929965, 10.88329 ], [ -74.930039, 10.8836 ], [ -74.930048, 10.883851 ], [ -74.929778, 10.884752 ], [ -74.929825, 10.885042 ], [ -74.929927, 10.885327 ], [ -74.930065, 10.885525 ], [ -74.930088, 10.885759 ], [ -74.929988, 10.88629 ], [ -74.930155, 10.886176 ], [ -74.930315, 10.886163 ], [ -74.930572, 10.886213 ], [ -74.931016, 10.886363 ], [ -74.931762, 10.886383 ], [ -74.931962, 10.886539 ], [ -74.93219, 10.886794 ], [ -74.932612, 10.887592 ], [ -74.932842, 10.888678 ], [ -74.932843, 10.889158 ], [ -74.932747, 10.88951 ], [ -74.932037, 10.890088 ], [ -74.931488, 10.890473 ], [ -74.931296, 10.890953 ], [ -74.931169, 10.891945 ], [ -74.93077, 10.892459 ], [ -74.930139, 10.893013 ], [ -74.929634, 10.893327 ], [ -74.92952, 10.893911 ], [ -74.92951, 10.894255 ], [ -74.92941, 10.894492 ], [ -74.929031, 10.894726 ], [ -74.92837, 10.895319 ], [ -74.928244, 10.895685 ], [ -74.928127, 10.896479 ], [ -74.927955, 10.898285 ], [ -74.928064, 10.89875 ], [ -74.928146, 10.899407 ], [ -74.928122, 10.899917 ], [ -74.924532, 10.935102 ], [ -74.923759, 10.936249 ], [ -74.923802, 10.936277 ], [ -74.923639, 10.936521 ], [ -74.923157, 10.937142 ], [ -74.922931, 10.937541 ], [ -74.922769, 10.937937 ], [ -74.922752, 10.938371 ], [ -74.922807, 10.939226 ], [ -74.922824, 10.940342 ], [ -74.922887, 10.941814 ], [ -74.922845, 10.942211 ], [ -74.922626, 10.942552 ], [ -74.921732, 10.943533 ], [ -74.921238, 10.944031 ], [ -74.921102, 10.944128 ], [ -74.919188, 10.945035 ], [ -74.9184, 10.945287 ], [ -74.915407, 10.946798 ], [ -74.910513, 10.949152 ], [ -74.907715, 10.950464 ] ] ] } },
{ "type": "Feature", "properties": { "OBJECTID": 1112, "MpCodigo": "08573", "MpNombre": "Puerto Colombia", "MpArea": 70.310647546045431, "MpNorma": "Decreto No. 483 de 1906", "MpCategor": 1, "MpAltitud": 4, "Restriccion": "“No es apropiada su aplicación para la ubicación exacta de puntos ni para el cálculo de áreas y distancias", "Depto": "Atlántico", "SHAPE_Length": 66051.252829561301, "SHAPE_Area": 70310647.546045437 }, "geometry": { "type": "Polygon", "coordinates": [ [ [ -74.872437, 11.048304 ], [ -74.872547, 11.048107 ], [ -74.872724, 11.047953 ], [ -74.872723, 11.047713 ], [ -74.872944, 11.047647 ], [ -74.873054, 11.047493 ], [ -74.873165, 11.047449 ], [ -74.873253, 11.047296 ], [ -74.873252, 11.047121 ], [ -74.873119, 11.047034 ], [ -74.872523, 11.047517 ], [ -74.872146, 11.047277 ], [ -74.872436, 11.04708 ], [ -74.872373, 11.046995 ], [ -74.872386, 11.046801 ], [ -74.872745, 11.046471 ], [ -74.873027, 11.046058 ], [ -74.873033, 11.045618 ], [ -74.872949, 11.045532 ], [ -74.872857, 11.045502 ], [ -74.872771, 11.045295 ], [ -74.872693, 11.045327 ], [ -74.872568, 11.045453 ], [ -74.87249, 11.045638 ], [ -74.87232, 11.045819 ], [ -74.872294, 11.04598 ], [ -74.87234, 11.046051 ], [ -74.87234, 11.046194 ], [ -74.872261, 11.04629 ], [ -74.872235, 11.046452 ], [ -74.872163, 11.046575 ], [ -74.872104, 11.04695 ], [ -74.872013, 11.047047 ], [ -74.871771, 11.047105 ], [ -74.871659, 11.047053 ], [ -74.871561, 11.046963 ], [ -74.871444, 11.046756 ], [ -74.871267, 11.046549 ], [ -74.871254, 11.04642 ], [ -74.871123, 11.046381 ], [ -74.870959, 11.046485 ], [ -74.870953, 11.04642 ], [ -74.87075, 11.046368 ], [ -74.870547, 11.046355 ], [ -74.870338, 11.046472 ], [ -74.870155, 11.046472 ], [ -74.86986, 11.04631 ], [ -74.869978, 11.04569 ], [ -74.870128, 11.045489 ], [ -74.870259, 11.045179 ], [ -74.870403, 11.044998 ], [ -74.870475, 11.044856 ], [ -74.87039, 11.044843 ], [ -74.870338, 11.044785 ], [ -74.870527, 11.044488 ], [ -74.87056, 11.044384 ], [ -74.870475, 11.044242 ], [ -74.870625, 11.044106 ], [ -74.870658, 11.043971 ], [ -74.870573, 11.043867 ], [ -74.87039, 11.043867 ], [ -74.870312, 11.043803 ], [ -74.870331, 11.043667 ], [ -74.870508, 11.043357 ], [ -74.871018, 11.042775 ], [ -74.871103, 11.042697 ], [ -74.871456, 11.042523 ], [ -74.871639, 11.042238 ], [ -74.871659, 11.042116 ], [ -74.871665, 11.041973 ], [ -74.8716, 11.041696 ], [ -74.871476, 11.041392 ], [ -74.871299, 11.041069 ], [ -74.871161, 11.040655 ], [ -74.871096, 11.040539 ], [ -74.871018, 11.040481 ], [ -74.870965, 11.040306 ], [ -74.870775, 11.040086 ], [ -74.870684, 11.039873 ], [ -74.870664, 11.039628 ], [ -74.870697, 11.03946 ], [ -74.870775, 11.039324 ], [ -74.870828, 11.039039 ], [ -74.871024, 11.038354 ], [ -74.871187, 11.038089 ], [ -74.871397, 11.037456 ], [ -74.871495, 11.037314 ], [ -74.871547, 11.037081 ], [ -74.871907, 11.03628 ], [ -74.872281, 11.035173 ], [ -74.872482, 11.034738 ], [ -74.872565, 11.034495 ], [ -74.872598, 11.034252 ], [ -74.872728, 11.034083 ], [ -74.872927, 11.033947 ], [ -74.873121, 11.03351 ], [ -74.873504, 11.031607 ], [ -74.873502, 11.031528 ], [ -74.873189, 11.03132 ], [ -74.872938, 11.031249 ], [ -74.872844, 11.031162 ], [ -74.87178, 11.02971 ], [ -74.871744, 11.029639 ], [ -74.871888, 11.029494 ], [ -74.87197, 11.029371 ], [ -74.872194, 11.028869 ], [ -74.87228, 11.028743 ], [ -74.872284, 11.02867 ], [ -74.871275, 11.027434 ], [ -74.871193, 11.027304 ], [ -74.868648, 11.026692 ], [ -74.868275, 11.026582 ], [ -74.868811, 11.025888 ], [ -74.871776, 11.022248 ], [ -74.870168, 11.021098 ], [ -74.869634, 11.021891 ], [ -74.869131, 11.022579 ], [ -74.868772, 11.022946 ], [ -74.867879, 11.023728 ], [ -74.867726, 11.023836 ], [ -74.867596, 11.024068 ], [ -74.867069, 11.024471 ], [ -74.86657, 11.025173 ], [ -74.866293, 11.02492 ], [ -74.865938, 11.025267 ], [ -74.865801, 11.025253 ], [ -74.865161, 11.025301 ], [ -74.86484, 11.024799 ], [ -74.864593, 11.024716 ], [ -74.863916, 11.025904 ], [ -74.863765, 11.026251 ], [ -74.863501, 11.026576 ], [ -74.862333, 11.027665 ], [ -74.862177, 11.027847 ], [ -74.860907, 11.028363 ], [ -74.860764, 11.028388 ], [ -74.860402, 11.028325 ], [ -74.860389, 11.028483 ], [ -74.859317, 11.031335 ], [ -74.85521, 11.030313 ], [ -74.85347, 11.029902 ], [ -74.8528, 11.029777 ], [ -74.851871, 11.029682 ], [ -74.851149, 11.029696 ], [ -74.850435, 11.029748 ], [ -74.849951, 11.029843 ], [ -74.845288, 11.031071 ], [ -74.840304, 11.032416 ], [ -74.839872, 11.032585 ], [ -74.839337, 11.03293 ], [ -74.838325, 11.033981 ], [ -74.837923, 11.034275 ], [ -74.837596, 11.034451 ], [ -74.837403, 11.034503 ], [ -74.836696, 11.034562 ], [ -74.835498, 11.034547 ], [ -74.835089, 11.034598 ], [ -74.834502, 11.034878 ], [ -74.831556, 11.036538 ], [ -74.830532, 11.037072 ], [ -74.83042, 11.03709 ], [ -74.829815, 11.037363 ], [ -74.829197, 11.037685 ], [ -74.828089, 11.038291 ], [ -74.827623, 11.038605 ], [ -74.826946, 11.038903 ], [ -74.826775, 11.038926 ], [ -74.826891, 11.038709 ], [ -74.826937, 11.038501 ], [ -74.827082, 11.037481 ], [ -74.827242, 11.037108 ], [ -74.829057, 11.035276 ], [ -74.830065, 11.034135 ], [ -74.830575, 11.033484 ], [ -74.831213, 11.032617 ], [ -74.831759, 11.031781 ], [ -74.83204, 11.031328 ], [ -74.832407, 11.030658 ], [ -74.832819, 11.029847 ], [ -74.833232, 11.028915 ], [ -74.835748, 11.022734 ], [ -74.836994, 11.019576 ], [ -74.839214, 11.014167 ], [ -74.839594, 11.013554 ], [ -74.839955, 11.013296 ], [ -74.840243, 11.013159 ], [ -74.841425, 11.012715 ], [ -74.841829, 11.012656 ], [ -74.842136, 11.012695 ], [ -74.84234, 11.012749 ], [ -74.842522, 11.012812 ], [ -74.848924, 11.016239 ], [ -74.84952, 11.016503 ], [ -74.85065, 11.016893 ], [ -74.851422, 11.017068 ], [ -74.851984, 11.017153 ], [ -74.852291, 11.017192 ], [ -74.853217, 11.017244 ], [ -74.854045, 11.017225 ], [ -74.859812, 11.0165 ], [ -74.860129, 11.016782 ], [ -74.865292, 11.016781 ], [ -74.865905, 11.015795 ], [ -74.866231, 11.015509 ], [ -74.866283, 11.015256 ], [ -74.866432, 11.015076 ], [ -74.867077, 11.014603 ], [ -74.867274, 11.014389 ], [ -74.867561, 11.014175 ], [ -74.868519, 11.013603 ], [ -74.868705, 11.013435 ], [ -74.868904, 11.013178 ], [ -74.869262, 11.012484 ], [ -74.869386, 11.012177 ], [ -74.869762, 11.011551 ], [ -74.869845, 11.011443 ], [ -74.870023, 11.011323 ], [ -74.870343, 11.010969 ], [ -74.870647, 11.010451 ], [ -74.87113, 11.009711 ], [ -74.871245, 11.009472 ], [ -74.871698, 11.008976 ], [ -74.873496, 11.010159 ], [ -74.874616, 11.011013 ], [ -74.883332, 11.001973 ], [ -74.876306, 10.996841 ], [ -74.876543, 10.996638 ], [ -74.87675, 10.996224 ], [ -74.876755, 10.996002 ], [ -74.876658, 10.995745 ], [ -74.876525, 10.995575 ], [ -74.876433, 10.995501 ], [ -74.87604, 10.995401 ], [ -74.875873, 10.995418 ], [ -74.875776, 10.995457 ], [ -74.875665, 10.995592 ], [ -74.875604, 10.99561 ], [ -74.875224, 10.995422 ], [ -74.875193, 10.99534 ], [ -74.87529, 10.995253 ], [ -74.875433, 10.995215 ], [ -74.875462, 10.99513 ], [ -74.875454, 10.995069 ], [ -74.875401, 10.995033 ], [ -74.875352, 10.994943 ], [ -74.875546, 10.994717 ], [ -74.875798, 10.994568 ], [ -74.875943, 10.994542 ], [ -74.876234, 10.994416 ], [ -74.876269, 10.994355 ], [ -74.876433, 10.994246 ], [ -74.876525, 10.994237 ], [ -74.876622, 10.994294 ], [ -74.876706, 10.994268 ], [ -74.876803, 10.994132 ], [ -74.877006, 10.993958 ], [ -74.877015, 10.993867 ], [ -74.876988, 10.993801 ], [ -74.8769, 10.993727 ], [ -74.876838, 10.993549 ], [ -74.876785, 10.993557 ], [ -74.876644, 10.993435 ], [ -74.87641, 10.993466 ], [ -74.876238, 10.993431 ], [ -74.876216, 10.993344 ], [ -74.87626, 10.99329 ], [ -74.87626, 10.993231 ], [ -74.876137, 10.993091 ], [ -74.875956, 10.992821 ], [ -74.875923, 10.992655 ], [ -74.875844, 10.992483 ], [ -74.875879, 10.992056 ], [ -74.875954, 10.991788 ], [ -74.876099, 10.991623 ], [ -74.876279, 10.991324 ], [ -74.876419, 10.991019 ], [ -74.876514, 10.990687 ], [ -74.876419, 10.99036 ], [ -74.876284, 10.990222 ], [ -74.876206, 10.990189 ], [ -74.876032, 10.990216 ], [ -74.875746, 10.990443 ], [ -74.875639, 10.990499 ], [ -74.875309, 10.990593 ], [ -74.874984, 10.990759 ], [ -74.874866, 10.990765 ], [ -74.874664, 10.990687 ], [ -74.874546, 10.990477 ], [ -74.874373, 10.990338 ], [ -74.874339, 10.990178 ], [ -74.874395, 10.990039 ], [ -74.874485, 10.989923 ], [ -74.874535, 10.989768 ], [ -74.874686, 10.989513 ], [ -74.874759, 10.989408 ], [ -74.874899, 10.989275 ], [ -74.874967, 10.989092 ], [ -74.875045, 10.988987 ], [ -74.875056, 10.988843 ], [ -74.874995, 10.988655 ], [ -74.874714, 10.988367 ], [ -74.874479, 10.988306 ], [ -74.874378, 10.988206 ], [ -74.873997, 10.988145 ], [ -74.873902, 10.988051 ], [ -74.873829, 10.987924 ], [ -74.873845, 10.987752 ], [ -74.873929, 10.987503 ], [ -74.874127, 10.987358 ], [ -74.874355, 10.987326 ], [ -74.874456, 10.987364 ], [ -74.874843, 10.987314 ], [ -74.875135, 10.987309 ], [ -74.875342, 10.987253 ], [ -74.875499, 10.987204 ], [ -74.875645, 10.987115 ], [ -74.875807, 10.987054 ], [ -74.876009, 10.98691 ], [ -74.876093, 10.986788 ], [ -74.876161, 10.986556 ], [ -74.876475, 10.986229 ], [ -74.876725, 10.985873 ], [ -74.876761, 10.985642 ], [ -74.876598, 10.9855 ], [ -74.876472, 10.985323 ], [ -74.876544, 10.985216 ], [ -74.876597, 10.985038 ], [ -74.876849, 10.984966 ], [ -74.877118, 10.98493 ], [ -74.877228, 10.984814 ], [ -74.877324, 10.984858 ], [ -74.877417, 10.984841 ], [ -74.877408, 10.984658 ], [ -74.877366, 10.984492 ], [ -74.877517, 10.984484 ], [ -74.877551, 10.984368 ], [ -74.877551, 10.98421 ], [ -74.87761, 10.984169 ], [ -74.877694, 10.984152 ], [ -74.877643, 10.983903 ], [ -74.877719, 10.983795 ], [ -74.877962, 10.983787 ], [ -74.878105, 10.983662 ], [ -74.878198, 10.983637 ], [ -74.878475, 10.983455 ], [ -74.8785, 10.98338 ], [ -74.878424, 10.983339 ], [ -74.878433, 10.983164 ], [ -74.878592, 10.982998 ], [ -74.878903, 10.982882 ], [ -74.879004, 10.982882 ], [ -74.879306, 10.982782 ], [ -74.879558, 10.982749 ], [ -74.879659, 10.982816 ], [ -74.879777, 10.982832 ], [ -74.879911, 10.982766 ], [ -74.879944, 10.9826 ], [ -74.879852, 10.982567 ], [ -74.87981, 10.982484 ], [ -74.87986, 10.982384 ], [ -74.879827, 10.982268 ], [ -74.879659, 10.982201 ], [ -74.879743, 10.981986 ], [ -74.879743, 10.981886 ], [ -74.879793, 10.981836 ], [ -74.879869, 10.981828 ], [ -74.880138, 10.981596 ], [ -74.88018, 10.98162 ], [ -74.880322, 10.981512 ], [ -74.880415, 10.981554 ], [ -74.880474, 10.981637 ], [ -74.880558, 10.981687 ], [ -74.880759, 10.98162 ], [ -74.881288, 10.981272 ], [ -74.881381, 10.981321 ], [ -74.881481, 10.981438 ], [ -74.88175, 10.981454 ], [ -74.881851, 10.981296 ], [ -74.881977, 10.981371 ], [ -74.882053, 10.981355 ], [ -74.882145, 10.98128 ], [ -74.882225, 10.981186 ], [ -74.882346, 10.980948 ], [ -74.882414, 10.98094 ], [ -74.882472, 10.980989 ], [ -74.882691, 10.980989 ], [ -74.882808, 10.980948 ], [ -74.882943, 10.980848 ], [ -74.883111, 10.980823 ], [ -74.883212, 10.980724 ], [ -74.883203, 10.980632 ], [ -74.882892, 10.980483 ], [ -74.882808, 10.980359 ], [ -74.882842, 10.980159 ], [ -74.882713, 10.980064 ], [ -74.882607, 10.979905 ], [ -74.882384, 10.979748 ], [ -74.88214, 10.979335 ], [ -74.88214, 10.979267 ], [ -74.882193, 10.979183 ], [ -74.882376, 10.979017 ], [ -74.882497, 10.979075 ], [ -74.882579, 10.979075 ], [ -74.882723, 10.978916 ], [ -74.882797, 10.97892 ], [ -74.882934, 10.978994 ], [ -74.88309, 10.979021 ], [ -74.883114, 10.979048 ], [ -74.883321, 10.979055 ], [ -74.883434, 10.979032 ], [ -74.88377, 10.979047 ], [ -74.883848, 10.978905 ], [ -74.883844, 10.978827 ], [ -74.883786, 10.978758 ], [ -74.883696, 10.978716 ], [ -74.883594, 10.978716 ], [ -74.883481, 10.978681 ], [ -74.883379, 10.978627 ], [ -74.883215, 10.978461 ], [ -74.882981, 10.978368 ], [ -74.882926, 10.978314 ], [ -74.882793, 10.978079 ], [ -74.882786, 10.977951 ], [ -74.88275, 10.977894 ], [ -74.882481, 10.977747 ], [ -74.882219, 10.977531 ], [ -74.882196, 10.977461 ], [ -74.882192, 10.976913 ], [ -74.882297, 10.976579 ], [ -74.882301, 10.976057 ], [ -74.882367, 10.975896 ], [ -74.882387, 10.975719 ], [ -74.882457, 10.975649 ], [ -74.882433, 10.975467 ], [ -74.882444, 10.97535 ], [ -74.8826, 10.97491 ], [ -74.882962, 10.974545 ], [ -74.883023, 10.974587 ], [ -74.882998, 10.974412 ], [ -74.883158, 10.974521 ], [ -74.884919, 10.977075 ], [ -74.886832, 10.978955 ], [ -74.887146, 10.979919 ], [ -74.888257, 10.980662 ], [ -74.892035, 10.983019 ], [ -74.893854, 10.983014 ], [ -74.895849, 10.98222 ], [ -74.896598, 10.980157 ], [ -74.897348, 10.97884 ], [ -74.898365, 10.977478 ], [ -74.904433, 10.973647 ], [ -74.905316, 10.971891 ], [ -74.905315, 10.971628 ], [ -74.908734, 10.972495 ], [ -74.909308, 10.971441 ], [ -74.908286, 10.970787 ], [ -74.907576, 10.970701 ], [ -74.906865, 10.970308 ], [ -74.90633, 10.969696 ], [ -74.905707, 10.96904 ], [ -74.904771, 10.96742 ], [ -74.904014, 10.966414 ], [ -74.902192, 10.965279 ], [ -74.899034, 10.962613 ], [ -74.900227, 10.960681 ], [ -74.90524, 10.96036 ], [ -74.905229, 10.960335 ], [ -74.90527, 10.960333 ], [ -74.905332, 10.960272 ], [ -74.905393, 10.960116 ], [ -74.905384, 10.959708 ], [ -74.905439, 10.959526 ], [ -74.90554, 10.95939 ], [ -74.905833, 10.959399 ], [ -74.906035, 10.959327 ], [ -74.906081, 10.959272 ], [ -74.90609, 10.959136 ], [ -74.906155, 10.958918 ], [ -74.906311, 10.958719 ], [ -74.906568, 10.958628 ], [ -74.9071, 10.958328 ], [ -74.907284, 10.957902 ], [ -74.907375, 10.957838 ], [ -74.90766, 10.957847 ], [ -74.907789, 10.957775 ], [ -74.908211, 10.957376 ], [ -74.908367, 10.957366 ], [ -74.908624, 10.957448 ], [ -74.908854, 10.957711 ], [ -74.909046, 10.957838 ], [ -74.909469, 10.95792 ], [ -74.910607, 10.957965 ], [ -74.911865, 10.957937 ], [ -74.911846, 10.957874 ], [ -74.914763, 10.956746 ], [ -74.915209, 10.956348 ], [ -74.915862, 10.955988 ], [ -74.916168, 10.955628 ], [ -74.916533, 10.955571 ], [ -74.916782, 10.955286 ], [ -74.917435, 10.954907 ], [ -74.917703, 10.954641 ], [ -74.917972, 10.954091 ], [ -74.917914, 10.953522 ], [ -74.917837, 10.953086 ], [ -74.917837, 10.952574 ], [ -74.918106, 10.952081 ], [ -74.918719, 10.950318 ], [ -74.919045, 10.949768 ], [ -74.91914, 10.949278 ], [ -74.919105, 10.948818 ], [ -74.918973, 10.948614 ], [ -74.918953, 10.948038 ], [ -74.918838, 10.947426 ], [ -74.918856, 10.947129 ], [ -74.918761, 10.946572 ], [ -74.918704, 10.946387 ], [ -74.918401, 10.945831 ], [ -74.918419, 10.945441 ], [ -74.9184, 10.945287 ], [ -74.919941, 10.946966 ], [ -74.920024, 10.947271 ], [ -74.92, 10.947493 ], [ -74.919917, 10.947704 ], [ -74.919882, 10.947874 ], [ -74.919864, 10.948062 ], [ -74.919888, 10.94822 ], [ -74.919941, 10.948413 ], [ -74.920196, 10.948999 ], [ -74.920428, 10.949907 ], [ -74.920861, 10.950241 ], [ -74.92111, 10.950545 ], [ -74.921228, 10.950844 ], [ -74.921335, 10.950932 ], [ -74.921561, 10.951078 ], [ -74.921768, 10.951166 ], [ -74.922106, 10.951218 ], [ -74.922278, 10.951289 ], [ -74.922456, 10.951505 ], [ -74.922604, 10.951623 ], [ -74.923013, 10.951734 ], [ -74.923209, 10.951816 ], [ -74.923434, 10.95195 ], [ -74.923606, 10.952097 ], [ -74.924181, 10.952747 ], [ -74.924916, 10.950837 ], [ -74.925438, 10.950901 ], [ -74.92622, 10.951159 ], [ -74.926451, 10.951194 ], [ -74.92673, 10.951188 ], [ -74.927424, 10.951082 ], [ -74.92785, 10.951053 ], [ -74.928337, 10.95107 ], [ -74.928799, 10.951164 ], [ -74.929155, 10.951275 ], [ -74.92954, 10.951433 ], [ -74.929854, 10.95162 ], [ -74.930068, 10.951884 ], [ -74.930269, 10.952042 ], [ -74.930483, 10.952183 ], [ -74.930667, 10.952212 ], [ -74.930815, 10.9523 ], [ -74.93094, 10.952417 ], [ -74.931129, 10.952493 ], [ -74.930768, 10.952882 ], [ -74.930359, 10.953158 ], [ -74.930164, 10.953345 ], [ -74.929796, 10.95396 ], [ -74.92929, 10.954687 ], [ -74.928966, 10.955523 ], [ -74.928745, 10.956249 ], [ -74.928477, 10.957343 ], [ -74.928317, 10.958792 ], [ -74.928418, 10.959863 ], [ -74.928829, 10.960816 ], [ -74.929359, 10.9618 ], [ -74.929438, 10.962066 ], [ -74.929399, 10.962425 ], [ -74.929225, 10.962761 ], [ -74.927701, 10.964271 ], [ -74.928393, 10.964809 ], [ -74.928562, 10.965028 ], [ -74.928689, 10.965392 ], [ -74.928773, 10.96584 ], [ -74.928752, 10.966246 ], [ -74.928489, 10.966892 ], [ -74.928141, 10.967444 ], [ -74.926676, 10.96682 ], [ -74.926149, 10.966632 ], [ -74.925327, 10.966674 ], [ -74.924895, 10.966622 ], [ -74.924557, 10.966664 ], [ -74.924199, 10.966768 ], [ -74.923883, 10.96707 ], [ -74.923472, 10.967529 ], [ -74.923093, 10.967852 ], [ -74.92264, 10.968091 ], [ -74.922239, 10.968237 ], [ -74.922056, 10.968377 ], [ -74.921784, 10.96868 ], [ -74.921435, 10.969201 ], [ -74.921232, 10.969744 ], [ -74.920956, 10.970354 ], [ -74.920094, 10.971533 ], [ -74.919491, 10.972218 ], [ -74.920812, 10.972544 ], [ -74.921479, 10.972786 ], [ -74.921786, 10.972937 ], [ -74.922049, 10.973173 ], [ -74.922325, 10.973591 ], [ -74.922662, 10.973972 ], [ -74.923011, 10.974177 ], [ -74.923366, 10.974329 ], [ -74.923685, 10.974401 ], [ -74.924162, 10.974462 ], [ -74.924469, 10.97448 ], [ -74.925063, 10.974455 ], [ -74.925302, 10.974522 ], [ -74.92557, 10.974809 ], [ -74.925731, 10.974873 ], [ -74.926227, 10.974922 ], [ -74.928095, 10.974964 ], [ -74.928456, 10.97491 ], [ -74.929215, 10.97457 ], [ -74.929411, 10.974546 ], [ -74.929601, 10.974595 ], [ -74.930148, 10.974804 ], [ -74.931114, 10.975322 ], [ -74.931387, 10.975531 ], [ -74.931545, 10.975737 ], [ -74.931618, 10.97589 ], [ -74.931635, 10.976407 ], [ -74.931521, 10.976778 ], [ -74.931268, 10.977214 ], [ -74.932346, 10.977802 ], [ -74.933134, 10.976871 ], [ -74.933955, 10.97649 ], [ -74.935094, 10.975753 ], [ -74.935915, 10.975157 ], [ -74.936936, 10.974585 ], [ -74.937455, 10.974329 ], [ -74.937799, 10.974312 ], [ -74.938142, 10.974428 ], [ -74.938511, 10.974618 ], [ -74.9389, 10.974773 ], [ -74.93938, 10.974857 ], [ -74.939762, 10.974824 ], [ -74.940162, 10.974717 ], [ -74.940591, 10.974563 ], [ -74.940888, 10.974354 ], [ -74.941496, 10.97379 ], [ -74.941745, 10.973748 ], [ -74.941896, 10.973758 ], [ -74.942052, 10.97386 ], [ -74.942688, 10.974437 ], [ -74.943415, 10.974815 ], [ -74.943964, 10.974991 ], [ -74.945454, 10.975333 ], [ -74.946948, 10.975809 ], [ -74.946894, 10.975618 ], [ -74.946715, 10.974613 ], [ -74.946614, 10.972798 ], [ -74.946667, 10.972425 ], [ -74.947148, 10.971472 ], [ -74.947578, 10.971123 ], [ -74.94825, 10.970955 ], [ -74.948991, 10.970967 ], [ -74.949323, 10.970884 ], [ -74.949713, 10.970985 ], [ -74.949898, 10.970979 ], [ -74.950096, 10.970922 ], [ -74.950259, 10.97093 ], [ -74.950782, 10.971298 ], [ -74.951392, 10.971862 ], [ -74.952121, 10.972818 ], [ -74.95236, 10.972986 ], [ -74.952718, 10.973134 ], [ -74.953578, 10.973731 ], [ -74.954509, 10.974128 ], [ -74.955697, 10.974765 ], [ -74.955988, 10.97499 ], [ -74.956364, 10.975372 ], [ -74.956127, 10.975964 ], [ -74.95574, 10.976635 ], [ -74.955589, 10.977008 ], [ -74.955534, 10.977292 ], [ -74.95553, 10.97756 ], [ -74.955619, 10.977991 ], [ -74.955817, 10.978177 ], [ -74.955935, 10.978377 ], [ -74.956001, 10.9784 ], [ -74.956156, 10.978386 ], [ -74.956387, 10.978409 ], [ -74.956496, 10.978484 ], [ -74.956585, 10.9786 ], [ -74.956637, 10.978763 ], [ -74.958201, 10.98076 ], [ -74.961484, 10.98058 ], [ -74.962209, 10.98079 ], [ -74.962652, 10.980571 ], [ -74.965116, 10.979935 ], [ -74.96527, 10.980254 ], [ -74.965444, 10.980147 ], [ -74.965984, 10.979947 ], [ -74.966135, 10.979987 ], [ -74.96652, 10.979998 ], [ -74.966744, 10.979947 ], [ -74.967527, 10.979678 ], [ -74.967913, 10.979576 ], [ -74.968317, 10.979518 ], [ -74.96878, 10.979503 ], [ -74.969529, 10.979561 ], [ -74.969772, 10.97955 ], [ -74.969956, 10.979503 ], [ -74.970661, 10.979179 ], [ -74.970892, 10.979146 ], [ -74.971399, 10.979266 ], [ -74.971565, 10.97927 ], [ -74.9718, 10.979222 ], [ -74.972311, 10.979062 ], [ -74.973104, 10.978928 ], [ -74.973358, 10.978848 ], [ -74.973699, 10.978666 ], [ -74.974247, 10.978521 ], [ -74.974507, 10.978422 ], [ -74.974687, 10.978313 ], [ -74.975143, 10.977771 ], [ -74.975534, 10.977369 ], [ -74.975877, 10.977074 ], [ -74.976181, 10.976883 ], [ -74.977799, 10.976116 ], [ -74.977869, 10.975704 ], [ -74.977945, 10.97556 ], [ -74.978074, 10.975436 ], [ -74.978142, 10.975478 ], [ -74.978143, 10.975716 ], [ -74.978123, 10.975905 ], [ -74.978033, 10.976137 ], [ -74.978036, 10.976419 ], [ -74.978111, 10.976622 ], [ -74.978398, 10.976975 ], [ -74.978652, 10.977402 ], [ -74.979142, 10.977638 ], [ -74.979466, 10.978115 ], [ -74.979606, 10.978729 ], [ -74.979907, 10.979115 ], [ -74.980759, 10.979294 ], [ -74.98129, 10.979816 ], [ -74.981638, 10.980588 ], [ -74.982078, 10.981474 ], [ -74.982979, 10.982336 ], [ -74.983889, 10.983269 ], [ -74.981241, 10.983686 ], [ -74.979931, 10.984092 ], [ -74.977374, 10.984478 ], [ -74.974819, 10.985217 ], [ -74.972313, 10.985701 ], [ -74.971107, 10.986242 ], [ -74.969648, 10.986847 ], [ -74.968964, 10.987239 ], [ -74.968586, 10.987362 ], [ -74.966928, 10.987808 ], [ -74.965398, 10.988586 ], [ -74.963234, 10.989615 ], [ -74.960996, 10.990209 ], [ -74.959875, 10.990441 ], [ -74.959174, 10.990682 ], [ -74.958748, 10.991034 ], [ -74.958128, 10.991862 ], [ -74.957616, 10.992879 ], [ -74.957265, 10.993646 ], [ -74.95662, 10.994653 ], [ -74.956538, 10.994767 ], [ -74.9561, 10.995197 ], [ -74.955665, 10.995684 ], [ -74.955077, 10.996448 ], [ -74.954479, 10.997621 ], [ -74.95413, 10.99803 ], [ -74.95401, 10.998366 ], [ -74.953804, 10.998774 ], [ -74.953633, 10.999026 ], [ -74.953244, 10.999862 ], [ -74.953123, 11.000385 ], [ -74.952984, 11.00119 ], [ -74.952984, 11.001666 ], [ -74.953112, 11.001893 ], [ -74.953182, 11.001936 ], [ -74.953326, 11.001921 ], [ -74.953395, 11.001972 ], [ -74.953406, 11.002079 ], [ -74.953286, 11.002272 ], [ -74.953264, 11.002529 ], [ -74.953287, 11.00273 ], [ -74.953341, 11.002827 ], [ -74.953409, 11.002878 ], [ -74.953461, 11.002999 ], [ -74.953517, 11.003061 ], [ -74.953514, 11.003108 ], [ -74.9534, 11.003219 ], [ -74.953206, 11.00363 ], [ -74.953118, 11.003708 ], [ -74.952925, 11.003743 ], [ -74.95282, 11.00389 ], [ -74.952783, 11.004099 ], [ -74.95275, 11.004614 ], [ -74.9528, 11.004958 ], [ -74.952869, 11.005186 ], [ -74.952967, 11.005332 ], [ -74.952986, 11.005416 ], [ -74.952909, 11.005505 ], [ -74.952878, 11.005609 ], [ -74.952862, 11.005867 ], [ -74.953041, 11.006253 ], [ -74.953025, 11.006311 ], [ -74.952942, 11.006306 ], [ -74.95288, 11.006338 ], [ -74.952851, 11.006419 ], [ -74.952743, 11.007 ], [ -74.952658, 11.007206 ], [ -74.95265, 11.007335 ], [ -74.95269, 11.007455 ], [ -74.952629, 11.007475 ], [ -74.952459, 11.007324 ], [ -74.952375, 11.007343 ], [ -74.952022, 11.007628 ], [ -74.951766, 11.007895 ], [ -74.951179, 11.008308 ], [ -74.950897, 11.008609 ], [ -74.950685, 11.00875 ], [ -74.950595, 11.00885 ], [ -74.950409, 11.009133 ], [ -74.950268, 11.009478 ], [ -74.950162, 11.009648 ], [ -74.950086, 11.009703 ], [ -74.949832, 11.009759 ], [ -74.949377, 11.009756 ], [ -74.94905, 11.009632 ], [ -74.948812, 11.009618 ], [ -74.948458, 11.009727 ], [ -74.947949, 11.009827 ], [ -74.947253, 11.010035 ], [ -74.946613, 11.010304 ], [ -74.946484, 11.01045 ], [ -74.946338, 11.010677 ], [ -74.946039, 11.011248 ], [ -74.945423, 11.012084 ], [ -74.944237, 11.013971 ], [ -74.944034, 11.014524 ], [ -74.94401, 11.014732 ], [ -74.943891, 11.014995 ], [ -74.943616, 11.01547 ], [ -74.943436, 11.01573 ], [ -74.942922, 11.016352 ], [ -74.942497, 11.016975 ], [ -74.942461, 11.017082 ], [ -74.942488, 11.017261 ], [ -74.94257, 11.01738 ], [ -74.942708, 11.017442 ], [ -74.942722, 11.017482 ], [ -74.942717, 11.017617 ], [ -74.942691, 11.017671 ], [ -74.942529, 11.017837 ], [ -74.942524, 11.017965 ], [ -74.942587, 11.018038 ], [ -74.942622, 11.018153 ], [ -74.942597, 11.018241 ], [ -74.942488, 11.018393 ], [ -74.94192, 11.018662 ], [ -74.941526, 11.018753 ], [ -74.941368, 11.018762 ], [ -74.941094, 11.018694 ], [ -74.940943, 11.01872 ], [ -74.940771, 11.018694 ], [ -74.940234, 11.018483 ], [ -74.940095, 11.018456 ], [ -74.939948, 11.018463 ], [ -74.939629, 11.018539 ], [ -74.939444, 11.018601 ], [ -74.939371, 11.018651 ], [ -74.938792, 11.018705 ], [ -74.938174, 11.01882 ], [ -74.937552, 11.019063 ], [ -74.937285, 11.019124 ], [ -74.936515, 11.019474 ], [ -74.936361, 11.019517 ], [ -74.93632, 11.019578 ], [ -74.936285, 11.019802 ], [ -74.9362, 11.019876 ], [ -74.936049, 11.019916 ], [ -74.935829, 11.019756 ], [ -74.935549, 11.019788 ], [ -74.935393, 11.019855 ], [ -74.935304, 11.019941 ], [ -74.935085, 11.019976 ], [ -74.934749, 11.020134 ], [ -74.934205, 11.020309 ], [ -74.933888, 11.020565 ], [ -74.93332, 11.02073 ], [ -74.932895, 11.020823 ], [ -74.93267, 11.021027 ], [ -74.932525, 11.021076 ], [ -74.932267, 11.021212 ], [ -74.932066, 11.021299 ], [ -74.931676, 11.021408 ], [ -74.93102, 11.021694 ], [ -74.930722, 11.021862 ], [ -74.929945, 11.022162 ], [ -74.929802, 11.022314 ], [ -74.929404, 11.022504 ], [ -74.928997, 11.022807 ], [ -74.928729, 11.022868 ], [ -74.928597, 11.022951 ], [ -74.92832, 11.023182 ], [ -74.928234, 11.023333 ], [ -74.928214, 11.023404 ], [ -74.928327, 11.023576 ], [ -74.928084, 11.023639 ], [ -74.92778, 11.023808 ], [ -74.927718, 11.023864 ], [ -74.927662, 11.024025 ], [ -74.92759, 11.024116 ], [ -74.927252, 11.024316 ], [ -74.926906, 11.024457 ], [ -74.92671, 11.024488 ], [ -74.926724, 11.02459 ], [ -74.926685, 11.024644 ], [ -74.926322, 11.024816 ], [ -74.926157, 11.02493 ], [ -74.925835, 11.025316 ], [ -74.925449, 11.025629 ], [ -74.925398, 11.025725 ], [ -74.925442, 11.025822 ], [ -74.925559, 11.025974 ], [ -74.925503, 11.025977 ], [ -74.925374, 11.025879 ], [ -74.92524, 11.025921 ], [ -74.924087, 11.026691 ], [ -74.923357, 11.027421 ], [ -74.922963, 11.027922 ], [ -74.922541, 11.02832 ], [ -74.921931, 11.029324 ], [ -74.921656, 11.02996 ], [ -74.921448, 11.030633 ], [ -74.921414, 11.030992 ], [ -74.921349, 11.031335 ], [ -74.921401, 11.031783 ], [ -74.9214, 11.031988 ], [ -74.921333, 11.03229 ], [ -74.92134, 11.032776 ], [ -74.921304, 11.033345 ], [ -74.921362, 11.033893 ], [ -74.921623, 11.035073 ], [ -74.921695, 11.035549 ], [ -74.921722, 11.036074 ], [ -74.921849, 11.036817 ], [ -74.921874, 11.037647 ], [ -74.921936, 11.038393 ], [ -74.922066, 11.039082 ], [ -74.922075, 11.039257 ], [ -74.922154, 11.039423 ], [ -74.922305, 11.03959 ], [ -74.922444, 11.039875 ], [ -74.922485, 11.040107 ], [ -74.922478, 11.040318 ], [ -74.922217, 11.042136 ], [ -74.922223, 11.042801 ], [ -74.922111, 11.043345 ], [ -74.922127, 11.043647 ], [ -74.92203, 11.044026 ], [ -74.922046, 11.044329 ], [ -74.921965, 11.044695 ], [ -74.921711, 11.045112 ], [ -74.921545, 11.045308 ], [ -74.921436, 11.045366 ], [ -74.921309, 11.045519 ], [ -74.921136, 11.045587 ], [ -74.921042, 11.045695 ], [ -74.921006, 11.045688 ], [ -74.920994, 11.045624 ], [ -74.920917, 11.045678 ], [ -74.920786, 11.045641 ], [ -74.920755, 11.045713 ], [ -74.920708, 11.045722 ], [ -74.920624, 11.045703 ], [ -74.920497, 11.045745 ], [ -74.920308, 11.04572 ], [ -74.920199, 11.045779 ], [ -74.92011, 11.045889 ], [ -74.920029, 11.045905 ], [ -74.919822, 11.04577 ], [ -74.919564, 11.045679 ], [ -74.919391, 11.045648 ], [ -74.919255, 11.045638 ], [ -74.918998, 11.045675 ], [ -74.918763, 11.045583 ], [ -74.918384, 11.045651 ], [ -74.918294, 11.045624 ], [ -74.918291, 11.045559 ], [ -74.918252, 11.045553 ], [ -74.918174, 11.04558 ], [ -74.918073, 11.045563 ], [ -74.917991, 11.045579 ], [ -74.91787, 11.045638 ], [ -74.917835, 11.045634 ], [ -74.917827, 11.045594 ], [ -74.917877, 11.045538 ], [ -74.917875, 11.045503 ], [ -74.917833, 11.045482 ], [ -74.917716, 11.045497 ], [ -74.917643, 11.04558 ], [ -74.91758, 11.045607 ], [ -74.917438, 11.045597 ], [ -74.917347, 11.045556 ], [ -74.917109, 11.045282 ], [ -74.91698, 11.045196 ], [ -74.916806, 11.045135 ], [ -74.916618, 11.045151 ], [ -74.916229, 11.044933 ], [ -74.915964, 11.044824 ], [ -74.915183, 11.044797 ], [ -74.914872, 11.044831 ], [ -74.91447, 11.044818 ], [ -74.914053, 11.044753 ], [ -74.912942, 11.044872 ], [ -74.912284, 11.044832 ], [ -74.911485, 11.044718 ], [ -74.91116, 11.044612 ], [ -74.910681, 11.044504 ], [ -74.909945, 11.044245 ], [ -74.908827, 11.044054 ], [ -74.908488, 11.044014 ], [ -74.907942, 11.044008 ], [ -74.907174, 11.044056 ], [ -74.906829, 11.044039 ], [ -74.906433, 11.044072 ], [ -74.906217, 11.04402 ], [ -74.905544, 11.043751 ], [ -74.904624, 11.043537 ], [ -74.904296, 11.043396 ], [ -74.903982, 11.043307 ], [ -74.9034, 11.043204 ], [ -74.902515, 11.043099 ], [ -74.901963, 11.043111 ], [ -74.901233, 11.043033 ], [ -74.901117, 11.043051 ], [ -74.901015, 11.04303 ], [ -74.89964, 11.043037 ], [ -74.898965, 11.043093 ], [ -74.898403, 11.043171 ], [ -74.898194, 11.043171 ], [ -74.897424, 11.043367 ], [ -74.895991, 11.043413 ], [ -74.895102, 11.043286 ], [ -74.894311, 11.043213 ], [ -74.893667, 11.043214 ], [ -74.892347, 11.043523 ], [ -74.891553, 11.043627 ], [ -74.889989, 11.043988 ], [ -74.889689, 11.044012 ], [ -74.888652, 11.043889 ], [ -74.888375, 11.04398 ], [ -74.88784, 11.044078 ], [ -74.887383, 11.044235 ], [ -74.88726, 11.0442 ], [ -74.88656, 11.044162 ], [ -74.886393, 11.044206 ], [ -74.885361, 11.044243 ], [ -74.88487, 11.044328 ], [ -74.884562, 11.044344 ], [ -74.882958, 11.044679 ], [ -74.882188, 11.044907 ], [ -74.881427, 11.0452 ], [ -74.880516, 11.045669 ], [ -74.880356, 11.045806 ], [ -74.880102, 11.04596 ], [ -74.879015, 11.04651 ], [ -74.878525, 11.04673 ], [ -74.878057, 11.047035 ], [ -74.877749, 11.047168 ], [ -74.875221, 11.047957 ], [ -74.874952, 11.047985 ], [ -74.874561, 11.04808 ], [ -74.874028, 11.048154 ], [ -74.873702, 11.048274 ], [ -74.873748, 11.048153 ], [ -74.873639, 11.047935 ], [ -74.873277, 11.048105 ], [ -74.872835, 11.048259 ], [ -74.872658, 11.048303 ], [ -74.872437, 11.048304 ] ] ] } },
{ "type": "Feature", "properties": { "OBJECTID": 1115, "MpCodigo": "08001", "MpNombre": "Barranquilla", "MpArea": 153.79129480463493, "MpNorma": "Acto Legislativo No.1 de 1993, Art. 1 ", "MpCategor": 2, "MpAltitud": 32, "Restriccion": "“No es apropiada su aplicación para la ubicación exacta de puntos ni para el cálculo de áreas y distancias", "Depto": "Atlántico", "SHAPE_Length": 88341.030790093137, "SHAPE_Area": 153791294.80463493 }, "geometry": { "type": "Polygon", "coordinates": [ [ [ -74.851861, 11.105367 ], [ -74.851654, 11.103995 ], [ -74.851327, 11.102664 ], [ -74.850978, 11.101629 ], [ -74.850047, 11.099424 ], [ -74.849462, 11.097782 ], [ -74.849161, 11.096798 ], [ -74.848884, 11.095779 ], [ -74.848628, 11.094718 ], [ -74.848337, 11.093325 ], [ -74.84794, 11.090972 ], [ -74.847653, 11.088803 ], [ -74.84736, 11.086052 ], [ -74.846802, 11.080199 ], [ -74.846421, 11.077066 ], [ -74.846149, 11.075329 ], [ -74.845846, 11.073723 ], [ -74.845495, 11.072184 ], [ -74.845237, 11.071208 ], [ -74.844736, 11.069582 ], [ -74.844252, 11.068263 ], [ -74.843715, 11.067006 ], [ -74.843079, 11.065699 ], [ -74.841758, 11.063166 ], [ -74.840801, 11.061472 ], [ -74.839688, 11.059661 ], [ -74.838729, 11.058238 ], [ -74.837653, 11.056781 ], [ -74.836424, 11.055244 ], [ -74.835466, 11.054126 ], [ -74.834148, 11.052689 ], [ -74.833131, 11.051655 ], [ -74.831746, 11.050343 ], [ -74.830686, 11.04941 ], [ -74.829251, 11.048238 ], [ -74.827429, 11.046895 ], [ -74.82638, 11.046239 ], [ -74.824958, 11.045498 ], [ -74.822091, 11.044144 ], [ -74.821266, 11.043714 ], [ -74.82047, 11.043248 ], [ -74.819769, 11.042777 ], [ -74.819343, 11.042452 ], [ -74.817823, 11.041133 ], [ -74.816946, 11.040439 ], [ -74.815994, 11.039761 ], [ -74.814679, 11.038926 ], [ -74.813564, 11.038285 ], [ -74.812241, 11.03758 ], [ -74.807222, 11.035109 ], [ -74.805403, 11.034159 ], [ -74.803612, 11.033115 ], [ -74.802718, 11.03253 ], [ -74.802091, 11.032087 ], [ -74.801308, 11.031486 ], [ -74.800702, 11.030977 ], [ -74.799491, 11.029828 ], [ -74.798301, 11.028555 ], [ -74.796217, 11.026182 ], [ -74.795168, 11.025034 ], [ -74.794215, 11.024072 ], [ -74.793307, 11.023251 ], [ -74.792436, 11.022569 ], [ -74.791437, 11.021915 ], [ -74.790388, 11.021316 ], [ -74.787028, 11.019541 ], [ -74.786033, 11.01894 ], [ -74.785047, 11.01824 ], [ -74.784478, 11.017762 ], [ -74.78397, 11.017266 ], [ -74.78364, 11.016895 ], [ -74.782909, 11.015994 ], [ -74.782141, 11.015221 ], [ -74.781234, 11.014474 ], [ -74.778952, 11.012816 ], [ -74.777999, 11.012044 ], [ -74.77678, 11.010932 ], [ -74.775805, 11.009998 ], [ -74.774586, 11.008773 ], [ -74.77361, 11.007746 ], [ -74.771651, 11.005564 ], [ -74.769617, 11.003135 ], [ -74.767451, 11.00043 ], [ -74.765705, 10.998106 ], [ -74.764221, 10.995953 ], [ -74.763169, 10.994271 ], [ -74.762249, 10.992637 ], [ -74.761452, 10.991037 ], [ -74.760933, 10.989853 ], [ -74.760017, 10.987497 ], [ -74.759402, 10.98571 ], [ -74.759004, 10.984322 ], [ -74.758754, 10.983226 ], [ -74.758578, 10.98218 ], [ -74.75849, 10.981359 ], [ -74.758423, 10.980001 ], [ -74.758368, 10.979379 ], [ -74.758272, 10.978697 ], [ -74.758133, 10.977979 ], [ -74.757941, 10.977177 ], [ -74.757672, 10.976219 ], [ -74.756699, 10.973156 ], [ -74.756402, 10.97214 ], [ -74.756107, 10.970922 ], [ -74.755927, 10.969861 ], [ -74.755846, 10.968956 ], [ -74.755844, 10.968072 ], [ -74.755911, 10.967299 ], [ -74.756113, 10.965738 ], [ -74.756167, 10.964795 ], [ -74.756112, 10.964129 ], [ -74.755878, 10.962697 ], [ -74.755852, 10.962314 ], [ -74.755861, 10.961979 ], [ -74.755944, 10.961497 ], [ -74.756189, 10.960656 ], [ -74.756518, 10.959295 ], [ -74.756903, 10.957366 ], [ -74.757124, 10.955967 ], [ -74.757251, 10.954985 ], [ -74.757394, 10.953569 ], [ -74.757469, 10.952536 ], [ -74.757542, 10.950598 ], [ -74.757529, 10.948713 ], [ -74.757459, 10.947227 ], [ -74.757296, 10.945368 ], [ -74.763379, 10.945539 ], [ -74.765308, 10.94375 ], [ -74.766015, 10.943902 ], [ -74.766618, 10.944908 ], [ -74.767152, 10.945086 ], [ -74.767938, 10.945086 ], [ -74.770028, 10.944377 ], [ -74.772004, 10.944379 ], [ -74.774041, 10.944322 ], [ -74.774766, 10.944026 ], [ -74.775544, 10.943492 ], [ -74.775856, 10.942871 ], [ -74.776071, 10.942838 ], [ -74.776378, 10.942533 ], [ -74.776376, 10.94162 ], [ -74.776785, 10.94101 ], [ -74.777504, 10.940941 ], [ -74.777616, 10.940899 ], [ -74.777756, 10.940583 ], [ -74.777457, 10.940321 ], [ -74.779734, 10.935068 ], [ -74.780696, 10.934837 ], [ -74.781328, 10.935458 ], [ -74.782063, 10.937588 ], [ -74.782267, 10.937898 ], [ -74.782342, 10.937751 ], [ -74.782616, 10.937356 ], [ -74.783059, 10.937199 ], [ -74.783654, 10.937083 ], [ -74.78421, 10.936729 ], [ -74.784493, 10.936493 ], [ -74.784691, 10.935863 ], [ -74.785012, 10.935666 ], [ -74.785446, 10.935509 ], [ -74.785721, 10.935274 ], [ -74.785882, 10.934841 ], [ -74.786126, 10.934565 ], [ -74.786598, 10.934289 ], [ -74.787156, 10.934211 ], [ -74.788231, 10.934253 ], [ -74.789071, 10.934173 ], [ -74.790306, 10.933663 ], [ -74.791355, 10.933371 ], [ -74.791779, 10.932955 ], [ -74.791855, 10.932523 ], [ -74.792053, 10.932011 ], [ -74.792176, 10.9315 ], [ -74.792572, 10.930989 ], [ -74.793053, 10.930831 ], [ -74.79377, 10.93099 ], [ -74.794327, 10.930755 ], [ -74.794724, 10.930283 ], [ -74.795121, 10.929888 ], [ -74.795678, 10.929967 ], [ -74.795998, 10.929771 ], [ -74.796592, 10.929314 ], [ -74.79684, 10.929155 ], [ -74.798195, 10.928445 ], [ -74.798691, 10.928087 ], [ -74.79905, 10.927654 ], [ -74.799164, 10.927222 ], [ -74.799125, 10.926671 ], [ -74.799172, 10.925932 ], [ -74.799408, 10.925489 ], [ -74.799645, 10.925293 ], [ -74.80072, 10.925019 ], [ -74.801201, 10.924782 ], [ -74.801635, 10.924429 ], [ -74.801994, 10.924036 ], [ -74.802078, 10.923641 ], [ -74.802646, 10.923158 ], [ -74.803163, 10.922623 ], [ -74.80377, 10.922243 ], [ -74.805617, 10.92235 ], [ -74.806765, 10.922013 ], [ -74.807305, 10.921945 ], [ -74.808025, 10.921721 ], [ -74.808498, 10.921742 ], [ -74.809016, 10.921808 ], [ -74.810414, 10.922272 ], [ -74.81127, 10.922359 ], [ -74.811968, 10.922468 ], [ -74.812621, 10.922467 ], [ -74.814265, 10.922396 ], [ -74.814603, 10.922462 ], [ -74.814917, 10.922342 ], [ -74.815391, 10.922274 ], [ -74.815765, 10.921747 ], [ -74.816406, 10.921115 ], [ -74.817581, 10.920273 ], [ -74.818534, 10.919799 ], [ -74.818847, 10.919541 ], [ -74.819068, 10.919009 ], [ -74.819602, 10.918377 ], [ -74.820884, 10.918061 ], [ -74.821258, 10.917903 ], [ -74.821792, 10.916692 ], [ -74.822326, 10.916218 ], [ -74.824126, 10.915224 ], [ -74.825042, 10.914873 ], [ -74.826427, 10.913922 ], [ -74.826544, 10.914057 ], [ -74.82668, 10.914075 ], [ -74.826949, 10.914204 ], [ -74.827508, 10.914638 ], [ -74.827761, 10.914733 ], [ -74.828282, 10.914789 ], [ -74.828652, 10.914913 ], [ -74.82889, 10.914926 ], [ -74.829754, 10.915089 ], [ -74.831098, 10.915633 ], [ -74.831639, 10.915574 ], [ -74.831811, 10.915623 ], [ -74.83191, 10.915707 ], [ -74.832156, 10.915703 ], [ -74.832399, 10.915869 ], [ -74.833178, 10.916595 ], [ -74.833675, 10.917183 ], [ -74.833778, 10.9172 ], [ -74.833791, 10.917223 ], [ -74.833638, 10.917921 ], [ -74.834421, 10.918364 ], [ -74.834719, 10.918421 ], [ -74.834778, 10.918406 ], [ -74.83514, 10.91857 ], [ -74.838717, 10.921166 ], [ -74.839306, 10.921381 ], [ -74.839887, 10.921677 ], [ -74.840345, 10.921758 ], [ -74.839641, 10.923284 ], [ -74.838984, 10.924619 ], [ -74.839027, 10.92462 ], [ -74.838389, 10.926383 ], [ -74.839274, 10.926855 ], [ -74.841263, 10.927557 ], [ -74.841699, 10.927731 ], [ -74.842762, 10.928353 ], [ -74.843226, 10.928768 ], [ -74.843611, 10.929271 ], [ -74.847004, 10.933242 ], [ -74.847959, 10.934438 ], [ -74.848957, 10.935839 ], [ -74.84935, 10.936738 ], [ -74.849813, 10.937424 ], [ -74.85017, 10.93859 ], [ -74.851023, 10.93859 ], [ -74.852009, 10.938492 ], [ -74.85352, 10.938253 ], [ -74.85519, 10.937697 ], [ -74.857516, 10.937096 ], [ -74.858158, 10.937082 ], [ -74.859476, 10.937292 ], [ -74.869057, 10.939046 ], [ -74.870586, 10.940025 ], [ -74.874213, 10.942433 ], [ -74.877903, 10.944844 ], [ -74.877634, 10.945174 ], [ -74.878397, 10.945197 ], [ -74.879406, 10.945137 ], [ -74.879452, 10.94504 ], [ -74.880752, 10.945185 ], [ -74.881575, 10.94522 ], [ -74.881562, 10.945279 ], [ -74.88373, 10.945434 ], [ -74.883733, 10.945376 ], [ -74.884413, 10.945433 ], [ -74.885889, 10.945433 ], [ -74.886095, 10.945502 ], [ -74.892077, 10.945711 ], [ -74.892179, 10.945701 ], [ -74.892311, 10.945625 ], [ -74.8922, 10.946425 ], [ -74.892307, 10.947269 ], [ -74.8924, 10.947723 ], [ -74.892246, 10.948893 ], [ -74.892221, 10.949529 ], [ -74.892355, 10.950451 ], [ -74.894143, 10.950511 ], [ -74.894944, 10.950262 ], [ -74.895942, 10.950103 ], [ -74.896297, 10.950271 ], [ -74.896547, 10.950297 ], [ -74.89702, 10.950243 ], [ -74.898084, 10.94989 ], [ -74.898951, 10.949758 ], [ -74.900173, 10.949728 ], [ -74.901477, 10.949958 ], [ -74.902363, 10.950062 ], [ -74.905394, 10.950053 ], [ -74.907715, 10.950464 ], [ -74.910513, 10.949152 ], [ -74.915407, 10.946798 ], [ -74.9184, 10.945287 ], [ -74.918419, 10.945441 ], [ -74.918401, 10.945831 ], [ -74.918704, 10.946387 ], [ -74.918761, 10.946572 ], [ -74.918856, 10.947129 ], [ -74.918838, 10.947426 ], [ -74.918953, 10.948038 ], [ -74.918973, 10.948614 ], [ -74.919105, 10.948818 ], [ -74.91914, 10.949278 ], [ -74.919045, 10.949768 ], [ -74.918719, 10.950318 ], [ -74.918106, 10.952081 ], [ -74.917837, 10.952574 ], [ -74.917837, 10.953086 ], [ -74.917914, 10.953522 ], [ -74.917972, 10.954091 ], [ -74.917703, 10.954641 ], [ -74.917435, 10.954907 ], [ -74.916782, 10.955286 ], [ -74.916533, 10.955571 ], [ -74.916168, 10.955628 ], [ -74.915862, 10.955988 ], [ -74.915209, 10.956348 ], [ -74.914763, 10.956746 ], [ -74.911846, 10.957874 ], [ -74.911865, 10.957937 ], [ -74.910607, 10.957965 ], [ -74.909469, 10.95792 ], [ -74.909046, 10.957838 ], [ -74.908854, 10.957711 ], [ -74.908624, 10.957448 ], [ -74.908367, 10.957366 ], [ -74.908211, 10.957376 ], [ -74.907789, 10.957775 ], [ -74.90766, 10.957847 ], [ -74.907375, 10.957838 ], [ -74.907284, 10.957902 ], [ -74.9071, 10.958328 ], [ -74.906568, 10.958628 ], [ -74.906311, 10.958719 ], [ -74.906155, 10.958918 ], [ -74.90609, 10.959136 ], [ -74.906081, 10.959272 ], [ -74.906035, 10.959327 ], [ -74.905833, 10.959399 ], [ -74.90554, 10.95939 ], [ -74.905439, 10.959526 ], [ -74.905384, 10.959708 ], [ -74.905393, 10.960116 ], [ -74.905332, 10.960272 ], [ -74.90527, 10.960333 ], [ -74.905229, 10.960335 ], [ -74.90524, 10.96036 ], [ -74.900227, 10.960681 ], [ -74.899034, 10.962613 ], [ -74.902192, 10.965279 ], [ -74.904014, 10.966414 ], [ -74.904771, 10.96742 ], [ -74.905707, 10.96904 ], [ -74.90633, 10.969696 ], [ -74.906865, 10.970308 ], [ -74.907576, 10.970701 ], [ -74.908286, 10.970787 ], [ -74.909308, 10.971441 ], [ -74.908734, 10.972495 ], [ -74.905315, 10.971628 ], [ -74.905316, 10.971891 ], [ -74.904433, 10.973647 ], [ -74.898365, 10.977478 ], [ -74.897348, 10.97884 ], [ -74.896598, 10.980157 ], [ -74.895849, 10.98222 ], [ -74.893854, 10.983014 ], [ -74.892035, 10.983019 ], [ -74.888257, 10.980662 ], [ -74.887146, 10.979919 ], [ -74.886832, 10.978955 ], [ -74.884919, 10.977075 ], [ -74.883158, 10.974521 ], [ -74.882998, 10.974412 ], [ -74.883023, 10.974587 ], [ -74.882962, 10.974545 ], [ -74.8826, 10.97491 ], [ -74.882435, 10.97539 ], [ -74.882457, 10.975649 ], [ -74.882387, 10.975719 ], [ -74.882367, 10.975896 ], [ -74.882301, 10.976057 ], [ -74.882297, 10.976579 ], [ -74.882192, 10.976913 ], [ -74.882196, 10.977461 ], [ -74.882219, 10.977531 ], [ -74.882481, 10.977747 ], [ -74.88275, 10.977894 ], [ -74.882786, 10.977951 ], [ -74.882793, 10.978079 ], [ -74.882926, 10.978314 ], [ -74.882981, 10.978368 ], [ -74.883215, 10.978461 ], [ -74.883379, 10.978627 ], [ -74.883481, 10.978681 ], [ -74.883594, 10.978716 ], [ -74.883696, 10.978716 ], [ -74.883786, 10.978758 ], [ -74.883844, 10.978827 ], [ -74.883848, 10.978905 ], [ -74.88377, 10.979047 ], [ -74.883434, 10.979032 ], [ -74.883321, 10.979055 ], [ -74.883114, 10.979048 ], [ -74.88309, 10.979021 ], [ -74.882934, 10.978994 ], [ -74.882797, 10.97892 ], [ -74.882723, 10.978916 ], [ -74.882579, 10.979075 ], [ -74.882497, 10.979075 ], [ -74.882376, 10.979017 ], [ -74.882193, 10.979183 ], [ -74.88214, 10.979267 ], [ -74.88214, 10.979335 ], [ -74.882384, 10.979748 ], [ -74.882607, 10.979905 ], [ -74.882713, 10.980064 ], [ -74.882842, 10.980159 ], [ -74.882808, 10.980359 ], [ -74.882892, 10.980483 ], [ -74.883203, 10.980632 ], [ -74.883212, 10.980724 ], [ -74.883111, 10.980823 ], [ -74.882943, 10.980848 ], [ -74.882808, 10.980948 ], [ -74.882691, 10.980989 ], [ -74.882472, 10.980989 ], [ -74.882414, 10.98094 ], [ -74.882346, 10.980948 ], [ -74.882225, 10.981186 ], [ -74.882145, 10.98128 ], [ -74.882053, 10.981355 ], [ -74.881977, 10.981371 ], [ -74.881851, 10.981296 ], [ -74.88175, 10.981454 ], [ -74.881481, 10.981438 ], [ -74.881381, 10.981321 ], [ -74.881288, 10.981272 ], [ -74.880759, 10.98162 ], [ -74.880558, 10.981687 ], [ -74.880474, 10.981637 ], [ -74.880415, 10.981554 ], [ -74.880322, 10.981512 ], [ -74.88018, 10.98162 ], [ -74.880138, 10.981596 ], [ -74.879869, 10.981828 ], [ -74.879793, 10.981836 ], [ -74.879743, 10.981886 ], [ -74.879743, 10.981986 ], [ -74.879659, 10.982201 ], [ -74.879827, 10.982268 ], [ -74.87986, 10.982384 ], [ -74.87981, 10.982484 ], [ -74.879852, 10.982567 ], [ -74.879944, 10.9826 ], [ -74.879911, 10.982766 ], [ -74.879777, 10.982832 ], [ -74.879659, 10.982816 ], [ -74.879558, 10.982749 ], [ -74.879306, 10.982782 ], [ -74.879004, 10.982882 ], [ -74.878903, 10.982882 ], [ -74.878592, 10.982998 ], [ -74.878433, 10.983164 ], [ -74.878424, 10.983339 ], [ -74.8785, 10.98338 ], [ -74.878475, 10.983455 ], [ -74.878198, 10.983637 ], [ -74.878105, 10.983662 ], [ -74.877962, 10.983787 ], [ -74.877719, 10.983795 ], [ -74.877643, 10.983903 ], [ -74.877694, 10.984152 ], [ -74.87761, 10.984169 ], [ -74.877551, 10.98421 ], [ -74.877551, 10.984368 ], [ -74.877517, 10.984484 ], [ -74.877366, 10.984492 ], [ -74.877408, 10.984658 ], [ -74.877417, 10.984841 ], [ -74.877324, 10.984858 ], [ -74.877228, 10.984814 ], [ -74.877118, 10.98493 ], [ -74.876849, 10.984966 ], [ -74.876597, 10.985038 ], [ -74.876544, 10.985216 ], [ -74.876472, 10.985323 ], [ -74.876598, 10.9855 ], [ -74.876761, 10.985642 ], [ -74.876725, 10.985873 ], [ -74.876475, 10.986229 ], [ -74.876161, 10.986556 ], [ -74.876093, 10.986788 ], [ -74.876009, 10.98691 ], [ -74.875807, 10.987054 ], [ -74.875645, 10.987115 ], [ -74.875499, 10.987204 ], [ -74.875135, 10.987309 ], [ -74.874843, 10.987314 ], [ -74.874456, 10.987364 ], [ -74.874355, 10.987326 ], [ -74.874127, 10.987358 ], [ -74.873929, 10.987503 ], [ -74.873845, 10.987752 ], [ -74.873829, 10.987924 ], [ -74.873902, 10.988051 ], [ -74.873997, 10.988145 ], [ -74.874378, 10.988206 ], [ -74.874479, 10.988306 ], [ -74.874714, 10.988367 ], [ -74.874995, 10.988655 ], [ -74.875045, 10.988782 ], [ -74.875045, 10.988987 ], [ -74.874967, 10.989092 ], [ -74.874899, 10.989275 ], [ -74.874759, 10.989408 ], [ -74.874591, 10.989663 ], [ -74.874485, 10.989923 ], [ -74.874395, 10.990039 ], [ -74.874339, 10.990178 ], [ -74.874373, 10.990338 ], [ -74.874546, 10.990477 ], [ -74.874664, 10.990687 ], [ -74.874866, 10.990765 ], [ -74.874984, 10.990759 ], [ -74.875309, 10.990593 ], [ -74.875639, 10.990499 ], [ -74.875746, 10.990443 ], [ -74.876032, 10.990216 ], [ -74.876206, 10.990189 ], [ -74.876284, 10.990222 ], [ -74.876419, 10.99036 ], [ -74.876514, 10.990687 ], [ -74.876419, 10.991019 ], [ -74.876279, 10.991324 ], [ -74.876099, 10.991623 ], [ -74.875954, 10.991788 ], [ -74.875879, 10.992056 ], [ -74.875844, 10.992483 ], [ -74.875923, 10.992655 ], [ -74.875956, 10.992821 ], [ -74.876137, 10.993091 ], [ -74.87626, 10.993231 ], [ -74.87626, 10.99329 ], [ -74.876216, 10.993344 ], [ -74.876238, 10.993431 ], [ -74.87641, 10.993466 ], [ -74.876644, 10.993435 ], [ -74.876785, 10.993557 ], [ -74.876838, 10.993549 ], [ -74.8769, 10.993727 ], [ -74.876988, 10.993801 ], [ -74.877015, 10.993867 ], [ -74.877006, 10.993958 ], [ -74.876803, 10.994132 ], [ -74.876706, 10.994268 ], [ -74.876622, 10.994294 ], [ -74.876525, 10.994237 ], [ -74.876433, 10.994246 ], [ -74.876269, 10.994355 ], [ -74.876234, 10.994416 ], [ -74.875943, 10.994542 ], [ -74.875798, 10.994568 ], [ -74.875546, 10.994717 ], [ -74.875352, 10.994943 ], [ -74.875401, 10.995033 ], [ -74.875454, 10.995069 ], [ -74.875462, 10.99513 ], [ -74.875433, 10.995215 ], [ -74.87529, 10.995253 ], [ -74.875193, 10.99534 ], [ -74.875224, 10.995422 ], [ -74.875604, 10.99561 ], [ -74.875665, 10.995592 ], [ -74.875776, 10.995457 ], [ -74.875873, 10.995418 ], [ -74.87604, 10.995401 ], [ -74.876433, 10.995501 ], [ -74.876525, 10.995575 ], [ -74.876658, 10.995745 ], [ -74.876755, 10.996002 ], [ -74.87675, 10.996224 ], [ -74.876543, 10.996638 ], [ -74.876306, 10.996841 ], [ -74.883332, 11.001973 ], [ -74.874616, 11.011013 ], [ -74.873496, 11.010159 ], [ -74.871698, 11.008976 ], [ -74.871245, 11.009472 ], [ -74.87113, 11.009711 ], [ -74.870647, 11.010451 ], [ -74.870343, 11.010969 ], [ -74.870023, 11.011323 ], [ -74.869845, 11.011443 ], [ -74.869762, 11.011551 ], [ -74.869386, 11.012177 ], [ -74.869262, 11.012484 ], [ -74.868904, 11.013178 ], [ -74.868705, 11.013435 ], [ -74.868519, 11.013603 ], [ -74.867561, 11.014175 ], [ -74.867274, 11.014389 ], [ -74.867077, 11.014603 ], [ -74.866432, 11.015076 ], [ -74.866283, 11.015256 ], [ -74.866231, 11.015509 ], [ -74.865905, 11.015795 ], [ -74.865292, 11.016781 ], [ -74.860129, 11.016782 ], [ -74.859812, 11.0165 ], [ -74.854045, 11.017225 ], [ -74.853217, 11.017244 ], [ -74.852291, 11.017192 ], [ -74.851984, 11.017153 ], [ -74.851422, 11.017068 ], [ -74.85065, 11.016893 ], [ -74.84952, 11.016503 ], [ -74.848924, 11.016239 ], [ -74.842522, 11.012812 ], [ -74.84234, 11.012749 ], [ -74.842136, 11.012695 ], [ -74.841829, 11.012656 ], [ -74.841425, 11.012715 ], [ -74.840243, 11.013159 ], [ -74.839955, 11.013296 ], [ -74.839594, 11.013554 ], [ -74.839214, 11.014167 ], [ -74.836994, 11.019576 ], [ -74.835748, 11.022734 ], [ -74.833232, 11.028915 ], [ -74.832819, 11.029847 ], [ -74.832407, 11.030658 ], [ -74.831876, 11.031601 ], [ -74.831213, 11.032617 ], [ -74.830065, 11.034135 ], [ -74.829057, 11.035276 ], [ -74.827481, 11.036846 ], [ -74.827242, 11.037108 ], [ -74.82713, 11.03734 ], [ -74.827082, 11.037481 ], [ -74.82699, 11.038198 ], [ -74.826891, 11.038709 ], [ -74.826775, 11.038926 ], [ -74.826946, 11.038903 ], [ -74.827623, 11.038605 ], [ -74.828089, 11.038291 ], [ -74.829197, 11.037685 ], [ -74.829815, 11.037363 ], [ -74.83042, 11.03709 ], [ -74.830532, 11.037072 ], [ -74.831556, 11.036538 ], [ -74.834502, 11.034878 ], [ -74.835089, 11.034598 ], [ -74.835498, 11.034547 ], [ -74.836696, 11.034562 ], [ -74.837403, 11.034503 ], [ -74.837596, 11.034451 ], [ -74.837923, 11.034275 ], [ -74.838325, 11.033981 ], [ -74.839337, 11.03293 ], [ -74.839872, 11.032585 ], [ -74.840304, 11.032416 ], [ -74.845288, 11.031071 ], [ -74.849951, 11.029843 ], [ -74.850435, 11.029748 ], [ -74.851149, 11.029696 ], [ -74.851871, 11.029682 ], [ -74.8528, 11.029777 ], [ -74.85347, 11.029902 ], [ -74.85521, 11.030313 ], [ -74.859317, 11.031335 ], [ -74.860389, 11.028483 ], [ -74.860402, 11.028325 ], [ -74.860764, 11.028388 ], [ -74.860907, 11.028363 ], [ -74.862177, 11.027847 ], [ -74.862333, 11.027665 ], [ -74.863501, 11.026576 ], [ -74.863765, 11.026251 ], [ -74.863916, 11.025904 ], [ -74.864593, 11.024716 ], [ -74.86484, 11.024799 ], [ -74.865161, 11.025301 ], [ -74.865801, 11.025253 ], [ -74.865938, 11.025267 ], [ -74.866293, 11.02492 ], [ -74.86657, 11.025173 ], [ -74.867069, 11.024471 ], [ -74.867596, 11.024068 ], [ -74.867726, 11.023836 ], [ -74.867879, 11.023728 ], [ -74.868772, 11.022946 ], [ -74.869131, 11.022579 ], [ -74.869634, 11.021891 ], [ -74.870168, 11.021098 ], [ -74.871776, 11.022248 ], [ -74.868811, 11.025888 ], [ -74.868275, 11.026582 ], [ -74.868648, 11.026692 ], [ -74.871193, 11.027304 ], [ -74.871275, 11.027434 ], [ -74.872284, 11.02867 ], [ -74.87228, 11.028743 ], [ -74.872194, 11.028869 ], [ -74.87197, 11.029371 ], [ -74.871888, 11.029494 ], [ -74.871744, 11.029639 ], [ -74.87178, 11.02971 ], [ -74.872844, 11.031162 ], [ -74.872938, 11.031249 ], [ -74.873189, 11.03132 ], [ -74.873502, 11.031528 ], [ -74.873504, 11.031607 ], [ -74.873121, 11.03351 ], [ -74.872927, 11.033947 ], [ -74.872728, 11.034083 ], [ -74.872598, 11.034252 ], [ -74.872565, 11.034495 ], [ -74.872482, 11.034738 ], [ -74.872281, 11.035173 ], [ -74.871907, 11.03628 ], [ -74.871547, 11.037081 ], [ -74.871495, 11.037314 ], [ -74.871397, 11.037456 ], [ -74.871187, 11.038089 ], [ -74.871024, 11.038354 ], [ -74.870828, 11.039039 ], [ -74.870775, 11.039324 ], [ -74.870697, 11.03946 ], [ -74.870664, 11.039628 ], [ -74.870684, 11.039873 ], [ -74.870775, 11.040086 ], [ -74.870965, 11.040306 ], [ -74.871018, 11.040481 ], [ -74.871096, 11.040539 ], [ -74.871161, 11.040655 ], [ -74.871299, 11.041069 ], [ -74.871476, 11.041392 ], [ -74.8716, 11.041696 ], [ -74.871665, 11.041973 ], [ -74.871659, 11.042116 ], [ -74.871639, 11.042238 ], [ -74.871456, 11.042523 ], [ -74.871103, 11.042697 ], [ -74.871018, 11.042775 ], [ -74.870508, 11.043357 ], [ -74.870331, 11.043667 ], [ -74.870312, 11.043803 ], [ -74.87039, 11.043867 ], [ -74.870573, 11.043867 ], [ -74.870658, 11.043971 ], [ -74.870625, 11.044106 ], [ -74.870475, 11.044242 ], [ -74.87056, 11.044384 ], [ -74.870527, 11.044488 ], [ -74.870338, 11.044785 ], [ -74.87039, 11.044843 ], [ -74.870475, 11.044856 ], [ -74.870403, 11.044998 ], [ -74.870259, 11.045179 ], [ -74.870128, 11.045489 ], [ -74.869978, 11.04569 ], [ -74.86986, 11.04631 ], [ -74.870155, 11.046472 ], [ -74.870338, 11.046472 ], [ -74.870547, 11.046355 ], [ -74.87075, 11.046368 ], [ -74.870953, 11.04642 ], [ -74.870959, 11.046485 ], [ -74.871123, 11.046381 ], [ -74.871254, 11.04642 ], [ -74.871267, 11.046549 ], [ -74.871444, 11.046756 ], [ -74.871561, 11.046963 ], [ -74.871659, 11.047053 ], [ -74.871771, 11.047105 ], [ -74.872013, 11.047047 ], [ -74.872104, 11.04695 ], [ -74.872163, 11.046575 ], [ -74.872235, 11.046452 ], [ -74.872261, 11.04629 ], [ -74.87234, 11.046194 ], [ -74.87234, 11.046051 ], [ -74.872294, 11.04598 ], [ -74.87232, 11.045819 ], [ -74.87249, 11.045638 ], [ -74.872568, 11.045453 ], [ -74.872693, 11.045327 ], [ -74.872771, 11.045295 ], [ -74.872857, 11.045502 ], [ -74.872949, 11.045532 ], [ -74.873033, 11.045618 ], [ -74.873027, 11.046058 ], [ -74.872745, 11.046471 ], [ -74.872386, 11.046801 ], [ -74.872373, 11.046995 ], [ -74.872436, 11.04708 ], [ -74.872146, 11.047277 ], [ -74.872523, 11.047517 ], [ -74.873119, 11.047034 ], [ -74.873252, 11.047121 ], [ -74.873253, 11.047296 ], [ -74.873165, 11.047449 ], [ -74.873054, 11.047493 ], [ -74.872944, 11.047647 ], [ -74.872723, 11.047713 ], [ -74.872724, 11.047953 ], [ -74.872547, 11.048107 ], [ -74.872437, 11.048304 ], [ -74.872658, 11.048303 ], [ -74.872835, 11.048259 ], [ -74.873277, 11.048105 ], [ -74.873639, 11.047935 ], [ -74.873748, 11.048153 ], [ -74.873702, 11.048274 ], [ -74.873489, 11.048379 ], [ -74.873315, 11.048431 ], [ -74.872237, 11.048691 ], [ -74.871581, 11.048786 ], [ -74.87069, 11.049034 ], [ -74.869548, 11.049389 ], [ -74.868786, 11.04955 ], [ -74.867901, 11.049874 ], [ -74.867324, 11.050159 ], [ -74.866445, 11.050501 ], [ -74.866172, 11.050576 ], [ -74.865558, 11.050829 ], [ -74.865004, 11.050952 ], [ -74.864654, 11.051112 ], [ -74.86441, 11.051188 ], [ -74.863817, 11.051311 ], [ -74.863448, 11.051327 ], [ -74.863155, 11.051377 ], [ -74.862779, 11.051483 ], [ -74.861649, 11.051677 ], [ -74.861247, 11.051776 ], [ -74.860933, 11.051789 ], [ -74.86051, 11.051877 ], [ -74.859629, 11.052227 ], [ -74.858069, 11.053071 ], [ -74.857583, 11.053252 ], [ -74.857162, 11.053505 ], [ -74.855976, 11.053989 ], [ -74.855324, 11.054288 ], [ -74.854932, 11.054499 ], [ -74.854133, 11.055028 ], [ -74.853857, 11.055158 ], [ -74.853072, 11.055475 ], [ -74.852468, 11.055792 ], [ -74.852197, 11.055899 ], [ -74.852108, 11.055899 ], [ -74.851775, 11.055997 ], [ -74.85119, 11.05628 ], [ -74.850719, 11.056524 ], [ -74.850204, 11.056836 ], [ -74.849501, 11.057196 ], [ -74.849095, 11.05746 ], [ -74.848043, 11.058287 ], [ -74.847652, 11.058472 ], [ -74.847464, 11.058522 ], [ -74.847227, 11.058523 ], [ -74.847014, 11.058506 ], [ -74.846806, 11.058422 ], [ -74.846487, 11.058162 ], [ -74.846344, 11.057927 ], [ -74.84631, 11.057742 ], [ -74.846328, 11.057696 ], [ -74.845952, 11.057358 ], [ -74.845875, 11.05756 ], [ -74.845799, 11.05767 ], [ -74.845662, 11.057793 ], [ -74.845576, 11.057984 ], [ -74.845621, 11.058616 ], [ -74.845253, 11.05976 ], [ -74.845006, 11.060431 ], [ -74.844389, 11.061509 ], [ -74.844052, 11.062028 ], [ -74.843929, 11.062298 ], [ -74.843822, 11.062661 ], [ -74.843855, 11.062815 ], [ -74.843849, 11.063002 ], [ -74.84402, 11.063241 ], [ -74.844101, 11.0634 ], [ -74.844306, 11.063609 ], [ -74.844364, 11.063805 ], [ -74.844534, 11.064027 ], [ -74.844613, 11.064215 ], [ -74.845687, 11.065804 ], [ -74.845884, 11.066133 ], [ -74.84611, 11.0667 ], [ -74.846585, 11.068953 ], [ -74.846967, 11.070603 ], [ -74.847654, 11.073902 ], [ -74.847737, 11.07407 ], [ -74.847803, 11.074363 ], [ -74.847831, 11.074623 ], [ -74.848172, 11.074804 ], [ -74.848196, 11.074967 ], [ -74.848089, 11.075791 ], [ -74.848158, 11.07624 ], [ -74.848314, 11.076849 ], [ -74.848651, 11.078455 ], [ -74.848731, 11.078649 ], [ -74.848767, 11.078991 ], [ -74.848815, 11.079202 ], [ -74.848925, 11.079444 ], [ -74.848923, 11.079542 ], [ -74.848893, 11.079602 ], [ -74.849107, 11.080469 ], [ -74.849936, 11.084328 ], [ -74.849966, 11.084385 ], [ -74.850083, 11.08443 ], [ -74.850025, 11.084523 ], [ -74.850054, 11.084815 ], [ -74.851602, 11.091976 ], [ -74.851683, 11.092329 ], [ -74.851859, 11.092838 ], [ -74.852019, 11.093851 ], [ -74.852609, 11.096526 ], [ -74.852746, 11.097059 ], [ -74.852836, 11.097285 ], [ -74.852848, 11.0974 ], [ -74.85304, 11.097549 ], [ -74.853241, 11.097514 ], [ -74.85334, 11.097444 ], [ -74.853406, 11.097486 ], [ -74.853176, 11.097631 ], [ -74.853082, 11.097657 ], [ -74.853012, 11.097738 ], [ -74.852948, 11.09777 ], [ -74.852892, 11.097931 ], [ -74.853164, 11.099088 ], [ -74.854238, 11.10404 ], [ -74.854447, 11.104793 ], [ -74.85457, 11.10537 ], [ -74.851861, 11.105367 ] ] ] } }
]
}
