{
"type": "FeatureCollection",
"name": "planes_parciales_densidad_de_poblacion",
"crs": { "type": "name", "properties": { "name": "urn:ogc:def:crs:OGC:1.3:CRS84" } },
"xy_coordinate_resolution": 1e-06,
"features": [
{ "type": "Feature", "properties": { "nombre": "VILLAS DE SAN PABLO", "localidad": null, "pieza_urba": null, "FUNDACION": 2010.0, "DESCRIP": "Macroproyecto de vivienda de interes prioritario (VIP) planificado formalmente por el distrito.", "DNSDAD_POB": 510.0, "AREA_Has": 13.1 }, "geometry": { "type": "MultiPolygon", "coordinates": [ [ [ [ -74.865476, 10.948139 ], [ -74.866567, 10.954067 ], [ -74.866813, 10.95549 ], [ -74.866535, 10.955491 ], [ -74.86637, 10.955516 ], [ -74.865868, 10.956063 ], [ -74.864044, 10.954489 ], [ -74.864458, 10.953493 ], [ -74.864476, 10.953254 ], [ -74.865525, 10.954237 ], [ -74.86567, 10.954294 ], [ -74.865873, 10.954331 ], [ -74.866297, 10.954223 ], [ -74.866275, 10.954105 ], [ -74.865767, 10.954198 ], [ -74.864534, 10.953139 ], [ -74.86453, 10.95157 ], [ -74.865248, 10.952238 ], [ -74.865471, 10.952409 ], [ -74.865626, 10.952438 ], [ -74.865957, 10.952404 ], [ -74.865934, 10.952281 ], [ -74.865691, 10.952312 ], [ -74.865401, 10.952229 ], [ -74.864539, 10.951442 ], [ -74.864295, 10.950677 ], [ -74.864427, 10.950091 ], [ -74.864824, 10.949265 ], [ -74.865344, 10.949132 ], [ -74.865187, 10.949084 ], [ -74.864666, 10.949157 ], [ -74.864563, 10.949091 ], [ -74.864023, 10.950241 ], [ -74.864073, 10.950959 ], [ -74.862666, 10.949743 ], [ -74.86283, 10.949378 ], [ -74.863373, 10.94833 ], [ -74.863763, 10.947684 ], [ -74.864447, 10.947925 ], [ -74.864753, 10.94797 ], [ -74.865476, 10.948139 ] ] ], [ [ [ -74.867551, 10.952601 ], [ -74.868059, 10.955305 ], [ -74.866978, 10.955491 ], [ -74.866455, 10.952762 ], [ -74.867551, 10.952601 ] ] ], [ [ [ -74.867832, 10.953409 ], [ -74.86766, 10.952594 ], [ -74.869674, 10.952193 ], [ -74.869725, 10.952347 ], [ -74.869236, 10.953514 ], [ -74.869074, 10.953866 ], [ -74.868477, 10.954895 ], [ -74.868176, 10.955255 ], [ -74.867832, 10.953409 ] ] ], [ [ [ -74.869398, 10.950957 ], [ -74.869537, 10.951707 ], [ -74.869643, 10.952098 ], [ -74.86676, 10.952639 ], [ -74.866462, 10.952676 ], [ -74.866263, 10.951528 ], [ -74.869398, 10.950957 ] ] ], [ [ [ -74.866263, 10.951428 ], [ -74.866005, 10.950259 ], [ -74.86895, 10.949717 ], [ -74.869108, 10.950124 ], [ -74.869238, 10.950403 ], [ -74.86936, 10.950743 ], [ -74.869382, 10.950868 ], [ -74.866263, 10.951428 ] ] ], [ [ [ -74.866336, 10.948354 ], [ -74.866504, 10.948412 ], [ -74.867202, 10.948514 ], [ -74.867825, 10.948517 ], [ -74.868533, 10.948569 ], [ -74.868891, 10.949562 ], [ -74.86877, 10.94962 ], [ -74.865991, 10.950144 ], [ -74.865677, 10.948189 ], [ -74.866336, 10.948354 ] ] ], [ [ [ -74.863477, 10.955907 ], [ -74.864015, 10.954594 ], [ -74.865791, 10.956159 ], [ -74.86495, 10.957164 ], [ -74.863477, 10.955907 ] ] ], [ [ [ -74.861071, 10.953613 ], [ -74.861093, 10.953511 ], [ -74.861119, 10.953475 ], [ -74.861257, 10.953054 ], [ -74.861362, 10.952819 ], [ -74.861365, 10.952773 ], [ -74.861524, 10.952445 ], [ -74.863773, 10.954385 ], [ -74.863229, 10.955664 ], [ -74.863128, 10.955764 ], [ -74.860958, 10.953926 ], [ -74.861055, 10.953627 ], [ -74.861071, 10.953613 ] ] ], [ [ [ -74.862102, 10.95114 ], [ -74.864205, 10.953082 ], [ -74.864177, 10.953417 ], [ -74.863815, 10.954284 ], [ -74.861566, 10.952359 ], [ -74.861859, 10.951725 ], [ -74.862102, 10.95114 ] ] ], [ [ [ -74.862617, 10.949841 ], [ -74.864151, 10.95116 ], [ -74.8642, 10.951322 ], [ -74.864243, 10.952681 ], [ -74.86422, 10.952918 ], [ -74.862134, 10.951047 ], [ -74.862617, 10.949841 ] ] ], [ [ [ -74.868144, 10.955403 ], [ -74.869247, 10.955012 ], [ -74.868556, 10.956989 ], [ -74.868464, 10.957252 ], [ -74.868144, 10.955403 ] ] ], [ [ [ -74.867053, 10.955908 ], [ -74.867929, 10.955506 ], [ -74.868068, 10.955457 ], [ -74.868402, 10.957428 ], [ -74.868264, 10.957822 ], [ -74.867545, 10.958517 ], [ -74.867053, 10.955908 ] ] ], [ [ [ -74.86648, 10.95576 ], [ -74.866854, 10.955685 ], [ -74.867272, 10.957761 ], [ -74.86714, 10.957783 ], [ -74.867158, 10.957875 ], [ -74.867284, 10.957855 ], [ -74.867431, 10.958624 ], [ -74.866046, 10.959945 ], [ -74.864142, 10.958284 ], [ -74.862671, 10.95994 ], [ -74.861305, 10.958741 ], [ -74.861381, 10.958654 ], [ -74.860564, 10.957953 ], [ -74.860745, 10.95786 ], [ -74.862036, 10.957982 ], [ -74.86323, 10.957954 ], [ -74.864323, 10.957882 ], [ -74.865531, 10.956561 ], [ -74.866023, 10.956054 ], [ -74.866137, 10.955984 ], [ -74.866282, 10.955996 ], [ -74.866484, 10.955781 ], [ -74.86648, 10.95576 ] ] ], [ [ [ -74.866813, 10.955538 ], [ -74.86681, 10.955607 ], [ -74.866471, 10.955683 ], [ -74.866441, 10.955587 ], [ -74.866813, 10.955538 ] ] ], [ [ [ -74.865521, 10.959878 ], [ -74.864759, 10.960725 ], [ -74.863363, 10.959496 ], [ -74.864109, 10.958655 ], [ -74.865521, 10.959878 ] ] ], [ [ [ -74.862849, 10.959992 ], [ -74.863291, 10.959525 ], [ -74.863781, 10.960026 ], [ -74.863366, 10.9605 ], [ -74.862849, 10.959992 ] ] ], [ [ [ -74.85693, 10.960972 ], [ -74.858406, 10.962292 ], [ -74.857602, 10.963181 ], [ -74.856114, 10.961823 ], [ -74.85693, 10.960972 ] ] ], [ [ [ -74.858528, 10.962401 ], [ -74.85959, 10.963297 ], [ -74.858764, 10.964241 ], [ -74.857723, 10.963291 ], [ -74.858528, 10.962401 ] ] ], [ [ [ -74.859649, 10.963229 ], [ -74.858608, 10.962312 ], [ -74.859444, 10.961387 ], [ -74.860467, 10.9623 ], [ -74.859649, 10.963229 ] ] ], [ [ [ -74.856025, 10.961735 ], [ -74.85553, 10.961298 ], [ -74.856153, 10.96088 ], [ -74.856628, 10.960632 ], [ -74.856828, 10.960879 ], [ -74.856025, 10.961735 ] ] ], [ [ [ -74.861687, 10.961009 ], [ -74.860867, 10.961876 ], [ -74.859827, 10.960964 ], [ -74.860639, 10.960065 ], [ -74.861687, 10.961009 ] ] ], [ [ [ -74.860705, 10.959993 ], [ -74.861508, 10.959105 ], [ -74.862601, 10.960041 ], [ -74.861757, 10.960934 ], [ -74.860705, 10.959993 ] ] ], [ [ [ -74.862387, 10.961527 ], [ -74.861883, 10.96105 ], [ -74.862713, 10.960148 ], [ -74.863196, 10.960628 ], [ -74.862387, 10.961527 ] ] ], [ [ [ -74.862315, 10.961625 ], [ -74.861577, 10.962503 ], [ -74.861053, 10.96199 ], [ -74.861805, 10.961117 ], [ -74.862315, 10.961625 ] ] ], [ [ [ -74.860657, 10.962466 ], [ -74.861178, 10.962943 ], [ -74.86037, 10.96386 ], [ -74.859842, 10.963371 ], [ -74.860657, 10.962466 ] ] ], [ [ [ -74.858974, 10.964342 ], [ -74.859788, 10.963431 ], [ -74.860318, 10.96392 ], [ -74.859519, 10.964831 ], [ -74.858974, 10.964342 ] ] ], [ [ [ -74.857086, 10.966384 ], [ -74.858514, 10.964761 ], [ -74.858784, 10.964464 ], [ -74.859441, 10.965038 ], [ -74.859137, 10.965378 ], [ -74.859064, 10.965305 ], [ -74.857654, 10.966906 ], [ -74.857086, 10.966384 ] ] ], [ [ [ -74.861382, 10.958997 ], [ -74.860554, 10.959913 ], [ -74.859497, 10.958942 ], [ -74.860305, 10.958074 ], [ -74.861382, 10.958997 ] ] ], [ [ [ -74.858836, 10.958472 ], [ -74.860488, 10.959987 ], [ -74.859684, 10.960877 ], [ -74.858003, 10.959364 ], [ -74.858285, 10.958789 ], [ -74.858502, 10.958631 ], [ -74.858836, 10.958472 ] ] ], [ [ [ -74.856692, 10.960616 ], [ -74.857272, 10.960413 ], [ -74.857461, 10.960241 ], [ -74.857576, 10.959996 ], [ -74.857678, 10.959881 ], [ -74.859322, 10.961278 ], [ -74.858484, 10.962205 ], [ -74.856983, 10.960916 ], [ -74.856692, 10.960616 ] ] ], [ [ [ -74.860966, 10.962076 ], [ -74.86159, 10.962627 ], [ -74.861295, 10.962957 ], [ -74.860705, 10.962364 ], [ -74.860966, 10.962076 ] ] ], [ [ [ -74.860512, 10.962252 ], [ -74.859498, 10.961328 ], [ -74.859761, 10.961037 ], [ -74.860799, 10.961949 ], [ -74.860512, 10.962252 ] ] ], [ [ [ -74.856729, 10.965834 ], [ -74.85695, 10.965227 ], [ -74.857249, 10.964478 ], [ -74.857386, 10.963991 ], [ -74.857272, 10.963837 ], [ -74.856282, 10.963039 ], [ -74.855806, 10.962454 ], [ -74.855578, 10.962107 ], [ -74.855248, 10.961663 ], [ -74.855265, 10.961503 ], [ -74.855301, 10.961402 ], [ -74.856357, 10.962354 ], [ -74.858635, 10.964357 ], [ -74.856646, 10.966633 ], [ -74.856559, 10.966602 ], [ -74.856729, 10.965834 ] ] ], [ [ [ -74.857822, 10.959766 ], [ -74.857964, 10.959441 ], [ -74.859622, 10.960945 ], [ -74.859376, 10.961217 ], [ -74.857822, 10.959766 ] ] ], [ [ [ -74.85744, 10.967135 ], [ -74.856759, 10.966703 ], [ -74.857065, 10.966478 ], [ -74.857596, 10.966971 ], [ -74.85744, 10.967135 ] ] ] ] } },
{ "type": "Feature", "properties": { "nombre": "CIUDAD MALLORQUIN", "localidad": "Puerto Colombia", "pieza_urba": null, "FUNDACION": 2019.0, "DESCRIP": "Residencial vertical presion Cienaga de Mallorquin", "DNSDAD_POB": 700.0, "AREA_Has": 63.4 }, "geometry": { "type": "MultiPolygon", "coordinates": [ [ [ [ -74.841523, 11.023107 ], [ -74.841365, 11.023695 ], [ -74.841101, 11.024506 ], [ -74.840892, 11.025251 ], [ -74.840857, 11.025317 ], [ -74.840785, 11.025333 ], [ -74.840108, 11.025336 ], [ -74.839302, 11.025406 ], [ -74.839134, 11.025373 ], [ -74.839075, 11.025315 ], [ -74.839041, 11.025223 ], [ -74.839043, 11.025167 ], [ -74.839246, 11.024496 ], [ -74.839551, 11.023625 ], [ -74.839565, 11.023537 ], [ -74.839608, 11.02346 ], [ -74.83975, 11.023384 ], [ -74.841197, 11.023032 ], [ -74.841473, 11.022994 ], [ -74.841515, 11.02302 ], [ -74.841523, 11.023107 ] ] ], [ [ [ -74.847646, 11.024482 ], [ -74.845813, 11.024258 ], [ -74.845768, 11.024226 ], [ -74.84575, 11.02418 ], [ -74.84576, 11.024082 ], [ -74.845996, 11.023008 ], [ -74.846031, 11.022941 ], [ -74.846129, 11.022932 ], [ -74.848355, 11.023207 ], [ -74.848151, 11.02404 ], [ -74.848061, 11.02451 ], [ -74.847646, 11.024482 ] ] ], [ [ [ -74.845859, 11.022912 ], [ -74.845894, 11.022964 ], [ -74.845894, 11.02301 ], [ -74.845656, 11.024091 ], [ -74.84563, 11.024161 ], [ -74.845592, 11.0242 ], [ -74.845514, 11.024209 ], [ -74.844706, 11.024073 ], [ -74.843697, 11.023977 ], [ -74.843638, 11.023928 ], [ -74.843643, 11.023837 ], [ -74.843841, 11.022887 ], [ -74.843902, 11.02281 ], [ -74.844853, 11.022803 ], [ -74.845859, 11.022912 ] ] ], [ [ [ -74.841376, 11.023951 ], [ -74.841675, 11.022992 ], [ -74.842144, 11.022922 ], [ -74.842669, 11.022869 ], [ -74.843602, 11.022818 ], [ -74.843672, 11.022848 ], [ -74.843674, 11.022934 ], [ -74.843545, 11.023563 ], [ -74.84346, 11.023928 ], [ -74.843428, 11.023958 ], [ -74.842469, 11.023957 ], [ -74.842054, 11.023971 ], [ -74.841428, 11.024019 ], [ -74.841381, 11.024002 ], [ -74.841376, 11.023951 ] ] ], [ [ [ -74.837388, 11.023952 ], [ -74.838334, 11.02375 ], [ -74.839292, 11.023515 ], [ -74.839338, 11.023528 ], [ -74.839355, 11.023564 ], [ -74.8393, 11.023791 ], [ -74.838899, 11.02511 ], [ -74.838833, 11.025199 ], [ -74.838785, 11.025243 ], [ -74.838627, 11.025319 ], [ -74.838555, 11.025398 ], [ -74.838491, 11.025505 ], [ -74.838385, 11.025577 ], [ -74.837608, 11.025737 ], [ -74.836834, 11.025964 ], [ -74.836799, 11.02596 ], [ -74.836764, 11.025937 ], [ -74.836756, 11.025897 ], [ -74.837329, 11.023998 ], [ -74.837388, 11.023952 ] ] ], [ [ [ -74.834938, 11.025605 ], [ -74.835479, 11.024209 ], [ -74.83556, 11.024163 ], [ -74.8362, 11.024127 ], [ -74.836613, 11.02408 ], [ -74.837168, 11.023988 ], [ -74.837226, 11.024006 ], [ -74.837242, 11.024055 ], [ -74.836714, 11.0258 ], [ -74.836651, 11.025997 ], [ -74.836614, 11.026046 ], [ -74.835843, 11.026315 ], [ -74.835685, 11.02632 ], [ -74.835589, 11.026298 ], [ -74.835375, 11.026182 ], [ -74.835064, 11.025961 ], [ -74.834984, 11.025885 ], [ -74.834941, 11.025814 ], [ -74.834921, 11.025718 ], [ -74.834938, 11.025605 ] ] ], [ [ [ -74.839862, 11.022061 ], [ -74.839575, 11.022111 ], [ -74.839015, 11.022171 ], [ -74.838853, 11.022178 ], [ -74.838315, 11.022133 ], [ -74.838116, 11.022106 ], [ -74.83659, 11.02172 ], [ -74.836497, 11.021701 ], [ -74.836448, 11.021709 ], [ -74.83639, 11.021763 ], [ -74.836355, 11.021844 ], [ -74.836151, 11.022378 ], [ -74.835846, 11.023106 ], [ -74.836001, 11.022649 ], [ -74.836051, 11.022445 ], [ -74.836345, 11.021741 ], [ -74.836611, 11.021261 ], [ -74.836956, 11.0209 ], [ -74.837145, 11.02076 ], [ -74.837397, 11.020618 ], [ -74.837688, 11.020511 ], [ -74.838005, 11.020456 ], [ -74.838186, 11.020443 ], [ -74.838476, 11.020448 ], [ -74.838751, 11.020491 ], [ -74.839034, 11.020604 ], [ -74.840045, 11.021153 ], [ -74.840204, 11.021275 ], [ -74.840274, 11.021358 ], [ -74.840296, 11.021452 ], [ -74.840294, 11.021528 ], [ -74.840033, 11.021802 ], [ -74.839913, 11.021964 ], [ -74.839862, 11.022061 ] ] ], [ [ [ -74.841307, 11.024163 ], [ -74.841334, 11.024138 ], [ -74.84145, 11.024116 ], [ -74.842442, 11.024058 ], [ -74.843054, 11.024049 ], [ -74.843359, 11.024067 ], [ -74.843445, 11.02409 ], [ -74.843094, 11.025468 ], [ -74.843049, 11.025488 ], [ -74.842274, 11.025404 ], [ -74.84101, 11.025326 ], [ -74.840986, 11.02528 ], [ -74.841002, 11.025214 ], [ -74.841307, 11.024163 ] ] ], [ [ [ -74.845708, 11.024397 ], [ -74.845748, 11.024364 ], [ -74.845789, 11.024359 ], [ -74.846293, 11.024429 ], [ -74.847054, 11.024504 ], [ -74.8474, 11.024558 ], [ -74.848038, 11.024624 ], [ -74.848057, 11.02467 ], [ -74.84803, 11.024808 ], [ -74.84794, 11.02595 ], [ -74.847957, 11.02604 ], [ -74.847945, 11.026108 ], [ -74.847865, 11.026127 ], [ -74.846771, 11.025989 ], [ -74.846357, 11.025961 ], [ -74.845478, 11.025845 ], [ -74.845466, 11.025829 ], [ -74.845466, 11.025693 ], [ -74.845708, 11.024397 ] ] ], [ [ [ -74.844759, 11.024177 ], [ -74.845563, 11.024321 ], [ -74.845603, 11.024381 ], [ -74.845593, 11.024465 ], [ -74.845544, 11.024564 ], [ -74.845432, 11.025208 ], [ -74.845438, 11.025313 ], [ -74.84536, 11.025754 ], [ -74.845334, 11.025812 ], [ -74.845302, 11.025827 ], [ -74.84513, 11.025811 ], [ -74.843935, 11.02563 ], [ -74.843283, 11.025511 ], [ -74.843241, 11.025476 ], [ -74.843528, 11.024239 ], [ -74.843551, 11.024166 ], [ -74.843592, 11.02411 ], [ -74.843632, 11.024085 ], [ -74.843723, 11.024081 ], [ -74.843996, 11.024102 ], [ -74.844759, 11.024177 ] ] ], [ [ [ -74.836198, 11.023544 ], [ -74.836244, 11.023511 ], [ -74.836283, 11.023508 ], [ -74.836769, 11.023523 ], [ -74.837335, 11.023488 ], [ -74.837382, 11.023502 ], [ -74.837399, 11.023542 ], [ -74.837299, 11.023857 ], [ -74.837251, 11.023904 ], [ -74.836078, 11.024066 ], [ -74.836038, 11.024043 ], [ -74.836026, 11.023993 ], [ -74.836198, 11.023544 ] ] ], [ [ [ -74.836194, 11.022443 ], [ -74.836432, 11.021825 ], [ -74.836475, 11.021768 ], [ -74.836596, 11.021788 ], [ -74.837777, 11.022093 ], [ -74.837815, 11.022114 ], [ -74.837827, 11.022146 ], [ -74.837459, 11.023362 ], [ -74.837405, 11.023409 ], [ -74.837048, 11.023435 ], [ -74.836502, 11.023442 ], [ -74.835862, 11.023404 ], [ -74.835821, 11.023326 ], [ -74.836194, 11.022443 ] ] ], [ [ [ -74.83915, 11.023417 ], [ -74.838561, 11.023573 ], [ -74.838526, 11.023621 ], [ -74.838373, 11.023662 ], [ -74.838318, 11.023627 ], [ -74.837727, 11.02376 ], [ -74.837685, 11.023816 ], [ -74.837448, 11.02386 ], [ -74.83741, 11.02385 ], [ -74.837389, 11.023815 ], [ -74.837479, 11.02351 ], [ -74.837508, 11.023474 ], [ -74.837839, 11.023433 ], [ -74.83789, 11.023473 ], [ -74.838432, 11.023382 ], [ -74.838467, 11.023329 ], [ -74.838526, 11.023313 ], [ -74.838585, 11.023307 ], [ -74.838643, 11.023341 ], [ -74.839206, 11.02322 ], [ -74.839236, 11.023166 ], [ -74.839406, 11.023119 ], [ -74.839461, 11.023119 ], [ -74.839488, 11.023141 ], [ -74.839497, 11.023172 ], [ -74.839436, 11.023361 ], [ -74.839412, 11.023392 ], [ -74.839206, 11.023453 ], [ -74.83915, 11.023417 ] ] ], [ [ [ -74.837569, 11.02331 ], [ -74.8379, 11.022203 ], [ -74.837931, 11.022169 ], [ -74.83804, 11.02218 ], [ -74.838162, 11.022227 ], [ -74.838667, 11.022307 ], [ -74.838898, 11.022311 ], [ -74.839102, 11.022292 ], [ -74.839722, 11.022183 ], [ -74.83977, 11.022204 ], [ -74.839767, 11.022283 ], [ -74.839533, 11.022988 ], [ -74.838781, 11.023162 ], [ -74.837987, 11.023313 ], [ -74.837633, 11.023351 ], [ -74.837586, 11.023342 ], [ -74.837569, 11.02331 ] ] ], [ [ [ -74.844175, 11.02062 ], [ -74.843864, 11.021882 ], [ -74.843843, 11.021908 ], [ -74.843308, 11.02199 ], [ -74.841912, 11.022303 ], [ -74.841952, 11.022115 ], [ -74.842091, 11.021669 ], [ -74.842316, 11.021564 ], [ -74.842498, 11.02144 ], [ -74.842749, 11.021186 ], [ -74.84302, 11.020862 ], [ -74.843123, 11.020796 ], [ -74.843334, 11.020729 ], [ -74.844153, 11.020561 ], [ -74.844175, 11.02062 ] ] ], [ [ [ -74.840621, 11.021696 ], [ -74.840868, 11.021659 ], [ -74.841175, 11.021741 ], [ -74.841416, 11.021778 ], [ -74.841585, 11.021781 ], [ -74.841848, 11.021751 ], [ -74.841886, 11.02176 ], [ -74.841889, 11.021814 ], [ -74.841735, 11.022361 ], [ -74.841666, 11.022421 ], [ -74.841599, 11.022444 ], [ -74.840655, 11.022684 ], [ -74.839878, 11.022901 ], [ -74.839801, 11.022879 ], [ -74.839785, 11.022814 ], [ -74.839953, 11.022326 ], [ -74.840026, 11.022151 ], [ -74.840109, 11.022012 ], [ -74.84026, 11.021822 ], [ -74.840434, 11.021693 ], [ -74.840621, 11.021696 ] ] ], [ [ [ -74.84874, 11.021813 ], [ -74.848565, 11.022363 ], [ -74.848513, 11.022393 ], [ -74.846297, 11.022102 ], [ -74.846234, 11.022064 ], [ -74.846213, 11.022008 ], [ -74.84648, 11.020727 ], [ -74.846494, 11.020703 ], [ -74.846518, 11.020699 ], [ -74.848586, 11.02099 ], [ -74.848666, 11.021022 ], [ -74.848853, 11.021244 ], [ -74.848867, 11.02128 ], [ -74.848866, 11.021348 ], [ -74.84874, 11.021813 ] ] ], [ [ [ -74.84639, 11.020692 ], [ -74.846117, 11.021988 ], [ -74.846108, 11.022023 ], [ -74.846072, 11.022062 ], [ -74.84601, 11.022074 ], [ -74.845157, 11.022004 ], [ -74.84413, 11.021944 ], [ -74.844092, 11.021939 ], [ -74.844058, 11.021907 ], [ -74.844051, 11.021863 ], [ -74.844283, 11.020875 ], [ -74.844365, 11.020555 ], [ -74.844386, 11.020529 ], [ -74.844726, 11.020474 ], [ -74.844951, 11.020471 ], [ -74.846376, 11.020675 ], [ -74.84639, 11.020692 ] ] ], [ [ [ -74.848326, 11.023015 ], [ -74.846137, 11.022721 ], [ -74.846114, 11.022669 ], [ -74.846194, 11.022321 ], [ -74.846237, 11.022299 ], [ -74.846272, 11.022302 ], [ -74.848399, 11.022581 ], [ -74.848437, 11.022594 ], [ -74.848449, 11.02262 ], [ -74.848368, 11.022981 ], [ -74.848326, 11.023015 ] ] ], [ [ [ -74.845966, 11.022272 ], [ -74.845991, 11.022302 ], [ -74.845986, 11.022339 ], [ -74.84591, 11.022664 ], [ -74.845885, 11.022688 ], [ -74.845019, 11.022637 ], [ -74.843961, 11.022616 ], [ -74.843937, 11.022609 ], [ -74.843916, 11.022565 ], [ -74.843992, 11.022145 ], [ -74.84404, 11.022101 ], [ -74.845531, 11.022203 ], [ -74.845966, 11.022272 ] ] ], [ [ [ -74.843722, 11.022629 ], [ -74.842194, 11.022714 ], [ -74.841978, 11.022751 ], [ -74.841794, 11.022823 ], [ -74.841721, 11.022828 ], [ -74.841697, 11.022805 ], [ -74.841779, 11.022514 ], [ -74.84183, 11.02247 ], [ -74.842074, 11.022419 ], [ -74.842142, 11.022455 ], [ -74.842573, 11.022353 ], [ -74.842603, 11.022294 ], [ -74.842796, 11.022255 ], [ -74.842856, 11.022288 ], [ -74.843414, 11.022158 ], [ -74.843623, 11.022132 ], [ -74.843676, 11.022074 ], [ -74.843775, 11.022062 ], [ -74.84382, 11.022076 ], [ -74.843825, 11.022215 ], [ -74.84375, 11.022588 ], [ -74.843722, 11.022629 ] ] ], [ [ [ -74.841613, 11.022527 ], [ -74.841682, 11.022551 ], [ -74.841683, 11.022601 ], [ -74.841615, 11.022836 ], [ -74.841599, 11.022872 ], [ -74.841569, 11.022889 ], [ -74.841347, 11.022925 ], [ -74.841273, 11.022897 ], [ -74.841131, 11.022921 ], [ -74.840764, 11.023005 ], [ -74.840733, 11.023055 ], [ -74.840646, 11.023087 ], [ -74.840613, 11.023092 ], [ -74.840523, 11.023064 ], [ -74.839875, 11.023213 ], [ -74.839846, 11.023266 ], [ -74.839815, 11.02328 ], [ -74.839696, 11.023303 ], [ -74.839662, 11.02329 ], [ -74.839646, 11.023263 ], [ -74.839654, 11.023199 ], [ -74.839708, 11.023054 ], [ -74.839747, 11.023023 ], [ -74.839992, 11.022957 ], [ -74.840055, 11.022982 ], [ -74.840584, 11.022833 ], [ -74.840616, 11.022781 ], [ -74.840723, 11.022749 ], [ -74.840797, 11.022733 ], [ -74.840864, 11.022762 ], [ -74.841416, 11.022642 ], [ -74.841468, 11.02256 ], [ -74.841613, 11.022527 ] ] ] ] } },
{ "type": "Feature", "properties": { "nombre": "ALAMEDA DEL RIO", "localidad": null, "pieza_urba": null, "FUNDACION": 2017.0, "DESCRIP": "Desarrollo urbano", "DNSDAD_POB": 459.0, "AREA_Has": 157.7 }, "geometry": { "type": "MultiPolygon", "coordinates": [ [ [ [ -74.857544, 10.994991 ], [ -74.856562, 10.994666 ], [ -74.856642, 10.994589 ], [ -74.8567, 10.994438 ], [ -74.85683, 10.99423 ], [ -74.857177, 10.993849 ], [ -74.857329, 10.993525 ], [ -74.857358, 10.993396 ], [ -74.857357, 10.993231 ], [ -74.857313, 10.992987 ], [ -74.857145, 10.992643 ], [ -74.857022, 10.992329 ], [ -74.856978, 10.992114 ], [ -74.859195, 10.992927 ], [ -74.858907, 10.994202 ], [ -74.858835, 10.994446 ], [ -74.858393, 10.995281 ], [ -74.858269, 10.995269 ], [ -74.857544, 10.994991 ] ] ], [ [ [ -74.856987, 10.991818 ], [ -74.856948, 10.99073 ], [ -74.85702, 10.990431 ], [ -74.857164, 10.990036 ], [ -74.857417, 10.989724 ], [ -74.85784, 10.98934 ], [ -74.858045, 10.989196 ], [ -74.859491, 10.991261 ], [ -74.859666, 10.991468 ], [ -74.859557, 10.991926 ], [ -74.859261, 10.992587 ], [ -74.856987, 10.991818 ] ] ], [ [ [ -74.856836, 10.992007 ], [ -74.856876, 10.992065 ], [ -74.856902, 10.992226 ], [ -74.857001, 10.992527 ], [ -74.857176, 10.992864 ], [ -74.85729, 10.993158 ], [ -74.857261, 10.993474 ], [ -74.857186, 10.993678 ], [ -74.857016, 10.993912 ], [ -74.856849, 10.99407 ], [ -74.856581, 10.99448 ], [ -74.856444, 10.994614 ], [ -74.856079, 10.994467 ], [ -74.855489, 10.994337 ], [ -74.855414, 10.994345 ], [ -74.855352, 10.994406 ], [ -74.855125, 10.994403 ], [ -74.854834, 10.994456 ], [ -74.854492, 10.994479 ], [ -74.854013, 10.994538 ], [ -74.853534, 10.994636 ], [ -74.852881, 10.994846 ], [ -74.85229, 10.994999 ], [ -74.852072, 10.995078 ], [ -74.851535, 10.995315 ], [ -74.85104, 10.995476 ], [ -74.850013, 10.995641 ], [ -74.849874, 10.995733 ], [ -74.849657, 10.995924 ], [ -74.849556, 10.996051 ], [ -74.849478, 10.996193 ], [ -74.849435, 10.996161 ], [ -74.849255, 10.99654 ], [ -74.848833, 10.99682 ], [ -74.847429, 10.997488 ], [ -74.847291, 10.997567 ], [ -74.846764, 10.997931 ], [ -74.84648, 10.998087 ], [ -74.84617, 10.998192 ], [ -74.845868, 10.998253 ], [ -74.845664, 10.998269 ], [ -74.845299, 10.998263 ], [ -74.84514, 10.998287 ], [ -74.844082, 10.998658 ], [ -74.842928, 10.998893 ], [ -74.842418, 10.999074 ], [ -74.841442, 10.999511 ], [ -74.840862, 10.999719 ], [ -74.838684, 10.993767 ], [ -74.838855, 10.993813 ], [ -74.838435, 10.99264 ], [ -74.838449, 10.992573 ], [ -74.838513, 10.992508 ], [ -74.838824, 10.992451 ], [ -74.838692, 10.99208 ], [ -74.839322, 10.992082 ], [ -74.83994, 10.992264 ], [ -74.84009, 10.992543 ], [ -74.8416, 10.992421 ], [ -74.842641, 10.991959 ], [ -74.842546, 10.991725 ], [ -74.842614, 10.991685 ], [ -74.842222, 10.990752 ], [ -74.842327, 10.990698 ], [ -74.844129, 10.990114 ], [ -74.845018, 10.989843 ], [ -74.844918, 10.990149 ], [ -74.844937, 10.990263 ], [ -74.844917, 10.990704 ], [ -74.843847, 10.991107 ], [ -74.843189, 10.99148 ], [ -74.843129, 10.991539 ], [ -74.843291, 10.991428 ], [ -74.843786, 10.991188 ], [ -74.844436, 10.990909 ], [ -74.844926, 10.990728 ], [ -74.844964, 10.990666 ], [ -74.844951, 10.990608 ], [ -74.845012, 10.990587 ], [ -74.845019, 10.990598 ], [ -74.845014, 10.990441 ], [ -74.845148, 10.989706 ], [ -74.844897, 10.989753 ], [ -74.84386, 10.988753 ], [ -74.843928, 10.988758 ], [ -74.843771, 10.988745 ], [ -74.844021, 10.988627 ], [ -74.844206, 10.988599 ], [ -74.84444, 10.988613 ], [ -74.844861, 10.98859 ], [ -74.845522, 10.98849 ], [ -74.845535, 10.989633 ], [ -74.848897, 10.988459 ], [ -74.848828, 10.988473 ], [ -74.848724, 10.988466 ], [ -74.848289, 10.988267 ], [ -74.84861, 10.988113 ], [ -74.848807, 10.988201 ], [ -74.848867, 10.988187 ], [ -74.84897, 10.988133 ], [ -74.849186, 10.988126 ], [ -74.849614, 10.988205 ], [ -74.854889, 10.986324 ], [ -74.85484, 10.986279 ], [ -74.854485, 10.986113 ], [ -74.854207, 10.985866 ], [ -74.854058, 10.985773 ], [ -74.853874, 10.985544 ], [ -74.85431, 10.985329 ], [ -74.854605, 10.985476 ], [ -74.854808, 10.985613 ], [ -74.855262, 10.986083 ], [ -74.855891, 10.9866 ], [ -74.855763, 10.986645 ], [ -74.855775, 10.98673 ], [ -74.85635, 10.987088 ], [ -74.856302, 10.987446 ], [ -74.857252, 10.988077 ], [ -74.857622, 10.988526 ], [ -74.85802, 10.989051 ], [ -74.857189, 10.989809 ], [ -74.856935, 10.990346 ], [ -74.856849, 10.99094 ], [ -74.856928, 10.991614 ], [ -74.856914, 10.9917 ], [ -74.856866, 10.991748 ], [ -74.856793, 10.991767 ], [ -74.856218, 10.991512 ], [ -74.856114, 10.991565 ], [ -74.856084, 10.991604 ], [ -74.856072, 10.991715 ], [ -74.856836, 10.992007 ] ], [ [ -74.845087, 10.990644 ], [ -74.845042, 10.990628 ], [ -74.845079, 10.990656 ], [ -74.845118, 10.990657 ], [ -74.845283, 10.990593 ], [ -74.84532, 10.990672 ], [ -74.845461, 10.990622 ], [ -74.84546, 10.990595 ], [ -74.845568, 10.990555 ], [ -74.845543, 10.990501 ], [ -74.845087, 10.990644 ] ] ], [ [ [ -74.843654, 10.989009 ], [ -74.84457, 10.989844 ], [ -74.842177, 10.990646 ], [ -74.842029, 10.990294 ], [ -74.843654, 10.989009 ] ] ] ] } },
{ "type": "Feature", "properties": { "nombre": "PUERTA DORADA", "localidad": null, "pieza_urba": null, "FUNDACION": 2021.0, "DESCRIP": "Desarrollo urbano", "DNSDAD_POB": 581.0, "AREA_Has": 50.4 }, "geometry": { "type": "Polygon", "coordinates": [ [ [ -74.833619, 10.924507 ], [ -74.833698, 10.924927 ], [ -74.834041, 10.925002 ], [ -74.833891, 10.925025 ], [ -74.833849, 10.925016 ], [ -74.833998, 10.925417 ], [ -74.834043, 10.925984 ], [ -74.833941, 10.926699 ], [ -74.834046, 10.927199 ], [ -74.834013, 10.932601 ], [ -74.833128, 10.93116 ], [ -74.832669, 10.930602 ], [ -74.832293, 10.930224 ], [ -74.831884, 10.92985 ], [ -74.831286, 10.929414 ], [ -74.830742, 10.929064 ], [ -74.829854, 10.928656 ], [ -74.82939, 10.928386 ], [ -74.828397, 10.927941 ], [ -74.82774, 10.927698 ], [ -74.827999, 10.927175 ], [ -74.8281, 10.926628 ], [ -74.828356, 10.926207 ], [ -74.828459, 10.926077 ], [ -74.828749, 10.92556 ], [ -74.828558, 10.925318 ], [ -74.828448, 10.925337 ], [ -74.828248, 10.925262 ], [ -74.828353, 10.924567 ], [ -74.828831, 10.924116 ], [ -74.828735, 10.924048 ], [ -74.82872, 10.923988 ], [ -74.828748, 10.923865 ], [ -74.829235, 10.922636 ], [ -74.829433, 10.922069 ], [ -74.829489, 10.921947 ], [ -74.829582, 10.921911 ], [ -74.829649, 10.921933 ], [ -74.829701, 10.921979 ], [ -74.829886, 10.922304 ], [ -74.830143, 10.921708 ], [ -74.830839, 10.921727 ], [ -74.831544, 10.921854 ], [ -74.831895, 10.922029 ], [ -74.83212, 10.92206 ], [ -74.832094, 10.922139 ], [ -74.83372, 10.922492 ], [ -74.833715, 10.922513 ], [ -74.834857, 10.923144 ], [ -74.834546, 10.92382 ], [ -74.833496, 10.923317 ], [ -74.833619, 10.924507 ] ] ] } },
{ "type": "Feature", "properties": { "nombre": "CARIBE VERDE", "localidad": null, "pieza_urba": null, "FUNDACION": 2015.0, "DESCRIP": "Desarrollo urbano", "DNSDAD_POB": 415.0, "AREA_Has": 65.0 }, "geometry": { "type": "MultiPolygon", "coordinates": [ [ [ [ -74.845364, 10.962702 ], [ -74.845228, 10.961578 ], [ -74.844966, 10.960945 ], [ -74.844827, 10.960964 ], [ -74.844254, 10.959267 ], [ -74.84404, 10.958526 ], [ -74.843917, 10.957647 ], [ -74.844419, 10.957849 ], [ -74.844481, 10.958447 ], [ -74.844628, 10.959015 ], [ -74.845063, 10.960298 ], [ -74.84522, 10.960357 ], [ -74.850299, 10.960904 ], [ -74.851186, 10.961024 ], [ -74.851114, 10.961626 ], [ -74.851035, 10.961655 ], [ -74.850955, 10.961742 ], [ -74.850984, 10.961878 ], [ -74.851065, 10.961964 ], [ -74.851159, 10.961971 ], [ -74.851246, 10.961942 ], [ -74.851333, 10.961784 ], [ -74.85134, 10.961683 ], [ -74.851267, 10.961619 ], [ -74.851238, 10.961569 ], [ -74.851331, 10.961045 ], [ -74.854787, 10.961466 ], [ -74.854669, 10.961587 ], [ -74.854532, 10.961686 ], [ -74.853771, 10.961991 ], [ -74.85344, 10.962055 ], [ -74.852645, 10.962099 ], [ -74.851716, 10.962467 ], [ -74.851311, 10.962566 ], [ -74.850503, 10.962636 ], [ -74.850129, 10.962702 ], [ -74.850019, 10.962759 ], [ -74.849201, 10.962908 ], [ -74.847944, 10.963449 ], [ -74.847436, 10.963582 ], [ -74.846806, 10.963488 ], [ -74.845606, 10.962917 ], [ -74.845364, 10.962702 ] ] ], [ [ [ -74.844421, 10.957365 ], [ -74.843796, 10.957168 ], [ -74.843379, 10.95498 ], [ -74.843851, 10.955003 ], [ -74.843875, 10.955123 ], [ -74.844626, 10.955216 ], [ -74.844421, 10.957365 ] ] ], [ [ [ -74.840117, 10.957177 ], [ -74.843445, 10.957265 ], [ -74.843367, 10.957869 ], [ -74.841523, 10.958059 ], [ -74.840264, 10.958205 ], [ -74.840117, 10.957177 ] ] ], [ [ [ -74.837865, 10.95698 ], [ -74.838506, 10.956966 ], [ -74.838906, 10.957049 ], [ -74.839947, 10.957178 ], [ -74.840078, 10.958264 ], [ -74.839418, 10.958375 ], [ -74.839309, 10.958471 ], [ -74.837458, 10.958739 ], [ -74.837006, 10.957053 ], [ -74.837042, 10.957029 ], [ -74.837865, 10.95698 ] ] ], [ [ [ -74.843328, 10.956793 ], [ -74.843301, 10.956846 ], [ -74.840481, 10.956769 ], [ -74.839646, 10.956676 ], [ -74.836789, 10.956288 ], [ -74.836191, 10.95434 ], [ -74.837293, 10.954577 ], [ -74.840101, 10.954881 ], [ -74.841821, 10.955128 ], [ -74.842584, 10.955353 ], [ -74.842875, 10.955651 ], [ -74.843154, 10.956081 ], [ -74.843328, 10.956793 ] ] ], [ [ [ -74.838409, 10.956835 ], [ -74.836779, 10.956599 ], [ -74.836678, 10.956397 ], [ -74.839886, 10.956831 ], [ -74.839898, 10.956951 ], [ -74.838409, 10.956835 ] ] ], [ [ [ -74.840137, 10.956926 ], [ -74.842793, 10.956973 ], [ -74.84332, 10.957025 ], [ -74.843345, 10.957157 ], [ -74.840144, 10.957029 ], [ -74.840137, 10.956926 ] ] ], [ [ [ -74.84325, 10.959057 ], [ -74.843092, 10.958866 ], [ -74.843013, 10.958729 ], [ -74.843011, 10.958035 ], [ -74.843441, 10.95801 ], [ -74.843502, 10.958339 ], [ -74.843589, 10.95908 ], [ -74.843869, 10.959701 ], [ -74.844119, 10.96058 ], [ -74.84435, 10.961186 ], [ -74.844211, 10.961219 ], [ -74.843962, 10.960604 ], [ -74.843895, 10.960574 ], [ -74.843349, 10.960067 ], [ -74.84313, 10.959709 ], [ -74.843154, 10.959374 ], [ -74.843202, 10.959314 ], [ -74.843238, 10.959201 ], [ -74.84325, 10.959057 ] ] ], [ [ [ -74.854343, 10.958915 ], [ -74.854285, 10.958879 ], [ -74.854263, 10.958786 ], [ -74.854321, 10.958714 ], [ -74.857234, 10.959051 ], [ -74.857562, 10.959453 ], [ -74.857455, 10.959676 ], [ -74.857485, 10.959702 ], [ -74.857364, 10.959854 ], [ -74.857273, 10.959934 ], [ -74.856972, 10.960087 ], [ -74.856303, 10.960337 ], [ -74.855372, 10.96089 ], [ -74.855588, 10.959105 ], [ -74.856887, 10.959284 ], [ -74.856842, 10.959246 ], [ -74.856711, 10.959189 ], [ -74.854343, 10.958915 ] ] ], [ [ [ -74.853819, 10.961213 ], [ -74.853732, 10.961206 ], [ -74.853688, 10.961177 ], [ -74.853966, 10.958974 ], [ -74.854031, 10.958966 ], [ -74.854089, 10.958973 ], [ -74.854133, 10.959038 ], [ -74.853885, 10.961173 ], [ -74.853819, 10.961213 ] ] ], [ [ [ -74.854445, 10.956317 ], [ -74.854453, 10.956361 ], [ -74.854475, 10.956375 ], [ -74.854217, 10.958544 ], [ -74.854183, 10.958586 ], [ -74.854132, 10.958586 ], [ -74.854037, 10.958536 ], [ -74.854023, 10.958464 ], [ -74.8543, 10.95639 ], [ -74.854322, 10.956325 ], [ -74.854365, 10.956296 ], [ -74.854445, 10.956317 ] ] ], [ [ [ -74.844499, 10.957519 ], [ -74.853627, 10.958656 ], [ -74.853942, 10.958679 ], [ -74.853918, 10.958822 ], [ -74.853821, 10.958834 ], [ -74.850635, 10.958482 ], [ -74.844621, 10.957734 ], [ -74.844548, 10.957698 ], [ -74.844402, 10.957567 ], [ -74.844499, 10.957519 ] ] ], [ [ [ -74.836885, 10.957044 ], [ -74.836744, 10.956705 ], [ -74.838056, 10.956874 ], [ -74.837378, 10.956876 ], [ -74.83703, 10.956919 ], [ -74.836885, 10.957044 ] ] ], [ [ [ -74.862112, 10.957904 ], [ -74.861314, 10.957662 ], [ -74.86088, 10.95764 ], [ -74.860128, 10.957784 ], [ -74.859808, 10.957574 ], [ -74.859995, 10.956899 ], [ -74.860082, 10.956717 ], [ -74.864852, 10.957279 ], [ -74.864623, 10.957531 ], [ -74.864207, 10.957769 ], [ -74.864113, 10.957901 ], [ -74.8636, 10.957957 ], [ -74.862112, 10.957904 ] ] ], [ [ [ -74.858808, 10.958168 ], [ -74.858456, 10.958359 ], [ -74.858228, 10.958502 ], [ -74.858004, 10.958699 ], [ -74.858208, 10.95676 ], [ -74.859718, 10.956938 ], [ -74.859524, 10.957496 ], [ -74.858808, 10.958168 ] ] ], [ [ [ -74.857603, 10.959374 ], [ -74.857253, 10.958928 ], [ -74.855599, 10.958768 ], [ -74.855884, 10.956508 ], [ -74.855902, 10.956498 ], [ -74.858124, 10.956754 ], [ -74.85792, 10.958452 ], [ -74.857847, 10.958607 ], [ -74.85781, 10.95889 ], [ -74.857773, 10.958979 ], [ -74.857603, 10.959374 ] ] ], [ [ [ -74.859676, 10.957445 ], [ -74.859676, 10.95738 ], [ -74.859799, 10.957014 ], [ -74.859842, 10.956978 ], [ -74.859871, 10.956978 ], [ -74.859879, 10.957007 ], [ -74.859792, 10.957351 ], [ -74.859742, 10.957466 ], [ -74.859676, 10.957445 ] ] ], [ [ [ -74.859873, 10.957845 ], [ -74.859671, 10.957893 ], [ -74.859299, 10.958029 ], [ -74.859699, 10.95771 ], [ -74.859873, 10.957845 ] ] ], [ [ [ -74.859155, 10.958075 ], [ -74.859011, 10.958114 ], [ -74.85951, 10.957596 ], [ -74.859626, 10.95766 ], [ -74.859155, 10.958075 ] ] ], [ [ [ -74.845057, 10.960142 ], [ -74.844547, 10.957759 ], [ -74.846225, 10.957958 ], [ -74.845952, 10.960248 ], [ -74.845057, 10.960142 ] ] ], [ [ [ -74.846527, 10.955416 ], [ -74.84627, 10.957577 ], [ -74.84452, 10.957374 ], [ -74.844762, 10.955213 ], [ -74.846527, 10.955416 ] ] ], [ [ [ -74.849228, 10.958325 ], [ -74.851524, 10.958604 ], [ -74.851222, 10.960871 ], [ -74.848946, 10.960602 ], [ -74.849228, 10.958325 ] ] ], [ [ [ -74.849276, 10.957931 ], [ -74.849543, 10.955774 ], [ -74.851866, 10.956032 ], [ -74.851578, 10.958201 ], [ -74.849276, 10.957931 ] ] ], [ [ [ -74.849426, 10.955751 ], [ -74.849158, 10.957917 ], [ -74.846388, 10.95759 ], [ -74.846645, 10.95543 ], [ -74.849426, 10.955751 ] ] ], [ [ [ -74.855777, 10.956484 ], [ -74.855514, 10.958665 ], [ -74.85432, 10.958524 ], [ -74.854618, 10.95635 ], [ -74.855777, 10.956484 ] ] ], [ [ [ -74.854254, 10.956308 ], [ -74.853956, 10.958481 ], [ -74.851696, 10.958215 ], [ -74.851985, 10.956046 ], [ -74.854254, 10.956308 ] ] ], [ [ [ -74.851642, 10.958619 ], [ -74.853905, 10.958894 ], [ -74.853625, 10.961156 ], [ -74.85134, 10.960885 ], [ -74.851642, 10.958619 ] ] ], [ [ [ -74.849108, 10.958311 ], [ -74.848817, 10.960587 ], [ -74.846071, 10.960262 ], [ -74.846343, 10.957972 ], [ -74.849108, 10.958311 ] ] ], [ [ [ -74.854601, 10.961271 ], [ -74.853989, 10.961199 ], [ -74.854269, 10.958935 ], [ -74.855463, 10.959089 ], [ -74.855261, 10.96084 ], [ -74.854601, 10.961271 ] ] ] ] } },
{ "type": "Feature", "properties": { "nombre": "VILLA OLIMPICA", "localidad": null, "pieza_urba": null, "FUNDACION": 2012.0, "DESCRIP": "Urbanizacion", "DNSDAD_POB": 360.0, "AREA_Has": 149.1 }, "geometry": { "type": "Polygon", "coordinates": [ [ [ -74.864972, 10.922115 ], [ -74.864025, 10.922903 ], [ -74.863671, 10.9233 ], [ -74.864332, 10.923752 ], [ -74.866672, 10.925234 ], [ -74.866431, 10.925636 ], [ -74.866335, 10.925851 ], [ -74.86625, 10.926106 ], [ -74.865735, 10.928264 ], [ -74.865599, 10.928724 ], [ -74.865392, 10.929156 ], [ -74.865357, 10.929135 ], [ -74.865048, 10.928691 ], [ -74.86361, 10.928998 ], [ -74.863403, 10.92906 ], [ -74.863005, 10.929248 ], [ -74.862373, 10.928302 ], [ -74.8617, 10.927524 ], [ -74.861506, 10.927199 ], [ -74.86142, 10.927115 ], [ -74.860982, 10.926445 ], [ -74.860056, 10.924357 ], [ -74.859806, 10.924077 ], [ -74.859095, 10.924211 ], [ -74.859061, 10.924031 ], [ -74.858847, 10.924121 ], [ -74.858826, 10.923956 ], [ -74.857632, 10.924185 ], [ -74.85678, 10.923993 ], [ -74.85603, 10.923845 ], [ -74.855895, 10.923838 ], [ -74.854948, 10.923994 ], [ -74.854767, 10.924082 ], [ -74.854654, 10.919009 ], [ -74.855685, 10.919019 ], [ -74.857577, 10.919076 ], [ -74.857777, 10.919192 ], [ -74.859214, 10.919173 ], [ -74.859204, 10.919118 ], [ -74.859439, 10.919126 ], [ -74.859438, 10.919072 ], [ -74.860264, 10.919078 ], [ -74.860449, 10.919072 ], [ -74.860622, 10.919044 ], [ -74.860915, 10.918898 ], [ -74.861175, 10.918675 ], [ -74.86188, 10.917965 ], [ -74.864064, 10.917396 ], [ -74.864674, 10.917207 ], [ -74.864746, 10.917168 ], [ -74.864881, 10.916343 ], [ -74.864952, 10.915114 ], [ -74.864909, 10.914713 ], [ -74.872999, 10.920511 ], [ -74.871376, 10.921543 ], [ -74.870528, 10.92204 ], [ -74.869802, 10.922491 ], [ -74.868999, 10.923032 ], [ -74.868047, 10.923868 ], [ -74.864972, 10.922115 ] ] ] } },
{ "type": "Feature", "properties": { "nombre": "MUNDO FELIZ", "localidad": null, "pieza_urba": null, "FUNDACION": 2011.0, "DESCRIP": "Desarrollo inmobiliario", "DNSDAD_POB": 308.0, "AREA_Has": 48.3 }, "geometry": { "type": "Polygon", "coordinates": [ [ [ -74.889033, 10.924192 ], [ -74.888871, 10.924499 ], [ -74.88886, 10.924586 ], [ -74.888772, 10.924736 ], [ -74.888899, 10.924856 ], [ -74.888823, 10.924969 ], [ -74.888565, 10.924785 ], [ -74.888446, 10.924959 ], [ -74.888264, 10.924855 ], [ -74.888125, 10.924677 ], [ -74.887834, 10.924544 ], [ -74.887761, 10.924516 ], [ -74.88765, 10.924661 ], [ -74.887456, 10.924575 ], [ -74.887556, 10.924417 ], [ -74.887052, 10.924078 ], [ -74.885569, 10.92323 ], [ -74.885392, 10.92353 ], [ -74.883882, 10.922648 ], [ -74.88395, 10.922514 ], [ -74.882921, 10.921888 ], [ -74.882993, 10.921757 ], [ -74.882537, 10.921495 ], [ -74.88261, 10.921371 ], [ -74.882689, 10.921171 ], [ -74.881789, 10.920613 ], [ -74.881413, 10.920274 ], [ -74.882056, 10.919107 ], [ -74.882002, 10.919072 ], [ -74.882048, 10.918989 ], [ -74.880341, 10.917878 ], [ -74.882013, 10.915341 ], [ -74.882146, 10.915649 ], [ -74.882858, 10.916165 ], [ -74.883362, 10.916475 ], [ -74.883871, 10.915251 ], [ -74.88634, 10.916077 ], [ -74.886055, 10.916918 ], [ -74.885941, 10.91743 ], [ -74.886265, 10.917503 ], [ -74.886619, 10.917633 ], [ -74.888282, 10.918369 ], [ -74.888315, 10.918307 ], [ -74.888817, 10.918567 ], [ -74.888794, 10.91861 ], [ -74.888876, 10.918649 ], [ -74.888898, 10.918607 ], [ -74.889119, 10.918721 ], [ -74.889632, 10.918882 ], [ -74.88913, 10.91991 ], [ -74.888189, 10.919511 ], [ -74.887382, 10.919118 ], [ -74.887313, 10.919261 ], [ -74.88722, 10.91922 ], [ -74.887113, 10.919234 ], [ -74.886998, 10.919406 ], [ -74.886955, 10.9194 ], [ -74.885328, 10.918518 ], [ -74.88518, 10.918747 ], [ -74.884719, 10.918514 ], [ -74.884349, 10.918579 ], [ -74.884092, 10.918896 ], [ -74.88367, 10.918665 ], [ -74.883297, 10.918666 ], [ -74.883213, 10.91875 ], [ -74.883098, 10.918744 ], [ -74.88309, 10.918834 ], [ -74.883005, 10.918947 ], [ -74.882921, 10.919341 ], [ -74.883978, 10.919969 ], [ -74.884248, 10.919968 ], [ -74.884505, 10.919994 ], [ -74.884918, 10.920147 ], [ -74.885074, 10.919921 ], [ -74.887293, 10.921291 ], [ -74.887336, 10.921219 ], [ -74.887463, 10.921242 ], [ -74.887871, 10.92123 ], [ -74.888078, 10.921242 ], [ -74.888464, 10.92138 ], [ -74.888677, 10.921519 ], [ -74.888783, 10.921644 ], [ -74.888808, 10.921741 ], [ -74.888809, 10.92186 ], [ -74.888753, 10.922199 ], [ -74.888722, 10.922528 ], [ -74.888724, 10.922568 ], [ -74.888757, 10.92263 ], [ -74.888857, 10.922728 ], [ -74.88892, 10.922759 ], [ -74.889123, 10.922786 ], [ -74.889613, 10.92308 ], [ -74.888982, 10.924164 ], [ -74.889033, 10.924192 ] ] ] } },
{ "type": "Feature", "properties": { "nombre": "URBANIZACION CASA GRANDE", "localidad": null, "pieza_urba": null, "FUNDACION": 2016.0, "DESCRIP": "Desarrollo inmobiliario aun en construccion", "DNSDAD_POB": 302.0, "AREA_Has": 8.0 }, "geometry": { "type": "Polygon", "coordinates": [ [ [ -74.885101, 10.903309 ], [ -74.885253, 10.903349 ], [ -74.885412, 10.902834 ], [ -74.885692, 10.90291 ], [ -74.887103, 10.90338 ], [ -74.887116, 10.903476 ], [ -74.887992, 10.904314 ], [ -74.888563, 10.904803 ], [ -74.889339, 10.905424 ], [ -74.889788, 10.9059 ], [ -74.889965, 10.906177 ], [ -74.890045, 10.906354 ], [ -74.889948, 10.906409 ], [ -74.886534, 10.905045 ], [ -74.886542, 10.905103 ], [ -74.885061, 10.904539 ], [ -74.885244, 10.904076 ], [ -74.88488, 10.903956 ], [ -74.885101, 10.903309 ] ] ] } },
{ "type": "Feature", "properties": { "nombre": "PINAR DEL RIO", "localidad": null, "pieza_urba": null, "FUNDACION": 2003.0, "DESCRIP": "Desarrollo inmobiliario VIS", "DNSDAD_POB": 400.0, "AREA_Has": 19.5 }, "geometry": { "type": "MultiPolygon", "coordinates": [ [ [ [ -74.868466, 10.965231 ], [ -74.868268, 10.965702 ], [ -74.868174, 10.966046 ], [ -74.867982, 10.966978 ], [ -74.867651, 10.968164 ], [ -74.866481, 10.967974 ], [ -74.866506, 10.967538 ], [ -74.866466, 10.967535 ], [ -74.866537, 10.966044 ], [ -74.866612, 10.965223 ], [ -74.866693, 10.964761 ], [ -74.866447, 10.964736 ], [ -74.865719, 10.964736 ], [ -74.865686, 10.964965 ], [ -74.866442, 10.965062 ], [ -74.866426, 10.966029 ], [ -74.866374, 10.967471 ], [ -74.864873, 10.967458 ], [ -74.864846, 10.96639 ], [ -74.864908, 10.965691 ], [ -74.865029, 10.965211 ], [ -74.86509, 10.965107 ], [ -74.865206, 10.96497 ], [ -74.865357, 10.96483 ], [ -74.865781, 10.964325 ], [ -74.865801, 10.96434 ], [ -74.866939, 10.963022 ], [ -74.866927, 10.96301 ], [ -74.868417, 10.96133 ], [ -74.86936, 10.962909 ], [ -74.869249, 10.963101 ], [ -74.86909, 10.963476 ], [ -74.868709, 10.964586 ], [ -74.868466, 10.965231 ] ] ], [ [ [ -74.865707, 10.964967 ], [ -74.865732, 10.964751 ], [ -74.866496, 10.964841 ], [ -74.86647, 10.965056 ], [ -74.865707, 10.964967 ] ] ] ] } },
{ "type": "Feature", "properties": { "nombre": "EL PUEBLO", "localidad": "Suroccidente", "pieza_urba": "Suroccidental 2", "FUNDACION": 1981.0, "DESCRIP": "Surgió a través del Instituto de Crédito Territorial como un proyecto de vivienda popular.", "DNSDAD_POB": 231.0, "AREA_Has": 32.7 }, "geometry": { "type": "Polygon", "coordinates": [ [ [ -74.838287, 10.964682 ], [ -74.83823, 10.964301 ], [ -74.838043, 10.963346 ], [ -74.836848, 10.959053 ], [ -74.843055, 10.95798 ], [ -74.843728, 10.962318 ], [ -74.843139, 10.962415 ], [ -74.842935, 10.962373 ], [ -74.842581, 10.962238 ], [ -74.842365, 10.962193 ], [ -74.842145, 10.962173 ], [ -74.841924, 10.96218 ], [ -74.841705, 10.962211 ], [ -74.841387, 10.962306 ], [ -74.840338, 10.962805 ], [ -74.839736, 10.963215 ], [ -74.839208, 10.963716 ], [ -74.838287, 10.964682 ] ] ] } },
{ "type": "Feature", "properties": { "nombre": "LAS FLORES", "localidad": "Riomar", "pieza_urba": "Ribera Occidental", "FUNDACION": 1940.0, "DESCRIP": "Asentamiento de pescadores en Bocas de Ceniza, hoy nodo turistico de origen informal regularizado.", "DNSDAD_POB": 181.0, "AREA_Has": 38.9 }, "geometry": { "type": "Polygon", "coordinates": [ [ [ -74.826654, 11.039019 ], [ -74.827219, 11.038834 ], [ -74.827705, 11.038621 ], [ -74.828404, 11.038254 ], [ -74.828569, 11.038565 ], [ -74.828747, 11.038854 ], [ -74.828972, 11.039308 ], [ -74.829367, 11.039682 ], [ -74.829732, 11.040206 ], [ -74.830113, 11.040509 ], [ -74.830197, 11.040542 ], [ -74.830767, 11.040623 ], [ -74.83082, 11.040689 ], [ -74.830831, 11.040725 ], [ -74.830778, 11.040925 ], [ -74.83074, 11.040951 ], [ -74.830357, 11.040989 ], [ -74.829984, 11.04097 ], [ -74.829892, 11.040989 ], [ -74.829824, 11.041052 ], [ -74.829727, 11.041219 ], [ -74.829587, 11.041353 ], [ -74.829534, 11.04143 ], [ -74.829514, 11.04152 ], [ -74.829524, 11.041707 ], [ -74.82949, 11.041793 ], [ -74.829524, 11.041879 ], [ -74.829611, 11.041913 ], [ -74.829684, 11.041975 ], [ -74.82979, 11.042138 ], [ -74.829824, 11.042228 ], [ -74.829829, 11.042319 ], [ -74.829873, 11.042405 ], [ -74.830023, 11.042515 ], [ -74.830134, 11.042678 ], [ -74.830202, 11.04274 ], [ -74.830187, 11.042831 ], [ -74.830125, 11.042764 ], [ -74.830003, 11.042932 ], [ -74.830028, 11.043295 ], [ -74.830013, 11.043391 ], [ -74.830057, 11.043577 ], [ -74.830125, 11.04364 ], [ -74.830149, 11.043731 ], [ -74.830115, 11.043817 ], [ -74.829974, 11.043946 ], [ -74.829902, 11.043888 ], [ -74.829815, 11.04386 ], [ -74.829931, 11.044013 ], [ -74.829907, 11.044104 ], [ -74.829839, 11.044166 ], [ -74.829752, 11.044195 ], [ -74.829568, 11.044204 ], [ -74.82948, 11.044171 ], [ -74.829403, 11.044108 ], [ -74.829118, 11.04394 ], [ -74.828165, 11.044685 ], [ -74.828429, 11.04497 ], [ -74.828192, 11.045232 ], [ -74.827962, 11.045084 ], [ -74.827788, 11.045012 ], [ -74.827545, 11.044864 ], [ -74.827124, 11.044505 ], [ -74.827071, 11.044429 ], [ -74.826998, 11.044371 ], [ -74.826742, 11.044233 ], [ -74.826572, 11.043998 ], [ -74.826504, 11.043931 ], [ -74.826422, 11.043879 ], [ -74.826296, 11.043745 ], [ -74.826219, 11.043692 ], [ -74.826131, 11.043663 ], [ -74.825899, 11.043505 ], [ -74.825831, 11.043438 ], [ -74.825662, 11.043352 ], [ -74.825637, 11.043261 ], [ -74.825589, 11.04318 ], [ -74.825521, 11.043118 ], [ -74.825473, 11.043166 ], [ -74.825429, 11.043132 ], [ -74.825381, 11.043051 ], [ -74.825168, 11.042955 ], [ -74.825144, 11.043027 ], [ -74.825081, 11.042994 ], [ -74.825114, 11.042946 ], [ -74.824446, 11.042635 ], [ -74.824349, 11.04263 ], [ -74.824315, 11.042716 ], [ -74.824185, 11.042845 ], [ -74.824146, 11.042931 ], [ -74.824054, 11.042955 ], [ -74.823986, 11.042893 ], [ -74.823918, 11.042721 ], [ -74.823851, 11.042649 ], [ -74.823792, 11.042515 ], [ -74.823825, 11.042436 ], [ -74.823784, 11.04242 ], [ -74.823834, 11.042314 ], [ -74.823736, 11.042269 ], [ -74.824098, 11.041478 ], [ -74.824236, 11.041457 ], [ -74.82414, 11.041177 ], [ -74.824249, 11.04109 ], [ -74.82412, 11.040684 ], [ -74.824128, 11.040623 ], [ -74.824039, 11.040289 ], [ -74.824082, 11.040209 ], [ -74.823853, 11.03932 ], [ -74.823881, 11.039246 ], [ -74.824066, 11.039199 ], [ -74.82404, 11.039172 ], [ -74.823808, 11.039121 ], [ -74.823837, 11.038973 ], [ -74.825409, 11.036948 ], [ -74.825477, 11.037 ], [ -74.825761, 11.037363 ], [ -74.826279, 11.038314 ], [ -74.826365, 11.038534 ], [ -74.826654, 11.039019 ] ] ] } },
{ "type": "Feature", "properties": { "nombre": "CORREGIMIENTO LA PLAYA", "localidad": null, "pieza_urba": null, "FUNDACION": 1918.0, "DESCRIP": "1918 es el primer año que aparece documentado en la historia del territorio que hoy conforma La Playa.", "DNSDAD_POB": 158.0, "AREA_Has": 179.7 }, "geometry": { "type": "Polygon", "coordinates": [ [ [ -74.872479, 11.034513 ], [ -74.871473, 11.035696 ], [ -74.869952, 11.037228 ], [ -74.869121, 11.038388 ], [ -74.868788, 11.038232 ], [ -74.868855, 11.0381 ], [ -74.867998, 11.037765 ], [ -74.867599, 11.038494 ], [ -74.866391, 11.038038 ], [ -74.865188, 11.037483 ], [ -74.864859, 11.037567 ], [ -74.864782, 11.03763 ], [ -74.86469, 11.037663 ], [ -74.864607, 11.03762 ], [ -74.864515, 11.037654 ], [ -74.864433, 11.037697 ], [ -74.864288, 11.037816 ], [ -74.864196, 11.037797 ], [ -74.864147, 11.037716 ], [ -74.863973, 11.03763 ], [ -74.863896, 11.037568 ], [ -74.863804, 11.037563 ], [ -74.863712, 11.037529 ], [ -74.863682, 11.037343 ], [ -74.863595, 11.037295 ], [ -74.863503, 11.037276 ], [ -74.863445, 11.037199 ], [ -74.863266, 11.037123 ], [ -74.863227, 11.037037 ], [ -74.863169, 11.036965 ], [ -74.863092, 11.036907 ], [ -74.862908, 11.036874 ], [ -74.862782, 11.036735 ], [ -74.862699, 11.036683 ], [ -74.862603, 11.03651 ], [ -74.862578, 11.03642 ], [ -74.862593, 11.036329 ], [ -74.862501, 11.036329 ], [ -74.862409, 11.036353 ], [ -74.862274, 11.036317 ], [ -74.862201, 11.036247 ], [ -74.862171, 11.036161 ], [ -74.862109, 11.036094 ], [ -74.861963, 11.03598 ], [ -74.861876, 11.035946 ], [ -74.861789, 11.03598 ], [ -74.861707, 11.035937 ], [ -74.861634, 11.035994 ], [ -74.861547, 11.036023 ], [ -74.861484, 11.035951 ], [ -74.861406, 11.035898 ], [ -74.861222, 11.03586 ], [ -74.861033, 11.03586 ], [ -74.860961, 11.035922 ], [ -74.860908, 11.036004 ], [ -74.86084, 11.036176 ], [ -74.860782, 11.036248 ], [ -74.860685, 11.036252 ], [ -74.860612, 11.036195 ], [ -74.860365, 11.036061 ], [ -74.860278, 11.036032 ], [ -74.860002, 11.036071 ], [ -74.859944, 11.036142 ], [ -74.859929, 11.036233 ], [ -74.85975, 11.036272 ], [ -74.859678, 11.036444 ], [ -74.859615, 11.036511 ], [ -74.859523, 11.036516 ], [ -74.859251, 11.036401 ], [ -74.859179, 11.036339 ], [ -74.859121, 11.036262 ], [ -74.859097, 11.036166 ], [ -74.859009, 11.036128 ], [ -74.858859, 11.036248 ], [ -74.858792, 11.036364 ], [ -74.858653, 11.036417 ], [ -74.858588, 11.036396 ], [ -74.858496, 11.036406 ], [ -74.858414, 11.036353 ], [ -74.858293, 11.03609 ], [ -74.858385, 11.036076 ], [ -74.858443, 11.036004 ], [ -74.858414, 11.035918 ], [ -74.858336, 11.035865 ], [ -74.858307, 11.035779 ], [ -74.858157, 11.035669 ], [ -74.857992, 11.035765 ], [ -74.857934, 11.035693 ], [ -74.857973, 11.035607 ], [ -74.858041, 11.035545 ], [ -74.858283, 11.035391 ], [ -74.85837, 11.035363 ], [ -74.858462, 11.035382 ], [ -74.858714, 11.035525 ], [ -74.858903, 11.035564 ], [ -74.859092, 11.035549 ], [ -74.859552, 11.035396 ], [ -74.859634, 11.035344 ], [ -74.859721, 11.035176 ], [ -74.859866, 11.035061 ], [ -74.859954, 11.035028 ], [ -74.860041, 11.035056 ], [ -74.860118, 11.035109 ], [ -74.860307, 11.035119 ], [ -74.86069, 11.035013 ], [ -74.860731, 11.034953 ], [ -74.860854, 11.034908 ], [ -74.861014, 11.034808 ], [ -74.861077, 11.034741 ], [ -74.861116, 11.034655 ], [ -74.861193, 11.034602 ], [ -74.861372, 11.03454 ], [ -74.861416, 11.034458 ], [ -74.861489, 11.034401 ], [ -74.861518, 11.034315 ], [ -74.861576, 11.034243 ], [ -74.861658, 11.034186 ], [ -74.861842, 11.034166 ], [ -74.861895, 11.03409 ], [ -74.86207, 11.033999 ], [ -74.862089, 11.033908 ], [ -74.862065, 11.033817 ], [ -74.862002, 11.03375 ], [ -74.861915, 11.033712 ], [ -74.861847, 11.03354 ], [ -74.861798, 11.033459 ], [ -74.861726, 11.033396 ], [ -74.861639, 11.033358 ], [ -74.861363, 11.033358 ], [ -74.861271, 11.033382 ], [ -74.861179, 11.033372 ], [ -74.86112, 11.033291 ], [ -74.861043, 11.033239 ], [ -74.860844, 11.033033 ], [ -74.860752, 11.033009 ], [ -74.860612, 11.032889 ], [ -74.860452, 11.032789 ], [ -74.860181, 11.032698 ], [ -74.860089, 11.032698 ], [ -74.859963, 11.032837 ], [ -74.859803, 11.032932 ], [ -74.859716, 11.032966 ], [ -74.85944, 11.03288 ], [ -74.859154, 11.032856 ], [ -74.859091, 11.032789 ], [ -74.858999, 11.032784 ], [ -74.858912, 11.032813 ], [ -74.858815, 11.032808 ], [ -74.858651, 11.032913 ], [ -74.858578, 11.032976 ], [ -74.85852, 11.033057 ], [ -74.858263, 11.033172 ], [ -74.85821, 11.033248 ], [ -74.858122, 11.033282 ], [ -74.855673, 11.032524 ], [ -74.856258, 11.030608 ], [ -74.859241, 11.031352 ], [ -74.859724, 11.031233 ], [ -74.860706, 11.028381 ], [ -74.862186, 11.027791 ], [ -74.862551, 11.027338 ], [ -74.864465, 11.024621 ], [ -74.865107, 11.025343 ], [ -74.866535, 11.025213 ], [ -74.867471, 11.024327 ], [ -74.867744, 11.023853 ], [ -74.868173, 11.023452 ], [ -74.868479, 11.023209 ], [ -74.868785, 11.022938 ], [ -74.869157, 11.022558 ], [ -74.869446, 11.02215 ], [ -74.869642, 11.021903 ], [ -74.870124, 11.021089 ], [ -74.871826, 11.022326 ], [ -74.868293, 11.026605 ], [ -74.868798, 11.026702 ], [ -74.869254, 11.02681 ], [ -74.87106, 11.027135 ], [ -74.872437, 11.028759 ], [ -74.871981, 11.029574 ], [ -74.873175, 11.031107 ], [ -74.873633, 11.031377 ], [ -74.873363, 11.033005 ], [ -74.872726, 11.034091 ], [ -74.872544, 11.034359 ], [ -74.872479, 11.034513 ] ] ] } },
{ "type": "Feature", "properties": { "nombre": "CORREGIMIENTO JUAN MINA", "localidad": null, "pieza_urba": null, "FUNDACION": 1801.0, "DESCRIP": "Juan Mina está ubicado al suroccidente del Distrito de Barranquilla, sobre la antigua Carretera del Algodón (prolongación de la carrera 38)", "DNSDAD_POB": 86.0, "AREA_Has": 34.2 }, "geometry": { "type": "Polygon", "coordinates": [ [ [ -74.89336, 10.953803 ], [ -74.895189, 10.954035 ], [ -74.895987, 10.95365 ], [ -74.896021, 10.953805 ], [ -74.896018, 10.953933 ], [ -74.895988, 10.954057 ], [ -74.895933, 10.954173 ], [ -74.896163, 10.95482 ], [ -74.896937, 10.955732 ], [ -74.889775, 10.959211 ], [ -74.889529, 10.959353 ], [ -74.889468, 10.959222 ], [ -74.889458, 10.959157 ], [ -74.889539, 10.959067 ], [ -74.889595, 10.958972 ], [ -74.889635, 10.958841 ], [ -74.889635, 10.958766 ], [ -74.889554, 10.958641 ], [ -74.889549, 10.958575 ], [ -74.889615, 10.958455 ], [ -74.889691, 10.95838 ], [ -74.889864, 10.95836 ], [ -74.890031, 10.958365 ], [ -74.890158, 10.958324 ], [ -74.890194, 10.958209 ], [ -74.890163, 10.957968 ], [ -74.890057, 10.957823 ], [ -74.889859, 10.957637 ], [ -74.889523, 10.957582 ], [ -74.889437, 10.957472 ], [ -74.889452, 10.957336 ], [ -74.889544, 10.957131 ], [ -74.889762, 10.9568 ], [ -74.889889, 10.956704 ], [ -74.890046, 10.956619 ], [ -74.890066, 10.956504 ], [ -74.890005, 10.956388 ], [ -74.889731, 10.956193 ], [ -74.889427, 10.956198 ], [ -74.889102, 10.956098 ], [ -74.888945, 10.955997 ], [ -74.888757, 10.955832 ], [ -74.888626, 10.955687 ], [ -74.888482, 10.95548 ], [ -74.888647, 10.955367 ], [ -74.888921, 10.955227 ], [ -74.88929, 10.955082 ], [ -74.889652, 10.954962 ], [ -74.890088, 10.954876 ], [ -74.890571, 10.95483 ], [ -74.890799, 10.953478 ], [ -74.891181, 10.953504 ], [ -74.891255, 10.953067 ], [ -74.891563, 10.952073 ], [ -74.893152, 10.95198 ], [ -74.893075, 10.953365 ], [ -74.893391, 10.953646 ], [ -74.89336, 10.953803 ] ] ] } },
{ "type": "Feature", "properties": { "nombre": "Oceano Azul", "localidad": null, "pieza_urba": null, "FUNDACION": null, "DESCRIP": null, "DNSDAD_POB": null, "AREA_Has": null }, "geometry": { "type": "MultiPolygon", "coordinates": [ [ [ [ -74.843873, 11.001878 ], [ -74.844066, 11.002301 ], [ -74.842239, 11.003258 ], [ -74.842009, 11.002397 ], [ -74.843683, 11.001534 ], [ -74.843354, 11.000925 ], [ -74.843238, 11.000818 ], [ -74.843982, 11.000328 ], [ -74.844655, 11.001369 ], [ -74.843873, 11.001878 ] ] ], [ [ [ -74.844088, 11.000127 ], [ -74.843621, 10.999478 ], [ -74.84425, 10.999017 ], [ -74.844765, 10.999707 ], [ -74.844088, 11.000127 ] ] ], [ [ [ -74.844835, 11.001251 ], [ -74.844146, 11.000232 ], [ -74.844954, 10.999782 ], [ -74.845747, 11.000663 ], [ -74.844835, 11.001251 ] ] ], [ [ [ -74.843563, 10.999334 ], [ -74.843308, 10.998919 ], [ -74.844025, 10.998782 ], [ -74.844153, 10.998931 ], [ -74.843563, 10.999334 ] ] ], [ [ [ -74.842726, 10.999823 ], [ -74.842398, 10.999266 ], [ -74.84291, 10.999029 ], [ -74.843127, 10.998954 ], [ -74.843428, 10.999363 ], [ -74.842726, 10.999823 ] ] ], [ [ [ -74.843118, 11.000524 ], [ -74.842786, 10.999925 ], [ -74.843447, 10.999497 ], [ -74.843885, 11.000194 ], [ -74.842, 11.001385 ], [ -74.841834, 11.001276 ], [ -74.843118, 11.000524 ] ] ] ] } },
{ "type": "Feature", "properties": { "nombre": "CEMPO", "localidad": null, "pieza_urba": null, "FUNDACION": null, "DESCRIP": null, "DNSDAD_POB": null, "AREA_Has": null }, "geometry": { "type": "MultiPolygon", "coordinates": [ [ [ [ -74.858306, 10.984191 ], [ -74.85527, 10.985615 ], [ -74.852139, 10.97981 ], [ -74.851177, 10.97792 ], [ -74.851383, 10.97782 ], [ -74.852165, 10.979531 ], [ -74.852442, 10.979745 ], [ -74.852674, 10.979745 ], [ -74.852879, 10.980146 ], [ -74.853184, 10.98049 ], [ -74.85288, 10.980663 ], [ -74.852924, 10.98082 ], [ -74.854548, 10.979955 ], [ -74.856577, 10.979106 ], [ -74.858456, 10.983065 ], [ -74.858662, 10.983538 ], [ -74.858306, 10.984191 ] ] ], [ [ [ -74.854575, 10.979166 ], [ -74.854531, 10.978994 ], [ -74.856004, 10.978352 ], [ -74.856308, 10.978918 ], [ -74.856201, 10.979004 ], [ -74.854968, 10.979552 ], [ -74.854721, 10.979424 ], [ -74.854575, 10.979166 ] ] ], [ [ [ -74.855778, 10.978201 ], [ -74.854516, 10.978807 ], [ -74.854414, 10.978736 ], [ -74.854166, 10.978263 ], [ -74.854239, 10.978148 ], [ -74.855646, 10.977484 ], [ -74.855733, 10.977613 ], [ -74.855908, 10.978015 ], [ -74.855921, 10.978115 ], [ -74.855778, 10.978201 ] ] ], [ [ [ -74.854277, 10.977937 ], [ -74.854132, 10.977966 ], [ -74.853938, 10.977814 ], [ -74.853859, 10.977537 ], [ -74.853838, 10.976782 ], [ -74.855057, 10.976242 ], [ -74.855407, 10.976987 ], [ -74.855501, 10.977294 ], [ -74.854277, 10.977937 ] ] ], [ [ [ -74.853842, 10.978903 ], [ -74.853915, 10.979096 ], [ -74.852833, 10.979641 ], [ -74.852703, 10.979616 ], [ -74.852486, 10.97961 ], [ -74.852202, 10.979388 ], [ -74.851552, 10.977883 ], [ -74.852792, 10.977291 ], [ -74.853389, 10.977907 ], [ -74.853842, 10.978903 ] ] ], [ [ [ -74.853981, 10.979254 ], [ -74.854185, 10.979555 ], [ -74.854243, 10.979741 ], [ -74.854229, 10.979921 ], [ -74.85334, 10.98036 ], [ -74.853156, 10.980325 ], [ -74.853032, 10.980197 ], [ -74.852871, 10.979838 ], [ -74.8529, 10.979738 ], [ -74.853146, 10.979579 ], [ -74.853458, 10.979428 ], [ -74.853799, 10.979305 ], [ -74.853981, 10.979254 ] ] ], [ [ [ -74.853721, 10.976693 ], [ -74.853802, 10.97769 ], [ -74.854308, 10.978741 ], [ -74.854308, 10.978971 ], [ -74.854221, 10.979019 ], [ -74.854057, 10.979048 ], [ -74.85394, 10.978838 ], [ -74.853551, 10.978006 ], [ -74.853463, 10.977853 ], [ -74.852771, 10.977151 ], [ -74.853721, 10.976693 ] ] ] ] } },
{ "type": "Feature", "properties": { "nombre": "Deacero", "localidad": null, "pieza_urba": null, "FUNDACION": null, "DESCRIP": null, "DNSDAD_POB": null, "AREA_Has": null }, "geometry": { "type": "Polygon", "coordinates": [ [ [ -74.868599, 10.986546 ], [ -74.866823, 10.985497 ], [ -74.865403, 10.984685 ], [ -74.868486, 10.977743 ], [ -74.869155, 10.978351 ], [ -74.870193, 10.979116 ], [ -74.870572, 10.979365 ], [ -74.871206, 10.979945 ], [ -74.871545, 10.980305 ], [ -74.871205, 10.981234 ], [ -74.870808, 10.982207 ], [ -74.869959, 10.984126 ], [ -74.869414, 10.985292 ], [ -74.869165, 10.985812 ], [ -74.868599, 10.986546 ] ] ] } },
{ "type": "Feature", "properties": { "nombre": "El Genoves", "localidad": null, "pieza_urba": null, "FUNDACION": null, "DESCRIP": null, "DNSDAD_POB": null, "AREA_Has": null }, "geometry": { "type": "MultiPolygon", "coordinates": [ [ [ [ -74.851512, 11.010916 ], [ -74.850106, 11.011855 ], [ -74.849543, 11.012186 ], [ -74.849259, 11.0117 ], [ -74.851, 11.010777 ], [ -74.851029, 11.010538 ], [ -74.850912, 11.010376 ], [ -74.850796, 11.010319 ], [ -74.847624, 11.01225 ], [ -74.84741, 11.011839 ], [ -74.847197, 11.011691 ], [ -74.847114, 11.011546 ], [ -74.848627, 11.010611 ], [ -74.849246, 11.010122 ], [ -74.850435, 11.009344 ], [ -74.850734, 11.009008 ], [ -74.850935, 11.008906 ], [ -74.851512, 11.010916 ] ], [ [ -74.848248, 11.011325 ], [ -74.848851, 11.010955 ], [ -74.84741, 11.011839 ], [ -74.848248, 11.011325 ] ] ], [ [ [ -74.847913, 11.01063 ], [ -74.84867, 11.010076 ], [ -74.849152, 11.009649 ], [ -74.849768, 11.009226 ], [ -74.850794, 11.008417 ], [ -74.850915, 11.008837 ], [ -74.850509, 11.009107 ], [ -74.849924, 11.009554 ], [ -74.849078, 11.010105 ], [ -74.848307, 11.010698 ], [ -74.846644, 11.011757 ], [ -74.846684, 11.011812 ], [ -74.846013, 11.011863 ], [ -74.845977, 11.011675 ], [ -74.846931, 11.011138 ], [ -74.847913, 11.01063 ] ] ], [ [ [ -74.847057, 11.013571 ], [ -74.847163, 11.013571 ], [ -74.84726, 11.013657 ], [ -74.847124, 11.014257 ], [ -74.846989, 11.013619 ], [ -74.847057, 11.013571 ] ] ], [ [ [ -74.846921, 11.013495 ], [ -74.846851, 11.012806 ], [ -74.846958, 11.012911 ], [ -74.847161, 11.01292 ], [ -74.847287, 11.012872 ], [ -74.847317, 11.013236 ], [ -74.847292, 11.013442 ], [ -74.84723, 11.013437 ], [ -74.846921, 11.013495 ] ] ], [ [ [ -74.847275, 11.011896 ], [ -74.847363, 11.012097 ], [ -74.847402, 11.012288 ], [ -74.847373, 11.012508 ], [ -74.847248, 11.012729 ], [ -74.847123, 11.012736 ], [ -74.84687, 11.012634 ], [ -74.846705, 11.012328 ], [ -74.846714, 11.012099 ], [ -74.846801, 11.011945 ], [ -74.846945, 11.011792 ], [ -74.847062, 11.011792 ], [ -74.847197, 11.01182 ], [ -74.847275, 11.011896 ] ] ], [ [ [ -74.84938, 11.012282 ], [ -74.847555, 11.013389 ], [ -74.847432, 11.012767 ], [ -74.849066, 11.011777 ], [ -74.84938, 11.012282 ] ] ], [ [ [ -74.850847, 11.010577 ], [ -74.847556, 11.012559 ], [ -74.847576, 11.012408 ], [ -74.848729, 11.011752 ], [ -74.850796, 11.010505 ], [ -74.850847, 11.010519 ], [ -74.850847, 11.010577 ] ] ], [ [ [ -74.846587, 11.012432 ], [ -74.846679, 11.012856 ], [ -74.846746, 11.013047 ], [ -74.846942, 11.014105 ], [ -74.846901, 11.014476 ], [ -74.846766, 11.014632 ], [ -74.846647, 11.014195 ], [ -74.846485, 11.014208 ], [ -74.846376, 11.013734 ], [ -74.846037, 11.011987 ], [ -74.846622, 11.012013 ], [ -74.846604, 11.012103 ], [ -74.846587, 11.012432 ] ] ] ] } },
{ "type": "Feature", "properties": { "nombre": "Gres Caribe", "localidad": null, "pieza_urba": null, "FUNDACION": null, "DESCRIP": null, "DNSDAD_POB": null, "AREA_Has": null }, "geometry": { "type": "MultiPolygon", "coordinates": [ [ [ [ -74.877885, 10.962839 ], [ -74.879494, 10.960174 ], [ -74.879376, 10.959547 ], [ -74.879643, 10.959365 ], [ -74.879827, 10.959178 ], [ -74.880022, 10.958947 ], [ -74.880329, 10.958275 ], [ -74.880951, 10.957534 ], [ -74.881056, 10.957428 ], [ -74.881136, 10.957367 ], [ -74.881235, 10.95732 ], [ -74.881553, 10.957246 ], [ -74.881647, 10.957244 ], [ -74.882215, 10.957398 ], [ -74.882668, 10.957487 ], [ -74.882906, 10.957458 ], [ -74.883115, 10.957361 ], [ -74.883872, 10.956837 ], [ -74.883591, 10.960893 ], [ -74.879327, 10.962949 ], [ -74.877901, 10.963697 ], [ -74.877885, 10.962839 ] ] ], [ [ [ -74.877377, 10.961657 ], [ -74.876847, 10.95953 ], [ -74.876687, 10.958723 ], [ -74.877323, 10.958898 ], [ -74.877545, 10.95899 ], [ -74.878142, 10.959392 ], [ -74.878674, 10.959633 ], [ -74.878894, 10.959698 ], [ -74.878952, 10.960099 ], [ -74.877733, 10.96222 ], [ -74.877377, 10.961657 ] ] ], [ [ [ -74.879456, 10.963787 ], [ -74.877916, 10.964518 ], [ -74.877904, 10.963861 ], [ -74.879502, 10.963034 ], [ -74.879456, 10.963787 ] ] ], [ [ [ -74.882066, 10.96252 ], [ -74.881988, 10.962482 ], [ -74.881784, 10.962005 ], [ -74.883572, 10.961169 ], [ -74.883526, 10.961839 ], [ -74.882066, 10.96252 ] ] ], [ [ [ -74.881658, 10.962015 ], [ -74.881862, 10.96257 ], [ -74.879629, 10.963732 ], [ -74.879608, 10.962957 ], [ -74.881658, 10.962015 ] ] ] ] } },
{ "type": "Feature", "properties": { "nombre": "Villas de San Pablo", "localidad": null, "pieza_urba": null, "FUNDACION": null, "DESCRIP": null, "DNSDAD_POB": null, "AREA_Has": null }, "geometry": { "type": "Polygon", "coordinates": [ [ [ -74.860305, 10.958074 ], [ -74.859497, 10.958942 ], [ -74.858946, 10.958435 ], [ -74.859329, 10.958284 ], [ -74.860011, 10.958081 ], [ -74.860249, 10.958027 ], [ -74.860305, 10.958074 ] ] ] } },
{ "type": "Feature", "properties": { "nombre": "Cordialidad-Circunvalar", "localidad": null, "pieza_urba": null, "FUNDACION": null, "DESCRIP": null, "DNSDAD_POB": null, "AREA_Has": null }, "geometry": { "type": "MultiPolygon", "coordinates": [ [ [ [ -74.86166, 10.951841 ], [ -74.860987, 10.953431 ], [ -74.85929, 10.952527 ], [ -74.860061, 10.951037 ], [ -74.86166, 10.951841 ] ] ], [ [ [ -74.862324, 10.950223 ], [ -74.861707, 10.951728 ], [ -74.86013, 10.950903 ], [ -74.860842, 10.949528 ], [ -74.862324, 10.950223 ] ] ], [ [ [ -74.860901, 10.949414 ], [ -74.861867, 10.947547 ], [ -74.863557, 10.94778 ], [ -74.862378, 10.950116 ], [ -74.860901, 10.949414 ] ] ], [ [ [ -74.859946, 10.951018 ], [ -74.859197, 10.952461 ], [ -74.859132, 10.952465 ], [ -74.859077, 10.952429 ], [ -74.85908, 10.952311 ], [ -74.859778, 10.950942 ], [ -74.859894, 10.950917 ], [ -74.859937, 10.950938 ], [ -74.859946, 10.951018 ] ] ], [ [ [ -74.860043, 10.95084 ], [ -74.860002, 10.950863 ], [ -74.85993, 10.950852 ], [ -74.859886, 10.950823 ], [ -74.859882, 10.950759 ], [ -74.8599, 10.95068 ], [ -74.860572, 10.949394 ], [ -74.86063, 10.949379 ], [ -74.860703, 10.949404 ], [ -74.860728, 10.949433 ], [ -74.860707, 10.949533 ], [ -74.860043, 10.95084 ] ] ], [ [ [ -74.860879, 10.949172 ], [ -74.860814, 10.949323 ], [ -74.860701, 10.949316 ], [ -74.860657, 10.949273 ], [ -74.860672, 10.949187 ], [ -74.861542, 10.947477 ], [ -74.861636, 10.947466 ], [ -74.861676, 10.947491 ], [ -74.86169, 10.947614 ], [ -74.860879, 10.949172 ] ] ], [ [ [ -74.8578, 10.949893 ], [ -74.859707, 10.950893 ], [ -74.85898, 10.952355 ], [ -74.85706, 10.951346 ], [ -74.8578, 10.949893 ] ] ], [ [ [ -74.85785, 10.949794 ], [ -74.858589, 10.948368 ], [ -74.860509, 10.94933 ], [ -74.859775, 10.950782 ], [ -74.85785, 10.949794 ] ] ], [ [ [ -74.860327, 10.946713 ], [ -74.860622, 10.946902 ], [ -74.861285, 10.94725 ], [ -74.861528, 10.947293 ], [ -74.860563, 10.949224 ], [ -74.858645, 10.94826 ], [ -74.859655, 10.946377 ], [ -74.860327, 10.946713 ] ] ], [ [ [ -74.856195, 10.949093 ], [ -74.857686, 10.949844 ], [ -74.856929, 10.951278 ], [ -74.854677, 10.950099 ], [ -74.854383, 10.950346 ], [ -74.853525, 10.95097 ], [ -74.852996, 10.951196 ], [ -74.851797, 10.951857 ], [ -74.852526, 10.950783 ], [ -74.853268, 10.949518 ], [ -74.853677, 10.949286 ], [ -74.85422, 10.949237 ], [ -74.854433, 10.948897 ], [ -74.855586, 10.946735 ], [ -74.855754, 10.946325 ], [ -74.855762, 10.944848 ], [ -74.857191, 10.945114 ], [ -74.857713, 10.9453 ], [ -74.858602, 10.945753 ], [ -74.859019, 10.946031 ], [ -74.859393, 10.946247 ], [ -74.858511, 10.948196 ], [ -74.8576, 10.947654 ], [ -74.857461, 10.947772 ], [ -74.858468, 10.948282 ], [ -74.85776, 10.949704 ], [ -74.856301, 10.948968 ], [ -74.856195, 10.949093 ] ] ], [ [ [ -74.861607, 10.954488 ], [ -74.862253, 10.955013 ], [ -74.863806, 10.956351 ], [ -74.864562, 10.956987 ], [ -74.864699, 10.957083 ], [ -74.864876, 10.957253 ], [ -74.864852, 10.957279 ], [ -74.86014, 10.956724 ], [ -74.86102, 10.953983 ], [ -74.861607, 10.954488 ] ] ], [ [ [ -74.858494, 10.956531 ], [ -74.858679, 10.954839 ], [ -74.860451, 10.955055 ], [ -74.859895, 10.956696 ], [ -74.858494, 10.956531 ] ] ], [ [ [ -74.8591, 10.952858 ], [ -74.85926, 10.952929 ], [ -74.860855, 10.953796 ], [ -74.860489, 10.954939 ], [ -74.858674, 10.954729 ], [ -74.858801, 10.953442 ], [ -74.8591, 10.952858 ] ] ], [ [ [ -74.858611, 10.953102 ], [ -74.856863, 10.952902 ], [ -74.856986, 10.95173 ], [ -74.858765, 10.952648 ], [ -74.858611, 10.953102 ] ] ], [ [ [ -74.85666, 10.954519 ], [ -74.85681, 10.952993 ], [ -74.858326, 10.953171 ], [ -74.858418, 10.953214 ], [ -74.858452, 10.953314 ], [ -74.858297, 10.954673 ], [ -74.85666, 10.954519 ] ] ], [ [ [ -74.855057, 10.952758 ], [ -74.856704, 10.952955 ], [ -74.856539, 10.954494 ], [ -74.854907, 10.954318 ], [ -74.855057, 10.952758 ] ] ], [ [ [ -74.855319, 10.95084 ], [ -74.855367, 10.950825 ], [ -74.856855, 10.951639 ], [ -74.85673, 10.952856 ], [ -74.855091, 10.952653 ], [ -74.855319, 10.95084 ] ] ], [ [ [ -74.848981, 10.954014 ], [ -74.849145, 10.953736 ], [ -74.850035, 10.95382 ], [ -74.849829, 10.955512 ], [ -74.847761, 10.955268 ], [ -74.84815, 10.954877 ], [ -74.848585, 10.954484 ], [ -74.848981, 10.954014 ] ] ], [ [ [ -74.852117, 10.953949 ], [ -74.849239, 10.953593 ], [ -74.849782, 10.953137 ], [ -74.850222, 10.952805 ], [ -74.850845, 10.952426 ], [ -74.851087, 10.952296 ], [ -74.852317, 10.952427 ], [ -74.852117, 10.953949 ] ] ], [ [ [ -74.854493, 10.950353 ], [ -74.854829, 10.950584 ], [ -74.854921, 10.950689 ], [ -74.854908, 10.951038 ], [ -74.854723, 10.952603 ], [ -74.851206, 10.952162 ], [ -74.851509, 10.952032 ], [ -74.851696, 10.952006 ], [ -74.852869, 10.951354 ], [ -74.85361, 10.950984 ], [ -74.854219, 10.950561 ], [ -74.854493, 10.950353 ] ] ], [ [ [ -74.852243, 10.953982 ], [ -74.852428, 10.952431 ], [ -74.854702, 10.952698 ], [ -74.854525, 10.954251 ], [ -74.852243, 10.953982 ] ] ], [ [ [ -74.858751, 10.952548 ], [ -74.85846, 10.9524 ], [ -74.857045, 10.951663 ], [ -74.856996, 10.951572 ], [ -74.857025, 10.9515 ], [ -74.857102, 10.951476 ], [ -74.857194, 10.9515 ], [ -74.858891, 10.952404 ], [ -74.858887, 10.952534 ], [ -74.858833, 10.952562 ], [ -74.858751, 10.952548 ] ] ], [ [ [ -74.8568, 10.951517 ], [ -74.855508, 10.950777 ], [ -74.855508, 10.950695 ], [ -74.855527, 10.950652 ], [ -74.855634, 10.950666 ], [ -74.856908, 10.951362 ], [ -74.856899, 10.951424 ], [ -74.85686, 10.951496 ], [ -74.8568, 10.951517 ] ] ], [ [ [ -74.855009, 10.950491 ], [ -74.85492, 10.9505 ], [ -74.854636, 10.950363 ], [ -74.854621, 10.950286 ], [ -74.854664, 10.950243 ], [ -74.854766, 10.950262 ], [ -74.854974, 10.950357 ], [ -74.855023, 10.950419 ], [ -74.855009, 10.950491 ] ] ], [ [ [ -74.858994, 10.952777 ], [ -74.858994, 10.952839 ], [ -74.858936, 10.953031 ], [ -74.858834, 10.953172 ], [ -74.858748, 10.95316 ], [ -74.858699, 10.953113 ], [ -74.858709, 10.953026 ], [ -74.858795, 10.952835 ], [ -74.858863, 10.952763 ], [ -74.858921, 10.952744 ], [ -74.858994, 10.952777 ] ] ], [ [ [ -74.859187, 10.952695 ], [ -74.859206, 10.952657 ], [ -74.85926, 10.952642 ], [ -74.859342, 10.952671 ], [ -74.860849, 10.953437 ], [ -74.860924, 10.953569 ], [ -74.860855, 10.953643 ], [ -74.860782, 10.953629 ], [ -74.859309, 10.952838 ], [ -74.859212, 10.9528 ], [ -74.859187, 10.952753 ], [ -74.859187, 10.952695 ] ] ], [ [ [ -74.854987, 10.95278 ], [ -74.854824, 10.954236 ], [ -74.854766, 10.954287 ], [ -74.854664, 10.954266 ], [ -74.854621, 10.954187 ], [ -74.854791, 10.952802 ], [ -74.854835, 10.952745 ], [ -74.854907, 10.95273 ], [ -74.854987, 10.95278 ] ] ], [ [ [ -74.854951, 10.952615 ], [ -74.854878, 10.952615 ], [ -74.854834, 10.952522 ], [ -74.855019, 10.950843 ], [ -74.855098, 10.950799 ], [ -74.855171, 10.950799 ], [ -74.8552, 10.950857 ], [ -74.855011, 10.952584 ], [ -74.854951, 10.952615 ] ] ], [ [ [ -74.858369, 10.956516 ], [ -74.858173, 10.956493 ], [ -74.85834, 10.95496 ], [ -74.858413, 10.954881 ], [ -74.8585, 10.954873 ], [ -74.858529, 10.954952 ], [ -74.858537, 10.955074 ], [ -74.858369, 10.956516 ] ] ], [ [ [ -74.858565, 10.954662 ], [ -74.858529, 10.954694 ], [ -74.858449, 10.954694 ], [ -74.858419, 10.954529 ], [ -74.858497, 10.953582 ], [ -74.858576, 10.953381 ], [ -74.858714, 10.953366 ], [ -74.858565, 10.954662 ] ] ], [ [ [ -74.858266, 10.954799 ], [ -74.858061, 10.95648 ], [ -74.85643, 10.956288 ], [ -74.856626, 10.954612 ], [ -74.858266, 10.954799 ] ] ], [ [ [ -74.850142, 10.953848 ], [ -74.852127, 10.954063 ], [ -74.851906, 10.955756 ], [ -74.849965, 10.955528 ], [ -74.850142, 10.953848 ] ] ], [ [ [ -74.85206, 10.955774 ], [ -74.852253, 10.954063 ], [ -74.8545, 10.954344 ], [ -74.854326, 10.956041 ], [ -74.85206, 10.955774 ] ] ], [ [ [ -74.85465, 10.954374 ], [ -74.854737, 10.954366 ], [ -74.854781, 10.954452 ], [ -74.854668, 10.955522 ], [ -74.854571, 10.956069 ], [ -74.854424, 10.956052 ], [ -74.854614, 10.95441 ], [ -74.85465, 10.954374 ] ] ], [ [ [ -74.856505, 10.954582 ], [ -74.856305, 10.956273 ], [ -74.854722, 10.956087 ], [ -74.854883, 10.954413 ], [ -74.856505, 10.954582 ] ] ], [ [ [ -74.846948, 10.955165 ], [ -74.843888, 10.954863 ], [ -74.843945, 10.95393 ], [ -74.843972, 10.953011 ], [ -74.843844, 10.952371 ], [ -74.843716, 10.951481 ], [ -74.84354, 10.95087 ], [ -74.8435, 10.950449 ], [ -74.843577, 10.950181 ], [ -74.843934, 10.949596 ], [ -74.844249, 10.949192 ], [ -74.844384, 10.949344 ], [ -74.844422, 10.94941 ], [ -74.848526, 10.95361 ], [ -74.847754, 10.954463 ], [ -74.847214, 10.955204 ], [ -74.846948, 10.955165 ] ] ], [ [ [ -74.842307, 10.946959 ], [ -74.842398, 10.946995 ], [ -74.842447, 10.947048 ], [ -74.842423, 10.94712 ], [ -74.842389, 10.947136 ], [ -74.840184, 10.947335 ], [ -74.840118, 10.947335 ], [ -74.840093, 10.947281 ], [ -74.840081, 10.947204 ], [ -74.840117, 10.947144 ], [ -74.842307, 10.946959 ] ] ], [ [ [ -74.839733, 10.950505 ], [ -74.839654, 10.950469 ], [ -74.839629, 10.950416 ], [ -74.83981, 10.947569 ], [ -74.839852, 10.947545 ], [ -74.839919, 10.947545 ], [ -74.839967, 10.947581 ], [ -74.839991, 10.94764 ], [ -74.839805, 10.950475 ], [ -74.839733, 10.950505 ] ] ], [ [ [ -74.836868, 10.954081 ], [ -74.835424, 10.954075 ], [ -74.834717, 10.951703 ], [ -74.835929, 10.952104 ], [ -74.837378, 10.952477 ], [ -74.837888, 10.950714 ], [ -74.839465, 10.950935 ], [ -74.839351, 10.954372 ], [ -74.836868, 10.954081 ] ] ], [ [ [ -74.837405, 10.945291 ], [ -74.837052, 10.945029 ], [ -74.836616, 10.944732 ], [ -74.837986, 10.944163 ], [ -74.838381, 10.944172 ], [ -74.838573, 10.94547 ], [ -74.838836, 10.946079 ], [ -74.839295, 10.946688 ], [ -74.839579, 10.947111 ], [ -74.839688, 10.947304 ], [ -74.839711, 10.947548 ], [ -74.83962, 10.94917 ], [ -74.83953, 10.950533 ], [ -74.839501, 10.950562 ], [ -74.837958, 10.950324 ], [ -74.838223, 10.948031 ], [ -74.838328, 10.947638 ], [ -74.837391, 10.947396 ], [ -74.837402, 10.947343 ], [ -74.837395, 10.947183 ], [ -74.837939, 10.945568 ], [ -74.837405, 10.945291 ] ] ], [ [ [ -74.839043, 10.945594 ], [ -74.838848, 10.945011 ], [ -74.838804, 10.944571 ], [ -74.838832, 10.944245 ], [ -74.838888, 10.944037 ], [ -74.839887, 10.944544 ], [ -74.840924, 10.945101 ], [ -74.841555, 10.945543 ], [ -74.841797, 10.945916 ], [ -74.842512, 10.946801 ], [ -74.842101, 10.946868 ], [ -74.840548, 10.94703 ], [ -74.840214, 10.947059 ], [ -74.840102, 10.947031 ], [ -74.839952, 10.946945 ], [ -74.839724, 10.946659 ], [ -74.83918, 10.94588 ], [ -74.839043, 10.945594 ] ] ], [ [ [ -74.838725, 10.944909 ], [ -74.838755, 10.945082 ], [ -74.838883, 10.945506 ], [ -74.839023, 10.945811 ], [ -74.839874, 10.94701 ], [ -74.839887, 10.947057 ], [ -74.839869, 10.947107 ], [ -74.839735, 10.947142 ], [ -74.83965, 10.947053 ], [ -74.839389, 10.946647 ], [ -74.83883, 10.945877 ], [ -74.838598, 10.945226 ], [ -74.838537, 10.944885 ], [ -74.838487, 10.944377 ], [ -74.838523, 10.944215 ], [ -74.83865, 10.944191 ], [ -74.838717, 10.944221 ], [ -74.838725, 10.944909 ] ] ], [ [ [ -74.839435, 10.950627 ], [ -74.839501, 10.950655 ], [ -74.839537, 10.950727 ], [ -74.839494, 10.950785 ], [ -74.839428, 10.950785 ], [ -74.837923, 10.950598 ], [ -74.83795, 10.950388 ], [ -74.839435, 10.950627 ] ] ], [ [ [ -74.839466, 10.954239 ], [ -74.839584, 10.951068 ], [ -74.839603, 10.95102 ], [ -74.839705, 10.951 ], [ -74.839767, 10.951032 ], [ -74.839778, 10.951359 ], [ -74.83965, 10.954287 ], [ -74.839607, 10.95433 ], [ -74.839544, 10.95433 ], [ -74.839476, 10.954301 ], [ -74.839466, 10.954239 ] ] ], [ [ [ -74.843027, 10.947623 ], [ -74.843288, 10.948009 ], [ -74.842336, 10.949591 ], [ -74.842144, 10.950031 ], [ -74.842106, 10.950424 ], [ -74.842322, 10.951552 ], [ -74.842578, 10.953092 ], [ -74.84257, 10.953886 ], [ -74.842527, 10.954725 ], [ -74.839781, 10.954421 ], [ -74.839961, 10.949751 ], [ -74.840082, 10.947425 ], [ -74.842556, 10.947215 ], [ -74.842822, 10.94722 ], [ -74.843027, 10.947623 ] ] ], [ [ [ -74.843768, 10.952926 ], [ -74.843789, 10.953433 ], [ -74.843739, 10.954848 ], [ -74.842643, 10.954737 ], [ -74.842665, 10.953005 ], [ -74.842428, 10.951456 ], [ -74.842232, 10.950328 ], [ -74.842241, 10.949974 ], [ -74.842597, 10.949389 ], [ -74.843214, 10.948268 ], [ -74.843409, 10.948188 ], [ -74.843573, 10.948431 ], [ -74.844173, 10.949106 ], [ -74.843943, 10.94928 ], [ -74.84347, 10.950047 ], [ -74.843297, 10.950459 ], [ -74.843503, 10.951425 ], [ -74.843768, 10.952926 ] ] ], [ [ [ -74.839015, 10.921324 ], [ -74.839203, 10.921405 ], [ -74.840229, 10.921731 ], [ -74.840302, 10.9218 ], [ -74.839786, 10.92286 ], [ -74.837747, 10.921776 ], [ -74.838056, 10.920767 ], [ -74.838525, 10.921051 ], [ -74.839015, 10.921324 ] ] ], [ [ [ -74.836959, 10.923735 ], [ -74.836674, 10.925505 ], [ -74.833868, 10.924751 ], [ -74.833793, 10.92467 ], [ -74.833596, 10.923013 ], [ -74.83374, 10.922496 ], [ -74.832094, 10.922139 ], [ -74.832391, 10.921244 ], [ -74.832852, 10.920049 ], [ -74.833045, 10.91941 ], [ -74.835029, 10.920472 ], [ -74.837346, 10.921767 ], [ -74.837097, 10.922658 ], [ -74.836959, 10.923735 ] ] ], [ [ [ -74.837953, 10.920685 ], [ -74.837693, 10.92169 ], [ -74.83765, 10.921719 ], [ -74.837534, 10.92169 ], [ -74.837504, 10.921609 ], [ -74.837754, 10.920681 ], [ -74.837805, 10.920552 ], [ -74.837953, 10.920685 ] ] ], [ [ [ -74.837439, 10.92186 ], [ -74.837555, 10.92184 ], [ -74.83761, 10.921861 ], [ -74.837235, 10.923621 ], [ -74.836935, 10.925544 ], [ -74.836819, 10.925545 ], [ -74.836761, 10.925526 ], [ -74.836751, 10.925435 ], [ -74.837252, 10.922372 ], [ -74.837439, 10.92186 ] ] ], [ [ [ -74.837088, 10.919965 ], [ -74.837508, 10.920282 ], [ -74.837676, 10.920435 ], [ -74.837429, 10.921557 ], [ -74.833685, 10.919522 ], [ -74.833091, 10.919173 ], [ -74.833421, 10.91724 ], [ -74.833864, 10.917217 ], [ -74.833997, 10.917296 ], [ -74.83386, 10.917958 ], [ -74.833954, 10.918082 ], [ -74.834627, 10.918358 ], [ -74.835167, 10.918652 ], [ -74.837088, 10.919965 ] ] ], [ [ [ -74.83849, 10.926278 ], [ -74.837312, 10.925757 ], [ -74.83705, 10.925614 ], [ -74.837173, 10.924705 ], [ -74.83745, 10.922925 ], [ -74.837651, 10.922015 ], [ -74.837689, 10.921958 ], [ -74.839664, 10.92312 ], [ -74.839073, 10.924418 ], [ -74.838673, 10.925458 ], [ -74.838595, 10.925672 ], [ -74.838582, 10.925798 ], [ -74.838602, 10.9259 ], [ -74.838775, 10.926053 ], [ -74.839819, 10.926738 ], [ -74.841051, 10.928678 ], [ -74.841806, 10.929516 ], [ -74.840682, 10.930293 ], [ -74.840566, 10.930121 ], [ -74.839448, 10.928182 ], [ -74.838787, 10.927207 ], [ -74.8392, 10.927996 ], [ -74.840605, 10.930445 ], [ -74.84185, 10.929566 ], [ -74.841994, 10.929726 ], [ -74.840722, 10.930586 ], [ -74.840742, 10.930733 ], [ -74.841957, 10.932754 ], [ -74.84195, 10.932786 ], [ -74.84181, 10.932896 ], [ -74.840397, 10.930363 ], [ -74.839461, 10.928763 ], [ -74.83872, 10.927425 ], [ -74.838574, 10.927126 ], [ -74.83849, 10.926278 ] ] ], [ [ [ -74.840799, 10.930678 ], [ -74.842032, 10.929767 ], [ -74.843145, 10.931003 ], [ -74.843514, 10.931439 ], [ -74.8421, 10.93267 ], [ -74.842023, 10.932651 ], [ -74.841906, 10.932489 ], [ -74.840799, 10.930678 ] ] ], [ [ [ -74.842276, 10.933158 ], [ -74.842256, 10.933048 ], [ -74.84229, 10.932957 ], [ -74.842343, 10.932885 ], [ -74.842444, 10.932827 ], [ -74.843766, 10.931738 ], [ -74.844279, 10.932344 ], [ -74.842665, 10.933774 ], [ -74.842276, 10.933158 ] ] ], [ [ [ -74.838246, 10.936962 ], [ -74.838178, 10.937001 ], [ -74.837776, 10.934651 ], [ -74.841215, 10.932076 ], [ -74.84173, 10.932964 ], [ -74.841701, 10.93305 ], [ -74.84118, 10.933453 ], [ -74.840533, 10.934029 ], [ -74.839596, 10.93517 ], [ -74.838246, 10.936962 ] ] ], [ [ [ -74.843038, 10.932008 ], [ -74.843574, 10.93151 ], [ -74.843706, 10.931666 ], [ -74.843202, 10.932113 ], [ -74.842183, 10.932919 ], [ -74.842081, 10.932814 ], [ -74.842221, 10.932675 ], [ -74.843038, 10.932008 ] ] ], [ [ [ -74.840555, 10.93413 ], [ -74.841501, 10.933272 ], [ -74.841791, 10.933065 ], [ -74.841871, 10.93316 ], [ -74.84189, 10.933229 ], [ -74.841247, 10.933716 ], [ -74.840776, 10.934133 ], [ -74.839777, 10.935391 ], [ -74.83867, 10.936879 ], [ -74.838308, 10.937332 ], [ -74.838243, 10.93734 ], [ -74.838184, 10.937247 ], [ -74.838191, 10.937175 ], [ -74.840555, 10.93413 ] ] ], [ [ [ -74.841869, 10.933111 ], [ -74.841838, 10.933036 ], [ -74.841853, 10.932929 ], [ -74.841988, 10.932842 ], [ -74.842083, 10.932852 ], [ -74.842126, 10.932938 ], [ -74.842122, 10.933041 ], [ -74.842068, 10.933114 ], [ -74.842004, 10.933152 ], [ -74.841869, 10.933111 ] ] ], [ [ [ -74.842686, 10.934434 ], [ -74.842005, 10.933197 ], [ -74.842174, 10.933106 ], [ -74.842228, 10.933244 ], [ -74.842724, 10.934152 ], [ -74.842789, 10.9343 ], [ -74.842686, 10.934434 ] ] ], [ [ [ -74.837508, 10.935015 ], [ -74.837513, 10.934872 ], [ -74.837616, 10.934865 ], [ -74.837652, 10.934883 ], [ -74.838106, 10.937113 ], [ -74.8381, 10.937208 ], [ -74.838076, 10.93725 ], [ -74.837967, 10.937268 ], [ -74.837906, 10.937185 ], [ -74.837716, 10.936019 ], [ -74.837508, 10.935015 ] ] ], [ [ [ -74.837998, 10.937583 ], [ -74.837944, 10.937526 ], [ -74.837916, 10.937448 ], [ -74.837925, 10.937377 ], [ -74.837943, 10.937344 ], [ -74.838001, 10.937314 ], [ -74.838125, 10.937301 ], [ -74.838185, 10.937358 ], [ -74.83821, 10.937427 ], [ -74.838201, 10.937528 ], [ -74.838178, 10.937568 ], [ -74.838062, 10.937592 ], [ -74.837998, 10.937583 ] ] ], [ [ [ -74.837731, 10.93738 ], [ -74.835952, 10.937975 ], [ -74.835837, 10.937665 ], [ -74.835724, 10.937436 ], [ -74.835192, 10.936489 ], [ -74.835357, 10.936334 ], [ -74.836414, 10.935566 ], [ -74.837175, 10.934984 ], [ -74.837392, 10.934864 ], [ -74.837662, 10.936388 ], [ -74.837822, 10.937171 ], [ -74.837834, 10.937314 ], [ -74.837731, 10.93738 ] ] ], [ [ [ -74.843273, 10.939853 ], [ -74.841482, 10.940443 ], [ -74.84054, 10.940773 ], [ -74.840879, 10.942764 ], [ -74.83893, 10.943347 ], [ -74.838893, 10.943318 ], [ -74.839203, 10.942241 ], [ -74.839041, 10.941531 ], [ -74.838666, 10.939444 ], [ -74.838298, 10.937558 ], [ -74.838356, 10.937429 ], [ -74.840758, 10.934337 ], [ -74.841273, 10.933841 ], [ -74.841976, 10.933301 ], [ -74.84199, 10.933359 ], [ -74.8426, 10.934547 ], [ -74.842094, 10.935211 ], [ -74.841701, 10.935834 ], [ -74.840659, 10.937596 ], [ -74.84235, 10.938747 ], [ -74.843227, 10.939383 ], [ -74.843684, 10.939662 ], [ -74.843273, 10.939853 ] ] ], [ [ [ -74.836058, 10.938233 ], [ -74.835984, 10.938057 ], [ -74.836541, 10.937838 ], [ -74.83781, 10.937428 ], [ -74.837834, 10.937434 ], [ -74.837877, 10.937523 ], [ -74.837877, 10.937553 ], [ -74.837835, 10.937589 ], [ -74.836058, 10.938233 ] ] ], [ [ [ -74.838534, 10.939173 ], [ -74.838523, 10.93922 ], [ -74.838414, 10.939271 ], [ -74.838362, 10.939247 ], [ -74.838344, 10.939214 ], [ -74.838035, 10.937678 ], [ -74.83805, 10.937633 ], [ -74.83811, 10.937624 ], [ -74.838201, 10.937636 ], [ -74.838332, 10.93818 ], [ -74.838534, 10.939173 ] ] ], [ [ [ -74.839105, 10.942291 ], [ -74.838797, 10.94338 ], [ -74.838576, 10.943398 ], [ -74.8389, 10.942279 ], [ -74.838893, 10.942052 ], [ -74.838722, 10.941329 ], [ -74.838752, 10.941275 ], [ -74.838861, 10.941257 ], [ -74.838897, 10.941287 ], [ -74.838934, 10.941382 ], [ -74.839105, 10.942291 ] ] ], [ [ [ -74.838842, 10.940898 ], [ -74.838848, 10.941018 ], [ -74.838885, 10.941143 ], [ -74.838812, 10.941191 ], [ -74.838758, 10.941191 ], [ -74.838709, 10.941108 ], [ -74.838476, 10.939769 ], [ -74.838402, 10.939464 ], [ -74.838457, 10.939398 ], [ -74.838565, 10.939388 ], [ -74.838842, 10.940898 ] ] ], [ [ [ -74.836649, 10.940217 ], [ -74.836474, 10.939541 ], [ -74.836108, 10.93835 ], [ -74.837712, 10.937732 ], [ -74.837951, 10.93766 ], [ -74.83815, 10.938714 ], [ -74.838348, 10.93961 ], [ -74.838812, 10.942242 ], [ -74.838481, 10.943384 ], [ -74.836988, 10.943272 ], [ -74.836331, 10.9432 ], [ -74.836224, 10.94315 ], [ -74.836753, 10.942536 ], [ -74.836768, 10.940837 ], [ -74.836785, 10.94084 ], [ -74.836649, 10.940217 ] ] ] ] } },
{ "type": "Feature", "properties": { "nombre": "Granja Catalina", "localidad": null, "pieza_urba": null, "FUNDACION": null, "DESCRIP": null, "DNSDAD_POB": null, "AREA_Has": null }, "geometry": { "type": "MultiPolygon", "coordinates": [ [ [ [ -74.849975, 10.943214 ], [ -74.850025, 10.944113 ], [ -74.849119, 10.944478 ], [ -74.848499, 10.944614 ], [ -74.847957, 10.944634 ], [ -74.848339, 10.94272 ], [ -74.847604, 10.942722 ], [ -74.847119, 10.942608 ], [ -74.846809, 10.942496 ], [ -74.847146, 10.942073 ], [ -74.847491, 10.942084 ], [ -74.847655, 10.942024 ], [ -74.847793, 10.94185 ], [ -74.847829, 10.9417 ], [ -74.847786, 10.941479 ], [ -74.847744, 10.941372 ], [ -74.848108, 10.941003 ], [ -74.848609, 10.941304 ], [ -74.848399, 10.942213 ], [ -74.848346, 10.942506 ], [ -74.848364, 10.942662 ], [ -74.848449, 10.942775 ], [ -74.849557, 10.943083 ], [ -74.84966, 10.943137 ], [ -74.849975, 10.943214 ] ] ], [ [ [ -74.858602, 10.945753 ], [ -74.858298, 10.945595 ], [ -74.858412, 10.945351 ], [ -74.858529, 10.944954 ], [ -74.85972, 10.945361 ], [ -74.86089, 10.945718 ], [ -74.861531, 10.947088 ], [ -74.861528, 10.947293 ], [ -74.861285, 10.94725 ], [ -74.860622, 10.946902 ], [ -74.860327, 10.946713 ], [ -74.859393, 10.946247 ], [ -74.859019, 10.946031 ], [ -74.858602, 10.945753 ] ] ], [ [ [ -74.857191, 10.945114 ], [ -74.855866, 10.944865 ], [ -74.855902, 10.944277 ], [ -74.855941, 10.94419 ], [ -74.856042, 10.944129 ], [ -74.856198, 10.944154 ], [ -74.858302, 10.944876 ], [ -74.85809, 10.945487 ], [ -74.857713, 10.9453 ], [ -74.857191, 10.945114 ] ] ], [ [ [ -74.854934, 10.944883 ], [ -74.855177, 10.943827 ], [ -74.855512, 10.943928 ], [ -74.85564, 10.944076 ], [ -74.855612, 10.944564 ], [ -74.855577, 10.944863 ], [ -74.855064, 10.944903 ], [ -74.854934, 10.944883 ] ] ], [ [ [ -74.853082, 10.943238 ], [ -74.855114, 10.943812 ], [ -74.854838, 10.944868 ], [ -74.853708, 10.944696 ], [ -74.85283, 10.94462 ], [ -74.853034, 10.943366 ], [ -74.853082, 10.943238 ] ] ], [ [ [ -74.851984, 10.944547 ], [ -74.851578, 10.944453 ], [ -74.850899, 10.944167 ], [ -74.850433, 10.94403 ], [ -74.850479, 10.943525 ], [ -74.850391, 10.943219 ], [ -74.850404, 10.942421 ], [ -74.850567, 10.942527 ], [ -74.852939, 10.943172 ], [ -74.852602, 10.944601 ], [ -74.851984, 10.944547 ] ] ], [ [ [ -74.847337, 10.941964 ], [ -74.84722, 10.941899 ], [ -74.847141, 10.941786 ], [ -74.847121, 10.941651 ], [ -74.847143, 10.941562 ], [ -74.847224, 10.941451 ], [ -74.847302, 10.941402 ], [ -74.847437, 10.941377 ], [ -74.847528, 10.941395 ], [ -74.847644, 10.941469 ], [ -74.847697, 10.941544 ], [ -74.847725, 10.941632 ], [ -74.847714, 10.941768 ], [ -74.847643, 10.941885 ], [ -74.847569, 10.94194 ], [ -74.847425, 10.941977 ], [ -74.847337, 10.941964 ] ] ], [ [ [ -74.846847, 10.940767 ], [ -74.847198, 10.940622 ], [ -74.847585, 10.940693 ], [ -74.847997, 10.940937 ], [ -74.847671, 10.941294 ], [ -74.847556, 10.941282 ], [ -74.84738, 10.941295 ], [ -74.847241, 10.941313 ], [ -74.847151, 10.941361 ], [ -74.84709, 10.941433 ], [ -74.847042, 10.941535 ], [ -74.847043, 10.941828 ], [ -74.847104, 10.941881 ], [ -74.84711, 10.941989 ], [ -74.847043, 10.942031 ], [ -74.846669, 10.942446 ], [ -74.846538, 10.942399 ], [ -74.846053, 10.942075 ], [ -74.845549, 10.941512 ], [ -74.846388, 10.940983 ], [ -74.846847, 10.940767 ] ] ], [ [ [ -74.8491, 10.941634 ], [ -74.850038, 10.942181 ], [ -74.84997, 10.942992 ], [ -74.848564, 10.942709 ], [ -74.848503, 10.942649 ], [ -74.848479, 10.942566 ], [ -74.848514, 10.942237 ], [ -74.848682, 10.941531 ], [ -74.848738, 10.94139 ], [ -74.8491, 10.941634 ] ] ] ] } },
{ "type": "Feature", "properties": { "nombre": "San José", "localidad": null, "pieza_urba": null, "FUNDACION": null, "DESCRIP": null, "DNSDAD_POB": null, "AREA_Has": null }, "geometry": { "type": "MultiPolygon", "coordinates": [ [ [ [ -74.863554, 10.930804 ], [ -74.863035, 10.931239 ], [ -74.862261, 10.931965 ], [ -74.85409, 10.92439 ], [ -74.854948, 10.923994 ], [ -74.855895, 10.923838 ], [ -74.85603, 10.923845 ], [ -74.85678, 10.923993 ], [ -74.857632, 10.924185 ], [ -74.858826, 10.923956 ], [ -74.858847, 10.924121 ], [ -74.859061, 10.924031 ], [ -74.859095, 10.924211 ], [ -74.859806, 10.924077 ], [ -74.860056, 10.924357 ], [ -74.860982, 10.926445 ], [ -74.86142, 10.927115 ], [ -74.861506, 10.927199 ], [ -74.8617, 10.927524 ], [ -74.862373, 10.928302 ], [ -74.863005, 10.929248 ], [ -74.863403, 10.92906 ], [ -74.86361, 10.928998 ], [ -74.865048, 10.928691 ], [ -74.865357, 10.929135 ], [ -74.865392, 10.929156 ], [ -74.863554, 10.930804 ] ] ] ] } },
{ "type": "Feature", "properties": { "nombre": "Sevilla del Caribe", "localidad": null, "pieza_urba": null, "FUNDACION": null, "DESCRIP": null, "DNSDAD_POB": null, "AREA_Has": null }, "geometry": { "type": "MultiPolygon", "coordinates": [ [ [ [ -74.826843, 10.920359 ], [ -74.825412, 10.919953 ], [ -74.825634, 10.919034 ], [ -74.826085, 10.919112 ], [ -74.826885, 10.920356 ], [ -74.826843, 10.920359 ] ] ], [ [ [ -74.822837, 10.918323 ], [ -74.82428, 10.918699 ], [ -74.824046, 10.919583 ], [ -74.822629, 10.919178 ], [ -74.822837, 10.918323 ] ] ], [ [ [ -74.822728, 10.918295 ], [ -74.822494, 10.91913 ], [ -74.82191, 10.918986 ], [ -74.821721, 10.918886 ], [ -74.822045, 10.91806 ], [ -74.822728, 10.918295 ] ] ], [ [ [ -74.82206, 10.917966 ], [ -74.822211, 10.917536 ], [ -74.822894, 10.917728 ], [ -74.822793, 10.918146 ], [ -74.82206, 10.917966 ] ] ], [ [ [ -74.822915, 10.91762 ], [ -74.822247, 10.917435 ], [ -74.822564, 10.91653 ], [ -74.823158, 10.916705 ], [ -74.822915, 10.91762 ] ] ], [ [ [ -74.824599, 10.917092 ], [ -74.824339, 10.918004 ], [ -74.82303, 10.917649 ], [ -74.823276, 10.916729 ], [ -74.824599, 10.917092 ] ] ], [ [ [ -74.823312, 10.915968 ], [ -74.823686, 10.916315 ], [ -74.824194, 10.916012 ], [ -74.824842, 10.917011 ], [ -74.822534, 10.916393 ], [ -74.823312, 10.915968 ] ] ], [ [ [ -74.825538, 10.91831 ], [ -74.824427, 10.918025 ], [ -74.824686, 10.917085 ], [ -74.824773, 10.917113 ], [ -74.825538, 10.91831 ] ] ], [ [ [ -74.825518, 10.918991 ], [ -74.825468, 10.919207 ], [ -74.824363, 10.918886 ], [ -74.824428, 10.918714 ], [ -74.825518, 10.918991 ] ] ], [ [ [ -74.827537, 10.921342 ], [ -74.82619, 10.921147 ], [ -74.826421, 10.920335 ], [ -74.826996, 10.920487 ], [ -74.827537, 10.921342 ] ] ], [ [ [ -74.82301, 10.91777 ], [ -74.825684, 10.918474 ], [ -74.825991, 10.919026 ], [ -74.822881, 10.91823 ], [ -74.82301, 10.91777 ] ] ] ] } },
{ "type": "Feature", "properties": { "nombre": "Altos de los almendros", "localidad": null, "pieza_urba": null, "FUNDACION": null, "DESCRIP": null, "DNSDAD_POB": null, "AREA_Has": null }, "geometry": { "type": "MultiPolygon", "coordinates": [ [ [ [ -74.81942, 10.910015 ], [ -74.819867, 10.909315 ], [ -74.819934, 10.909347 ], [ -74.819661, 10.910101 ], [ -74.81942, 10.910015 ] ] ], [ [ [ -74.819797, 10.910108 ], [ -74.820052, 10.909404 ], [ -74.820093, 10.909424 ], [ -74.820198, 10.909262 ], [ -74.820827, 10.909564 ], [ -74.820535, 10.910369 ], [ -74.819797, 10.910108 ] ] ], [ [ [ -74.81879, 10.911002 ], [ -74.81938, 10.910078 ], [ -74.820516, 10.91048 ], [ -74.819936, 10.91208 ], [ -74.818575, 10.911598 ], [ -74.81879, 10.911002 ] ] ], [ [ [ -74.819988, 10.912098 ], [ -74.820568, 10.910498 ], [ -74.820697, 10.910544 ], [ -74.820117, 10.912144 ], [ -74.819988, 10.912098 ] ] ], [ [ [ -74.816688, 10.912179 ], [ -74.817027, 10.911243 ], [ -74.817544, 10.911426 ], [ -74.817205, 10.912362 ], [ -74.816688, 10.912179 ] ] ], [ [ [ -74.820169, 10.912162 ], [ -74.820749, 10.910562 ], [ -74.822181, 10.911069 ], [ -74.821602, 10.912669 ], [ -74.820169, 10.912162 ] ] ], [ [ [ -74.817256, 10.91238 ], [ -74.817595, 10.911444 ], [ -74.818461, 10.91175 ], [ -74.818122, 10.912686 ], [ -74.817256, 10.91238 ] ] ], [ [ [ -74.81608, 10.912762 ], [ -74.816917, 10.911386 ], [ -74.81638, 10.912868 ], [ -74.81608, 10.912762 ] ] ], [ [ [ -74.816432, 10.912886 ], [ -74.81667, 10.91223 ], [ -74.817186, 10.912413 ], [ -74.816949, 10.913069 ], [ -74.816432, 10.912886 ] ] ], [ [ [ -74.815979, 10.912928 ], [ -74.816051, 10.912809 ], [ -74.816457, 10.912953 ], [ -74.81641, 10.91308 ], [ -74.815979, 10.912928 ] ] ], [ [ [ -74.818174, 10.912705 ], [ -74.818556, 10.911649 ], [ -74.819918, 10.912131 ], [ -74.819535, 10.913186 ], [ -74.818174, 10.912705 ] ] ], [ [ [ -74.819588, 10.913205 ], [ -74.81997, 10.912149 ], [ -74.820099, 10.912195 ], [ -74.819717, 10.91325 ], [ -74.819588, 10.913205 ] ] ], [ [ [ -74.817857, 10.91339 ], [ -74.817004, 10.913086 ], [ -74.817009, 10.913069 ], [ -74.817056, 10.913047 ], [ -74.817048, 10.913029 ], [ -74.817076, 10.912993 ], [ -74.817067, 10.912974 ], [ -74.817086, 10.912966 ], [ -74.817077, 10.912947 ], [ -74.817105, 10.912912 ], [ -74.817097, 10.912893 ], [ -74.817115, 10.912884 ], [ -74.817116, 10.912839 ], [ -74.817135, 10.91283 ], [ -74.817126, 10.912812 ], [ -74.817145, 10.912803 ], [ -74.817136, 10.912785 ], [ -74.817154, 10.912776 ], [ -74.817155, 10.912731 ], [ -74.817174, 10.912722 ], [ -74.817165, 10.912704 ], [ -74.817194, 10.912668 ], [ -74.817185, 10.912649 ], [ -74.817203, 10.912641 ], [ -74.817195, 10.912622 ], [ -74.817223, 10.912587 ], [ -74.817214, 10.912568 ], [ -74.817233, 10.91256 ], [ -74.817224, 10.912541 ], [ -74.817252, 10.912505 ], [ -74.817244, 10.912487 ], [ -74.817262, 10.912478 ], [ -74.817254, 10.91246 ], [ -74.81723, 10.912461 ], [ -74.817238, 10.912435 ], [ -74.8181, 10.912738 ], [ -74.818095, 10.912755 ], [ -74.818048, 10.912778 ], [ -74.818056, 10.912796 ], [ -74.818038, 10.912805 ], [ -74.818047, 10.912823 ], [ -74.818018, 10.912859 ], [ -74.818027, 10.912877 ], [ -74.818008, 10.912886 ], [ -74.818017, 10.912904 ], [ -74.817989, 10.91294 ], [ -74.817998, 10.912959 ], [ -74.817979, 10.912967 ], [ -74.817988, 10.912986 ], [ -74.817959, 10.913021 ], [ -74.817968, 10.91304 ], [ -74.81794, 10.913076 ], [ -74.817949, 10.913094 ], [ -74.81793, 10.913103 ], [ -74.817939, 10.913121 ], [ -74.81792, 10.91313 ], [ -74.817929, 10.913148 ], [ -74.817901, 10.913184 ], [ -74.817909, 10.913202 ], [ -74.817891, 10.913211 ], [ -74.817899, 10.913229 ], [ -74.817871, 10.913265 ], [ -74.81788, 10.913284 ], [ -74.817861, 10.913292 ], [ -74.81787, 10.913311 ], [ -74.817842, 10.913346 ], [ -74.81785, 10.913365 ], [ -74.817874, 10.913365 ], [ -74.817857, 10.91339 ] ] ], [ [ [ -74.816441, 10.913091 ], [ -74.816487, 10.912963 ], [ -74.817848, 10.913445 ], [ -74.817801, 10.913572 ], [ -74.816441, 10.913091 ] ] ], [ [ [ -74.817918, 10.913412 ], [ -74.818155, 10.912756 ], [ -74.818948, 10.913036 ], [ -74.81871, 10.913692 ], [ -74.817918, 10.913412 ] ] ], [ [ [ -74.819768, 10.913269 ], [ -74.820151, 10.912213 ], [ -74.821583, 10.91272 ], [ -74.821201, 10.913775 ], [ -74.819768, 10.913269 ] ] ], [ [ [ -74.819024, 10.913101 ], [ -74.819015, 10.913083 ], [ -74.818992, 10.913084 ], [ -74.819001, 10.913058 ], [ -74.819517, 10.913237 ], [ -74.819279, 10.913893 ], [ -74.818765, 10.913707 ], [ -74.818818, 10.91367 ], [ -74.818809, 10.913652 ], [ -74.818827, 10.913643 ], [ -74.818828, 10.913597 ], [ -74.818847, 10.913589 ], [ -74.818838, 10.91357 ], [ -74.818857, 10.913562 ], [ -74.818858, 10.913516 ], [ -74.818886, 10.91348 ], [ -74.818887, 10.913435 ], [ -74.818906, 10.913426 ], [ -74.818897, 10.913408 ], [ -74.818916, 10.913399 ], [ -74.818907, 10.913381 ], [ -74.818935, 10.913345 ], [ -74.818927, 10.913327 ], [ -74.818945, 10.913318 ], [ -74.818936, 10.9133 ], [ -74.818965, 10.913264 ], [ -74.818956, 10.913245 ], [ -74.818975, 10.913237 ], [ -74.818966, 10.913218 ], [ -74.818994, 10.913183 ], [ -74.818985, 10.913164 ], [ -74.819004, 10.913155 ], [ -74.819005, 10.91311 ], [ -74.819024, 10.913101 ] ] ], [ [ [ -74.819332, 10.913912 ], [ -74.819569, 10.913256 ], [ -74.819698, 10.913301 ], [ -74.819461, 10.913958 ], [ -74.819332, 10.913912 ] ] ], [ [ [ -74.819208, 10.91407 ], [ -74.817853, 10.913591 ], [ -74.817899, 10.913463 ], [ -74.819259, 10.913952 ], [ -74.819208, 10.91407 ] ] ], [ [ [ -74.819316, 10.913964 ], [ -74.81944, 10.91401 ], [ -74.819395, 10.914135 ], [ -74.819269, 10.91409 ], [ -74.819316, 10.913964 ] ] ], [ [ [ -74.819986, 10.91421 ], [ -74.820397, 10.914346 ], [ -74.820351, 10.914474 ], [ -74.819942, 10.91433 ], [ -74.819986, 10.91421 ] ] ], [ [ [ -74.819512, 10.913976 ], [ -74.81975, 10.91332 ], [ -74.821182, 10.913826 ], [ -74.820945, 10.914483 ], [ -74.819512, 10.913976 ] ] ], [ [ [ -74.820446, 10.914373 ], [ -74.820926, 10.914534 ], [ -74.82088, 10.914661 ], [ -74.820402, 10.914492 ], [ -74.820446, 10.914373 ] ] ] ] } },
{ "type": "Feature", "properties": { "nombre": "PESCARA-INACAR", "localidad": null, "pieza_urba": null, "FUNDACION": null, "DESCRIP": null, "DNSDAD_POB": null, "AREA_Has": null }, "geometry": { "type": "Polygon", "coordinates": [ [ [ -74.810073, 10.909656 ], [ -74.809009, 10.909229 ], [ -74.809457, 10.908161 ], [ -74.809594, 10.907926 ], [ -74.809, 10.907581 ], [ -74.809747, 10.906375 ], [ -74.810311, 10.906622 ], [ -74.810835, 10.906874 ], [ -74.811179, 10.907056 ], [ -74.8115, 10.907253 ], [ -74.812347, 10.907515 ], [ -74.812236, 10.907614 ], [ -74.811948, 10.907805 ], [ -74.811811, 10.907851 ], [ -74.81145, 10.907911 ], [ -74.811243, 10.907966 ], [ -74.811075, 10.908068 ], [ -74.811117, 10.908072 ], [ -74.811042, 10.908126 ], [ -74.810903, 10.908278 ], [ -74.810359, 10.909017 ], [ -74.810301, 10.909112 ], [ -74.810073, 10.909656 ] ] ] } },
{ "type": "Feature", "properties": { "nombre": "Ciudad del parque", "localidad": null, "pieza_urba": null, "FUNDACION": null, "DESCRIP": null, "DNSDAD_POB": null, "AREA_Has": null }, "geometry": { "type": "Polygon", "coordinates": [ [ [ -74.812565, 10.913275 ], [ -74.812515, 10.913167 ], [ -74.812961, 10.911595 ], [ -74.813061, 10.911293 ], [ -74.814373, 10.909598 ], [ -74.815222, 10.908003 ], [ -74.815218, 10.907974 ], [ -74.815156, 10.907841 ], [ -74.815045, 10.907743 ], [ -74.813346, 10.907047 ], [ -74.812874, 10.90819 ], [ -74.811075, 10.908068 ], [ -74.811243, 10.907966 ], [ -74.81145, 10.907911 ], [ -74.811811, 10.907851 ], [ -74.811948, 10.907805 ], [ -74.812236, 10.907614 ], [ -74.812397, 10.907466 ], [ -74.81155, 10.907202 ], [ -74.811174, 10.906973 ], [ -74.810871, 10.906813 ], [ -74.810909, 10.906526 ], [ -74.811009, 10.905999 ], [ -74.811203, 10.906031 ], [ -74.811564, 10.906129 ], [ -74.812198, 10.906382 ], [ -74.812378, 10.906428 ], [ -74.812552, 10.905718 ], [ -74.81266, 10.905048 ], [ -74.812934, 10.905039 ], [ -74.813261, 10.905077 ], [ -74.813685, 10.905169 ], [ -74.813838, 10.905174 ], [ -74.814185, 10.905122 ], [ -74.814231, 10.905023 ], [ -74.814149, 10.904528 ], [ -74.814149, 10.904282 ], [ -74.814204, 10.903638 ], [ -74.814289, 10.903174 ], [ -74.814315, 10.903104 ], [ -74.814425, 10.903062 ], [ -74.8149, 10.902963 ], [ -74.815202, 10.902657 ], [ -74.815434, 10.902459 ], [ -74.815718, 10.902131 ], [ -74.815913, 10.90206 ], [ -74.816493, 10.901971 ], [ -74.817006, 10.901916 ], [ -74.81787, 10.902082 ], [ -74.817975, 10.902082 ], [ -74.81822, 10.901993 ], [ -74.818344, 10.901925 ], [ -74.8185, 10.901805 ], [ -74.818614, 10.901746 ], [ -74.819001, 10.901687 ], [ -74.819169, 10.901685 ], [ -74.819169, 10.901718 ], [ -74.819125, 10.901735 ], [ -74.819094, 10.901769 ], [ -74.816659, 10.906159 ], [ -74.818025, 10.90692 ], [ -74.819088, 10.907562 ], [ -74.819029, 10.907683 ], [ -74.818653, 10.908285 ], [ -74.818476, 10.908626 ], [ -74.818438, 10.908835 ], [ -74.818143, 10.909475 ], [ -74.817073, 10.90882 ], [ -74.814957, 10.912006 ], [ -74.814581, 10.912553 ], [ -74.814539, 10.912536 ], [ -74.814056, 10.913215 ], [ -74.813791, 10.913236 ], [ -74.813119, 10.913244 ], [ -74.813004, 10.913261 ], [ -74.812565, 10.913275 ] ] ] } },
{ "type": "Feature", "properties": { "nombre": "Combarranquilla", "localidad": null, "pieza_urba": null, "FUNDACION": null, "DESCRIP": null, "DNSDAD_POB": null, "AREA_Has": null }, "geometry": { "type": "MultiPolygon", "coordinates": [ [ [ [ -74.813064, 10.907919 ], [ -74.813371, 10.907178 ], [ -74.813575, 10.907261 ], [ -74.813267, 10.908001 ], [ -74.813064, 10.907919 ] ] ], [ [ [ -74.8141, 10.907709 ], [ -74.814184, 10.907508 ], [ -74.814919, 10.907806 ], [ -74.814816, 10.907999 ], [ -74.8141, 10.907709 ] ] ], [ [ [ -74.813334, 10.908029 ], [ -74.813642, 10.907288 ], [ -74.813845, 10.907371 ], [ -74.813537, 10.908111 ], [ -74.813334, 10.908029 ] ] ], [ [ [ -74.813605, 10.908139 ], [ -74.813913, 10.907398 ], [ -74.814116, 10.90748 ], [ -74.813808, 10.908221 ], [ -74.813605, 10.908139 ] ] ], [ [ [ -74.813876, 10.908249 ], [ -74.814072, 10.907775 ], [ -74.814276, 10.907858 ], [ -74.814079, 10.908331 ], [ -74.813876, 10.908249 ] ] ], [ [ [ -74.814146, 10.908359 ], [ -74.814343, 10.907885 ], [ -74.814782, 10.908063 ], [ -74.814695, 10.908226 ], [ -74.814416, 10.908114 ], [ -74.81429, 10.908417 ], [ -74.814146, 10.908359 ] ] ], [ [ [ -74.814607, 10.908546 ], [ -74.814987, 10.907834 ], [ -74.815191, 10.907917 ], [ -74.814811, 10.908629 ], [ -74.814607, 10.908546 ] ] ], [ [ [ -74.813393, 10.908649 ], [ -74.81356, 10.908248 ], [ -74.813763, 10.90833 ], [ -74.813596, 10.908731 ], [ -74.813393, 10.908649 ] ] ], [ [ [ -74.812685, 10.90883 ], [ -74.813019, 10.908028 ], [ -74.813222, 10.90811 ], [ -74.812888, 10.908913 ], [ -74.812685, 10.90883 ] ] ], [ [ [ -74.812956, 10.90894 ], [ -74.813289, 10.908138 ], [ -74.813492, 10.90822 ], [ -74.813159, 10.909023 ], [ -74.812956, 10.90894 ] ] ], [ [ [ -74.813497, 10.90916 ], [ -74.813831, 10.908358 ], [ -74.814482, 10.908622 ], [ -74.814071, 10.909394 ], [ -74.813497, 10.90916 ] ] ], [ [ [ -74.814139, 10.909421 ], [ -74.81455, 10.90865 ], [ -74.814754, 10.908733 ], [ -74.814346, 10.909505 ], [ -74.814139, 10.909421 ] ] ], [ [ [ -74.813372, 10.909461 ], [ -74.813456, 10.90926 ], [ -74.814016, 10.909488 ], [ -74.813879, 10.909667 ], [ -74.813372, 10.909461 ] ] ], [ [ [ -74.812351, 10.909633 ], [ -74.812643, 10.908931 ], [ -74.812846, 10.909013 ], [ -74.812554, 10.909716 ], [ -74.812351, 10.909633 ] ] ], [ [ [ -74.812622, 10.909743 ], [ -74.812914, 10.909041 ], [ -74.813117, 10.909123 ], [ -74.812825, 10.909826 ], [ -74.812622, 10.909743 ] ] ], [ [ [ -74.812893, 10.909853 ], [ -74.813185, 10.909151 ], [ -74.813388, 10.909233 ], [ -74.813096, 10.909936 ], [ -74.812893, 10.909853 ] ] ], [ [ [ -74.813272, 10.909701 ], [ -74.813344, 10.909528 ], [ -74.813834, 10.909727 ], [ -74.813538, 10.910115 ], [ -74.813417, 10.910066 ], [ -74.813526, 10.909804 ], [ -74.813272, 10.909701 ] ] ], [ [ [ -74.813608, 10.910144 ], [ -74.814086, 10.909517 ], [ -74.814296, 10.909602 ], [ -74.813818, 10.910229 ], [ -74.813608, 10.910144 ] ] ], [ [ [ -74.813016, 10.910224 ], [ -74.813088, 10.91005 ], [ -74.813467, 10.910204 ], [ -74.813348, 10.910359 ], [ -74.813016, 10.910224 ] ] ], [ [ [ -74.81208, 10.910285 ], [ -74.81231, 10.909734 ], [ -74.812513, 10.909816 ], [ -74.812283, 10.910368 ], [ -74.81208, 10.910285 ] ] ], [ [ [ -74.812351, 10.910395 ], [ -74.81258, 10.909843 ], [ -74.812783, 10.909926 ], [ -74.812554, 10.910478 ], [ -74.812351, 10.910395 ] ] ], [ [ [ -74.811969, 10.910553 ], [ -74.812053, 10.910352 ], [ -74.812526, 10.910545 ], [ -74.812443, 10.910745 ], [ -74.811969, 10.910553 ] ] ], [ [ [ -74.812745, 10.910174 ], [ -74.813326, 10.910413 ], [ -74.812906, 10.910961 ], [ -74.812486, 10.910788 ], [ -74.812745, 10.910174 ] ] ], [ [ [ -74.812977, 10.910962 ], [ -74.813538, 10.910232 ], [ -74.813749, 10.910318 ], [ -74.813187, 10.911048 ], [ -74.812977, 10.910962 ] ] ], [ [ [ -74.811959, 10.910655 ], [ -74.812014, 10.910659 ], [ -74.813026, 10.91107 ], [ -74.813088, 10.911137 ], [ -74.813085, 10.911211 ], [ -74.813035, 10.911265 ], [ -74.812962, 10.911275 ], [ -74.811931, 10.91086 ], [ -74.811879, 10.91081 ], [ -74.811868, 10.910756 ], [ -74.811895, 10.910689 ], [ -74.811959, 10.910655 ] ] ], [ [ [ -74.81174, 10.911105 ], [ -74.811823, 10.910905 ], [ -74.812647, 10.911239 ], [ -74.812593, 10.911452 ], [ -74.81174, 10.911105 ] ] ], [ [ [ -74.812284, 10.911628 ], [ -74.812356, 10.911453 ], [ -74.812587, 10.911547 ], [ -74.81254, 10.911732 ], [ -74.812284, 10.911628 ] ] ], [ [ [ -74.81141, 10.9119 ], [ -74.811705, 10.911189 ], [ -74.811908, 10.911271 ], [ -74.811613, 10.911982 ], [ -74.81141, 10.9119 ] ] ], [ [ [ -74.811792, 10.911741 ], [ -74.811875, 10.911541 ], [ -74.812522, 10.911803 ], [ -74.812468, 10.912016 ], [ -74.811792, 10.911741 ] ] ], [ [ [ -74.81168, 10.912009 ], [ -74.811764, 10.911809 ], [ -74.81245, 10.912086 ], [ -74.812395, 10.912299 ], [ -74.81168, 10.912009 ] ] ], [ [ [ -74.812464, 10.912327 ], [ -74.812733, 10.911272 ], [ -74.812962, 10.911365 ], [ -74.812838, 10.911748 ], [ -74.812669, 10.91241 ], [ -74.812464, 10.912327 ] ] ] ] } },
{ "type": "Feature", "properties": { "nombre": "El tesoro", "localidad": null, "pieza_urba": null, "FUNDACION": null, "DESCRIP": null, "DNSDAD_POB": null, "AREA_Has": null }, "geometry": { "type": "MultiPolygon", "coordinates": [ [ [ [ -74.807803, 10.908679 ], [ -74.807601, 10.908593 ], [ -74.807578, 10.908642 ], [ -74.807197, 10.908473 ], [ -74.807205, 10.908421 ], [ -74.806451, 10.908055 ], [ -74.806887, 10.907209 ], [ -74.808197, 10.907807 ], [ -74.807803, 10.908679 ] ] ], [ [ [ -74.807803, 10.908679 ], [ -74.808419, 10.907333 ], [ -74.808878, 10.907607 ], [ -74.808922, 10.907536 ], [ -74.809594, 10.907926 ], [ -74.808842, 10.909214 ], [ -74.807803, 10.908679 ] ] ] ] } },
{ "type": "Feature", "properties": { "nombre": "Ciudad salitre", "localidad": null, "pieza_urba": null, "FUNDACION": null, "DESCRIP": null, "DNSDAD_POB": null, "AREA_Has": null }, "geometry": { "type": "MultiPolygon", "coordinates": [ [ [ [ -74.816426, 10.878212 ], [ -74.816565, 10.87823 ], [ -74.816904, 10.878389 ], [ -74.816915, 10.878406 ], [ -74.816349, 10.879048 ], [ -74.815808, 10.878582 ], [ -74.815894, 10.878482 ], [ -74.816017, 10.87838 ], [ -74.81629, 10.878248 ], [ -74.816426, 10.878212 ] ] ], [ [ [ -74.815272, 10.879005 ], [ -74.815279, 10.879016 ], [ -74.815073, 10.879252 ], [ -74.814977, 10.879176 ], [ -74.815272, 10.879005 ] ] ], [ [ [ -74.817015, 10.87847 ], [ -74.817376, 10.87864 ], [ -74.817392, 10.878666 ], [ -74.81733, 10.878912 ], [ -74.817246, 10.879147 ], [ -74.81714, 10.879373 ], [ -74.817005, 10.879592 ], [ -74.81645, 10.879116 ], [ -74.817015, 10.87847 ] ] ], [ [ [ -74.815746, 10.878653 ], [ -74.816291, 10.879119 ], [ -74.815747, 10.879747 ], [ -74.815708, 10.879763 ], [ -74.8152, 10.87934 ], [ -74.815184, 10.879305 ], [ -74.815196, 10.879276 ], [ -74.815746, 10.878653 ] ] ], [ [ [ -74.813936, 10.879655 ], [ -74.813944, 10.87967 ], [ -74.813803, 10.87983 ], [ -74.813654, 10.87982 ], [ -74.813936, 10.879655 ] ] ], [ [ [ -74.814814, 10.879264 ], [ -74.814873, 10.879274 ], [ -74.814906, 10.879304 ], [ -74.814921, 10.879361 ], [ -74.814906, 10.879403 ], [ -74.814347, 10.87998 ], [ -74.813948, 10.879867 ], [ -74.813949, 10.879845 ], [ -74.814084, 10.879696 ], [ -74.814208, 10.879596 ], [ -74.814814, 10.879264 ] ] ], [ [ [ -74.813874, 10.879936 ], [ -74.814254, 10.880046 ], [ -74.814264, 10.880064 ], [ -74.814249, 10.880084 ], [ -74.814123, 10.880088 ], [ -74.813775, 10.88046 ], [ -74.813779, 10.88058 ], [ -74.813575, 10.8808 ], [ -74.813536, 10.880804 ], [ -74.81329, 10.880671 ], [ -74.813272, 10.88064 ], [ -74.813283, 10.880606 ], [ -74.813874, 10.879936 ] ] ], [ [ [ -74.814402, 10.8801 ], [ -74.814992, 10.880603 ], [ -74.814408, 10.881269 ], [ -74.81372, 10.880902 ], [ -74.813696, 10.880866 ], [ -74.813708, 10.880832 ], [ -74.814402, 10.8801 ] ] ], [ [ [ -74.812177, 10.881619 ], [ -74.812262, 10.881625 ], [ -74.812267, 10.881634 ], [ -74.812204, 10.881702 ], [ -74.812177, 10.881619 ] ] ], [ [ [ -74.813162, 10.880758 ], [ -74.813431, 10.88089 ], [ -74.813448, 10.88092 ], [ -74.813441, 10.880948 ], [ -74.81245, 10.882083 ], [ -74.812423, 10.882098 ], [ -74.812393, 10.882093 ], [ -74.812266, 10.881807 ], [ -74.812269, 10.881766 ], [ -74.812786, 10.881175 ], [ -74.812911, 10.881166 ], [ -74.813116, 10.880931 ], [ -74.813106, 10.880808 ], [ -74.813162, 10.880758 ] ] ], [ [ [ -74.811394, 10.881589 ], [ -74.812037, 10.881632 ], [ -74.812069, 10.881659 ], [ -74.812104, 10.881767 ], [ -74.81097, 10.883072 ], [ -74.810949, 10.883077 ], [ -74.810463, 10.882649 ], [ -74.811394, 10.881589 ] ] ], [ [ [ -74.81214, 10.881929 ], [ -74.81217, 10.881934 ], [ -74.81219, 10.881956 ], [ -74.812297, 10.882219 ], [ -74.812294, 10.88226 ], [ -74.812068, 10.882519 ], [ -74.811944, 10.882527 ], [ -74.811548, 10.882972 ], [ -74.811556, 10.883095 ], [ -74.811313, 10.883364 ], [ -74.81129, 10.883368 ], [ -74.811062, 10.883174 ], [ -74.811058, 10.883151 ], [ -74.81214, 10.881929 ] ] ], [ [ [ -74.810399, 10.882725 ], [ -74.810896, 10.883152 ], [ -74.810238, 10.883908 ], [ -74.810192, 10.883922 ], [ -74.809713, 10.883507 ], [ -74.810399, 10.882725 ] ] ], [ [ [ -74.812014, 10.883988 ], [ -74.811395, 10.883445 ], [ -74.812324, 10.882407 ], [ -74.812356, 10.882398 ], [ -74.812377, 10.882416 ], [ -74.812703, 10.883225 ], [ -74.81204, 10.883986 ], [ -74.812014, 10.883988 ] ], [ [ -74.812372, 10.882463 ], [ -74.81233, 10.882456 ], [ -74.811428, 10.883462 ], [ -74.812024, 10.883977 ], [ -74.812682, 10.88323 ], [ -74.812372, 10.882463 ] ] ], [ [ [ -74.810998, 10.88321 ], [ -74.811022, 10.883216 ], [ -74.811249, 10.883409 ], [ -74.811257, 10.88344 ], [ -74.810554, 10.884208 ], [ -74.810521, 10.884225 ], [ -74.810485, 10.884217 ], [ -74.810305, 10.884063 ], [ -74.8103, 10.884001 ], [ -74.810998, 10.88321 ] ] ], [ [ [ -74.812465, 10.882247 ], [ -74.812814, 10.881842 ], [ -74.813136, 10.882172 ], [ -74.813427, 10.882514 ], [ -74.813685, 10.883214 ], [ -74.813732, 10.88338 ], [ -74.813856, 10.883492 ], [ -74.813393, 10.884333 ], [ -74.813298, 10.884234 ], [ -74.813186, 10.884062 ], [ -74.813149, 10.883977 ], [ -74.813187, 10.883888 ], [ -74.812942, 10.883288 ], [ -74.812853, 10.883251 ], [ -74.812716, 10.882913 ], [ -74.812753, 10.882826 ], [ -74.812551, 10.882331 ], [ -74.812461, 10.882287 ], [ -74.812465, 10.882247 ] ] ], [ [ [ -74.812735, 10.883333 ], [ -74.812755, 10.883344 ], [ -74.813077, 10.884127 ], [ -74.813221, 10.884351 ], [ -74.81321, 10.884378 ], [ -74.812882, 10.884722 ], [ -74.812104, 10.884059 ], [ -74.812735, 10.883333 ] ] ], [ [ [ -74.809622, 10.883615 ], [ -74.810091, 10.884007 ], [ -74.810106, 10.88405 ], [ -74.809501, 10.884737 ], [ -74.809011, 10.88431 ], [ -74.809622, 10.883615 ] ] ], [ [ [ -74.811329, 10.88352 ], [ -74.811967, 10.884063 ], [ -74.811276, 10.884849 ], [ -74.810652, 10.884322 ], [ -74.810638, 10.884287 ], [ -74.810649, 10.884259 ], [ -74.811329, 10.88352 ] ] ], [ [ [ -74.810222, 10.884105 ], [ -74.810264, 10.884112 ], [ -74.810439, 10.884261 ], [ -74.810451, 10.884293 ], [ -74.810441, 10.884326 ], [ -74.809441, 10.885396 ], [ -74.809416, 10.8854 ], [ -74.809182, 10.885324 ], [ -74.809177, 10.885284 ], [ -74.810193, 10.884122 ], [ -74.810222, 10.884105 ] ] ], [ [ [ -74.811946, 10.885427 ], [ -74.811354, 10.884913 ], [ -74.812046, 10.884127 ], [ -74.812822, 10.884794 ], [ -74.812534, 10.885139 ], [ -74.812364, 10.885374 ], [ -74.812314, 10.885379 ], [ -74.812174, 10.885271 ], [ -74.812138, 10.885262 ], [ -74.812107, 10.885281 ], [ -74.812004, 10.885429 ], [ -74.811946, 10.885427 ] ] ], [ [ [ -74.810527, 10.884404 ], [ -74.810568, 10.884414 ], [ -74.811067, 10.884853 ], [ -74.810359, 10.885665 ], [ -74.81034, 10.885671 ], [ -74.809582, 10.885426 ], [ -74.809582, 10.885403 ], [ -74.810527, 10.884404 ] ] ], [ [ [ -74.811135, 10.884909 ], [ -74.81159, 10.885288 ], [ -74.811592, 10.885312 ], [ -74.810997, 10.885878 ], [ -74.810457, 10.885707 ], [ -74.810454, 10.885681 ], [ -74.811135, 10.884909 ] ] ], [ [ [ -74.811666, 10.88536 ], [ -74.811884, 10.885539 ], [ -74.811898, 10.885585 ], [ -74.811554, 10.886104 ], [ -74.811507, 10.886124 ], [ -74.811125, 10.885904 ], [ -74.811116, 10.885886 ], [ -74.811666, 10.88536 ] ] ], [ [ [ -74.809131, 10.885346 ], [ -74.809371, 10.88542 ], [ -74.809383, 10.885455 ], [ -74.808415, 10.886468 ], [ -74.808373, 10.886478 ], [ -74.808235, 10.886449 ], [ -74.808214, 10.886412 ], [ -74.808227, 10.886371 ], [ -74.809131, 10.885346 ] ] ], [ [ [ -74.809503, 10.885489 ], [ -74.810267, 10.885733 ], [ -74.810278, 10.885757 ], [ -74.809404, 10.886755 ], [ -74.808588, 10.886495 ], [ -74.808576, 10.886472 ], [ -74.808585, 10.886448 ], [ -74.809503, 10.885489 ] ] ], [ [ [ -74.81038, 10.885771 ], [ -74.810881, 10.885929 ], [ -74.810893, 10.885947 ], [ -74.81028, 10.88701 ], [ -74.810231, 10.887024 ], [ -74.809509, 10.886791 ], [ -74.809506, 10.886765 ], [ -74.81038, 10.885771 ] ] ], [ [ [ -74.808127, 10.886503 ], [ -74.808264, 10.886526 ], [ -74.808291, 10.886561 ], [ -74.808283, 10.886604 ], [ -74.807809, 10.887091 ], [ -74.807767, 10.887101 ], [ -74.80769, 10.887073 ], [ -74.807669, 10.887035 ], [ -74.807682, 10.886994 ], [ -74.808095, 10.886521 ], [ -74.808127, 10.886503 ] ] ], [ [ [ -74.808458, 10.88659 ], [ -74.810149, 10.887129 ], [ -74.810176, 10.887152 ], [ -74.810178, 10.887187 ], [ -74.809885, 10.887695 ], [ -74.809846, 10.887718 ], [ -74.807989, 10.887134 ], [ -74.807971, 10.887102 ], [ -74.807984, 10.887067 ], [ -74.808458, 10.88659 ] ] ] ] } },
{ "type": "Feature", "properties": { "nombre": "Nueva esperanza", "localidad": null, "pieza_urba": null, "FUNDACION": null, "DESCRIP": null, "DNSDAD_POB": null, "AREA_Has": null }, "geometry": { "type": "Polygon", "coordinates": [ [ [ -74.822018, 10.893613 ], [ -74.821255, 10.893384 ], [ -74.820518, 10.895384 ], [ -74.820044, 10.89525 ], [ -74.819348, 10.895007 ], [ -74.817411, 10.894177 ], [ -74.817328, 10.893872 ], [ -74.816909, 10.893539 ], [ -74.816493, 10.893138 ], [ -74.816494, 10.893123 ], [ -74.816486, 10.89313 ], [ -74.816239, 10.892864 ], [ -74.815762, 10.892195 ], [ -74.815541, 10.892284 ], [ -74.815444, 10.892111 ], [ -74.815281, 10.891571 ], [ -74.815151, 10.890972 ], [ -74.815157, 10.890856 ], [ -74.815234, 10.890782 ], [ -74.815341, 10.890728 ], [ -74.815355, 10.890696 ], [ -74.815023, 10.889644 ], [ -74.816191, 10.889719 ], [ -74.816769, 10.889813 ], [ -74.816996, 10.889878 ], [ -74.818304, 10.890379 ], [ -74.818488, 10.890499 ], [ -74.818689, 10.890724 ], [ -74.818773, 10.890786 ], [ -74.818933, 10.890862 ], [ -74.820001, 10.891123 ], [ -74.820242, 10.89116 ], [ -74.821242, 10.891255 ], [ -74.821635, 10.891191 ], [ -74.821908, 10.891164 ], [ -74.822066, 10.891178 ], [ -74.822107, 10.891152 ], [ -74.822138, 10.891073 ], [ -74.822182, 10.89104 ], [ -74.822294, 10.891012 ], [ -74.822387, 10.891019 ], [ -74.822531, 10.890921 ], [ -74.823114, 10.890916 ], [ -74.82315, 10.890975 ], [ -74.823595, 10.89091 ], [ -74.82395, 10.89082 ], [ -74.823968, 10.890876 ], [ -74.829015, 10.895668 ], [ -74.828761, 10.896265 ], [ -74.82843, 10.896725 ], [ -74.828062, 10.897156 ], [ -74.827836, 10.897659 ], [ -74.827685, 10.898235 ], [ -74.827494, 10.898527 ], [ -74.827428, 10.898744 ], [ -74.822018, 10.893613 ] ] ] } },
{ "type": "Feature", "properties": { "nombre": "Planes Parciales de Malambo", "localidad": null, "pieza_urba": null, "FUNDACION": null, "DESCRIP": null, "DNSDAD_POB": null, "AREA_Has": null }, "geometry": { "type": "Polygon", "coordinates": [ [ [ -74.783578, 10.834295 ], [ -74.782991, 10.836322 ], [ -74.780639, 10.836308 ], [ -74.780383, 10.837716 ], [ -74.778834, 10.837547 ], [ -74.777098, 10.837513 ], [ -74.777389, 10.836343 ], [ -74.777564, 10.833958 ], [ -74.783578, 10.834295 ] ] ] } },
{ "type": "Feature", "properties": { "nombre": "Planes Parciales de Malambo", "localidad": null, "pieza_urba": null, "FUNDACION": null, "DESCRIP": null, "DNSDAD_POB": null, "AREA_Has": null }, "geometry": { "type": "Polygon", "coordinates": [ [ [ -74.780835, 10.837765 ], [ -74.780573, 10.83873 ], [ -74.779758, 10.838677 ], [ -74.779624, 10.839547 ], [ -74.778173, 10.839436 ], [ -74.778046, 10.840412 ], [ -74.774438, 10.840151 ], [ -74.774416, 10.839911 ], [ -74.774746, 10.839941 ], [ -74.774395, 10.837455 ], [ -74.778834, 10.837547 ], [ -74.780835, 10.837765 ] ] ] } },
{ "type": "Feature", "properties": { "nombre": "Planes Parciales de Malambo", "localidad": null, "pieza_urba": null, "FUNDACION": null, "DESCRIP": null, "DNSDAD_POB": null, "AREA_Has": null }, "geometry": { "type": "Polygon", "coordinates": [ [ [ -74.759001, 10.843477 ], [ -74.758571, 10.842034 ], [ -74.758506, 10.841485 ], [ -74.758724, 10.841525 ], [ -74.759893, 10.841272 ], [ -74.762918, 10.840249 ], [ -74.76304, 10.840743 ], [ -74.763188, 10.840724 ], [ -74.765797, 10.83977 ], [ -74.766237, 10.839755 ], [ -74.770248, 10.841595 ], [ -74.770208, 10.842056 ], [ -74.76827, 10.841336 ], [ -74.767865, 10.84114 ], [ -74.761343, 10.842696 ], [ -74.759001, 10.843477 ] ] ] } },
{ "type": "Feature", "properties": { "nombre": "San pedrito", "localidad": null, "pieza_urba": null, "FUNDACION": null, "DESCRIP": null, "DNSDAD_POB": null, "AREA_Has": null }, "geometry": { "type": "Polygon", "coordinates": [ [ [ -74.786746, 10.898181 ], [ -74.785821, 10.89415 ], [ -74.785866, 10.894136 ], [ -74.785925, 10.894149 ], [ -74.786182, 10.894231 ], [ -74.786277, 10.894282 ], [ -74.786749, 10.894341 ], [ -74.78715, 10.894369 ], [ -74.787702, 10.894324 ], [ -74.787797, 10.894615 ], [ -74.787942, 10.895633 ], [ -74.78796, 10.896099 ], [ -74.787859, 10.896544 ], [ -74.787804, 10.896542 ], [ -74.7878, 10.896645 ], [ -74.787855, 10.896648 ], [ -74.787851, 10.896751 ], [ -74.787609, 10.898108 ], [ -74.786696, 10.898273 ], [ -74.786679, 10.898201 ], [ -74.786746, 10.898181 ] ] ] } },
{ "type": "Feature", "properties": { "nombre": "La Loma-Barlovento", "localidad": null, "pieza_urba": null, "FUNDACION": null, "DESCRIP": null, "DNSDAD_POB": null, "AREA_Has": null }, "geometry": { "type": "MultiPolygon", "coordinates": [ [ [ [ -74.776795, 10.996471 ], [ -74.77666, 10.996909 ], [ -74.776541, 10.997215 ], [ -74.774868, 10.996904 ], [ -74.774844, 10.996842 ], [ -74.774978, 10.996196 ], [ -74.775116, 10.995406 ], [ -74.775184, 10.9952 ], [ -74.776947, 10.995531 ], [ -74.776986, 10.995569 ], [ -74.776952, 10.995799 ], [ -74.776795, 10.996471 ] ] ], [ [ [ -74.776246, 10.998049 ], [ -74.776154, 10.99814 ], [ -74.776019, 10.998179 ], [ -74.775733, 10.998222 ], [ -74.77522, 10.998271 ], [ -74.774658, 10.998292 ], [ -74.774589, 10.998232 ], [ -74.774815, 10.996971 ], [ -74.776481, 10.997269 ], [ -74.776501, 10.997302 ], [ -74.7764, 10.997685 ], [ -74.776309, 10.997944 ], [ -74.776246, 10.998049 ] ] ], [ [ [ -74.773419, 10.998218 ], [ -74.773327, 10.998123 ], [ -74.773297, 10.998046 ], [ -74.7732, 10.997936 ], [ -74.773123, 10.997889 ], [ -74.772963, 10.99786 ], [ -74.772895, 10.997832 ], [ -74.772783, 10.99776 ], [ -74.772046, 10.996977 ], [ -74.771939, 10.996844 ], [ -74.771944, 10.996762 ], [ -74.772015, 10.996451 ], [ -74.772069, 10.996432 ], [ -74.773129, 10.99665 ], [ -74.773173, 10.996803 ], [ -74.773236, 10.996874 ], [ -74.773358, 10.996907 ], [ -74.773445, 10.996907 ], [ -74.773512, 10.996874 ], [ -74.773575, 10.99683 ], [ -74.773643, 10.996735 ], [ -74.774738, 10.996952 ], [ -74.774752, 10.996971 ], [ -74.774494, 10.998273 ], [ -74.774441, 10.998297 ], [ -74.77416, 10.998317 ], [ -74.773603, 10.998323 ], [ -74.773419, 10.998218 ] ] ], [ [ [ -74.77205, 10.996338 ], [ -74.772031, 10.996307 ], [ -74.772082, 10.996015 ], [ -74.772175, 10.995597 ], [ -74.772217, 10.99554 ], [ -74.773343, 10.995749 ], [ -74.773407, 10.995767 ], [ -74.773425, 10.995794 ], [ -74.773321, 10.996386 ], [ -74.773215, 10.996461 ], [ -74.773136, 10.996563 ], [ -74.77205, 10.996338 ] ] ], [ [ [ -74.774735, 10.996861 ], [ -74.773662, 10.996666 ], [ -74.773633, 10.996547 ], [ -74.773578, 10.996443 ], [ -74.773587, 10.996317 ], [ -74.773692, 10.995829 ], [ -74.773761, 10.99582 ], [ -74.77489, 10.996036 ], [ -74.774924, 10.996075 ], [ -74.774924, 10.996114 ], [ -74.774789, 10.996793 ], [ -74.774771, 10.996849 ], [ -74.774735, 10.996861 ] ] ], [ [ [ -74.772369, 10.994648 ], [ -74.773571, 10.994875 ], [ -74.773605, 10.994923 ], [ -74.773443, 10.995694 ], [ -74.773374, 10.995701 ], [ -74.772229, 10.995476 ], [ -74.772208, 10.995449 ], [ -74.772342, 10.994689 ], [ -74.772369, 10.994648 ] ] ], [ [ [ -74.773717, 10.995754 ], [ -74.77386, 10.994952 ], [ -74.775062, 10.995168 ], [ -74.775105, 10.995197 ], [ -74.774958, 10.995965 ], [ -74.774934, 10.995987 ], [ -74.773763, 10.995774 ], [ -74.773717, 10.995754 ] ] ], [ [ [ -74.7738, 10.993887 ], [ -74.773621, 10.994797 ], [ -74.773579, 10.994817 ], [ -74.773503, 10.994808 ], [ -74.772395, 10.994604 ], [ -74.772374, 10.994566 ], [ -74.772556, 10.993635 ], [ -74.77258, 10.993614 ], [ -74.773788, 10.993839 ], [ -74.7738, 10.993887 ] ] ], [ [ [ -74.775117, 10.995097 ], [ -74.775083, 10.995116 ], [ -74.773897, 10.994891 ], [ -74.773878, 10.994853 ], [ -74.773968, 10.994374 ], [ -74.774076, 10.993913 ], [ -74.774142, 10.99391 ], [ -74.775284, 10.994131 ], [ -74.775308, 10.994194 ], [ -74.775117, 10.995097 ] ] ], [ [ [ -74.776937, 10.995478 ], [ -74.775204, 10.995142 ], [ -74.775193, 10.995052 ], [ -74.775549, 10.993304 ], [ -74.775585, 10.993286 ], [ -74.777165, 10.993587 ], [ -74.777195, 10.993749 ], [ -74.777206, 10.994136 ], [ -74.77701, 10.995445 ], [ -74.777003, 10.99546 ], [ -74.776937, 10.995478 ] ] ], [ [ [ -74.771952, 10.996307 ], [ -74.771879, 10.996326 ], [ -74.771343, 10.996218 ], [ -74.770924, 10.995759 ], [ -74.77057, 10.99532 ], [ -74.770468, 10.99511 ], [ -74.770399, 10.994847 ], [ -74.770389, 10.994569 ], [ -74.770427, 10.994354 ], [ -74.770499, 10.994105 ], [ -74.770784, 10.993574 ], [ -74.771338, 10.992472 ], [ -74.771386, 10.992467 ], [ -74.772573, 10.992689 ], [ -74.772655, 10.992751 ], [ -74.772225, 10.994862 ], [ -74.771952, 10.996307 ] ] ], [ [ [ -74.771932, 10.996423 ], [ -74.771873, 10.99671 ], [ -74.771809, 10.996724 ], [ -74.771584, 10.996445 ], [ -74.771547, 10.996381 ], [ -74.771569, 10.996352 ], [ -74.771932, 10.996423 ] ] ], [ [ [ -74.773354, 10.996463 ], [ -74.773475, 10.996479 ], [ -74.773516, 10.996505 ], [ -74.773567, 10.996582 ], [ -74.773572, 10.996661 ], [ -74.773551, 10.99673 ], [ -74.77349, 10.996804 ], [ -74.773444, 10.996832 ], [ -74.773389, 10.996836 ], [ -74.773265, 10.996795 ], [ -74.773224, 10.996733 ], [ -74.773207, 10.996664 ], [ -74.773219, 10.996587 ], [ -74.773262, 10.99652 ], [ -74.773354, 10.996463 ] ] ], [ [ [ -74.77372, 10.994908 ], [ -74.773765, 10.99492 ], [ -74.773799, 10.994983 ], [ -74.773506, 10.996384 ], [ -74.773439, 10.996401 ], [ -74.773402, 10.996392 ], [ -74.773387, 10.996344 ], [ -74.77365, 10.994939 ], [ -74.77372, 10.994908 ] ] ], [ [ [ -74.777879, 10.994997 ], [ -74.777811, 10.995276 ], [ -74.777781, 10.99552 ], [ -74.777674, 10.995836 ], [ -74.777409, 10.996865 ], [ -74.777341, 10.99704 ], [ -74.77729, 10.99723 ], [ -74.77721, 10.997367 ], [ -74.777225, 10.997531 ], [ -74.777079, 10.998176 ], [ -74.776978, 10.998429 ], [ -74.776883, 10.998608 ], [ -74.776701, 10.998816 ], [ -74.776428, 10.99897 ], [ -74.77618, 10.999089 ], [ -74.775686, 10.999165 ], [ -74.775308, 10.999127 ], [ -74.774421, 10.999112 ], [ -74.773619, 10.999159 ], [ -74.773267, 10.998505 ], [ -74.773335, 10.9984 ], [ -74.773363, 10.998314 ], [ -74.773538, 10.99838 ], [ -74.77378, 10.998409 ], [ -74.775107, 10.998386 ], [ -74.775988, 10.998298 ], [ -74.77621, 10.998202 ], [ -74.776336, 10.998068 ], [ -74.77647, 10.997733 ], [ -74.776614, 10.997264 ], [ -74.776788, 10.996813 ], [ -74.77697, 10.996163 ], [ -74.777276, 10.994287 ], [ -74.777284, 10.993722 ], [ -74.777157, 10.993187 ], [ -74.777059, 10.992929 ], [ -74.777554, 10.99268 ], [ -74.777779, 10.993033 ], [ -74.777936, 10.993513 ], [ -74.777936, 10.993991 ], [ -74.777954, 10.994096 ], [ -74.777897, 10.994475 ], [ -74.777891, 10.994836 ], [ -74.777858, 10.994958 ], [ -74.777879, 10.994997 ] ] ], [ [ [ -74.773197, 10.998508 ], [ -74.773117, 10.998576 ], [ -74.773028, 10.998611 ], [ -74.772841, 10.998598 ], [ -74.772685, 10.998498 ], [ -74.772645, 10.998394 ], [ -74.77263, 10.99824 ], [ -74.772662, 10.998118 ], [ -74.772833, 10.997956 ], [ -74.772974, 10.997938 ], [ -74.773221, 10.998031 ], [ -74.773305, 10.998217 ], [ -74.77328, 10.998375 ], [ -74.773197, 10.998508 ] ] ], [ [ [ -74.768405, 10.994992 ], [ -74.768433, 10.994538 ], [ -74.768462, 10.994428 ], [ -74.768525, 10.994327 ], [ -74.768977, 10.993756 ], [ -74.769457, 10.992935 ], [ -74.769858, 10.992193 ], [ -74.770429, 10.990959 ], [ -74.770507, 10.990773 ], [ -74.770516, 10.990696 ], [ -74.770599, 10.990452 ], [ -74.770674, 10.990355 ], [ -74.770728, 10.990315 ], [ -74.770918, 10.989954 ], [ -74.770987, 10.989863 ], [ -74.771116, 10.989754 ], [ -74.771194, 10.989663 ], [ -74.771316, 10.989454 ], [ -74.771681, 10.989923 ], [ -74.771798, 10.990257 ], [ -74.771789, 10.990649 ], [ -74.771693, 10.990917 ], [ -74.771346, 10.991511 ], [ -74.771057, 10.992153 ], [ -74.770565, 10.99312 ], [ -74.770112, 10.993963 ], [ -74.769978, 10.994595 ], [ -74.769978, 10.994873 ], [ -74.770008, 10.995102 ], [ -74.770232, 10.995628 ], [ -74.770514, 10.995981 ], [ -74.771989, 10.997556 ], [ -74.772513, 10.998148 ], [ -74.772553, 10.998401 ], [ -74.772609, 10.998513 ], [ -74.772822, 10.998672 ], [ -74.773016, 10.998684 ], [ -74.773115, 10.998731 ], [ -74.773364, 10.999168 ], [ -74.772973, 10.9993 ], [ -74.772481, 10.999346 ], [ -74.77219, 10.999279 ], [ -74.771882, 10.998978 ], [ -74.771428, 10.99846 ], [ -74.770641, 10.997461 ], [ -74.769973, 10.996715 ], [ -74.769968, 10.996693 ], [ -74.768724, 10.995451 ], [ -74.768598, 10.995308 ], [ -74.768405, 10.994992 ] ] ], [ [ [ -74.775017, 10.989288 ], [ -74.775036, 10.989173 ], [ -74.775276, 10.988893 ], [ -74.775713, 10.989872 ], [ -74.775843, 10.989959 ], [ -74.775964, 10.990187 ], [ -74.775919, 10.990252 ], [ -74.776317, 10.99092 ], [ -74.777024, 10.991846 ], [ -74.777496, 10.992588 ], [ -74.77702, 10.992823 ], [ -74.776165, 10.991352 ], [ -74.775096, 10.989757 ], [ -74.775134, 10.989585 ], [ -74.775085, 10.989432 ], [ -74.775017, 10.989288 ] ] ], [ [ [ -74.774347, 10.986931 ], [ -74.774576, 10.986956 ], [ -74.774698, 10.987025 ], [ -74.774869, 10.987801 ], [ -74.775207, 10.988722 ], [ -74.774864, 10.989194 ], [ -74.774712, 10.98918 ], [ -74.774668, 10.989223 ], [ -74.774472, 10.989331 ], [ -74.774451, 10.989382 ], [ -74.774226, 10.989339 ], [ -74.773957, 10.989325 ], [ -74.773601, 10.989333 ], [ -74.773209, 10.989449 ], [ -74.772738, 10.98963 ], [ -74.77231, 10.989832 ], [ -74.77224, 10.98985 ], [ -74.77209, 10.989845 ], [ -74.771906, 10.989808 ], [ -74.771517, 10.989221 ], [ -74.771859, 10.98884 ], [ -74.772198, 10.988278 ], [ -74.772585, 10.987728 ], [ -74.772948, 10.987106 ], [ -74.773164, 10.986953 ], [ -74.774347, 10.986931 ] ] ], [ [ [ -74.772034, 10.989936 ], [ -74.772154, 10.989936 ], [ -74.772273, 10.989934 ], [ -74.772143, 10.990107 ], [ -74.772107, 10.990107 ], [ -74.772064, 10.990071 ], [ -74.772034, 10.989981 ], [ -74.772034, 10.989936 ] ] ], [ [ [ -74.771907, 10.990449 ], [ -74.771877, 10.990119 ], [ -74.77179, 10.989932 ], [ -74.771406, 10.989326 ], [ -74.771448, 10.989286 ], [ -74.771916, 10.990004 ], [ -74.772023, 10.990233 ], [ -74.772082, 10.990539 ], [ -74.772077, 10.990745 ], [ -74.772001, 10.991056 ], [ -74.771812, 10.991023 ], [ -74.771773, 10.990994 ], [ -74.771758, 10.990951 ], [ -74.771855, 10.99074 ], [ -74.771907, 10.990449 ] ] ], [ [ [ -74.771928, 10.991228 ], [ -74.77054, 10.993905 ], [ -74.770502, 10.993949 ], [ -74.770424, 10.993949 ], [ -74.770356, 10.993915 ], [ -74.770279, 10.99381 ], [ -74.770293, 10.993762 ], [ -74.771021, 10.992378 ], [ -74.771358, 10.99167 ], [ -74.771696, 10.99109 ], [ -74.771739, 10.991085 ], [ -74.771912, 10.991128 ], [ -74.771933, 10.991161 ], [ -74.771928, 10.991228 ] ] ], [ [ [ -74.772573, 10.998086 ], [ -74.772529, 10.998076 ], [ -74.772489, 10.99799 ], [ -74.770607, 10.996003 ], [ -74.770403, 10.995759 ], [ -74.770261, 10.995537 ], [ -74.770078, 10.995086 ], [ -74.770038, 10.994792 ], [ -74.770051, 10.994479 ], [ -74.770158, 10.99405 ], [ -74.770226, 10.993887 ], [ -74.770337, 10.993982 ], [ -74.770471, 10.994029 ], [ -74.770407, 10.994184 ], [ -74.770342, 10.994464 ], [ -74.770332, 10.994794 ], [ -74.770409, 10.995124 ], [ -74.770547, 10.995404 ], [ -74.770668, 10.995565 ], [ -74.772, 10.997001 ], [ -74.772681, 10.997763 ], [ -74.77279, 10.997831 ], [ -74.772805, 10.997914 ], [ -74.77267, 10.997993 ], [ -74.772609, 10.998072 ], [ -74.772573, 10.998086 ] ] ], [ [ [ -74.775022, 10.989689 ], [ -74.774898, 10.989822 ], [ -74.774808, 10.989833 ], [ -74.774681, 10.989823 ], [ -74.774597, 10.989762 ], [ -74.774528, 10.989669 ], [ -74.774502, 10.989568 ], [ -74.774524, 10.98945 ], [ -74.774567, 10.989378 ], [ -74.774669, 10.98932 ], [ -74.774767, 10.989295 ], [ -74.774868, 10.989295 ], [ -74.774948, 10.989338 ], [ -74.774996, 10.989398 ], [ -74.775032, 10.989528 ], [ -74.775036, 10.989632 ], [ -74.775022, 10.989689 ] ] ], [ [ [ -74.775287, 10.994076 ], [ -74.774107, 10.993845 ], [ -74.774085, 10.993814 ], [ -74.774221, 10.993069 ], [ -74.774255, 10.993038 ], [ -74.774284, 10.993033 ], [ -74.775461, 10.993272 ], [ -74.775471, 10.993308 ], [ -74.775333, 10.994047 ], [ -74.775287, 10.994076 ] ] ], [ [ [ -74.772719, 10.99278 ], [ -74.772765, 10.992739 ], [ -74.773913, 10.992956 ], [ -74.773951, 10.992978 ], [ -74.773971, 10.993 ], [ -74.773827, 10.993758 ], [ -74.773781, 10.993787 ], [ -74.773728, 10.99378 ], [ -74.772592, 10.99355 ], [ -74.772575, 10.9935 ], [ -74.772719, 10.99278 ] ] ], [ [ [ -74.774065, 10.993015 ], [ -74.774134, 10.993011 ], [ -74.77416, 10.993054 ], [ -74.773826, 10.994791 ], [ -74.773797, 10.994856 ], [ -74.773754, 10.994859 ], [ -74.773696, 10.994838 ], [ -74.773677, 10.994806 ], [ -74.774017, 10.993065 ], [ -74.774065, 10.993015 ] ] ], [ [ [ -74.773008, 10.991036 ], [ -74.772687, 10.992618 ], [ -74.77267, 10.992635 ], [ -74.771425, 10.992401 ], [ -74.771403, 10.992381 ], [ -74.772064, 10.991048 ], [ -74.77215, 10.990799 ], [ -74.77294, 10.990933 ], [ -74.772998, 10.990955 ], [ -74.773008, 10.991036 ] ] ], [ [ [ -74.773083, 10.99099 ], [ -74.773286, 10.991004 ], [ -74.774233, 10.991189 ], [ -74.774301, 10.991215 ], [ -74.774303, 10.991272 ], [ -74.774179, 10.991959 ], [ -74.774152, 10.991997 ], [ -74.774138, 10.992009 ], [ -74.774034, 10.992002 ], [ -74.772946, 10.991799 ], [ -74.772931, 10.991779 ], [ -74.773083, 10.99099 ] ] ], [ [ [ -74.773961, 10.992885 ], [ -74.772795, 10.992673 ], [ -74.772758, 10.992645 ], [ -74.772794, 10.992386 ], [ -74.772906, 10.991879 ], [ -74.772938, 10.991848 ], [ -74.774115, 10.992067 ], [ -74.774132, 10.992115 ], [ -74.77401, 10.992859 ], [ -74.774003, 10.992881 ], [ -74.773961, 10.992885 ] ] ], [ [ [ -74.775567, 10.993138 ], [ -74.775883, 10.991527 ], [ -74.776173, 10.991566 ], [ -74.776848, 10.992666 ], [ -74.776997, 10.992945 ], [ -74.777052, 10.993067 ], [ -74.777147, 10.993461 ], [ -74.777122, 10.993497 ], [ -74.777069, 10.993502 ], [ -74.775582, 10.993203 ], [ -74.775567, 10.993138 ] ] ], [ [ [ -74.774254, 10.992919 ], [ -74.774403, 10.99218 ], [ -74.774421, 10.992154 ], [ -74.774468, 10.992147 ], [ -74.774646, 10.992175 ], [ -74.77563, 10.992367 ], [ -74.775505, 10.993164 ], [ -74.775476, 10.993182 ], [ -74.774357, 10.992976 ], [ -74.774292, 10.992955 ], [ -74.774254, 10.992919 ] ] ], [ [ [ -74.774063, 10.992866 ], [ -74.774346, 10.991319 ], [ -74.77439, 10.99124 ], [ -74.774477, 10.991236 ], [ -74.774502, 10.991275 ], [ -74.774506, 10.991326 ], [ -74.77421, 10.992876 ], [ -74.774168, 10.992926 ], [ -74.774118, 10.992923 ], [ -74.77407, 10.992912 ], [ -74.774063, 10.992866 ] ] ], [ [ [ -74.775645, 10.99231 ], [ -74.774459, 10.992082 ], [ -74.774431, 10.992058 ], [ -74.774572, 10.991295 ], [ -74.774596, 10.991277 ], [ -74.774687, 10.991283 ], [ -74.775801, 10.991499 ], [ -74.775816, 10.991529 ], [ -74.775679, 10.992268 ], [ -74.775645, 10.99231 ] ] ], [ [ [ -74.775928, 10.991478 ], [ -74.775904, 10.991448 ], [ -74.775904, 10.991409 ], [ -74.775936, 10.991236 ], [ -74.775967, 10.991206 ], [ -74.776067, 10.991364 ], [ -74.776093, 10.991431 ], [ -74.776067, 10.991474 ], [ -74.776025, 10.991489 ], [ -74.775928, 10.991478 ] ] ], [ [ [ -74.775832, 10.991424 ], [ -74.77578, 10.99143 ], [ -74.774644, 10.991215 ], [ -74.774605, 10.99117 ], [ -74.77485, 10.989914 ], [ -74.775022, 10.989823 ], [ -74.775198, 10.990038 ], [ -74.775891, 10.991083 ], [ -74.775832, 10.991424 ] ] ], [ [ [ -74.774759, 10.989989 ], [ -74.774529, 10.991152 ], [ -74.774499, 10.991182 ], [ -74.774463, 10.991182 ], [ -74.774411, 10.991161 ], [ -74.774402, 10.991093 ], [ -74.774626, 10.98995 ], [ -74.774656, 10.989914 ], [ -74.774726, 10.989908 ], [ -74.774753, 10.989932 ], [ -74.774759, 10.989989 ] ] ], [ [ [ -74.773128, 10.990925 ], [ -74.7731, 10.990892 ], [ -74.773366, 10.989474 ], [ -74.773451, 10.989438 ], [ -74.773793, 10.989396 ], [ -74.774241, 10.989416 ], [ -74.774413, 10.989463 ], [ -74.774414, 10.989586 ], [ -74.774441, 10.989687 ], [ -74.774468, 10.989753 ], [ -74.774578, 10.989878 ], [ -74.774359, 10.991033 ], [ -74.77433, 10.991126 ], [ -74.774281, 10.991138 ], [ -74.774175, 10.991126 ], [ -74.773128, 10.990925 ] ] ], [ [ [ -74.773259, 10.989508 ], [ -74.773283, 10.98952 ], [ -74.773291, 10.989577 ], [ -74.773045, 10.99084 ], [ -74.773013, 10.990879 ], [ -74.772977, 10.990884 ], [ -74.772168, 10.990737 ], [ -74.772146, 10.990713 ], [ -74.772136, 10.99052 ], [ -74.772097, 10.990276 ], [ -74.772118, 10.990223 ], [ -74.772222, 10.990127 ], [ -74.77234, 10.989945 ], [ -74.772577, 10.989796 ], [ -74.773199, 10.989517 ], [ -74.773259, 10.989508 ] ] ] ] } },
{ "type": "Feature", "properties": { "nombre": "Villas de la Cordialidad", "localidad": null, "pieza_urba": null, "FUNDACION": null, "DESCRIP": null, "DNSDAD_POB": null, "AREA_Has": null }, "geometry": { "type": "MultiPolygon", "coordinates": [ [ [ [ -74.855317, 10.938269 ], [ -74.856702, 10.937627 ], [ -74.860284, 10.938543 ], [ -74.860062, 10.939713 ], [ -74.860019, 10.939745 ], [ -74.857411, 10.939275 ], [ -74.856945, 10.939104 ], [ -74.855317, 10.938269 ] ] ], [ [ [ -74.863116, 10.939267 ], [ -74.863283, 10.93931 ], [ -74.863551, 10.940553 ], [ -74.862807, 10.940359 ], [ -74.863116, 10.939267 ] ] ], [ [ [ -74.860312, 10.939764 ], [ -74.860191, 10.939741 ], [ -74.860442, 10.938607 ], [ -74.860558, 10.938621 ], [ -74.860848, 10.938727 ], [ -74.860707, 10.939311 ], [ -74.860425, 10.93924 ], [ -74.860404, 10.939338 ], [ -74.860686, 10.9394 ], [ -74.860588, 10.939806 ], [ -74.860411, 10.939763 ], [ -74.860312, 10.939764 ] ] ], [ [ [ -74.862213, 10.939053 ], [ -74.862098, 10.939441 ], [ -74.861876, 10.939395 ], [ -74.861857, 10.939461 ], [ -74.862088, 10.939527 ], [ -74.861935, 10.940102 ], [ -74.861684, 10.940061 ], [ -74.861346, 10.940004 ], [ -74.861121, 10.939939 ], [ -74.861215, 10.939525 ], [ -74.861441, 10.939579 ], [ -74.861458, 10.939501 ], [ -74.861233, 10.939444 ], [ -74.861368, 10.938845 ], [ -74.861597, 10.938876 ], [ -74.861975, 10.938976 ], [ -74.861976, 10.938979 ], [ -74.862213, 10.939053 ] ] ], [ [ [ -74.862874, 10.939632 ], [ -74.862645, 10.939576 ], [ -74.86277, 10.939192 ], [ -74.86298, 10.939247 ], [ -74.862874, 10.939632 ] ] ], [ [ [ -74.862614, 10.93967 ], [ -74.862849, 10.939724 ], [ -74.862685, 10.940322 ], [ -74.862425, 10.940251 ], [ -74.862614, 10.93967 ] ] ], [ [ [ -74.862519, 10.939545 ], [ -74.862234, 10.939475 ], [ -74.862347, 10.939083 ], [ -74.862633, 10.939157 ], [ -74.862519, 10.939545 ] ] ], [ [ [ -74.862318, 10.940222 ], [ -74.862038, 10.940146 ], [ -74.862204, 10.939577 ], [ -74.86249, 10.939642 ], [ -74.862318, 10.940222 ] ] ], [ [ [ -74.861063, 10.939493 ], [ -74.86096, 10.939898 ], [ -74.860724, 10.93984 ], [ -74.860829, 10.939432 ], [ -74.861063, 10.939493 ] ] ], [ [ [ -74.861, 10.938766 ], [ -74.861231, 10.938826 ], [ -74.861085, 10.939407 ], [ -74.860851, 10.939347 ], [ -74.861, 10.938766 ] ] ] ] } },
{ "type": "Feature", "properties": { "nombre": "San José", "localidad": null, "pieza_urba": null, "FUNDACION": null, "DESCRIP": null, "DNSDAD_POB": null, "AREA_Has": null }, "geometry": { "type": "MultiPolygon", "coordinates": [ [ [ [ -74.849448, 10.925433 ], [ -74.849451, 10.925248 ], [ -74.85002, 10.92527 ], [ -74.850034, 10.92545 ], [ -74.850003, 10.925554 ], [ -74.849792, 10.925754 ], [ -74.849683, 10.92575 ], [ -74.84963, 10.925705 ], [ -74.849474, 10.925538 ], [ -74.849448, 10.925433 ] ] ], [ [ [ -74.852532, 10.925189 ], [ -74.853979, 10.924635 ], [ -74.854372, 10.925011 ], [ -74.854386, 10.925031 ], [ -74.854391, 10.925118 ], [ -74.854366, 10.925167 ], [ -74.853399, 10.926046 ], [ -74.853333, 10.926073 ], [ -74.853257, 10.926064 ], [ -74.853114, 10.925954 ], [ -74.852524, 10.925374 ], [ -74.852483, 10.925292 ], [ -74.852496, 10.925237 ], [ -74.852532, 10.925189 ] ] ], [ [ [ -74.847137, 10.924874 ], [ -74.847577, 10.924814 ], [ -74.847832, 10.924894 ], [ -74.8481, 10.925046 ], [ -74.848693, 10.925217 ], [ -74.848981, 10.925317 ], [ -74.849179, 10.925507 ], [ -74.849511, 10.92588 ], [ -74.849538, 10.92593 ], [ -74.849524, 10.925984 ], [ -74.849156, 10.926327 ], [ -74.848834, 10.926681 ], [ -74.84868, 10.92667 ], [ -74.847029, 10.925134 ], [ -74.847008, 10.925081 ], [ -74.847029, 10.92495 ], [ -74.847061, 10.92491 ], [ -74.847137, 10.924874 ] ] ], [ [ [ -74.850396, 10.925527 ], [ -74.850394, 10.925403 ], [ -74.851231, 10.925526 ], [ -74.851946, 10.925428 ], [ -74.851989, 10.925403 ], [ -74.852108, 10.925379 ], [ -74.852276, 10.925404 ], [ -74.852576, 10.925654 ], [ -74.853055, 10.926116 ], [ -74.853093, 10.926207 ], [ -74.853065, 10.92641 ], [ -74.85303, 10.926471 ], [ -74.852336, 10.927144 ], [ -74.85225, 10.927222 ], [ -74.852186, 10.927244 ], [ -74.850396, 10.925527 ] ] ], [ [ [ -74.845611, 10.925077 ], [ -74.846549, 10.925003 ], [ -74.846815, 10.925132 ], [ -74.848009, 10.926273 ], [ -74.84853, 10.92682 ], [ -74.848553, 10.926944 ], [ -74.847832, 10.927608 ], [ -74.847777, 10.927618 ], [ -74.847662, 10.927585 ], [ -74.847132, 10.927105 ], [ -74.845557, 10.925594 ], [ -74.845464, 10.925492 ], [ -74.845404, 10.925398 ], [ -74.845419, 10.925187 ], [ -74.845611, 10.925077 ] ] ], [ [ [ -74.85461, 10.925247 ], [ -74.854668, 10.925246 ], [ -74.854718, 10.925267 ], [ -74.855471, 10.925939 ], [ -74.855482, 10.925989 ], [ -74.855469, 10.926084 ], [ -74.853893, 10.927644 ], [ -74.853411, 10.928098 ], [ -74.853364, 10.928137 ], [ -74.853269, 10.928177 ], [ -74.853228, 10.928183 ], [ -74.853128, 10.928161 ], [ -74.853037, 10.928093 ], [ -74.852461, 10.92753 ], [ -74.852449, 10.927464 ], [ -74.85248, 10.927384 ], [ -74.852636, 10.927178 ], [ -74.852828, 10.926985 ], [ -74.85461, 10.925247 ] ] ], [ [ [ -74.850119, 10.925799 ], [ -74.850279, 10.925786 ], [ -74.850764, 10.926262 ], [ -74.850938, 10.926498 ], [ -74.850963, 10.926598 ], [ -74.84887, 10.928685 ], [ -74.848704, 10.92871 ], [ -74.847907, 10.927929 ], [ -74.84998, 10.925862 ], [ -74.850119, 10.925799 ] ] ], [ [ [ -74.855665, 10.926171 ], [ -74.855749, 10.92618 ], [ -74.856497, 10.926876 ], [ -74.85649, 10.927019 ], [ -74.854306, 10.92917 ], [ -74.854219, 10.929175 ], [ -74.854038, 10.929057 ], [ -74.853466, 10.928511 ], [ -74.853434, 10.928435 ], [ -74.853456, 10.928353 ], [ -74.853548, 10.928236 ], [ -74.854199, 10.927574 ], [ -74.855609, 10.926191 ], [ -74.855665, 10.926171 ] ] ], [ [ [ -74.851078, 10.926728 ], [ -74.851108, 10.926716 ], [ -74.851196, 10.926729 ], [ -74.851312, 10.926815 ], [ -74.851851, 10.927329 ], [ -74.851886, 10.927382 ], [ -74.851899, 10.927467 ], [ -74.851895, 10.927567 ], [ -74.851875, 10.927619 ], [ -74.851833, 10.927692 ], [ -74.849873, 10.929647 ], [ -74.849763, 10.929731 ], [ -74.849686, 10.929727 ], [ -74.848935, 10.929001 ], [ -74.848919, 10.928954 ], [ -74.848932, 10.928889 ], [ -74.849004, 10.928796 ], [ -74.851078, 10.926728 ] ] ], [ [ [ -74.856609, 10.927178 ], [ -74.856774, 10.927139 ], [ -74.85716, 10.927483 ], [ -74.857539, 10.927824 ], [ -74.857525, 10.927997 ], [ -74.857441, 10.928059 ], [ -74.856083, 10.929402 ], [ -74.855385, 10.930068 ], [ -74.85526, 10.930147 ], [ -74.855208, 10.93015 ], [ -74.855148, 10.930126 ], [ -74.855056, 10.93006 ], [ -74.854422, 10.929459 ], [ -74.854395, 10.929419 ], [ -74.854402, 10.92937 ], [ -74.856609, 10.927178 ] ] ], [ [ [ -74.850005, 10.929754 ], [ -74.852104, 10.927675 ], [ -74.852211, 10.927697 ], [ -74.852331, 10.927775 ], [ -74.85245, 10.927872 ], [ -74.852897, 10.928318 ], [ -74.852921, 10.928488 ], [ -74.852905, 10.92858 ], [ -74.852862, 10.928649 ], [ -74.850838, 10.930654 ], [ -74.850809, 10.930669 ], [ -74.850742, 10.930659 ], [ -74.849984, 10.929922 ], [ -74.850005, 10.929754 ] ] ], [ [ [ -74.857832, 10.928197 ], [ -74.857918, 10.928183 ], [ -74.857975, 10.9282 ], [ -74.8587, 10.928916 ], [ -74.858726, 10.928987 ], [ -74.858718, 10.929037 ], [ -74.856815, 10.930918 ], [ -74.856541, 10.931162 ], [ -74.85642, 10.931229 ], [ -74.856302, 10.931224 ], [ -74.85609, 10.931099 ], [ -74.855655, 10.930669 ], [ -74.85561, 10.930508 ], [ -74.855666, 10.930372 ], [ -74.856338, 10.929682 ], [ -74.857832, 10.928197 ] ] ], [ [ [ -74.860685, 10.930913 ], [ -74.860767, 10.93089 ], [ -74.860829, 10.930893 ], [ -74.860936, 10.93099 ], [ -74.860523, 10.931387 ], [ -74.860472, 10.931319 ], [ -74.860447, 10.931254 ], [ -74.860468, 10.931128 ], [ -74.860685, 10.930913 ] ] ], [ [ [ -74.850992, 10.930736 ], [ -74.852989, 10.928731 ], [ -74.853071, 10.928692 ], [ -74.853137, 10.92868 ], [ -74.853253, 10.928702 ], [ -74.85375, 10.929158 ], [ -74.853938, 10.929385 ], [ -74.853949, 10.929495 ], [ -74.851831, 10.931603 ], [ -74.851785, 10.931629 ], [ -74.851736, 10.93163 ], [ -74.851691, 10.931607 ], [ -74.850965, 10.930897 ], [ -74.850944, 10.930832 ], [ -74.850992, 10.930736 ] ] ], [ [ [ -74.860907, 10.931774 ], [ -74.861336, 10.93136 ], [ -74.861421, 10.931441 ], [ -74.861443, 10.931604 ], [ -74.86121, 10.931828 ], [ -74.861156, 10.931851 ], [ -74.861048, 10.931849 ], [ -74.860907, 10.931774 ] ] ], [ [ [ -74.858906, 10.929126 ], [ -74.858991, 10.929143 ], [ -74.859725, 10.929857 ], [ -74.859737, 10.929933 ], [ -74.859714, 10.930017 ], [ -74.85751, 10.932192 ], [ -74.85743, 10.932237 ], [ -74.857376, 10.932244 ], [ -74.857304, 10.932221 ], [ -74.856823, 10.93175 ], [ -74.856707, 10.931607 ], [ -74.85666, 10.931483 ], [ -74.856679, 10.931359 ], [ -74.856783, 10.931225 ], [ -74.857353, 10.930637 ], [ -74.85871, 10.929295 ], [ -74.858812, 10.929172 ], [ -74.858852, 10.92914 ], [ -74.858906, 10.929126 ] ] ], [ [ [ -74.854072, 10.929613 ], [ -74.854201, 10.929597 ], [ -74.85487, 10.930254 ], [ -74.854921, 10.930354 ], [ -74.854916, 10.930426 ], [ -74.854824, 10.930572 ], [ -74.852868, 10.932531 ], [ -74.852775, 10.932597 ], [ -74.852703, 10.932613 ], [ -74.852661, 10.932601 ], [ -74.851934, 10.931892 ], [ -74.85191, 10.931859 ], [ -74.851908, 10.931815 ], [ -74.852002, 10.931686 ], [ -74.854072, 10.929613 ] ] ], [ [ [ -74.860188, 10.931413 ], [ -74.860326, 10.931422 ], [ -74.860367, 10.931439 ], [ -74.860605, 10.931662 ], [ -74.860793, 10.931852 ], [ -74.86084, 10.93192 ], [ -74.860858, 10.931992 ], [ -74.860856, 10.932069 ], [ -74.860819, 10.93215 ], [ -74.860213, 10.932714 ], [ -74.86007, 10.932747 ], [ -74.860011, 10.932738 ], [ -74.859946, 10.932704 ], [ -74.859579, 10.93234 ], [ -74.8595, 10.932226 ], [ -74.859484, 10.932134 ], [ -74.859495, 10.932083 ], [ -74.859537, 10.932015 ], [ -74.860111, 10.931446 ], [ -74.860188, 10.931413 ] ] ], [ [ [ -74.859905, 10.93008 ], [ -74.859988, 10.93009 ], [ -74.860563, 10.93062 ], [ -74.860571, 10.93071 ], [ -74.860537, 10.930797 ], [ -74.858382, 10.932907 ], [ -74.858264, 10.93299 ], [ -74.858205, 10.933007 ], [ -74.858121, 10.932996 ], [ -74.857652, 10.932533 ], [ -74.857599, 10.932395 ], [ -74.857621, 10.932292 ], [ -74.859799, 10.930125 ], [ -74.859905, 10.93008 ] ] ], [ [ [ -74.861589, 10.931654 ], [ -74.861722, 10.931645 ], [ -74.862078, 10.931976 ], [ -74.860533, 10.933463 ], [ -74.860118, 10.933042 ], [ -74.861408, 10.931801 ], [ -74.861545, 10.931672 ], [ -74.861589, 10.931654 ] ] ], [ [ [ -74.855238, 10.930751 ], [ -74.855325, 10.930748 ], [ -74.8554, 10.930779 ], [ -74.855869, 10.931237 ], [ -74.855989, 10.931452 ], [ -74.85601, 10.931526 ], [ -74.855996, 10.931625 ], [ -74.855962, 10.931702 ], [ -74.853926, 10.93371 ], [ -74.853879, 10.933734 ], [ -74.853814, 10.933737 ], [ -74.85306, 10.933 ], [ -74.853044, 10.932959 ], [ -74.853058, 10.932901 ], [ -74.85313, 10.932796 ], [ -74.855145, 10.930802 ], [ -74.855238, 10.930751 ] ] ], [ [ [ -74.859246, 10.932349 ], [ -74.859348, 10.932351 ], [ -74.859411, 10.932372 ], [ -74.860031, 10.932981 ], [ -74.859015, 10.933914 ], [ -74.858608, 10.933457 ], [ -74.858514, 10.933253 ], [ -74.858489, 10.933107 ], [ -74.858499, 10.933038 ], [ -74.859183, 10.932367 ], [ -74.859246, 10.932349 ] ] ], [ [ [ -74.859112, 10.933932 ], [ -74.860034, 10.933061 ], [ -74.860501, 10.933542 ], [ -74.859743, 10.934261 ], [ -74.859112, 10.933932 ] ] ], [ [ [ -74.856146, 10.931784 ], [ -74.856222, 10.931781 ], [ -74.856313, 10.931805 ], [ -74.856472, 10.931919 ], [ -74.857025, 10.932471 ], [ -74.857038, 10.932514 ], [ -74.857026, 10.932566 ], [ -74.854887, 10.934683 ], [ -74.854806, 10.934726 ], [ -74.854733, 10.934717 ], [ -74.853996, 10.933989 ], [ -74.853982, 10.933933 ], [ -74.853997, 10.933866 ], [ -74.85607, 10.931813 ], [ -74.856146, 10.931784 ] ] ], [ [ [ -74.85714, 10.932718 ], [ -74.857239, 10.93272 ], [ -74.857344, 10.932778 ], [ -74.857917, 10.933348 ], [ -74.857949, 10.933416 ], [ -74.85794, 10.933505 ], [ -74.857889, 10.933585 ], [ -74.857753, 10.933712 ], [ -74.857589, 10.933934 ], [ -74.855859, 10.935639 ], [ -74.855831, 10.935666 ], [ -74.855765, 10.935689 ], [ -74.855713, 10.935679 ], [ -74.854967, 10.934946 ], [ -74.85495, 10.934886 ], [ -74.854958, 10.934839 ], [ -74.855, 10.934779 ], [ -74.857063, 10.932747 ], [ -74.85714, 10.932718 ] ] ], [ [ [ -74.855935, 10.935777 ], [ -74.858126, 10.933617 ], [ -74.858182, 10.933593 ], [ -74.858265, 10.933609 ], [ -74.85833, 10.933652 ], [ -74.858751, 10.93407 ], [ -74.858489, 10.934328 ], [ -74.858395, 10.934234 ], [ -74.856308, 10.936281 ], [ -74.855935, 10.935909 ], [ -74.855918, 10.935828 ], [ -74.855935, 10.935777 ] ] ], [ [ [ -74.858982, 10.935124 ], [ -74.859124, 10.935136 ], [ -74.859178, 10.935157 ], [ -74.859245, 10.935241 ], [ -74.859015, 10.9355 ], [ -74.858257, 10.936284 ], [ -74.857874, 10.936619 ], [ -74.857864, 10.936435 ], [ -74.857882, 10.936257 ], [ -74.857995, 10.936122 ], [ -74.858416, 10.935756 ], [ -74.85885, 10.935191 ], [ -74.858929, 10.935139 ], [ -74.858982, 10.935124 ] ] ], [ [ [ -74.856384, 10.936369 ], [ -74.858407, 10.934373 ], [ -74.858502, 10.934466 ], [ -74.858823, 10.934134 ], [ -74.859035, 10.934379 ], [ -74.859078, 10.93449 ], [ -74.859079, 10.934562 ], [ -74.85907, 10.934648 ], [ -74.859013, 10.934791 ], [ -74.858754, 10.935032 ], [ -74.858298, 10.935662 ], [ -74.857883, 10.936012 ], [ -74.857476, 10.936446 ], [ -74.85746, 10.936497 ], [ -74.857468, 10.936563 ], [ -74.857548, 10.93665 ], [ -74.857201, 10.936972 ], [ -74.857033, 10.937012 ], [ -74.856384, 10.936369 ] ] ], [ [ [ -74.844898, 10.924951 ], [ -74.851848, 10.931991 ], [ -74.856874, 10.937083 ], [ -74.856286, 10.937324 ], [ -74.852964, 10.938298 ], [ -74.852036, 10.938474 ], [ -74.851044, 10.938496 ], [ -74.850557, 10.938542 ], [ -74.850182, 10.938555 ], [ -74.849996, 10.938031 ], [ -74.849751, 10.937244 ], [ -74.849462, 10.936494 ], [ -74.849277, 10.936101 ], [ -74.849037, 10.935711 ], [ -74.848797, 10.935084 ], [ -74.848379, 10.934533 ], [ -74.847379, 10.933289 ], [ -74.844652, 10.929959 ], [ -74.843393, 10.928536 ], [ -74.842856, 10.92806 ], [ -74.842496, 10.927795 ], [ -74.841796, 10.927363 ], [ -74.841424, 10.927191 ], [ -74.841172, 10.927186 ], [ -74.840958, 10.927131 ], [ -74.840643, 10.927021 ], [ -74.840196, 10.926749 ], [ -74.840582, 10.926181 ], [ -74.840963, 10.925802 ], [ -74.841141, 10.925688 ], [ -74.841571, 10.92555 ], [ -74.841758, 10.925525 ], [ -74.842226, 10.925491 ], [ -74.842571, 10.92544 ], [ -74.843115, 10.925421 ], [ -74.843351, 10.925444 ], [ -74.843546, 10.925435 ], [ -74.843741, 10.925402 ], [ -74.84396, 10.925345 ], [ -74.844139, 10.925272 ], [ -74.844342, 10.925158 ], [ -74.844898, 10.924951 ] ] ] ] } },
{ "type": "Feature", "properties": { "nombre": "Corredor Comercial e Industrial La Cordialidad", "localidad": null, "pieza_urba": null, "FUNDACION": null, "DESCRIP": null, "DNSDAD_POB": null, "AREA_Has": null }, "geometry": { "type": "MultiPolygon", "coordinates": [ [ [ [ -74.870466, 10.925492 ], [ -74.869861, 10.925018 ], [ -74.8692, 10.924646 ], [ -74.868736, 10.924456 ], [ -74.868178, 10.924101 ], [ -74.868704, 10.923628 ], [ -74.86928, 10.923156 ], [ -74.869785, 10.922809 ], [ -74.870497, 10.922331 ], [ -74.87164, 10.92166 ], [ -74.872899, 10.920881 ], [ -74.873185, 10.920719 ], [ -74.873634, 10.920374 ], [ -74.874384, 10.919915 ], [ -74.874812, 10.919631 ], [ -74.875151, 10.919455 ], [ -74.875483, 10.919184 ], [ -74.875718, 10.918955 ], [ -74.875978, 10.918762 ], [ -74.876488, 10.918711 ], [ -74.876558, 10.918766 ], [ -74.876836, 10.919208 ], [ -74.876908, 10.919269 ], [ -74.877006, 10.919309 ], [ -74.877126, 10.919393 ], [ -74.877776, 10.919476 ], [ -74.878168, 10.919503 ], [ -74.87843, 10.919654 ], [ -74.878516, 10.919759 ], [ -74.878564, 10.919872 ], [ -74.878669, 10.920009 ], [ -74.878789, 10.920111 ], [ -74.878899, 10.920165 ], [ -74.879061, 10.920209 ], [ -74.879189, 10.920277 ], [ -74.879796, 10.92069 ], [ -74.880024, 10.920865 ], [ -74.880329, 10.921214 ], [ -74.88045, 10.92142 ], [ -74.880298, 10.921502 ], [ -74.880452, 10.921786 ], [ -74.880671, 10.922101 ], [ -74.880859, 10.922081 ], [ -74.880864, 10.922335 ], [ -74.880745, 10.92282 ], [ -74.880736, 10.923076 ], [ -74.880808, 10.923293 ], [ -74.880955, 10.923496 ], [ -74.881143, 10.923581 ], [ -74.880617, 10.923608 ], [ -74.880055, 10.923536 ], [ -74.87919, 10.923317 ], [ -74.878207, 10.923015 ], [ -74.877686, 10.922744 ], [ -74.877223, 10.922457 ], [ -74.876877, 10.922215 ], [ -74.875523, 10.923919 ], [ -74.874911, 10.925595 ], [ -74.873704, 10.925172 ], [ -74.872572, 10.92692 ], [ -74.87252, 10.927069 ], [ -74.871349, 10.92611 ], [ -74.870466, 10.925492 ] ] ], [ [ [ -74.866672, 10.925234 ], [ -74.864332, 10.923752 ], [ -74.863671, 10.9233 ], [ -74.864025, 10.922903 ], [ -74.864972, 10.922115 ], [ -74.868047, 10.923868 ], [ -74.867104, 10.924746 ], [ -74.866781, 10.925069 ], [ -74.866673, 10.925204 ], [ -74.866686, 10.925213 ], [ -74.866672, 10.925234 ] ] ] ] } },
{ "type": "Feature", "properties": { "nombre": "INDUPARK", "localidad": null, "pieza_urba": null, "FUNDACION": null, "DESCRIP": null, "DNSDAD_POB": null, "AREA_Has": null }, "geometry": { "type": "Polygon", "coordinates": [ [ [ -74.877498, 10.914027 ], [ -74.878072, 10.913064 ], [ -74.878441, 10.912704 ], [ -74.878864, 10.912331 ], [ -74.880728, 10.914388 ], [ -74.879267, 10.916018 ], [ -74.8778, 10.914412 ], [ -74.877498, 10.914027 ] ] ] } },
{ "type": "Feature", "properties": { "nombre": "AOPARK", "localidad": null, "pieza_urba": null, "FUNDACION": null, "DESCRIP": null, "DNSDAD_POB": null, "AREA_Has": null }, "geometry": { "type": "Polygon", "coordinates": [ [ [ -74.87827, 10.914932 ], [ -74.87792, 10.915346 ], [ -74.877105, 10.914795 ], [ -74.877498, 10.914027 ], [ -74.8778, 10.914412 ], [ -74.87827, 10.914932 ] ] ] } }
]
}
