{
"type": "FeatureCollection",
"name": "pomca_mayorquin",
"crs": { "type": "name", "properties": { "name": "urn:ogc:def:crs:OGC:1.3:CRS84" } },
"xy_coordinate_resolution": 1e-06,
"features": [
{ "type": "Feature", "properties": { "SIM_ZONFIN": "ZEEP", "Shape_Area": 143241.95460900001 }, "geometry": { "type": "MultiPolygon", "coordinates": [ [ [ [ -74.942209, 10.834524 ], [ -74.941937, 10.834519 ], [ -74.94069, 10.834637 ], [ -74.940387, 10.834493 ], [ -74.940033, 10.833556 ], [ -74.939725, 10.833351 ], [ -74.938812, 10.833019 ], [ -74.938806, 10.832475 ], [ -74.941551, 10.833848 ], [ -74.943717, 10.83439 ], [ -74.944231, 10.835418 ], [ -74.943111, 10.835311 ], [ -74.942196, 10.835254 ], [ -74.942209, 10.834524 ] ] ], [ [ [ -74.957337, 10.842349 ], [ -74.957458, 10.8422 ], [ -74.957378, 10.842331 ], [ -74.957337, 10.842349 ] ] ], [ [ [ -74.950444, 10.845883 ], [ -74.950098, 10.845514 ], [ -74.950755, 10.84576 ], [ -74.953775, 10.845257 ], [ -74.95346, 10.845499 ], [ -74.952875, 10.846104 ], [ -74.952351, 10.846743 ], [ -74.952156, 10.846892 ], [ -74.950905, 10.847112 ], [ -74.950753, 10.846304 ], [ -74.950444, 10.845883 ] ] ], [ [ [ -74.924195, 10.968387 ], [ -74.923207, 10.968479 ], [ -74.923151, 10.968412 ], [ -74.923451, 10.968195 ], [ -74.925624, 10.967015 ], [ -74.927128, 10.96697 ], [ -74.927201, 10.966927 ], [ -74.927498, 10.966945 ], [ -74.927498, 10.968333 ], [ -74.925415, 10.968333 ], [ -74.924229, 10.968571 ], [ -74.924195, 10.968387 ] ] ] ] } },
{ "type": "Feature", "properties": { "SIM_ZONFIN": "ZIP_Zona de Infraestructura Portuaria", "Shape_Area": 27741712.5645 }, "geometry": { "type": "MultiPolygon", "coordinates": [ [ [ [ -74.915081, 10.842577 ], [ -74.914953, 10.842274 ], [ -74.915028, 10.84171 ], [ -74.915082, 10.841492 ], [ -74.915752, 10.840993 ], [ -74.915305, 10.840729 ], [ -74.915265, 10.840678 ], [ -74.915364, 10.840555 ], [ -74.916249, 10.840428 ], [ -74.916494, 10.839799 ], [ -74.916618, 10.839098 ], [ -74.916803, 10.838869 ], [ -74.917149, 10.838668 ], [ -74.918043, 10.838468 ], [ -74.918866, 10.838607 ], [ -74.919397, 10.838828 ], [ -74.919525, 10.839272 ], [ -74.919663, 10.840212 ], [ -74.92009, 10.84074 ], [ -74.921029, 10.841222 ], [ -74.922078, 10.8416 ], [ -74.921944, 10.84207 ], [ -74.919859, 10.841576 ], [ -74.919699, 10.841717 ], [ -74.919314, 10.84237 ], [ -74.91813, 10.8423 ], [ -74.917785, 10.842604 ], [ -74.917526, 10.843163 ], [ -74.917113, 10.843072 ], [ -74.916611, 10.842802 ], [ -74.915436, 10.842703 ], [ -74.915081, 10.842577 ] ] ], [ [ [ -74.898976, 10.847563 ], [ -74.897991, 10.847152 ], [ -74.897422, 10.847275 ], [ -74.897382, 10.847223 ], [ -74.89699, 10.847115 ], [ -74.896691, 10.846732 ], [ -74.896599, 10.846732 ], [ -74.896457, 10.846772 ], [ -74.896019, 10.846938 ], [ -74.895981, 10.846636 ], [ -74.896549, 10.845935 ], [ -74.896467, 10.845596 ], [ -74.895735, 10.845491 ], [ -74.895912, 10.844545 ], [ -74.896035, 10.844118 ], [ -74.89738, 10.844285 ], [ -74.897464, 10.845697 ], [ -74.897606, 10.845918 ], [ -74.898612, 10.845014 ], [ -74.899058, 10.845116 ], [ -74.899527, 10.845195 ], [ -74.900022, 10.845812 ], [ -74.900034, 10.845967 ], [ -74.899886, 10.846229 ], [ -74.899614, 10.846832 ], [ -74.898976, 10.847563 ] ] ], [ [ [ -74.929268, 10.873807 ], [ -74.929072, 10.873511 ], [ -74.929424, 10.873049 ], [ -74.92953, 10.872969 ], [ -74.929635, 10.873049 ], [ -74.930027, 10.873563 ], [ -74.930079, 10.873602 ], [ -74.93021, 10.873512 ], [ -74.930324, 10.873212 ], [ -74.930811, 10.873331 ], [ -74.930942, 10.873563 ], [ -74.931308, 10.873842 ], [ -74.931228, 10.874196 ], [ -74.931008, 10.874749 ], [ -74.931088, 10.875289 ], [ -74.930953, 10.875462 ], [ -74.93081, 10.875501 ], [ -74.93081, 10.875592 ], [ -74.930669, 10.875634 ], [ -74.929867, 10.876076 ], [ -74.929163, 10.876134 ], [ -74.929045, 10.876051 ], [ -74.928963, 10.875638 ], [ -74.92911, 10.875087 ], [ -74.929299, 10.874793 ], [ -74.929419, 10.874194 ], [ -74.929268, 10.873807 ] ] ], [ [ [ -74.936535, 10.873374 ], [ -74.936506, 10.872664 ], [ -74.936877, 10.872536 ], [ -74.938486, 10.873094 ], [ -74.938815, 10.872743 ], [ -74.939547, 10.872772 ], [ -74.939368, 10.872472 ], [ -74.939138, 10.872142 ], [ -74.938987, 10.871204 ], [ -74.93868, 10.870891 ], [ -74.938915, 10.87058 ], [ -74.939046, 10.870348 ], [ -74.939267, 10.870295 ], [ -74.93987, 10.870258 ], [ -74.940377, 10.870321 ], [ -74.940785, 10.87062 ], [ -74.940924, 10.871657 ], [ -74.940967, 10.872338 ], [ -74.940913, 10.873403 ], [ -74.940564, 10.873722 ], [ -74.94021, 10.874263 ], [ -74.939323, 10.874919 ], [ -74.939002, 10.875518 ], [ -74.939018, 10.876248 ], [ -74.938744, 10.876541 ], [ -74.938557, 10.876548 ], [ -74.937864, 10.876224 ], [ -74.937076, 10.87555 ], [ -74.937032, 10.875322 ], [ -74.937259, 10.874913 ], [ -74.937717, 10.874358 ], [ -74.937585, 10.874106 ], [ -74.936535, 10.873374 ] ] ], [ [ [ -74.933942, 10.875764 ], [ -74.934522, 10.875099 ], [ -74.935091, 10.875203 ], [ -74.935885, 10.875642 ], [ -74.936026, 10.875683 ], [ -74.936245, 10.876021 ], [ -74.93634, 10.876412 ], [ -74.935934, 10.87695 ], [ -74.935702, 10.876991 ], [ -74.935251, 10.877179 ], [ -74.934348, 10.877502 ], [ -74.933597, 10.878076 ], [ -74.933031, 10.8788 ], [ -74.932623, 10.878667 ], [ -74.932587, 10.878218 ], [ -74.93284, 10.877659 ], [ -74.933506, 10.877081 ], [ -74.934131, 10.876638 ], [ -74.934155, 10.876339 ], [ -74.933942, 10.875764 ] ] ], [ [ [ -74.979479, 10.879723 ], [ -74.977831, 10.879282 ], [ -74.9772, 10.878945 ], [ -74.977135, 10.878566 ], [ -74.976696, 10.87844 ], [ -74.97656, 10.878493 ], [ -74.97606, 10.878082 ], [ -74.975364, 10.87755 ], [ -74.975134, 10.87704 ], [ -74.97474, 10.876705 ], [ -74.974432, 10.875902 ], [ -74.974181, 10.875689 ], [ -74.974098, 10.875435 ], [ -74.971946, 10.873206 ], [ -74.971935, 10.872671 ], [ -74.972118, 10.872298 ], [ -74.973558, 10.872314 ], [ -74.973872, 10.872111 ], [ -74.974182, 10.8718 ], [ -74.974201, 10.871802 ], [ -74.974586, 10.873333 ], [ -74.975418, 10.875 ], [ -74.97625, 10.875833 ], [ -74.977081, 10.877501 ], [ -74.977501, 10.877916 ], [ -74.979164, 10.87875 ], [ -74.980415, 10.879167 ], [ -74.981384, 10.879167 ], [ -74.981301, 10.87967 ], [ -74.979479, 10.879723 ] ] ], [ [ [ -74.871912, 10.894626 ], [ -74.872817, 10.893817 ], [ -74.873942, 10.893483 ], [ -74.874367, 10.89322 ], [ -74.875107, 10.892348 ], [ -74.875263, 10.892215 ], [ -74.875263, 10.892125 ], [ -74.875547, 10.891811 ], [ -74.877773, 10.891901 ], [ -74.878417, 10.892193 ], [ -74.878322, 10.892766 ], [ -74.877203, 10.893622 ], [ -74.876355, 10.89411 ], [ -74.876268, 10.894205 ], [ -74.876177, 10.894205 ], [ -74.875588, 10.895136 ], [ -74.87512, 10.895394 ], [ -74.873679, 10.895507 ], [ -74.872456, 10.895286 ], [ -74.871939, 10.894966 ], [ -74.871912, 10.894626 ] ] ], [ [ [ -74.884183, 10.910357 ], [ -74.884223, 10.910217 ], [ -74.884315, 10.910217 ], [ -74.884816, 10.909537 ], [ -74.884689, 10.909137 ], [ -74.883889, 10.908447 ], [ -74.882618, 10.90787 ], [ -74.88215, 10.907618 ], [ -74.881797, 10.907726 ], [ -74.88141, 10.908022 ], [ -74.880748, 10.907771 ], [ -74.879923, 10.907411 ], [ -74.879324, 10.907027 ], [ -74.877897, 10.906399 ], [ -74.877545, 10.906144 ], [ -74.877226, 10.90563 ], [ -74.877375, 10.905198 ], [ -74.877595, 10.905189 ], [ -74.878792, 10.905914 ], [ -74.879192, 10.905929 ], [ -74.879745, 10.905908 ], [ -74.880144, 10.906033 ], [ -74.881101, 10.9067 ], [ -74.881763, 10.907234 ], [ -74.882051, 10.906821 ], [ -74.88212, 10.905332 ], [ -74.882212, 10.905332 ], [ -74.882212, 10.90488 ], [ -74.882304, 10.9028 ], [ -74.882253, 10.901991 ], [ -74.881987, 10.901847 ], [ -74.88153, 10.90164 ], [ -74.881687, 10.899881 ], [ -74.881983, 10.899677 ], [ -74.882677, 10.899278 ], [ -74.882807, 10.897778 ], [ -74.882904, 10.89715 ], [ -74.882991, 10.896331 ], [ -74.883162, 10.895224 ], [ -74.883403, 10.893141 ], [ -74.884731, 10.891303 ], [ -74.884826, 10.890799 ], [ -74.885707, 10.890399 ], [ -74.886694, 10.889229 ], [ -74.887429, 10.888417 ], [ -74.887526, 10.888331 ], [ -74.887664, 10.888279 ], [ -74.887893, 10.888412 ], [ -74.887817, 10.88901 ], [ -74.887855, 10.88931 ], [ -74.889136, 10.889469 ], [ -74.890066, 10.890308 ], [ -74.889979, 10.890999 ], [ -74.890225, 10.891413 ], [ -74.89031, 10.892097 ], [ -74.889829, 10.893125 ], [ -74.889679, 10.893809 ], [ -74.889587, 10.89454 ], [ -74.889785, 10.895402 ], [ -74.889994, 10.895567 ], [ -74.889862, 10.896342 ], [ -74.889688, 10.897084 ], [ -74.889536, 10.897466 ], [ -74.890158, 10.897636 ], [ -74.892395, 10.897592 ], [ -74.893211, 10.897868 ], [ -74.893332, 10.898242 ], [ -74.892783, 10.898597 ], [ -74.892069, 10.899166 ], [ -74.890084, 10.899095 ], [ -74.889343, 10.899208 ], [ -74.887869, 10.899329 ], [ -74.88737, 10.899604 ], [ -74.887247, 10.900269 ], [ -74.887108, 10.902288 ], [ -74.886997, 10.902889 ], [ -74.886239, 10.902711 ], [ -74.885417, 10.902582 ], [ -74.885079, 10.902983 ], [ -74.884825, 10.903686 ], [ -74.884958, 10.903796 ], [ -74.884958, 10.903886 ], [ -74.884996, 10.903939 ], [ -74.885795, 10.904362 ], [ -74.885926, 10.905008 ], [ -74.886002, 10.9062 ], [ -74.886234, 10.906501 ], [ -74.88652, 10.906445 ], [ -74.886604, 10.906328 ], [ -74.886787, 10.906419 ], [ -74.886878, 10.906419 ], [ -74.886878, 10.906509 ], [ -74.887061, 10.90651 ], [ -74.887061, 10.9066 ], [ -74.887314, 10.906642 ], [ -74.88792, 10.906888 ], [ -74.887973, 10.907244 ], [ -74.887753, 10.907375 ], [ -74.887427, 10.907414 ], [ -74.887244, 10.907504 ], [ -74.886115, 10.907555 ], [ -74.886054, 10.908861 ], [ -74.885991, 10.909723 ], [ -74.885395, 10.910381 ], [ -74.884864, 10.91085 ], [ -74.884864, 10.91094 ], [ -74.884126, 10.911523 ], [ -74.883633, 10.911349 ], [ -74.883816, 10.910925 ], [ -74.884183, 10.910357 ] ] ], [ [ [ -74.877133, 10.91109 ], [ -74.877353, 10.910731 ], [ -74.877869, 10.910497 ], [ -74.877835, 10.909917 ], [ -74.878044, 10.909805 ], [ -74.878768, 10.909638 ], [ -74.87896, 10.909289 ], [ -74.879008, 10.909039 ], [ -74.879376, 10.909251 ], [ -74.87992, 10.909732 ], [ -74.880656, 10.910774 ], [ -74.88038, 10.910922 ], [ -74.880102, 10.910773 ], [ -74.879471, 10.911158 ], [ -74.878958, 10.911252 ], [ -74.878437, 10.91157 ], [ -74.87741, 10.911334 ], [ -74.877133, 10.91109 ] ] ], [ [ [ -74.940864, 10.921793 ], [ -74.940481, 10.920903 ], [ -74.941015, 10.9206 ], [ -74.942465, 10.921213 ], [ -74.943168, 10.921019 ], [ -74.943292, 10.921708 ], [ -74.944019, 10.922218 ], [ -74.943844, 10.922492 ], [ -74.943794, 10.922533 ], [ -74.942906, 10.922645 ], [ -74.942099, 10.922985 ], [ -74.941465, 10.923125 ], [ -74.941049, 10.923166 ], [ -74.940955, 10.922749 ], [ -74.941914, 10.922339 ], [ -74.94181, 10.922067 ], [ -74.940864, 10.921793 ] ] ], [ [ [ -74.880678, 10.91988 ], [ -74.878892, 10.91862 ], [ -74.878615, 10.917344 ], [ -74.878199, 10.916884 ], [ -74.877687, 10.916854 ], [ -74.877461, 10.917173 ], [ -74.877512, 10.918027 ], [ -74.877147, 10.918156 ], [ -74.876442, 10.917991 ], [ -74.876484, 10.916948 ], [ -74.876766, 10.91596 ], [ -74.877021, 10.914852 ], [ -74.87764, 10.913974 ], [ -74.877816, 10.913922 ], [ -74.877908, 10.913922 ], [ -74.878309, 10.914493 ], [ -74.878914, 10.915008 ], [ -74.878914, 10.915098 ], [ -74.879517, 10.915047 ], [ -74.880776, 10.913505 ], [ -74.88161, 10.913882 ], [ -74.881751, 10.913924 ], [ -74.881751, 10.914014 ], [ -74.881842, 10.914014 ], [ -74.881952, 10.914826 ], [ -74.882537, 10.915532 ], [ -74.884318, 10.916493 ], [ -74.884495, 10.916547 ], [ -74.884801, 10.916698 ], [ -74.885319, 10.916729 ], [ -74.885394, 10.916812 ], [ -74.887309, 10.917602 ], [ -74.889388, 10.91853 ], [ -74.88929, 10.918798 ], [ -74.888927, 10.919415 ], [ -74.888197, 10.919022 ], [ -74.88724, 10.919081 ], [ -74.887186, 10.919118 ], [ -74.886782, 10.919714 ], [ -74.88669, 10.919714 ], [ -74.88669, 10.919895 ], [ -74.886732, 10.920215 ], [ -74.887044, 10.920939 ], [ -74.886964, 10.921432 ], [ -74.887219, 10.921512 ], [ -74.889204, 10.922765 ], [ -74.888746, 10.923828 ], [ -74.888636, 10.924171 ], [ -74.888153, 10.924508 ], [ -74.888208, 10.925161 ], [ -74.887546, 10.926299 ], [ -74.88742, 10.926407 ], [ -74.887377, 10.926268 ], [ -74.88719, 10.925929 ], [ -74.887098, 10.924954 ], [ -74.885913, 10.92464 ], [ -74.88559, 10.924597 ], [ -74.88559, 10.924507 ], [ -74.885357, 10.924466 ], [ -74.884823, 10.924315 ], [ -74.883977, 10.924134 ], [ -74.883107, 10.923664 ], [ -74.882571, 10.923239 ], [ -74.882136, 10.922648 ], [ -74.881767, 10.921976 ], [ -74.881159, 10.920412 ], [ -74.880678, 10.91988 ] ] ], [ [ [ -74.890052, 10.957861 ], [ -74.890462, 10.957615 ], [ -74.890528, 10.957091 ], [ -74.890378, 10.956303 ], [ -74.89025, 10.95543 ], [ -74.890023, 10.955298 ], [ -74.889649, 10.955143 ], [ -74.889606, 10.954896 ], [ -74.889973, 10.954787 ], [ -74.89043, 10.954263 ], [ -74.89043, 10.954173 ], [ -74.89048, 10.954132 ], [ -74.890823, 10.95335 ], [ -74.890401, 10.953004 ], [ -74.890241, 10.952639 ], [ -74.890595, 10.952504 ], [ -74.890807, 10.952757 ], [ -74.890978, 10.952857 ], [ -74.891113, 10.952405 ], [ -74.891335, 10.9521 ], [ -74.891509, 10.951705 ], [ -74.891469, 10.951321 ], [ -74.891113, 10.950876 ], [ -74.890939, 10.95061 ], [ -74.891383, 10.950056 ], [ -74.891576, 10.949406 ], [ -74.891622, 10.948656 ], [ -74.892049, 10.948687 ], [ -74.892171, 10.948747 ], [ -74.892213, 10.949157 ], [ -74.892424, 10.950057 ], [ -74.892983, 10.950403 ], [ -74.892944, 10.95088 ], [ -74.892212, 10.951502 ], [ -74.892127, 10.951746 ], [ -74.892336, 10.952499 ], [ -74.893225, 10.95313 ], [ -74.893267, 10.953179 ], [ -74.893359, 10.953179 ], [ -74.893396, 10.953233 ], [ -74.894017, 10.953566 ], [ -74.89454, 10.953699 ], [ -74.894954, 10.953607 ], [ -74.89541, 10.953217 ], [ -74.89583, 10.95318 ], [ -74.896006, 10.953729 ], [ -74.896421, 10.954847 ], [ -74.896329, 10.955446 ], [ -74.894748, 10.956266 ], [ -74.894812, 10.957059 ], [ -74.894262, 10.956755 ], [ -74.894154, 10.956993 ], [ -74.894009, 10.957777 ], [ -74.893083, 10.957701 ], [ -74.892498, 10.957866 ], [ -74.89221, 10.95783 ], [ -74.891963, 10.957974 ], [ -74.891618, 10.958424 ], [ -74.89102, 10.958556 ], [ -74.890843, 10.958653 ], [ -74.89052, 10.958695 ], [ -74.890479, 10.958645 ], [ -74.88993, 10.958315 ], [ -74.890052, 10.957861 ] ] ], [ [ [ -74.841795, 10.963967 ], [ -74.841414, 10.963951 ], [ -74.84092, 10.963971 ], [ -74.840314, 10.963875 ], [ -74.839859, 10.963781 ], [ -74.83853, 10.963675 ], [ -74.838751, 10.962845 ], [ -74.838851, 10.960615 ], [ -74.83896, 10.958768 ], [ -74.83893, 10.958007 ], [ -74.839296, 10.957759 ], [ -74.841428, 10.957425 ], [ -74.841813, 10.957074 ], [ -74.842056, 10.956456 ], [ -74.842104, 10.956413 ], [ -74.842805, 10.956639 ], [ -74.84297, 10.956818 ], [ -74.842294, 10.957579 ], [ -74.842593, 10.958853 ], [ -74.842833, 10.960158 ], [ -74.843189, 10.960995 ], [ -74.844114, 10.962383 ], [ -74.844114, 10.962473 ], [ -74.844206, 10.962473 ], [ -74.844152, 10.962969 ], [ -74.843884, 10.962882 ], [ -74.843353, 10.96252 ], [ -74.843012, 10.962507 ], [ -74.843086, 10.964374 ], [ -74.842568, 10.964553 ], [ -74.841795, 10.963967 ] ] ], [ [ [ -74.866678, 10.962351 ], [ -74.866813, 10.962122 ], [ -74.867088, 10.962122 ], [ -74.867212, 10.962781 ], [ -74.867314, 10.962894 ], [ -74.868503, 10.963718 ], [ -74.868305, 10.964522 ], [ -74.867901, 10.964969 ], [ -74.865482, 10.964883 ], [ -74.864981, 10.964835 ], [ -74.865503, 10.963845 ], [ -74.866678, 10.962351 ] ] ], [ [ [ -74.845716, 10.964872 ], [ -74.845852, 10.964645 ], [ -74.846082, 10.964689 ], [ -74.85157, 10.969009 ], [ -74.849136, 10.971965 ], [ -74.84551, 10.968998 ], [ -74.843599, 10.967411 ], [ -74.845716, 10.964872 ] ] ], [ [ [ -74.85982, 10.97298 ], [ -74.860127, 10.972882 ], [ -74.860336, 10.972946 ], [ -74.860945, 10.973318 ], [ -74.861217, 10.973619 ], [ -74.861451, 10.974239 ], [ -74.861187, 10.97521 ], [ -74.861132, 10.975957 ], [ -74.861061, 10.976017 ], [ -74.860674, 10.97668 ], [ -74.860552, 10.976741 ], [ -74.860491, 10.976861 ], [ -74.859945, 10.976707 ], [ -74.85943, 10.97607 ], [ -74.859078, 10.975815 ], [ -74.858701, 10.975735 ], [ -74.85829, 10.975451 ], [ -74.857989, 10.974692 ], [ -74.857913, 10.974187 ], [ -74.858073, 10.973926 ], [ -74.858113, 10.973785 ], [ -74.85982, 10.97298 ] ] ], [ [ [ -74.840639, 10.98991 ], [ -74.841745, 10.989497 ], [ -74.842131, 10.990555 ], [ -74.842442, 10.991267 ], [ -74.841935, 10.991429 ], [ -74.841956, 10.992478 ], [ -74.840448, 10.992447 ], [ -74.839336, 10.991558 ], [ -74.837875, 10.991501 ], [ -74.837794, 10.991213 ], [ -74.837458, 10.990376 ], [ -74.837418, 10.990235 ], [ -74.839462, 10.990079 ], [ -74.840639, 10.98991 ] ] ], [ [ [ -74.838693, 11.021012 ], [ -74.839098, 11.020125 ], [ -74.838819, 11.020037 ], [ -74.838105, 11.019729 ], [ -74.836834, 11.019778 ], [ -74.836042, 11.020191 ], [ -74.835812, 11.019946 ], [ -74.835985, 11.019131 ], [ -74.836073, 11.018438 ], [ -74.835144, 11.017587 ], [ -74.833969, 11.016869 ], [ -74.831167, 11.015048 ], [ -74.830308, 11.014716 ], [ -74.829459, 11.014606 ], [ -74.829464, 11.014681 ], [ -74.828582, 11.014588 ], [ -74.828423, 11.013925 ], [ -74.828388, 11.01361 ], [ -74.827846, 11.010902 ], [ -74.8292, 11.006029 ], [ -74.829548, 11.004635 ], [ -74.830013, 11.003768 ], [ -74.830259, 11.0029 ], [ -74.831118, 11.001081 ], [ -74.83125, 11.000399 ], [ -74.831873, 10.998902 ], [ -74.831761, 10.998165 ], [ -74.831414, 10.997633 ], [ -74.830821, 10.997089 ], [ -74.830135, 10.995717 ], [ -74.830156, 10.995215 ], [ -74.829578, 10.993623 ], [ -74.828525, 10.992239 ], [ -74.827761, 10.991811 ], [ -74.826518, 10.991511 ], [ -74.825698, 10.991118 ], [ -74.823984, 10.989838 ], [ -74.822179, 10.988971 ], [ -74.821079, 10.988282 ], [ -74.820071, 10.987606 ], [ -74.818828, 10.987434 ], [ -74.818371, 10.987079 ], [ -74.817829, 10.983557 ], [ -74.818328, 10.982344 ], [ -74.81843, 10.98195 ], [ -74.818522, 10.978963 ], [ -74.818705, 10.977903 ], [ -74.818544, 10.97737 ], [ -74.818194, 10.976841 ], [ -74.816118, 10.975548 ], [ -74.815374, 10.975275 ], [ -74.813769, 10.971918 ], [ -74.81184, 10.967204 ], [ -74.811833, 10.966868 ], [ -74.812581, 10.964713 ], [ -74.812448, 10.964245 ], [ -74.810864, 10.963464 ], [ -74.810638, 10.962263 ], [ -74.811119, 10.961482 ], [ -74.81099, 10.960862 ], [ -74.810334, 10.96064 ], [ -74.809813, 10.957859 ], [ -74.810021, 10.957595 ], [ -74.810032, 10.957083 ], [ -74.809686, 10.956726 ], [ -74.809633, 10.956699 ], [ -74.808625, 10.948636 ], [ -74.810249, 10.93916 ], [ -74.813769, 10.930768 ], [ -74.817288, 10.923729 ], [ -74.81799, 10.922649 ], [ -74.818054, 10.922665 ], [ -74.81822, 10.922863 ], [ -74.818532, 10.923119 ], [ -74.819685, 10.92361 ], [ -74.819975, 10.923661 ], [ -74.819975, 10.923752 ], [ -74.82056, 10.923809 ], [ -74.82117, 10.923761 ], [ -74.821256, 10.923662 ], [ -74.821022, 10.923351 ], [ -74.82089, 10.923029 ], [ -74.820429, 10.922966 ], [ -74.820206, 10.922549 ], [ -74.820419, 10.92199 ], [ -74.820956, 10.922129 ], [ -74.821263, 10.92229 ], [ -74.821703, 10.921991 ], [ -74.822037, 10.922168 ], [ -74.822568, 10.92253 ], [ -74.823316, 10.922361 ], [ -74.823492, 10.921276 ], [ -74.82406, 10.92082 ], [ -74.825737, 10.920755 ], [ -74.826067, 10.92118 ], [ -74.826, 10.922839 ], [ -74.826449, 10.923527 ], [ -74.827028, 10.923123 ], [ -74.82736, 10.922769 ], [ -74.828146, 10.922955 ], [ -74.828325, 10.92329 ], [ -74.828002, 10.923586 ], [ -74.827711, 10.924031 ], [ -74.827399, 10.924176 ], [ -74.827607, 10.924613 ], [ -74.828342, 10.924596 ], [ -74.828353, 10.924888 ], [ -74.827602, 10.926239 ], [ -74.827201, 10.926666 ], [ -74.826413, 10.927341 ], [ -74.826057, 10.927507 ], [ -74.826012, 10.927554 ], [ -74.826518, 10.927596 ], [ -74.826605, 10.927743 ], [ -74.82628, 10.927891 ], [ -74.826152, 10.9281 ], [ -74.82676, 10.928411 ], [ -74.827154, 10.928139 ], [ -74.82738, 10.928054 ], [ -74.827287, 10.929584 ], [ -74.828013, 10.929696 ], [ -74.829166, 10.930135 ], [ -74.830698, 10.93069 ], [ -74.832516, 10.931451 ], [ -74.833151, 10.931793 ], [ -74.833695, 10.932484 ], [ -74.83398, 10.933395 ], [ -74.834062, 10.934703 ], [ -74.834014, 10.935562 ], [ -74.834066, 10.936873 ], [ -74.834004, 10.938399 ], [ -74.833784, 10.940129 ], [ -74.833967, 10.9404 ], [ -74.83445, 10.940827 ], [ -74.83535, 10.941823 ], [ -74.835888, 10.942482 ], [ -74.835888, 10.942572 ], [ -74.835979, 10.942572 ], [ -74.835979, 10.942663 ], [ -74.836071, 10.942663 ], [ -74.836661, 10.943165 ], [ -74.837292, 10.94389 ], [ -74.837611, 10.944394 ], [ -74.837717, 10.944744 ], [ -74.837825, 10.944818 ], [ -74.8379, 10.945105 ], [ -74.837844, 10.945834 ], [ -74.837353, 10.947139 ], [ -74.836846, 10.94705 ], [ -74.834532, 10.946508 ], [ -74.833645, 10.946489 ], [ -74.833627, 10.947315 ], [ -74.834921, 10.952295 ], [ -74.83556, 10.954556 ], [ -74.835975, 10.955883 ], [ -74.834943, 10.956091 ], [ -74.834508, 10.956137 ], [ -74.834418, 10.956248 ], [ -74.833704, 10.956519 ], [ -74.833134, 10.956679 ], [ -74.83309, 10.956817 ], [ -74.832812, 10.957175 ], [ -74.832724, 10.957375 ], [ -74.833024, 10.957651 ], [ -74.834646, 10.95799 ], [ -74.836507, 10.958409 ], [ -74.836746, 10.95926 ], [ -74.837233, 10.960786 ], [ -74.836954, 10.960916 ], [ -74.834562, 10.960379 ], [ -74.833624, 10.960254 ], [ -74.833425, 10.960466 ], [ -74.833271, 10.961446 ], [ -74.833575, 10.961725 ], [ -74.83464, 10.962018 ], [ -74.835533, 10.962404 ], [ -74.836956, 10.963386 ], [ -74.838115, 10.964032 ], [ -74.838209, 10.966173 ], [ -74.838692, 10.966312 ], [ -74.839274, 10.966111 ], [ -74.840078, 10.965254 ], [ -74.840478, 10.965051 ], [ -74.841899, 10.965371 ], [ -74.842558, 10.965716 ], [ -74.842873, 10.966051 ], [ -74.843058, 10.966897 ], [ -74.842922, 10.967537 ], [ -74.842963, 10.968597 ], [ -74.843235, 10.968821 ], [ -74.843518, 10.969465 ], [ -74.843652, 10.97021 ], [ -74.843561, 10.970612 ], [ -74.843518, 10.970932 ], [ -74.843334, 10.971436 ], [ -74.84346, 10.971757 ], [ -74.843797, 10.972369 ], [ -74.844187, 10.97321 ], [ -74.844909, 10.974009 ], [ -74.84584, 10.974678 ], [ -74.846986, 10.975902 ], [ -74.847101, 10.976218 ], [ -74.846993, 10.97645 ], [ -74.846077, 10.977487 ], [ -74.846315, 10.977793 ], [ -74.847316, 10.978207 ], [ -74.847627, 10.978648 ], [ -74.847523, 10.979162 ], [ -74.847357, 10.979344 ], [ -74.847218, 10.979387 ], [ -74.847218, 10.979477 ], [ -74.846332, 10.97989 ], [ -74.845744, 10.980283 ], [ -74.845615, 10.981068 ], [ -74.844424, 10.981449 ], [ -74.843325, 10.9816 ], [ -74.842471, 10.981743 ], [ -74.841956, 10.981569 ], [ -74.841296, 10.981042 ], [ -74.840422, 10.981059 ], [ -74.83787, 10.981704 ], [ -74.837367, 10.981874 ], [ -74.837158, 10.982088 ], [ -74.836985, 10.982789 ], [ -74.836273, 10.98313 ], [ -74.835984, 10.983427 ], [ -74.836013, 10.984887 ], [ -74.836303, 10.985445 ], [ -74.836772, 10.985094 ], [ -74.837383, 10.985218 ], [ -74.837373, 10.985673 ], [ -74.836458, 10.98639 ], [ -74.836368, 10.986484 ], [ -74.836824, 10.986489 ], [ -74.836454, 10.987028 ], [ -74.836459, 10.987309 ], [ -74.836674, 10.987928 ], [ -74.836536, 10.988323 ], [ -74.836162, 10.98865 ], [ -74.835496, 10.988515 ], [ -74.83518, 10.988376 ], [ -74.834447, 10.988101 ], [ -74.833849, 10.98761 ], [ -74.833666, 10.987339 ], [ -74.833343, 10.98738 ], [ -74.832429, 10.987577 ], [ -74.831153, 10.987198 ], [ -74.830322, 10.987114 ], [ -74.829774, 10.987015 ], [ -74.829572, 10.98746 ], [ -74.82971, 10.987578 ], [ -74.830925, 10.987762 ], [ -74.830737, 10.988422 ], [ -74.830645, 10.988422 ], [ -74.830697, 10.989124 ], [ -74.83109, 10.98946 ], [ -74.831327, 10.989881 ], [ -74.831179, 10.99058 ], [ -74.830968, 10.990913 ], [ -74.830235, 10.991723 ], [ -74.830319, 10.991907 ], [ -74.830777, 10.992485 ], [ -74.830372, 10.992569 ], [ -74.828679, 10.991176 ], [ -74.828264, 10.990863 ], [ -74.828264, 10.990772 ], [ -74.826861, 10.990285 ], [ -74.826481, 10.99026 ], [ -74.827355, 10.990894 ], [ -74.828172, 10.991224 ], [ -74.8289, 10.991755 ], [ -74.829613, 10.993032 ], [ -74.830036, 10.994324 ], [ -74.830552, 10.995503 ], [ -74.831306, 10.99622 ], [ -74.833067, 10.997421 ], [ -74.83381, 10.998055 ], [ -74.834164, 10.99842 ], [ -74.834255, 10.997965 ], [ -74.834451, 10.997871 ], [ -74.835445, 10.997891 ], [ -74.835537, 10.996971 ], [ -74.835638, 10.996875 ], [ -74.836009, 10.996882 ], [ -74.835996, 10.997981 ], [ -74.83723, 10.997922 ], [ -74.837314, 10.997994 ], [ -74.837199, 10.999405 ], [ -74.837419, 11.000809 ], [ -74.837826, 11.002486 ], [ -74.837966, 11.003395 ], [ -74.837678, 11.004697 ], [ -74.837501, 11.004976 ], [ -74.83741, 11.004976 ], [ -74.83741, 11.005067 ], [ -74.837149, 11.005116 ], [ -74.836322, 11.005402 ], [ -74.834669, 11.006113 ], [ -74.834052, 11.006944 ], [ -74.834071, 11.007412 ], [ -74.835575, 11.008207 ], [ -74.835943, 11.008322 ], [ -74.835943, 11.008412 ], [ -74.835802, 11.008766 ], [ -74.835759, 11.009588 ], [ -74.835983, 11.009638 ], [ -74.8385, 11.00972 ], [ -74.839516, 11.009434 ], [ -74.840904, 11.008784 ], [ -74.841252, 11.008686 ], [ -74.841304, 11.009489 ], [ -74.842214, 11.011806 ], [ -74.842206, 11.011996 ], [ -74.84115, 11.012244 ], [ -74.840631, 11.012423 ], [ -74.839519, 11.013004 ], [ -74.839048, 11.013793 ], [ -74.838367, 11.015424 ], [ -74.837647, 11.016948 ], [ -74.837542, 11.018121 ], [ -74.83835, 11.017793 ], [ -74.838884, 11.017686 ], [ -74.839602, 11.017977 ], [ -74.839735, 11.01844 ], [ -74.838819, 11.018948 ], [ -74.838731, 11.019233 ], [ -74.838955, 11.019438 ], [ -74.839514, 11.019795 ], [ -74.840388, 11.020125 ], [ -74.840596, 11.019904 ], [ -74.840924, 11.019402 ], [ -74.840972, 11.019358 ], [ -74.840929, 11.019587 ], [ -74.840786, 11.020113 ], [ -74.842638, 11.019693 ], [ -74.842711, 11.020083 ], [ -74.8425, 11.020437 ], [ -74.841884, 11.020883 ], [ -74.840777, 11.020839 ], [ -74.840014, 11.020377 ], [ -74.839443, 11.021336 ], [ -74.838693, 11.021012 ] ] ], [ [ [ -74.86158, 11.021353 ], [ -74.860976, 11.020948 ], [ -74.860633, 11.021177 ], [ -74.860514, 11.02095 ], [ -74.860657, 11.020678 ], [ -74.859681, 11.020405 ], [ -74.859809, 11.019504 ], [ -74.861087, 11.01972 ], [ -74.861248, 11.019232 ], [ -74.861813, 11.018818 ], [ -74.862028, 11.018193 ], [ -74.863171, 11.018251 ], [ -74.862988, 11.01878 ], [ -74.86281, 11.018963 ], [ -74.862261, 11.018952 ], [ -74.862251, 11.019413 ], [ -74.862515, 11.01954 ], [ -74.86226, 11.020314 ], [ -74.862073, 11.02041 ], [ -74.861104, 11.020047 ], [ -74.861161, 11.020146 ], [ -74.861796, 11.020749 ], [ -74.861804, 11.021124 ], [ -74.86158, 11.021353 ] ] ], [ [ [ -74.867243, 11.023531 ], [ -74.868108, 11.022617 ], [ -74.868634, 11.021957 ], [ -74.868974, 11.021437 ], [ -74.869133, 11.021106 ], [ -74.869116, 11.020702 ], [ -74.868333, 11.019809 ], [ -74.868527, 11.019371 ], [ -74.868769, 11.019284 ], [ -74.871322, 11.019743 ], [ -74.871547, 11.019825 ], [ -74.872164, 11.01991 ], [ -74.872649, 11.020066 ], [ -74.872383, 11.020466 ], [ -74.870624, 11.022808 ], [ -74.869777, 11.023679 ], [ -74.869532, 11.023532 ], [ -74.869253, 11.023054 ], [ -74.868729, 11.022864 ], [ -74.868322, 11.023834 ], [ -74.867794, 11.024025 ], [ -74.867291, 11.023896 ], [ -74.867243, 11.023531 ] ] ], [ [ [ -74.886204, 11.021989 ], [ -74.886872, 11.021588 ], [ -74.887005, 11.020832 ], [ -74.887334, 11.020595 ], [ -74.887527, 11.020514 ], [ -74.887567, 11.020464 ], [ -74.888229, 11.020531 ], [ -74.888347, 11.021174 ], [ -74.888532, 11.021501 ], [ -74.888574, 11.021912 ], [ -74.887658, 11.021911 ], [ -74.887658, 11.022002 ], [ -74.887608, 11.022043 ], [ -74.887434, 11.022293 ], [ -74.887751, 11.02284 ], [ -74.888715, 11.022948 ], [ -74.88889, 11.023282 ], [ -74.888482, 11.023901 ], [ -74.88781, 11.024213 ], [ -74.887303, 11.024011 ], [ -74.887058, 11.02368 ], [ -74.886973, 11.022818 ], [ -74.886254, 11.022386 ], [ -74.886204, 11.021989 ] ] ], [ [ [ -74.85804, 11.024296 ], [ -74.857954, 11.023931 ], [ -74.85765, 11.023544 ], [ -74.857858, 11.022975 ], [ -74.857351, 11.02254 ], [ -74.856807, 11.022984 ], [ -74.856563, 11.022953 ], [ -74.856319, 11.022833 ], [ -74.856167, 11.022802 ], [ -74.856048, 11.022676 ], [ -74.855166, 11.022112 ], [ -74.855324, 11.021135 ], [ -74.855849, 11.020498 ], [ -74.856159, 11.020081 ], [ -74.85665, 11.020252 ], [ -74.857182, 11.019684 ], [ -74.85735, 11.01991 ], [ -74.857171, 11.020584 ], [ -74.858415, 11.021487 ], [ -74.8581, 11.0222 ], [ -74.859279, 11.022938 ], [ -74.859605, 11.022734 ], [ -74.859785, 11.022399 ], [ -74.859829, 11.022262 ], [ -74.860195, 11.022171 ], [ -74.860564, 11.022284 ], [ -74.86097, 11.022643 ], [ -74.860865, 11.023009 ], [ -74.860329, 11.023764 ], [ -74.859958, 11.023565 ], [ -74.859708, 11.024102 ], [ -74.859509, 11.024209 ], [ -74.858963, 11.024176 ], [ -74.858948, 11.024409 ], [ -74.859506, 11.024809 ], [ -74.85962, 11.025769 ], [ -74.85987, 11.026693 ], [ -74.859757, 11.02711 ], [ -74.859532, 11.027359 ], [ -74.858993, 11.027549 ], [ -74.858565, 11.027433 ], [ -74.858039, 11.027102 ], [ -74.857945, 11.026409 ], [ -74.856854, 11.025626 ], [ -74.856941, 11.025468 ], [ -74.85804, 11.024296 ] ] ], [ [ [ -74.866303, 11.037298 ], [ -74.866146, 11.037082 ], [ -74.865989, 11.036795 ], [ -74.865759, 11.036604 ], [ -74.865565, 11.036651 ], [ -74.865383, 11.036854 ], [ -74.865117, 11.036998 ], [ -74.864935, 11.036938 ], [ -74.864887, 11.036783 ], [ -74.865044, 11.036699 ], [ -74.865189, 11.03658 ], [ -74.865299, 11.036352 ], [ -74.86548, 11.036185 ], [ -74.865662, 11.036185 ], [ -74.865965, 11.036245 ], [ -74.866207, 11.035922 ], [ -74.866389, 11.035455 ], [ -74.866389, 11.035168 ], [ -74.866305, 11.034928 ], [ -74.866111, 11.03469 ], [ -74.865929, 11.034606 ], [ -74.865529, 11.035215 ], [ -74.86513, 11.03524 ], [ -74.865021, 11.035443 ], [ -74.864657, 11.03567 ], [ -74.864487, 11.035838 ], [ -74.864439, 11.036029 ], [ -74.864269, 11.036185 ], [ -74.864148, 11.036459 ], [ -74.863906, 11.036675 ], [ -74.863663, 11.036603 ], [ -74.863555, 11.036363 ], [ -74.863288, 11.036195 ], [ -74.862961, 11.036076 ], [ -74.862816, 11.035788 ], [ -74.862526, 11.035633 ], [ -74.862197, 11.035674 ], [ -74.862074, 11.035572 ], [ -74.861795, 11.035453 ], [ -74.861606, 11.035449 ], [ -74.861496, 11.035118 ], [ -74.861412, 11.034639 ], [ -74.861348, 11.03458 ], [ -74.861466, 11.034365 ], [ -74.861662, 11.034412 ], [ -74.861759, 11.03428 ], [ -74.861825, 11.03423 ], [ -74.862011, 11.03423 ], [ -74.861974, 11.034127 ], [ -74.862099, 11.034053 ], [ -74.862147, 11.033898 ], [ -74.862123, 11.033658 ], [ -74.862026, 11.033538 ], [ -74.861978, 11.0333 ], [ -74.861845, 11.033227 ], [ -74.861578, 11.033012 ], [ -74.861396, 11.032904 ], [ -74.86096, 11.032856 ], [ -74.860682, 11.032533 ], [ -74.860476, 11.032258 ], [ -74.860198, 11.032138 ], [ -74.860028, 11.032185 ], [ -74.85981, 11.032317 ], [ -74.859641, 11.032352 ], [ -74.859326, 11.032269 ], [ -74.859168, 11.032328 ], [ -74.859035, 11.032328 ], [ -74.858878, 11.032245 ], [ -74.858811, 11.03209 ], [ -74.858678, 11.032017 ], [ -74.858387, 11.03197 ], [ -74.858182, 11.031993 ], [ -74.858097, 11.031886 ], [ -74.858115, 11.031538 ], [ -74.858337, 11.031252 ], [ -74.858531, 11.030834 ], [ -74.858592, 11.030547 ], [ -74.859277, 11.030483 ], [ -74.859459, 11.030491 ], [ -74.859496, 11.030438 ], [ -74.859982, 11.03027 ], [ -74.860597, 11.029861 ], [ -74.860721, 11.029534 ], [ -74.861328, 11.029263 ], [ -74.86247, 11.028878 ], [ -74.862874, 11.028603 ], [ -74.863094, 11.028223 ], [ -74.863257, 11.028095 ], [ -74.863815, 11.02799 ], [ -74.864885, 11.027556 ], [ -74.865454, 11.027659 ], [ -74.865366, 11.027918 ], [ -74.864989, 11.028477 ], [ -74.864543, 11.028885 ], [ -74.864535, 11.02909 ], [ -74.864886, 11.029104 ], [ -74.865274, 11.028823 ], [ -74.866153, 11.027479 ], [ -74.866465, 11.027371 ], [ -74.866568, 11.028118 ], [ -74.867807, 11.029181 ], [ -74.867929, 11.029186 ], [ -74.868101, 11.028649 ], [ -74.868299, 11.028546 ], [ -74.868647, 11.028559 ], [ -74.868932, 11.028299 ], [ -74.868943, 11.028021 ], [ -74.868781, 11.027848 ], [ -74.868073, 11.027419 ], [ -74.867289, 11.027192 ], [ -74.866685, 11.027078 ], [ -74.867015, 11.026653 ], [ -74.867277, 11.026252 ], [ -74.867791, 11.025973 ], [ -74.867942, 11.026117 ], [ -74.870843, 11.026702 ], [ -74.871225, 11.02711 ], [ -74.871229, 11.02708 ], [ -74.871681, 11.027804 ], [ -74.871923, 11.0286 ], [ -74.871908, 11.028917 ], [ -74.872451, 11.02987 ], [ -74.872886, 11.030166 ], [ -74.87386, 11.030571 ], [ -74.874048, 11.031159 ], [ -74.874309, 11.031438 ], [ -74.87473, 11.031635 ], [ -74.875021, 11.031945 ], [ -74.874373, 11.032029 ], [ -74.873422, 11.032445 ], [ -74.872631, 11.032564 ], [ -74.872265, 11.033068 ], [ -74.871827, 11.033103 ], [ -74.871143, 11.032818 ], [ -74.870582, 11.03271 ], [ -74.869663, 11.032623 ], [ -74.867728, 11.032364 ], [ -74.867606, 11.032304 ], [ -74.867557, 11.032357 ], [ -74.867521, 11.032513 ], [ -74.867594, 11.03268 ], [ -74.867957, 11.032812 ], [ -74.868265, 11.032884 ], [ -74.868847, 11.033099 ], [ -74.869319, 11.033123 ], [ -74.86967, 11.033267 ], [ -74.869755, 11.03365 ], [ -74.869331, 11.034021 ], [ -74.869294, 11.034691 ], [ -74.869318, 11.034966 ], [ -74.869561, 11.035015 ], [ -74.869669, 11.035122 ], [ -74.869572, 11.03542 ], [ -74.869766, 11.035684 ], [ -74.869887, 11.0359 ], [ -74.869911, 11.036151 ], [ -74.869687, 11.036845 ], [ -74.869529, 11.037143 ], [ -74.869214, 11.037323 ], [ -74.868814, 11.037347 ], [ -74.868488, 11.037275 ], [ -74.868205, 11.037275 ], [ -74.867987, 11.037359 ], [ -74.867502, 11.037669 ], [ -74.8672, 11.037741 ], [ -74.866969, 11.037741 ], [ -74.866764, 11.037681 ], [ -74.866521, 11.037525 ], [ -74.866303, 11.037298 ] ] ], [ [ [ -74.828652, 11.04518 ], [ -74.828144, 11.044749 ], [ -74.827441, 11.04427 ], [ -74.826545, 11.043839 ], [ -74.826013, 11.043361 ], [ -74.825601, 11.043121 ], [ -74.825407, 11.042881 ], [ -74.825189, 11.042666 ], [ -74.824584, 11.042379 ], [ -74.823857, 11.041971 ], [ -74.823664, 11.041804 ], [ -74.823906, 11.041397 ], [ -74.823955, 11.040823 ], [ -74.823955, 11.040394 ], [ -74.824784, 11.039173 ], [ -74.824413, 11.039143 ], [ -74.825612, 11.037065 ], [ -74.826305, 11.038303 ], [ -74.826623, 11.038285 ], [ -74.826753, 11.037597 ], [ -74.827832, 11.037485 ], [ -74.828248, 11.037986 ], [ -74.828414, 11.038318 ], [ -74.829259, 11.039518 ], [ -74.829622, 11.03999 ], [ -74.829902, 11.040104 ], [ -74.830229, 11.04015 ], [ -74.830338, 11.040261 ], [ -74.830279, 11.040366 ], [ -74.830097, 11.04039 ], [ -74.829843, 11.040342 ], [ -74.829576, 11.040353 ], [ -74.829431, 11.040486 ], [ -74.829249, 11.040617 ], [ -74.828995, 11.041 ], [ -74.828958, 11.041214 ], [ -74.82897, 11.041454 ], [ -74.829055, 11.041585 ], [ -74.829155, 11.041598 ], [ -74.829023, 11.041841 ], [ -74.829124, 11.042126 ], [ -74.829023, 11.042183 ], [ -74.829067, 11.042325 ], [ -74.829139, 11.042382 ], [ -74.829255, 11.042325 ], [ -74.829355, 11.042182 ], [ -74.829442, 11.042296 ], [ -74.829356, 11.04241 ], [ -74.829255, 11.042496 ], [ -74.829226, 11.042582 ], [ -74.829227, 11.042753 ], [ -74.829443, 11.042838 ], [ -74.829559, 11.043008 ], [ -74.829773, 11.043092 ], [ -74.829847, 11.043165 ], [ -74.829811, 11.043249 ], [ -74.829666, 11.043201 ], [ -74.82946, 11.043081 ], [ -74.829314, 11.043081 ], [ -74.829314, 11.043177 ], [ -74.829605, 11.043512 ], [ -74.829459, 11.043632 ], [ -74.829193, 11.043417 ], [ -74.828939, 11.043404 ], [ -74.82883, 11.043511 ], [ -74.828745, 11.043918 ], [ -74.828769, 11.044158 ], [ -74.828926, 11.044313 ], [ -74.829115, 11.044292 ], [ -74.829145, 11.044434 ], [ -74.829197, 11.044462 ], [ -74.829241, 11.044649 ], [ -74.829229, 11.044828 ], [ -74.829095, 11.044912 ], [ -74.828986, 11.044887 ], [ -74.828902, 11.045067 ], [ -74.828886, 11.045302 ], [ -74.829064, 11.045396 ], [ -74.828652, 11.04518 ] ] ], [ [ [ -74.869972, 11.047576 ], [ -74.870597, 11.047403 ], [ -74.87144, 11.047232 ], [ -74.872261, 11.047037 ], [ -74.872478, 11.046944 ], [ -74.87272, 11.047051 ], [ -74.872757, 11.047206 ], [ -74.872575, 11.047564 ], [ -74.872681, 11.047535 ], [ -74.872025, 11.047719 ], [ -74.871605, 11.047797 ], [ -74.871148, 11.047932 ], [ -74.870552, 11.047993 ], [ -74.870217, 11.048068 ], [ -74.869567, 11.048133 ], [ -74.869426, 11.048088 ], [ -74.86898, 11.047759 ], [ -74.869972, 11.047576 ] ] ] ] } },
{ "type": "Feature", "properties": { "SIM_ZONFIN": "ZRA_Zona de Recuperación Ambiental", "Shape_Area": 14764506.690199999 }, "geometry": { "type": "MultiPolygon", "coordinates": [ [ [ [ -74.973201, 10.845936 ], [ -74.973365, 10.846074 ], [ -74.973655, 10.848417 ], [ -74.972609, 10.846939 ], [ -74.97288, 10.846431 ], [ -74.973201, 10.845936 ] ] ], [ [ [ -74.905288, 10.855236 ], [ -74.905238, 10.854243 ], [ -74.904797, 10.853997 ], [ -74.904657, 10.853714 ], [ -74.905045, 10.853367 ], [ -74.905289, 10.853337 ], [ -74.905289, 10.853246 ], [ -74.905705, 10.853206 ], [ -74.906605, 10.853063 ], [ -74.907434, 10.853297 ], [ -74.908073, 10.853434 ], [ -74.908734, 10.853353 ], [ -74.909138, 10.852856 ], [ -74.90962, 10.852574 ], [ -74.910127, 10.852941 ], [ -74.910462, 10.853354 ], [ -74.910965, 10.853564 ], [ -74.911514, 10.85365 ], [ -74.911825, 10.853266 ], [ -74.911928, 10.852683 ], [ -74.912294, 10.852393 ], [ -74.91308, 10.852304 ], [ -74.913767, 10.852736 ], [ -74.914408, 10.852917 ], [ -74.91453, 10.853068 ], [ -74.914285, 10.85337 ], [ -74.913574, 10.853932 ], [ -74.91334, 10.854063 ], [ -74.913236, 10.854181 ], [ -74.912506, 10.854446 ], [ -74.911193, 10.854563 ], [ -74.910187, 10.854743 ], [ -74.909039, 10.854785 ], [ -74.908819, 10.854731 ], [ -74.907789, 10.854636 ], [ -74.906844, 10.854694 ], [ -74.906282, 10.854788 ], [ -74.905511, 10.855094 ], [ -74.905288, 10.855236 ] ] ], [ [ [ -74.900257, 10.857544 ], [ -74.89903, 10.857552 ], [ -74.898747, 10.857007 ], [ -74.898957, 10.855714 ], [ -74.899478, 10.854429 ], [ -74.899277, 10.854306 ], [ -74.897968, 10.855505 ], [ -74.897906, 10.856714 ], [ -74.897426, 10.856733 ], [ -74.896503, 10.856301 ], [ -74.896166, 10.855351 ], [ -74.895181, 10.852115 ], [ -74.895525, 10.851933 ], [ -74.896277, 10.852032 ], [ -74.896597, 10.852339 ], [ -74.897104, 10.852297 ], [ -74.897393, 10.852192 ], [ -74.897738, 10.851296 ], [ -74.897787, 10.851254 ], [ -74.897787, 10.851164 ], [ -74.897644, 10.851124 ], [ -74.897413, 10.850986 ], [ -74.895847, 10.850587 ], [ -74.895591, 10.850258 ], [ -74.8955, 10.850258 ], [ -74.895243, 10.850193 ], [ -74.895317, 10.849897 ], [ -74.895365, 10.848952 ], [ -74.89584, 10.847929 ], [ -74.896599, 10.846732 ], [ -74.896691, 10.846732 ], [ -74.89699, 10.847115 ], [ -74.897382, 10.847223 ], [ -74.897422, 10.847275 ], [ -74.897991, 10.847152 ], [ -74.898976, 10.847563 ], [ -74.899614, 10.846832 ], [ -74.899886, 10.846229 ], [ -74.900034, 10.845967 ], [ -74.900022, 10.845812 ], [ -74.899527, 10.845195 ], [ -74.899802, 10.844653 ], [ -74.9003, 10.844703 ], [ -74.901083, 10.844924 ], [ -74.901456, 10.845125 ], [ -74.901632, 10.845377 ], [ -74.901846, 10.845431 ], [ -74.902072, 10.845755 ], [ -74.90218, 10.845829 ], [ -74.90218, 10.845919 ], [ -74.902124, 10.845955 ], [ -74.902053, 10.846381 ], [ -74.902465, 10.846498 ], [ -74.902546, 10.846372 ], [ -74.902841, 10.846677 ], [ -74.90322, 10.84804 ], [ -74.903277, 10.84809 ], [ -74.903355, 10.847836 ], [ -74.903777, 10.84765 ], [ -74.903684, 10.847084 ], [ -74.90315, 10.846848 ], [ -74.903122, 10.846503 ], [ -74.903412, 10.845419 ], [ -74.903602, 10.845155 ], [ -74.904284, 10.843882 ], [ -74.905167, 10.843379 ], [ -74.905475, 10.843026 ], [ -74.905184, 10.842592 ], [ -74.905475, 10.842393 ], [ -74.905159, 10.841959 ], [ -74.905147, 10.841372 ], [ -74.905783, 10.840222 ], [ -74.905204, 10.839882 ], [ -74.904826, 10.839378 ], [ -74.903876, 10.839263 ], [ -74.904079, 10.83907 ], [ -74.905199, 10.839212 ], [ -74.905063, 10.838821 ], [ -74.905276, 10.838511 ], [ -74.905066, 10.838107 ], [ -74.905394, 10.837737 ], [ -74.905774, 10.838175 ], [ -74.905605, 10.83866 ], [ -74.90562, 10.839354 ], [ -74.905496, 10.839591 ], [ -74.906252, 10.840082 ], [ -74.90626, 10.840443 ], [ -74.905801, 10.841005 ], [ -74.906162, 10.841533 ], [ -74.906767, 10.842715 ], [ -74.906532, 10.843429 ], [ -74.906089, 10.843726 ], [ -74.905066, 10.844062 ], [ -74.904888, 10.844575 ], [ -74.904775, 10.845118 ], [ -74.904794, 10.846041 ], [ -74.904697, 10.846238 ], [ -74.904149, 10.846343 ], [ -74.904342, 10.8469 ], [ -74.904322, 10.847828 ], [ -74.904885, 10.847406 ], [ -74.905432, 10.847417 ], [ -74.906132, 10.846698 ], [ -74.906788, 10.846685 ], [ -74.907515, 10.84687 ], [ -74.907808, 10.846781 ], [ -74.908557, 10.846333 ], [ -74.908896, 10.846326 ], [ -74.910454, 10.846988 ], [ -74.911787, 10.846917 ], [ -74.912976, 10.847008 ], [ -74.913028, 10.847047 ], [ -74.913333, 10.847588 ], [ -74.914189, 10.847392 ], [ -74.914496, 10.847437 ], [ -74.914887, 10.848127 ], [ -74.915906, 10.848483 ], [ -74.91665, 10.848269 ], [ -74.917052, 10.848328 ], [ -74.917671, 10.848847 ], [ -74.918131, 10.848948 ], [ -74.918926, 10.848639 ], [ -74.920653, 10.848922 ], [ -74.921027, 10.84909 ], [ -74.921118, 10.84909 ], [ -74.921444, 10.84922 ], [ -74.921484, 10.849271 ], [ -74.921052, 10.84939 ], [ -74.92066, 10.849904 ], [ -74.92066, 10.849995 ], [ -74.920725, 10.850034 ], [ -74.92061, 10.850366 ], [ -74.920477, 10.850447 ], [ -74.920183, 10.851101 ], [ -74.919752, 10.851403 ], [ -74.918992, 10.851873 ], [ -74.918459, 10.852714 ], [ -74.917914, 10.853015 ], [ -74.917732, 10.853069 ], [ -74.91769, 10.852116 ], [ -74.917477, 10.851412 ], [ -74.917527, 10.85079 ], [ -74.916448, 10.850627 ], [ -74.915249, 10.850177 ], [ -74.915122, 10.849951 ], [ -74.915079, 10.849812 ], [ -74.914988, 10.849812 ], [ -74.91495, 10.849488 ], [ -74.914792, 10.848974 ], [ -74.914317, 10.848428 ], [ -74.913661, 10.848257 ], [ -74.912976, 10.848391 ], [ -74.912518, 10.848301 ], [ -74.911814, 10.84844 ], [ -74.911234, 10.848815 ], [ -74.911064, 10.849252 ], [ -74.911145, 10.849449 ], [ -74.911189, 10.849858 ], [ -74.911306, 10.850409 ], [ -74.911125, 10.850972 ], [ -74.910969, 10.8513 ], [ -74.909016, 10.851375 ], [ -74.908748, 10.850587 ], [ -74.908814, 10.848953 ], [ -74.908991, 10.84815 ], [ -74.908884, 10.847531 ], [ -74.908199, 10.847337 ], [ -74.907763, 10.84759 ], [ -74.907194, 10.847712 ], [ -74.906801, 10.848398 ], [ -74.906294, 10.848765 ], [ -74.90588, 10.848684 ], [ -74.905073, 10.848324 ], [ -74.904485, 10.848665 ], [ -74.903705, 10.848761 ], [ -74.903369, 10.848633 ], [ -74.903413, 10.848951 ], [ -74.903654, 10.850238 ], [ -74.903492, 10.852899 ], [ -74.90314, 10.853021 ], [ -74.902406, 10.853115 ], [ -74.901863, 10.853567 ], [ -74.901629, 10.853697 ], [ -74.901331, 10.855666 ], [ -74.901262, 10.85632 ], [ -74.901314, 10.856281 ], [ -74.901515, 10.855948 ], [ -74.901994, 10.855868 ], [ -74.902086, 10.855868 ], [ -74.902086, 10.855687 ], [ -74.902452, 10.855687 ], [ -74.902452, 10.855778 ], [ -74.902543, 10.855778 ], [ -74.902624, 10.856106 ], [ -74.902437, 10.856704 ], [ -74.902543, 10.856953 ], [ -74.902487, 10.857018 ], [ -74.902071, 10.857201 ], [ -74.901993, 10.857948 ], [ -74.902451, 10.857948 ], [ -74.902397, 10.858076 ], [ -74.902318, 10.858378 ], [ -74.902139, 10.858635 ], [ -74.902085, 10.858672 ], [ -74.902085, 10.858762 ], [ -74.902122, 10.858816 ], [ -74.902213, 10.85922 ], [ -74.902413, 10.859523 ], [ -74.90245, 10.859667 ], [ -74.90177, 10.859781 ], [ -74.901718, 10.859847 ], [ -74.901627, 10.859847 ], [ -74.901584, 10.859799 ], [ -74.900535, 10.859405 ], [ -74.900853, 10.858358 ], [ -74.900895, 10.858038 ], [ -74.900257, 10.857544 ] ] ], [ [ [ -74.852636, 10.882898 ], [ -74.853568, 10.881914 ], [ -74.853639, 10.882159 ], [ -74.85353, 10.882891 ], [ -74.85305, 10.88293 ], [ -74.852636, 10.882898 ] ] ], [ [ [ -74.851399, 10.884203 ], [ -74.851706, 10.883879 ], [ -74.851793, 10.88458 ], [ -74.851397, 10.884799 ], [ -74.850795, 10.884676 ], [ -74.851399, 10.884203 ] ] ], [ [ [ -74.823932, 10.911233 ], [ -74.824868, 10.90911 ], [ -74.827034, 10.903154 ], [ -74.828388, 10.899093 ], [ -74.829741, 10.896927 ], [ -74.832449, 10.89422 ], [ -74.834099, 10.893609 ], [ -74.834151, 10.894103 ], [ -74.834419, 10.894136 ], [ -74.834909, 10.893794 ], [ -74.835188, 10.893771 ], [ -74.835694, 10.893922 ], [ -74.836154, 10.894245 ], [ -74.836668, 10.893608 ], [ -74.836884, 10.893254 ], [ -74.8372, 10.893002 ], [ -74.83749, 10.892881 ], [ -74.837531, 10.892831 ], [ -74.838015, 10.892666 ], [ -74.838497, 10.892559 ], [ -74.838685, 10.892457 ], [ -74.839484, 10.892247 ], [ -74.840203, 10.89235 ], [ -74.840673, 10.893013 ], [ -74.841025, 10.893375 ], [ -74.842005, 10.893511 ], [ -74.842191, 10.893702 ], [ -74.84262, 10.89478 ], [ -74.843012, 10.895419 ], [ -74.843378, 10.895504 ], [ -74.843515, 10.895215 ], [ -74.843912, 10.893796 ], [ -74.84447, 10.893283 ], [ -74.845034, 10.893132 ], [ -74.845163, 10.893176 ], [ -74.845639, 10.892868 ], [ -74.846313, 10.892882 ], [ -74.847316, 10.893284 ], [ -74.849539, 10.89324 ], [ -74.8498, 10.893152 ], [ -74.850623, 10.89272 ], [ -74.851055, 10.892256 ], [ -74.851195, 10.891903 ], [ -74.850408, 10.890441 ], [ -74.850279, 10.88975 ], [ -74.850413, 10.889368 ], [ -74.850901, 10.888864 ], [ -74.851863, 10.888074 ], [ -74.852467, 10.887331 ], [ -74.852647, 10.887057 ], [ -74.8534, 10.886207 ], [ -74.854046, 10.885363 ], [ -74.85488, 10.883698 ], [ -74.856556, 10.8821 ], [ -74.856873, 10.881487 ], [ -74.857023, 10.880905 ], [ -74.857109, 10.879547 ], [ -74.857202, 10.879278 ], [ -74.857246, 10.879051 ], [ -74.856936, 10.878214 ], [ -74.85925, 10.875269 ], [ -74.860231, 10.873145 ], [ -74.860326, 10.873156 ], [ -74.860649, 10.873436 ], [ -74.860813, 10.873759 ], [ -74.86132, 10.873892 ], [ -74.863234, 10.874804 ], [ -74.863699, 10.874888 ], [ -74.86429, 10.875389 ], [ -74.864342, 10.87535 ], [ -74.864434, 10.875229 ], [ -74.865701, 10.875248 ], [ -74.865387, 10.875661 ], [ -74.865623, 10.875971 ], [ -74.865662, 10.876113 ], [ -74.865889, 10.875976 ], [ -74.866132, 10.875889 ], [ -74.866712, 10.876703 ], [ -74.867093, 10.877166 ], [ -74.86752, 10.877149 ], [ -74.867719, 10.876673 ], [ -74.867378, 10.876037 ], [ -74.866164, 10.874713 ], [ -74.865931, 10.874355 ], [ -74.865244, 10.873726 ], [ -74.864364, 10.873387 ], [ -74.863888, 10.872879 ], [ -74.862834, 10.872494 ], [ -74.862256, 10.872029 ], [ -74.862827, 10.871499 ], [ -74.862606, 10.871165 ], [ -74.863111, 10.870833 ], [ -74.863425, 10.871056 ], [ -74.863468, 10.871319 ], [ -74.863865, 10.871093 ], [ -74.863968, 10.870611 ], [ -74.863602, 10.870101 ], [ -74.86324, 10.86948 ], [ -74.863194, 10.869329 ], [ -74.863535, 10.869435 ], [ -74.864319, 10.869969 ], [ -74.86489, 10.87058 ], [ -74.866429, 10.871976 ], [ -74.86704, 10.87212 ], [ -74.867419, 10.871863 ], [ -74.86763, 10.870701 ], [ -74.867364, 10.869695 ], [ -74.86703, 10.868892 ], [ -74.866061, 10.868139 ], [ -74.865435, 10.86802 ], [ -74.865025, 10.867883 ], [ -74.864985, 10.868024 ], [ -74.86486, 10.868773 ], [ -74.864578, 10.869235 ], [ -74.864184, 10.869178 ], [ -74.863631, 10.868772 ], [ -74.863001, 10.868656 ], [ -74.862568, 10.868914 ], [ -74.862239, 10.869832 ], [ -74.862044, 10.870272 ], [ -74.862005, 10.870414 ], [ -74.862407, 10.870462 ], [ -74.862776, 10.870744 ], [ -74.862317, 10.870968 ], [ -74.861821, 10.870775 ], [ -74.861742, 10.871071 ], [ -74.861362, 10.871145 ], [ -74.861103, 10.871094 ], [ -74.863041, 10.865523 ], [ -74.86395, 10.863931 ], [ -74.863994, 10.864541 ], [ -74.863585, 10.865589 ], [ -74.863305, 10.866593 ], [ -74.863456, 10.86701 ], [ -74.864486, 10.866829 ], [ -74.864973, 10.866958 ], [ -74.865025, 10.867792 ], [ -74.865123, 10.867708 ], [ -74.865703, 10.867044 ], [ -74.866221, 10.86631 ], [ -74.866402, 10.865909 ], [ -74.866081, 10.865461 ], [ -74.865991, 10.864488 ], [ -74.865786, 10.86381 ], [ -74.865045, 10.863676 ], [ -74.864117, 10.863639 ], [ -74.865206, 10.861733 ], [ -74.865804, 10.860917 ], [ -74.86615, 10.861112 ], [ -74.866778, 10.861323 ], [ -74.868746, 10.861133 ], [ -74.869463, 10.860691 ], [ -74.869557, 10.860698 ], [ -74.869866, 10.860674 ], [ -74.870178, 10.859984 ], [ -74.870098, 10.859006 ], [ -74.86997, 10.85866 ], [ -74.869909, 10.858608 ], [ -74.869379, 10.857974 ], [ -74.869504, 10.857447 ], [ -74.869847, 10.857419 ], [ -74.870245, 10.857665 ], [ -74.87016, 10.857115 ], [ -74.870314, 10.855983 ], [ -74.870629, 10.855305 ], [ -74.871229, 10.854642 ], [ -74.871539, 10.854624 ], [ -74.872053, 10.854858 ], [ -74.873464, 10.85562 ], [ -74.873766, 10.855886 ], [ -74.873666, 10.856535 ], [ -74.873479, 10.856937 ], [ -74.872947, 10.857262 ], [ -74.872016, 10.857475 ], [ -74.871677, 10.857774 ], [ -74.871317, 10.858697 ], [ -74.870979, 10.85978 ], [ -74.870493, 10.860466 ], [ -74.870378, 10.860783 ], [ -74.870141, 10.861633 ], [ -74.869787, 10.862275 ], [ -74.869869, 10.863641 ], [ -74.869198, 10.864401 ], [ -74.869134, 10.865451 ], [ -74.86936, 10.865937 ], [ -74.869948, 10.865806 ], [ -74.870698, 10.865403 ], [ -74.870845, 10.865395 ], [ -74.870812, 10.865929 ], [ -74.871149, 10.866048 ], [ -74.872023, 10.865817 ], [ -74.871735, 10.866314 ], [ -74.870929, 10.867341 ], [ -74.871552, 10.867831 ], [ -74.872237, 10.867872 ], [ -74.872894, 10.867795 ], [ -74.873016, 10.867688 ], [ -74.873217, 10.86721 ], [ -74.873374, 10.866708 ], [ -74.873616, 10.866332 ], [ -74.875311, 10.866035 ], [ -74.876174, 10.866149 ], [ -74.876342, 10.866613 ], [ -74.876279, 10.867659 ], [ -74.876575, 10.867479 ], [ -74.876993, 10.86681 ], [ -74.877243, 10.866217 ], [ -74.877421, 10.865579 ], [ -74.877696, 10.864823 ], [ -74.877422, 10.864855 ], [ -74.876681, 10.865478 ], [ -74.876211, 10.865505 ], [ -74.875597, 10.865397 ], [ -74.873891, 10.865275 ], [ -74.873677, 10.864886 ], [ -74.873619, 10.86391 ], [ -74.874226, 10.863419 ], [ -74.874634, 10.863184 ], [ -74.874773, 10.86314 ], [ -74.875185, 10.862828 ], [ -74.875695, 10.861973 ], [ -74.876597, 10.861851 ], [ -74.877015, 10.861567 ], [ -74.877178, 10.861058 ], [ -74.877134, 10.859928 ], [ -74.877262, 10.859567 ], [ -74.877145, 10.859238 ], [ -74.875683, 10.858388 ], [ -74.875161, 10.858257 ], [ -74.874635, 10.858655 ], [ -74.874134, 10.859703 ], [ -74.873313, 10.861236 ], [ -74.872359, 10.862755 ], [ -74.871659, 10.86376 ], [ -74.871614, 10.86472 ], [ -74.871301, 10.864622 ], [ -74.871279, 10.86406 ], [ -74.871392, 10.863361 ], [ -74.871988, 10.861721 ], [ -74.873219, 10.859522 ], [ -74.873845, 10.858023 ], [ -74.874535, 10.857194 ], [ -74.875047, 10.856806 ], [ -74.876091, 10.856249 ], [ -74.876658, 10.855537 ], [ -74.878228, 10.854542 ], [ -74.879528, 10.853936 ], [ -74.880622, 10.853309 ], [ -74.882274, 10.85241 ], [ -74.883572, 10.85202 ], [ -74.884306, 10.852138 ], [ -74.886397, 10.852922 ], [ -74.88814, 10.853733 ], [ -74.889246, 10.853776 ], [ -74.890145, 10.853466 ], [ -74.890375, 10.853422 ], [ -74.890375, 10.853332 ], [ -74.88974, 10.853142 ], [ -74.889327, 10.85279 ], [ -74.889412, 10.852378 ], [ -74.889693, 10.852023 ], [ -74.889902, 10.851053 ], [ -74.890664, 10.850776 ], [ -74.891615, 10.850577 ], [ -74.892439, 10.850216 ], [ -74.892698, 10.850335 ], [ -74.893029, 10.851072 ], [ -74.893885, 10.851125 ], [ -74.894489, 10.852192 ], [ -74.894701, 10.853322 ], [ -74.894626, 10.854556 ], [ -74.894309, 10.856225 ], [ -74.893937, 10.8569 ], [ -74.893725, 10.857357 ], [ -74.893576, 10.858217 ], [ -74.893576, 10.858307 ], [ -74.89368, 10.858373 ], [ -74.893794, 10.858775 ], [ -74.893673, 10.85915 ], [ -74.893575, 10.859211 ], [ -74.893518, 10.859978 ], [ -74.893269, 10.860878 ], [ -74.893124, 10.86166 ], [ -74.892836, 10.862434 ], [ -74.892476, 10.862919 ], [ -74.892385, 10.862919 ], [ -74.892277, 10.863091 ], [ -74.891589, 10.863315 ], [ -74.891138, 10.863246 ], [ -74.890977, 10.863134 ], [ -74.890829, 10.863099 ], [ -74.890829, 10.863009 ], [ -74.890328, 10.86255 ], [ -74.889919, 10.861564 ], [ -74.889754, 10.859682 ], [ -74.889367, 10.858848 ], [ -74.889275, 10.858848 ], [ -74.888379, 10.859217 ], [ -74.888146, 10.859962 ], [ -74.887722, 10.860287 ], [ -74.887069, 10.860518 ], [ -74.886442, 10.86033 ], [ -74.885579, 10.859568 ], [ -74.885264, 10.858556 ], [ -74.884475, 10.858437 ], [ -74.884426, 10.858394 ], [ -74.884335, 10.858394 ], [ -74.88383, 10.858981 ], [ -74.883191, 10.860158 ], [ -74.881324, 10.863283 ], [ -74.880443, 10.86522 ], [ -74.880148, 10.866002 ], [ -74.879848, 10.866532 ], [ -74.879963, 10.866619 ], [ -74.880278, 10.867041 ], [ -74.880226, 10.867391 ], [ -74.880292, 10.867832 ], [ -74.880032, 10.86787 ], [ -74.879585, 10.867696 ], [ -74.879299, 10.867617 ], [ -74.879207, 10.867617 ], [ -74.879031, 10.868167 ], [ -74.878413, 10.869908 ], [ -74.877869, 10.871604 ], [ -74.877999, 10.872219 ], [ -74.878382, 10.873043 ], [ -74.87872, 10.873139 ], [ -74.879489, 10.873483 ], [ -74.879896, 10.874012 ], [ -74.880218, 10.874767 ], [ -74.880514, 10.875168 ], [ -74.881574, 10.875724 ], [ -74.881796, 10.875999 ], [ -74.881913, 10.876403 ], [ -74.881894, 10.876554 ], [ -74.881447, 10.876498 ], [ -74.881341, 10.876865 ], [ -74.881491, 10.877386 ], [ -74.88162, 10.877689 ], [ -74.881265, 10.877928 ], [ -74.88063, 10.877513 ], [ -74.880393, 10.877385 ], [ -74.879969, 10.87744 ], [ -74.879189, 10.878303 ], [ -74.879794, 10.878678 ], [ -74.879275, 10.879101 ], [ -74.878654, 10.879374 ], [ -74.878562, 10.879374 ], [ -74.87847, 10.880098 ], [ -74.878767, 10.880182 ], [ -74.878806, 10.880497 ], [ -74.878379, 10.88055 ], [ -74.878379, 10.880731 ], [ -74.87847, 10.880731 ], [ -74.87847, 10.880821 ], [ -74.878968, 10.881216 ], [ -74.878848, 10.881641 ], [ -74.87847, 10.881364 ], [ -74.878424, 10.88229 ], [ -74.878274, 10.883101 ], [ -74.877411, 10.883633 ], [ -74.876529, 10.883765 ], [ -74.875815, 10.884166 ], [ -74.875784, 10.884228 ], [ -74.875418, 10.884407 ], [ -74.875083, 10.884437 ], [ -74.875009, 10.884528 ], [ -74.874354, 10.884908 ], [ -74.873578, 10.885211 ], [ -74.873436, 10.885251 ], [ -74.872846, 10.88553 ], [ -74.87252, 10.885612 ], [ -74.872575, 10.885332 ], [ -74.873297, 10.884752 ], [ -74.87426, 10.884166 ], [ -74.87426, 10.884075 ], [ -74.874209, 10.884035 ], [ -74.873995, 10.883771 ], [ -74.873528, 10.883713 ], [ -74.872894, 10.883791 ], [ -74.872669, 10.883612 ], [ -74.872568, 10.882816 ], [ -74.872304, 10.882196 ], [ -74.871817, 10.881511 ], [ -74.871237, 10.881347 ], [ -74.871052, 10.880705 ], [ -74.871261, 10.879984 ], [ -74.871557, 10.879502 ], [ -74.871608, 10.879462 ], [ -74.871944, 10.878798 ], [ -74.871974, 10.878467 ], [ -74.872109, 10.877785 ], [ -74.872341, 10.87702 ], [ -74.872341, 10.87693 ], [ -74.8722, 10.876888 ], [ -74.871879, 10.87671 ], [ -74.871498, 10.87668 ], [ -74.870696, 10.876971 ], [ -74.870565, 10.876754 ], [ -74.87154, 10.876 ], [ -74.872291, 10.87594 ], [ -74.872524, 10.876025 ], [ -74.872616, 10.875573 ], [ -74.872294, 10.875461 ], [ -74.870407, 10.875282 ], [ -74.870215, 10.875106 ], [ -74.870465, 10.874621 ], [ -74.870831, 10.874095 ], [ -74.870671, 10.873406 ], [ -74.87056, 10.873174 ], [ -74.870286, 10.873046 ], [ -74.87042, 10.872414 ], [ -74.871286, 10.87201 ], [ -74.871385, 10.871638 ], [ -74.87112, 10.871257 ], [ -74.871078, 10.870193 ], [ -74.871761, 10.870387 ], [ -74.871719, 10.871423 ], [ -74.871919, 10.871637 ], [ -74.872041, 10.871641 ], [ -74.872709, 10.871503 ], [ -74.872709, 10.871413 ], [ -74.872801, 10.871413 ], [ -74.872852, 10.871011 ], [ -74.872893, 10.869062 ], [ -74.87243, 10.869007 ], [ -74.871777, 10.869206 ], [ -74.870686, 10.870169 ], [ -74.870379, 10.870646 ], [ -74.870331, 10.870688 ], [ -74.870288, 10.870827 ], [ -74.869763, 10.87205 ], [ -74.869566, 10.872883 ], [ -74.869414, 10.873854 ], [ -74.869462, 10.873987 ], [ -74.869697, 10.87514 ], [ -74.869447, 10.87661 ], [ -74.86841, 10.876442 ], [ -74.867275, 10.875075 ], [ -74.867107, 10.875215 ], [ -74.867988, 10.876482 ], [ -74.868122, 10.877627 ], [ -74.867813, 10.877789 ], [ -74.867173, 10.877939 ], [ -74.86726, 10.878241 ], [ -74.867901, 10.87854 ], [ -74.867616, 10.879069 ], [ -74.867088, 10.879048 ], [ -74.867075, 10.879369 ], [ -74.867085, 10.879632 ], [ -74.866988, 10.881225 ], [ -74.866826, 10.882602 ], [ -74.867166, 10.883889 ], [ -74.867061, 10.884593 ], [ -74.866939, 10.884705 ], [ -74.866852, 10.884846 ], [ -74.866471, 10.884963 ], [ -74.866298, 10.884886 ], [ -74.865751, 10.884768 ], [ -74.864738, 10.884848 ], [ -74.864468, 10.885156 ], [ -74.864326, 10.885227 ], [ -74.864285, 10.885428 ], [ -74.864231, 10.885465 ], [ -74.863827, 10.886061 ], [ -74.863827, 10.886151 ], [ -74.863736, 10.886151 ], [ -74.863736, 10.886332 ], [ -74.863644, 10.886332 ], [ -74.862415, 10.888121 ], [ -74.862317, 10.888929 ], [ -74.862619, 10.889802 ], [ -74.863014, 10.890765 ], [ -74.864054, 10.891893 ], [ -74.86421, 10.892211 ], [ -74.864601, 10.893252 ], [ -74.864829, 10.893807 ], [ -74.865509, 10.894306 ], [ -74.865745, 10.894382 ], [ -74.865745, 10.894472 ], [ -74.865959, 10.894579 ], [ -74.865897, 10.894804 ], [ -74.865837, 10.894834 ], [ -74.865836, 10.894925 ], [ -74.865461, 10.895058 ], [ -74.864813, 10.894963 ], [ -74.863987, 10.894519 ], [ -74.863675, 10.894912 ], [ -74.862968, 10.897221 ], [ -74.862554, 10.897245 ], [ -74.861473, 10.896344 ], [ -74.860931, 10.895744 ], [ -74.859177, 10.894947 ], [ -74.857575, 10.894086 ], [ -74.855723, 10.89334 ], [ -74.85321, 10.892115 ], [ -74.853153, 10.89224 ], [ -74.853083, 10.893528 ], [ -74.852904, 10.894064 ], [ -74.852786, 10.89423 ], [ -74.852751, 10.894376 ], [ -74.852795, 10.894513 ], [ -74.853383, 10.895388 ], [ -74.853586, 10.895505 ], [ -74.853985, 10.895234 ], [ -74.854349, 10.895064 ], [ -74.855027, 10.895916 ], [ -74.855988, 10.897649 ], [ -74.856096, 10.89956 ], [ -74.85664, 10.899689 ], [ -74.857121, 10.900053 ], [ -74.858078, 10.901343 ], [ -74.858425, 10.901928 ], [ -74.858833, 10.903025 ], [ -74.859214, 10.90301 ], [ -74.859704, 10.901986 ], [ -74.859844, 10.901548 ], [ -74.859835, 10.901319 ], [ -74.859306, 10.90098 ], [ -74.858389, 10.900764 ], [ -74.858129, 10.900628 ], [ -74.857727, 10.900199 ], [ -74.857741, 10.899864 ], [ -74.858583, 10.899706 ], [ -74.859381, 10.900124 ], [ -74.859762, 10.900301 ], [ -74.860848, 10.900754 ], [ -74.861669, 10.90121 ], [ -74.861851, 10.901553 ], [ -74.861076, 10.903416 ], [ -74.859964, 10.906623 ], [ -74.859883, 10.907041 ], [ -74.860756, 10.906547 ], [ -74.861316, 10.906202 ], [ -74.861643, 10.905828 ], [ -74.861714, 10.905595 ], [ -74.861714, 10.905504 ], [ -74.861805, 10.905504 ], [ -74.861805, 10.905323 ], [ -74.861897, 10.905324 ], [ -74.862824, 10.904746 ], [ -74.863822, 10.903972 ], [ -74.864591, 10.902681 ], [ -74.864883, 10.901899 ], [ -74.865138, 10.901423 ], [ -74.865523, 10.900365 ], [ -74.866071, 10.899863 ], [ -74.86681, 10.899328 ], [ -74.867728, 10.897786 ], [ -74.868031, 10.897729 ], [ -74.868105, 10.898025 ], [ -74.867751, 10.899037 ], [ -74.867536, 10.89941 ], [ -74.867482, 10.899447 ], [ -74.867441, 10.899648 ], [ -74.867298, 10.899719 ], [ -74.867256, 10.899858 ], [ -74.867136, 10.90007 ], [ -74.866425, 10.900574 ], [ -74.865995, 10.900907 ], [ -74.865883, 10.901394 ], [ -74.865625, 10.902245 ], [ -74.865558, 10.902883 ], [ -74.865467, 10.902883 ], [ -74.865467, 10.902974 ], [ -74.86499, 10.903253 ], [ -74.864599, 10.903823 ], [ -74.864488, 10.90416 ], [ -74.86394, 10.904422 ], [ -74.864073, 10.904806 ], [ -74.863624, 10.905143 ], [ -74.862468, 10.905393 ], [ -74.862014, 10.906316 ], [ -74.860485, 10.907435 ], [ -74.860132, 10.907798 ], [ -74.859617, 10.908131 ], [ -74.859315, 10.908866 ], [ -74.859561, 10.909337 ], [ -74.858305, 10.909444 ], [ -74.858005, 10.909347 ], [ -74.85796, 10.909301 ], [ -74.857777, 10.909301 ], [ -74.857154, 10.90877 ], [ -74.856199, 10.907605 ], [ -74.855626, 10.907289 ], [ -74.854881, 10.907128 ], [ -74.853491, 10.906914 ], [ -74.851982, 10.906761 ], [ -74.851098, 10.906562 ], [ -74.850601, 10.906254 ], [ -74.850319, 10.906014 ], [ -74.850223, 10.905288 ], [ -74.849881, 10.904894 ], [ -74.849503, 10.904572 ], [ -74.84946, 10.904033 ], [ -74.849996, 10.903737 ], [ -74.851277, 10.903593 ], [ -74.851596, 10.903321 ], [ -74.851645, 10.902728 ], [ -74.851468, 10.901006 ], [ -74.851327, 10.900755 ], [ -74.851211, 10.900374 ], [ -74.850857, 10.900401 ], [ -74.85032, 10.899759 ], [ -74.849975, 10.899284 ], [ -74.849335, 10.898787 ], [ -74.848521, 10.898722 ], [ -74.848318, 10.899081 ], [ -74.848276, 10.8996 ], [ -74.848618, 10.900141 ], [ -74.84913, 10.900788 ], [ -74.849008, 10.90126 ], [ -74.846864, 10.900662 ], [ -74.846525, 10.900801 ], [ -74.846164, 10.90174 ], [ -74.84548, 10.901456 ], [ -74.845206, 10.90097 ], [ -74.845151, 10.90029 ], [ -74.845485, 10.899764 ], [ -74.845657, 10.89975 ], [ -74.846605, 10.899826 ], [ -74.846989, 10.898977 ], [ -74.84784, 10.898824 ], [ -74.847534, 10.898172 ], [ -74.846992, 10.898126 ], [ -74.845629, 10.897764 ], [ -74.844697, 10.897718 ], [ -74.844453, 10.897839 ], [ -74.844423, 10.897899 ], [ -74.844331, 10.897899 ], [ -74.844331, 10.897989 ], [ -74.844209, 10.898049 ], [ -74.842724, 10.898118 ], [ -74.842135, 10.89835 ], [ -74.842043, 10.89835 ], [ -74.842043, 10.89844 ], [ -74.841273, 10.898393 ], [ -74.840718, 10.898148 ], [ -74.840073, 10.897403 ], [ -74.83988, 10.897097 ], [ -74.839756, 10.896992 ], [ -74.839512, 10.896691 ], [ -74.838885, 10.896613 ], [ -74.838597, 10.896841 ], [ -74.838231, 10.897293 ], [ -74.837742, 10.897353 ], [ -74.83696, 10.897131 ], [ -74.836372, 10.89726 ], [ -74.83587, 10.897672 ], [ -74.834857, 10.898207 ], [ -74.834356, 10.898617 ], [ -74.834227, 10.899588 ], [ -74.833886, 10.901436 ], [ -74.833426, 10.902673 ], [ -74.833096, 10.903752 ], [ -74.832339, 10.904392 ], [ -74.831516, 10.904947 ], [ -74.831516, 10.905037 ], [ -74.831376, 10.90508 ], [ -74.830721, 10.905531 ], [ -74.830381, 10.905359 ], [ -74.830165, 10.905053 ], [ -74.829854, 10.904383 ], [ -74.829434, 10.904093 ], [ -74.828908, 10.904062 ], [ -74.828493, 10.904188 ], [ -74.827383, 10.905043 ], [ -74.827073, 10.905482 ], [ -74.826641, 10.90659 ], [ -74.825841, 10.907295 ], [ -74.826144, 10.908343 ], [ -74.826023, 10.908652 ], [ -74.825983, 10.909064 ], [ -74.825636, 10.909599 ], [ -74.825565, 10.910008 ], [ -74.825072, 10.910053 ], [ -74.824982, 10.910449 ], [ -74.825271, 10.91108 ], [ -74.82538, 10.91156 ], [ -74.825252, 10.912051 ], [ -74.825198, 10.912088 ], [ -74.824403, 10.911634 ], [ -74.823932, 10.911233 ] ] ], [ [ [ -74.851845, 11.00634 ], [ -74.851198, 11.00565 ], [ -74.850639, 11.005137 ], [ -74.850771, 11.004432 ], [ -74.851355, 11.004036 ], [ -74.85164, 11.00416 ], [ -74.851753, 11.005205 ], [ -74.852163, 11.005221 ], [ -74.852485, 11.005071 ], [ -74.852375, 11.00476 ], [ -74.852248, 11.0041 ], [ -74.851793, 11.003887 ], [ -74.851647, 11.00358 ], [ -74.851599, 11.003537 ], [ -74.852354, 11.00232 ], [ -74.852607, 11.001186 ], [ -74.852699, 11.001186 ], [ -74.852786, 11.00086 ], [ -74.853333, 10.999727 ], [ -74.853596, 10.998435 ], [ -74.853918, 10.99853 ], [ -74.854073, 10.998744 ], [ -74.854947, 10.99907 ], [ -74.855815, 10.999606 ], [ -74.856819, 10.99965 ], [ -74.857781, 10.999881 ], [ -74.858292, 10.999487 ], [ -74.858844, 10.999531 ], [ -74.858966, 11.000062 ], [ -74.859015, 11.000103 ], [ -74.858966, 11.000758 ], [ -74.857721, 11.002424 ], [ -74.857322, 11.003382 ], [ -74.857415, 11.004079 ], [ -74.858042, 11.005005 ], [ -74.858057, 11.005383 ], [ -74.857879, 11.006053 ], [ -74.858324, 11.006461 ], [ -74.85784, 11.007332 ], [ -74.85695, 11.007472 ], [ -74.856449, 11.007699 ], [ -74.856401, 11.007656 ], [ -74.856306, 11.007358 ], [ -74.855644, 11.007529 ], [ -74.85532, 11.007232 ], [ -74.855012, 11.006713 ], [ -74.853047, 11.005669 ], [ -74.852568, 11.00565 ], [ -74.852447, 11.005877 ], [ -74.853269, 11.006436 ], [ -74.854069, 11.00681 ], [ -74.854834, 11.007344 ], [ -74.854986, 11.007915 ], [ -74.853746, 11.008013 ], [ -74.853301, 11.008167 ], [ -74.852728, 11.007801 ], [ -74.852373, 11.007292 ], [ -74.851845, 11.00634 ] ] ], [ [ [ -74.878561, 11.006121 ], [ -74.878419, 11.0059 ], [ -74.878653, 11.005884 ], [ -74.878651, 11.005864 ], [ -74.878075, 11.005176 ], [ -74.877396, 11.004724 ], [ -74.876515, 11.004355 ], [ -74.875498, 11.003651 ], [ -74.874583, 11.003165 ], [ -74.873837, 11.002579 ], [ -74.873032, 11.001623 ], [ -74.873016, 11.00082 ], [ -74.87322, 10.999597 ], [ -74.87344, 10.998759 ], [ -74.87395, 10.996549 ], [ -74.87395, 10.996025 ], [ -74.874435, 10.996434 ], [ -74.874713, 10.99645 ], [ -74.874761, 10.996493 ], [ -74.875041, 10.996412 ], [ -74.875169, 10.996011 ], [ -74.874564, 10.995001 ], [ -74.87463, 10.994364 ], [ -74.875019, 10.993505 ], [ -74.875171, 10.992817 ], [ -74.875079, 10.991926 ], [ -74.875107, 10.991654 ], [ -74.875067, 10.991261 ], [ -74.874774, 10.99049 ], [ -74.87389, 10.990392 ], [ -74.87346, 10.990232 ], [ -74.873625, 10.988764 ], [ -74.873708, 10.987717 ], [ -74.873392, 10.987539 ], [ -74.873467, 10.986949 ], [ -74.87382, 10.986514 ], [ -74.874824, 10.986261 ], [ -74.87528, 10.986096 ], [ -74.875863, 10.985645 ], [ -74.876254, 10.984581 ], [ -74.876738, 10.983971 ], [ -74.877161, 10.983218 ], [ -74.87733, 10.982486 ], [ -74.877939, 10.982218 ], [ -74.878406, 10.981961 ], [ -74.878768, 10.98116 ], [ -74.879397, 10.980714 ], [ -74.880218, 10.980264 ], [ -74.881295, 10.979639 ], [ -74.881872, 10.978977 ], [ -74.882271, 10.978234 ], [ -74.882788, 10.978436 ], [ -74.883768, 10.978966 ], [ -74.883647, 10.979132 ], [ -74.88344, 10.9796 ], [ -74.883328, 10.98144 ], [ -74.88328, 10.981664 ], [ -74.883141, 10.981707 ], [ -74.882259, 10.982488 ], [ -74.881844, 10.982611 ], [ -74.880908, 10.982044 ], [ -74.880365, 10.981891 ], [ -74.87956, 10.982099 ], [ -74.878493, 10.983235 ], [ -74.878083, 10.983923 ], [ -74.877659, 10.984311 ], [ -74.877468, 10.984603 ], [ -74.876824, 10.985323 ], [ -74.876459, 10.986086 ], [ -74.875952, 10.986903 ], [ -74.875745, 10.987547 ], [ -74.875946, 10.988691 ], [ -74.87646, 10.989392 ], [ -74.87675, 10.989881 ], [ -74.876869, 10.990253 ], [ -74.877187, 10.990482 ], [ -74.877728, 10.990822 ], [ -74.877833, 10.99111 ], [ -74.877925, 10.991501 ], [ -74.878559, 10.992062 ], [ -74.878448, 10.992356 ], [ -74.877742, 10.992624 ], [ -74.877722, 10.992952 ], [ -74.877852, 10.993367 ], [ -74.878456, 10.994095 ], [ -74.87854, 10.995501 ], [ -74.878374, 10.996205 ], [ -74.87783, 10.997193 ], [ -74.878032, 10.997583 ], [ -74.878475, 10.99821 ], [ -74.87885, 10.999103 ], [ -74.879062, 11.000875 ], [ -74.878757, 11.000893 ], [ -74.877839, 10.999852 ], [ -74.877554, 10.998828 ], [ -74.877286, 10.99825 ], [ -74.876915, 10.997574 ], [ -74.877001, 10.997079 ], [ -74.877456, 10.995647 ], [ -74.877182, 10.99477 ], [ -74.876959, 10.994413 ], [ -74.876901, 10.994468 ], [ -74.876932, 10.995965 ], [ -74.876295, 10.997089 ], [ -74.875587, 10.997607 ], [ -74.875035, 10.998935 ], [ -74.874977, 10.999359 ], [ -74.87416, 11.001299 ], [ -74.874172, 11.001498 ], [ -74.877073, 11.003294 ], [ -74.877139, 11.003367 ], [ -74.877278, 11.00341 ], [ -74.87822, 11.003954 ], [ -74.879764, 11.00502 ], [ -74.880067, 11.005991 ], [ -74.879701, 11.0059 ], [ -74.87966, 11.006041 ], [ -74.879339, 11.006475 ], [ -74.879437, 11.007262 ], [ -74.879272, 11.00783 ], [ -74.878971, 11.008201 ], [ -74.878592, 11.008073 ], [ -74.878447, 11.00783 ], [ -74.878643, 11.006464 ], [ -74.878561, 11.006121 ] ] ], [ [ [ -74.858542, 11.008648 ], [ -74.859288, 11.008515 ], [ -74.859813, 11.008799 ], [ -74.860169, 11.009704 ], [ -74.860575, 11.010341 ], [ -74.860711, 11.011061 ], [ -74.860999, 11.011513 ], [ -74.861056, 11.011559 ], [ -74.860792, 11.012044 ], [ -74.860417, 11.012347 ], [ -74.859735, 11.012784 ], [ -74.857998, 11.013591 ], [ -74.857574, 11.01404 ], [ -74.857428, 11.014388 ], [ -74.856447, 11.015868 ], [ -74.856336, 11.016562 ], [ -74.856169, 11.016945 ], [ -74.856279, 11.019449 ], [ -74.856062, 11.020211 ], [ -74.855849, 11.020498 ], [ -74.855324, 11.021135 ], [ -74.855166, 11.022112 ], [ -74.855186, 11.022125 ], [ -74.854373, 11.023866 ], [ -74.854349, 11.023254 ], [ -74.85439, 11.022223 ], [ -74.85478, 11.021148 ], [ -74.855021, 11.02038 ], [ -74.855299, 11.019723 ], [ -74.855303, 11.019668 ], [ -74.855344, 11.019637 ], [ -74.855394, 11.019486 ], [ -74.855662, 11.018972 ], [ -74.855369, 11.0188 ], [ -74.855207, 11.017109 ], [ -74.855319, 11.016543 ], [ -74.855467, 11.016251 ], [ -74.855541, 11.015703 ], [ -74.856041, 11.014789 ], [ -74.856699, 11.013778 ], [ -74.856931, 11.013765 ], [ -74.857045, 11.01359 ], [ -74.856738, 11.013085 ], [ -74.856288, 11.011648 ], [ -74.856404, 11.011629 ], [ -74.857015, 11.01121 ], [ -74.857405, 11.01049 ], [ -74.857846, 11.009166 ], [ -74.858542, 11.008648 ] ] ], [ [ [ -74.861859, 11.033802 ], [ -74.861632, 11.033394 ], [ -74.861142, 11.033432 ], [ -74.860765, 11.033154 ], [ -74.860444, 11.03282 ], [ -74.859991, 11.032691 ], [ -74.859616, 11.032952 ], [ -74.859163, 11.032861 ], [ -74.858692, 11.032862 ], [ -74.858279, 11.033086 ], [ -74.857527, 11.033609 ], [ -74.857365, 11.033904 ], [ -74.857575, 11.033142 ], [ -74.857963, 11.032771 ], [ -74.858175, 11.032604 ], [ -74.858381, 11.032508 ], [ -74.85849, 11.032364 ], [ -74.858672, 11.032268 ], [ -74.858878, 11.032245 ], [ -74.859035, 11.032328 ], [ -74.859168, 11.032328 ], [ -74.859326, 11.032269 ], [ -74.859641, 11.032352 ], [ -74.85981, 11.032317 ], [ -74.860028, 11.032185 ], [ -74.860198, 11.032138 ], [ -74.860476, 11.032258 ], [ -74.860682, 11.032533 ], [ -74.86096, 11.032856 ], [ -74.861396, 11.032904 ], [ -74.861578, 11.033012 ], [ -74.861845, 11.033227 ], [ -74.861978, 11.0333 ], [ -74.862026, 11.033538 ], [ -74.862123, 11.033658 ], [ -74.862147, 11.033898 ], [ -74.862099, 11.034053 ], [ -74.861974, 11.034127 ], [ -74.861859, 11.033802 ] ] ], [ [ [ -74.86154, 11.034231 ], [ -74.861825, 11.03423 ], [ -74.861759, 11.03428 ], [ -74.861662, 11.034412 ], [ -74.861466, 11.034365 ], [ -74.86154, 11.034231 ] ] ], [ [ [ -74.848849, 11.03474 ], [ -74.849042, 11.034442 ], [ -74.849212, 11.034501 ], [ -74.849551, 11.034442 ], [ -74.850084, 11.033963 ], [ -74.850411, 11.033749 ], [ -74.850666, 11.033653 ], [ -74.850932, 11.033413 ], [ -74.851053, 11.033353 ], [ -74.851259, 11.033282 ], [ -74.851562, 11.03333 ], [ -74.851816, 11.033282 ], [ -74.852228, 11.033139 ], [ -74.852404, 11.033127 ], [ -74.853058, 11.0329 ], [ -74.85347, 11.0329 ], [ -74.854039, 11.03314 ], [ -74.854971, 11.033619 ], [ -74.855443, 11.033882 ], [ -74.855734, 11.033978 ], [ -74.855928, 11.033979 ], [ -74.856073, 11.03393 ], [ -74.856231, 11.033955 ], [ -74.856243, 11.034074 ], [ -74.856134, 11.034146 ], [ -74.856085, 11.034206 ], [ -74.856267, 11.034313 ], [ -74.85646, 11.034361 ], [ -74.856703, 11.034589 ], [ -74.856908, 11.035044 ], [ -74.857017, 11.035115 ], [ -74.857266, 11.035174 ], [ -74.857306, 11.035358 ], [ -74.857288, 11.035693 ], [ -74.857081, 11.035768 ], [ -74.856778, 11.035415 ], [ -74.856249, 11.034673 ], [ -74.855797, 11.034581 ], [ -74.85542, 11.034321 ], [ -74.854552, 11.034007 ], [ -74.854156, 11.033748 ], [ -74.853723, 11.033563 ], [ -74.85327, 11.033434 ], [ -74.853082, 11.033434 ], [ -74.852819, 11.033509 ], [ -74.852668, 11.033584 ], [ -74.851991, 11.033846 ], [ -74.851351, 11.033904 ], [ -74.851068, 11.03396 ], [ -74.850861, 11.034073 ], [ -74.850711, 11.03411 ], [ -74.850547, 11.034324 ], [ -74.850319, 11.03441 ], [ -74.850143, 11.03451 ], [ -74.849967, 11.034734 ], [ -74.849313, 11.035085 ], [ -74.849036, 11.03511 ], [ -74.84881, 11.03521 ], [ -74.848785, 11.035434 ], [ -74.848606, 11.03598 ], [ -74.848667, 11.035279 ], [ -74.848849, 11.03474 ] ] ], [ [ [ -74.846825, 11.03553 ], [ -74.846959, 11.03547 ], [ -74.847019, 11.03559 ], [ -74.846874, 11.035708 ], [ -74.846874, 11.035804 ], [ -74.846837, 11.035948 ], [ -74.846692, 11.036008 ], [ -74.846535, 11.036044 ], [ -74.846393, 11.036328 ], [ -74.846393, 11.036187 ], [ -74.846669, 11.035838 ], [ -74.846825, 11.03553 ] ] ], [ [ [ -74.833994, 11.035607 ], [ -74.834164, 11.03526 ], [ -74.834151, 11.035164 ], [ -74.834525, 11.034854 ], [ -74.834731, 11.034842 ], [ -74.834793, 11.034865 ], [ -74.834806, 11.034793 ], [ -74.834732, 11.03458 ], [ -74.834688, 11.034014 ], [ -74.835102, 11.033773 ], [ -74.835254, 11.033924 ], [ -74.835345, 11.033809 ], [ -74.835481, 11.033554 ], [ -74.835563, 11.033554 ], [ -74.835599, 11.033801 ], [ -74.835757, 11.033861 ], [ -74.83658, 11.033885 ], [ -74.837101, 11.033873 ], [ -74.837283, 11.033933 ], [ -74.83721, 11.034005 ], [ -74.837283, 11.034077 ], [ -74.837561, 11.034053 ], [ -74.837888, 11.033946 ], [ -74.838118, 11.034065 ], [ -74.838264, 11.034173 ], [ -74.838409, 11.034448 ], [ -74.838445, 11.034651 ], [ -74.838627, 11.034173 ], [ -74.838821, 11.03373 ], [ -74.839039, 11.033503 ], [ -74.839294, 11.033336 ], [ -74.839354, 11.033216 ], [ -74.839499, 11.033133 ], [ -74.839742, 11.032798 ], [ -74.840214, 11.032606 ], [ -74.840372, 11.032666 ], [ -74.840529, 11.032679 ], [ -74.840687, 11.032583 ], [ -74.840808, 11.032415 ], [ -74.841002, 11.032392 ], [ -74.841207, 11.032452 ], [ -74.841486, 11.032463 ], [ -74.841789, 11.032392 ], [ -74.84291, 11.031675 ], [ -74.843079, 11.031711 ], [ -74.843358, 11.031879 ], [ -74.843563, 11.032034 ], [ -74.843842, 11.032177 ], [ -74.844072, 11.032226 ], [ -74.844387, 11.032143 ], [ -74.844884, 11.031963 ], [ -74.846737, 11.031066 ], [ -74.847306, 11.030936 ], [ -74.8475, 11.030936 ], [ -74.847645, 11.030983 ], [ -74.847778, 11.031103 ], [ -74.84819, 11.031271 ], [ -74.84842, 11.031486 ], [ -74.848468, 11.031678 ], [ -74.848614, 11.031976 ], [ -74.848698, 11.032276 ], [ -74.848613, 11.032456 ], [ -74.848547, 11.032508 ], [ -74.848525, 11.032423 ], [ -74.847995, 11.031976 ], [ -74.84749, 11.031654 ], [ -74.846961, 11.031655 ], [ -74.845979, 11.032056 ], [ -74.845501, 11.032232 ], [ -74.844494, 11.032807 ], [ -74.844041, 11.032833 ], [ -74.843662, 11.032759 ], [ -74.843309, 11.03261 ], [ -74.842981, 11.032437 ], [ -74.842654, 11.032463 ], [ -74.842327, 11.032663 ], [ -74.842, 11.032913 ], [ -74.841572, 11.033063 ], [ -74.841068, 11.033064 ], [ -74.84074, 11.03309 ], [ -74.84064, 11.03324 ], [ -74.840363, 11.033315 ], [ -74.839934, 11.033316 ], [ -74.839607, 11.033491 ], [ -74.839457, 11.03384 ], [ -74.83908, 11.03409 ], [ -74.838753, 11.034389 ], [ -74.838578, 11.034888 ], [ -74.838453, 11.035386 ], [ -74.838252, 11.035586 ], [ -74.838126, 11.035785 ], [ -74.837951, 11.036184 ], [ -74.837725, 11.036458 ], [ -74.837423, 11.036633 ], [ -74.836869, 11.036784 ], [ -74.83634, 11.03676 ], [ -74.835962, 11.036662 ], [ -74.835633, 11.036289 ], [ -74.83543, 11.035867 ], [ -74.835127, 11.035544 ], [ -74.83485, 11.035544 ], [ -74.834573, 11.03562 ], [ -74.834145, 11.035845 ], [ -74.833719, 11.036692 ], [ -74.833694, 11.036916 ], [ -74.833741, 11.037676 ], [ -74.83373, 11.037695 ], [ -74.833666, 11.037053 ], [ -74.833691, 11.036552 ], [ -74.833739, 11.036061 ], [ -74.833994, 11.035607 ] ] ], [ [ [ -74.845945, 11.038329 ], [ -74.8459, 11.038197 ], [ -74.845988, 11.038197 ], [ -74.845928, 11.038579 ], [ -74.845643, 11.038932 ], [ -74.845493, 11.038978 ], [ -74.845518, 11.038779 ], [ -74.845668, 11.038604 ], [ -74.845895, 11.038429 ], [ -74.845945, 11.038329 ] ] ], [ [ [ -74.846479, 11.038018 ], [ -74.8466, 11.037694 ], [ -74.846673, 11.037575 ], [ -74.84683, 11.037491 ], [ -74.846916, 11.037348 ], [ -74.847146, 11.037264 ], [ -74.847303, 11.037253 ], [ -74.847352, 11.037324 ], [ -74.847424, 11.037384 ], [ -74.847533, 11.037324 ], [ -74.847642, 11.037217 ], [ -74.847788, 11.037145 ], [ -74.847884, 11.037193 ], [ -74.847884, 11.037372 ], [ -74.848078, 11.037995 ], [ -74.848199, 11.038258 ], [ -74.848356, 11.038318 ], [ -74.848645, 11.038326 ], [ -74.848768, 11.038671 ], [ -74.848642, 11.038796 ], [ -74.84834, 11.038946 ], [ -74.848189, 11.038797 ], [ -74.847961, 11.038449 ], [ -74.84786, 11.0382 ], [ -74.847783, 11.037802 ], [ -74.847581, 11.037802 ], [ -74.847531, 11.037952 ], [ -74.847355, 11.038027 ], [ -74.847028, 11.037978 ], [ -74.8467, 11.037979 ], [ -74.846574, 11.038154 ], [ -74.846575, 11.038378 ], [ -74.846193, 11.039449 ], [ -74.846479, 11.038018 ] ] ], [ [ [ -74.845523, 11.040795 ], [ -74.845446, 11.040472 ], [ -74.844968, 11.040697 ], [ -74.845098, 11.040142 ], [ -74.845158, 11.040134 ], [ -74.845364, 11.039907 ], [ -74.845437, 11.039871 ], [ -74.845521, 11.039944 ], [ -74.845545, 11.040098 ], [ -74.845606, 11.040278 ], [ -74.845715, 11.040351 ], [ -74.845836, 11.040362 ], [ -74.845981, 11.040291 ], [ -74.846025, 11.040132 ], [ -74.846026, 11.04057 ], [ -74.8458, 11.040919 ], [ -74.845624, 11.040944 ], [ -74.845523, 11.040795 ] ] ], [ [ [ -74.828995, 11.041 ], [ -74.829249, 11.040617 ], [ -74.829431, 11.040486 ], [ -74.829576, 11.040353 ], [ -74.829843, 11.040342 ], [ -74.830097, 11.04039 ], [ -74.830279, 11.040366 ], [ -74.830338, 11.040261 ], [ -74.830229, 11.04015 ], [ -74.829902, 11.040104 ], [ -74.829622, 11.03999 ], [ -74.829259, 11.039518 ], [ -74.828414, 11.038318 ], [ -74.828248, 11.037986 ], [ -74.827832, 11.037485 ], [ -74.829152, 11.036875 ], [ -74.829336, 11.037078 ], [ -74.829243, 11.037173 ], [ -74.829096, 11.037256 ], [ -74.830116, 11.036753 ], [ -74.831061, 11.036179 ], [ -74.832206, 11.035409 ], [ -74.832223, 11.035451 ], [ -74.83231, 11.035533 ], [ -74.832238, 11.035773 ], [ -74.832347, 11.03594 ], [ -74.832576, 11.036048 ], [ -74.832673, 11.036144 ], [ -74.832588, 11.036264 ], [ -74.83231, 11.036467 ], [ -74.832322, 11.036574 ], [ -74.832419, 11.036622 ], [ -74.832952, 11.036575 ], [ -74.833109, 11.036587 ], [ -74.833218, 11.036731 ], [ -74.833339, 11.036993 ], [ -74.833496, 11.037413 ], [ -74.833532, 11.037795 ], [ -74.833653, 11.038262 ], [ -74.833774, 11.038585 ], [ -74.833835, 11.038849 ], [ -74.833737, 11.03916 ], [ -74.83358, 11.039315 ], [ -74.833313, 11.039494 ], [ -74.832938, 11.039805 ], [ -74.83278, 11.04002 ], [ -74.832417, 11.040271 ], [ -74.832344, 11.040522 ], [ -74.832162, 11.040654 ], [ -74.831726, 11.04075 ], [ -74.831459, 11.040761 ], [ -74.83112, 11.04069 ], [ -74.830987, 11.040498 ], [ -74.830975, 11.040378 ], [ -74.830862, 11.040301 ], [ -74.83066, 11.040294 ], [ -74.830515, 11.040354 ], [ -74.830636, 11.040414 ], [ -74.830866, 11.040606 ], [ -74.83106, 11.040797 ], [ -74.831302, 11.040857 ], [ -74.831859, 11.040845 ], [ -74.832222, 11.040774 ], [ -74.832477, 11.040631 ], [ -74.83261, 11.040379 ], [ -74.832877, 11.040212 ], [ -74.833022, 11.040021 ], [ -74.833107, 11.03983 ], [ -74.833628, 11.039518 ], [ -74.833895, 11.039207 ], [ -74.833981, 11.038988 ], [ -74.834117, 11.039477 ], [ -74.834077, 11.039736 ], [ -74.833735, 11.040036 ], [ -74.833212, 11.040395 ], [ -74.833111, 11.040545 ], [ -74.83292, 11.040735 ], [ -74.832739, 11.040864 ], [ -74.832387, 11.041234 ], [ -74.832166, 11.041374 ], [ -74.831319, 11.041366 ], [ -74.831147, 11.041227 ], [ -74.830899, 11.04095 ], [ -74.830792, 11.041017 ], [ -74.830488, 11.040927 ], [ -74.829927, 11.040921 ], [ -74.829726, 11.040972 ], [ -74.829504, 11.041062 ], [ -74.829202, 11.041351 ], [ -74.829152, 11.041483 ], [ -74.829194, 11.041534 ], [ -74.829155, 11.041598 ], [ -74.829116, 11.041598 ], [ -74.829055, 11.041585 ], [ -74.82897, 11.041454 ], [ -74.828958, 11.041214 ], [ -74.828995, 11.041 ] ] ], [ [ [ -74.869922, 11.046659 ], [ -74.869917, 11.0462 ], [ -74.869582, 11.045308 ], [ -74.869084, 11.044303 ], [ -74.868541, 11.043505 ], [ -74.868, 11.042937 ], [ -74.867504, 11.042138 ], [ -74.867196, 11.041568 ], [ -74.866486, 11.040404 ], [ -74.865804, 11.039585 ], [ -74.865313, 11.039338 ], [ -74.864636, 11.039046 ], [ -74.864236, 11.038592 ], [ -74.863434, 11.037544 ], [ -74.863082, 11.03718 ], [ -74.863045, 11.037174 ], [ -74.862978, 11.036999 ], [ -74.862846, 11.036944 ], [ -74.862809, 11.036907 ], [ -74.862657, 11.036628 ], [ -74.862506, 11.036554 ], [ -74.861978, 11.036072 ], [ -74.861808, 11.036035 ], [ -74.861337, 11.036055 ], [ -74.86113, 11.035925 ], [ -74.860979, 11.035777 ], [ -74.860866, 11.035721 ], [ -74.860659, 11.035871 ], [ -74.860622, 11.035964 ], [ -74.860622, 11.036057 ], [ -74.860547, 11.036243 ], [ -74.860246, 11.036225 ], [ -74.86017, 11.036095 ], [ -74.859944, 11.036096 ], [ -74.859775, 11.036115 ], [ -74.859699, 11.036152 ], [ -74.85953, 11.036301 ], [ -74.859474, 11.036376 ], [ -74.85906, 11.036377 ], [ -74.859059, 11.036284 ], [ -74.858984, 11.036266 ], [ -74.858814, 11.036266 ], [ -74.858551, 11.03636 ], [ -74.858344, 11.03636 ], [ -74.858155, 11.036286 ], [ -74.858211, 11.036082 ], [ -74.858211, 11.036007 ], [ -74.85791, 11.035915 ], [ -74.857796, 11.035841 ], [ -74.857852, 11.035636 ], [ -74.857927, 11.035506 ], [ -74.858115, 11.035393 ], [ -74.858153, 11.035393 ], [ -74.85836, 11.035467 ], [ -74.858474, 11.035653 ], [ -74.858606, 11.035746 ], [ -74.858719, 11.035764 ], [ -74.85902, 11.035763 ], [ -74.859284, 11.035725 ], [ -74.859359, 11.035558 ], [ -74.85949, 11.035371 ], [ -74.859678, 11.035185 ], [ -74.859847, 11.035147 ], [ -74.859923, 11.035333 ], [ -74.860111, 11.035314 ], [ -74.860525, 11.03509 ], [ -74.860977, 11.034958 ], [ -74.861315, 11.034641 ], [ -74.861348, 11.03458 ], [ -74.861412, 11.034639 ], [ -74.861496, 11.035118 ], [ -74.861606, 11.035449 ], [ -74.861795, 11.035453 ], [ -74.862074, 11.035572 ], [ -74.862291, 11.035752 ], [ -74.862558, 11.036039 ], [ -74.863472, 11.036757 ], [ -74.864016, 11.037248 ], [ -74.864416, 11.037356 ], [ -74.864489, 11.03744 ], [ -74.864489, 11.037619 ], [ -74.864585, 11.037943 ], [ -74.864791, 11.038266 ], [ -74.865711, 11.039223 ], [ -74.866426, 11.039906 ], [ -74.866649, 11.040241 ], [ -74.866892, 11.040504 ], [ -74.867303, 11.040839 ], [ -74.867485, 11.041043 ], [ -74.867715, 11.041043 ], [ -74.868187, 11.041163 ], [ -74.868308, 11.04139 ], [ -74.86855, 11.041689 ], [ -74.868804, 11.042144 ], [ -74.869507, 11.042946 ], [ -74.869676, 11.043268 ], [ -74.869676, 11.043472 ], [ -74.869785, 11.043497 ], [ -74.869894, 11.043412 ], [ -74.870063, 11.043388 ], [ -74.870173, 11.043353 ], [ -74.870294, 11.043365 ], [ -74.870427, 11.043461 ], [ -74.870633, 11.043736 ], [ -74.870614, 11.04413 ], [ -74.870505, 11.044274 ], [ -74.870457, 11.044394 ], [ -74.870457, 11.044597 ], [ -74.87036, 11.044704 ], [ -74.869899, 11.045471 ], [ -74.869959, 11.045698 ], [ -74.869911, 11.045842 ], [ -74.869923, 11.045949 ], [ -74.870189, 11.046081 ], [ -74.87048, 11.046093 ], [ -74.87065, 11.046022 ], [ -74.87094, 11.046105 ], [ -74.871219, 11.046284 ], [ -74.871509, 11.046548 ], [ -74.871703, 11.046584 ], [ -74.871897, 11.046488 ], [ -74.871994, 11.046226 ], [ -74.871885, 11.045914 ], [ -74.871583, 11.045531 ], [ -74.871558, 11.045388 ], [ -74.87174, 11.045268 ], [ -74.871813, 11.045077 ], [ -74.871898, 11.044933 ], [ -74.872007, 11.045041 ], [ -74.872103, 11.045172 ], [ -74.872709, 11.045136 ], [ -74.872903, 11.045209 ], [ -74.872927, 11.045472 ], [ -74.872745, 11.045926 ], [ -74.872527, 11.04631 ], [ -74.872357, 11.046775 ], [ -74.872478, 11.046944 ], [ -74.872261, 11.047037 ], [ -74.87144, 11.047232 ], [ -74.870597, 11.047403 ], [ -74.869972, 11.047576 ], [ -74.86898, 11.047759 ], [ -74.86891, 11.047703 ], [ -74.868766, 11.047199 ], [ -74.86909, 11.047104 ], [ -74.869624, 11.047007 ], [ -74.869922, 11.046659 ] ] ], [ [ [ -74.835225, 11.047917 ], [ -74.83476, 11.04744 ], [ -74.833214, 11.045819 ], [ -74.833274, 11.045764 ], [ -74.833461, 11.045763 ], [ -74.834804, 11.046073 ], [ -74.83528, 11.046029 ], [ -74.835497, 11.046271 ], [ -74.835468, 11.046442 ], [ -74.83544, 11.046499 ], [ -74.83557, 11.046713 ], [ -74.835772, 11.046798 ], [ -74.835729, 11.04694 ], [ -74.835571, 11.047211 ], [ -74.835499, 11.047283 ], [ -74.835298, 11.047597 ], [ -74.835284, 11.047739 ], [ -74.835225, 11.047917 ] ] ] ] } },
{ "type": "Feature", "properties": { "SIM_ZONFIN": "ZP_Zona de Producción", "Shape_Area": 27750475.1567 }, "geometry": { "type": "MultiPolygon", "coordinates": [ [ [ [ -74.872896, 10.852463 ], [ -74.873386, 10.852062 ], [ -74.873514, 10.852254 ], [ -74.873726, 10.852453 ], [ -74.872896, 10.852463 ] ] ], [ [ [ -74.868163, 10.857701 ], [ -74.869203, 10.856376 ], [ -74.869196, 10.856458 ], [ -74.868407, 10.85755 ], [ -74.868163, 10.857701 ] ] ], [ [ [ -74.973311, 10.865371 ], [ -74.973616, 10.865089 ], [ -74.973801, 10.864998 ], [ -74.974342, 10.865068 ], [ -74.974423, 10.865158 ], [ -74.973747, 10.865833 ], [ -74.973578, 10.866692 ], [ -74.973297, 10.865406 ], [ -74.973311, 10.865371 ] ] ], [ [ [ -74.896521, 10.875654 ], [ -74.896027, 10.875544 ], [ -74.895674, 10.876215 ], [ -74.895481, 10.876062 ], [ -74.895213, 10.875373 ], [ -74.895116, 10.874598 ], [ -74.89538, 10.873979 ], [ -74.895885, 10.873355 ], [ -74.895735, 10.872163 ], [ -74.896396, 10.871888 ], [ -74.896733, 10.871472 ], [ -74.896867, 10.87101 ], [ -74.897229, 10.87042 ], [ -74.897864, 10.870022 ], [ -74.898238, 10.869975 ], [ -74.898156, 10.870346 ], [ -74.8982, 10.870893 ], [ -74.899081, 10.871012 ], [ -74.899793, 10.870428 ], [ -74.899869, 10.870486 ], [ -74.900094, 10.87103 ], [ -74.900014, 10.871564 ], [ -74.899048, 10.872082 ], [ -74.898786, 10.872418 ], [ -74.89842, 10.872598 ], [ -74.898095, 10.872638 ], [ -74.897801, 10.87275 ], [ -74.897576, 10.873526 ], [ -74.897742, 10.874839 ], [ -74.897504, 10.875239 ], [ -74.897286, 10.875411 ], [ -74.896996, 10.875532 ], [ -74.896955, 10.876306 ], [ -74.896863, 10.876306 ], [ -74.896521, 10.875654 ] ] ], [ [ [ -74.956979, 10.879395 ], [ -74.95642, 10.878788 ], [ -74.95539, 10.879061 ], [ -74.954678, 10.878273 ], [ -74.953488, 10.878162 ], [ -74.953285, 10.877602 ], [ -74.953254, 10.87709 ], [ -74.953825, 10.875734 ], [ -74.953868, 10.875506 ], [ -74.953929, 10.875536 ], [ -74.954111, 10.875895 ], [ -74.954143, 10.876048 ], [ -74.954143, 10.876139 ], [ -74.954234, 10.876139 ], [ -74.954376, 10.876541 ], [ -74.954578, 10.877238 ], [ -74.955075, 10.877355 ], [ -74.955654, 10.876897 ], [ -74.955881, 10.876501 ], [ -74.955973, 10.876501 ], [ -74.955973, 10.87641 ], [ -74.956018, 10.876354 ], [ -74.956928, 10.875818 ], [ -74.957525, 10.875569 ], [ -74.9588, 10.874818 ], [ -74.959635, 10.874631 ], [ -74.960639, 10.874874 ], [ -74.960792, 10.874994 ], [ -74.96128, 10.875597 ], [ -74.961737, 10.875959 ], [ -74.962208, 10.876138 ], [ -74.962621, 10.876087 ], [ -74.963104, 10.875492 ], [ -74.963275, 10.874327 ], [ -74.963384, 10.874241 ], [ -74.963486, 10.875029 ], [ -74.963646, 10.875885 ], [ -74.964208, 10.875677 ], [ -74.964524, 10.875268 ], [ -74.964259, 10.873852 ], [ -74.964645, 10.873322 ], [ -74.96494, 10.873156 ], [ -74.964991, 10.873196 ], [ -74.965143, 10.873724 ], [ -74.965448, 10.8741 ], [ -74.96553, 10.874453 ], [ -74.965081, 10.875207 ], [ -74.965031, 10.875598 ], [ -74.964931, 10.875683 ], [ -74.964691, 10.877043 ], [ -74.964182, 10.877949 ], [ -74.963568, 10.878172 ], [ -74.96282, 10.877859 ], [ -74.962694, 10.877636 ], [ -74.962452, 10.877005 ], [ -74.961918, 10.876963 ], [ -74.961108, 10.87753 ], [ -74.960547, 10.877587 ], [ -74.959849, 10.877271 ], [ -74.958912, 10.877647 ], [ -74.958443, 10.878129 ], [ -74.95829, 10.878172 ], [ -74.95764, 10.878563 ], [ -74.957029, 10.879355 ], [ -74.956979, 10.879395 ] ] ], [ [ [ -74.892357, 10.880987 ], [ -74.89247, 10.880465 ], [ -74.892561, 10.880465 ], [ -74.892601, 10.880516 ], [ -74.892757, 10.880635 ], [ -74.893298, 10.880238 ], [ -74.893841, 10.880154 ], [ -74.894757, 10.880375 ], [ -74.894526, 10.880689 ], [ -74.894423, 10.882309 ], [ -74.895205, 10.883196 ], [ -74.89551, 10.884293 ], [ -74.89558, 10.884355 ], [ -74.89558, 10.884445 ], [ -74.895093, 10.884492 ], [ -74.894476, 10.884666 ], [ -74.894248, 10.884847 ], [ -74.894166, 10.885128 ], [ -74.893881, 10.88548 ], [ -74.8938, 10.886485 ], [ -74.893525, 10.887434 ], [ -74.892996, 10.888087 ], [ -74.892653, 10.888892 ], [ -74.892558, 10.888966 ], [ -74.89225, 10.888849 ], [ -74.891735, 10.888785 ], [ -74.892058, 10.888019 ], [ -74.892196, 10.886716 ], [ -74.892416, 10.885905 ], [ -74.892444, 10.885439 ], [ -74.892399, 10.884691 ], [ -74.892739, 10.884073 ], [ -74.892532, 10.882918 ], [ -74.892708, 10.882105 ], [ -74.892609, 10.881683 ], [ -74.892357, 10.880987 ] ] ], [ [ [ -74.847985, 10.886875 ], [ -74.850795, 10.884676 ], [ -74.851397, 10.884799 ], [ -74.851793, 10.88458 ], [ -74.851706, 10.883879 ], [ -74.852636, 10.882898 ], [ -74.85305, 10.88293 ], [ -74.85353, 10.882891 ], [ -74.853639, 10.882159 ], [ -74.853568, 10.881914 ], [ -74.856272, 10.879059 ], [ -74.856936, 10.878214 ], [ -74.857246, 10.879051 ], [ -74.857202, 10.879278 ], [ -74.857109, 10.879547 ], [ -74.857023, 10.880905 ], [ -74.856873, 10.881487 ], [ -74.856556, 10.8821 ], [ -74.85488, 10.883698 ], [ -74.854046, 10.885363 ], [ -74.8534, 10.886207 ], [ -74.852647, 10.887057 ], [ -74.852467, 10.887331 ], [ -74.851863, 10.888074 ], [ -74.850901, 10.888864 ], [ -74.850413, 10.889368 ], [ -74.849288, 10.889327 ], [ -74.848898, 10.889095 ], [ -74.848614, 10.888619 ], [ -74.848213, 10.887244 ], [ -74.847985, 10.886875 ] ] ], [ [ [ -74.839758, 10.891513 ], [ -74.840524, 10.891168 ], [ -74.840591, 10.891709 ], [ -74.84078, 10.89206 ], [ -74.840516, 10.892303 ], [ -74.83826, 10.892067 ], [ -74.839758, 10.891513 ] ] ], [ [ [ -74.835218, 10.89378 ], [ -74.834909, 10.893794 ], [ -74.834419, 10.894136 ], [ -74.834151, 10.894103 ], [ -74.834099, 10.893609 ], [ -74.837474, 10.892359 ], [ -74.837531, 10.892831 ], [ -74.83749, 10.892881 ], [ -74.8372, 10.893002 ], [ -74.836884, 10.893254 ], [ -74.836668, 10.893608 ], [ -74.836154, 10.894245 ], [ -74.835694, 10.893922 ], [ -74.835218, 10.89378 ] ] ], [ [ [ -74.893532, 10.894905 ], [ -74.892989, 10.89457 ], [ -74.891843, 10.89466 ], [ -74.891153, 10.894455 ], [ -74.890979, 10.894146 ], [ -74.890947, 10.893744 ], [ -74.891099, 10.893407 ], [ -74.891904, 10.892722 ], [ -74.892216, 10.89217 ], [ -74.892362, 10.890608 ], [ -74.892973, 10.889919 ], [ -74.893199, 10.889418 ], [ -74.89448, 10.889419 ], [ -74.894479, 10.890323 ], [ -74.89512, 10.890324 ], [ -74.895071, 10.890818 ], [ -74.894985, 10.892181 ], [ -74.894429, 10.89335 ], [ -74.894174, 10.894015 ], [ -74.894069, 10.894822 ], [ -74.894203, 10.894936 ], [ -74.894203, 10.895026 ], [ -74.893532, 10.894905 ] ] ], [ [ [ -74.942102, 10.904764 ], [ -74.941321, 10.904078 ], [ -74.940224, 10.904467 ], [ -74.939378, 10.904594 ], [ -74.938532, 10.904463 ], [ -74.937893, 10.90422 ], [ -74.937441, 10.903853 ], [ -74.93648, 10.903506 ], [ -74.935279, 10.902861 ], [ -74.934141, 10.902773 ], [ -74.932592, 10.901777 ], [ -74.931665, 10.901884 ], [ -74.930847, 10.902134 ], [ -74.930525, 10.902573 ], [ -74.929981, 10.902989 ], [ -74.929296, 10.903133 ], [ -74.928722, 10.903222 ], [ -74.928381, 10.903404 ], [ -74.928241, 10.903447 ], [ -74.927865, 10.903335 ], [ -74.927657, 10.903157 ], [ -74.927551, 10.902245 ], [ -74.927049, 10.901453 ], [ -74.926347, 10.900878 ], [ -74.925781, 10.900833 ], [ -74.925401, 10.901043 ], [ -74.925266, 10.901053 ], [ -74.925131, 10.901004 ], [ -74.925094, 10.900318 ], [ -74.92504, 10.9001 ], [ -74.925427, 10.900063 ], [ -74.925243, 10.899682 ], [ -74.924925, 10.899435 ], [ -74.924857, 10.899557 ], [ -74.924765, 10.899557 ], [ -74.92469, 10.899269 ], [ -74.924148, 10.898457 ], [ -74.923946, 10.897925 ], [ -74.923613, 10.89753 ], [ -74.923485, 10.897025 ], [ -74.92371, 10.897164 ], [ -74.92398, 10.897247 ], [ -74.92468, 10.896757 ], [ -74.924942, 10.895616 ], [ -74.925176, 10.894772 ], [ -74.925303, 10.89355 ], [ -74.92559, 10.893498 ], [ -74.925465, 10.893843 ], [ -74.925315, 10.894945 ], [ -74.925177, 10.895292 ], [ -74.925132, 10.895759 ], [ -74.925181, 10.896829 ], [ -74.92541, 10.897476 ], [ -74.925861, 10.898024 ], [ -74.926138, 10.89811 ], [ -74.926138, 10.898201 ], [ -74.92623, 10.898201 ], [ -74.926467, 10.898328 ], [ -74.927321, 10.898937 ], [ -74.927845, 10.899146 ], [ -74.928746, 10.898873 ], [ -74.92908, 10.89809 ], [ -74.929862, 10.897244 ], [ -74.931258, 10.896761 ], [ -74.931847, 10.896272 ], [ -74.932056, 10.89555 ], [ -74.932178, 10.894856 ], [ -74.932239, 10.894826 ], [ -74.932544, 10.894223 ], [ -74.933757, 10.893413 ], [ -74.934437, 10.892181 ], [ -74.935281, 10.891739 ], [ -74.935997, 10.891993 ], [ -74.93634, 10.892372 ], [ -74.936976, 10.892471 ], [ -74.937576, 10.891967 ], [ -74.938314, 10.890962 ], [ -74.9396, 10.889605 ], [ -74.939683, 10.889341 ], [ -74.939774, 10.889341 ], [ -74.939774, 10.88925 ], [ -74.939837, 10.889011 ], [ -74.940359, 10.88858 ], [ -74.940927, 10.888654 ], [ -74.941733, 10.888852 ], [ -74.942062, 10.888889 ], [ -74.942393, 10.889198 ], [ -74.943484, 10.889844 ], [ -74.943753, 10.889834 ], [ -74.945067, 10.889012 ], [ -74.9454, 10.888119 ], [ -74.945614, 10.887606 ], [ -74.946459, 10.886832 ], [ -74.946702, 10.88646 ], [ -74.946668, 10.885594 ], [ -74.946899, 10.885382 ], [ -74.948523, 10.884874 ], [ -74.949871, 10.884407 ], [ -74.950342, 10.88405 ], [ -74.95241, 10.882808 ], [ -74.952769, 10.882741 ], [ -74.952727, 10.882789 ], [ -74.952262, 10.883054 ], [ -74.951618, 10.88352 ], [ -74.950896, 10.884146 ], [ -74.950132, 10.884758 ], [ -74.949811, 10.885264 ], [ -74.949707, 10.886004 ], [ -74.950316, 10.887085 ], [ -74.950481, 10.887624 ], [ -74.949417, 10.887558 ], [ -74.949065, 10.887057 ], [ -74.949353, 10.885994 ], [ -74.949334, 10.885666 ], [ -74.948948, 10.885689 ], [ -74.94877, 10.885886 ], [ -74.94853, 10.886655 ], [ -74.948236, 10.887124 ], [ -74.948058, 10.887581 ], [ -74.947796, 10.887813 ], [ -74.946425, 10.888231 ], [ -74.94632, 10.888612 ], [ -74.94688, 10.888783 ], [ -74.94748, 10.888748 ], [ -74.948522, 10.888295 ], [ -74.949223, 10.888544 ], [ -74.949291, 10.888619 ], [ -74.948536, 10.889014 ], [ -74.948214, 10.889583 ], [ -74.947868, 10.891089 ], [ -74.947425, 10.891597 ], [ -74.94632, 10.892104 ], [ -74.945837, 10.892285 ], [ -74.94557, 10.893254 ], [ -74.945172, 10.893592 ], [ -74.945215, 10.893363 ], [ -74.945477, 10.892497 ], [ -74.945295, 10.892174 ], [ -74.945012, 10.892196 ], [ -74.94473, 10.892519 ], [ -74.944581, 10.893008 ], [ -74.944313, 10.893728 ], [ -74.943772, 10.893996 ], [ -74.943666, 10.893584 ], [ -74.943941, 10.893098 ], [ -74.944282, 10.892166 ], [ -74.944392, 10.89148 ], [ -74.943977, 10.890957 ], [ -74.943142, 10.891023 ], [ -74.942611, 10.891316 ], [ -74.942342, 10.891624 ], [ -74.941646, 10.892006 ], [ -74.941172, 10.892393 ], [ -74.940991, 10.892988 ], [ -74.941345, 10.893436 ], [ -74.941883, 10.893543 ], [ -74.942525, 10.893147 ], [ -74.942883, 10.89299 ], [ -74.943275, 10.893021 ], [ -74.943385, 10.893731 ], [ -74.943507, 10.89406 ], [ -74.943983, 10.894316 ], [ -74.943983, 10.894406 ], [ -74.94384, 10.894446 ], [ -74.943387, 10.89464 ], [ -74.942742, 10.894547 ], [ -74.942702, 10.894496 ], [ -74.942634, 10.894275 ], [ -74.941889, 10.894183 ], [ -74.941436, 10.894433 ], [ -74.941152, 10.894538 ], [ -74.941195, 10.893999 ], [ -74.941185, 10.893868 ], [ -74.940507, 10.893731 ], [ -74.940372, 10.893955 ], [ -74.940745, 10.894273 ], [ -74.940726, 10.894512 ], [ -74.941237, 10.894948 ], [ -74.941237, 10.895129 ], [ -74.941127, 10.895204 ], [ -74.940728, 10.89579 ], [ -74.940688, 10.895943 ], [ -74.940488, 10.896126 ], [ -74.939416, 10.897571 ], [ -74.93798, 10.89824 ], [ -74.937575, 10.898671 ], [ -74.937176, 10.899508 ], [ -74.937074, 10.900259 ], [ -74.937773, 10.900826 ], [ -74.938405, 10.90107 ], [ -74.939214, 10.900765 ], [ -74.940107, 10.900158 ], [ -74.940597, 10.899635 ], [ -74.941096, 10.898591 ], [ -74.941746, 10.897996 ], [ -74.94229, 10.897868 ], [ -74.943074, 10.897899 ], [ -74.945543, 10.89841 ], [ -74.946771, 10.898976 ], [ -74.947451, 10.899259 ], [ -74.948243, 10.899421 ], [ -74.949015, 10.899546 ], [ -74.94948, 10.899727 ], [ -74.949564, 10.899834 ], [ -74.949503, 10.900045 ], [ -74.948115, 10.900216 ], [ -74.947054, 10.899989 ], [ -74.947001, 10.899924 ], [ -74.947218, 10.8996 ], [ -74.946745, 10.899333 ], [ -74.945992, 10.899253 ], [ -74.945837, 10.899476 ], [ -74.945903, 10.899743 ], [ -74.945129, 10.899513 ], [ -74.943444, 10.899373 ], [ -74.942356, 10.899123 ], [ -74.9419, 10.899159 ], [ -74.941515, 10.900078 ], [ -74.941118, 10.900707 ], [ -74.940919, 10.901147 ], [ -74.940676, 10.901486 ], [ -74.939842, 10.901637 ], [ -74.939572, 10.901946 ], [ -74.938175, 10.902737 ], [ -74.938082, 10.903071 ], [ -74.938497, 10.90365 ], [ -74.939376, 10.90358 ], [ -74.940412, 10.903178 ], [ -74.940504, 10.903178 ], [ -74.940612, 10.903059 ], [ -74.941602, 10.902998 ], [ -74.941852, 10.902909 ], [ -74.942692, 10.903064 ], [ -74.943081, 10.903615 ], [ -74.943292, 10.904787 ], [ -74.942534, 10.905074 ], [ -74.942102, 10.904764 ] ] ], [ [ [ -74.868258, 10.890172 ], [ -74.868309, 10.890042 ], [ -74.868519, 10.890106 ], [ -74.868636, 10.89048 ], [ -74.868619, 10.890761 ], [ -74.868395, 10.891167 ], [ -74.868207, 10.891572 ], [ -74.868068, 10.892743 ], [ -74.867527, 10.894427 ], [ -74.867667, 10.89574 ], [ -74.867988, 10.897229 ], [ -74.868031, 10.897729 ], [ -74.867728, 10.897786 ], [ -74.86681, 10.899328 ], [ -74.866071, 10.899863 ], [ -74.865523, 10.900365 ], [ -74.865138, 10.901423 ], [ -74.864883, 10.901899 ], [ -74.864591, 10.902681 ], [ -74.863822, 10.903972 ], [ -74.862824, 10.904746 ], [ -74.861897, 10.905324 ], [ -74.862019, 10.904934 ], [ -74.862587, 10.904474 ], [ -74.863359, 10.90403 ], [ -74.863499, 10.902996 ], [ -74.863812, 10.901875 ], [ -74.864256, 10.900921 ], [ -74.865603, 10.899317 ], [ -74.865969, 10.899037 ], [ -74.866457, 10.898731 ], [ -74.866788, 10.897945 ], [ -74.866819, 10.897434 ], [ -74.866702, 10.896932 ], [ -74.86616, 10.895946 ], [ -74.865887, 10.895193 ], [ -74.865836, 10.894925 ], [ -74.865837, 10.894834 ], [ -74.865897, 10.894804 ], [ -74.865959, 10.894579 ], [ -74.865745, 10.894472 ], [ -74.865745, 10.894382 ], [ -74.865832, 10.89389 ], [ -74.86618, 10.893324 ], [ -74.867159, 10.892659 ], [ -74.867302, 10.892483 ], [ -74.867536, 10.892444 ], [ -74.8679, 10.892303 ], [ -74.867986, 10.891116 ], [ -74.868178, 10.890636 ], [ -74.868258, 10.890172 ] ] ], [ [ [ -74.900967, 10.917186 ], [ -74.899601, 10.916783 ], [ -74.899229, 10.916914 ], [ -74.899315, 10.916332 ], [ -74.898975, 10.915503 ], [ -74.899091, 10.91515 ], [ -74.899445, 10.914471 ], [ -74.899602, 10.913994 ], [ -74.900017, 10.913369 ], [ -74.901272, 10.912633 ], [ -74.901382, 10.91253 ], [ -74.901892, 10.911492 ], [ -74.902387, 10.910847 ], [ -74.902255, 10.910394 ], [ -74.901518, 10.909909 ], [ -74.900421, 10.908651 ], [ -74.899938, 10.907546 ], [ -74.900194, 10.90656 ], [ -74.900414, 10.90535 ], [ -74.900808, 10.904945 ], [ -74.901293, 10.904661 ], [ -74.901858, 10.904211 ], [ -74.902651, 10.904479 ], [ -74.903342, 10.904349 ], [ -74.904311, 10.903485 ], [ -74.905438, 10.903364 ], [ -74.905776, 10.903043 ], [ -74.90588, 10.902208 ], [ -74.906939, 10.900445 ], [ -74.907334, 10.899931 ], [ -74.907759, 10.898801 ], [ -74.908147, 10.898604 ], [ -74.908492, 10.898762 ], [ -74.908897, 10.899033 ], [ -74.909686, 10.899233 ], [ -74.911407, 10.899269 ], [ -74.912228, 10.899071 ], [ -74.912731, 10.898694 ], [ -74.913055, 10.898484 ], [ -74.913282, 10.898153 ], [ -74.91344, 10.897197 ], [ -74.913961, 10.896171 ], [ -74.914792, 10.896118 ], [ -74.914938, 10.896191 ], [ -74.914975, 10.89648 ], [ -74.914926, 10.896522 ], [ -74.914409, 10.897252 ], [ -74.914291, 10.897565 ], [ -74.91456, 10.898622 ], [ -74.914287, 10.898862 ], [ -74.913482, 10.899011 ], [ -74.913313, 10.899374 ], [ -74.912957, 10.899943 ], [ -74.911814, 10.900049 ], [ -74.910667, 10.900237 ], [ -74.910358, 10.900218 ], [ -74.909715, 10.900048 ], [ -74.909107, 10.899962 ], [ -74.908299, 10.900249 ], [ -74.908159, 10.901138 ], [ -74.907916, 10.901481 ], [ -74.907599, 10.901761 ], [ -74.907394, 10.901988 ], [ -74.907008, 10.903369 ], [ -74.906397, 10.90448 ], [ -74.905539, 10.905237 ], [ -74.904127, 10.905819 ], [ -74.903079, 10.90594 ], [ -74.902895, 10.906528 ], [ -74.903174, 10.907559 ], [ -74.903577, 10.908129 ], [ -74.904437, 10.909128 ], [ -74.90469, 10.909675 ], [ -74.90463, 10.909952 ], [ -74.904538, 10.910132 ], [ -74.904356, 10.910223 ], [ -74.904311, 10.910451 ], [ -74.904277, 10.911296 ], [ -74.903762, 10.912127 ], [ -74.902909, 10.912745 ], [ -74.902663, 10.913616 ], [ -74.902461, 10.913907 ], [ -74.901294, 10.91445 ], [ -74.901198, 10.916419 ], [ -74.900967, 10.917186 ] ] ], [ [ [ -74.918078, 10.924246 ], [ -74.918039, 10.924014 ], [ -74.917914, 10.923592 ], [ -74.917823, 10.922981 ], [ -74.917896, 10.922799 ], [ -74.918284, 10.922734 ], [ -74.91849, 10.92247 ], [ -74.918537, 10.921985 ], [ -74.918765, 10.92179 ], [ -74.918854, 10.921122 ], [ -74.918957, 10.920844 ], [ -74.919173, 10.920861 ], [ -74.919582, 10.921087 ], [ -74.919917, 10.921235 ], [ -74.920661, 10.920965 ], [ -74.920901, 10.920833 ], [ -74.921233, 10.920309 ], [ -74.921372, 10.920191 ], [ -74.921634, 10.920335 ], [ -74.921587, 10.920912 ], [ -74.921207, 10.921236 ], [ -74.921057, 10.9216 ], [ -74.921191, 10.921714 ], [ -74.920926, 10.922052 ], [ -74.919949, 10.922567 ], [ -74.919909, 10.922618 ], [ -74.919558, 10.922814 ], [ -74.919154, 10.92352 ], [ -74.919085, 10.924065 ], [ -74.918994, 10.924065 ], [ -74.918994, 10.924156 ], [ -74.918679, 10.924207 ], [ -74.918078, 10.924246 ] ] ], [ [ [ -74.850177, 10.924716 ], [ -74.847336, 10.924192 ], [ -74.845226, 10.924274 ], [ -74.844866, 10.924398 ], [ -74.844649, 10.923474 ], [ -74.84483, 10.922018 ], [ -74.845339, 10.920835 ], [ -74.846203, 10.919556 ], [ -74.84647, 10.918746 ], [ -74.84693, 10.917572 ], [ -74.847428, 10.916211 ], [ -74.847892, 10.91544 ], [ -74.848592, 10.91486 ], [ -74.849471, 10.914969 ], [ -74.850456, 10.915581 ], [ -74.851478, 10.915602 ], [ -74.852129, 10.915126 ], [ -74.852161, 10.913603 ], [ -74.851605, 10.913167 ], [ -74.851446, 10.9124 ], [ -74.851656, 10.911552 ], [ -74.852301, 10.910888 ], [ -74.853226, 10.910702 ], [ -74.854071, 10.911062 ], [ -74.855414, 10.911963 ], [ -74.855883, 10.911972 ], [ -74.856297, 10.91184 ], [ -74.8568, 10.911363 ], [ -74.857429, 10.910157 ], [ -74.857634, 10.909535 ], [ -74.857777, 10.909301 ], [ -74.85796, 10.909301 ], [ -74.858005, 10.909347 ], [ -74.858305, 10.909444 ], [ -74.859561, 10.909337 ], [ -74.859315, 10.908866 ], [ -74.859617, 10.908131 ], [ -74.860132, 10.907798 ], [ -74.860485, 10.907435 ], [ -74.862014, 10.906316 ], [ -74.862468, 10.905393 ], [ -74.863624, 10.905143 ], [ -74.864073, 10.904806 ], [ -74.86394, 10.904422 ], [ -74.864488, 10.90416 ], [ -74.864599, 10.903823 ], [ -74.86499, 10.903253 ], [ -74.865467, 10.902974 ], [ -74.865399, 10.903324 ], [ -74.864802, 10.904632 ], [ -74.86449, 10.905603 ], [ -74.864244, 10.907129 ], [ -74.864453, 10.90752 ], [ -74.866208, 10.907025 ], [ -74.866911, 10.906564 ], [ -74.869031, 10.906398 ], [ -74.869899, 10.906219 ], [ -74.869701, 10.906776 ], [ -74.869174, 10.907258 ], [ -74.867473, 10.907392 ], [ -74.866638, 10.907752 ], [ -74.865786, 10.908266 ], [ -74.865427, 10.908434 ], [ -74.864435, 10.908567 ], [ -74.863463, 10.909228 ], [ -74.86258, 10.909347 ], [ -74.862076, 10.909651 ], [ -74.861548, 10.910314 ], [ -74.861097, 10.911105 ], [ -74.860879, 10.911784 ], [ -74.861068, 10.912137 ], [ -74.861611, 10.911866 ], [ -74.862084, 10.911884 ], [ -74.862237, 10.912205 ], [ -74.862115, 10.912432 ], [ -74.861463, 10.912636 ], [ -74.860945, 10.913028 ], [ -74.860461, 10.913899 ], [ -74.859769, 10.91479 ], [ -74.859536, 10.91538 ], [ -74.858916, 10.915947 ], [ -74.858778, 10.916094 ], [ -74.858645, 10.916991 ], [ -74.859102, 10.918029 ], [ -74.858938, 10.91849 ], [ -74.858827, 10.918868 ], [ -74.859183, 10.919875 ], [ -74.85928, 10.920436 ], [ -74.858731, 10.921102 ], [ -74.858378, 10.921641 ], [ -74.85832, 10.922415 ], [ -74.857999, 10.922368 ], [ -74.85757, 10.922516 ], [ -74.857453, 10.921945 ], [ -74.858094, 10.921196 ], [ -74.858371, 10.920544 ], [ -74.858362, 10.92031 ], [ -74.858162, 10.91898 ], [ -74.857764, 10.918615 ], [ -74.857334, 10.918763 ], [ -74.857179, 10.919152 ], [ -74.857545, 10.919835 ], [ -74.857633, 10.920358 ], [ -74.856661, 10.921465 ], [ -74.856395, 10.922138 ], [ -74.856262, 10.923094 ], [ -74.856139, 10.92356 ], [ -74.855574, 10.923537 ], [ -74.854602, 10.923648 ], [ -74.853791, 10.923997 ], [ -74.85338, 10.924126 ], [ -74.852945, 10.923796 ], [ -74.852785, 10.923039 ], [ -74.852992, 10.921674 ], [ -74.852965, 10.920999 ], [ -74.852579, 10.920645 ], [ -74.851776, 10.920198 ], [ -74.850933, 10.919624 ], [ -74.850581, 10.91892 ], [ -74.849957, 10.918725 ], [ -74.849288, 10.918751 ], [ -74.848908, 10.918949 ], [ -74.848946, 10.919924 ], [ -74.848934, 10.920222 ], [ -74.848718, 10.920625 ], [ -74.846288, 10.920528 ], [ -74.845869, 10.920976 ], [ -74.845739, 10.922196 ], [ -74.846344, 10.922479 ], [ -74.847131, 10.922449 ], [ -74.847972, 10.921891 ], [ -74.848694, 10.92191 ], [ -74.849213, 10.921731 ], [ -74.849726, 10.92161 ], [ -74.850763, 10.921651 ], [ -74.850875, 10.92386 ], [ -74.850846, 10.924574 ], [ -74.850177, 10.924716 ] ], [ [ -74.854458, 10.921209 ], [ -74.85539, 10.921462 ], [ -74.855619, 10.921057 ], [ -74.855254, 10.920109 ], [ -74.855166, 10.91973 ], [ -74.855532, 10.919205 ], [ -74.85562, 10.919044 ], [ -74.855216, 10.918522 ], [ -74.854936, 10.918434 ], [ -74.854504, 10.918849 ], [ -74.854221, 10.918838 ], [ -74.853627, 10.918632 ], [ -74.852808, 10.918664 ], [ -74.852695, 10.919046 ], [ -74.852918, 10.919676 ], [ -74.854058, 10.920919 ], [ -74.854458, 10.921209 ] ] ], [ [ [ -74.886732, 10.920215 ], [ -74.88669, 10.919714 ], [ -74.886782, 10.919714 ], [ -74.887186, 10.919118 ], [ -74.88724, 10.919081 ], [ -74.888197, 10.919022 ], [ -74.888927, 10.919415 ], [ -74.88929, 10.918798 ], [ -74.889388, 10.91853 ], [ -74.887972, 10.917905 ], [ -74.888528, 10.91694 ], [ -74.888937, 10.916055 ], [ -74.889232, 10.915288 ], [ -74.889438, 10.914831 ], [ -74.889438, 10.91474 ], [ -74.889529, 10.914741 ], [ -74.889658, 10.914506 ], [ -74.889804, 10.914288 ], [ -74.890669, 10.913325 ], [ -74.890697, 10.912624 ], [ -74.889944, 10.911216 ], [ -74.890249, 10.910671 ], [ -74.890932, 10.910457 ], [ -74.891222, 10.910192 ], [ -74.89127, 10.909948 ], [ -74.891324, 10.909911 ], [ -74.891548, 10.90959 ], [ -74.891819, 10.909405 ], [ -74.892284, 10.909038 ], [ -74.892409, 10.908422 ], [ -74.892044, 10.906923 ], [ -74.891962, 10.906381 ], [ -74.892168, 10.90567 ], [ -74.892705, 10.904944 ], [ -74.892827, 10.904522 ], [ -74.892876, 10.904479 ], [ -74.893289, 10.904455 ], [ -74.893859, 10.904062 ], [ -74.894061, 10.903208 ], [ -74.894532, 10.90156 ], [ -74.894659, 10.901448 ], [ -74.89478, 10.901836 ], [ -74.89548, 10.902996 ], [ -74.895616, 10.903576 ], [ -74.895759, 10.903837 ], [ -74.897237, 10.905482 ], [ -74.897585, 10.90579 ], [ -74.897585, 10.90588 ], [ -74.897677, 10.90588 ], [ -74.897633, 10.90638 ], [ -74.897395, 10.907483 ], [ -74.897562, 10.909613 ], [ -74.898084, 10.91126 ], [ -74.897914, 10.912159 ], [ -74.897631, 10.912259 ], [ -74.896747, 10.912422 ], [ -74.896237, 10.912602 ], [ -74.895316, 10.912201 ], [ -74.894985, 10.912494 ], [ -74.894966, 10.912804 ], [ -74.895136, 10.914059 ], [ -74.895494, 10.915257 ], [ -74.895549, 10.916181 ], [ -74.89493, 10.917274 ], [ -74.894335, 10.917775 ], [ -74.893722, 10.918127 ], [ -74.893054, 10.918588 ], [ -74.892337, 10.918913 ], [ -74.892133, 10.919397 ], [ -74.891985, 10.919871 ], [ -74.890947, 10.921045 ], [ -74.890853, 10.922427 ], [ -74.890077, 10.924268 ], [ -74.889759, 10.925143 ], [ -74.889742, 10.925425 ], [ -74.889886, 10.925734 ], [ -74.890815, 10.926451 ], [ -74.891032, 10.92705 ], [ -74.890922, 10.927443 ], [ -74.890757, 10.927898 ], [ -74.890553, 10.928765 ], [ -74.89003, 10.929711 ], [ -74.889981, 10.929754 ], [ -74.88983, 10.929625 ], [ -74.8892, 10.928898 ], [ -74.888971, 10.92839 ], [ -74.888548, 10.928063 ], [ -74.887516, 10.927755 ], [ -74.887194, 10.927481 ], [ -74.887279, 10.927172 ], [ -74.887459, 10.926854 ], [ -74.887476, 10.926636 ], [ -74.88742, 10.926587 ], [ -74.88742, 10.926407 ], [ -74.887546, 10.926299 ], [ -74.888208, 10.925161 ], [ -74.888153, 10.924508 ], [ -74.888636, 10.924171 ], [ -74.888746, 10.923828 ], [ -74.889204, 10.922765 ], [ -74.887219, 10.921512 ], [ -74.886964, 10.921432 ], [ -74.887044, 10.920939 ], [ -74.886732, 10.920215 ] ] ], [ [ [ -74.901351, 10.927541 ], [ -74.900885, 10.927025 ], [ -74.899518, 10.926531 ], [ -74.899028, 10.925906 ], [ -74.899264, 10.924815 ], [ -74.899288, 10.924419 ], [ -74.899097, 10.924006 ], [ -74.898733, 10.923344 ], [ -74.898628, 10.922121 ], [ -74.898264, 10.921303 ], [ -74.898221, 10.920803 ], [ -74.898444, 10.920944 ], [ -74.898815, 10.921024 ], [ -74.899456, 10.920493 ], [ -74.899868, 10.920442 ], [ -74.899912, 10.920851 ], [ -74.90003, 10.921634 ], [ -74.90036, 10.922251 ], [ -74.900921, 10.923018 ], [ -74.901467, 10.924016 ], [ -74.901791, 10.92454 ], [ -74.902107, 10.925283 ], [ -74.902252, 10.925554 ], [ -74.902702, 10.926184 ], [ -74.903716, 10.924063 ], [ -74.904857, 10.922842 ], [ -74.905213, 10.922362 ], [ -74.905311, 10.921753 ], [ -74.905406, 10.921304 ], [ -74.905509, 10.919101 ], [ -74.906242, 10.918675 ], [ -74.906452, 10.918684 ], [ -74.907142, 10.91942 ], [ -74.90761, 10.919402 ], [ -74.907819, 10.918964 ], [ -74.907789, 10.917891 ], [ -74.908427, 10.917145 ], [ -74.908607, 10.916906 ], [ -74.908322, 10.916497 ], [ -74.907885, 10.916293 ], [ -74.907787, 10.91578 ], [ -74.908627, 10.913761 ], [ -74.909597, 10.913008 ], [ -74.910259, 10.912624 ], [ -74.910871, 10.911972 ], [ -74.911294, 10.911702 ], [ -74.911916, 10.911507 ], [ -74.912587, 10.911729 ], [ -74.913171, 10.911706 ], [ -74.913276, 10.910089 ], [ -74.913415, 10.909864 ], [ -74.913507, 10.909864 ], [ -74.913704, 10.909646 ], [ -74.914396, 10.909542 ], [ -74.91594, 10.909775 ], [ -74.91678, 10.909726 ], [ -74.918057, 10.908844 ], [ -74.918815, 10.908781 ], [ -74.91904, 10.90892 ], [ -74.919311, 10.909003 ], [ -74.919913, 10.90851 ], [ -74.919913, 10.908419 ], [ -74.920054, 10.908377 ], [ -74.920265, 10.908261 ], [ -74.920616, 10.908289 ], [ -74.920812, 10.908722 ], [ -74.921025, 10.909004 ], [ -74.922304, 10.908658 ], [ -74.922792, 10.908281 ], [ -74.923106, 10.908142 ], [ -74.923834, 10.908011 ], [ -74.924214, 10.907802 ], [ -74.924432, 10.907552 ], [ -74.924489, 10.906883 ], [ -74.924806, 10.906824 ], [ -74.925179, 10.906191 ], [ -74.925475, 10.906209 ], [ -74.926239, 10.907135 ], [ -74.926362, 10.90795 ], [ -74.926156, 10.908324 ], [ -74.924538, 10.908228 ], [ -74.923063, 10.909035 ], [ -74.922336, 10.909311 ], [ -74.921947, 10.91031 ], [ -74.921643, 10.910578 ], [ -74.920871, 10.910814 ], [ -74.92061, 10.910953 ], [ -74.920508, 10.912553 ], [ -74.919843, 10.912514 ], [ -74.919872, 10.912037 ], [ -74.919858, 10.911818 ], [ -74.919088, 10.911723 ], [ -74.918625, 10.912234 ], [ -74.919345, 10.912687 ], [ -74.919223, 10.913707 ], [ -74.919179, 10.914298 ], [ -74.919057, 10.914358 ], [ -74.918905, 10.914388 ], [ -74.918396, 10.913986 ], [ -74.917252, 10.912929 ], [ -74.917855, 10.912114 ], [ -74.917877, 10.911906 ], [ -74.917398, 10.912087 ], [ -74.917126, 10.912054 ], [ -74.916798, 10.911649 ], [ -74.916211, 10.911815 ], [ -74.914279, 10.911895 ], [ -74.913974, 10.912115 ], [ -74.913831, 10.91308 ], [ -74.913679, 10.913876 ], [ -74.912997, 10.913974 ], [ -74.912408, 10.914479 ], [ -74.912275, 10.915041 ], [ -74.913001, 10.914878 ], [ -74.913258, 10.91491 ], [ -74.913912, 10.914336 ], [ -74.914333, 10.914256 ], [ -74.914591, 10.914575 ], [ -74.914542, 10.914959 ], [ -74.914044, 10.9151 ], [ -74.913515, 10.915301 ], [ -74.91331, 10.91601 ], [ -74.913385, 10.916602 ], [ -74.913962, 10.916648 ], [ -74.91368, 10.917249 ], [ -74.913397, 10.918176 ], [ -74.913321, 10.918908 ], [ -74.913281, 10.919954 ], [ -74.913115, 10.920949 ], [ -74.912719, 10.921932 ], [ -74.91268, 10.922164 ], [ -74.912619, 10.922194 ], [ -74.912252, 10.922917 ], [ -74.912009, 10.923039 ], [ -74.911947, 10.923159 ], [ -74.911856, 10.923159 ], [ -74.911856, 10.923249 ], [ -74.911764, 10.923249 ], [ -74.911764, 10.92334 ], [ -74.911134, 10.923778 ], [ -74.910321, 10.924674 ], [ -74.910541, 10.925231 ], [ -74.911167, 10.92619 ], [ -74.911807, 10.927065 ], [ -74.911645, 10.927452 ], [ -74.910843, 10.927483 ], [ -74.909176, 10.926025 ], [ -74.908629, 10.92574 ], [ -74.907677, 10.925641 ], [ -74.907263, 10.926082 ], [ -74.906632, 10.925863 ], [ -74.906363, 10.92625 ], [ -74.905747, 10.927211 ], [ -74.905513, 10.9277 ], [ -74.905323, 10.927903 ], [ -74.904851, 10.928084 ], [ -74.904729, 10.92834 ], [ -74.904031, 10.928901 ], [ -74.903709, 10.928944 ], [ -74.903581, 10.928827 ], [ -74.903306, 10.928406 ], [ -74.902611, 10.927185 ], [ -74.901561, 10.927138 ], [ -74.901835, 10.928173 ], [ -74.901879, 10.928492 ], [ -74.901815, 10.929739 ], [ -74.901695, 10.929848 ], [ -74.901513, 10.92806 ], [ -74.901351, 10.927541 ] ] ], [ [ [ -74.911687, 10.930405 ], [ -74.909522, 10.929572 ], [ -74.909788, 10.92918 ], [ -74.910131, 10.928947 ], [ -74.910776, 10.929171 ], [ -74.911166, 10.928885 ], [ -74.911078, 10.928538 ], [ -74.910712, 10.928203 ], [ -74.9108, 10.928086 ], [ -74.911353, 10.927999 ], [ -74.91194, 10.927806 ], [ -74.912312, 10.92741 ], [ -74.913427, 10.928431 ], [ -74.91385, 10.929222 ], [ -74.913404, 10.929823 ], [ -74.91284, 10.929627 ], [ -74.912642, 10.929924 ], [ -74.912507, 10.930619 ], [ -74.911687, 10.930405 ] ] ], [ [ [ -74.849662, 10.934142 ], [ -74.849131, 10.933174 ], [ -74.848538, 10.932748 ], [ -74.848246, 10.932425 ], [ -74.847429, 10.931311 ], [ -74.847028, 10.930687 ], [ -74.8462, 10.929186 ], [ -74.846145, 10.929011 ], [ -74.846832, 10.929056 ], [ -74.847164, 10.929168 ], [ -74.849925, 10.930592 ], [ -74.850584, 10.930776 ], [ -74.850889, 10.930879 ], [ -74.851234, 10.931056 ], [ -74.851405, 10.931608 ], [ -74.850742, 10.932238 ], [ -74.84994, 10.932494 ], [ -74.849692, 10.932621 ], [ -74.849576, 10.932861 ], [ -74.850108, 10.932851 ], [ -74.851236, 10.932529 ], [ -74.85122, 10.933289 ], [ -74.850306, 10.933399 ], [ -74.850216, 10.93345 ], [ -74.851195, 10.933686 ], [ -74.852261, 10.933665 ], [ -74.852411, 10.933907 ], [ -74.852131, 10.934587 ], [ -74.851999, 10.934712 ], [ -74.851399, 10.934751 ], [ -74.850518, 10.934918 ], [ -74.849803, 10.934801 ], [ -74.849803, 10.934711 ], [ -74.849853, 10.934667 ], [ -74.849662, 10.934142 ] ] ], [ [ [ -74.905766, 10.938486 ], [ -74.905455, 10.937728 ], [ -74.905673, 10.9374 ], [ -74.906292, 10.936673 ], [ -74.906407, 10.936227 ], [ -74.906506, 10.935138 ], [ -74.906758, 10.934879 ], [ -74.906901, 10.936469 ], [ -74.907309, 10.937301 ], [ -74.907906, 10.937748 ], [ -74.908426, 10.93788 ], [ -74.908946, 10.937714 ], [ -74.90915, 10.937323 ], [ -74.908859, 10.936728 ], [ -74.907689, 10.935617 ], [ -74.907811, 10.935092 ], [ -74.90859, 10.93458 ], [ -74.908729, 10.933877 ], [ -74.909047, 10.933871 ], [ -74.909811, 10.934169 ], [ -74.910066, 10.934411 ], [ -74.910316, 10.935036 ], [ -74.910716, 10.93524 ], [ -74.911253, 10.93523 ], [ -74.911793, 10.935412 ], [ -74.912155, 10.934919 ], [ -74.91254, 10.933967 ], [ -74.912653, 10.933169 ], [ -74.912963, 10.932702 ], [ -74.913163, 10.932698 ], [ -74.913288, 10.933333 ], [ -74.913455, 10.933154 ], [ -74.913815, 10.932611 ], [ -74.914138, 10.932905 ], [ -74.913913, 10.933244 ], [ -74.913459, 10.933799 ], [ -74.914915, 10.93511 ], [ -74.914923, 10.935315 ], [ -74.914828, 10.935416 ], [ -74.914092, 10.935503 ], [ -74.913419, 10.935855 ], [ -74.912746, 10.936013 ], [ -74.912712, 10.936861 ], [ -74.912729, 10.9373 ], [ -74.912551, 10.93749 ], [ -74.912269, 10.937622 ], [ -74.912141, 10.938544 ], [ -74.911734, 10.938757 ], [ -74.911546, 10.938764 ], [ -74.911167, 10.938587 ], [ -74.911152, 10.938217 ], [ -74.911174, 10.937673 ], [ -74.910753, 10.937629 ], [ -74.910012, 10.937671 ], [ -74.909463, 10.937884 ], [ -74.90938, 10.93799 ], [ -74.908953, 10.938201 ], [ -74.908923, 10.938261 ], [ -74.907282, 10.939106 ], [ -74.906313, 10.939209 ], [ -74.906132, 10.939302 ], [ -74.905994, 10.939346 ], [ -74.905856, 10.939215 ], [ -74.905766, 10.938486 ] ] ], [ [ [ -74.853328, 10.938463 ], [ -74.852504, 10.938153 ], [ -74.852769, 10.937988 ], [ -74.855244, 10.937197 ], [ -74.856904, 10.936771 ], [ -74.85768, 10.936429 ], [ -74.858043, 10.935972 ], [ -74.857948, 10.935891 ], [ -74.858305, 10.93545 ], [ -74.858035, 10.935116 ], [ -74.857724, 10.934936 ], [ -74.857084, 10.934701 ], [ -74.857165, 10.934122 ], [ -74.8574, 10.933358 ], [ -74.857509, 10.932936 ], [ -74.85794, 10.932136 ], [ -74.858224, 10.932092 ], [ -74.858293, 10.933043 ], [ -74.858679, 10.93359 ], [ -74.858815, 10.934063 ], [ -74.858584, 10.934484 ], [ -74.858425, 10.934825 ], [ -74.858459, 10.935381 ], [ -74.858661, 10.936319 ], [ -74.858588, 10.937067 ], [ -74.858691, 10.937326 ], [ -74.85877, 10.93779 ], [ -74.858973, 10.938272 ], [ -74.85996, 10.938333 ], [ -74.860583, 10.93816 ], [ -74.861296, 10.938217 ], [ -74.862176, 10.938703 ], [ -74.862101, 10.939619 ], [ -74.86144, 10.940181 ], [ -74.860367, 10.940365 ], [ -74.859794, 10.940488 ], [ -74.859135, 10.941046 ], [ -74.858796, 10.940945 ], [ -74.85792, 10.940464 ], [ -74.857144, 10.939985 ], [ -74.855811, 10.939588 ], [ -74.854281, 10.939017 ], [ -74.853328, 10.938463 ] ] ], [ [ [ -74.845279, 10.943008 ], [ -74.844918, 10.942971 ], [ -74.843833, 10.943428 ], [ -74.843326, 10.943479 ], [ -74.84271, 10.94325 ], [ -74.842294, 10.943208 ], [ -74.842356, 10.942882 ], [ -74.842784, 10.941961 ], [ -74.843429, 10.941248 ], [ -74.844002, 10.940853 ], [ -74.844909, 10.940332 ], [ -74.845801, 10.939545 ], [ -74.846404, 10.938527 ], [ -74.846736, 10.937676 ], [ -74.847008, 10.937375 ], [ -74.847869, 10.9369 ], [ -74.848839, 10.936291 ], [ -74.848979, 10.936248 ], [ -74.849033, 10.936285 ], [ -74.849321, 10.937114 ], [ -74.84949, 10.93737 ], [ -74.849591, 10.93776 ], [ -74.849967, 10.938017 ], [ -74.850716, 10.938058 ], [ -74.850672, 10.938105 ], [ -74.850668, 10.938222 ], [ -74.850409, 10.938949 ], [ -74.850091, 10.940118 ], [ -74.850296, 10.941282 ], [ -74.850426, 10.942364 ], [ -74.850274, 10.943223 ], [ -74.848653, 10.943979 ], [ -74.848609, 10.944026 ], [ -74.848196, 10.944075 ], [ -74.84756, 10.943976 ], [ -74.846593, 10.943868 ], [ -74.845996, 10.943531 ], [ -74.845279, 10.943008 ] ] ], [ [ [ -74.849993, 10.951843 ], [ -74.850435, 10.951443 ], [ -74.851575, 10.951489 ], [ -74.852019, 10.952055 ], [ -74.852069, 10.952889 ], [ -74.851524, 10.95463 ], [ -74.850978, 10.954922 ], [ -74.850356, 10.954755 ], [ -74.850116, 10.954318 ], [ -74.850384, 10.953388 ], [ -74.850661, 10.952885 ], [ -74.850391, 10.952661 ], [ -74.850028, 10.952432 ], [ -74.849993, 10.951843 ] ] ], [ [ [ -74.843339, 10.953571 ], [ -74.843687, 10.952762 ], [ -74.844319, 10.952454 ], [ -74.844805, 10.951821 ], [ -74.844693, 10.951283 ], [ -74.843953, 10.950119 ], [ -74.843619, 10.949153 ], [ -74.84403, 10.948726 ], [ -74.846122, 10.950715 ], [ -74.84819, 10.952978 ], [ -74.848203, 10.953623 ], [ -74.847733, 10.953927 ], [ -74.847609, 10.954802 ], [ -74.847194, 10.955013 ], [ -74.846986, 10.954917 ], [ -74.846283, 10.953484 ], [ -74.845914, 10.953295 ], [ -74.845653, 10.953658 ], [ -74.845902, 10.955347 ], [ -74.845779, 10.955634 ], [ -74.845232, 10.956 ], [ -74.844722, 10.95601 ], [ -74.843939, 10.955704 ], [ -74.843376, 10.955339 ], [ -74.842992, 10.954712 ], [ -74.842849, 10.954161 ], [ -74.843072, 10.953825 ], [ -74.843339, 10.953571 ] ] ], [ [ [ -74.91079, 10.957393 ], [ -74.909634, 10.95695 ], [ -74.909015, 10.956782 ], [ -74.907685, 10.956661 ], [ -74.90777, 10.956481 ], [ -74.908002, 10.956168 ], [ -74.906309, 10.956302 ], [ -74.904856, 10.956072 ], [ -74.904385, 10.955852 ], [ -74.904341, 10.955805 ], [ -74.904666, 10.955404 ], [ -74.904707, 10.955263 ], [ -74.904862, 10.955145 ], [ -74.905057, 10.954895 ], [ -74.905241, 10.953826 ], [ -74.905165, 10.953635 ], [ -74.905114, 10.953367 ], [ -74.904251, 10.952188 ], [ -74.904377, 10.951951 ], [ -74.904652, 10.951616 ], [ -74.904555, 10.951327 ], [ -74.904011, 10.951249 ], [ -74.903758, 10.951046 ], [ -74.90361, 10.951012 ], [ -74.903671, 10.950891 ], [ -74.903702, 10.95056 ], [ -74.903926, 10.950419 ], [ -74.904138, 10.950339 ], [ -74.904352, 10.950841 ], [ -74.904871, 10.950777 ], [ -74.905059, 10.950338 ], [ -74.905502, 10.949987 ], [ -74.905814, 10.949602 ], [ -74.906407, 10.949435 ], [ -74.90658, 10.949335 ], [ -74.906773, 10.949254 ], [ -74.907269, 10.948863 ], [ -74.907435, 10.947556 ], [ -74.907964, 10.946903 ], [ -74.908071, 10.946653 ], [ -74.908039, 10.946398 ], [ -74.907517, 10.94625 ], [ -74.907398, 10.945839 ], [ -74.907456, 10.945587 ], [ -74.908076, 10.945508 ], [ -74.908544, 10.945244 ], [ -74.909062, 10.945094 ], [ -74.909604, 10.944893 ], [ -74.910085, 10.944551 ], [ -74.910368, 10.944214 ], [ -74.910746, 10.943904 ], [ -74.911284, 10.943577 ], [ -74.911708, 10.942878 ], [ -74.911484, 10.942694 ], [ -74.911944, 10.942147 ], [ -74.911991, 10.941563 ], [ -74.911942, 10.941156 ], [ -74.912292, 10.941081 ], [ -74.912757, 10.941118 ], [ -74.913014, 10.941412 ], [ -74.913174, 10.94211 ], [ -74.913542, 10.942338 ], [ -74.914411, 10.941803 ], [ -74.915286, 10.941568 ], [ -74.915736, 10.94138 ], [ -74.916204, 10.941297 ], [ -74.917333, 10.941707 ], [ -74.918073, 10.942334 ], [ -74.918349, 10.94274 ], [ -74.918531, 10.942786 ], [ -74.918531, 10.942877 ], [ -74.918622, 10.942877 ], [ -74.918622, 10.942967 ], [ -74.918578, 10.943014 ], [ -74.918179, 10.943101 ], [ -74.9174, 10.942899 ], [ -74.916498, 10.941936 ], [ -74.915873, 10.941644 ], [ -74.914522, 10.941908 ], [ -74.914018, 10.94225 ], [ -74.913895, 10.943644 ], [ -74.913449, 10.944185 ], [ -74.91313, 10.944853 ], [ -74.913309, 10.945089 ], [ -74.913953, 10.944699 ], [ -74.914349, 10.944278 ], [ -74.914495, 10.942921 ], [ -74.914918, 10.942651 ], [ -74.915389, 10.942272 ], [ -74.91584, 10.94229 ], [ -74.916098, 10.942831 ], [ -74.916401, 10.942925 ], [ -74.917153, 10.943728 ], [ -74.917818, 10.943498 ], [ -74.918731, 10.943735 ], [ -74.919676, 10.943825 ], [ -74.920235, 10.944205 ], [ -74.921899, 10.944063 ], [ -74.922163, 10.944201 ], [ -74.922531, 10.944186 ], [ -74.922802, 10.943898 ], [ -74.922784, 10.943453 ], [ -74.922131, 10.943479 ], [ -74.921081, 10.943782 ], [ -74.920819, 10.943691 ], [ -74.920849, 10.943631 ], [ -74.921276, 10.94342 ], [ -74.922242, 10.943379 ], [ -74.922442, 10.943266 ], [ -74.922626, 10.942647 ], [ -74.922584, 10.942236 ], [ -74.922699, 10.941932 ], [ -74.922823, 10.940851 ], [ -74.923274, 10.94048 ], [ -74.924023, 10.940436 ], [ -74.924175, 10.940406 ], [ -74.924297, 10.940346 ], [ -74.924724, 10.940315 ], [ -74.924846, 10.940255 ], [ -74.924804, 10.940394 ], [ -74.9236, 10.941661 ], [ -74.923616, 10.941863 ], [ -74.924095, 10.941825 ], [ -74.924686, 10.941013 ], [ -74.925058, 10.940696 ], [ -74.925699, 10.940413 ], [ -74.926902, 10.939303 ], [ -74.927418, 10.939009 ], [ -74.926901, 10.937405 ], [ -74.927215, 10.937138 ], [ -74.927928, 10.936298 ], [ -74.927868, 10.935915 ], [ -74.928013, 10.935787 ], [ -74.928286, 10.9352 ], [ -74.928271, 10.934965 ], [ -74.928325, 10.93408 ], [ -74.929015, 10.93325 ], [ -74.929308, 10.932752 ], [ -74.929648, 10.932452 ], [ -74.929795, 10.932137 ], [ -74.930296, 10.931984 ], [ -74.930383, 10.931888 ], [ -74.93127, 10.931399 ], [ -74.931609, 10.931024 ], [ -74.932035, 10.930718 ], [ -74.932079, 10.93067 ], [ -74.932496, 10.930631 ], [ -74.932951, 10.930455 ], [ -74.933227, 10.930101 ], [ -74.933309, 10.929534 ], [ -74.93336, 10.929314 ], [ -74.933398, 10.929241 ], [ -74.933604, 10.929345 ], [ -74.933635, 10.929495 ], [ -74.933635, 10.929585 ], [ -74.933961, 10.929625 ], [ -74.934449, 10.929815 ], [ -74.93519, 10.929857 ], [ -74.935413, 10.929716 ], [ -74.93567, 10.929612 ], [ -74.936438, 10.929049 ], [ -74.936735, 10.92867 ], [ -74.937021, 10.928591 ], [ -74.937296, 10.928591 ], [ -74.937427, 10.928946 ], [ -74.937218, 10.929317 ], [ -74.936285, 10.929894 ], [ -74.936155, 10.930168 ], [ -74.937238, 10.930291 ], [ -74.937612, 10.93072 ], [ -74.938036, 10.930983 ], [ -74.938712, 10.931171 ], [ -74.939766, 10.931124 ], [ -74.940224, 10.931124 ], [ -74.940524, 10.931176 ], [ -74.941239, 10.931448 ], [ -74.942003, 10.931898 ], [ -74.942237, 10.931939 ], [ -74.942237, 10.932029 ], [ -74.942694, 10.932029 ], [ -74.942799, 10.932149 ], [ -74.944254, 10.932281 ], [ -74.944404, 10.932547 ], [ -74.944224, 10.933139 ], [ -74.943733, 10.933518 ], [ -74.942974, 10.9334 ], [ -74.942286, 10.932975 ], [ -74.942145, 10.932934 ], [ -74.941901, 10.932903 ], [ -74.941779, 10.932843 ], [ -74.940808, 10.932717 ], [ -74.939831, 10.932506 ], [ -74.939021, 10.93257 ], [ -74.938942, 10.932662 ], [ -74.938444, 10.932802 ], [ -74.938027, 10.932842 ], [ -74.937213, 10.9328 ], [ -74.936695, 10.93244 ], [ -74.936288, 10.931938 ], [ -74.935648, 10.931756 ], [ -74.935556, 10.931756 ], [ -74.935556, 10.931847 ], [ -74.93507, 10.931893 ], [ -74.934497, 10.932312 ], [ -74.934366, 10.93248 ], [ -74.934245, 10.93254 ], [ -74.934183, 10.932661 ], [ -74.933993, 10.932856 ], [ -74.93256, 10.933715 ], [ -74.930858, 10.93453 ], [ -74.929881, 10.935192 ], [ -74.929832, 10.935234 ], [ -74.929747, 10.935421 ], [ -74.929466, 10.935867 ], [ -74.929027, 10.936619 ], [ -74.928866, 10.937148 ], [ -74.928941, 10.938078 ], [ -74.929148, 10.938267 ], [ -74.929148, 10.938357 ], [ -74.92924, 10.938357 ], [ -74.929301, 10.938477 ], [ -74.929423, 10.938538 ], [ -74.929423, 10.938629 ], [ -74.929514, 10.938629 ], [ -74.929514, 10.9389 ], [ -74.929262, 10.939011 ], [ -74.928692, 10.938826 ], [ -74.92832, 10.93894 ], [ -74.928233, 10.939081 ], [ -74.928141, 10.93908 ], [ -74.927834, 10.939135 ], [ -74.927816, 10.939307 ], [ -74.927888, 10.940006 ], [ -74.92745, 10.941021 ], [ -74.927363, 10.941974 ], [ -74.927042, 10.942155 ], [ -74.926465, 10.942109 ], [ -74.926, 10.941768 ], [ -74.925761, 10.941703 ], [ -74.925685, 10.941593 ], [ -74.925291, 10.94168 ], [ -74.925071, 10.941995 ], [ -74.924992, 10.942276 ], [ -74.925244, 10.942659 ], [ -74.925395, 10.942697 ], [ -74.92547, 10.942804 ], [ -74.925729, 10.942982 ], [ -74.926361, 10.943142 ], [ -74.927317, 10.943602 ], [ -74.927537, 10.943746 ], [ -74.928194, 10.944092 ], [ -74.928549, 10.944384 ], [ -74.928598, 10.944688 ], [ -74.928567, 10.944838 ], [ -74.928506, 10.944959 ], [ -74.928048, 10.94505 ], [ -74.927503, 10.94501 ], [ -74.926893, 10.944799 ], [ -74.926203, 10.944348 ], [ -74.925798, 10.944198 ], [ -74.925761, 10.944145 ], [ -74.924754, 10.943783 ], [ -74.924662, 10.943783 ], [ -74.924663, 10.943692 ], [ -74.92399, 10.943749 ], [ -74.923545, 10.944142 ], [ -74.923012, 10.944969 ], [ -74.922613, 10.945244 ], [ -74.922059, 10.945391 ], [ -74.921685, 10.945277 ], [ -74.920793, 10.944493 ], [ -74.919949, 10.944366 ], [ -74.919332, 10.944474 ], [ -74.918887, 10.944448 ], [ -74.91775, 10.944909 ], [ -74.916018, 10.945722 ], [ -74.915302, 10.945764 ], [ -74.914637, 10.945511 ], [ -74.913806, 10.945003 ], [ -74.913356, 10.945223 ], [ -74.912923, 10.946154 ], [ -74.912446, 10.94654 ], [ -74.912215, 10.946583 ], [ -74.912032, 10.946583 ], [ -74.911944, 10.946691 ], [ -74.910818, 10.946852 ], [ -74.910384, 10.947125 ], [ -74.910334, 10.947534 ], [ -74.910778, 10.948522 ], [ -74.910946, 10.949256 ], [ -74.910557, 10.949871 ], [ -74.910193, 10.950181 ], [ -74.909483, 10.95062 ], [ -74.909166, 10.950983 ], [ -74.909102, 10.951194 ], [ -74.90901, 10.951194 ], [ -74.90901, 10.951285 ], [ -74.908909, 10.951955 ], [ -74.909142, 10.952391 ], [ -74.909456, 10.953443 ], [ -74.910659, 10.954742 ], [ -74.911007, 10.955626 ], [ -74.9113, 10.955895 ], [ -74.911509, 10.956118 ], [ -74.911571, 10.957074 ], [ -74.911205, 10.956983 ], [ -74.911139, 10.957477 ], [ -74.91079, 10.957393 ] ] ], [ [ [ -74.868961, 10.956298 ], [ -74.869012, 10.956244 ], [ -74.869332, 10.956432 ], [ -74.868746, 10.957144 ], [ -74.868438, 10.957436 ], [ -74.868784, 10.958278 ], [ -74.868874, 10.958736 ], [ -74.869892, 10.959535 ], [ -74.870428, 10.960233 ], [ -74.870293, 10.960696 ], [ -74.86989, 10.960902 ], [ -74.868689, 10.960812 ], [ -74.868093, 10.959772 ], [ -74.86753, 10.959193 ], [ -74.866787, 10.958836 ], [ -74.866657, 10.958713 ], [ -74.867568, 10.957657 ], [ -74.867984, 10.957262 ], [ -74.867783, 10.956681 ], [ -74.868961, 10.956298 ] ] ], [ [ [ -74.907768, 10.963233 ], [ -74.907678, 10.962887 ], [ -74.907182, 10.961544 ], [ -74.907037, 10.96128 ], [ -74.906994, 10.961142 ], [ -74.907145, 10.961087 ], [ -74.907488, 10.961115 ], [ -74.907711, 10.96086 ], [ -74.908465, 10.961023 ], [ -74.908838, 10.961661 ], [ -74.909606, 10.9616 ], [ -74.91016, 10.961988 ], [ -74.910342, 10.962588 ], [ -74.910288, 10.963133 ], [ -74.909406, 10.963182 ], [ -74.908955, 10.964339 ], [ -74.908334, 10.965132 ], [ -74.908274, 10.965574 ], [ -74.908219, 10.965611 ], [ -74.908142, 10.966002 ], [ -74.907847, 10.966424 ], [ -74.907633, 10.966478 ], [ -74.907277, 10.966604 ], [ -74.906949, 10.966007 ], [ -74.907035, 10.965526 ], [ -74.907557, 10.964207 ], [ -74.907768, 10.963233 ] ] ], [ [ [ -74.888061, 10.968376 ], [ -74.888286, 10.967481 ], [ -74.888268, 10.967189 ], [ -74.888405, 10.96661 ], [ -74.888735, 10.966696 ], [ -74.889385, 10.966927 ], [ -74.890432, 10.967212 ], [ -74.890608, 10.967377 ], [ -74.890394, 10.96754 ], [ -74.89015, 10.968201 ], [ -74.889967, 10.969266 ], [ -74.89015, 10.969548 ], [ -74.89003, 10.969679 ], [ -74.88965, 10.969702 ], [ -74.889615, 10.969125 ], [ -74.889883, 10.96839 ], [ -74.889664, 10.968148 ], [ -74.889141, 10.968264 ], [ -74.88875, 10.968888 ], [ -74.888476, 10.969764 ], [ -74.888019, 10.969791 ], [ -74.886903, 10.969449 ], [ -74.887194, 10.968939 ], [ -74.887665, 10.968726 ], [ -74.888061, 10.968376 ] ] ], [ [ [ -74.856544, 10.97009 ], [ -74.855559, 10.968404 ], [ -74.855307, 10.968809 ], [ -74.854645, 10.9703 ], [ -74.854314, 10.969941 ], [ -74.853512, 10.968975 ], [ -74.853108, 10.968544 ], [ -74.852762, 10.968309 ], [ -74.852532, 10.968175 ], [ -74.851743, 10.967808 ], [ -74.850574, 10.967669 ], [ -74.85021, 10.967335 ], [ -74.84956, 10.966408 ], [ -74.848371, 10.965142 ], [ -74.847977, 10.964085 ], [ -74.848103, 10.963564 ], [ -74.849839, 10.961995 ], [ -74.852213, 10.961616 ], [ -74.853515, 10.961505 ], [ -74.855009, 10.960724 ], [ -74.855627, 10.96181 ], [ -74.856151, 10.962369 ], [ -74.857054, 10.962961 ], [ -74.857338, 10.963492 ], [ -74.856997, 10.964323 ], [ -74.85615, 10.965903 ], [ -74.856284, 10.966268 ], [ -74.856597, 10.966603 ], [ -74.85731, 10.967256 ], [ -74.85798, 10.96804 ], [ -74.858024, 10.968178 ], [ -74.857725, 10.968116 ], [ -74.857369, 10.968441 ], [ -74.857237, 10.968989 ], [ -74.856935, 10.969841 ], [ -74.857504, 10.970363 ], [ -74.857792, 10.971056 ], [ -74.857609, 10.971119 ], [ -74.857257, 10.970743 ], [ -74.856544, 10.97009 ] ] ], [ [ [ -74.880586, 10.970042 ], [ -74.88063, 10.969906 ], [ -74.881099, 10.969971 ], [ -74.88128, 10.970842 ], [ -74.880276, 10.973175 ], [ -74.879884, 10.973375 ], [ -74.879486, 10.972844 ], [ -74.87892, 10.97215 ], [ -74.879029, 10.971941 ], [ -74.879122, 10.971187 ], [ -74.880281, 10.970538 ], [ -74.880586, 10.970042 ] ] ], [ [ [ -74.850746, 10.972752 ], [ -74.850765, 10.971486 ], [ -74.850341, 10.97127 ], [ -74.850067, 10.971401 ], [ -74.849471, 10.972194 ], [ -74.848928, 10.972378 ], [ -74.847186, 10.970784 ], [ -74.844892, 10.969339 ], [ -74.844275, 10.968517 ], [ -74.844158, 10.968396 ], [ -74.843641, 10.967991 ], [ -74.843335, 10.967582 ], [ -74.842922, 10.967537 ], [ -74.843058, 10.966897 ], [ -74.842873, 10.966051 ], [ -74.842558, 10.965716 ], [ -74.841899, 10.965371 ], [ -74.840478, 10.965051 ], [ -74.840078, 10.965254 ], [ -74.839274, 10.966111 ], [ -74.838692, 10.966312 ], [ -74.838209, 10.966173 ], [ -74.838115, 10.964032 ], [ -74.836956, 10.963386 ], [ -74.835533, 10.962404 ], [ -74.83464, 10.962018 ], [ -74.833575, 10.961725 ], [ -74.833271, 10.961446 ], [ -74.833425, 10.960466 ], [ -74.833624, 10.960254 ], [ -74.834562, 10.960379 ], [ -74.836954, 10.960916 ], [ -74.837233, 10.960786 ], [ -74.836746, 10.95926 ], [ -74.836507, 10.958409 ], [ -74.834646, 10.95799 ], [ -74.833024, 10.957651 ], [ -74.832724, 10.957375 ], [ -74.832812, 10.957175 ], [ -74.83309, 10.956817 ], [ -74.833134, 10.956679 ], [ -74.833704, 10.956519 ], [ -74.834418, 10.956248 ], [ -74.834508, 10.956137 ], [ -74.834943, 10.956091 ], [ -74.835975, 10.955883 ], [ -74.83556, 10.954556 ], [ -74.834921, 10.952295 ], [ -74.833627, 10.947315 ], [ -74.833645, 10.946489 ], [ -74.834532, 10.946508 ], [ -74.836846, 10.94705 ], [ -74.837353, 10.947139 ], [ -74.837844, 10.945834 ], [ -74.8379, 10.945105 ], [ -74.837947, 10.945149 ], [ -74.838986, 10.947051 ], [ -74.839719, 10.947333 ], [ -74.840509, 10.947303 ], [ -74.841201, 10.946779 ], [ -74.841929, 10.944936 ], [ -74.842019, 10.944655 ], [ -74.842249, 10.944699 ], [ -74.842436, 10.944797 ], [ -74.842422, 10.945136 ], [ -74.842666, 10.945825 ], [ -74.842907, 10.94658 ], [ -74.843299, 10.947214 ], [ -74.843532, 10.947701 ], [ -74.843519, 10.948014 ], [ -74.842589, 10.9487 ], [ -74.84229, 10.949326 ], [ -74.84246, 10.949968 ], [ -74.842913, 10.950519 ], [ -74.843066, 10.950869 ], [ -74.842848, 10.951276 ], [ -74.842391, 10.951694 ], [ -74.841702, 10.952015 ], [ -74.84023, 10.950671 ], [ -74.839859, 10.950104 ], [ -74.839302, 10.949593 ], [ -74.838769, 10.948315 ], [ -74.838634, 10.948062 ], [ -74.837698, 10.947935 ], [ -74.836812, 10.947427 ], [ -74.836336, 10.947278 ], [ -74.83518, 10.947322 ], [ -74.834902, 10.947618 ], [ -74.834932, 10.948387 ], [ -74.836401, 10.948495 ], [ -74.836818, 10.948714 ], [ -74.836935, 10.949659 ], [ -74.836227, 10.95057 ], [ -74.836444, 10.951183 ], [ -74.836954, 10.951298 ], [ -74.837353, 10.95109 ], [ -74.837747, 10.950671 ], [ -74.83785, 10.950033 ], [ -74.838006, 10.949594 ], [ -74.838215, 10.949494 ], [ -74.839341, 10.950514 ], [ -74.839676, 10.951216 ], [ -74.839944, 10.951718 ], [ -74.840598, 10.952657 ], [ -74.840777, 10.953113 ], [ -74.841429, 10.953905 ], [ -74.842603, 10.954453 ], [ -74.843077, 10.955308 ], [ -74.843062, 10.955686 ], [ -74.842259, 10.956152 ], [ -74.842104, 10.956413 ], [ -74.842056, 10.956456 ], [ -74.841813, 10.957074 ], [ -74.841428, 10.957425 ], [ -74.839296, 10.957759 ], [ -74.83893, 10.958007 ], [ -74.83896, 10.958768 ], [ -74.838851, 10.960615 ], [ -74.838751, 10.962845 ], [ -74.83853, 10.963675 ], [ -74.839859, 10.963781 ], [ -74.840314, 10.963875 ], [ -74.84092, 10.963971 ], [ -74.841414, 10.963951 ], [ -74.841795, 10.963967 ], [ -74.842568, 10.964553 ], [ -74.843086, 10.964374 ], [ -74.843012, 10.962507 ], [ -74.843353, 10.96252 ], [ -74.843884, 10.962882 ], [ -74.844152, 10.962969 ], [ -74.844206, 10.962473 ], [ -74.844436, 10.962607 ], [ -74.845254, 10.963164 ], [ -74.846575, 10.963737 ], [ -74.846903, 10.96424 ], [ -74.8473, 10.964752 ], [ -74.849209, 10.966833 ], [ -74.850585, 10.968032 ], [ -74.85139, 10.968128 ], [ -74.851648, 10.968263 ], [ -74.852166, 10.968808 ], [ -74.852393, 10.969186 ], [ -74.85368, 10.970595 ], [ -74.854036, 10.971279 ], [ -74.854194, 10.972044 ], [ -74.853867, 10.97238 ], [ -74.853593, 10.972385 ], [ -74.852069, 10.971929 ], [ -74.851481, 10.972159 ], [ -74.85147, 10.972697 ], [ -74.851481, 10.973278 ], [ -74.8513, 10.973464 ], [ -74.850956, 10.973155 ], [ -74.850746, 10.972752 ] ], [ [ -74.846082, 10.964689 ], [ -74.845852, 10.964645 ], [ -74.845716, 10.964872 ], [ -74.843599, 10.967411 ], [ -74.84551, 10.968998 ], [ -74.849136, 10.971965 ], [ -74.85157, 10.969009 ], [ -74.846082, 10.964689 ] ] ], [ [ [ -74.889367, 10.975466 ], [ -74.890293, 10.97353 ], [ -74.890998, 10.97233 ], [ -74.890471, 10.971062 ], [ -74.890572, 10.970109 ], [ -74.89079, 10.96991 ], [ -74.890828, 10.970234 ], [ -74.890975, 10.970961 ], [ -74.891064, 10.971176 ], [ -74.891118, 10.971394 ], [ -74.891156, 10.971718 ], [ -74.891247, 10.971718 ], [ -74.891339, 10.972171 ], [ -74.891288, 10.972301 ], [ -74.891206, 10.973079 ], [ -74.891519, 10.973326 ], [ -74.892594, 10.973177 ], [ -74.892803, 10.973257 ], [ -74.892986, 10.973257 ], [ -74.892985, 10.97389 ], [ -74.892902, 10.97435 ], [ -74.892399, 10.974634 ], [ -74.891393, 10.974735 ], [ -74.891063, 10.974613 ], [ -74.890921, 10.974653 ], [ -74.890318, 10.974726 ], [ -74.889796, 10.974949 ], [ -74.88969, 10.975878 ], [ -74.889377, 10.975696 ], [ -74.889367, 10.975466 ] ] ], [ [ [ -74.847899, 10.979968 ], [ -74.847218, 10.979477 ], [ -74.847218, 10.979387 ], [ -74.847357, 10.979344 ], [ -74.847523, 10.979162 ], [ -74.847627, 10.978648 ], [ -74.847316, 10.978207 ], [ -74.846315, 10.977793 ], [ -74.846077, 10.977487 ], [ -74.846993, 10.97645 ], [ -74.847101, 10.976218 ], [ -74.846986, 10.975902 ], [ -74.84584, 10.974678 ], [ -74.844909, 10.974009 ], [ -74.844187, 10.97321 ], [ -74.843797, 10.972369 ], [ -74.84346, 10.971757 ], [ -74.843334, 10.971436 ], [ -74.843518, 10.970932 ], [ -74.843561, 10.970612 ], [ -74.843786, 10.970661 ], [ -74.845041, 10.97075 ], [ -74.846029, 10.971558 ], [ -74.846671, 10.972378 ], [ -74.847256, 10.973383 ], [ -74.847876, 10.974248 ], [ -74.848623, 10.974778 ], [ -74.849079, 10.974979 ], [ -74.849918, 10.975089 ], [ -74.850283, 10.974927 ], [ -74.849649, 10.974535 ], [ -74.849558, 10.973611 ], [ -74.849925, 10.973299 ], [ -74.850678, 10.974163 ], [ -74.851053, 10.974483 ], [ -74.851461, 10.97445 ], [ -74.851839, 10.974186 ], [ -74.852053, 10.974102 ], [ -74.852912, 10.974767 ], [ -74.853403, 10.974728 ], [ -74.85451, 10.97338 ], [ -74.854803, 10.972733 ], [ -74.85507, 10.972039 ], [ -74.855238, 10.970954 ], [ -74.855545, 10.970527 ], [ -74.855961, 10.970849 ], [ -74.856417, 10.971662 ], [ -74.856808, 10.972282 ], [ -74.857979, 10.97238 ], [ -74.85821, 10.972507 ], [ -74.858375, 10.973049 ], [ -74.858296, 10.973695 ], [ -74.858113, 10.973785 ], [ -74.85761, 10.974102 ], [ -74.855047, 10.975411 ], [ -74.855043, 10.97562 ], [ -74.855646, 10.977045 ], [ -74.854771, 10.977126 ], [ -74.853702, 10.977605 ], [ -74.853533, 10.977654 ], [ -74.8536, 10.97749 ], [ -74.853446, 10.977175 ], [ -74.852242, 10.977311 ], [ -74.851931, 10.977715 ], [ -74.851516, 10.978439 ], [ -74.851267, 10.978341 ], [ -74.850749, 10.977807 ], [ -74.850295, 10.977798 ], [ -74.849837, 10.978232 ], [ -74.849644, 10.978787 ], [ -74.849868, 10.979273 ], [ -74.850215, 10.979671 ], [ -74.850122, 10.979781 ], [ -74.849768, 10.979666 ], [ -74.848842, 10.979604 ], [ -74.848418, 10.980249 ], [ -74.847899, 10.979968 ] ] ], [ [ [ -74.858521, 10.976184 ], [ -74.858478, 10.975594 ], [ -74.858701, 10.975735 ], [ -74.859078, 10.975815 ], [ -74.85943, 10.97607 ], [ -74.859945, 10.976707 ], [ -74.860491, 10.976861 ], [ -74.860303, 10.977809 ], [ -74.86012, 10.978191 ], [ -74.859263, 10.979166 ], [ -74.859232, 10.979944 ], [ -74.859618, 10.980666 ], [ -74.859469, 10.981038 ], [ -74.858993, 10.981136 ], [ -74.85857, 10.9807 ], [ -74.858299, 10.978622 ], [ -74.858428, 10.977807 ], [ -74.858654, 10.977055 ], [ -74.858521, 10.976184 ] ] ], [ [ [ -74.867219, 10.985247 ], [ -74.867122, 10.984777 ], [ -74.867219, 10.984497 ], [ -74.867212, 10.984149 ], [ -74.867392, 10.983965 ], [ -74.867765, 10.984053 ], [ -74.868566, 10.984325 ], [ -74.869127, 10.984336 ], [ -74.869548, 10.983822 ], [ -74.869955, 10.98274 ], [ -74.871333, 10.980101 ], [ -74.871341, 10.979721 ], [ -74.870239, 10.978718 ], [ -74.869385, 10.978065 ], [ -74.867699, 10.976576 ], [ -74.866539, 10.975915 ], [ -74.866484, 10.976007 ], [ -74.867126, 10.976617 ], [ -74.867131, 10.976901 ], [ -74.866522, 10.978477 ], [ -74.866194, 10.978634 ], [ -74.865662, 10.97899 ], [ -74.865386, 10.979078 ], [ -74.864782, 10.97944 ], [ -74.86428, 10.978891 ], [ -74.864284, 10.978085 ], [ -74.864654, 10.977375 ], [ -74.864436, 10.976456 ], [ -74.863901, 10.975603 ], [ -74.863191, 10.975459 ], [ -74.86306, 10.975858 ], [ -74.862128, 10.976815 ], [ -74.861556, 10.976826 ], [ -74.861275, 10.97656 ], [ -74.861177, 10.976274 ], [ -74.861132, 10.975957 ], [ -74.861187, 10.97521 ], [ -74.861451, 10.974239 ], [ -74.861217, 10.973619 ], [ -74.860945, 10.973318 ], [ -74.860336, 10.972946 ], [ -74.860127, 10.972882 ], [ -74.860173, 10.972747 ], [ -74.860419, 10.971506 ], [ -74.860905, 10.969922 ], [ -74.860799, 10.969625 ], [ -74.859829, 10.968435 ], [ -74.859546, 10.967893 ], [ -74.859839, 10.967452 ], [ -74.860536, 10.967676 ], [ -74.860725, 10.967952 ], [ -74.861144, 10.96865 ], [ -74.861721, 10.969037 ], [ -74.861829, 10.967102 ], [ -74.862519, 10.966688 ], [ -74.86316, 10.966804 ], [ -74.863377, 10.96722 ], [ -74.863384, 10.967567 ], [ -74.86293, 10.969132 ], [ -74.862917, 10.969754 ], [ -74.863276, 10.970124 ], [ -74.863543, 10.970002 ], [ -74.863651, 10.969129 ], [ -74.863992, 10.968301 ], [ -74.86435, 10.96735 ], [ -74.865091, 10.966646 ], [ -74.865277, 10.966291 ], [ -74.864846, 10.965882 ], [ -74.864735, 10.965236 ], [ -74.864981, 10.964835 ], [ -74.865482, 10.964883 ], [ -74.867901, 10.964969 ], [ -74.868305, 10.964522 ], [ -74.868503, 10.963718 ], [ -74.867314, 10.962894 ], [ -74.867212, 10.962781 ], [ -74.867088, 10.962122 ], [ -74.867455, 10.961647 ], [ -74.868386, 10.960996 ], [ -74.868551, 10.961107 ], [ -74.868973, 10.961776 ], [ -74.869682, 10.963495 ], [ -74.869924, 10.963878 ], [ -74.870107, 10.963932 ], [ -74.870107, 10.964023 ], [ -74.870199, 10.964023 ], [ -74.870359, 10.96448 ], [ -74.871144, 10.965418 ], [ -74.871426, 10.965659 ], [ -74.871994, 10.965784 ], [ -74.873219, 10.9652 ], [ -74.87331, 10.9652 ], [ -74.87331, 10.965109 ], [ -74.873566, 10.965032 ], [ -74.874177, 10.96461 ], [ -74.87508, 10.964112 ], [ -74.875254, 10.963738 ], [ -74.874995, 10.962781 ], [ -74.874867, 10.962668 ], [ -74.874934, 10.962024 ], [ -74.875636, 10.961128 ], [ -74.876058, 10.960769 ], [ -74.876098, 10.960628 ], [ -74.876548, 10.960028 ], [ -74.876687, 10.959221 ], [ -74.876791, 10.959142 ], [ -74.876791, 10.958961 ], [ -74.876852, 10.958931 ], [ -74.877034, 10.958572 ], [ -74.877066, 10.958418 ], [ -74.877301, 10.958487 ], [ -74.877994, 10.95898 ], [ -74.878942, 10.95912 ], [ -74.879712, 10.958518 ], [ -74.880036, 10.957737 ], [ -74.880598, 10.956875 ], [ -74.880572, 10.956619 ], [ -74.880311, 10.956404 ], [ -74.879231, 10.955941 ], [ -74.878806, 10.955887 ], [ -74.879951, 10.953796 ], [ -74.880574, 10.952346 ], [ -74.880866, 10.951862 ], [ -74.881492, 10.951125 ], [ -74.881796, 10.949495 ], [ -74.881777, 10.948536 ], [ -74.882022, 10.947923 ], [ -74.882529, 10.947402 ], [ -74.883305, 10.94682 ], [ -74.884121, 10.946357 ], [ -74.884888, 10.946172 ], [ -74.885341, 10.945743 ], [ -74.885538, 10.945264 ], [ -74.885875, 10.944238 ], [ -74.886039, 10.943904 ], [ -74.88672, 10.943463 ], [ -74.886773, 10.943409 ], [ -74.886925, 10.943379 ], [ -74.887474, 10.943109 ], [ -74.887505, 10.943048 ], [ -74.888067, 10.943004 ], [ -74.888555, 10.942815 ], [ -74.888981, 10.942877 ], [ -74.889459, 10.943228 ], [ -74.889793, 10.94332 ], [ -74.89001, 10.943468 ], [ -74.890287, 10.943864 ], [ -74.890133, 10.944541 ], [ -74.89023, 10.94497 ], [ -74.890525, 10.945129 ], [ -74.890609, 10.945226 ], [ -74.890806, 10.945394 ], [ -74.89101, 10.946065 ], [ -74.891436, 10.946574 ], [ -74.892263, 10.946757 ], [ -74.892721, 10.946646 ], [ -74.893178, 10.946758 ], [ -74.89493, 10.946874 ], [ -74.895582, 10.946524 ], [ -74.896418, 10.945948 ], [ -74.896748, 10.945583 ], [ -74.896839, 10.945583 ], [ -74.89767, 10.944867 ], [ -74.897924, 10.944575 ], [ -74.898121, 10.944408 ], [ -74.898121, 10.944317 ], [ -74.898213, 10.944318 ], [ -74.898502, 10.943947 ], [ -74.899076, 10.943724 ], [ -74.899853, 10.943594 ], [ -74.900135, 10.943233 ], [ -74.900257, 10.943293 ], [ -74.90041, 10.943323 ], [ -74.900754, 10.943249 ], [ -74.901128, 10.943385 ], [ -74.901525, 10.944266 ], [ -74.902019, 10.944484 ], [ -74.902373, 10.945091 ], [ -74.902592, 10.945396 ], [ -74.903338, 10.945337 ], [ -74.903795, 10.945374 ], [ -74.904788, 10.945295 ], [ -74.90512, 10.945175 ], [ -74.905273, 10.945187 ], [ -74.905485, 10.945656 ], [ -74.906179, 10.946864 ], [ -74.906108, 10.947737 ], [ -74.905796, 10.948467 ], [ -74.905176, 10.948907 ], [ -74.904724, 10.949425 ], [ -74.903708, 10.949556 ], [ -74.90298, 10.950066 ], [ -74.902787, 10.950288 ], [ -74.902695, 10.950288 ], [ -74.902695, 10.950378 ], [ -74.902458, 10.950506 ], [ -74.902094, 10.95104 ], [ -74.901935, 10.951653 ], [ -74.902054, 10.951735 ], [ -74.902054, 10.95273 ], [ -74.902108, 10.952857 ], [ -74.902191, 10.953478 ], [ -74.90271, 10.953832 ], [ -74.902548, 10.953943 ], [ -74.902511, 10.953996 ], [ -74.902365, 10.954033 ], [ -74.902186, 10.954289 ], [ -74.902145, 10.954448 ], [ -74.902201, 10.955349 ], [ -74.902161, 10.956019 ], [ -74.901467, 10.956632 ], [ -74.901277, 10.957118 ], [ -74.901026, 10.957474 ], [ -74.900728, 10.957985 ], [ -74.901093, 10.958651 ], [ -74.901137, 10.95897 ], [ -74.900641, 10.959465 ], [ -74.900246, 10.959654 ], [ -74.899661, 10.959642 ], [ -74.898987, 10.959104 ], [ -74.898556, 10.958824 ], [ -74.897971, 10.958836 ], [ -74.89798, 10.959321 ], [ -74.898573, 10.961501 ], [ -74.89816, 10.961545 ], [ -74.897338, 10.962271 ], [ -74.896563, 10.962877 ], [ -74.896363, 10.963687 ], [ -74.896103, 10.963933 ], [ -74.89633, 10.96471 ], [ -74.89642, 10.965124 ], [ -74.8961, 10.965589 ], [ -74.895126, 10.965705 ], [ -74.89437, 10.965449 ], [ -74.894042, 10.965616 ], [ -74.893674, 10.965704 ], [ -74.893119, 10.966069 ], [ -74.892879, 10.966064 ], [ -74.89276, 10.965704 ], [ -74.892473, 10.965329 ], [ -74.891748, 10.965344 ], [ -74.891567, 10.965712 ], [ -74.891564, 10.96675 ], [ -74.891286, 10.966883 ], [ -74.891059, 10.966878 ], [ -74.890799, 10.965708 ], [ -74.890479, 10.965093 ], [ -74.890004, 10.964981 ], [ -74.890013, 10.965982 ], [ -74.889643, 10.965974 ], [ -74.889456, 10.965592 ], [ -74.889044, 10.965201 ], [ -74.888353, 10.965071 ], [ -74.887845, 10.965593 ], [ -74.887721, 10.967594 ], [ -74.887083, 10.968325 ], [ -74.886631, 10.969005 ], [ -74.885761, 10.969214 ], [ -74.885616, 10.969509 ], [ -74.885622, 10.969798 ], [ -74.886655, 10.970177 ], [ -74.886899, 10.970537 ], [ -74.885941, 10.970803 ], [ -74.88543, 10.970674 ], [ -74.885253, 10.970314 ], [ -74.88506, 10.970225 ], [ -74.884662, 10.970427 ], [ -74.883752, 10.971362 ], [ -74.883438, 10.971579 ], [ -74.883331, 10.971036 ], [ -74.883178, 10.970743 ], [ -74.882674, 10.970581 ], [ -74.882319, 10.9704 ], [ -74.882325, 10.970099 ], [ -74.882884, 10.96992 ], [ -74.882865, 10.968957 ], [ -74.882888, 10.967858 ], [ -74.883424, 10.967511 ], [ -74.8847, 10.96438 ], [ -74.884976, 10.962868 ], [ -74.884637, 10.962628 ], [ -74.884035, 10.963677 ], [ -74.883478, 10.964488 ], [ -74.883057, 10.964796 ], [ -74.882312, 10.965443 ], [ -74.881882, 10.966091 ], [ -74.881777, 10.967149 ], [ -74.881669, 10.967961 ], [ -74.881136, 10.967689 ], [ -74.880857, 10.9676 ], [ -74.88066, 10.96958 ], [ -74.878654, 10.970159 ], [ -74.877384, 10.970588 ], [ -74.876085, 10.971174 ], [ -74.875917, 10.971455 ], [ -74.878395, 10.97381 ], [ -74.879884, 10.975112 ], [ -74.880537, 10.975784 ], [ -74.880748, 10.976027 ], [ -74.881197, 10.97641 ], [ -74.881642, 10.977173 ], [ -74.881817, 10.977322 ], [ -74.881861, 10.97746 ], [ -74.882275, 10.978227 ], [ -74.881872, 10.978977 ], [ -74.881295, 10.979639 ], [ -74.880218, 10.980264 ], [ -74.879397, 10.980714 ], [ -74.878768, 10.98116 ], [ -74.878406, 10.981961 ], [ -74.877939, 10.982218 ], [ -74.87733, 10.982486 ], [ -74.877161, 10.983218 ], [ -74.876738, 10.983971 ], [ -74.876254, 10.984581 ], [ -74.875863, 10.985645 ], [ -74.87528, 10.986096 ], [ -74.874824, 10.986261 ], [ -74.874266, 10.986412 ], [ -74.874033, 10.986454 ], [ -74.874355, 10.986048 ], [ -74.874614, 10.98552 ], [ -74.87512, 10.984902 ], [ -74.875271, 10.983684 ], [ -74.875636, 10.982631 ], [ -74.875492, 10.98216 ], [ -74.875283, 10.982156 ], [ -74.874845, 10.982296 ], [ -74.874636, 10.983141 ], [ -74.874274, 10.983686 ], [ -74.873898, 10.983877 ], [ -74.873379, 10.984043 ], [ -74.87315, 10.984153 ], [ -74.872533, 10.984786 ], [ -74.871547, 10.984766 ], [ -74.871333, 10.984869 ], [ -74.870816, 10.985256 ], [ -74.86981, 10.985804 ], [ -74.869361, 10.986585 ], [ -74.869049, 10.986592 ], [ -74.867831, 10.985828 ], [ -74.867219, 10.985247 ] ], [ [ -74.879209, 10.968095 ], [ -74.879, 10.967532 ], [ -74.878283, 10.967403 ], [ -74.877231, 10.966753 ], [ -74.876682, 10.96659 ], [ -74.876277, 10.966622 ], [ -74.876104, 10.966933 ], [ -74.876287, 10.967594 ], [ -74.876372, 10.968234 ], [ -74.876604, 10.968728 ], [ -74.877424, 10.968963 ], [ -74.877518, 10.970085 ], [ -74.877568, 10.970044 ], [ -74.877652, 10.969856 ], [ -74.877858, 10.969492 ], [ -74.878856, 10.968875 ], [ -74.879108, 10.968587 ], [ -74.879209, 10.968095 ] ], [ [ -74.887332, 10.962649 ], [ -74.886985, 10.963516 ], [ -74.886471, 10.963621 ], [ -74.885988, 10.96326 ], [ -74.885785, 10.963162 ], [ -74.885311, 10.963171 ], [ -74.885073, 10.963458 ], [ -74.885256, 10.964164 ], [ -74.885146, 10.964693 ], [ -74.886535, 10.964889 ], [ -74.887373, 10.964978 ], [ -74.887964, 10.964779 ], [ -74.888183, 10.964507 ], [ -74.887638, 10.963461 ], [ -74.888002, 10.962629 ], [ -74.888092, 10.962385 ], [ -74.887864, 10.962311 ], [ -74.887819, 10.962358 ], [ -74.887634, 10.962446 ], [ -74.887332, 10.962649 ] ], [ [ -74.889014, 10.963638 ], [ -74.889293, 10.963903 ], [ -74.889758, 10.963894 ], [ -74.889739, 10.96299 ], [ -74.889754, 10.962267 ], [ -74.889734, 10.961241 ], [ -74.88947, 10.96048 ], [ -74.889834, 10.960007 ], [ -74.890026, 10.959718 ], [ -74.890015, 10.959174 ], [ -74.89052, 10.958695 ], [ -74.890843, 10.958653 ], [ -74.89102, 10.958556 ], [ -74.891618, 10.958424 ], [ -74.891557, 10.960133 ], [ -74.891577, 10.961158 ], [ -74.891402, 10.962002 ], [ -74.892009, 10.962627 ], [ -74.893061, 10.963532 ], [ -74.893806, 10.96457 ], [ -74.894473, 10.964796 ], [ -74.89486, 10.964804 ], [ -74.895128, 10.96455 ], [ -74.895413, 10.964003 ], [ -74.895421, 10.963634 ], [ -74.895234, 10.963442 ], [ -74.894527, 10.962736 ], [ -74.893425, 10.962175 ], [ -74.892762, 10.962188 ], [ -74.892869, 10.96185 ], [ -74.893307, 10.961641 ], [ -74.89341, 10.961345 ], [ -74.893097, 10.96056 ], [ -74.892124, 10.960372 ], [ -74.892115, 10.959951 ], [ -74.892224, 10.9594 ], [ -74.892997, 10.959276 ], [ -74.893221, 10.958198 ], [ -74.893128, 10.957928 ], [ -74.893083, 10.957701 ], [ -74.894009, 10.957777 ], [ -74.894154, 10.956993 ], [ -74.894262, 10.956755 ], [ -74.894812, 10.957059 ], [ -74.894748, 10.956266 ], [ -74.896329, 10.955446 ], [ -74.896421, 10.954847 ], [ -74.896006, 10.953729 ], [ -74.89583, 10.95318 ], [ -74.895976, 10.952962 ], [ -74.896196, 10.952547 ], [ -74.896603, 10.952384 ], [ -74.897221, 10.951622 ], [ -74.897844, 10.951462 ], [ -74.898443, 10.951362 ], [ -74.899445, 10.951048 ], [ -74.899898, 10.950779 ], [ -74.900041, 10.950739 ], [ -74.900268, 10.950602 ], [ -74.900547, 10.950515 ], [ -74.900356, 10.950055 ], [ -74.900364, 10.949871 ], [ -74.900707, 10.949885 ], [ -74.901, 10.950334 ], [ -74.90127, 10.95046 ], [ -74.900999, 10.950966 ], [ -74.901034, 10.951055 ], [ -74.901774, 10.950863 ], [ -74.901941, 10.950342 ], [ -74.901911, 10.949574 ], [ -74.900732, 10.949321 ], [ -74.900364, 10.949048 ], [ -74.900548, 10.948705 ], [ -74.900427, 10.948364 ], [ -74.899561, 10.948736 ], [ -74.899635, 10.946926 ], [ -74.900094, 10.946268 ], [ -74.90031, 10.945815 ], [ -74.899684, 10.945716 ], [ -74.89945, 10.945356 ], [ -74.899247, 10.945269 ], [ -74.899036, 10.945494 ], [ -74.899253, 10.945558 ], [ -74.899411, 10.946248 ], [ -74.899842, 10.94601 ], [ -74.899993, 10.946165 ], [ -74.899392, 10.946883 ], [ -74.899268, 10.947485 ], [ -74.899366, 10.948705 ], [ -74.89859, 10.948936 ], [ -74.897843, 10.94937 ], [ -74.897753, 10.949472 ], [ -74.896655, 10.949422 ], [ -74.895619, 10.948795 ], [ -74.895196, 10.948891 ], [ -74.894441, 10.949152 ], [ -74.893268, 10.949197 ], [ -74.892049, 10.948687 ], [ -74.891622, 10.948656 ], [ -74.891667, 10.94861 ], [ -74.891676, 10.948162 ], [ -74.891401, 10.947901 ], [ -74.891051, 10.947434 ], [ -74.890845, 10.946711 ], [ -74.89061, 10.946138 ], [ -74.890078, 10.945882 ], [ -74.889241, 10.945899 ], [ -74.88909, 10.946813 ], [ -74.888248, 10.946796 ], [ -74.887197, 10.94644 ], [ -74.886593, 10.946349 ], [ -74.886131, 10.947154 ], [ -74.885363, 10.947302 ], [ -74.88526, 10.949355 ], [ -74.884619, 10.950236 ], [ -74.883997, 10.951348 ], [ -74.884519, 10.951844 ], [ -74.885592, 10.952474 ], [ -74.885958, 10.952719 ], [ -74.886082, 10.953223 ], [ -74.886178, 10.953408 ], [ -74.887127, 10.953778 ], [ -74.887271, 10.954218 ], [ -74.887379, 10.954424 ], [ -74.888005, 10.954668 ], [ -74.888278, 10.954982 ], [ -74.887224, 10.955572 ], [ -74.886513, 10.956138 ], [ -74.885991, 10.957202 ], [ -74.88528, 10.958 ], [ -74.885062, 10.958881 ], [ -74.884809, 10.960415 ], [ -74.884784, 10.960908 ], [ -74.887081, 10.95983 ], [ -74.886629, 10.958649 ], [ -74.886539, 10.958239 ], [ -74.887164, 10.958089 ], [ -74.887573, 10.957815 ], [ -74.888164, 10.957532 ], [ -74.888552, 10.956116 ], [ -74.888785, 10.955846 ], [ -74.888998, 10.95628 ], [ -74.8891, 10.958469 ], [ -74.889193, 10.95892 ], [ -74.889289, 10.960277 ], [ -74.888825, 10.960366 ], [ -74.888511, 10.960473 ], [ -74.888369, 10.960921 ], [ -74.888735, 10.961813 ], [ -74.888844, 10.963147 ], [ -74.889014, 10.963638 ] ] ], [ [ [ -74.85468, 10.998669 ], [ -74.855857, 10.998317 ], [ -74.856785, 10.998494 ], [ -74.857775, 10.998997 ], [ -74.858117, 10.99921 ], [ -74.857777, 10.99924 ], [ -74.856875, 10.999585 ], [ -74.856819, 10.99965 ], [ -74.855815, 10.999606 ], [ -74.854947, 10.99907 ], [ -74.854075, 10.998745 ], [ -74.85468, 10.998669 ] ] ], [ [ [ -74.851184, 10.998323 ], [ -74.851394, 10.997739 ], [ -74.851638, 10.997954 ], [ -74.851995, 10.998113 ], [ -74.853074, 10.998536 ], [ -74.853546, 10.998678 ], [ -74.853333, 10.999727 ], [ -74.852786, 11.00086 ], [ -74.852699, 11.001186 ], [ -74.852607, 11.001186 ], [ -74.850374, 10.999972 ], [ -74.85035, 10.999569 ], [ -74.850559, 10.999119 ], [ -74.851184, 10.998323 ] ] ], [ [ [ -74.873931, 11.006106 ], [ -74.873476, 11.005898 ], [ -74.873799, 11.004861 ], [ -74.873993, 11.002704 ], [ -74.874583, 11.003165 ], [ -74.875498, 11.003651 ], [ -74.876515, 11.004355 ], [ -74.876576, 11.00438 ], [ -74.876735, 11.00451 ], [ -74.876906, 11.004836 ], [ -74.876173, 11.004946 ], [ -74.875856, 11.005356 ], [ -74.875556, 11.005434 ], [ -74.87524, 11.006002 ], [ -74.874849, 11.005926 ], [ -74.873931, 11.006106 ] ] ], [ [ [ -74.874172, 11.001498 ], [ -74.87416, 11.001299 ], [ -74.874977, 10.999359 ], [ -74.875035, 10.998935 ], [ -74.875587, 10.997607 ], [ -74.876295, 10.997089 ], [ -74.876932, 10.995965 ], [ -74.876901, 10.994468 ], [ -74.876959, 10.994413 ], [ -74.877182, 10.99477 ], [ -74.877456, 10.995647 ], [ -74.877001, 10.997079 ], [ -74.876915, 10.997574 ], [ -74.877286, 10.99825 ], [ -74.877554, 10.998828 ], [ -74.877839, 10.999852 ], [ -74.878757, 11.000893 ], [ -74.879062, 11.000875 ], [ -74.87885, 10.999103 ], [ -74.878475, 10.99821 ], [ -74.878032, 10.997583 ], [ -74.87783, 10.997193 ], [ -74.878374, 10.996205 ], [ -74.87854, 10.995501 ], [ -74.878456, 10.994095 ], [ -74.877852, 10.993367 ], [ -74.877722, 10.992952 ], [ -74.877742, 10.992624 ], [ -74.878448, 10.992356 ], [ -74.878559, 10.992062 ], [ -74.877925, 10.991501 ], [ -74.877833, 10.99111 ], [ -74.877728, 10.990822 ], [ -74.877187, 10.990482 ], [ -74.876869, 10.990253 ], [ -74.87675, 10.989881 ], [ -74.87646, 10.989392 ], [ -74.875946, 10.988691 ], [ -74.875745, 10.987547 ], [ -74.875952, 10.986903 ], [ -74.876459, 10.986086 ], [ -74.876824, 10.985323 ], [ -74.877468, 10.984603 ], [ -74.877659, 10.984311 ], [ -74.878083, 10.983923 ], [ -74.878493, 10.983235 ], [ -74.87956, 10.982099 ], [ -74.880365, 10.981891 ], [ -74.880908, 10.982044 ], [ -74.881844, 10.982611 ], [ -74.882259, 10.982488 ], [ -74.883141, 10.981707 ], [ -74.88328, 10.981664 ], [ -74.883085, 10.982375 ], [ -74.882855, 10.982816 ], [ -74.882099, 10.983741 ], [ -74.881251, 10.984238 ], [ -74.879481, 10.985086 ], [ -74.878474, 10.986149 ], [ -74.878774, 10.986434 ], [ -74.880511, 10.986206 ], [ -74.880928, 10.986348 ], [ -74.881035, 10.986747 ], [ -74.879426, 10.987277 ], [ -74.879159, 10.987722 ], [ -74.879067, 10.987722 ], [ -74.879067, 10.987812 ], [ -74.878946, 10.987873 ], [ -74.878884, 10.987993 ], [ -74.878564, 10.988175 ], [ -74.87807, 10.988521 ], [ -74.877926, 10.989097 ], [ -74.87849, 10.989772 ], [ -74.879485, 10.989951 ], [ -74.880115, 10.990122 ], [ -74.881453, 10.99021 ], [ -74.881671, 10.9905 ], [ -74.880958, 10.990941 ], [ -74.880154, 10.991295 ], [ -74.879903, 10.99185 ], [ -74.88005, 10.993194 ], [ -74.880306, 10.994287 ], [ -74.881113, 10.995375 ], [ -74.881254, 10.99614 ], [ -74.881484, 10.996761 ], [ -74.882049, 10.997242 ], [ -74.882872, 10.997366 ], [ -74.883225, 10.996809 ], [ -74.883759, 10.996274 ], [ -74.884591, 10.996978 ], [ -74.885124, 10.997081 ], [ -74.885901, 10.996447 ], [ -74.887168, 10.995551 ], [ -74.887962, 10.994937 ], [ -74.888169, 10.994188 ], [ -74.888516, 10.993751 ], [ -74.889421, 10.993634 ], [ -74.889683, 10.993333 ], [ -74.889954, 10.993148 ], [ -74.890141, 10.992881 ], [ -74.890834, 10.992608 ], [ -74.891239, 10.992791 ], [ -74.891331, 10.992791 ], [ -74.891362, 10.992942 ], [ -74.891483, 10.993183 ], [ -74.891514, 10.993967 ], [ -74.891317, 10.994496 ], [ -74.891105, 10.995191 ], [ -74.890916, 10.995698 ], [ -74.890414, 10.996125 ], [ -74.889246, 10.996847 ], [ -74.888815, 10.997181 ], [ -74.888357, 10.997994 ], [ -74.888113, 10.998334 ], [ -74.887601, 10.998697 ], [ -74.886642, 10.999119 ], [ -74.886299, 10.99959 ], [ -74.885911, 11.001039 ], [ -74.885685, 11.001441 ], [ -74.884966, 11.001603 ], [ -74.88394, 11.001325 ], [ -74.883493, 11.001361 ], [ -74.883107, 11.001631 ], [ -74.882631, 11.003279 ], [ -74.882412, 11.003344 ], [ -74.881692, 11.003661 ], [ -74.88099, 11.004235 ], [ -74.880299, 11.004661 ], [ -74.880384, 11.005045 ], [ -74.88065, 11.005671 ], [ -74.880689, 11.006146 ], [ -74.880558, 11.006435 ], [ -74.880207, 11.006033 ], [ -74.880067, 11.005991 ], [ -74.879764, 11.00502 ], [ -74.87822, 11.003954 ], [ -74.877278, 11.00341 ], [ -74.877139, 11.003367 ], [ -74.877073, 11.003294 ], [ -74.874172, 11.001498 ] ] ], [ [ [ -74.871667, 11.006602 ], [ -74.87083, 11.00545 ], [ -74.870322, 11.005034 ], [ -74.869674, 11.004588 ], [ -74.869083, 11.004087 ], [ -74.868519, 11.00344 ], [ -74.867896, 11.00293 ], [ -74.867527, 11.00282 ], [ -74.867527, 11.00273 ], [ -74.866837, 11.002688 ], [ -74.866485, 11.00256 ], [ -74.866041, 11.001574 ], [ -74.865454, 11.001211 ], [ -74.864641, 11.000969 ], [ -74.864227, 11.000818 ], [ -74.863876, 11.000572 ], [ -74.863444, 10.99989 ], [ -74.862755, 10.999685 ], [ -74.862377, 10.999715 ], [ -74.862156, 10.999592 ], [ -74.861964, 10.998989 ], [ -74.862349, 10.998717 ], [ -74.862304, 10.998075 ], [ -74.862002, 10.997492 ], [ -74.861185, 10.996789 ], [ -74.86055, 10.995473 ], [ -74.859975, 10.995921 ], [ -74.859884, 10.995936 ], [ -74.859143, 10.995577 ], [ -74.858962, 10.994725 ], [ -74.858963, 10.99353 ], [ -74.859599, 10.992663 ], [ -74.860234, 10.991871 ], [ -74.860253, 10.991345 ], [ -74.861423, 10.992702 ], [ -74.861858, 10.993284 ], [ -74.862277, 10.993276 ], [ -74.862877, 10.992874 ], [ -74.863655, 10.991838 ], [ -74.864398, 10.991403 ], [ -74.865961, 10.991287 ], [ -74.867236, 10.991104 ], [ -74.867771, 10.990923 ], [ -74.868102, 10.990583 ], [ -74.868218, 10.990113 ], [ -74.86868, 10.988474 ], [ -74.86888, 10.988092 ], [ -74.869522, 10.987945 ], [ -74.870336, 10.98822 ], [ -74.870324, 10.988772 ], [ -74.870141, 10.9893 ], [ -74.869967, 10.990002 ], [ -74.869864, 10.9903 ], [ -74.869868, 10.99049 ], [ -74.870772, 10.990472 ], [ -74.872357, 10.990185 ], [ -74.872778, 10.989551 ], [ -74.872888, 10.988125 ], [ -74.872994, 10.987817 ], [ -74.873392, 10.987539 ], [ -74.873708, 10.987717 ], [ -74.873625, 10.988764 ], [ -74.87346, 10.990232 ], [ -74.87389, 10.990392 ], [ -74.874774, 10.99049 ], [ -74.875067, 10.991261 ], [ -74.875107, 10.991654 ], [ -74.875079, 10.991926 ], [ -74.875171, 10.992817 ], [ -74.875019, 10.993505 ], [ -74.87463, 10.994364 ], [ -74.874564, 10.995001 ], [ -74.875169, 10.996011 ], [ -74.875041, 10.996412 ], [ -74.874761, 10.996493 ], [ -74.874713, 10.99645 ], [ -74.874435, 10.996434 ], [ -74.873791, 10.995892 ], [ -74.873487, 10.995909 ], [ -74.873345, 10.996121 ], [ -74.873547, 10.996677 ], [ -74.872337, 10.997801 ], [ -74.871972, 10.997476 ], [ -74.872294, 10.99599 ], [ -74.872613, 10.995273 ], [ -74.872792, 10.994804 ], [ -74.87242, 10.99464 ], [ -74.872424, 10.994927 ], [ -74.872225, 10.995102 ], [ -74.87197, 10.995087 ], [ -74.871745, 10.9951 ], [ -74.87151, 10.995811 ], [ -74.871419, 10.996952 ], [ -74.871136, 10.997079 ], [ -74.870913, 10.998494 ], [ -74.871056, 10.999157 ], [ -74.871142, 10.999728 ], [ -74.870937, 11.000099 ], [ -74.870196, 11.000269 ], [ -74.869339, 11.000042 ], [ -74.868472, 10.999024 ], [ -74.867844, 10.998832 ], [ -74.867876, 10.998306 ], [ -74.868037, 10.998164 ], [ -74.867631, 10.997513 ], [ -74.867261, 10.997535 ], [ -74.867102, 10.998042 ], [ -74.867149, 10.998835 ], [ -74.867014, 10.99908 ], [ -74.866738, 10.999063 ], [ -74.866551, 10.998661 ], [ -74.86659, 10.998027 ], [ -74.866565, 10.997606 ], [ -74.866276, 10.997623 ], [ -74.866026, 10.997899 ], [ -74.865747, 10.997883 ], [ -74.86565, 10.997989 ], [ -74.865457, 10.997978 ], [ -74.865221, 10.997468 ], [ -74.865107, 10.996983 ], [ -74.865002, 10.996696 ], [ -74.8645, 10.996726 ], [ -74.864374, 10.99726 ], [ -74.864176, 10.997919 ], [ -74.864196, 10.998242 ], [ -74.86451, 10.998989 ], [ -74.864934, 10.999531 ], [ -74.86571, 10.99971 ], [ -74.866199, 10.999883 ], [ -74.867173, 11.000034 ], [ -74.86748, 11.000245 ], [ -74.868064, 11.000582 ], [ -74.868796, 11.000388 ], [ -74.869069, 11.000535 ], [ -74.869229, 11.001385 ], [ -74.869695, 11.001597 ], [ -74.869419, 11.001722 ], [ -74.869218, 11.002321 ], [ -74.869132, 11.002702 ], [ -74.869411, 11.002949 ], [ -74.870295, 11.003066 ], [ -74.871506, 11.003322 ], [ -74.872378, 11.003456 ], [ -74.87291, 11.00364 ], [ -74.873061, 11.003934 ], [ -74.872252, 11.004868 ], [ -74.871952, 11.00585 ], [ -74.87261, 11.006211 ], [ -74.873012, 11.006523 ], [ -74.873293, 11.00635 ], [ -74.873385, 11.00653 ], [ -74.873567, 11.006621 ], [ -74.872779, 11.007312 ], [ -74.872377, 11.007435 ], [ -74.872285, 11.007435 ], [ -74.871891, 11.007099 ], [ -74.871667, 11.006602 ] ] ], [ [ [ -74.894839, 11.005867 ], [ -74.895354, 11.005816 ], [ -74.895398, 11.005953 ], [ -74.895581, 11.006295 ], [ -74.895474, 11.007308 ], [ -74.895136, 11.008502 ], [ -74.894127, 11.011278 ], [ -74.893199, 11.011375 ], [ -74.89262, 11.011475 ], [ -74.892009, 11.011378 ], [ -74.891507, 11.01115 ], [ -74.891453, 11.010503 ], [ -74.891262, 11.009112 ], [ -74.891429, 11.007677 ], [ -74.891652, 11.007098 ], [ -74.892101, 11.006851 ], [ -74.893664, 11.006406 ], [ -74.894839, 11.005867 ] ] ], [ [ [ -74.828929, 11.023836 ], [ -74.828929, 11.018483 ], [ -74.828699, 11.016412 ], [ -74.8286, 11.014662 ], [ -74.828582, 11.014588 ], [ -74.829464, 11.014681 ], [ -74.829605, 11.01671 ], [ -74.83107, 11.017605 ], [ -74.832261, 11.018599 ], [ -74.832676, 11.019043 ], [ -74.832941, 11.019033 ], [ -74.833162, 11.018346 ], [ -74.833528, 11.018176 ], [ -74.834039, 11.018444 ], [ -74.83415, 11.019944 ], [ -74.834268, 11.020391 ], [ -74.835435, 11.021299 ], [ -74.83436, 11.023987 ], [ -74.834027, 11.024607 ], [ -74.833277, 11.024452 ], [ -74.832558, 11.023684 ], [ -74.832214, 11.02337 ], [ -74.831882, 11.023382 ], [ -74.831541, 11.024402 ], [ -74.830556, 11.025201 ], [ -74.830099, 11.025183 ], [ -74.829574, 11.024551 ], [ -74.828978, 11.023871 ], [ -74.828929, 11.023836 ] ] ], [ [ [ -74.87177, 11.025646 ], [ -74.872087, 11.025355 ], [ -74.872804, 11.025504 ], [ -74.874819, 11.026558 ], [ -74.875438, 11.027219 ], [ -74.876348, 11.028918 ], [ -74.876853, 11.029504 ], [ -74.87706, 11.030013 ], [ -74.877322, 11.030442 ], [ -74.87754, 11.030968 ], [ -74.877625, 11.031345 ], [ -74.877493, 11.031675 ], [ -74.877452, 11.031875 ], [ -74.87731, 11.031946 ], [ -74.877248, 11.032066 ], [ -74.877127, 11.032127 ], [ -74.876577, 11.032219 ], [ -74.876032, 11.032618 ], [ -74.875793, 11.032449 ], [ -74.875634, 11.032245 ], [ -74.875427, 11.032087 ], [ -74.875387, 11.032036 ], [ -74.875113, 11.032036 ], [ -74.875113, 11.031945 ], [ -74.875021, 11.031945 ], [ -74.87473, 11.031635 ], [ -74.874309, 11.031438 ], [ -74.874048, 11.031159 ], [ -74.87386, 11.030571 ], [ -74.872886, 11.030166 ], [ -74.872451, 11.02987 ], [ -74.871908, 11.028917 ], [ -74.871923, 11.0286 ], [ -74.871681, 11.027804 ], [ -74.871229, 11.02708 ], [ -74.871314, 11.02638 ], [ -74.87177, 11.025646 ] ] ], [ [ [ -74.832194, 11.032142 ], [ -74.831679, 11.031838 ], [ -74.831759, 11.03124 ], [ -74.831811, 11.03102 ], [ -74.831994, 11.03093 ], [ -74.832159, 11.03039 ], [ -74.832839, 11.029187 ], [ -74.833143, 11.028515 ], [ -74.833362, 11.028767 ], [ -74.83346, 11.02885 ], [ -74.833955, 11.02843 ], [ -74.833685, 11.027538 ], [ -74.833724, 11.027452 ], [ -74.834052, 11.027633 ], [ -74.834306, 11.027717 ], [ -74.834772, 11.027391 ], [ -74.8352, 11.027314 ], [ -74.835355, 11.027432 ], [ -74.835637, 11.027793 ], [ -74.836024, 11.027947 ], [ -74.835981, 11.027995 ], [ -74.835882, 11.028543 ], [ -74.83564, 11.028529 ], [ -74.834816, 11.028086 ], [ -74.834372, 11.028392 ], [ -74.834428, 11.029331 ], [ -74.834855, 11.029436 ], [ -74.835671, 11.028752 ], [ -74.836062, 11.028628 ], [ -74.836762, 11.029217 ], [ -74.836593, 11.029367 ], [ -74.836026, 11.029333 ], [ -74.83553, 11.029464 ], [ -74.835473, 11.030118 ], [ -74.835319, 11.030163 ], [ -74.834914, 11.030801 ], [ -74.834778, 11.031389 ], [ -74.834832, 11.031926 ], [ -74.834728, 11.032005 ], [ -74.834648, 11.032469 ], [ -74.834282, 11.032649 ], [ -74.834105, 11.032509 ], [ -74.833967, 11.031874 ], [ -74.833817, 11.031892 ], [ -74.833692, 11.03288 ], [ -74.833549, 11.033282 ], [ -74.833215, 11.033412 ], [ -74.832493, 11.032953 ], [ -74.832194, 11.032142 ] ] ] ] } },
{ "type": "Feature", "properties": { "SIM_ZONFIN": "ZRP_Zona de Rehabilitación Productiva", "Shape_Area": 106540192.52900001 }, "geometry": { "type": "MultiPolygon", "coordinates": [ [ [ [ -74.935216, 10.831184 ], [ -74.935191, 10.831175 ], [ -74.935223, 10.831183 ], [ -74.935216, 10.831184 ] ] ], [ [ [ -74.932666, 10.833629 ], [ -74.932833, 10.832723 ], [ -74.932749, 10.832061 ], [ -74.932937, 10.83162 ], [ -74.933148, 10.831497 ], [ -74.933382, 10.831457 ], [ -74.933758, 10.831327 ], [ -74.934388, 10.831457 ], [ -74.934754, 10.831458 ], [ -74.935347, 10.831384 ], [ -74.935552, 10.831265 ], [ -74.937219, 10.831682 ], [ -74.938806, 10.832475 ], [ -74.938812, 10.833019 ], [ -74.938505, 10.834262 ], [ -74.938382, 10.834021 ], [ -74.938322, 10.833991 ], [ -74.938268, 10.833863 ], [ -74.938193, 10.833394 ], [ -74.938139, 10.833177 ], [ -74.937068, 10.833001 ], [ -74.936482, 10.833404 ], [ -74.935919, 10.83414 ], [ -74.93576, 10.834261 ], [ -74.93576, 10.834442 ], [ -74.935668, 10.834442 ], [ -74.935486, 10.834652 ], [ -74.935005, 10.834782 ], [ -74.934743, 10.834417 ], [ -74.934454, 10.833776 ], [ -74.9342, 10.833756 ], [ -74.933647, 10.83439 ], [ -74.933027, 10.834439 ], [ -74.93271, 10.834169 ], [ -74.932666, 10.833629 ] ] ], [ [ [ -74.973505, 10.843478 ], [ -74.973661, 10.843198 ], [ -74.973526, 10.844287 ], [ -74.973495, 10.843577 ], [ -74.973505, 10.843478 ] ] ], [ [ [ -74.973365, 10.846074 ], [ -74.973201, 10.845935 ], [ -74.973219, 10.845927 ], [ -74.973224, 10.845882 ], [ -74.973366, 10.845581 ], [ -74.973335, 10.845834 ], [ -74.973365, 10.846074 ] ] ], [ [ [ -74.965748, 10.865943 ], [ -74.965156, 10.864767 ], [ -74.965181, 10.863557 ], [ -74.964711, 10.862981 ], [ -74.964851, 10.862579 ], [ -74.964543, 10.862262 ], [ -74.96387, 10.862799 ], [ -74.963447, 10.862653 ], [ -74.96311, 10.861831 ], [ -74.962884, 10.86074 ], [ -74.962982, 10.860221 ], [ -74.963248, 10.860086 ], [ -74.963851, 10.859941 ], [ -74.964919, 10.858927 ], [ -74.964714, 10.857937 ], [ -74.964804, 10.857192 ], [ -74.96507, 10.856284 ], [ -74.964824, 10.856032 ], [ -74.963356, 10.855795 ], [ -74.962846, 10.855551 ], [ -74.962429, 10.854943 ], [ -74.962409, 10.853962 ], [ -74.9627, 10.853574 ], [ -74.963218, 10.85294 ], [ -74.963432, 10.852323 ], [ -74.963439, 10.851954 ], [ -74.963128, 10.851501 ], [ -74.962574, 10.849558 ], [ -74.962156, 10.848465 ], [ -74.962145, 10.847913 ], [ -74.963063, 10.84686 ], [ -74.963089, 10.845613 ], [ -74.962798, 10.845619 ], [ -74.962554, 10.845376 ], [ -74.962418, 10.846613 ], [ -74.961346, 10.847785 ], [ -74.961132, 10.848869 ], [ -74.96038, 10.848885 ], [ -74.959794, 10.848743 ], [ -74.959142, 10.848431 ], [ -74.958874, 10.84804 ], [ -74.958585, 10.846791 ], [ -74.958447, 10.846384 ], [ -74.958447, 10.846294 ], [ -74.958803, 10.846193 ], [ -74.959454, 10.84539 ], [ -74.959764, 10.845153 ], [ -74.960003, 10.844847 ], [ -74.96011, 10.844752 ], [ -74.960735, 10.843672 ], [ -74.960786, 10.843631 ], [ -74.961192, 10.843129 ], [ -74.961675, 10.842747 ], [ -74.962295, 10.842489 ], [ -74.962823, 10.842108 ], [ -74.963073, 10.842004 ], [ -74.963114, 10.841953 ], [ -74.963846, 10.841954 ], [ -74.964293, 10.842007 ], [ -74.964806, 10.841966 ], [ -74.96572, 10.841193 ], [ -74.966133, 10.84114 ], [ -74.966133, 10.84123 ], [ -74.96634, 10.841287 ], [ -74.966408, 10.841682 ], [ -74.966499, 10.841682 ], [ -74.966536, 10.841826 ], [ -74.966718, 10.842102 ], [ -74.966773, 10.842316 ], [ -74.966865, 10.842316 ], [ -74.966907, 10.842455 ], [ -74.967139, 10.842858 ], [ -74.967231, 10.842858 ], [ -74.967305, 10.843146 ], [ -74.967414, 10.84322 ], [ -74.967627, 10.843642 ], [ -74.968237, 10.843944 ], [ -74.968623, 10.844421 ], [ -74.968694, 10.844667 ], [ -74.968694, 10.844848 ], [ -74.968136, 10.844954 ], [ -74.967379, 10.845527 ], [ -74.966634, 10.845615 ], [ -74.966351, 10.845713 ], [ -74.9661, 10.846238 ], [ -74.965971, 10.848626 ], [ -74.966235, 10.849624 ], [ -74.966606, 10.850669 ], [ -74.96645, 10.851403 ], [ -74.966362, 10.852009 ], [ -74.96664, 10.852676 ], [ -74.96695, 10.852664 ], [ -74.967321, 10.852535 ], [ -74.967321, 10.852445 ], [ -74.967413, 10.852445 ], [ -74.967562, 10.852231 ], [ -74.967779, 10.852083 ], [ -74.968261, 10.851587 ], [ -74.968647, 10.851889 ], [ -74.968557, 10.85231 ], [ -74.968283, 10.852837 ], [ -74.968853, 10.853537 ], [ -74.969615, 10.853984 ], [ -74.970568, 10.855106 ], [ -74.97046, 10.855983 ], [ -74.970063, 10.856174 ], [ -74.969568, 10.856921 ], [ -74.969139, 10.856786 ], [ -74.968429, 10.856055 ], [ -74.967166, 10.855557 ], [ -74.966609, 10.856954 ], [ -74.966269, 10.857465 ], [ -74.965579, 10.858256 ], [ -74.966266, 10.858586 ], [ -74.966276, 10.859076 ], [ -74.965262, 10.860185 ], [ -74.964988, 10.86071 ], [ -74.965085, 10.861891 ], [ -74.965517, 10.8619 ], [ -74.966464, 10.861741 ], [ -74.967092, 10.861986 ], [ -74.967137, 10.862032 ], [ -74.967424, 10.862081 ], [ -74.968086, 10.862478 ], [ -74.968113, 10.862697 ], [ -74.967828, 10.862806 ], [ -74.967285, 10.862922 ], [ -74.966771, 10.863117 ], [ -74.966685, 10.863501 ], [ -74.967562, 10.86361 ], [ -74.968826, 10.863483 ], [ -74.969058, 10.863569 ], [ -74.969016, 10.863799 ], [ -74.968918, 10.864064 ], [ -74.968749, 10.864797 ], [ -74.968639, 10.866099 ], [ -74.968699, 10.866834 ], [ -74.968601, 10.867277 ], [ -74.968279, 10.867143 ], [ -74.967449, 10.866421 ], [ -74.966729, 10.866423 ], [ -74.966383, 10.866191 ], [ -74.965748, 10.865943 ] ] ], [ [ [ -74.977501, 10.856007 ], [ -74.977249, 10.855916 ], [ -74.977019, 10.855833 ], [ -74.977501, 10.855833 ], [ -74.977501, 10.856007 ] ] ], [ [ [ -74.969288, 10.876727 ], [ -74.968741, 10.876063 ], [ -74.968693, 10.874855 ], [ -74.969062, 10.874662 ], [ -74.970061, 10.875184 ], [ -74.970704, 10.874513 ], [ -74.971544, 10.875545 ], [ -74.972038, 10.876301 ], [ -74.972809, 10.87804 ], [ -74.972839, 10.878191 ], [ -74.9729, 10.878312 ], [ -74.973318, 10.878622 ], [ -74.973855, 10.879086 ], [ -74.974089, 10.879216 ], [ -74.974089, 10.879307 ], [ -74.974042, 10.87935 ], [ -74.973877, 10.879696 ], [ -74.973039, 10.880439 ], [ -74.972669, 10.880707 ], [ -74.971829, 10.881427 ], [ -74.97142, 10.881443 ], [ -74.9713, 10.881068 ], [ -74.971035, 10.88043 ], [ -74.971265, 10.879949 ], [ -74.971818, 10.878976 ], [ -74.97212, 10.878124 ], [ -74.971971, 10.878056 ], [ -74.970817, 10.878205 ], [ -74.970251, 10.877941 ], [ -74.969758, 10.877489 ], [ -74.969587, 10.877131 ], [ -74.969288, 10.876727 ] ] ], [ [ [ -74.961269, 10.882596 ], [ -74.961581, 10.882248 ], [ -74.961904, 10.882229 ], [ -74.96359, 10.882743 ], [ -74.963884, 10.883442 ], [ -74.963704, 10.88378 ], [ -74.963253, 10.883806 ], [ -74.962295, 10.883604 ], [ -74.961967, 10.88379 ], [ -74.962166, 10.884194 ], [ -74.963143, 10.884492 ], [ -74.963296, 10.884772 ], [ -74.962629, 10.884811 ], [ -74.962078, 10.884665 ], [ -74.961725, 10.885114 ], [ -74.962603, 10.885276 ], [ -74.962467, 10.88549 ], [ -74.961845, 10.885526 ], [ -74.961444, 10.885384 ], [ -74.960956, 10.885413 ], [ -74.960821, 10.885365 ], [ -74.960577, 10.885666 ], [ -74.960231, 10.885709 ], [ -74.960313, 10.885405 ], [ -74.960509, 10.885139 ], [ -74.960323, 10.884826 ], [ -74.960442, 10.88435 ], [ -74.961055, 10.883335 ], [ -74.961269, 10.882596 ] ] ], [ [ [ -74.961644, 10.888982 ], [ -74.961316, 10.889119 ], [ -74.961588, 10.889626 ], [ -74.961624, 10.890534 ], [ -74.961431, 10.89074 ], [ -74.960784, 10.890765 ], [ -74.960502, 10.88997 ], [ -74.960599, 10.889426 ], [ -74.961228, 10.889133 ], [ -74.960912, 10.889073 ], [ -74.960692, 10.889126 ], [ -74.959082, 10.889163 ], [ -74.959029, 10.889125 ], [ -74.958456, 10.888989 ], [ -74.95784, 10.889109 ], [ -74.95774, 10.889284 ], [ -74.957613, 10.889775 ], [ -74.957481, 10.889945 ], [ -74.95707, 10.890245 ], [ -74.956742, 10.890378 ], [ -74.956388, 10.890661 ], [ -74.95597, 10.890881 ], [ -74.955262, 10.890858 ], [ -74.955124, 10.890723 ], [ -74.954872, 10.8907 ], [ -74.954506, 10.890609 ], [ -74.953857, 10.890525 ], [ -74.953505, 10.89037 ], [ -74.952911, 10.889864 ], [ -74.952888, 10.889581 ], [ -74.953091, 10.889565 ], [ -74.954218, 10.890199 ], [ -74.955125, 10.890091 ], [ -74.955605, 10.889796 ], [ -74.955386, 10.889597 ], [ -74.95598, 10.88866 ], [ -74.956823, 10.888062 ], [ -74.957027, 10.887583 ], [ -74.957148, 10.886797 ], [ -74.95771, 10.88645 ], [ -74.95774, 10.886871 ], [ -74.957905, 10.887076 ], [ -74.958135, 10.886965 ], [ -74.958167, 10.886902 ], [ -74.958392, 10.887041 ], [ -74.95904, 10.887125 ], [ -74.959241, 10.887356 ], [ -74.95976, 10.88751 ], [ -74.960521, 10.887091 ], [ -74.961504, 10.887222 ], [ -74.962384, 10.887306 ], [ -74.962876, 10.887035 ], [ -74.964115, 10.886855 ], [ -74.965019, 10.886527 ], [ -74.96578, 10.885994 ], [ -74.965896, 10.885525 ], [ -74.965557, 10.885052 ], [ -74.965262, 10.884051 ], [ -74.965032, 10.883431 ], [ -74.964707, 10.883334 ], [ -74.964503, 10.883221 ], [ -74.964532, 10.882861 ], [ -74.964901, 10.882699 ], [ -74.964432, 10.882158 ], [ -74.964159, 10.881553 ], [ -74.963636, 10.88019 ], [ -74.963248, 10.879648 ], [ -74.962786, 10.879444 ], [ -74.962487, 10.87928 ], [ -74.961728, 10.879165 ], [ -74.960894, 10.878181 ], [ -74.960547, 10.877587 ], [ -74.961108, 10.87753 ], [ -74.961918, 10.876963 ], [ -74.962452, 10.877005 ], [ -74.962694, 10.877636 ], [ -74.96282, 10.877859 ], [ -74.963568, 10.878172 ], [ -74.964182, 10.877949 ], [ -74.964691, 10.877043 ], [ -74.964931, 10.875683 ], [ -74.965031, 10.875598 ], [ -74.965448, 10.875728 ], [ -74.965661, 10.875955 ], [ -74.965287, 10.876652 ], [ -74.96487, 10.877251 ], [ -74.964621, 10.877838 ], [ -74.965009, 10.878194 ], [ -74.967353, 10.878928 ], [ -74.967938, 10.879234 ], [ -74.968682, 10.880027 ], [ -74.968826, 10.880607 ], [ -74.968156, 10.88139 ], [ -74.967897, 10.881932 ], [ -74.967522, 10.882153 ], [ -74.966899, 10.881937 ], [ -74.966268, 10.881429 ], [ -74.965729, 10.881162 ], [ -74.965627, 10.882428 ], [ -74.965479, 10.883265 ], [ -74.96716, 10.884049 ], [ -74.968189, 10.884414 ], [ -74.968826, 10.88487 ], [ -74.969218, 10.88512 ], [ -74.970028, 10.885228 ], [ -74.970198, 10.884672 ], [ -74.969825, 10.884136 ], [ -74.969837, 10.883854 ], [ -74.970038, 10.883478 ], [ -74.971049, 10.883518 ], [ -74.971326, 10.884221 ], [ -74.971716, 10.884324 ], [ -74.971845, 10.884053 ], [ -74.971893, 10.884009 ], [ -74.97193, 10.883685 ], [ -74.972076, 10.883467 ], [ -74.972134, 10.882804 ], [ -74.973357, 10.882743 ], [ -74.973723, 10.882743 ], [ -74.974037, 10.88302 ], [ -74.974146, 10.884523 ], [ -74.974412, 10.885409 ], [ -74.974455, 10.885728 ], [ -74.97453, 10.885911 ], [ -74.972504, 10.88625 ], [ -74.971252, 10.886666 ], [ -74.970001, 10.88625 ], [ -74.969582, 10.885833 ], [ -74.96833, 10.887083 ], [ -74.967087, 10.8875 ], [ -74.965836, 10.8875 ], [ -74.965836, 10.88875 ], [ -74.964596, 10.892463 ], [ -74.964409, 10.892507 ], [ -74.963796, 10.892828 ], [ -74.963657, 10.892872 ], [ -74.963589, 10.89281 ], [ -74.963348, 10.891901 ], [ -74.963304, 10.890785 ], [ -74.963534, 10.890539 ], [ -74.96489, 10.890592 ], [ -74.964745, 10.890396 ], [ -74.964212, 10.890191 ], [ -74.962445, 10.889266 ], [ -74.961688, 10.889029 ], [ -74.961644, 10.888982 ] ] ], [ [ [ -74.977345, 10.885442 ], [ -74.977682, 10.885291 ], [ -74.979149, 10.884474 ], [ -74.979343, 10.884405 ], [ -74.979164, 10.884583 ], [ -74.977501, 10.885416 ], [ -74.977345, 10.885442 ] ] ], [ [ [ -74.928199, 10.895626 ], [ -74.928013, 10.896074 ], [ -74.927925, 10.89666 ], [ -74.928412, 10.896798 ], [ -74.929137, 10.89661 ], [ -74.929532, 10.896189 ], [ -74.929698, 10.896078 ], [ -74.929893, 10.896687 ], [ -74.930083, 10.896798 ], [ -74.930765, 10.89625 ], [ -74.930756, 10.896028 ], [ -74.930046, 10.894919 ], [ -74.929624, 10.894406 ], [ -74.929481, 10.894051 ], [ -74.93004, 10.893694 ], [ -74.930015, 10.893083 ], [ -74.930226, 10.892913 ], [ -74.930976, 10.893482 ], [ -74.931926, 10.894625 ], [ -74.932178, 10.894856 ], [ -74.932056, 10.89555 ], [ -74.931847, 10.896272 ], [ -74.931258, 10.896761 ], [ -74.929862, 10.897244 ], [ -74.92908, 10.89809 ], [ -74.928746, 10.898873 ], [ -74.927845, 10.899146 ], [ -74.927321, 10.898937 ], [ -74.926467, 10.898328 ], [ -74.92623, 10.898201 ], [ -74.926138, 10.898201 ], [ -74.926138, 10.89811 ], [ -74.925861, 10.898024 ], [ -74.92541, 10.897476 ], [ -74.925181, 10.896829 ], [ -74.925132, 10.895759 ], [ -74.925177, 10.895292 ], [ -74.925315, 10.894945 ], [ -74.925465, 10.893843 ], [ -74.92559, 10.893498 ], [ -74.92621, 10.893354 ], [ -74.926586, 10.893369 ], [ -74.927505, 10.894027 ], [ -74.927965, 10.894518 ], [ -74.928384, 10.894713 ], [ -74.928199, 10.895626 ] ] ], [ [ [ -74.921832, 10.919544 ], [ -74.922929, 10.919476 ], [ -74.923299, 10.919067 ], [ -74.923431, 10.91823 ], [ -74.923528, 10.917874 ], [ -74.923614, 10.917326 ], [ -74.923732, 10.916891 ], [ -74.924465, 10.91604 ], [ -74.925106, 10.916078 ], [ -74.925644, 10.916811 ], [ -74.925767, 10.917465 ], [ -74.92595, 10.917556 ], [ -74.926194, 10.918036 ], [ -74.926225, 10.918279 ], [ -74.926347, 10.91852 ], [ -74.926499, 10.91855 ], [ -74.926499, 10.918641 ], [ -74.926591, 10.918641 ], [ -74.926591, 10.918731 ], [ -74.926853, 10.91877 ], [ -74.927084, 10.919289 ], [ -74.926973, 10.919632 ], [ -74.926773, 10.919545 ], [ -74.926682, 10.919545 ], [ -74.926682, 10.919455 ], [ -74.925547, 10.919141 ], [ -74.925035, 10.919364 ], [ -74.924943, 10.919364 ], [ -74.924943, 10.919545 ], [ -74.92502, 10.919607 ], [ -74.924948, 10.920299 ], [ -74.925634, 10.9204 ], [ -74.9259, 10.920589 ], [ -74.92654, 10.920702 ], [ -74.926437, 10.921123 ], [ -74.926082, 10.921041 ], [ -74.925633, 10.920852 ], [ -74.924582, 10.920735 ], [ -74.924325, 10.920382 ], [ -74.924211, 10.919997 ], [ -74.924211, 10.919906 ], [ -74.924252, 10.919706 ], [ -74.924651, 10.919508 ], [ -74.924455, 10.919123 ], [ -74.924394, 10.919092 ], [ -74.923289, 10.919923 ], [ -74.922197, 10.920901 ], [ -74.922058, 10.920944 ], [ -74.921191, 10.921714 ], [ -74.921057, 10.9216 ], [ -74.921207, 10.921236 ], [ -74.921587, 10.920912 ], [ -74.921634, 10.920335 ], [ -74.921372, 10.920191 ], [ -74.921233, 10.920309 ], [ -74.920901, 10.920833 ], [ -74.920661, 10.920965 ], [ -74.919917, 10.921235 ], [ -74.919582, 10.921087 ], [ -74.919173, 10.920861 ], [ -74.918957, 10.920844 ], [ -74.918854, 10.921122 ], [ -74.918765, 10.92179 ], [ -74.918537, 10.921985 ], [ -74.918791, 10.920599 ], [ -74.919523, 10.920541 ], [ -74.919914, 10.920757 ], [ -74.920612, 10.920813 ], [ -74.921255, 10.91971 ], [ -74.921599, 10.919586 ], [ -74.921832, 10.919544 ] ] ], [ [ [ -74.925887, 10.924295 ], [ -74.926172, 10.924521 ], [ -74.926223, 10.925424 ], [ -74.926975, 10.92538 ], [ -74.927699, 10.92496 ], [ -74.928003, 10.924741 ], [ -74.928145, 10.9247 ], [ -74.928221, 10.924552 ], [ -74.92906, 10.92452 ], [ -74.9291, 10.924469 ], [ -74.929426, 10.924339 ], [ -74.929336, 10.924108 ], [ -74.929664, 10.923575 ], [ -74.930282, 10.923667 ], [ -74.929884, 10.924158 ], [ -74.930118, 10.924118 ], [ -74.930776, 10.923932 ], [ -74.931348, 10.923887 ], [ -74.931452, 10.923323 ], [ -74.931817, 10.923122 ], [ -74.932477, 10.923372 ], [ -74.932649, 10.923678 ], [ -74.932455, 10.924251 ], [ -74.93204, 10.924541 ], [ -74.931289, 10.924765 ], [ -74.930459, 10.925466 ], [ -74.929916, 10.925381 ], [ -74.929975, 10.924791 ], [ -74.929755, 10.924845 ], [ -74.929335, 10.924882 ], [ -74.929274, 10.925002 ], [ -74.929243, 10.925515 ], [ -74.929373, 10.925827 ], [ -74.929234, 10.926502 ], [ -74.928968, 10.92669 ], [ -74.928521, 10.926886 ], [ -74.928115, 10.926707 ], [ -74.928085, 10.926342 ], [ -74.928187, 10.926009 ], [ -74.928462, 10.925364 ], [ -74.928305, 10.925217 ], [ -74.927454, 10.925813 ], [ -74.926406, 10.925896 ], [ -74.925948, 10.925695 ], [ -74.925493, 10.925789 ], [ -74.925925, 10.925264 ], [ -74.925887, 10.924295 ] ] ], [ [ [ -74.941308, 10.936866 ], [ -74.941548, 10.936585 ], [ -74.941415, 10.935782 ], [ -74.940834, 10.933718 ], [ -74.940454, 10.933519 ], [ -74.939347, 10.933414 ], [ -74.939162, 10.933245 ], [ -74.93899, 10.932705 ], [ -74.938942, 10.932662 ], [ -74.939021, 10.93257 ], [ -74.939831, 10.932506 ], [ -74.940808, 10.932717 ], [ -74.941779, 10.932843 ], [ -74.941901, 10.932903 ], [ -74.942145, 10.932934 ], [ -74.942286, 10.932975 ], [ -74.942974, 10.9334 ], [ -74.943733, 10.933518 ], [ -74.944224, 10.933139 ], [ -74.944404, 10.932547 ], [ -74.944254, 10.932281 ], [ -74.942799, 10.932149 ], [ -74.942694, 10.932029 ], [ -74.942237, 10.932029 ], [ -74.942237, 10.931939 ], [ -74.942003, 10.931898 ], [ -74.941239, 10.931448 ], [ -74.940524, 10.931176 ], [ -74.940224, 10.931124 ], [ -74.939766, 10.931124 ], [ -74.938712, 10.931171 ], [ -74.938036, 10.930983 ], [ -74.937612, 10.93072 ], [ -74.937238, 10.930291 ], [ -74.936155, 10.930168 ], [ -74.936285, 10.929894 ], [ -74.937218, 10.929317 ], [ -74.937427, 10.928946 ], [ -74.937296, 10.928591 ], [ -74.937021, 10.928591 ], [ -74.93696, 10.928471 ], [ -74.936838, 10.92841 ], [ -74.936736, 10.92833 ], [ -74.936655, 10.927687 ], [ -74.936341, 10.9276 ], [ -74.936441, 10.926965 ], [ -74.936838, 10.927144 ], [ -74.936838, 10.926602 ], [ -74.936881, 10.925639 ], [ -74.937214, 10.924773 ], [ -74.937966, 10.924359 ], [ -74.938904, 10.924284 ], [ -74.939678, 10.924424 ], [ -74.939961, 10.924819 ], [ -74.940091, 10.925288 ], [ -74.940133, 10.925607 ], [ -74.940316, 10.925607 ], [ -74.940446, 10.92512 ], [ -74.940604, 10.92509 ], [ -74.940721, 10.925389 ], [ -74.941087, 10.925484 ], [ -74.940832, 10.92607 ], [ -74.940408, 10.925969 ], [ -74.940193, 10.926024 ], [ -74.940042, 10.926241 ], [ -74.939919, 10.926481 ], [ -74.939858, 10.926512 ], [ -74.939858, 10.926964 ], [ -74.939767, 10.926964 ], [ -74.939714, 10.927272 ], [ -74.939441, 10.927636 ], [ -74.939401, 10.927778 ], [ -74.939767, 10.927778 ], [ -74.939767, 10.927959 ], [ -74.939858, 10.927959 ], [ -74.93998, 10.927899 ], [ -74.940224, 10.927868 ], [ -74.940322, 10.927491 ], [ -74.940811, 10.927272 ], [ -74.941207, 10.927147 ], [ -74.942889, 10.927012 ], [ -74.943758, 10.927196 ], [ -74.943928, 10.927732 ], [ -74.943194, 10.928728 ], [ -74.943797, 10.929429 ], [ -74.943976, 10.929588 ], [ -74.944118, 10.929547 ], [ -74.944338, 10.928961 ], [ -74.944804, 10.928767 ], [ -74.945207, 10.928904 ], [ -74.944983, 10.929678 ], [ -74.945061, 10.929948 ], [ -74.945657, 10.930306 ], [ -74.945901, 10.93096 ], [ -74.946132, 10.931348 ], [ -74.9461, 10.931603 ], [ -74.945687, 10.932162 ], [ -74.945491, 10.932901 ], [ -74.945948, 10.933879 ], [ -74.945989, 10.93402 ], [ -74.946129, 10.934061 ], [ -74.946375, 10.93445 ], [ -74.946446, 10.935286 ], [ -74.946446, 10.935557 ], [ -74.946537, 10.935557 ], [ -74.946537, 10.935738 ], [ -74.946477, 10.935859 ], [ -74.946415, 10.93616 ], [ -74.946354, 10.936281 ], [ -74.946263, 10.936281 ], [ -74.945926, 10.935908 ], [ -74.945686, 10.935786 ], [ -74.945578, 10.936696 ], [ -74.945393, 10.936685 ], [ -74.944683, 10.935156 ], [ -74.944323, 10.934993 ], [ -74.944586, 10.936458 ], [ -74.944565, 10.936812 ], [ -74.944101, 10.937137 ], [ -74.943932, 10.936594 ], [ -74.943818, 10.936388 ], [ -74.942799, 10.936541 ], [ -74.942172, 10.937068 ], [ -74.942198, 10.937495 ], [ -74.941152, 10.938065 ], [ -74.940695, 10.938694 ], [ -74.939891, 10.938725 ], [ -74.938663, 10.937941 ], [ -74.937898, 10.937045 ], [ -74.937873, 10.936435 ], [ -74.938204, 10.936082 ], [ -74.938571, 10.93589 ], [ -74.93932, 10.935861 ], [ -74.94018, 10.936219 ], [ -74.941308, 10.936866 ] ] ], [ [ [ -74.938067, 10.933073 ], [ -74.938203, 10.933423 ], [ -74.93827, 10.933956 ], [ -74.937627, 10.934329 ], [ -74.936786, 10.934249 ], [ -74.936465, 10.934127 ], [ -74.93549, 10.933959 ], [ -74.935139, 10.933525 ], [ -74.934692, 10.932701 ], [ -74.934366, 10.93248 ], [ -74.934497, 10.932312 ], [ -74.93507, 10.931893 ], [ -74.935556, 10.931847 ], [ -74.935556, 10.931756 ], [ -74.935648, 10.931756 ], [ -74.936288, 10.931938 ], [ -74.936695, 10.93244 ], [ -74.937213, 10.9328 ], [ -74.938027, 10.932842 ], [ -74.938067, 10.933073 ] ] ], [ [ [ -74.929148, 10.938357 ], [ -74.929148, 10.938267 ], [ -74.928941, 10.938078 ], [ -74.928866, 10.937148 ], [ -74.929027, 10.936619 ], [ -74.929466, 10.935867 ], [ -74.929747, 10.935421 ], [ -74.929832, 10.935234 ], [ -74.929881, 10.935192 ], [ -74.929921, 10.935424 ], [ -74.930308, 10.935875 ], [ -74.931031, 10.936136 ], [ -74.931202, 10.936238 ], [ -74.931397, 10.936317 ], [ -74.931711, 10.936549 ], [ -74.931757, 10.935967 ], [ -74.932084, 10.936103 ], [ -74.932137, 10.936461 ], [ -74.932077, 10.93682 ], [ -74.932208, 10.936955 ], [ -74.932502, 10.937046 ], [ -74.933203, 10.936809 ], [ -74.932763, 10.937227 ], [ -74.932768, 10.937497 ], [ -74.932659, 10.937588 ], [ -74.932002, 10.937366 ], [ -74.931575, 10.937045 ], [ -74.931382, 10.936957 ], [ -74.931386, 10.937874 ], [ -74.93085, 10.938382 ], [ -74.930751, 10.938589 ], [ -74.931369, 10.938989 ], [ -74.931566, 10.939392 ], [ -74.932123, 10.94003 ], [ -74.932213, 10.940215 ], [ -74.932016, 10.940211 ], [ -74.931351, 10.939986 ], [ -74.93066, 10.939064 ], [ -74.930178, 10.938751 ], [ -74.929514, 10.938538 ], [ -74.929514, 10.938629 ], [ -74.929423, 10.938629 ], [ -74.929423, 10.938538 ], [ -74.929301, 10.938477 ], [ -74.92924, 10.938357 ], [ -74.929148, 10.938357 ] ] ], [ [ [ -74.918859, 10.934936 ], [ -74.919082, 10.935212 ], [ -74.919439, 10.935256 ], [ -74.919133, 10.934741 ], [ -74.919274, 10.934335 ], [ -74.919752, 10.934593 ], [ -74.919669, 10.935253 ], [ -74.920477, 10.935153 ], [ -74.921113, 10.935656 ], [ -74.92149, 10.935702 ], [ -74.92165, 10.935433 ], [ -74.921421, 10.934434 ], [ -74.921516, 10.933884 ], [ -74.922134, 10.933975 ], [ -74.922509, 10.934246 ], [ -74.922977, 10.934417 ], [ -74.923292, 10.934557 ], [ -74.923493, 10.934069 ], [ -74.923933, 10.934015 ], [ -74.924522, 10.934195 ], [ -74.925827, 10.934896 ], [ -74.92579, 10.935496 ], [ -74.925994, 10.935867 ], [ -74.926037, 10.936005 ], [ -74.926444, 10.935684 ], [ -74.926789, 10.935476 ], [ -74.927152, 10.935521 ], [ -74.927268, 10.935765 ], [ -74.926644, 10.936024 ], [ -74.926342, 10.936397 ], [ -74.925879, 10.936763 ], [ -74.925722, 10.936607 ], [ -74.925996, 10.936236 ], [ -74.926037, 10.936095 ], [ -74.925405, 10.936533 ], [ -74.925537, 10.936772 ], [ -74.925529, 10.936902 ], [ -74.924989, 10.937379 ], [ -74.924394, 10.938387 ], [ -74.924267, 10.93914 ], [ -74.924206, 10.93926 ], [ -74.924175, 10.939682 ], [ -74.924114, 10.939803 ], [ -74.924152, 10.940128 ], [ -74.924297, 10.940346 ], [ -74.924175, 10.940406 ], [ -74.924023, 10.940436 ], [ -74.923274, 10.94048 ], [ -74.922823, 10.940851 ], [ -74.922699, 10.941932 ], [ -74.922584, 10.942236 ], [ -74.922626, 10.942647 ], [ -74.922442, 10.943266 ], [ -74.922242, 10.943379 ], [ -74.921276, 10.94342 ], [ -74.921394, 10.942785 ], [ -74.921787, 10.942112 ], [ -74.922548, 10.941572 ], [ -74.922782, 10.940726 ], [ -74.922608, 10.939031 ], [ -74.921872, 10.938611 ], [ -74.921016, 10.938022 ], [ -74.920771, 10.93768 ], [ -74.920487, 10.93705 ], [ -74.92004, 10.936538 ], [ -74.91968, 10.936407 ], [ -74.918926, 10.936183 ], [ -74.918123, 10.935499 ], [ -74.918075, 10.934827 ], [ -74.918136, 10.934706 ], [ -74.918167, 10.934466 ], [ -74.91842, 10.934154 ], [ -74.91861, 10.934352 ], [ -74.918859, 10.934936 ] ] ], [ [ [ -74.925685, 10.941593 ], [ -74.925761, 10.941703 ], [ -74.926, 10.941768 ], [ -74.926465, 10.942109 ], [ -74.927042, 10.942155 ], [ -74.927363, 10.941974 ], [ -74.92745, 10.941021 ], [ -74.927888, 10.940006 ], [ -74.927816, 10.939307 ], [ -74.927834, 10.939135 ], [ -74.928141, 10.93908 ], [ -74.928061, 10.939714 ], [ -74.92824, 10.940015 ], [ -74.928803, 10.940353 ], [ -74.928456, 10.94111 ], [ -74.928375, 10.941392 ], [ -74.927724, 10.942738 ], [ -74.927683, 10.942879 ], [ -74.927591, 10.942879 ], [ -74.927591, 10.942969 ], [ -74.9275, 10.942969 ], [ -74.9275, 10.94306 ], [ -74.927347, 10.943361 ], [ -74.927317, 10.943602 ], [ -74.926361, 10.943142 ], [ -74.925729, 10.942982 ], [ -74.92547, 10.942804 ], [ -74.925395, 10.942697 ], [ -74.925244, 10.942659 ], [ -74.924992, 10.942276 ], [ -74.925071, 10.941995 ], [ -74.925291, 10.94168 ], [ -74.925685, 10.941593 ] ] ], [ [ [ -74.898198, 10.829694 ], [ -74.898195, 10.829713 ], [ -74.898173, 10.829722 ], [ -74.898198, 10.829694 ] ] ], [ [ [ -74.917052, 10.848328 ], [ -74.91665, 10.848269 ], [ -74.915906, 10.848483 ], [ -74.914887, 10.848127 ], [ -74.914496, 10.847437 ], [ -74.914189, 10.847392 ], [ -74.913333, 10.847588 ], [ -74.913028, 10.847047 ], [ -74.912976, 10.847008 ], [ -74.911787, 10.846917 ], [ -74.910454, 10.846988 ], [ -74.908896, 10.846326 ], [ -74.908557, 10.846333 ], [ -74.907808, 10.846781 ], [ -74.907515, 10.84687 ], [ -74.906788, 10.846685 ], [ -74.906132, 10.846698 ], [ -74.905432, 10.847417 ], [ -74.904885, 10.847406 ], [ -74.904322, 10.847828 ], [ -74.904342, 10.8469 ], [ -74.904149, 10.846343 ], [ -74.904697, 10.846238 ], [ -74.904794, 10.846041 ], [ -74.904775, 10.845118 ], [ -74.904888, 10.844575 ], [ -74.905066, 10.844062 ], [ -74.906089, 10.843726 ], [ -74.906532, 10.843429 ], [ -74.906767, 10.842715 ], [ -74.906162, 10.841533 ], [ -74.905801, 10.841005 ], [ -74.90626, 10.840443 ], [ -74.906252, 10.840082 ], [ -74.905496, 10.839591 ], [ -74.90562, 10.839354 ], [ -74.905605, 10.83866 ], [ -74.905774, 10.838175 ], [ -74.905394, 10.837737 ], [ -74.905066, 10.838107 ], [ -74.905276, 10.838511 ], [ -74.905063, 10.838821 ], [ -74.905199, 10.839212 ], [ -74.904079, 10.83907 ], [ -74.903876, 10.839263 ], [ -74.904826, 10.839378 ], [ -74.905204, 10.839882 ], [ -74.905783, 10.840222 ], [ -74.905147, 10.841372 ], [ -74.905159, 10.841959 ], [ -74.905475, 10.842393 ], [ -74.905184, 10.842592 ], [ -74.905475, 10.843026 ], [ -74.905167, 10.843379 ], [ -74.904284, 10.843882 ], [ -74.903602, 10.845155 ], [ -74.903412, 10.845419 ], [ -74.903122, 10.846503 ], [ -74.90315, 10.846848 ], [ -74.903684, 10.847084 ], [ -74.903777, 10.84765 ], [ -74.903355, 10.847836 ], [ -74.903277, 10.84809 ], [ -74.90322, 10.84804 ], [ -74.902841, 10.846677 ], [ -74.902546, 10.846372 ], [ -74.902465, 10.846498 ], [ -74.902053, 10.846381 ], [ -74.902124, 10.845955 ], [ -74.90218, 10.845919 ], [ -74.90218, 10.845829 ], [ -74.902072, 10.845755 ], [ -74.901846, 10.845431 ], [ -74.901632, 10.845377 ], [ -74.901456, 10.845125 ], [ -74.901083, 10.844924 ], [ -74.899756, 10.843523 ], [ -74.899403, 10.843052 ], [ -74.899035, 10.84343 ], [ -74.898904, 10.843202 ], [ -74.898557, 10.841985 ], [ -74.898018, 10.842074 ], [ -74.897357, 10.842241 ], [ -74.896813, 10.84198 ], [ -74.896509, 10.841667 ], [ -74.895847, 10.841745 ], [ -74.89537, 10.840898 ], [ -74.895312, 10.840186 ], [ -74.895503, 10.840129 ], [ -74.895609, 10.839998 ], [ -74.896232, 10.840123 ], [ -74.896696, 10.840317 ], [ -74.897109, 10.840803 ], [ -74.897438, 10.841339 ], [ -74.898116, 10.841436 ], [ -74.898862, 10.841604 ], [ -74.899638, 10.840924 ], [ -74.900551, 10.840685 ], [ -74.900966, 10.839647 ], [ -74.900759, 10.839367 ], [ -74.900467, 10.838856 ], [ -74.900129, 10.838814 ], [ -74.900078, 10.838774 ], [ -74.89977, 10.838726 ], [ -74.899585, 10.838444 ], [ -74.89953, 10.838231 ], [ -74.899335, 10.838321 ], [ -74.899224, 10.838029 ], [ -74.899347, 10.83796 ], [ -74.899384, 10.837671 ], [ -74.89953, 10.837598 ], [ -74.899724, 10.837375 ], [ -74.900413, 10.837474 ], [ -74.901371, 10.838002 ], [ -74.901535, 10.837896 ], [ -74.901854, 10.836843 ], [ -74.901669, 10.836433 ], [ -74.900872, 10.835941 ], [ -74.900537, 10.83588 ], [ -74.899925, 10.836052 ], [ -74.899287, 10.835669 ], [ -74.899165, 10.835518 ], [ -74.899073, 10.835518 ], [ -74.899073, 10.835427 ], [ -74.898928, 10.83539 ], [ -74.898707, 10.835246 ], [ -74.898242, 10.834986 ], [ -74.896271, 10.834452 ], [ -74.895054, 10.834264 ], [ -74.894806, 10.834397 ], [ -74.894651, 10.834943 ], [ -74.894499, 10.835245 ], [ -74.894092, 10.835793 ], [ -74.894358, 10.83651 ], [ -74.89425, 10.836804 ], [ -74.893627, 10.836972 ], [ -74.893014, 10.836923 ], [ -74.895257, 10.833036 ], [ -74.896683, 10.831415 ], [ -74.897343, 10.831955 ], [ -74.898233, 10.832216 ], [ -74.899575, 10.832022 ], [ -74.900126, 10.831583 ], [ -74.900649, 10.8312 ], [ -74.900805, 10.829786 ], [ -74.901144, 10.829135 ], [ -74.901698, 10.828958 ], [ -74.902079, 10.828764 ], [ -74.902231, 10.828587 ], [ -74.902046, 10.828052 ], [ -74.9007, 10.827527 ], [ -74.900123, 10.827506 ], [ -74.901213, 10.826268 ], [ -74.904732, 10.823831 ], [ -74.907981, 10.823019 ], [ -74.913125, 10.821395 ], [ -74.915832, 10.821124 ], [ -74.920434, 10.823561 ], [ -74.923954, 10.826538 ], [ -74.929097, 10.828163 ], [ -74.931311, 10.829392 ], [ -74.930677, 10.829312 ], [ -74.930223, 10.829143 ], [ -74.930028, 10.829588 ], [ -74.929411, 10.829852 ], [ -74.929315, 10.830692 ], [ -74.929032, 10.830774 ], [ -74.928713, 10.830955 ], [ -74.928408, 10.830845 ], [ -74.928363, 10.830408 ], [ -74.928484, 10.829869 ], [ -74.928584, 10.829516 ], [ -74.928695, 10.828655 ], [ -74.928808, 10.828562 ], [ -74.92832, 10.828001 ], [ -74.928077, 10.827929 ], [ -74.927388, 10.828695 ], [ -74.926933, 10.829271 ], [ -74.926698, 10.830761 ], [ -74.926886, 10.831184 ], [ -74.927445, 10.831627 ], [ -74.927527, 10.831727 ], [ -74.927449, 10.832166 ], [ -74.926846, 10.832667 ], [ -74.926047, 10.833023 ], [ -74.925353, 10.833143 ], [ -74.925554, 10.83402 ], [ -74.925461, 10.834664 ], [ -74.92476, 10.835506 ], [ -74.923998, 10.836108 ], [ -74.923588, 10.836018 ], [ -74.923277, 10.835836 ], [ -74.92286, 10.835796 ], [ -74.922712, 10.835938 ], [ -74.922426, 10.836537 ], [ -74.921714, 10.837648 ], [ -74.921291, 10.838641 ], [ -74.920812, 10.83866 ], [ -74.920528, 10.8381 ], [ -74.919427, 10.838013 ], [ -74.918115, 10.837741 ], [ -74.917166, 10.8379 ], [ -74.916608, 10.83828 ], [ -74.916322, 10.838155 ], [ -74.916201, 10.837028 ], [ -74.915724, 10.836427 ], [ -74.915239, 10.836732 ], [ -74.914443, 10.836969 ], [ -74.914302, 10.837283 ], [ -74.914217, 10.837832 ], [ -74.913936, 10.838187 ], [ -74.91368, 10.838591 ], [ -74.912745, 10.839001 ], [ -74.912746, 10.838626 ], [ -74.913471, 10.83801 ], [ -74.913521, 10.837391 ], [ -74.913028, 10.836971 ], [ -74.913125, 10.836394 ], [ -74.913978, 10.83541 ], [ -74.914358, 10.834518 ], [ -74.914504, 10.833991 ], [ -74.914453, 10.833358 ], [ -74.914852, 10.833182 ], [ -74.914584, 10.833032 ], [ -74.914169, 10.83299 ], [ -74.914025, 10.832681 ], [ -74.913896, 10.832048 ], [ -74.913567, 10.832123 ], [ -74.913485, 10.832335 ], [ -74.913255, 10.831904 ], [ -74.913361, 10.831778 ], [ -74.91422, 10.831683 ], [ -74.914303, 10.831471 ], [ -74.914041, 10.831257 ], [ -74.913716, 10.83114 ], [ -74.913396, 10.831321 ], [ -74.913102, 10.831447 ], [ -74.912347, 10.831371 ], [ -74.912027, 10.831552 ], [ -74.911882, 10.831723 ], [ -74.912518, 10.831505 ], [ -74.912889, 10.831904 ], [ -74.912765, 10.832231 ], [ -74.912882, 10.833372 ], [ -74.913298, 10.833626 ], [ -74.913895, 10.833533 ], [ -74.913754, 10.834027 ], [ -74.913639, 10.834648 ], [ -74.913326, 10.835202 ], [ -74.91309, 10.835402 ], [ -74.912773, 10.835377 ], [ -74.912908, 10.833718 ], [ -74.912725, 10.833561 ], [ -74.912354, 10.833591 ], [ -74.912159, 10.833815 ], [ -74.912209, 10.834437 ], [ -74.912185, 10.834731 ], [ -74.911649, 10.835111 ], [ -74.911565, 10.835282 ], [ -74.91193, 10.835744 ], [ -74.912235, 10.836267 ], [ -74.912444, 10.836954 ], [ -74.912379, 10.837755 ], [ -74.912016, 10.837727 ], [ -74.911214, 10.83707 ], [ -74.910712, 10.83711 ], [ -74.910743, 10.837489 ], [ -74.91111, 10.837802 ], [ -74.911648, 10.83849 ], [ -74.911282, 10.839 ], [ -74.911154, 10.839283 ], [ -74.911207, 10.839934 ], [ -74.912021, 10.840176 ], [ -74.912704, 10.840461 ], [ -74.913282, 10.84078 ], [ -74.914232, 10.8409 ], [ -74.915265, 10.840678 ], [ -74.915305, 10.840729 ], [ -74.915752, 10.840993 ], [ -74.915082, 10.841492 ], [ -74.915028, 10.84171 ], [ -74.914953, 10.842274 ], [ -74.915081, 10.842577 ], [ -74.915436, 10.842703 ], [ -74.916611, 10.842802 ], [ -74.917113, 10.843072 ], [ -74.917526, 10.843163 ], [ -74.917785, 10.842604 ], [ -74.91813, 10.8423 ], [ -74.919314, 10.84237 ], [ -74.919699, 10.841717 ], [ -74.919859, 10.841576 ], [ -74.921944, 10.84207 ], [ -74.922078, 10.8416 ], [ -74.921029, 10.841222 ], [ -74.920985, 10.840723 ], [ -74.920884, 10.839954 ], [ -74.921002, 10.839463 ], [ -74.921241, 10.839454 ], [ -74.923177, 10.840285 ], [ -74.923927, 10.840889 ], [ -74.924745, 10.841271 ], [ -74.925858, 10.842772 ], [ -74.926187, 10.84247 ], [ -74.926952, 10.84144 ], [ -74.928758, 10.840502 ], [ -74.928577, 10.840216 ], [ -74.927629, 10.840037 ], [ -74.927029, 10.839654 ], [ -74.926841, 10.839123 ], [ -74.927155, 10.838918 ], [ -74.928165, 10.838872 ], [ -74.928335, 10.838564 ], [ -74.928589, 10.838639 ], [ -74.928531, 10.838872 ], [ -74.928694, 10.838823 ], [ -74.929307, 10.837468 ], [ -74.929495, 10.837125 ], [ -74.929953, 10.836479 ], [ -74.930448, 10.835638 ], [ -74.930706, 10.835273 ], [ -74.931297, 10.834902 ], [ -74.93205, 10.834761 ], [ -74.932878, 10.835475 ], [ -74.933399, 10.836315 ], [ -74.933938, 10.836791 ], [ -74.934916, 10.836733 ], [ -74.935916, 10.836469 ], [ -74.937409, 10.835667 ], [ -74.937999, 10.836028 ], [ -74.938138, 10.836071 ], [ -74.938138, 10.836161 ], [ -74.937208, 10.836804 ], [ -74.936082, 10.837294 ], [ -74.935942, 10.837336 ], [ -74.935851, 10.837336 ], [ -74.935811, 10.837388 ], [ -74.935525, 10.837557 ], [ -74.935164, 10.837821 ], [ -74.935119, 10.837879 ], [ -74.935027, 10.837879 ], [ -74.934844, 10.83815 ], [ -74.934722, 10.838211 ], [ -74.934234, 10.839174 ], [ -74.934203, 10.839778 ], [ -74.934203, 10.840773 ], [ -74.934325, 10.840834 ], [ -74.934264, 10.841014 ], [ -74.93402, 10.841135 ], [ -74.93402, 10.841225 ], [ -74.933929, 10.841225 ], [ -74.933779, 10.841439 ], [ -74.933563, 10.841587 ], [ -74.933563, 10.841677 ], [ -74.93365, 10.841886 ], [ -74.933168, 10.84198 ], [ -74.933014, 10.841767 ], [ -74.932922, 10.841767 ], [ -74.932516, 10.841446 ], [ -74.932007, 10.841405 ], [ -74.931756, 10.841428 ], [ -74.931299, 10.841878 ], [ -74.931275, 10.842038 ], [ -74.931184, 10.842038 ], [ -74.931184, 10.842219 ], [ -74.931092, 10.842219 ], [ -74.931052, 10.842451 ], [ -74.930034, 10.844972 ], [ -74.929994, 10.845204 ], [ -74.929849, 10.845332 ], [ -74.92894, 10.846874 ], [ -74.927861, 10.847015 ], [ -74.926517, 10.846921 ], [ -74.926188, 10.846958 ], [ -74.925968, 10.847011 ], [ -74.925509, 10.847058 ], [ -74.924864, 10.847456 ], [ -74.924387, 10.847666 ], [ -74.923772, 10.848187 ], [ -74.923772, 10.848277 ], [ -74.923557, 10.848331 ], [ -74.923406, 10.848548 ], [ -74.923314, 10.848548 ], [ -74.92321, 10.848667 ], [ -74.922906, 10.848778 ], [ -74.922308, 10.84891 ], [ -74.922216, 10.84891 ], [ -74.922185, 10.84897 ], [ -74.921881, 10.849121 ], [ -74.92185, 10.849181 ], [ -74.921576, 10.849181 ], [ -74.921576, 10.849271 ], [ -74.921484, 10.849271 ], [ -74.921444, 10.84922 ], [ -74.921118, 10.84909 ], [ -74.921027, 10.84909 ], [ -74.920653, 10.848922 ], [ -74.918926, 10.848639 ], [ -74.918131, 10.848948 ], [ -74.917671, 10.848847 ], [ -74.917052, 10.848328 ] ], [ [ -74.91099, 10.833401 ], [ -74.910768, 10.833392 ], [ -74.910048, 10.833937 ], [ -74.909639, 10.83385 ], [ -74.90953, 10.833397 ], [ -74.909273, 10.833484 ], [ -74.908676, 10.833936 ], [ -74.908094, 10.833777 ], [ -74.908639, 10.832496 ], [ -74.908906, 10.832486 ], [ -74.909309, 10.832761 ], [ -74.90946, 10.832674 ], [ -74.909673, 10.832131 ], [ -74.909917, 10.832218 ], [ -74.910675, 10.832852 ], [ -74.911015, 10.832765 ], [ -74.911469, 10.83249 ], [ -74.911655, 10.832403 ], [ -74.911638, 10.83196 ], [ -74.911791, 10.831814 ], [ -74.911426, 10.831858 ], [ -74.911048, 10.832082 ], [ -74.910586, 10.831895 ], [ -74.91051, 10.831451 ], [ -74.910107, 10.831143 ], [ -74.910039, 10.830688 ], [ -74.910379, 10.830767 ], [ -74.91055, 10.830869 ], [ -74.910876, 10.830999 ], [ -74.911114, 10.830782 ], [ -74.911447, 10.830427 ], [ -74.911652, 10.83032 ], [ -74.91211, 10.830177 ], [ -74.911963, 10.829963 ], [ -74.911746, 10.829954 ], [ -74.910651, 10.829997 ], [ -74.910636, 10.829618 ], [ -74.910921, 10.829234 ], [ -74.911195, 10.828983 ], [ -74.910807, 10.828695 ], [ -74.910606, 10.828804 ], [ -74.909948, 10.829505 ], [ -74.909699, 10.829332 ], [ -74.909742, 10.828253 ], [ -74.909274, 10.828235 ], [ -74.909278, 10.828342 ], [ -74.90882, 10.829197 ], [ -74.908908, 10.83078 ], [ -74.909457, 10.831036 ], [ -74.909356, 10.83115 ], [ -74.908652, 10.831122 ], [ -74.908362, 10.831388 ], [ -74.90824, 10.832018 ], [ -74.907825, 10.831824 ], [ -74.907702, 10.831241 ], [ -74.908179, 10.830684 ], [ -74.908267, 10.830499 ], [ -74.908542, 10.830105 ], [ -74.908386, 10.828875 ], [ -74.908359, 10.828962 ], [ -74.908114, 10.830479 ], [ -74.907812, 10.830684 ], [ -74.907176, 10.830519 ], [ -74.90715, 10.831158 ], [ -74.907509, 10.831674 ], [ -74.907627, 10.83204 ], [ -74.908084, 10.832184 ], [ -74.907967, 10.832713 ], [ -74.907711, 10.832948 ], [ -74.907732, 10.833477 ], [ -74.907355, 10.834181 ], [ -74.907443, 10.834392 ], [ -74.907884, 10.834674 ], [ -74.907098, 10.834919 ], [ -74.906212, 10.835383 ], [ -74.905831, 10.83524 ], [ -74.906187, 10.834494 ], [ -74.906771, 10.834357 ], [ -74.906985, 10.833957 ], [ -74.907009, 10.833366 ], [ -74.906712, 10.832402 ], [ -74.906559, 10.83177 ], [ -74.906438, 10.831765 ], [ -74.906093, 10.831945 ], [ -74.905916, 10.831952 ], [ -74.904992, 10.83152 ], [ -74.904809, 10.831179 ], [ -74.905157, 10.829667 ], [ -74.904657, 10.829699 ], [ -74.904364, 10.830613 ], [ -74.903974, 10.830347 ], [ -74.903964, 10.830595 ], [ -74.904162, 10.830965 ], [ -74.904333, 10.831677 ], [ -74.904646, 10.832128 ], [ -74.905292, 10.833264 ], [ -74.905525, 10.83392 ], [ -74.905631, 10.836567 ], [ -74.905962, 10.83692 ], [ -74.906221, 10.836809 ], [ -74.906798, 10.836193 ], [ -74.907036, 10.835976 ], [ -74.907842, 10.835116 ], [ -74.909143, 10.835022 ], [ -74.909348, 10.834592 ], [ -74.910454, 10.834549 ], [ -74.911174, 10.834698 ], [ -74.911318, 10.834428 ], [ -74.911102, 10.834212 ], [ -74.91099, 10.833401 ] ], [ [ -74.915892, 10.826043 ], [ -74.916103, 10.826449 ], [ -74.91529, 10.826794 ], [ -74.915041, 10.826514 ], [ -74.915317, 10.826252 ], [ -74.914948, 10.826163 ], [ -74.914675, 10.825973 ], [ -74.915097, 10.825358 ], [ -74.91485, 10.824883 ], [ -74.914179, 10.824246 ], [ -74.912275, 10.823257 ], [ -74.911732, 10.823268 ], [ -74.911754, 10.824351 ], [ -74.91193, 10.82417 ], [ -74.91203, 10.824173 ], [ -74.912012, 10.825064 ], [ -74.911191, 10.825986 ], [ -74.910954, 10.826468 ], [ -74.91045, 10.826709 ], [ -74.910004, 10.8267 ], [ -74.909674, 10.825719 ], [ -74.910226, 10.825612 ], [ -74.911075, 10.825325 ], [ -74.911519, 10.824759 ], [ -74.911243, 10.82481 ], [ -74.910743, 10.825078 ], [ -74.910472, 10.825201 ], [ -74.909824, 10.825163 ], [ -74.909525, 10.825269 ], [ -74.909356, 10.825456 ], [ -74.909374, 10.825754 ], [ -74.909645, 10.826248 ], [ -74.909732, 10.826635 ], [ -74.909365, 10.827153 ], [ -74.909279, 10.827453 ], [ -74.910308, 10.827318 ], [ -74.911261, 10.826904 ], [ -74.911382, 10.826138 ], [ -74.9116, 10.825741 ], [ -74.912098, 10.825621 ], [ -74.913041, 10.825897 ], [ -74.913424, 10.825875 ], [ -74.913284, 10.825488 ], [ -74.912751, 10.824807 ], [ -74.912573, 10.824536 ], [ -74.912736, 10.824355 ], [ -74.913454, 10.824905 ], [ -74.913914, 10.824878 ], [ -74.914123, 10.825364 ], [ -74.913889, 10.825571 ], [ -74.914055, 10.826029 ], [ -74.914448, 10.826586 ], [ -74.915098, 10.826736 ], [ -74.915435, 10.827602 ], [ -74.916024, 10.827697 ], [ -74.916861, 10.827353 ], [ -74.916974, 10.827229 ], [ -74.916954, 10.826902 ], [ -74.916262, 10.826467 ], [ -74.916598, 10.825713 ], [ -74.916691, 10.825321 ], [ -74.91709, 10.824594 ], [ -74.917689, 10.823581 ], [ -74.91774, 10.823314 ], [ -74.91763, 10.823239 ], [ -74.917374, 10.822862 ], [ -74.917167, 10.822928 ], [ -74.916328, 10.824096 ], [ -74.916213, 10.825261 ], [ -74.915892, 10.826043 ] ] ], [ [ [ -74.894869, 10.837195 ], [ -74.895281, 10.837275 ], [ -74.895545, 10.837376 ], [ -74.89587, 10.837416 ], [ -74.895914, 10.837464 ], [ -74.897138, 10.837653 ], [ -74.898747, 10.838079 ], [ -74.898798, 10.838774 ], [ -74.899069, 10.838597 ], [ -74.899351, 10.838659 ], [ -74.899255, 10.839045 ], [ -74.899255, 10.839226 ], [ -74.899483, 10.839171 ], [ -74.899709, 10.839221 ], [ -74.899641, 10.83952 ], [ -74.899346, 10.839678 ], [ -74.899299, 10.840258 ], [ -74.898963, 10.8405 ], [ -74.898401, 10.840341 ], [ -74.897553, 10.839671 ], [ -74.897024, 10.83947 ], [ -74.896693, 10.839429 ], [ -74.896235, 10.839485 ], [ -74.895115, 10.839346 ], [ -74.895006, 10.838722 ], [ -74.894732, 10.837836 ], [ -74.894869, 10.837195 ] ] ], [ [ [ -74.892838, 10.841361 ], [ -74.893576, 10.841692 ], [ -74.894163, 10.841448 ], [ -74.894289, 10.84153 ], [ -74.893946, 10.842021 ], [ -74.893453, 10.842172 ], [ -74.893124, 10.842208 ], [ -74.893295, 10.842404 ], [ -74.893806, 10.842522 ], [ -74.894885, 10.842049 ], [ -74.895728, 10.84271 ], [ -74.896192, 10.842884 ], [ -74.896234, 10.842933 ], [ -74.896826, 10.842994 ], [ -74.896705, 10.84323 ], [ -74.895685, 10.843385 ], [ -74.894994, 10.843345 ], [ -74.894519, 10.843068 ], [ -74.893678, 10.84283 ], [ -74.893017, 10.842911 ], [ -74.8929, 10.843113 ], [ -74.893306, 10.843656 ], [ -74.893984, 10.84374 ], [ -74.894445, 10.844016 ], [ -74.894319, 10.844235 ], [ -74.893563, 10.844809 ], [ -74.893763, 10.845679 ], [ -74.893579, 10.845702 ], [ -74.893268, 10.845572 ], [ -74.892941, 10.845023 ], [ -74.892274, 10.843358 ], [ -74.892172, 10.842547 ], [ -74.892545, 10.842088 ], [ -74.892758, 10.842027 ], [ -74.892699, 10.841943 ], [ -74.892263, 10.841782 ], [ -74.892354, 10.841468 ], [ -74.892838, 10.841361 ] ] ], [ [ [ -74.901515, 10.855948 ], [ -74.901314, 10.856281 ], [ -74.901262, 10.85632 ], [ -74.901331, 10.855666 ], [ -74.901629, 10.853697 ], [ -74.901863, 10.853567 ], [ -74.902406, 10.853115 ], [ -74.90314, 10.853021 ], [ -74.903492, 10.852899 ], [ -74.903654, 10.850238 ], [ -74.903413, 10.848951 ], [ -74.903369, 10.848633 ], [ -74.903705, 10.848761 ], [ -74.904485, 10.848665 ], [ -74.905073, 10.848324 ], [ -74.90588, 10.848684 ], [ -74.906294, 10.848765 ], [ -74.906801, 10.848398 ], [ -74.907194, 10.847712 ], [ -74.907763, 10.84759 ], [ -74.908199, 10.847337 ], [ -74.908884, 10.847531 ], [ -74.908991, 10.84815 ], [ -74.908814, 10.848953 ], [ -74.908748, 10.850587 ], [ -74.909016, 10.851375 ], [ -74.910969, 10.8513 ], [ -74.911125, 10.850972 ], [ -74.911306, 10.850409 ], [ -74.911189, 10.849858 ], [ -74.911145, 10.849449 ], [ -74.911064, 10.849252 ], [ -74.911234, 10.848815 ], [ -74.911814, 10.84844 ], [ -74.912518, 10.848301 ], [ -74.912976, 10.848391 ], [ -74.913661, 10.848257 ], [ -74.914317, 10.848428 ], [ -74.914792, 10.848974 ], [ -74.91495, 10.849488 ], [ -74.914988, 10.849812 ], [ -74.915079, 10.849812 ], [ -74.915122, 10.849951 ], [ -74.915249, 10.850177 ], [ -74.916448, 10.850627 ], [ -74.917527, 10.85079 ], [ -74.917477, 10.851412 ], [ -74.91769, 10.852116 ], [ -74.917732, 10.853069 ], [ -74.917312, 10.853032 ], [ -74.915838, 10.85267 ], [ -74.915024, 10.852743 ], [ -74.914767, 10.852941 ], [ -74.91453, 10.853068 ], [ -74.914408, 10.852917 ], [ -74.913767, 10.852736 ], [ -74.91308, 10.852304 ], [ -74.912294, 10.852393 ], [ -74.911928, 10.852683 ], [ -74.911825, 10.853266 ], [ -74.911514, 10.85365 ], [ -74.910965, 10.853564 ], [ -74.910462, 10.853354 ], [ -74.910127, 10.852941 ], [ -74.90962, 10.852574 ], [ -74.909138, 10.852856 ], [ -74.908734, 10.853353 ], [ -74.908073, 10.853434 ], [ -74.907434, 10.853297 ], [ -74.906605, 10.853063 ], [ -74.905705, 10.853206 ], [ -74.905289, 10.853246 ], [ -74.905289, 10.853337 ], [ -74.905045, 10.853367 ], [ -74.904657, 10.853714 ], [ -74.904797, 10.853997 ], [ -74.905238, 10.854243 ], [ -74.905288, 10.855236 ], [ -74.905197, 10.855236 ], [ -74.905197, 10.855326 ], [ -74.904959, 10.855454 ], [ -74.904464, 10.855778 ], [ -74.904373, 10.855778 ], [ -74.90429, 10.855897 ], [ -74.903969, 10.856103 ], [ -74.903824, 10.85614 ], [ -74.903732, 10.85632 ], [ -74.903428, 10.856472 ], [ -74.903366, 10.856592 ], [ -74.903245, 10.856653 ], [ -74.903183, 10.856773 ], [ -74.903031, 10.856803 ], [ -74.902786, 10.856923 ], [ -74.902543, 10.856953 ], [ -74.902437, 10.856704 ], [ -74.902624, 10.856106 ], [ -74.902543, 10.855778 ], [ -74.902452, 10.855778 ], [ -74.902452, 10.855687 ], [ -74.902086, 10.855687 ], [ -74.902086, 10.855868 ], [ -74.901994, 10.855868 ], [ -74.901515, 10.855948 ] ] ], [ [ [ -74.914542, 10.914959 ], [ -74.914591, 10.914575 ], [ -74.914333, 10.914256 ], [ -74.913912, 10.914336 ], [ -74.913258, 10.91491 ], [ -74.913001, 10.914878 ], [ -74.912275, 10.915041 ], [ -74.912408, 10.914479 ], [ -74.912997, 10.913974 ], [ -74.913679, 10.913876 ], [ -74.913831, 10.91308 ], [ -74.913974, 10.912115 ], [ -74.914279, 10.911895 ], [ -74.916211, 10.911815 ], [ -74.916798, 10.911649 ], [ -74.917126, 10.912054 ], [ -74.917398, 10.912087 ], [ -74.917877, 10.911906 ], [ -74.917855, 10.912114 ], [ -74.917252, 10.912929 ], [ -74.918396, 10.913986 ], [ -74.918905, 10.914388 ], [ -74.918781, 10.914525 ], [ -74.917708, 10.914649 ], [ -74.917234, 10.914864 ], [ -74.91675, 10.915446 ], [ -74.916189, 10.916437 ], [ -74.915793, 10.916558 ], [ -74.914328, 10.916467 ], [ -74.914328, 10.916557 ], [ -74.914054, 10.916557 ], [ -74.914054, 10.916648 ], [ -74.914409, 10.916748 ], [ -74.914785, 10.917212 ], [ -74.91546, 10.917681 ], [ -74.915741, 10.918155 ], [ -74.915635, 10.918497 ], [ -74.914921, 10.918405 ], [ -74.914326, 10.91791 ], [ -74.913852, 10.918107 ], [ -74.91368, 10.918396 ], [ -74.913941, 10.918505 ], [ -74.913815, 10.91922 ], [ -74.913521, 10.919132 ], [ -74.913321, 10.918908 ], [ -74.913397, 10.918176 ], [ -74.91368, 10.917249 ], [ -74.913962, 10.916648 ], [ -74.913385, 10.916602 ], [ -74.91331, 10.91601 ], [ -74.913515, 10.915301 ], [ -74.914044, 10.9151 ], [ -74.914542, 10.914959 ] ] ], [ [ [ -74.888839, 10.915325 ], [ -74.889128, 10.914923 ], [ -74.889438, 10.914831 ], [ -74.889232, 10.915288 ], [ -74.888937, 10.916055 ], [ -74.888528, 10.91694 ], [ -74.887972, 10.917905 ], [ -74.887309, 10.917602 ], [ -74.885394, 10.916812 ], [ -74.885319, 10.916729 ], [ -74.885917, 10.916597 ], [ -74.886202, 10.91644 ], [ -74.886183, 10.916212 ], [ -74.885366, 10.915706 ], [ -74.885277, 10.915419 ], [ -74.886718, 10.915326 ], [ -74.88747, 10.915014 ], [ -74.887565, 10.916046 ], [ -74.888636, 10.915855 ], [ -74.888839, 10.915325 ] ] ], [ [ [ -74.849726, 10.92161 ], [ -74.849213, 10.921731 ], [ -74.848694, 10.92191 ], [ -74.847972, 10.921891 ], [ -74.847131, 10.922449 ], [ -74.846344, 10.922479 ], [ -74.845739, 10.922196 ], [ -74.845869, 10.920976 ], [ -74.846288, 10.920528 ], [ -74.848718, 10.920625 ], [ -74.848934, 10.920222 ], [ -74.848946, 10.919924 ], [ -74.848908, 10.918949 ], [ -74.849288, 10.918751 ], [ -74.849957, 10.918725 ], [ -74.850581, 10.91892 ], [ -74.850933, 10.919624 ], [ -74.851776, 10.920198 ], [ -74.852579, 10.920645 ], [ -74.852965, 10.920999 ], [ -74.852992, 10.921674 ], [ -74.852785, 10.923039 ], [ -74.852945, 10.923796 ], [ -74.85338, 10.924126 ], [ -74.853791, 10.923997 ], [ -74.854602, 10.923648 ], [ -74.855574, 10.923537 ], [ -74.856139, 10.92356 ], [ -74.856262, 10.923094 ], [ -74.856395, 10.922138 ], [ -74.856661, 10.921465 ], [ -74.857633, 10.920358 ], [ -74.857545, 10.919835 ], [ -74.857179, 10.919152 ], [ -74.857334, 10.918763 ], [ -74.857764, 10.918615 ], [ -74.858162, 10.91898 ], [ -74.858362, 10.92031 ], [ -74.858371, 10.920544 ], [ -74.858094, 10.921196 ], [ -74.857453, 10.921945 ], [ -74.85757, 10.922516 ], [ -74.857999, 10.922368 ], [ -74.85832, 10.922415 ], [ -74.858378, 10.921641 ], [ -74.858731, 10.921102 ], [ -74.85928, 10.920436 ], [ -74.859183, 10.919875 ], [ -74.858827, 10.918868 ], [ -74.858938, 10.91849 ], [ -74.859102, 10.918029 ], [ -74.858645, 10.916991 ], [ -74.858778, 10.916094 ], [ -74.858916, 10.915947 ], [ -74.859536, 10.91538 ], [ -74.859769, 10.91479 ], [ -74.860461, 10.913899 ], [ -74.860945, 10.913028 ], [ -74.861463, 10.912636 ], [ -74.862115, 10.912432 ], [ -74.862237, 10.912205 ], [ -74.862084, 10.911884 ], [ -74.861611, 10.911866 ], [ -74.861068, 10.912137 ], [ -74.860879, 10.911784 ], [ -74.861097, 10.911105 ], [ -74.861548, 10.910314 ], [ -74.862076, 10.909651 ], [ -74.86258, 10.909347 ], [ -74.863463, 10.909228 ], [ -74.864435, 10.908567 ], [ -74.865427, 10.908434 ], [ -74.865786, 10.908266 ], [ -74.866638, 10.907752 ], [ -74.867473, 10.907392 ], [ -74.869174, 10.907258 ], [ -74.869701, 10.906776 ], [ -74.869899, 10.906219 ], [ -74.869031, 10.906398 ], [ -74.866911, 10.906564 ], [ -74.866208, 10.907025 ], [ -74.864453, 10.90752 ], [ -74.864244, 10.907129 ], [ -74.86449, 10.905603 ], [ -74.864802, 10.904632 ], [ -74.865399, 10.903324 ], [ -74.865467, 10.902974 ], [ -74.865467, 10.902883 ], [ -74.865558, 10.902883 ], [ -74.865625, 10.902245 ], [ -74.865883, 10.901394 ], [ -74.865995, 10.900907 ], [ -74.866425, 10.900574 ], [ -74.867136, 10.90007 ], [ -74.867256, 10.899858 ], [ -74.867298, 10.899719 ], [ -74.867441, 10.899648 ], [ -74.867482, 10.899447 ], [ -74.867536, 10.89941 ], [ -74.867751, 10.899037 ], [ -74.868105, 10.898025 ], [ -74.868031, 10.897729 ], [ -74.867988, 10.897229 ], [ -74.867667, 10.89574 ], [ -74.867527, 10.894427 ], [ -74.868068, 10.892743 ], [ -74.868207, 10.891572 ], [ -74.868395, 10.891167 ], [ -74.868619, 10.890761 ], [ -74.868636, 10.89048 ], [ -74.868519, 10.890106 ], [ -74.868309, 10.890042 ], [ -74.868258, 10.890172 ], [ -74.868178, 10.890636 ], [ -74.867986, 10.891116 ], [ -74.8679, 10.892303 ], [ -74.867536, 10.892444 ], [ -74.867302, 10.892483 ], [ -74.867159, 10.892659 ], [ -74.86618, 10.893324 ], [ -74.865832, 10.89389 ], [ -74.865745, 10.894382 ], [ -74.865509, 10.894306 ], [ -74.864829, 10.893807 ], [ -74.864601, 10.893252 ], [ -74.86421, 10.892211 ], [ -74.864054, 10.891893 ], [ -74.863014, 10.890765 ], [ -74.862619, 10.889802 ], [ -74.862317, 10.888929 ], [ -74.862415, 10.888121 ], [ -74.863644, 10.886332 ], [ -74.863736, 10.886332 ], [ -74.863736, 10.886151 ], [ -74.863827, 10.886151 ], [ -74.863827, 10.886061 ], [ -74.864231, 10.885465 ], [ -74.864285, 10.885428 ], [ -74.864326, 10.885227 ], [ -74.864468, 10.885156 ], [ -74.864738, 10.884848 ], [ -74.865751, 10.884768 ], [ -74.866298, 10.884886 ], [ -74.866471, 10.884963 ], [ -74.866852, 10.884846 ], [ -74.866939, 10.884705 ], [ -74.867061, 10.884593 ], [ -74.867166, 10.883889 ], [ -74.866826, 10.882602 ], [ -74.866988, 10.881225 ], [ -74.867085, 10.879632 ], [ -74.867075, 10.879369 ], [ -74.867088, 10.879048 ], [ -74.867616, 10.879069 ], [ -74.867901, 10.87854 ], [ -74.86726, 10.878241 ], [ -74.867173, 10.877939 ], [ -74.867813, 10.877789 ], [ -74.868122, 10.877627 ], [ -74.867988, 10.876482 ], [ -74.867107, 10.875215 ], [ -74.867275, 10.875075 ], [ -74.86841, 10.876442 ], [ -74.869447, 10.87661 ], [ -74.869697, 10.87514 ], [ -74.869462, 10.873987 ], [ -74.869414, 10.873854 ], [ -74.869566, 10.872883 ], [ -74.869763, 10.87205 ], [ -74.870288, 10.870827 ], [ -74.870331, 10.870688 ], [ -74.870379, 10.870646 ], [ -74.870686, 10.870169 ], [ -74.871777, 10.869206 ], [ -74.87243, 10.869007 ], [ -74.872893, 10.869062 ], [ -74.872852, 10.871011 ], [ -74.872801, 10.871413 ], [ -74.872709, 10.871413 ], [ -74.872709, 10.871503 ], [ -74.872041, 10.871641 ], [ -74.871919, 10.871637 ], [ -74.871719, 10.871423 ], [ -74.871761, 10.870387 ], [ -74.871078, 10.870193 ], [ -74.87112, 10.871257 ], [ -74.871385, 10.871638 ], [ -74.871286, 10.87201 ], [ -74.87042, 10.872414 ], [ -74.870286, 10.873046 ], [ -74.87056, 10.873174 ], [ -74.870671, 10.873406 ], [ -74.870831, 10.874095 ], [ -74.870465, 10.874621 ], [ -74.870215, 10.875106 ], [ -74.870407, 10.875282 ], [ -74.872294, 10.875461 ], [ -74.872616, 10.875573 ], [ -74.872524, 10.876025 ], [ -74.872291, 10.87594 ], [ -74.87154, 10.876 ], [ -74.870565, 10.876754 ], [ -74.870696, 10.876971 ], [ -74.871498, 10.87668 ], [ -74.871879, 10.87671 ], [ -74.8722, 10.876888 ], [ -74.872341, 10.87693 ], [ -74.872341, 10.87702 ], [ -74.872109, 10.877785 ], [ -74.871974, 10.878467 ], [ -74.871944, 10.878798 ], [ -74.871608, 10.879462 ], [ -74.871557, 10.879502 ], [ -74.871261, 10.879984 ], [ -74.871052, 10.880705 ], [ -74.871237, 10.881347 ], [ -74.871817, 10.881511 ], [ -74.872304, 10.882196 ], [ -74.872568, 10.882816 ], [ -74.872669, 10.883612 ], [ -74.872894, 10.883791 ], [ -74.873528, 10.883713 ], [ -74.873995, 10.883771 ], [ -74.874209, 10.884035 ], [ -74.87426, 10.884075 ], [ -74.87426, 10.884166 ], [ -74.873297, 10.884752 ], [ -74.872575, 10.885332 ], [ -74.87252, 10.885612 ], [ -74.872846, 10.88553 ], [ -74.873436, 10.885251 ], [ -74.873578, 10.885211 ], [ -74.874354, 10.884908 ], [ -74.875009, 10.884528 ], [ -74.875083, 10.884437 ], [ -74.875418, 10.884407 ], [ -74.875784, 10.884228 ], [ -74.875815, 10.884166 ], [ -74.876529, 10.883765 ], [ -74.877411, 10.883633 ], [ -74.878274, 10.883101 ], [ -74.878424, 10.88229 ], [ -74.87847, 10.881364 ], [ -74.878848, 10.881641 ], [ -74.878968, 10.881216 ], [ -74.87847, 10.880821 ], [ -74.87847, 10.880731 ], [ -74.878379, 10.880731 ], [ -74.878379, 10.88055 ], [ -74.878806, 10.880497 ], [ -74.878767, 10.880182 ], [ -74.87847, 10.880098 ], [ -74.878562, 10.879374 ], [ -74.878654, 10.879374 ], [ -74.879275, 10.879101 ], [ -74.879794, 10.878678 ], [ -74.879189, 10.878303 ], [ -74.879969, 10.87744 ], [ -74.880393, 10.877385 ], [ -74.88063, 10.877513 ], [ -74.881265, 10.877928 ], [ -74.88162, 10.877689 ], [ -74.881491, 10.877386 ], [ -74.881341, 10.876865 ], [ -74.881447, 10.876498 ], [ -74.881894, 10.876554 ], [ -74.881913, 10.876403 ], [ -74.881796, 10.875999 ], [ -74.881574, 10.875724 ], [ -74.880514, 10.875168 ], [ -74.880218, 10.874767 ], [ -74.879896, 10.874012 ], [ -74.879489, 10.873483 ], [ -74.87872, 10.873139 ], [ -74.878382, 10.873043 ], [ -74.877999, 10.872219 ], [ -74.877869, 10.871604 ], [ -74.878413, 10.869908 ], [ -74.879031, 10.868167 ], [ -74.879207, 10.867617 ], [ -74.879299, 10.867617 ], [ -74.879585, 10.867696 ], [ -74.880032, 10.86787 ], [ -74.880292, 10.867832 ], [ -74.880226, 10.867391 ], [ -74.880278, 10.867041 ], [ -74.879963, 10.866619 ], [ -74.879848, 10.866532 ], [ -74.880148, 10.866002 ], [ -74.880443, 10.86522 ], [ -74.881324, 10.863283 ], [ -74.883191, 10.860158 ], [ -74.88383, 10.858981 ], [ -74.884335, 10.858394 ], [ -74.884426, 10.858394 ], [ -74.884475, 10.858437 ], [ -74.885264, 10.858556 ], [ -74.885579, 10.859568 ], [ -74.886442, 10.86033 ], [ -74.887069, 10.860518 ], [ -74.887722, 10.860287 ], [ -74.888146, 10.859962 ], [ -74.888379, 10.859217 ], [ -74.889275, 10.858848 ], [ -74.889367, 10.858848 ], [ -74.889754, 10.859682 ], [ -74.889919, 10.861564 ], [ -74.890328, 10.86255 ], [ -74.890829, 10.863009 ], [ -74.890829, 10.863099 ], [ -74.890977, 10.863134 ], [ -74.891138, 10.863246 ], [ -74.891589, 10.863315 ], [ -74.892277, 10.863091 ], [ -74.892385, 10.862919 ], [ -74.892476, 10.862919 ], [ -74.892836, 10.862434 ], [ -74.893124, 10.86166 ], [ -74.893269, 10.860878 ], [ -74.893518, 10.859978 ], [ -74.893575, 10.859211 ], [ -74.893673, 10.85915 ], [ -74.893794, 10.858775 ], [ -74.89368, 10.858373 ], [ -74.893576, 10.858307 ], [ -74.893576, 10.858217 ], [ -74.893725, 10.857357 ], [ -74.893937, 10.8569 ], [ -74.894309, 10.856225 ], [ -74.894626, 10.854556 ], [ -74.894701, 10.853322 ], [ -74.894489, 10.852192 ], [ -74.893885, 10.851125 ], [ -74.893029, 10.851072 ], [ -74.892698, 10.850335 ], [ -74.892439, 10.850216 ], [ -74.891615, 10.850577 ], [ -74.890664, 10.850776 ], [ -74.889902, 10.851053 ], [ -74.889693, 10.852023 ], [ -74.889412, 10.852378 ], [ -74.889327, 10.85279 ], [ -74.88974, 10.853142 ], [ -74.890375, 10.853332 ], [ -74.890375, 10.853422 ], [ -74.890145, 10.853466 ], [ -74.889246, 10.853776 ], [ -74.88814, 10.853733 ], [ -74.886397, 10.852922 ], [ -74.884306, 10.852138 ], [ -74.883572, 10.85202 ], [ -74.882274, 10.85241 ], [ -74.880622, 10.853309 ], [ -74.879528, 10.853936 ], [ -74.878228, 10.854542 ], [ -74.876658, 10.855537 ], [ -74.876091, 10.856249 ], [ -74.875047, 10.856806 ], [ -74.874535, 10.857194 ], [ -74.873845, 10.858023 ], [ -74.873219, 10.859522 ], [ -74.871988, 10.861721 ], [ -74.871392, 10.863361 ], [ -74.871279, 10.86406 ], [ -74.871301, 10.864622 ], [ -74.871614, 10.86472 ], [ -74.871659, 10.86376 ], [ -74.872359, 10.862755 ], [ -74.873313, 10.861236 ], [ -74.874134, 10.859703 ], [ -74.874635, 10.858655 ], [ -74.875161, 10.858257 ], [ -74.875683, 10.858388 ], [ -74.877145, 10.859238 ], [ -74.877262, 10.859567 ], [ -74.877134, 10.859928 ], [ -74.877178, 10.861058 ], [ -74.877015, 10.861567 ], [ -74.876597, 10.861851 ], [ -74.875695, 10.861973 ], [ -74.875185, 10.862828 ], [ -74.874773, 10.86314 ], [ -74.874634, 10.863184 ], [ -74.874226, 10.863419 ], [ -74.873619, 10.86391 ], [ -74.873677, 10.864886 ], [ -74.873891, 10.865275 ], [ -74.875597, 10.865397 ], [ -74.876211, 10.865505 ], [ -74.876681, 10.865478 ], [ -74.877422, 10.864855 ], [ -74.877696, 10.864823 ], [ -74.877421, 10.865579 ], [ -74.877243, 10.866217 ], [ -74.876993, 10.86681 ], [ -74.876575, 10.867479 ], [ -74.876279, 10.867659 ], [ -74.876342, 10.866613 ], [ -74.876174, 10.866149 ], [ -74.875311, 10.866035 ], [ -74.873616, 10.866332 ], [ -74.873374, 10.866708 ], [ -74.873217, 10.86721 ], [ -74.873016, 10.867688 ], [ -74.872894, 10.867795 ], [ -74.872237, 10.867872 ], [ -74.871552, 10.867831 ], [ -74.870929, 10.867341 ], [ -74.871735, 10.866314 ], [ -74.872023, 10.865817 ], [ -74.871149, 10.866048 ], [ -74.870812, 10.865929 ], [ -74.870845, 10.865395 ], [ -74.870698, 10.865403 ], [ -74.869948, 10.865806 ], [ -74.86936, 10.865937 ], [ -74.869134, 10.865451 ], [ -74.869198, 10.864401 ], [ -74.869869, 10.863641 ], [ -74.869787, 10.862275 ], [ -74.870141, 10.861633 ], [ -74.870378, 10.860783 ], [ -74.870493, 10.860466 ], [ -74.870979, 10.85978 ], [ -74.871317, 10.858697 ], [ -74.871677, 10.857774 ], [ -74.872016, 10.857475 ], [ -74.872947, 10.857262 ], [ -74.873479, 10.856937 ], [ -74.873666, 10.856535 ], [ -74.873766, 10.855886 ], [ -74.873464, 10.85562 ], [ -74.872053, 10.854858 ], [ -74.871539, 10.854624 ], [ -74.871229, 10.854642 ], [ -74.870629, 10.855305 ], [ -74.870314, 10.855983 ], [ -74.87016, 10.857115 ], [ -74.870245, 10.857665 ], [ -74.869847, 10.857419 ], [ -74.869504, 10.857447 ], [ -74.869379, 10.857974 ], [ -74.869909, 10.858608 ], [ -74.86997, 10.85866 ], [ -74.870098, 10.859006 ], [ -74.870178, 10.859984 ], [ -74.869866, 10.860674 ], [ -74.869557, 10.860698 ], [ -74.869463, 10.860691 ], [ -74.868746, 10.861133 ], [ -74.866778, 10.861323 ], [ -74.86615, 10.861112 ], [ -74.865804, 10.860917 ], [ -74.868163, 10.857701 ], [ -74.868407, 10.85755 ], [ -74.869196, 10.856458 ], [ -74.869203, 10.856376 ], [ -74.871162, 10.853882 ], [ -74.872896, 10.852463 ], [ -74.873726, 10.852453 ], [ -74.873514, 10.852254 ], [ -74.873386, 10.852062 ], [ -74.87414, 10.851445 ], [ -74.879825, 10.848467 ], [ -74.883886, 10.847384 ], [ -74.887406, 10.844406 ], [ -74.891196, 10.840075 ], [ -74.891923, 10.838814 ], [ -74.891917, 10.838955 ], [ -74.891668, 10.84023 ], [ -74.891335, 10.841011 ], [ -74.891091, 10.841338 ], [ -74.891386, 10.841575 ], [ -74.89143, 10.841712 ], [ -74.891707, 10.843427 ], [ -74.892056, 10.846513 ], [ -74.892174, 10.847295 ], [ -74.892559, 10.847416 ], [ -74.893029, 10.847398 ], [ -74.893952, 10.847024 ], [ -74.894458, 10.846484 ], [ -74.895454, 10.844604 ], [ -74.895825, 10.844007 ], [ -74.896375, 10.84375 ], [ -74.896943, 10.843454 ], [ -74.897964, 10.843869 ], [ -74.898509, 10.844039 ], [ -74.89874, 10.843793 ], [ -74.899131, 10.843704 ], [ -74.899828, 10.844179 ], [ -74.899893, 10.844653 ], [ -74.899802, 10.844653 ], [ -74.899527, 10.845195 ], [ -74.899058, 10.845116 ], [ -74.898612, 10.845014 ], [ -74.897606, 10.845918 ], [ -74.897464, 10.845697 ], [ -74.89738, 10.844285 ], [ -74.896035, 10.844118 ], [ -74.895912, 10.844545 ], [ -74.895735, 10.845491 ], [ -74.896467, 10.845596 ], [ -74.896549, 10.845935 ], [ -74.895981, 10.846636 ], [ -74.896019, 10.846938 ], [ -74.896599, 10.846732 ], [ -74.89584, 10.847929 ], [ -74.895365, 10.848952 ], [ -74.895317, 10.849897 ], [ -74.895243, 10.850193 ], [ -74.8955, 10.850258 ], [ -74.895591, 10.850258 ], [ -74.895847, 10.850587 ], [ -74.897413, 10.850986 ], [ -74.897644, 10.851124 ], [ -74.897787, 10.851164 ], [ -74.897787, 10.851254 ], [ -74.897738, 10.851296 ], [ -74.897393, 10.852192 ], [ -74.897104, 10.852297 ], [ -74.896597, 10.852339 ], [ -74.896277, 10.852032 ], [ -74.895525, 10.851933 ], [ -74.895181, 10.852115 ], [ -74.896166, 10.855351 ], [ -74.896503, 10.856301 ], [ -74.897426, 10.856733 ], [ -74.897906, 10.856714 ], [ -74.897968, 10.855505 ], [ -74.899277, 10.854306 ], [ -74.899478, 10.854429 ], [ -74.898957, 10.855714 ], [ -74.898747, 10.857007 ], [ -74.89903, 10.857552 ], [ -74.900257, 10.857544 ], [ -74.900895, 10.858038 ], [ -74.900853, 10.858358 ], [ -74.900535, 10.859405 ], [ -74.901584, 10.859799 ], [ -74.901627, 10.859847 ], [ -74.901242, 10.860474 ], [ -74.901072, 10.86133 ], [ -74.899841, 10.861428 ], [ -74.899514, 10.861765 ], [ -74.898536, 10.862481 ], [ -74.89782, 10.863784 ], [ -74.896656, 10.865582 ], [ -74.896548, 10.866136 ], [ -74.896928, 10.866318 ], [ -74.897354, 10.86631 ], [ -74.898204, 10.864789 ], [ -74.898592, 10.864283 ], [ -74.899355, 10.862561 ], [ -74.900222, 10.862425 ], [ -74.900209, 10.863453 ], [ -74.90058, 10.863693 ], [ -74.90077, 10.863689 ], [ -74.90125, 10.863196 ], [ -74.901396, 10.862605 ], [ -74.901733, 10.862166 ], [ -74.903075, 10.861557 ], [ -74.904206, 10.861432 ], [ -74.904364, 10.861913 ], [ -74.903852, 10.862746 ], [ -74.901944, 10.864191 ], [ -74.901948, 10.864419 ], [ -74.90248, 10.864409 ], [ -74.903024, 10.864593 ], [ -74.904475, 10.863732 ], [ -74.905166, 10.863599 ], [ -74.905517, 10.863606 ], [ -74.905513, 10.863789 ], [ -74.905059, 10.86422 ], [ -74.904966, 10.864607 ], [ -74.90573, 10.864777 ], [ -74.906417, 10.863764 ], [ -74.907207, 10.863014 ], [ -74.907207, 10.862833 ], [ -74.907333, 10.862754 ], [ -74.907242, 10.862434 ], [ -74.907024, 10.862381 ], [ -74.906933, 10.8622 ], [ -74.905868, 10.862024 ], [ -74.905443, 10.861699 ], [ -74.905382, 10.861291 ], [ -74.905652, 10.860934 ], [ -74.90611, 10.860934 ], [ -74.906148, 10.860881 ], [ -74.90688, 10.860736 ], [ -74.906933, 10.860663 ], [ -74.907025, 10.860663 ], [ -74.907067, 10.860711 ], [ -74.907462, 10.860886 ], [ -74.908031, 10.861206 ], [ -74.908095, 10.861828 ], [ -74.908214, 10.861929 ], [ -74.908278, 10.862253 ], [ -74.909575, 10.863638 ], [ -74.909904, 10.864464 ], [ -74.910363, 10.865134 ], [ -74.911572, 10.865967 ], [ -74.912962, 10.866551 ], [ -74.914617, 10.866453 ], [ -74.914559, 10.868186 ], [ -74.914737, 10.8687 ], [ -74.914387, 10.869211 ], [ -74.914297, 10.869768 ], [ -74.914433, 10.870161 ], [ -74.914807, 10.870702 ], [ -74.915269, 10.871055 ], [ -74.915571, 10.870834 ], [ -74.916087, 10.870648 ], [ -74.916303, 10.870292 ], [ -74.916589, 10.869942 ], [ -74.916812, 10.869619 ], [ -74.916942, 10.868838 ], [ -74.916498, 10.868573 ], [ -74.916174, 10.868442 ], [ -74.916033, 10.868102 ], [ -74.915918, 10.86864 ], [ -74.915429, 10.868711 ], [ -74.915217, 10.868364 ], [ -74.915452, 10.868032 ], [ -74.915681, 10.867856 ], [ -74.915085, 10.867196 ], [ -74.914892, 10.866453 ], [ -74.914935, 10.866406 ], [ -74.91613, 10.866222 ], [ -74.917173, 10.865566 ], [ -74.917623, 10.865362 ], [ -74.917934, 10.865087 ], [ -74.918051, 10.864874 ], [ -74.918095, 10.864736 ], [ -74.918186, 10.864736 ], [ -74.918226, 10.864594 ], [ -74.918512, 10.863973 ], [ -74.918713, 10.863431 ], [ -74.918879, 10.863159 ], [ -74.918961, 10.862682 ], [ -74.919233, 10.862334 ], [ -74.919611, 10.862255 ], [ -74.919651, 10.862204 ], [ -74.919742, 10.862204 ], [ -74.919796, 10.862241 ], [ -74.920373, 10.862381 ], [ -74.920566, 10.862656 ], [ -74.920697, 10.862979 ], [ -74.920748, 10.863018 ], [ -74.920833, 10.863839 ], [ -74.920931, 10.864103 ], [ -74.920931, 10.864556 ], [ -74.921033, 10.864636 ], [ -74.921114, 10.865279 ], [ -74.921614, 10.86569 ], [ -74.92203, 10.865948 ], [ -74.922578, 10.866003 ], [ -74.922578, 10.866094 ], [ -74.923181, 10.866152 ], [ -74.924042, 10.865913 ], [ -74.924042, 10.865823 ], [ -74.92419, 10.865776 ], [ -74.924454, 10.865495 ], [ -74.9253, 10.864309 ], [ -74.925858, 10.864152 ], [ -74.926616, 10.864348 ], [ -74.92713, 10.864617 ], [ -74.927098, 10.865404 ], [ -74.926651, 10.86652 ], [ -74.926976, 10.867128 ], [ -74.927359, 10.86793 ], [ -74.927668, 10.869339 ], [ -74.928124, 10.871062 ], [ -74.928468, 10.871705 ], [ -74.929394, 10.872741 ], [ -74.92953, 10.872969 ], [ -74.929424, 10.873049 ], [ -74.929072, 10.873511 ], [ -74.92772, 10.873568 ], [ -74.92622, 10.873757 ], [ -74.926099, 10.874385 ], [ -74.92641, 10.874981 ], [ -74.928123, 10.875147 ], [ -74.927352, 10.877724 ], [ -74.926942, 10.878258 ], [ -74.92683, 10.87872 ], [ -74.927205, 10.878891 ], [ -74.927603, 10.878689 ], [ -74.928189, 10.878086 ], [ -74.928521, 10.876924 ], [ -74.928755, 10.876354 ], [ -74.929118, 10.87618 ], [ -74.929163, 10.876134 ], [ -74.929867, 10.876076 ], [ -74.930669, 10.875634 ], [ -74.93081, 10.875592 ], [ -74.930852, 10.876816 ], [ -74.931084, 10.87722 ], [ -74.931122, 10.877454 ], [ -74.93123, 10.87789 ], [ -74.931267, 10.878215 ], [ -74.931352, 10.878282 ], [ -74.931541, 10.878938 ], [ -74.931366, 10.879139 ], [ -74.93066, 10.879541 ], [ -74.930309, 10.879844 ], [ -74.930426, 10.881284 ], [ -74.930698, 10.881134 ], [ -74.930943, 10.880246 ], [ -74.931104, 10.879812 ], [ -74.931629, 10.87962 ], [ -74.931877, 10.880012 ], [ -74.931846, 10.880396 ], [ -74.931591, 10.880848 ], [ -74.931499, 10.881248 ], [ -74.931351, 10.881644 ], [ -74.931416, 10.882437 ], [ -74.931756, 10.882411 ], [ -74.932498, 10.882695 ], [ -74.93273, 10.882737 ], [ -74.932459, 10.883096 ], [ -74.932257, 10.883583 ], [ -74.932181, 10.883641 ], [ -74.93096, 10.88386 ], [ -74.930674, 10.883618 ], [ -74.930821, 10.883104 ], [ -74.931348, 10.882475 ], [ -74.930535, 10.88254 ], [ -74.929894, 10.882013 ], [ -74.929894, 10.881922 ], [ -74.929394, 10.881602 ], [ -74.928756, 10.881363 ], [ -74.928662, 10.880246 ], [ -74.928535, 10.879668 ], [ -74.927933, 10.879529 ], [ -74.927237, 10.880326 ], [ -74.926993, 10.880426 ], [ -74.92658, 10.879775 ], [ -74.926126, 10.879388 ], [ -74.925379, 10.87922 ], [ -74.924811, 10.879265 ], [ -74.924179, 10.879799 ], [ -74.92363, 10.880139 ], [ -74.923485, 10.880458 ], [ -74.923776, 10.880864 ], [ -74.924453, 10.88133 ], [ -74.924874, 10.881656 ], [ -74.924995, 10.882078 ], [ -74.92442, 10.882234 ], [ -74.923904, 10.881872 ], [ -74.922841, 10.881776 ], [ -74.922531, 10.88142 ], [ -74.922387, 10.881297 ], [ -74.921796, 10.881344 ], [ -74.921165, 10.882212 ], [ -74.921463, 10.882739 ], [ -74.92258, 10.883196 ], [ -74.923028, 10.883543 ], [ -74.922795, 10.8846 ], [ -74.923198, 10.884778 ], [ -74.923473, 10.884757 ], [ -74.923919, 10.884244 ], [ -74.924361, 10.88405 ], [ -74.924591, 10.883923 ], [ -74.92472, 10.883501 ], [ -74.924866, 10.883377 ], [ -74.925253, 10.883206 ], [ -74.925804, 10.88325 ], [ -74.925922, 10.884657 ], [ -74.926892, 10.884305 ], [ -74.927582, 10.88436 ], [ -74.928014, 10.884896 ], [ -74.927809, 10.885259 ], [ -74.92713, 10.885558 ], [ -74.927014, 10.886308 ], [ -74.927297, 10.887333 ], [ -74.927422, 10.887439 ], [ -74.927469, 10.887395 ], [ -74.927923, 10.886668 ], [ -74.928385, 10.886129 ], [ -74.928814, 10.885589 ], [ -74.928931, 10.883322 ], [ -74.92903, 10.882386 ], [ -74.929453, 10.88215 ], [ -74.929894, 10.882465 ], [ -74.929934, 10.882606 ], [ -74.930288, 10.883202 ], [ -74.929934, 10.883681 ], [ -74.929766, 10.884074 ], [ -74.929985, 10.884636 ], [ -74.930349, 10.884706 ], [ -74.930864, 10.885051 ], [ -74.930844, 10.885992 ], [ -74.931134, 10.886127 ], [ -74.931448, 10.885805 ], [ -74.931595, 10.885677 ], [ -74.931968, 10.885867 ], [ -74.932317, 10.88641 ], [ -74.932094, 10.886836 ], [ -74.931282, 10.886437 ], [ -74.930822, 10.886592 ], [ -74.929791, 10.887117 ], [ -74.929665, 10.887445 ], [ -74.930827, 10.888003 ], [ -74.930944, 10.888494 ], [ -74.929888, 10.888481 ], [ -74.929756, 10.888756 ], [ -74.930469, 10.889218 ], [ -74.930577, 10.889653 ], [ -74.930049, 10.889926 ], [ -74.928831, 10.88947 ], [ -74.928517, 10.889476 ], [ -74.92836, 10.890108 ], [ -74.927887, 10.890725 ], [ -74.928017, 10.891101 ], [ -74.928106, 10.891555 ], [ -74.928291, 10.891824 ], [ -74.928381, 10.892007 ], [ -74.928834, 10.892668 ], [ -74.928554, 10.89291 ], [ -74.927643, 10.892459 ], [ -74.927464, 10.892644 ], [ -74.927467, 10.892826 ], [ -74.92799, 10.893323 ], [ -74.928106, 10.893497 ], [ -74.927589, 10.893633 ], [ -74.926786, 10.892966 ], [ -74.92701, 10.89264 ], [ -74.927037, 10.892369 ], [ -74.925956, 10.892684 ], [ -74.925773, 10.892774 ], [ -74.925631, 10.893267 ], [ -74.92559, 10.893498 ], [ -74.925303, 10.89355 ], [ -74.925176, 10.894772 ], [ -74.924942, 10.895616 ], [ -74.92468, 10.896757 ], [ -74.92398, 10.897247 ], [ -74.92371, 10.897164 ], [ -74.923485, 10.897025 ], [ -74.923613, 10.89753 ], [ -74.923946, 10.897925 ], [ -74.924148, 10.898457 ], [ -74.92469, 10.899269 ], [ -74.924765, 10.899557 ], [ -74.924857, 10.899557 ], [ -74.924925, 10.899435 ], [ -74.925243, 10.899682 ], [ -74.925427, 10.900063 ], [ -74.92504, 10.9001 ], [ -74.925094, 10.900318 ], [ -74.925131, 10.901004 ], [ -74.925266, 10.901053 ], [ -74.925401, 10.901043 ], [ -74.925781, 10.900833 ], [ -74.926347, 10.900878 ], [ -74.927049, 10.901453 ], [ -74.927551, 10.902245 ], [ -74.927657, 10.903157 ], [ -74.927865, 10.903335 ], [ -74.928241, 10.903447 ], [ -74.928381, 10.903404 ], [ -74.928722, 10.903222 ], [ -74.929296, 10.903133 ], [ -74.929981, 10.902989 ], [ -74.930525, 10.902573 ], [ -74.930847, 10.902134 ], [ -74.931665, 10.901884 ], [ -74.932592, 10.901777 ], [ -74.934141, 10.902773 ], [ -74.935279, 10.902861 ], [ -74.93648, 10.903506 ], [ -74.937441, 10.903853 ], [ -74.937893, 10.90422 ], [ -74.938532, 10.904463 ], [ -74.939378, 10.904594 ], [ -74.940224, 10.904467 ], [ -74.941321, 10.904078 ], [ -74.942102, 10.904764 ], [ -74.942534, 10.905074 ], [ -74.943292, 10.904787 ], [ -74.943081, 10.903615 ], [ -74.942692, 10.903064 ], [ -74.941852, 10.902909 ], [ -74.941602, 10.902998 ], [ -74.940612, 10.903059 ], [ -74.940504, 10.903178 ], [ -74.940412, 10.903178 ], [ -74.939376, 10.90358 ], [ -74.938497, 10.90365 ], [ -74.938082, 10.903071 ], [ -74.938175, 10.902737 ], [ -74.939572, 10.901946 ], [ -74.939842, 10.901637 ], [ -74.940676, 10.901486 ], [ -74.940919, 10.901147 ], [ -74.941118, 10.900707 ], [ -74.941515, 10.900078 ], [ -74.9419, 10.899159 ], [ -74.942356, 10.899123 ], [ -74.943444, 10.899373 ], [ -74.945129, 10.899513 ], [ -74.945903, 10.899743 ], [ -74.945837, 10.899476 ], [ -74.945992, 10.899253 ], [ -74.946745, 10.899333 ], [ -74.947218, 10.8996 ], [ -74.947001, 10.899924 ], [ -74.947054, 10.899989 ], [ -74.948115, 10.900216 ], [ -74.949503, 10.900045 ], [ -74.949564, 10.899834 ], [ -74.94948, 10.899727 ], [ -74.949015, 10.899546 ], [ -74.948243, 10.899421 ], [ -74.947451, 10.899259 ], [ -74.946771, 10.898976 ], [ -74.945543, 10.89841 ], [ -74.943074, 10.897899 ], [ -74.94229, 10.897868 ], [ -74.941746, 10.897996 ], [ -74.941096, 10.898591 ], [ -74.940597, 10.899635 ], [ -74.940107, 10.900158 ], [ -74.939214, 10.900765 ], [ -74.938405, 10.90107 ], [ -74.937773, 10.900826 ], [ -74.937074, 10.900259 ], [ -74.937176, 10.899508 ], [ -74.937575, 10.898671 ], [ -74.93798, 10.89824 ], [ -74.939416, 10.897571 ], [ -74.940488, 10.896126 ], [ -74.940688, 10.895943 ], [ -74.940728, 10.89579 ], [ -74.941127, 10.895204 ], [ -74.941237, 10.895129 ], [ -74.941237, 10.894948 ], [ -74.940726, 10.894512 ], [ -74.940745, 10.894273 ], [ -74.940372, 10.893955 ], [ -74.940507, 10.893731 ], [ -74.941185, 10.893868 ], [ -74.941195, 10.893999 ], [ -74.941152, 10.894538 ], [ -74.941436, 10.894433 ], [ -74.941889, 10.894183 ], [ -74.942634, 10.894275 ], [ -74.942702, 10.894496 ], [ -74.942742, 10.894547 ], [ -74.943387, 10.89464 ], [ -74.94384, 10.894446 ], [ -74.943983, 10.894406 ], [ -74.943983, 10.894316 ], [ -74.943507, 10.89406 ], [ -74.943385, 10.893731 ], [ -74.943275, 10.893021 ], [ -74.942883, 10.89299 ], [ -74.942525, 10.893147 ], [ -74.941883, 10.893543 ], [ -74.941345, 10.893436 ], [ -74.940991, 10.892988 ], [ -74.941172, 10.892393 ], [ -74.941646, 10.892006 ], [ -74.942342, 10.891624 ], [ -74.942611, 10.891316 ], [ -74.943142, 10.891023 ], [ -74.943977, 10.890957 ], [ -74.944392, 10.89148 ], [ -74.944282, 10.892166 ], [ -74.943941, 10.893098 ], [ -74.943666, 10.893584 ], [ -74.943772, 10.893996 ], [ -74.944313, 10.893728 ], [ -74.944581, 10.893008 ], [ -74.94473, 10.892519 ], [ -74.945012, 10.892196 ], [ -74.945295, 10.892174 ], [ -74.945477, 10.892497 ], [ -74.945215, 10.893363 ], [ -74.945172, 10.893592 ], [ -74.94557, 10.893254 ], [ -74.945837, 10.892285 ], [ -74.94632, 10.892104 ], [ -74.947425, 10.891597 ], [ -74.947868, 10.891089 ], [ -74.948214, 10.889583 ], [ -74.948536, 10.889014 ], [ -74.949291, 10.888619 ], [ -74.949223, 10.888544 ], [ -74.948522, 10.888295 ], [ -74.94748, 10.888748 ], [ -74.94688, 10.888783 ], [ -74.94632, 10.888612 ], [ -74.946425, 10.888231 ], [ -74.947796, 10.887813 ], [ -74.948058, 10.887581 ], [ -74.948236, 10.887124 ], [ -74.94853, 10.886655 ], [ -74.94877, 10.885886 ], [ -74.948948, 10.885689 ], [ -74.949334, 10.885666 ], [ -74.949353, 10.885994 ], [ -74.949065, 10.887057 ], [ -74.949417, 10.887558 ], [ -74.950481, 10.887624 ], [ -74.950316, 10.887085 ], [ -74.949707, 10.886004 ], [ -74.949811, 10.885264 ], [ -74.950132, 10.884758 ], [ -74.950896, 10.884146 ], [ -74.951618, 10.88352 ], [ -74.952262, 10.883054 ], [ -74.952727, 10.882789 ], [ -74.952769, 10.882741 ], [ -74.95241, 10.882808 ], [ -74.950342, 10.88405 ], [ -74.949871, 10.884407 ], [ -74.948523, 10.884874 ], [ -74.946899, 10.885382 ], [ -74.946668, 10.885594 ], [ -74.946702, 10.88646 ], [ -74.946459, 10.886832 ], [ -74.945614, 10.887606 ], [ -74.9454, 10.888119 ], [ -74.945067, 10.889012 ], [ -74.943753, 10.889834 ], [ -74.943484, 10.889844 ], [ -74.942393, 10.889198 ], [ -74.942062, 10.888889 ], [ -74.941733, 10.888852 ], [ -74.940927, 10.888654 ], [ -74.940359, 10.88858 ], [ -74.939837, 10.889011 ], [ -74.939774, 10.88925 ], [ -74.939774, 10.889341 ], [ -74.939683, 10.889341 ], [ -74.9396, 10.889605 ], [ -74.938314, 10.890962 ], [ -74.937576, 10.891967 ], [ -74.936976, 10.892471 ], [ -74.93634, 10.892372 ], [ -74.935997, 10.891993 ], [ -74.935281, 10.891739 ], [ -74.934437, 10.892181 ], [ -74.933757, 10.893413 ], [ -74.932544, 10.894223 ], [ -74.932142, 10.893608 ], [ -74.932123, 10.893375 ], [ -74.932411, 10.892734 ], [ -74.932518, 10.892382 ], [ -74.933094, 10.892324 ], [ -74.933137, 10.892182 ], [ -74.933628, 10.891407 ], [ -74.933874, 10.891195 ], [ -74.934145, 10.891185 ], [ -74.934328, 10.891031 ], [ -74.93339, 10.889982 ], [ -74.932783, 10.888711 ], [ -74.932685, 10.888265 ], [ -74.933234, 10.886944 ], [ -74.933335, 10.88663 ], [ -74.933319, 10.886231 ], [ -74.932865, 10.885497 ], [ -74.932763, 10.88518 ], [ -74.932821, 10.884908 ], [ -74.933459, 10.885321 ], [ -74.934356, 10.885679 ], [ -74.935017, 10.885722 ], [ -74.934864, 10.885979 ], [ -74.933697, 10.887048 ], [ -74.933325, 10.887658 ], [ -74.934451, 10.888475 ], [ -74.934603, 10.888699 ], [ -74.934331, 10.890043 ], [ -74.934566, 10.890703 ], [ -74.935263, 10.890921 ], [ -74.935648, 10.890719 ], [ -74.935884, 10.890057 ], [ -74.935748, 10.889159 ], [ -74.935748, 10.888978 ], [ -74.935832, 10.888712 ], [ -74.936534, 10.888122 ], [ -74.937223, 10.88823 ], [ -74.938373, 10.889112 ], [ -74.938562, 10.888612 ], [ -74.938069, 10.887556 ], [ -74.938174, 10.88711 ], [ -74.938471, 10.886847 ], [ -74.938297, 10.886291 ], [ -74.937863, 10.886057 ], [ -74.93682, 10.886277 ], [ -74.936067, 10.885861 ], [ -74.936024, 10.885451 ], [ -74.936752, 10.885261 ], [ -74.937481, 10.884811 ], [ -74.937945, 10.884547 ], [ -74.937992, 10.884692 ], [ -74.938278, 10.88468 ], [ -74.938525, 10.884417 ], [ -74.938702, 10.884323 ], [ -74.939179, 10.884685 ], [ -74.939535, 10.884851 ], [ -74.939819, 10.884645 ], [ -74.939545, 10.88387 ], [ -74.939549, 10.883773 ], [ -74.939756, 10.883781 ], [ -74.940717, 10.884807 ], [ -74.941212, 10.884953 ], [ -74.941533, 10.88461 ], [ -74.94165, 10.884171 ], [ -74.941078, 10.882916 ], [ -74.941212, 10.882666 ], [ -74.941708, 10.882838 ], [ -74.942171, 10.883617 ], [ -74.942493, 10.883868 ], [ -74.944339, 10.882903 ], [ -74.945174, 10.883282 ], [ -74.945215, 10.882643 ], [ -74.945402, 10.882165 ], [ -74.945823, 10.8819 ], [ -74.946832, 10.8821 ], [ -74.947272, 10.881932 ], [ -74.947515, 10.881617 ], [ -74.947828, 10.881022 ], [ -74.947375, 10.880883 ], [ -74.947141, 10.877665 ], [ -74.946918, 10.876717 ], [ -74.946093, 10.875988 ], [ -74.946525, 10.874962 ], [ -74.946366, 10.874121 ], [ -74.94594, 10.873203 ], [ -74.945156, 10.872781 ], [ -74.944234, 10.873443 ], [ -74.943971, 10.873921 ], [ -74.943907, 10.874978 ], [ -74.944085, 10.875549 ], [ -74.944761, 10.876147 ], [ -74.944644, 10.876813 ], [ -74.943922, 10.876726 ], [ -74.94315, 10.876192 ], [ -74.942679, 10.876164 ], [ -74.943717, 10.877814 ], [ -74.944105, 10.878737 ], [ -74.944217, 10.879255 ], [ -74.944303, 10.880255 ], [ -74.944406, 10.880924 ], [ -74.944299, 10.881378 ], [ -74.943874, 10.881606 ], [ -74.94358, 10.881398 ], [ -74.94355, 10.880907 ], [ -74.943708, 10.880033 ], [ -74.943499, 10.879802 ], [ -74.943297, 10.879888 ], [ -74.943002, 10.880388 ], [ -74.942399, 10.880204 ], [ -74.941458, 10.87944 ], [ -74.940661, 10.879592 ], [ -74.94039, 10.880233 ], [ -74.940826, 10.88093 ], [ -74.940551, 10.880887 ], [ -74.939891, 10.880616 ], [ -74.939545, 10.880791 ], [ -74.939319, 10.88093 ], [ -74.939241, 10.87873 ], [ -74.93932, 10.876227 ], [ -74.939371, 10.876097 ], [ -74.939546, 10.875478 ], [ -74.939869, 10.875232 ], [ -74.940455, 10.874508 ], [ -74.94124, 10.874052 ], [ -74.942665, 10.873564 ], [ -74.943202, 10.873335 ], [ -74.943787, 10.87317 ], [ -74.944221, 10.87266 ], [ -74.944383, 10.872098 ], [ -74.944587, 10.871575 ], [ -74.944677, 10.870763 ], [ -74.94488, 10.870433 ], [ -74.945177, 10.870349 ], [ -74.945133, 10.870667 ], [ -74.944863, 10.871427 ], [ -74.945334, 10.872149 ], [ -74.946376, 10.872364 ], [ -74.947203, 10.871482 ], [ -74.94742, 10.871569 ], [ -74.947663, 10.872078 ], [ -74.947927, 10.87236 ], [ -74.948754, 10.872392 ], [ -74.949436, 10.871196 ], [ -74.95047, 10.871586 ], [ -74.95071, 10.871139 ], [ -74.950729, 10.870651 ], [ -74.949433, 10.870152 ], [ -74.9496, 10.869583 ], [ -74.950366, 10.869701 ], [ -74.950935, 10.870159 ], [ -74.95168, 10.868599 ], [ -74.95245, 10.867288 ], [ -74.952254, 10.867156 ], [ -74.951592, 10.867 ], [ -74.951078, 10.866529 ], [ -74.950646, 10.865972 ], [ -74.950288, 10.864652 ], [ -74.94989, 10.864227 ], [ -74.949441, 10.864706 ], [ -74.949203, 10.864923 ], [ -74.949164, 10.865065 ], [ -74.948451, 10.86605 ], [ -74.947719, 10.866093 ], [ -74.947594, 10.865866 ], [ -74.947652, 10.864917 ], [ -74.947557, 10.864833 ], [ -74.947557, 10.864742 ], [ -74.947671, 10.864641 ], [ -74.948321, 10.863818 ], [ -74.948563, 10.863476 ], [ -74.948615, 10.863437 ], [ -74.948877, 10.862787 ], [ -74.948668, 10.86208 ], [ -74.948786, 10.861526 ], [ -74.948981, 10.861266 ], [ -74.949113, 10.861034 ], [ -74.949204, 10.861034 ], [ -74.949245, 10.860894 ], [ -74.949587, 10.860319 ], [ -74.949713, 10.859547 ], [ -74.949809, 10.858603 ], [ -74.949937, 10.858502 ], [ -74.94996, 10.858344 ], [ -74.950096, 10.858208 ], [ -74.95012, 10.85805 ], [ -74.950211, 10.85805 ], [ -74.950726, 10.858753 ], [ -74.950709, 10.859181 ], [ -74.950717, 10.859399 ], [ -74.951232, 10.859727 ], [ -74.952251, 10.860814 ], [ -74.952393, 10.861404 ], [ -74.952728, 10.862164 ], [ -74.952772, 10.862301 ], [ -74.953287, 10.862441 ], [ -74.953588, 10.862435 ], [ -74.95425, 10.861939 ], [ -74.954378, 10.861421 ], [ -74.954365, 10.86081 ], [ -74.954971, 10.860664 ], [ -74.955478, 10.86026 ], [ -74.956103, 10.860273 ], [ -74.956305, 10.86017 ], [ -74.956278, 10.85886 ], [ -74.956759, 10.858271 ], [ -74.956752, 10.857909 ], [ -74.955672, 10.857931 ], [ -74.955125, 10.857494 ], [ -74.954997, 10.856713 ], [ -74.954709, 10.85644 ], [ -74.953789, 10.856107 ], [ -74.953166, 10.856574 ], [ -74.953003, 10.857338 ], [ -74.953647, 10.857462 ], [ -74.954026, 10.856891 ], [ -74.954308, 10.85665 ], [ -74.954556, 10.85693 ], [ -74.954369, 10.85729 ], [ -74.953697, 10.857725 ], [ -74.95346, 10.858175 ], [ -74.9541, 10.858909 ], [ -74.95419, 10.859068 ], [ -74.953766, 10.85918 ], [ -74.952972, 10.858616 ], [ -74.952024, 10.859184 ], [ -74.951774, 10.859179 ], [ -74.952285, 10.857872 ], [ -74.952268, 10.857069 ], [ -74.951797, 10.855797 ], [ -74.951492, 10.855699 ], [ -74.951539, 10.855046 ], [ -74.952358, 10.853751 ], [ -74.952851, 10.853065 ], [ -74.953414, 10.851991 ], [ -74.953555, 10.852033 ], [ -74.953774, 10.852154 ], [ -74.953914, 10.852535 ], [ -74.953677, 10.853174 ], [ -74.953131, 10.853511 ], [ -74.952111, 10.854988 ], [ -74.951725, 10.855672 ], [ -74.952542, 10.855607 ], [ -74.952637, 10.854989 ], [ -74.952956, 10.854717 ], [ -74.954204, 10.854529 ], [ -74.954982, 10.853638 ], [ -74.955195, 10.853088 ], [ -74.954928, 10.852614 ], [ -74.954034, 10.851546 ], [ -74.953872, 10.851268 ], [ -74.953924, 10.851082 ], [ -74.95429, 10.850595 ], [ -74.95433, 10.850454 ], [ -74.954512, 10.850363 ], [ -74.954666, 10.850062 ], [ -74.954787, 10.850002 ], [ -74.954787, 10.849911 ], [ -74.954848, 10.849881 ], [ -74.954971, 10.849641 ], [ -74.955153, 10.849549 ], [ -74.955153, 10.849369 ], [ -74.955335, 10.849277 ], [ -74.955428, 10.849097 ], [ -74.955519, 10.849097 ], [ -74.956157, 10.849695 ], [ -74.956847, 10.850136 ], [ -74.957315, 10.850512 ], [ -74.9573, 10.850886 ], [ -74.956714, 10.851729 ], [ -74.956981, 10.852737 ], [ -74.956518, 10.85316 ], [ -74.956277, 10.853417 ], [ -74.956098, 10.853792 ], [ -74.956116, 10.854237 ], [ -74.956897, 10.854567 ], [ -74.957564, 10.853202 ], [ -74.957667, 10.852655 ], [ -74.957285, 10.852106 ], [ -74.957058, 10.851631 ], [ -74.957496, 10.85123 ], [ -74.958143, 10.850854 ], [ -74.958308, 10.850679 ], [ -74.958609, 10.850486 ], [ -74.959223, 10.850592 ], [ -74.959333, 10.850588 ], [ -74.959497, 10.850011 ], [ -74.958866, 10.849608 ], [ -74.958769, 10.849486 ], [ -74.959102, 10.849181 ], [ -74.959853, 10.84904 ], [ -74.960309, 10.849058 ], [ -74.961425, 10.849381 ], [ -74.962033, 10.849794 ], [ -74.962242, 10.850854 ], [ -74.961679, 10.851493 ], [ -74.961073, 10.851081 ], [ -74.960955, 10.849858 ], [ -74.960674, 10.849869 ], [ -74.96041, 10.850423 ], [ -74.95998, 10.850816 ], [ -74.959845, 10.851517 ], [ -74.958995, 10.851484 ], [ -74.958655, 10.851497 ], [ -74.95828, 10.851693 ], [ -74.958128, 10.852291 ], [ -74.95886, 10.853844 ], [ -74.95898, 10.854345 ], [ -74.958586, 10.855082 ], [ -74.958493, 10.855656 ], [ -74.958254, 10.856103 ], [ -74.958676, 10.856648 ], [ -74.958862, 10.856933 ], [ -74.958854, 10.857146 ], [ -74.95836, 10.857782 ], [ -74.95939, 10.85844 ], [ -74.960604, 10.858261 ], [ -74.96096, 10.858641 ], [ -74.961423, 10.858937 ], [ -74.961414, 10.859165 ], [ -74.960644, 10.860157 ], [ -74.960689, 10.861262 ], [ -74.960675, 10.861605 ], [ -74.959203, 10.861721 ], [ -74.959281, 10.863668 ], [ -74.959955, 10.864487 ], [ -74.961007, 10.865377 ], [ -74.961098, 10.865377 ], [ -74.961425, 10.865308 ], [ -74.962001, 10.865342 ], [ -74.962554, 10.865724 ], [ -74.963154, 10.866692 ], [ -74.9634, 10.867039 ], [ -74.964257, 10.867139 ], [ -74.964526, 10.867234 ], [ -74.965315, 10.867339 ], [ -74.965441, 10.867851 ], [ -74.965136, 10.868871 ], [ -74.965386, 10.870261 ], [ -74.965215, 10.871528 ], [ -74.965721, 10.871168 ], [ -74.966632, 10.872216 ], [ -74.965902, 10.872909 ], [ -74.965032, 10.872161 ], [ -74.964991, 10.872754 ], [ -74.96494, 10.873156 ], [ -74.964645, 10.873322 ], [ -74.964259, 10.873852 ], [ -74.964524, 10.875268 ], [ -74.964208, 10.875677 ], [ -74.963646, 10.875885 ], [ -74.963486, 10.875029 ], [ -74.963384, 10.874241 ], [ -74.96368, 10.872633 ], [ -74.963793, 10.87166 ], [ -74.963929, 10.870796 ], [ -74.964008, 10.869817 ], [ -74.96372, 10.868562 ], [ -74.963295, 10.867977 ], [ -74.962787, 10.867687 ], [ -74.962745, 10.867639 ], [ -74.962287, 10.867639 ], [ -74.96217, 10.867488 ], [ -74.96168, 10.867196 ], [ -74.961058, 10.866954 ], [ -74.960823, 10.866915 ], [ -74.960823, 10.866824 ], [ -74.960732, 10.866824 ], [ -74.960037, 10.866607 ], [ -74.958863, 10.8662 ], [ -74.958216, 10.865861 ], [ -74.958126, 10.866546 ], [ -74.958507, 10.867258 ], [ -74.959939, 10.868131 ], [ -74.960044, 10.868702 ], [ -74.95914, 10.871041 ], [ -74.95904, 10.871695 ], [ -74.959969, 10.872212 ], [ -74.960274, 10.872537 ], [ -74.96056, 10.873262 ], [ -74.960731, 10.874693 ], [ -74.961379, 10.874876 ], [ -74.961691, 10.875383 ], [ -74.961737, 10.875959 ], [ -74.96128, 10.875597 ], [ -74.960792, 10.874994 ], [ -74.960639, 10.874874 ], [ -74.959635, 10.874631 ], [ -74.9588, 10.874818 ], [ -74.957525, 10.875569 ], [ -74.956928, 10.875818 ], [ -74.956018, 10.876354 ], [ -74.955973, 10.87641 ], [ -74.955973, 10.876501 ], [ -74.955881, 10.876501 ], [ -74.955654, 10.876897 ], [ -74.955075, 10.877355 ], [ -74.954578, 10.877238 ], [ -74.954376, 10.876541 ], [ -74.954234, 10.876139 ], [ -74.954143, 10.876139 ], [ -74.954143, 10.876048 ], [ -74.954111, 10.875895 ], [ -74.953929, 10.875536 ], [ -74.953868, 10.875506 ], [ -74.953825, 10.875734 ], [ -74.953254, 10.87709 ], [ -74.953285, 10.877602 ], [ -74.953488, 10.878162 ], [ -74.954678, 10.878273 ], [ -74.95539, 10.879061 ], [ -74.95642, 10.878788 ], [ -74.956979, 10.879395 ], [ -74.957029, 10.879355 ], [ -74.95764, 10.878563 ], [ -74.95829, 10.878172 ], [ -74.958443, 10.878129 ], [ -74.958592, 10.878737 ], [ -74.958438, 10.879284 ], [ -74.958206, 10.879581 ], [ -74.957651, 10.879796 ], [ -74.957293, 10.879718 ], [ -74.956979, 10.879486 ], [ -74.956948, 10.879636 ], [ -74.956826, 10.879878 ], [ -74.956796, 10.880028 ], [ -74.956796, 10.880119 ], [ -74.956887, 10.880119 ], [ -74.956846, 10.881706 ], [ -74.956521, 10.882108 ], [ -74.956245, 10.882223 ], [ -74.955751, 10.882343 ], [ -74.955697, 10.88238 ], [ -74.953634, 10.882453 ], [ -74.953035, 10.882656 ], [ -74.952952, 10.882741 ], [ -74.953095, 10.882871 ], [ -74.954209, 10.884373 ], [ -74.954184, 10.884981 ], [ -74.953285, 10.88568 ], [ -74.952413, 10.887147 ], [ -74.950933, 10.888801 ], [ -74.949701, 10.889929 ], [ -74.949442, 10.890324 ], [ -74.949338, 10.890691 ], [ -74.9509, 10.89156 ], [ -74.952127, 10.892056 ], [ -74.952082, 10.891648 ], [ -74.951978, 10.891146 ], [ -74.952257, 10.890298 ], [ -74.952798, 10.890022 ], [ -74.95397, 10.891575 ], [ -74.954486, 10.892793 ], [ -74.95427, 10.893015 ], [ -74.953727, 10.893367 ], [ -74.953682, 10.893413 ], [ -74.953725, 10.893552 ], [ -74.954172, 10.894345 ], [ -74.954829, 10.894812 ], [ -74.955198, 10.895097 ], [ -74.955426, 10.895079 ], [ -74.955805, 10.894644 ], [ -74.956697, 10.894165 ], [ -74.958374, 10.893537 ], [ -74.9587, 10.893563 ], [ -74.958919, 10.893813 ], [ -74.959076, 10.894331 ], [ -74.95899, 10.895042 ], [ -74.959628, 10.894963 ], [ -74.959569, 10.895434 ], [ -74.959081, 10.895494 ], [ -74.959169, 10.895781 ], [ -74.959904, 10.895856 ], [ -74.959861, 10.895903 ], [ -74.959167, 10.896251 ], [ -74.95893, 10.896488 ], [ -74.958854, 10.896536 ], [ -74.958715, 10.896579 ], [ -74.95859, 10.896727 ], [ -74.95834, 10.896932 ], [ -74.958041, 10.897289 ], [ -74.95803, 10.897387 ], [ -74.957916, 10.8975 ], [ -74.957085, 10.901667 ], [ -74.957019, 10.901927 ], [ -74.955395, 10.903334 ], [ -74.955002, 10.903334 ], [ -74.955002, 10.90698 ], [ -74.953175, 10.907113 ], [ -74.952285, 10.907497 ], [ -74.951586, 10.907469 ], [ -74.951074, 10.90657 ], [ -74.949078, 10.904431 ], [ -74.948466, 10.904751 ], [ -74.948697, 10.905308 ], [ -74.950507, 10.907507 ], [ -74.950932, 10.908586 ], [ -74.951389, 10.909469 ], [ -74.95206, 10.910335 ], [ -74.952216, 10.910596 ], [ -74.952683, 10.910654 ], [ -74.952902, 10.910924 ], [ -74.952988, 10.912174 ], [ -74.952715, 10.913118 ], [ -74.952673, 10.914305 ], [ -74.952733, 10.914425 ], [ -74.952764, 10.914757 ], [ -74.952812, 10.9148 ], [ -74.9531, 10.915833 ], [ -74.953929, 10.91631 ], [ -74.954228, 10.916204 ], [ -74.954919, 10.916164 ], [ -74.955326, 10.916114 ], [ -74.955809, 10.916176 ], [ -74.956665, 10.91633 ], [ -74.956665, 10.918352 ], [ -74.956376, 10.918151 ], [ -74.955875, 10.917742 ], [ -74.955682, 10.918079 ], [ -74.955054, 10.917945 ], [ -74.954462, 10.917601 ], [ -74.953811, 10.91752 ], [ -74.953364, 10.917329 ], [ -74.952527, 10.91711 ], [ -74.952204, 10.916711 ], [ -74.951702, 10.916649 ], [ -74.950947, 10.916936 ], [ -74.950002, 10.916556 ], [ -74.949876, 10.916344 ], [ -74.949795, 10.914344 ], [ -74.949663, 10.913771 ], [ -74.949907, 10.91347 ], [ -74.950158, 10.913439 ], [ -74.950661, 10.913581 ], [ -74.951233, 10.913652 ], [ -74.951786, 10.913495 ], [ -74.951921, 10.912905 ], [ -74.951626, 10.912084 ], [ -74.951433, 10.911641 ], [ -74.951392, 10.911501 ], [ -74.95012, 10.911455 ], [ -74.949883, 10.911078 ], [ -74.950249, 10.909828 ], [ -74.950339, 10.909348 ], [ -74.949689, 10.909195 ], [ -74.949305, 10.909977 ], [ -74.949129, 10.911044 ], [ -74.949152, 10.912145 ], [ -74.949425, 10.912811 ], [ -74.949421, 10.913007 ], [ -74.949237, 10.913359 ], [ -74.948282, 10.913589 ], [ -74.947176, 10.913174 ], [ -74.946739, 10.913467 ], [ -74.945959, 10.915054 ], [ -74.94541, 10.916557 ], [ -74.945675, 10.917066 ], [ -74.946444, 10.917066 ], [ -74.946863, 10.917763 ], [ -74.947346, 10.917966 ], [ -74.948982, 10.917413 ], [ -74.949644, 10.917426 ], [ -74.949501, 10.920603 ], [ -74.949518, 10.921429 ], [ -74.94904, 10.921764 ], [ -74.947826, 10.921457 ], [ -74.947265, 10.921599 ], [ -74.946486, 10.921583 ], [ -74.945946, 10.921221 ], [ -74.945774, 10.921133 ], [ -74.94558, 10.921635 ], [ -74.945891, 10.922089 ], [ -74.94663, 10.92263 ], [ -74.947142, 10.923039 ], [ -74.947983, 10.923442 ], [ -74.948747, 10.9239 ], [ -74.949486, 10.924116 ], [ -74.949704, 10.923467 ], [ -74.950085, 10.922912 ], [ -74.950455, 10.922561 ], [ -74.951506, 10.922051 ], [ -74.953506, 10.921903 ], [ -74.95396, 10.922057 ], [ -74.954089, 10.922581 ], [ -74.954256, 10.923122 ], [ -74.954374, 10.922527 ], [ -74.954553, 10.922442 ], [ -74.954582, 10.922501 ], [ -74.954797, 10.922714 ], [ -74.954912, 10.922947 ], [ -74.954992, 10.922906 ], [ -74.955002, 10.922916 ], [ -74.954582, 10.923333 ], [ -74.954426, 10.923808 ], [ -74.953538, 10.923487 ], [ -74.952792, 10.923162 ], [ -74.951663, 10.923336 ], [ -74.951186, 10.923552 ], [ -74.950277, 10.924206 ], [ -74.9493, 10.924335 ], [ -74.948093, 10.925265 ], [ -74.947939, 10.926556 ], [ -74.947369, 10.926446 ], [ -74.946251, 10.925671 ], [ -74.945679, 10.924782 ], [ -74.945032, 10.924023 ], [ -74.944049, 10.922965 ], [ -74.943794, 10.922533 ], [ -74.943844, 10.922492 ], [ -74.944019, 10.922218 ], [ -74.943292, 10.921708 ], [ -74.943168, 10.921019 ], [ -74.942465, 10.921213 ], [ -74.941015, 10.9206 ], [ -74.940481, 10.920903 ], [ -74.940864, 10.921793 ], [ -74.94181, 10.922067 ], [ -74.941914, 10.922339 ], [ -74.940955, 10.922749 ], [ -74.941049, 10.923166 ], [ -74.940974, 10.923246 ], [ -74.940547, 10.923393 ], [ -74.939537, 10.92348 ], [ -74.939368, 10.923661 ], [ -74.939083, 10.923672 ], [ -74.939086, 10.923309 ], [ -74.937584, 10.923206 ], [ -74.937072, 10.923226 ], [ -74.936517, 10.923121 ], [ -74.936156, 10.922996 ], [ -74.936158, 10.923378 ], [ -74.935878, 10.923848 ], [ -74.93544, 10.923851 ], [ -74.935813, 10.922904 ], [ -74.935974, 10.922758 ], [ -74.935335, 10.922239 ], [ -74.934797, 10.921585 ], [ -74.934739, 10.920138 ], [ -74.935041, 10.920126 ], [ -74.936596, 10.921534 ], [ -74.937543, 10.921942 ], [ -74.938961, 10.921541 ], [ -74.939085, 10.92131 ], [ -74.938077, 10.921214 ], [ -74.938166, 10.920488 ], [ -74.939513, 10.920541 ], [ -74.939711, 10.920172 ], [ -74.939296, 10.919537 ], [ -74.938244, 10.91869 ], [ -74.938074, 10.918777 ], [ -74.93775, 10.919861 ], [ -74.937549, 10.919868 ], [ -74.936761, 10.919235 ], [ -74.935891, 10.919201 ], [ -74.935511, 10.919319 ], [ -74.934992, 10.91959 ], [ -74.934723, 10.919252 ], [ -74.934644, 10.919004 ], [ -74.934333, 10.918909 ], [ -74.934182, 10.918426 ], [ -74.932931, 10.918309 ], [ -74.932153, 10.918072 ], [ -74.931855, 10.917809 ], [ -74.932194, 10.917341 ], [ -74.933088, 10.917285 ], [ -74.933152, 10.91703 ], [ -74.932997, 10.916924 ], [ -74.932905, 10.916924 ], [ -74.932814, 10.916793 ], [ -74.932207, 10.916582 ], [ -74.931625, 10.916202 ], [ -74.931198, 10.916476 ], [ -74.931075, 10.916652 ], [ -74.930984, 10.916652 ], [ -74.930744, 10.915892 ], [ -74.930237, 10.914765 ], [ -74.930092, 10.913973 ], [ -74.929985, 10.912654 ], [ -74.930161, 10.911858 ], [ -74.930253, 10.911858 ], [ -74.930351, 10.911259 ], [ -74.929887, 10.911316 ], [ -74.929826, 10.911195 ], [ -74.929795, 10.911044 ], [ -74.929795, 10.910954 ], [ -74.929704, 10.910954 ], [ -74.929746, 10.910634 ], [ -74.930295, 10.910321 ], [ -74.930202, 10.909364 ], [ -74.929937, 10.907918 ], [ -74.930022, 10.907467 ], [ -74.930555, 10.907582 ], [ -74.930859, 10.907558 ], [ -74.931919, 10.907665 ], [ -74.93249, 10.908071 ], [ -74.933032, 10.909342 ], [ -74.933224, 10.910036 ], [ -74.933083, 10.910593 ], [ -74.932773, 10.911024 ], [ -74.932857, 10.911455 ], [ -74.933047, 10.911901 ], [ -74.933316, 10.913156 ], [ -74.933592, 10.913767 ], [ -74.934114, 10.914366 ], [ -74.934412, 10.914531 ], [ -74.936423, 10.914618 ], [ -74.936661, 10.91495 ], [ -74.936886, 10.916412 ], [ -74.937135, 10.917228 ], [ -74.937948, 10.917293 ], [ -74.938391, 10.917097 ], [ -74.938693, 10.916841 ], [ -74.938811, 10.916521 ], [ -74.938896, 10.916153 ], [ -74.940444, 10.915349 ], [ -74.940825, 10.914894 ], [ -74.941001, 10.914616 ], [ -74.941283, 10.914261 ], [ -74.941448, 10.913366 ], [ -74.941642, 10.913259 ], [ -74.94202, 10.913175 ], [ -74.943232, 10.912143 ], [ -74.943429, 10.911708 ], [ -74.944296, 10.911451 ], [ -74.945018, 10.911289 ], [ -74.945212, 10.910946 ], [ -74.945024, 10.910663 ], [ -74.944052, 10.910234 ], [ -74.942961, 10.909558 ], [ -74.941323, 10.908404 ], [ -74.939362, 10.907471 ], [ -74.938839, 10.907274 ], [ -74.938539, 10.907109 ], [ -74.938124, 10.907067 ], [ -74.938015, 10.907278 ], [ -74.937788, 10.907217 ], [ -74.937758, 10.906976 ], [ -74.937715, 10.906837 ], [ -74.937301, 10.906103 ], [ -74.937209, 10.9058 ], [ -74.937101, 10.905727 ], [ -74.937026, 10.905439 ], [ -74.93674, 10.905353 ], [ -74.936333, 10.905174 ], [ -74.935751, 10.904853 ], [ -74.934919, 10.904605 ], [ -74.933852, 10.903732 ], [ -74.932646, 10.903406 ], [ -74.931853, 10.903316 ], [ -74.93085, 10.903044 ], [ -74.930043, 10.903166 ], [ -74.929339, 10.903659 ], [ -74.928824, 10.9037 ], [ -74.928241, 10.903537 ], [ -74.928187, 10.903574 ], [ -74.928008, 10.903832 ], [ -74.927929, 10.904166 ], [ -74.928135, 10.904821 ], [ -74.928241, 10.904894 ], [ -74.928363, 10.904834 ], [ -74.928774, 10.904773 ], [ -74.928981, 10.905178 ], [ -74.9288, 10.905403 ], [ -74.928424, 10.905437 ], [ -74.928358, 10.907624 ], [ -74.927805, 10.908684 ], [ -74.927077, 10.909632 ], [ -74.926438, 10.910384 ], [ -74.925524, 10.911099 ], [ -74.925403, 10.911224 ], [ -74.925472, 10.911545 ], [ -74.925126, 10.912652 ], [ -74.92428, 10.913588 ], [ -74.92357, 10.913775 ], [ -74.923389, 10.913575 ], [ -74.922382, 10.913484 ], [ -74.92261, 10.914005 ], [ -74.920767, 10.914704 ], [ -74.920235, 10.914434 ], [ -74.919852, 10.914154 ], [ -74.919728, 10.914026 ], [ -74.919179, 10.914298 ], [ -74.919223, 10.913707 ], [ -74.919345, 10.912687 ], [ -74.918625, 10.912234 ], [ -74.919088, 10.911723 ], [ -74.919858, 10.911818 ], [ -74.919872, 10.912037 ], [ -74.919843, 10.912514 ], [ -74.920508, 10.912553 ], [ -74.92061, 10.910953 ], [ -74.920871, 10.910814 ], [ -74.921643, 10.910578 ], [ -74.921947, 10.91031 ], [ -74.922336, 10.909311 ], [ -74.923063, 10.909035 ], [ -74.924538, 10.908228 ], [ -74.926156, 10.908324 ], [ -74.926362, 10.90795 ], [ -74.926239, 10.907135 ], [ -74.925475, 10.906209 ], [ -74.925179, 10.906191 ], [ -74.924806, 10.906824 ], [ -74.924489, 10.906883 ], [ -74.924432, 10.907552 ], [ -74.924214, 10.907802 ], [ -74.923834, 10.908011 ], [ -74.923106, 10.908142 ], [ -74.922792, 10.908281 ], [ -74.922304, 10.908658 ], [ -74.921025, 10.909004 ], [ -74.920812, 10.908722 ], [ -74.920616, 10.908289 ], [ -74.920265, 10.908261 ], [ -74.920054, 10.908377 ], [ -74.919913, 10.908419 ], [ -74.91911, 10.906509 ], [ -74.918925, 10.906152 ], [ -74.91846, 10.905851 ], [ -74.918039, 10.905117 ], [ -74.917488, 10.904485 ], [ -74.917188, 10.904085 ], [ -74.916834, 10.903749 ], [ -74.916159, 10.903762 ], [ -74.916006, 10.904072 ], [ -74.91612, 10.9044 ], [ -74.916785, 10.904832 ], [ -74.916953, 10.905342 ], [ -74.916937, 10.9061 ], [ -74.916389, 10.906744 ], [ -74.916195, 10.907036 ], [ -74.916208, 10.907659 ], [ -74.916496, 10.907933 ], [ -74.91713, 10.90792 ], [ -74.917695, 10.907542 ], [ -74.918128, 10.90664 ], [ -74.917676, 10.905772 ], [ -74.918105, 10.905661 ], [ -74.91822, 10.906475 ], [ -74.918503, 10.906845 ], [ -74.918788, 10.907426 ], [ -74.918992, 10.908045 ], [ -74.918815, 10.908781 ], [ -74.918057, 10.908844 ], [ -74.91678, 10.909726 ], [ -74.91594, 10.909775 ], [ -74.915337, 10.909684 ], [ -74.915398, 10.909273 ], [ -74.915291, 10.907921 ], [ -74.915199, 10.904643 ], [ -74.914554, 10.904023 ], [ -74.914379, 10.903488 ], [ -74.914304, 10.903399 ], [ -74.913738, 10.904155 ], [ -74.914386, 10.904581 ], [ -74.914376, 10.905031 ], [ -74.913645, 10.905381 ], [ -74.913544, 10.907004 ], [ -74.912862, 10.907503 ], [ -74.912378, 10.908 ], [ -74.912131, 10.90819 ], [ -74.911069, 10.906789 ], [ -74.910441, 10.906383 ], [ -74.909803, 10.905928 ], [ -74.909629, 10.905932 ], [ -74.908689, 10.907663 ], [ -74.909893, 10.90837 ], [ -74.910089, 10.908572 ], [ -74.910307, 10.909015 ], [ -74.910043, 10.910539 ], [ -74.912627, 10.91087 ], [ -74.91286, 10.909924 ], [ -74.913415, 10.909864 ], [ -74.913276, 10.910089 ], [ -74.913171, 10.911706 ], [ -74.912587, 10.911729 ], [ -74.911916, 10.911507 ], [ -74.911294, 10.911702 ], [ -74.910871, 10.911972 ], [ -74.910259, 10.912624 ], [ -74.909597, 10.913008 ], [ -74.908627, 10.913761 ], [ -74.907787, 10.91578 ], [ -74.907885, 10.916293 ], [ -74.908322, 10.916497 ], [ -74.908607, 10.916906 ], [ -74.908427, 10.917145 ], [ -74.907789, 10.917891 ], [ -74.907819, 10.918964 ], [ -74.90761, 10.919402 ], [ -74.907142, 10.91942 ], [ -74.906452, 10.918684 ], [ -74.906242, 10.918675 ], [ -74.905509, 10.919101 ], [ -74.905406, 10.921304 ], [ -74.905311, 10.921753 ], [ -74.905213, 10.922362 ], [ -74.904857, 10.922842 ], [ -74.903716, 10.924063 ], [ -74.902702, 10.926184 ], [ -74.902252, 10.925554 ], [ -74.902107, 10.925283 ], [ -74.901791, 10.92454 ], [ -74.901467, 10.924016 ], [ -74.900921, 10.923018 ], [ -74.90036, 10.922251 ], [ -74.90003, 10.921634 ], [ -74.899912, 10.920851 ], [ -74.899868, 10.920442 ], [ -74.899456, 10.920493 ], [ -74.898815, 10.921024 ], [ -74.898444, 10.920944 ], [ -74.898221, 10.920803 ], [ -74.898264, 10.921303 ], [ -74.898628, 10.922121 ], [ -74.898733, 10.923344 ], [ -74.899097, 10.924006 ], [ -74.899288, 10.924419 ], [ -74.899264, 10.924815 ], [ -74.899028, 10.925906 ], [ -74.899518, 10.926531 ], [ -74.900885, 10.927025 ], [ -74.901351, 10.927541 ], [ -74.901513, 10.92806 ], [ -74.901695, 10.929848 ], [ -74.901815, 10.929739 ], [ -74.901879, 10.928492 ], [ -74.901835, 10.928173 ], [ -74.901561, 10.927138 ], [ -74.902611, 10.927185 ], [ -74.903306, 10.928406 ], [ -74.903581, 10.928827 ], [ -74.903709, 10.928944 ], [ -74.904031, 10.928901 ], [ -74.904729, 10.92834 ], [ -74.904851, 10.928084 ], [ -74.905323, 10.927903 ], [ -74.905513, 10.9277 ], [ -74.905747, 10.927211 ], [ -74.906363, 10.92625 ], [ -74.906632, 10.925863 ], [ -74.907263, 10.926082 ], [ -74.907677, 10.925641 ], [ -74.908629, 10.92574 ], [ -74.909176, 10.926025 ], [ -74.910843, 10.927483 ], [ -74.911645, 10.927452 ], [ -74.911807, 10.927065 ], [ -74.911167, 10.92619 ], [ -74.910541, 10.925231 ], [ -74.910321, 10.924674 ], [ -74.911134, 10.923778 ], [ -74.911764, 10.92334 ], [ -74.911707, 10.923792 ], [ -74.911744, 10.92409 ], [ -74.912364, 10.924556 ], [ -74.914054, 10.926155 ], [ -74.914677, 10.926414 ], [ -74.915309, 10.926174 ], [ -74.915465, 10.925458 ], [ -74.915241, 10.924968 ], [ -74.915096, 10.924751 ], [ -74.914967, 10.924516 ], [ -74.914771, 10.924344 ], [ -74.914466, 10.923788 ], [ -74.914658, 10.923291 ], [ -74.915898, 10.922626 ], [ -74.916507, 10.922376 ], [ -74.917058, 10.922544 ], [ -74.917573, 10.922756 ], [ -74.917896, 10.922799 ], [ -74.917823, 10.922981 ], [ -74.917914, 10.923592 ], [ -74.918039, 10.924014 ], [ -74.918078, 10.924246 ], [ -74.917192, 10.9243 ], [ -74.916624, 10.92496 ], [ -74.916164, 10.926609 ], [ -74.915973, 10.926778 ], [ -74.915973, 10.926868 ], [ -74.915566, 10.926918 ], [ -74.914966, 10.926958 ], [ -74.914924, 10.927007 ], [ -74.914146, 10.927181 ], [ -74.913615, 10.927474 ], [ -74.913653, 10.927948 ], [ -74.914191, 10.928628 ], [ -74.914325, 10.92921 ], [ -74.913951, 10.93052 ], [ -74.914298, 10.931665 ], [ -74.914465, 10.932752 ], [ -74.91469, 10.933108 ], [ -74.915147, 10.933108 ], [ -74.916393, 10.933047 ], [ -74.916923, 10.933068 ], [ -74.917785, 10.933441 ], [ -74.917937, 10.934046 ], [ -74.917526, 10.934284 ], [ -74.916961, 10.934318 ], [ -74.916886, 10.934465 ], [ -74.916794, 10.934465 ], [ -74.916794, 10.934556 ], [ -74.916556, 10.935433 ], [ -74.916428, 10.93555 ], [ -74.916428, 10.935641 ], [ -74.916207, 10.935694 ], [ -74.915879, 10.935731 ], [ -74.915787, 10.935731 ], [ -74.915787, 10.935641 ], [ -74.915604, 10.935641 ], [ -74.915312, 10.935677 ], [ -74.915238, 10.935821 ], [ -74.914706, 10.936073 ], [ -74.914414, 10.936002 ], [ -74.914383, 10.936152 ], [ -74.914203, 10.936381 ], [ -74.914344, 10.936693 ], [ -74.914749, 10.936757 ], [ -74.914872, 10.936816 ], [ -74.916017, 10.937131 ], [ -74.916427, 10.937269 ], [ -74.916708, 10.937415 ], [ -74.916778, 10.937636 ], [ -74.916667, 10.937958 ], [ -74.91661, 10.937992 ], [ -74.916386, 10.939083 ], [ -74.917534, 10.940843 ], [ -74.918405, 10.942401 ], [ -74.918531, 10.942786 ], [ -74.918349, 10.94274 ], [ -74.918073, 10.942334 ], [ -74.917333, 10.941707 ], [ -74.916204, 10.941297 ], [ -74.915736, 10.94138 ], [ -74.915286, 10.941568 ], [ -74.914411, 10.941803 ], [ -74.913542, 10.942338 ], [ -74.913174, 10.94211 ], [ -74.913014, 10.941412 ], [ -74.912757, 10.941118 ], [ -74.912292, 10.941081 ], [ -74.911942, 10.941156 ], [ -74.911759, 10.941156 ], [ -74.911555, 10.940977 ], [ -74.911434, 10.940121 ], [ -74.911393, 10.939981 ], [ -74.911393, 10.93989 ], [ -74.911332, 10.939769 ], [ -74.911302, 10.939619 ], [ -74.912817, 10.939579 ], [ -74.912898, 10.939463 ], [ -74.912265, 10.939284 ], [ -74.911382, 10.939406 ], [ -74.91121, 10.939619 ], [ -74.910885, 10.939659 ], [ -74.910551, 10.939786 ], [ -74.910437, 10.940617 ], [ -74.910569, 10.941427 ], [ -74.910265, 10.941513 ], [ -74.909867, 10.942181 ], [ -74.909684, 10.942814 ], [ -74.909236, 10.943366 ], [ -74.908962, 10.943195 ], [ -74.908808, 10.942834 ], [ -74.908596, 10.942914 ], [ -74.90804, 10.943353 ], [ -74.907731, 10.943235 ], [ -74.907675, 10.943779 ], [ -74.907361, 10.944335 ], [ -74.907109, 10.944989 ], [ -74.907143, 10.945408 ], [ -74.907456, 10.945587 ], [ -74.907398, 10.945839 ], [ -74.907517, 10.94625 ], [ -74.908039, 10.946398 ], [ -74.908071, 10.946653 ], [ -74.907964, 10.946903 ], [ -74.907435, 10.947556 ], [ -74.907269, 10.948863 ], [ -74.906773, 10.949254 ], [ -74.90658, 10.949335 ], [ -74.906407, 10.949435 ], [ -74.905814, 10.949602 ], [ -74.905502, 10.949987 ], [ -74.905059, 10.950338 ], [ -74.904871, 10.950777 ], [ -74.904352, 10.950841 ], [ -74.904138, 10.950339 ], [ -74.903926, 10.950419 ], [ -74.903702, 10.95056 ], [ -74.903671, 10.950891 ], [ -74.90361, 10.951012 ], [ -74.903758, 10.951046 ], [ -74.904011, 10.951249 ], [ -74.904555, 10.951327 ], [ -74.904652, 10.951616 ], [ -74.904377, 10.951951 ], [ -74.904251, 10.952188 ], [ -74.905114, 10.953367 ], [ -74.905165, 10.953635 ], [ -74.905241, 10.953826 ], [ -74.905057, 10.954895 ], [ -74.904862, 10.955145 ], [ -74.904707, 10.955263 ], [ -74.904666, 10.955404 ], [ -74.904341, 10.955805 ], [ -74.904385, 10.955852 ], [ -74.904856, 10.956072 ], [ -74.906309, 10.956302 ], [ -74.908002, 10.956168 ], [ -74.90777, 10.956481 ], [ -74.907685, 10.956661 ], [ -74.909015, 10.956782 ], [ -74.909634, 10.95695 ], [ -74.91079, 10.957393 ], [ -74.911139, 10.957477 ], [ -74.911205, 10.956983 ], [ -74.911571, 10.957074 ], [ -74.911571, 10.957616 ], [ -74.911479, 10.957616 ], [ -74.911479, 10.957707 ], [ -74.911699, 10.957761 ], [ -74.91179, 10.958119 ], [ -74.911022, 10.958159 ], [ -74.911022, 10.958068 ], [ -74.910381, 10.958068 ], [ -74.910381, 10.957978 ], [ -74.909967, 10.957935 ], [ -74.90931, 10.957761 ], [ -74.90802, 10.957663 ], [ -74.90757, 10.957905 ], [ -74.906893, 10.958653 ], [ -74.906768, 10.959234 ], [ -74.907134, 10.959557 ], [ -74.908092, 10.959334 ], [ -74.908421, 10.959297 ], [ -74.908642, 10.959243 ], [ -74.909039, 10.958569 ], [ -74.909713, 10.958529 ], [ -74.910789, 10.959124 ], [ -74.911064, 10.959625 ], [ -74.910942, 10.960177 ], [ -74.910722, 10.960879 ], [ -74.91038, 10.961595 ], [ -74.91042, 10.961646 ], [ -74.910837, 10.961957 ], [ -74.91096, 10.961897 ], [ -74.911112, 10.961867 ], [ -74.911081, 10.962017 ], [ -74.91102, 10.962138 ], [ -74.911255, 10.962449 ], [ -74.911477, 10.962816 ], [ -74.911386, 10.963043 ], [ -74.911478, 10.963043 ], [ -74.911478, 10.963224 ], [ -74.911661, 10.963224 ], [ -74.911661, 10.963314 ], [ -74.911507, 10.963484 ], [ -74.91116, 10.963724 ], [ -74.910788, 10.963809 ], [ -74.910574, 10.965165 ], [ -74.910249, 10.965051 ], [ -74.910153, 10.964442 ], [ -74.909985, 10.963666 ], [ -74.910153, 10.963361 ], [ -74.910196, 10.963133 ], [ -74.910288, 10.963133 ], [ -74.910342, 10.962588 ], [ -74.91016, 10.961988 ], [ -74.909606, 10.9616 ], [ -74.908838, 10.961661 ], [ -74.908465, 10.961023 ], [ -74.907711, 10.96086 ], [ -74.907488, 10.961115 ], [ -74.907145, 10.961087 ], [ -74.906994, 10.961142 ], [ -74.907037, 10.96128 ], [ -74.907182, 10.961544 ], [ -74.907678, 10.962887 ], [ -74.907768, 10.963233 ], [ -74.907557, 10.964207 ], [ -74.907035, 10.965526 ], [ -74.906949, 10.966007 ], [ -74.907277, 10.966604 ], [ -74.907633, 10.966478 ], [ -74.907847, 10.966424 ], [ -74.908142, 10.966002 ], [ -74.908219, 10.965611 ], [ -74.908274, 10.965574 ], [ -74.908311, 10.965718 ], [ -74.90847, 10.966094 ], [ -74.907944, 10.966877 ], [ -74.90787, 10.967115 ], [ -74.908393, 10.967463 ], [ -74.908273, 10.967745 ], [ -74.908334, 10.967775 ], [ -74.908395, 10.968044 ], [ -74.908273, 10.968287 ], [ -74.907433, 10.967982 ], [ -74.906991, 10.967925 ], [ -74.906991, 10.967835 ], [ -74.9069, 10.967835 ], [ -74.906731, 10.967249 ], [ -74.906341, 10.96694 ], [ -74.90626, 10.96684 ], [ -74.90626, 10.966749 ], [ -74.906076, 10.966749 ], [ -74.906077, 10.966387 ], [ -74.905943, 10.96627 ], [ -74.905928, 10.966023 ], [ -74.906286, 10.965861 ], [ -74.905647, 10.965634 ], [ -74.904853, 10.965876 ], [ -74.904747, 10.966068 ], [ -74.904768, 10.966428 ], [ -74.904573, 10.96644 ], [ -74.904386, 10.966339 ], [ -74.903733, 10.966219 ], [ -74.903105, 10.965663 ], [ -74.903196, 10.964943 ], [ -74.903698, 10.964035 ], [ -74.903199, 10.963974 ], [ -74.903332, 10.963549 ], [ -74.903566, 10.963452 ], [ -74.903606, 10.963402 ], [ -74.903119, 10.963161 ], [ -74.903057, 10.96304 ], [ -74.902966, 10.96304 ], [ -74.902657, 10.963158 ], [ -74.902279, 10.963204 ], [ -74.901593, 10.96313 ], [ -74.901538, 10.963051 ], [ -74.901135, 10.962949 ], [ -74.901135, 10.962859 ], [ -74.900085, 10.962539 ], [ -74.899295, 10.962454 ], [ -74.89917, 10.96332 ], [ -74.899401, 10.964391 ], [ -74.899487, 10.965029 ], [ -74.899487, 10.96521 ], [ -74.899444, 10.965585 ], [ -74.899149, 10.966032 ], [ -74.898975, 10.966151 ], [ -74.898937, 10.966204 ], [ -74.898846, 10.966204 ], [ -74.898781, 10.966288 ], [ -74.898399, 10.966515 ], [ -74.89797, 10.966299 ], [ -74.897473, 10.965932 ], [ -74.897473, 10.965842 ], [ -74.897382, 10.965842 ], [ -74.897259, 10.965782 ], [ -74.897107, 10.965751 ], [ -74.896741, 10.965751 ], [ -74.896741, 10.965932 ], [ -74.89668, 10.965963 ], [ -74.896527, 10.966264 ], [ -74.896314, 10.966505 ], [ -74.896191, 10.966746 ], [ -74.896558, 10.966656 ], [ -74.896602, 10.966609 ], [ -74.89729, 10.966294 ], [ -74.897637, 10.966354 ], [ -74.898117, 10.967004 ], [ -74.898418, 10.967711 ], [ -74.898794, 10.968344 ], [ -74.898693, 10.969117 ], [ -74.898085, 10.969192 ], [ -74.897838, 10.969098 ], [ -74.897547, 10.969024 ], [ -74.897472, 10.968917 ], [ -74.897038, 10.968863 ], [ -74.895876, 10.968324 ], [ -74.895733, 10.968283 ], [ -74.895611, 10.968223 ], [ -74.895459, 10.968193 ], [ -74.895523, 10.969465 ], [ -74.89571, 10.969813 ], [ -74.896651, 10.97036 ], [ -74.896739, 10.970454 ], [ -74.897155, 10.970496 ], [ -74.89779, 10.971016 ], [ -74.898508, 10.971333 ], [ -74.899124, 10.971713 ], [ -74.89921, 10.971812 ], [ -74.899093, 10.972197 ], [ -74.898622, 10.972561 ], [ -74.897971, 10.972848 ], [ -74.897562, 10.973077 ], [ -74.897562, 10.973168 ], [ -74.897471, 10.973168 ], [ -74.897471, 10.973258 ], [ -74.897327, 10.973297 ], [ -74.896903, 10.973608 ], [ -74.896555, 10.9738 ], [ -74.896555, 10.973891 ], [ -74.896464, 10.973891 ], [ -74.896243, 10.974065 ], [ -74.895182, 10.975428 ], [ -74.895125, 10.975385 ], [ -74.894947, 10.974936 ], [ -74.894907, 10.974795 ], [ -74.894, 10.97405 ], [ -74.893273, 10.973786 ], [ -74.892985, 10.97389 ], [ -74.892986, 10.973257 ], [ -74.892803, 10.973257 ], [ -74.892594, 10.973177 ], [ -74.891519, 10.973326 ], [ -74.891206, 10.973079 ], [ -74.891288, 10.972301 ], [ -74.891339, 10.972171 ], [ -74.891247, 10.971718 ], [ -74.891156, 10.971718 ], [ -74.891118, 10.971394 ], [ -74.891064, 10.971176 ], [ -74.890975, 10.970961 ], [ -74.890828, 10.970234 ], [ -74.89079, 10.96991 ], [ -74.890572, 10.970109 ], [ -74.890471, 10.971062 ], [ -74.890998, 10.97233 ], [ -74.890293, 10.97353 ], [ -74.889367, 10.975466 ], [ -74.889377, 10.975696 ], [ -74.88969, 10.975878 ], [ -74.889788, 10.976195 ], [ -74.890243, 10.976596 ], [ -74.891751, 10.976916 ], [ -74.891886, 10.976964 ], [ -74.892147, 10.976385 ], [ -74.89286, 10.976328 ], [ -74.89318, 10.976601 ], [ -74.892932, 10.977499 ], [ -74.892667, 10.97837 ], [ -74.892618, 10.978412 ], [ -74.892533, 10.978903 ], [ -74.892017, 10.978824 ], [ -74.891977, 10.978773 ], [ -74.891367, 10.978803 ], [ -74.89088, 10.979043 ], [ -74.890787, 10.979225 ], [ -74.891099, 10.979304 ], [ -74.890841, 10.97955 ], [ -74.890329, 10.979586 ], [ -74.889985, 10.979717 ], [ -74.88979, 10.979622 ], [ -74.88961, 10.979319 ], [ -74.889455, 10.978642 ], [ -74.889373, 10.978089 ], [ -74.88918, 10.977647 ], [ -74.888974, 10.976931 ], [ -74.888562, 10.976881 ], [ -74.888448, 10.977275 ], [ -74.888364, 10.977938 ], [ -74.888224, 10.978048 ], [ -74.888182, 10.978549 ], [ -74.888004, 10.97935 ], [ -74.88821, 10.980093 ], [ -74.889216, 10.9809 ], [ -74.890328, 10.981576 ], [ -74.890369, 10.981898 ], [ -74.890617, 10.982316 ], [ -74.891604, 10.982904 ], [ -74.891701, 10.983024 ], [ -74.891754, 10.983656 ], [ -74.892664, 10.984875 ], [ -74.892933, 10.985298 ], [ -74.893024, 10.985726 ], [ -74.892743, 10.986223 ], [ -74.892208, 10.986554 ], [ -74.89187, 10.986941 ], [ -74.891657, 10.987413 ], [ -74.891531, 10.987636 ], [ -74.891277, 10.987852 ], [ -74.891046, 10.988116 ], [ -74.890551, 10.989211 ], [ -74.890466, 10.990759 ], [ -74.890247, 10.991346 ], [ -74.889543, 10.991747 ], [ -74.889136, 10.992062 ], [ -74.889184, 10.99266 ], [ -74.889683, 10.993333 ], [ -74.889421, 10.993634 ], [ -74.888516, 10.993751 ], [ -74.888169, 10.994188 ], [ -74.887962, 10.994937 ], [ -74.887168, 10.995551 ], [ -74.885901, 10.996447 ], [ -74.885124, 10.997081 ], [ -74.884591, 10.996978 ], [ -74.883759, 10.996274 ], [ -74.883225, 10.996809 ], [ -74.882872, 10.997366 ], [ -74.882049, 10.997242 ], [ -74.881484, 10.996761 ], [ -74.881254, 10.99614 ], [ -74.881113, 10.995375 ], [ -74.880306, 10.994287 ], [ -74.88005, 10.993194 ], [ -74.879903, 10.99185 ], [ -74.880154, 10.991295 ], [ -74.880958, 10.990941 ], [ -74.881671, 10.9905 ], [ -74.881453, 10.99021 ], [ -74.880115, 10.990122 ], [ -74.879485, 10.989951 ], [ -74.87849, 10.989772 ], [ -74.877926, 10.989097 ], [ -74.87807, 10.988521 ], [ -74.878564, 10.988175 ], [ -74.878884, 10.987993 ], [ -74.878946, 10.987873 ], [ -74.879067, 10.987812 ], [ -74.879067, 10.987722 ], [ -74.879159, 10.987722 ], [ -74.879426, 10.987277 ], [ -74.881035, 10.986747 ], [ -74.880928, 10.986348 ], [ -74.880511, 10.986206 ], [ -74.878774, 10.986434 ], [ -74.878474, 10.986149 ], [ -74.879481, 10.985086 ], [ -74.881251, 10.984238 ], [ -74.882099, 10.983741 ], [ -74.882855, 10.982816 ], [ -74.883085, 10.982375 ], [ -74.88328, 10.981664 ], [ -74.883328, 10.98144 ], [ -74.88344, 10.9796 ], [ -74.883647, 10.979132 ], [ -74.883872, 10.97937 ], [ -74.884408, 10.98028 ], [ -74.884513, 10.981157 ], [ -74.884075, 10.98214 ], [ -74.883865, 10.983029 ], [ -74.883435, 10.98381 ], [ -74.883309, 10.984211 ], [ -74.883329, 10.984543 ], [ -74.88359, 10.985017 ], [ -74.885393, 10.986265 ], [ -74.885649, 10.986549 ], [ -74.885254, 10.987107 ], [ -74.886386, 10.987315 ], [ -74.887315, 10.986817 ], [ -74.887844, 10.987005 ], [ -74.88834, 10.987271 ], [ -74.8888, 10.987781 ], [ -74.888904, 10.988234 ], [ -74.888495, 10.988358 ], [ -74.888435, 10.988455 ], [ -74.888002, 10.988595 ], [ -74.887763, 10.98863 ], [ -74.887719, 10.988677 ], [ -74.887447, 10.988763 ], [ -74.886384, 10.988286 ], [ -74.88576, 10.988322 ], [ -74.8858, 10.988994 ], [ -74.886342, 10.989473 ], [ -74.886432, 10.989773 ], [ -74.885517, 10.990299 ], [ -74.884914, 10.990715 ], [ -74.885039, 10.991023 ], [ -74.886031, 10.990615 ], [ -74.886665, 10.990486 ], [ -74.887593, 10.991196 ], [ -74.88795, 10.991359 ], [ -74.888409, 10.990852 ], [ -74.889161, 10.990272 ], [ -74.889565, 10.989826 ], [ -74.889749, 10.989239 ], [ -74.889545, 10.988678 ], [ -74.889459, 10.988382 ], [ -74.889871, 10.987799 ], [ -74.890541, 10.987645 ], [ -74.890673, 10.987224 ], [ -74.891459, 10.98653 ], [ -74.891686, 10.986178 ], [ -74.89165, 10.985583 ], [ -74.891268, 10.985246 ], [ -74.890378, 10.984842 ], [ -74.889308, 10.984595 ], [ -74.888794, 10.984413 ], [ -74.888637, 10.983246 ], [ -74.888316, 10.982212 ], [ -74.887857, 10.981123 ], [ -74.887582, 10.981123 ], [ -74.887583, 10.980761 ], [ -74.887674, 10.980761 ], [ -74.887741, 10.979973 ], [ -74.887334, 10.979018 ], [ -74.88738, 10.97846 ], [ -74.887309, 10.978138 ], [ -74.887217, 10.978138 ], [ -74.887217, 10.978048 ], [ -74.887072, 10.978011 ], [ -74.886649, 10.977835 ], [ -74.886239, 10.977926 ], [ -74.885951, 10.978337 ], [ -74.885496, 10.97864 ], [ -74.884326, 10.978717 ], [ -74.883768, 10.978966 ], [ -74.882788, 10.978436 ], [ -74.882271, 10.978234 ], [ -74.881861, 10.97746 ], [ -74.881817, 10.977322 ], [ -74.881642, 10.977173 ], [ -74.881197, 10.97641 ], [ -74.880748, 10.976027 ], [ -74.880537, 10.975784 ], [ -74.879884, 10.975112 ], [ -74.878395, 10.97381 ], [ -74.875917, 10.971455 ], [ -74.876085, 10.971174 ], [ -74.877384, 10.970588 ], [ -74.878654, 10.970159 ], [ -74.88066, 10.96958 ], [ -74.880857, 10.9676 ], [ -74.881136, 10.967689 ], [ -74.881669, 10.967961 ], [ -74.881777, 10.967149 ], [ -74.881882, 10.966091 ], [ -74.882312, 10.965443 ], [ -74.883057, 10.964796 ], [ -74.883478, 10.964488 ], [ -74.884035, 10.963677 ], [ -74.884637, 10.962628 ], [ -74.884976, 10.962868 ], [ -74.8847, 10.96438 ], [ -74.883424, 10.967511 ], [ -74.882888, 10.967858 ], [ -74.882865, 10.968957 ], [ -74.882884, 10.96992 ], [ -74.882325, 10.970099 ], [ -74.882319, 10.9704 ], [ -74.882674, 10.970581 ], [ -74.883178, 10.970743 ], [ -74.883331, 10.971036 ], [ -74.883438, 10.971579 ], [ -74.883752, 10.971362 ], [ -74.884662, 10.970427 ], [ -74.88506, 10.970225 ], [ -74.885253, 10.970314 ], [ -74.88543, 10.970674 ], [ -74.885941, 10.970803 ], [ -74.886899, 10.970537 ], [ -74.886655, 10.970177 ], [ -74.885622, 10.969798 ], [ -74.885616, 10.969509 ], [ -74.885761, 10.969214 ], [ -74.886631, 10.969005 ], [ -74.887083, 10.968325 ], [ -74.887721, 10.967594 ], [ -74.887845, 10.965593 ], [ -74.888353, 10.965071 ], [ -74.889044, 10.965201 ], [ -74.889456, 10.965592 ], [ -74.889643, 10.965974 ], [ -74.890013, 10.965982 ], [ -74.890004, 10.964981 ], [ -74.890479, 10.965093 ], [ -74.890799, 10.965708 ], [ -74.891059, 10.966878 ], [ -74.891286, 10.966883 ], [ -74.891564, 10.96675 ], [ -74.891567, 10.965712 ], [ -74.891748, 10.965344 ], [ -74.892473, 10.965329 ], [ -74.89276, 10.965704 ], [ -74.892879, 10.966064 ], [ -74.893119, 10.966069 ], [ -74.893674, 10.965704 ], [ -74.894042, 10.965616 ], [ -74.89437, 10.965449 ], [ -74.895126, 10.965705 ], [ -74.8961, 10.965589 ], [ -74.89642, 10.965124 ], [ -74.89633, 10.96471 ], [ -74.896103, 10.963933 ], [ -74.896363, 10.963687 ], [ -74.896563, 10.962877 ], [ -74.897338, 10.962271 ], [ -74.89816, 10.961545 ], [ -74.898573, 10.961501 ], [ -74.89798, 10.959321 ], [ -74.897971, 10.958836 ], [ -74.898556, 10.958824 ], [ -74.898987, 10.959104 ], [ -74.899661, 10.959642 ], [ -74.900246, 10.959654 ], [ -74.900641, 10.959465 ], [ -74.901137, 10.95897 ], [ -74.901093, 10.958651 ], [ -74.900728, 10.957985 ], [ -74.901026, 10.957474 ], [ -74.901277, 10.957118 ], [ -74.901467, 10.956632 ], [ -74.902161, 10.956019 ], [ -74.902201, 10.955349 ], [ -74.902145, 10.954448 ], [ -74.902186, 10.954289 ], [ -74.902365, 10.954033 ], [ -74.902511, 10.953996 ], [ -74.902548, 10.953943 ], [ -74.90271, 10.953832 ], [ -74.902191, 10.953478 ], [ -74.902108, 10.952857 ], [ -74.902054, 10.95273 ], [ -74.902054, 10.951735 ], [ -74.901935, 10.951653 ], [ -74.902094, 10.95104 ], [ -74.902458, 10.950506 ], [ -74.902695, 10.950378 ], [ -74.902695, 10.950288 ], [ -74.902787, 10.950288 ], [ -74.90298, 10.950066 ], [ -74.903708, 10.949556 ], [ -74.904724, 10.949425 ], [ -74.905176, 10.948907 ], [ -74.905796, 10.948467 ], [ -74.906108, 10.947737 ], [ -74.906179, 10.946864 ], [ -74.905485, 10.945656 ], [ -74.905273, 10.945187 ], [ -74.90512, 10.945175 ], [ -74.904788, 10.945295 ], [ -74.903795, 10.945374 ], [ -74.903338, 10.945337 ], [ -74.902592, 10.945396 ], [ -74.902373, 10.945091 ], [ -74.902019, 10.944484 ], [ -74.901525, 10.944266 ], [ -74.901128, 10.943385 ], [ -74.900754, 10.943249 ], [ -74.90041, 10.943323 ], [ -74.900257, 10.943293 ], [ -74.900135, 10.943233 ], [ -74.899494, 10.943233 ], [ -74.899417, 10.942921 ], [ -74.899779, 10.942717 ], [ -74.899861, 10.9426 ], [ -74.899698, 10.942399 ], [ -74.899129, 10.942238 ], [ -74.899098, 10.942178 ], [ -74.898793, 10.942026 ], [ -74.898763, 10.941695 ], [ -74.898436, 10.941915 ], [ -74.897624, 10.94265 ], [ -74.897005, 10.943112 ], [ -74.89684, 10.943322 ], [ -74.896619, 10.943388 ], [ -74.895791, 10.943732 ], [ -74.895217, 10.943947 ], [ -74.894587, 10.944089 ], [ -74.894608, 10.944358 ], [ -74.894991, 10.944841 ], [ -74.896158, 10.945103 ], [ -74.896685, 10.945511 ], [ -74.896748, 10.945583 ], [ -74.896418, 10.945948 ], [ -74.895582, 10.946524 ], [ -74.89493, 10.946874 ], [ -74.89327, 10.946758 ], [ -74.893496, 10.946439 ], [ -74.894006, 10.94579 ], [ -74.893811, 10.944337 ], [ -74.893955, 10.943726 ], [ -74.894206, 10.943504 ], [ -74.894501, 10.943045 ], [ -74.894911, 10.942466 ], [ -74.895134, 10.941643 ], [ -74.895161, 10.9412 ], [ -74.894976, 10.941189 ], [ -74.894403, 10.941392 ], [ -74.893947, 10.941287 ], [ -74.893615, 10.940571 ], [ -74.892759, 10.940098 ], [ -74.891765, 10.939203 ], [ -74.891625, 10.93916 ], [ -74.891534, 10.93916 ], [ -74.891534, 10.939341 ], [ -74.891442, 10.939341 ], [ -74.891442, 10.939431 ], [ -74.891575, 10.939541 ], [ -74.89107, 10.940286 ], [ -74.890769, 10.940104 ], [ -74.89075, 10.939926 ], [ -74.890801, 10.939793 ], [ -74.890663, 10.939837 ], [ -74.890453, 10.939944 ], [ -74.89003, 10.940379 ], [ -74.889932, 10.941467 ], [ -74.889667, 10.941974 ], [ -74.889474, 10.942881 ], [ -74.889793, 10.94332 ], [ -74.889459, 10.943228 ], [ -74.888981, 10.942877 ], [ -74.888555, 10.942815 ], [ -74.888067, 10.943004 ], [ -74.887505, 10.943048 ], [ -74.887834, 10.942559 ], [ -74.887872, 10.942324 ], [ -74.886729, 10.942386 ], [ -74.886925, 10.941743 ], [ -74.887419, 10.940585 ], [ -74.887642, 10.940468 ], [ -74.888055, 10.940425 ], [ -74.888055, 10.940335 ], [ -74.888184, 10.94024 ], [ -74.888003, 10.939482 ], [ -74.887964, 10.939249 ], [ -74.887781, 10.93934 ], [ -74.887781, 10.939521 ], [ -74.887679, 10.939601 ], [ -74.887493, 10.939831 ], [ -74.88719, 10.939957 ], [ -74.886726, 10.940529 ], [ -74.886093, 10.940707 ], [ -74.886174, 10.940464 ], [ -74.886867, 10.93961 ], [ -74.887476, 10.939129 ], [ -74.88769, 10.939068 ], [ -74.88769, 10.938978 ], [ -74.887873, 10.938978 ], [ -74.887793, 10.938514 ], [ -74.887559, 10.937513 ], [ -74.88765, 10.937164 ], [ -74.888057, 10.936627 ], [ -74.887684, 10.936571 ], [ -74.887369, 10.93667 ], [ -74.886897, 10.936916 ], [ -74.885629, 10.935768 ], [ -74.885213, 10.935867 ], [ -74.885037, 10.936595 ], [ -74.884518, 10.937389 ], [ -74.883995, 10.937409 ], [ -74.883802, 10.937049 ], [ -74.883681, 10.936421 ], [ -74.883416, 10.935924 ], [ -74.884085, 10.934525 ], [ -74.884353, 10.93414 ], [ -74.884397, 10.934002 ], [ -74.884489, 10.934002 ], [ -74.884642, 10.933701 ], [ -74.884959, 10.933771 ], [ -74.885281, 10.934124 ], [ -74.885312, 10.934274 ], [ -74.885404, 10.934274 ], [ -74.885894, 10.934837 ], [ -74.886485, 10.935203 ], [ -74.887267, 10.934878 ], [ -74.8876, 10.934818 ], [ -74.887249, 10.934498 ], [ -74.886603, 10.933719 ], [ -74.88629, 10.932856 ], [ -74.886116, 10.931887 ], [ -74.886003, 10.929996 ], [ -74.886213, 10.929069 ], [ -74.886552, 10.928263 ], [ -74.886878, 10.927383 ], [ -74.887352, 10.926647 ], [ -74.88742, 10.926587 ], [ -74.887476, 10.926636 ], [ -74.887459, 10.926854 ], [ -74.887279, 10.927172 ], [ -74.887194, 10.927481 ], [ -74.887516, 10.927755 ], [ -74.888548, 10.928063 ], [ -74.888971, 10.92839 ], [ -74.8892, 10.928898 ], [ -74.88983, 10.929625 ], [ -74.889981, 10.929754 ], [ -74.89003, 10.929711 ], [ -74.890553, 10.928765 ], [ -74.890757, 10.927898 ], [ -74.890922, 10.927443 ], [ -74.891032, 10.92705 ], [ -74.890815, 10.926451 ], [ -74.889886, 10.925734 ], [ -74.889742, 10.925425 ], [ -74.889759, 10.925143 ], [ -74.890077, 10.924268 ], [ -74.890853, 10.922427 ], [ -74.890947, 10.921045 ], [ -74.891985, 10.919871 ], [ -74.892133, 10.919397 ], [ -74.892337, 10.918913 ], [ -74.893054, 10.918588 ], [ -74.893722, 10.918127 ], [ -74.894335, 10.917775 ], [ -74.89493, 10.917274 ], [ -74.895549, 10.916181 ], [ -74.895494, 10.915257 ], [ -74.895136, 10.914059 ], [ -74.894966, 10.912804 ], [ -74.894985, 10.912494 ], [ -74.895316, 10.912201 ], [ -74.896237, 10.912602 ], [ -74.896747, 10.912422 ], [ -74.897631, 10.912259 ], [ -74.897914, 10.912159 ], [ -74.898084, 10.91126 ], [ -74.897562, 10.909613 ], [ -74.897395, 10.907483 ], [ -74.897633, 10.90638 ], [ -74.897677, 10.90588 ], [ -74.897585, 10.90588 ], [ -74.897585, 10.90579 ], [ -74.897237, 10.905482 ], [ -74.895759, 10.903837 ], [ -74.895616, 10.903576 ], [ -74.89548, 10.902996 ], [ -74.89478, 10.901836 ], [ -74.894659, 10.901448 ], [ -74.894532, 10.90156 ], [ -74.894061, 10.903208 ], [ -74.893859, 10.904062 ], [ -74.893289, 10.904455 ], [ -74.892876, 10.904479 ], [ -74.892827, 10.904522 ], [ -74.892705, 10.904944 ], [ -74.892168, 10.90567 ], [ -74.891962, 10.906381 ], [ -74.892044, 10.906923 ], [ -74.892409, 10.908422 ], [ -74.892284, 10.909038 ], [ -74.891819, 10.909405 ], [ -74.891548, 10.90959 ], [ -74.891324, 10.909911 ], [ -74.89127, 10.909948 ], [ -74.891222, 10.910192 ], [ -74.890932, 10.910457 ], [ -74.890249, 10.910671 ], [ -74.889944, 10.911216 ], [ -74.890697, 10.912624 ], [ -74.890669, 10.913325 ], [ -74.889804, 10.914288 ], [ -74.889673, 10.914237 ], [ -74.88888, 10.914153 ], [ -74.888251, 10.914022 ], [ -74.887739, 10.913344 ], [ -74.887521, 10.912983 ], [ -74.886959, 10.912828 ], [ -74.886642, 10.912439 ], [ -74.886602, 10.912207 ], [ -74.88651, 10.912207 ], [ -74.886441, 10.911686 ], [ -74.88603, 10.911719 ], [ -74.885961, 10.912388 ], [ -74.886244, 10.913149 ], [ -74.885614, 10.913198 ], [ -74.884967, 10.913006 ], [ -74.88391, 10.912541 ], [ -74.883475, 10.912507 ], [ -74.883307, 10.912568 ], [ -74.883068, 10.912731 ], [ -74.882895, 10.913186 ], [ -74.882849, 10.913472 ], [ -74.882849, 10.913562 ], [ -74.882939, 10.913623 ], [ -74.883011, 10.91394 ], [ -74.882782, 10.914087 ], [ -74.882483, 10.914014 ], [ -74.882392, 10.914014 ], [ -74.882189, 10.91393 ], [ -74.881842, 10.914014 ], [ -74.881751, 10.914014 ], [ -74.881696, 10.913164 ], [ -74.880766, 10.912096 ], [ -74.880023, 10.911832 ], [ -74.879511, 10.912014 ], [ -74.878632, 10.911859 ], [ -74.877855, 10.912545 ], [ -74.877407, 10.913337 ], [ -74.877359, 10.913379 ], [ -74.877816, 10.913922 ], [ -74.87764, 10.913974 ], [ -74.877021, 10.914852 ], [ -74.876766, 10.91596 ], [ -74.876484, 10.916948 ], [ -74.876442, 10.917991 ], [ -74.877147, 10.918156 ], [ -74.877512, 10.918027 ], [ -74.877461, 10.917173 ], [ -74.877687, 10.916854 ], [ -74.878199, 10.916884 ], [ -74.878615, 10.917344 ], [ -74.878892, 10.91862 ], [ -74.880678, 10.91988 ], [ -74.881159, 10.920412 ], [ -74.881767, 10.921976 ], [ -74.882136, 10.922648 ], [ -74.882571, 10.923239 ], [ -74.881688, 10.923288 ], [ -74.881402, 10.923593 ], [ -74.880602, 10.923105 ], [ -74.880484, 10.922857 ], [ -74.879322, 10.922537 ], [ -74.878933, 10.921883 ], [ -74.878336, 10.922195 ], [ -74.877985, 10.922209 ], [ -74.877355, 10.922062 ], [ -74.877234, 10.922122 ], [ -74.877172, 10.922242 ], [ -74.877172, 10.922333 ], [ -74.87708, 10.922333 ], [ -74.876978, 10.922863 ], [ -74.876615, 10.923418 ], [ -74.8763, 10.923823 ], [ -74.875412, 10.925446 ], [ -74.875116, 10.925457 ], [ -74.874757, 10.924379 ], [ -74.873866, 10.924258 ], [ -74.87331, 10.923559 ], [ -74.872744, 10.923536 ], [ -74.87247, 10.924086 ], [ -74.872108, 10.924275 ], [ -74.871541, 10.924364 ], [ -74.871131, 10.924501 ], [ -74.8706, 10.92511 ], [ -74.870216, 10.925224 ], [ -74.870216, 10.925314 ], [ -74.869815, 10.925195 ], [ -74.868709, 10.92418 ], [ -74.868408, 10.923993 ], [ -74.867994, 10.924026 ], [ -74.867483, 10.924307 ], [ -74.866757, 10.925139 ], [ -74.86627, 10.925906 ], [ -74.866075, 10.926755 ], [ -74.865962, 10.927684 ], [ -74.867013, 10.927797 ], [ -74.868293, 10.927696 ], [ -74.869035, 10.927755 ], [ -74.869665, 10.928103 ], [ -74.869757, 10.928208 ], [ -74.869556, 10.928422 ], [ -74.869255, 10.928526 ], [ -74.867287, 10.928936 ], [ -74.867062, 10.929142 ], [ -74.868941, 10.929365 ], [ -74.869204, 10.929856 ], [ -74.868958, 10.929985 ], [ -74.868426, 10.930151 ], [ -74.868566, 10.930546 ], [ -74.868352, 10.931212 ], [ -74.867881, 10.931872 ], [ -74.867833, 10.931916 ], [ -74.867833, 10.932006 ], [ -74.867742, 10.932006 ], [ -74.867742, 10.932096 ], [ -74.86765, 10.932277 ], [ -74.86723, 10.932932 ], [ -74.86591, 10.934546 ], [ -74.866799, 10.935045 ], [ -74.867483, 10.935032 ], [ -74.868243, 10.934402 ], [ -74.868992, 10.933952 ], [ -74.869559, 10.934241 ], [ -74.869707, 10.934649 ], [ -74.86888, 10.935596 ], [ -74.868885, 10.935864 ], [ -74.869302, 10.93626 ], [ -74.870751, 10.936416 ], [ -74.871534, 10.937005 ], [ -74.87331, 10.937857 ], [ -74.874937, 10.938475 ], [ -74.875339, 10.938061 ], [ -74.875427, 10.937617 ], [ -74.875518, 10.937617 ], [ -74.875518, 10.937526 ], [ -74.875699, 10.936593 ], [ -74.875866, 10.936245 ], [ -74.876985, 10.936438 ], [ -74.877899, 10.935628 ], [ -74.877899, 10.935537 ], [ -74.87799, 10.935537 ], [ -74.87799, 10.935447 ], [ -74.878082, 10.935447 ], [ -74.878082, 10.935357 ], [ -74.878173, 10.935357 ], [ -74.878173, 10.935266 ], [ -74.878265, 10.935266 ], [ -74.878326, 10.935145 ], [ -74.878356, 10.934995 ], [ -74.877875, 10.934935 ], [ -74.877613, 10.934236 ], [ -74.877242, 10.93419 ], [ -74.877014, 10.934572 ], [ -74.87682, 10.935245 ], [ -74.876369, 10.935416 ], [ -74.875885, 10.935356 ], [ -74.875885, 10.935265 ], [ -74.875671, 10.935153 ], [ -74.87585, 10.934789 ], [ -74.875977, 10.934723 ], [ -74.875977, 10.934632 ], [ -74.876026, 10.93459 ], [ -74.876111, 10.93445 ], [ -74.875875, 10.933815 ], [ -74.876113, 10.933612 ], [ -74.876969, 10.933502 ], [ -74.877469, 10.932645 ], [ -74.878175, 10.932145 ], [ -74.878266, 10.931649 ], [ -74.877492, 10.931702 ], [ -74.877444, 10.930903 ], [ -74.877614, 10.930181 ], [ -74.878257, 10.930062 ], [ -74.878677, 10.929159 ], [ -74.878816, 10.929116 ], [ -74.878859, 10.929068 ], [ -74.87954, 10.92868 ], [ -74.880102, 10.927972 ], [ -74.880331, 10.927357 ], [ -74.880373, 10.927037 ], [ -74.880282, 10.927037 ], [ -74.880217, 10.926687 ], [ -74.878257, 10.926124 ], [ -74.878135, 10.925721 ], [ -74.877717, 10.925754 ], [ -74.877315, 10.925041 ], [ -74.87729, 10.924735 ], [ -74.877652, 10.924706 ], [ -74.877861, 10.924998 ], [ -74.878204, 10.92554 ], [ -74.878318, 10.925457 ], [ -74.87841, 10.92496 ], [ -74.878776, 10.924733 ], [ -74.879145, 10.924101 ], [ -74.879405, 10.924222 ], [ -74.879439, 10.92464 ], [ -74.879402, 10.925095 ], [ -74.881137, 10.925184 ], [ -74.882346, 10.925542 ], [ -74.882771, 10.925412 ], [ -74.882906, 10.924826 ], [ -74.883169, 10.924909 ], [ -74.88338, 10.925152 ], [ -74.883577, 10.92532 ], [ -74.883632, 10.92547 ], [ -74.883612, 10.925715 ], [ -74.882353, 10.925829 ], [ -74.882112, 10.925809 ], [ -74.88185, 10.92583 ], [ -74.881992, 10.926212 ], [ -74.882254, 10.926435 ], [ -74.883559, 10.926332 ], [ -74.884034, 10.926405 ], [ -74.884085, 10.926536 ], [ -74.884166, 10.927216 ], [ -74.883757, 10.927769 ], [ -74.883203, 10.928102 ], [ -74.883118, 10.928395 ], [ -74.883026, 10.928395 ], [ -74.882935, 10.928033 ], [ -74.882967, 10.927974 ], [ -74.883241, 10.927831 ], [ -74.883136, 10.927616 ], [ -74.882752, 10.927581 ], [ -74.882844, 10.928033 ], [ -74.882323, 10.928101 ], [ -74.88216, 10.928431 ], [ -74.883026, 10.928485 ], [ -74.883026, 10.928756 ], [ -74.882806, 10.9289 ], [ -74.882332, 10.928974 ], [ -74.88202, 10.929118 ], [ -74.882123, 10.929516 ], [ -74.882202, 10.92957 ], [ -74.882202, 10.92966 ], [ -74.882882, 10.930616 ], [ -74.883169, 10.930966 ], [ -74.883208, 10.931198 ], [ -74.8833, 10.931198 ], [ -74.8833, 10.931289 ], [ -74.883256, 10.931517 ], [ -74.883136, 10.931739 ], [ -74.882663, 10.931887 ], [ -74.882186, 10.931868 ], [ -74.880786, 10.93134 ], [ -74.879582, 10.931153 ], [ -74.879367, 10.931382 ], [ -74.879229, 10.932239 ], [ -74.878847, 10.932854 ], [ -74.878877, 10.933601 ], [ -74.878758, 10.934277 ], [ -74.878544, 10.934879 ], [ -74.879189, 10.934617 ], [ -74.879773, 10.934704 ], [ -74.879564, 10.935294 ], [ -74.879363, 10.935357 ], [ -74.879363, 10.935448 ], [ -74.878836, 10.935812 ], [ -74.878358, 10.936462 ], [ -74.878245, 10.937118 ], [ -74.878657, 10.936897 ], [ -74.878948, 10.937001 ], [ -74.878652, 10.937419 ], [ -74.878124, 10.937751 ], [ -74.87774, 10.938045 ], [ -74.877541, 10.938472 ], [ -74.876831, 10.938566 ], [ -74.876851, 10.938897 ], [ -74.877467, 10.939017 ], [ -74.878853, 10.937823 ], [ -74.879406, 10.936847 ], [ -74.879454, 10.936804 ], [ -74.879454, 10.936623 ], [ -74.879546, 10.936623 ], [ -74.879546, 10.936533 ], [ -74.880255, 10.935932 ], [ -74.881133, 10.935768 ], [ -74.881868, 10.936074 ], [ -74.883033, 10.936895 ], [ -74.882877, 10.937314 ], [ -74.882206, 10.938349 ], [ -74.881669, 10.938656 ], [ -74.881349, 10.937946 ], [ -74.881212, 10.937829 ], [ -74.880902, 10.937853 ], [ -74.880362, 10.938049 ], [ -74.880186, 10.938251 ], [ -74.880094, 10.938251 ], [ -74.880049, 10.93875 ], [ -74.879772, 10.939652 ], [ -74.879682, 10.940185 ], [ -74.880852, 10.941564 ], [ -74.880973, 10.942053 ], [ -74.880778, 10.942908 ], [ -74.880688, 10.943737 ], [ -74.880893, 10.944331 ], [ -74.881544, 10.944643 ], [ -74.882346, 10.944627 ], [ -74.882608, 10.944218 ], [ -74.882046, 10.943806 ], [ -74.881771, 10.943523 ], [ -74.881816, 10.941387 ], [ -74.883403, 10.941873 ], [ -74.886177, 10.943184 ], [ -74.886773, 10.943409 ], [ -74.88672, 10.943463 ], [ -74.886039, 10.943904 ], [ -74.885875, 10.944238 ], [ -74.885538, 10.945264 ], [ -74.885341, 10.945743 ], [ -74.884888, 10.946172 ], [ -74.884121, 10.946357 ], [ -74.883305, 10.94682 ], [ -74.882529, 10.947402 ], [ -74.882022, 10.947923 ], [ -74.881777, 10.948536 ], [ -74.881796, 10.949495 ], [ -74.881492, 10.951125 ], [ -74.880866, 10.951862 ], [ -74.880574, 10.952346 ], [ -74.879951, 10.953796 ], [ -74.878806, 10.955887 ], [ -74.879231, 10.955941 ], [ -74.880311, 10.956404 ], [ -74.880572, 10.956619 ], [ -74.880598, 10.956875 ], [ -74.880036, 10.957737 ], [ -74.879712, 10.958518 ], [ -74.878942, 10.95912 ], [ -74.877994, 10.95898 ], [ -74.877301, 10.958487 ], [ -74.877066, 10.958418 ], [ -74.877034, 10.958572 ], [ -74.876852, 10.958931 ], [ -74.876791, 10.958961 ], [ -74.876568, 10.958401 ], [ -74.876658, 10.958262 ], [ -74.877066, 10.958328 ], [ -74.877243, 10.958171 ], [ -74.877933, 10.956924 ], [ -74.87864, 10.956124 ], [ -74.878714, 10.955887 ], [ -74.877986, 10.95579 ], [ -74.877756, 10.955587 ], [ -74.878135, 10.955105 ], [ -74.87976, 10.953753 ], [ -74.880012, 10.953296 ], [ -74.87954, 10.952127 ], [ -74.879378, 10.951267 ], [ -74.878867, 10.949952 ], [ -74.878707, 10.948254 ], [ -74.878419, 10.947633 ], [ -74.877897, 10.94721 ], [ -74.877215, 10.946781 ], [ -74.877197, 10.946476 ], [ -74.877752, 10.945231 ], [ -74.877335, 10.944863 ], [ -74.877163, 10.944672 ], [ -74.877015, 10.944733 ], [ -74.876302, 10.944906 ], [ -74.876247, 10.944942 ], [ -74.87636, 10.945269 ], [ -74.874868, 10.946163 ], [ -74.873967, 10.946523 ], [ -74.87341, 10.946373 ], [ -74.872182, 10.945748 ], [ -74.870252, 10.945077 ], [ -74.869345, 10.944675 ], [ -74.867927, 10.944279 ], [ -74.867141, 10.94399 ], [ -74.865127, 10.943043 ], [ -74.863846, 10.942632 ], [ -74.862722, 10.942211 ], [ -74.860277, 10.941491 ], [ -74.859531, 10.941191 ], [ -74.859135, 10.941137 ], [ -74.858995, 10.941451 ], [ -74.858908, 10.941932 ], [ -74.859132, 10.942339 ], [ -74.859805, 10.942934 ], [ -74.860075, 10.943516 ], [ -74.859817, 10.944707 ], [ -74.85973, 10.945669 ], [ -74.860454, 10.946309 ], [ -74.861146, 10.946426 ], [ -74.861642, 10.945878 ], [ -74.861913, 10.945638 ], [ -74.862724, 10.945527 ], [ -74.862543, 10.946528 ], [ -74.862691, 10.94721 ], [ -74.863241, 10.947422 ], [ -74.864096, 10.947119 ], [ -74.86595, 10.946124 ], [ -74.866622, 10.946164 ], [ -74.867017, 10.946377 ], [ -74.867334, 10.947193 ], [ -74.868149, 10.948328 ], [ -74.868366, 10.948666 ], [ -74.868621, 10.949482 ], [ -74.869439, 10.950559 ], [ -74.869309, 10.951036 ], [ -74.868937, 10.951631 ], [ -74.868708, 10.952123 ], [ -74.868605, 10.952703 ], [ -74.86911, 10.953066 ], [ -74.869785, 10.953026 ], [ -74.870202, 10.95232 ], [ -74.870586, 10.952223 ], [ -74.871022, 10.952524 ], [ -74.87121, 10.953351 ], [ -74.871271, 10.953321 ], [ -74.871332, 10.953201 ], [ -74.872074, 10.95314 ], [ -74.872156, 10.953381 ], [ -74.871731, 10.953592 ], [ -74.871318, 10.953653 ], [ -74.87121, 10.953442 ], [ -74.871096, 10.953529 ], [ -74.871183, 10.954108 ], [ -74.871902, 10.954295 ], [ -74.872629, 10.954832 ], [ -74.872913, 10.955196 ], [ -74.873419, 10.9556 ], [ -74.873682, 10.955902 ], [ -74.873405, 10.956518 ], [ -74.873222, 10.956518 ], [ -74.872732, 10.9571 ], [ -74.872623, 10.957691 ], [ -74.872044, 10.959048 ], [ -74.871769, 10.960046 ], [ -74.871419, 10.960344 ], [ -74.871207, 10.960587 ], [ -74.870875, 10.960765 ], [ -74.870566, 10.961219 ], [ -74.870346, 10.961363 ], [ -74.869985, 10.961454 ], [ -74.86979, 10.961734 ], [ -74.869742, 10.962033 ], [ -74.869688, 10.96216 ], [ -74.869613, 10.962561 ], [ -74.869925, 10.963028 ], [ -74.870067, 10.96352 ], [ -74.870107, 10.963932 ], [ -74.869924, 10.963878 ], [ -74.869682, 10.963495 ], [ -74.868973, 10.961776 ], [ -74.868551, 10.961107 ], [ -74.868386, 10.960996 ], [ -74.867455, 10.961647 ], [ -74.867088, 10.962122 ], [ -74.866813, 10.962122 ], [ -74.866678, 10.962351 ], [ -74.865503, 10.963845 ], [ -74.864981, 10.964835 ], [ -74.864735, 10.965236 ], [ -74.864846, 10.965882 ], [ -74.865277, 10.966291 ], [ -74.865091, 10.966646 ], [ -74.86435, 10.96735 ], [ -74.863992, 10.968301 ], [ -74.863651, 10.969129 ], [ -74.863543, 10.970002 ], [ -74.863276, 10.970124 ], [ -74.862917, 10.969754 ], [ -74.86293, 10.969132 ], [ -74.863384, 10.967567 ], [ -74.863377, 10.96722 ], [ -74.86316, 10.966804 ], [ -74.862519, 10.966688 ], [ -74.861829, 10.967102 ], [ -74.861721, 10.969037 ], [ -74.861144, 10.96865 ], [ -74.860725, 10.967952 ], [ -74.860536, 10.967676 ], [ -74.859839, 10.967452 ], [ -74.859546, 10.967893 ], [ -74.859829, 10.968435 ], [ -74.860799, 10.969625 ], [ -74.860905, 10.969922 ], [ -74.860419, 10.971506 ], [ -74.860173, 10.972747 ], [ -74.860127, 10.972882 ], [ -74.85982, 10.97298 ], [ -74.858296, 10.973695 ], [ -74.858375, 10.973049 ], [ -74.85821, 10.972507 ], [ -74.857979, 10.97238 ], [ -74.856808, 10.972282 ], [ -74.856417, 10.971662 ], [ -74.855961, 10.970849 ], [ -74.855545, 10.970527 ], [ -74.855238, 10.970954 ], [ -74.85507, 10.972039 ], [ -74.854803, 10.972733 ], [ -74.85451, 10.97338 ], [ -74.853403, 10.974728 ], [ -74.852912, 10.974767 ], [ -74.852053, 10.974102 ], [ -74.851839, 10.974186 ], [ -74.851461, 10.97445 ], [ -74.851053, 10.974483 ], [ -74.850678, 10.974163 ], [ -74.849925, 10.973299 ], [ -74.849558, 10.973611 ], [ -74.849649, 10.974535 ], [ -74.850283, 10.974927 ], [ -74.849918, 10.975089 ], [ -74.849079, 10.974979 ], [ -74.848623, 10.974778 ], [ -74.847876, 10.974248 ], [ -74.847256, 10.973383 ], [ -74.846671, 10.972378 ], [ -74.846029, 10.971558 ], [ -74.845041, 10.97075 ], [ -74.843786, 10.970661 ], [ -74.843561, 10.970612 ], [ -74.843652, 10.97021 ], [ -74.843518, 10.969465 ], [ -74.843235, 10.968821 ], [ -74.842963, 10.968597 ], [ -74.842922, 10.967537 ], [ -74.843335, 10.967582 ], [ -74.843641, 10.967991 ], [ -74.844158, 10.968396 ], [ -74.844275, 10.968517 ], [ -74.844892, 10.969339 ], [ -74.847186, 10.970784 ], [ -74.848928, 10.972378 ], [ -74.849471, 10.972194 ], [ -74.850067, 10.971401 ], [ -74.850341, 10.97127 ], [ -74.850765, 10.971486 ], [ -74.850746, 10.972752 ], [ -74.850956, 10.973155 ], [ -74.8513, 10.973464 ], [ -74.851481, 10.973278 ], [ -74.85147, 10.972697 ], [ -74.851481, 10.972159 ], [ -74.852069, 10.971929 ], [ -74.853593, 10.972385 ], [ -74.853867, 10.97238 ], [ -74.854194, 10.972044 ], [ -74.854036, 10.971279 ], [ -74.85368, 10.970595 ], [ -74.852393, 10.969186 ], [ -74.852166, 10.968808 ], [ -74.851648, 10.968263 ], [ -74.85139, 10.968128 ], [ -74.850585, 10.968032 ], [ -74.849209, 10.966833 ], [ -74.8473, 10.964752 ], [ -74.846903, 10.96424 ], [ -74.846575, 10.963737 ], [ -74.845254, 10.963164 ], [ -74.844436, 10.962607 ], [ -74.844206, 10.962473 ], [ -74.844114, 10.962473 ], [ -74.844114, 10.962383 ], [ -74.843189, 10.960995 ], [ -74.842833, 10.960158 ], [ -74.842593, 10.958853 ], [ -74.842294, 10.957579 ], [ -74.84297, 10.956818 ], [ -74.842805, 10.956639 ], [ -74.842104, 10.956413 ], [ -74.842259, 10.956152 ], [ -74.843062, 10.955686 ], [ -74.843077, 10.955308 ], [ -74.842603, 10.954453 ], [ -74.841429, 10.953905 ], [ -74.840777, 10.953113 ], [ -74.840598, 10.952657 ], [ -74.839944, 10.951718 ], [ -74.839676, 10.951216 ], [ -74.839341, 10.950514 ], [ -74.838215, 10.949494 ], [ -74.838006, 10.949594 ], [ -74.83785, 10.950033 ], [ -74.837747, 10.950671 ], [ -74.837353, 10.95109 ], [ -74.836954, 10.951298 ], [ -74.836444, 10.951183 ], [ -74.836227, 10.95057 ], [ -74.836935, 10.949659 ], [ -74.836818, 10.948714 ], [ -74.836401, 10.948495 ], [ -74.834932, 10.948387 ], [ -74.834902, 10.947618 ], [ -74.83518, 10.947322 ], [ -74.836336, 10.947278 ], [ -74.836812, 10.947427 ], [ -74.837698, 10.947935 ], [ -74.838634, 10.948062 ], [ -74.838769, 10.948315 ], [ -74.839302, 10.949593 ], [ -74.839859, 10.950104 ], [ -74.84023, 10.950671 ], [ -74.841702, 10.952015 ], [ -74.842391, 10.951694 ], [ -74.842848, 10.951276 ], [ -74.843066, 10.950869 ], [ -74.842913, 10.950519 ], [ -74.84246, 10.949968 ], [ -74.84229, 10.949326 ], [ -74.842589, 10.9487 ], [ -74.843519, 10.948014 ], [ -74.843532, 10.947701 ], [ -74.843299, 10.947214 ], [ -74.842907, 10.94658 ], [ -74.842666, 10.945825 ], [ -74.842422, 10.945136 ], [ -74.842436, 10.944797 ], [ -74.842249, 10.944699 ], [ -74.842019, 10.944655 ], [ -74.841929, 10.944936 ], [ -74.841201, 10.946779 ], [ -74.840509, 10.947303 ], [ -74.839719, 10.947333 ], [ -74.838986, 10.947051 ], [ -74.837947, 10.945149 ], [ -74.8379, 10.945105 ], [ -74.837825, 10.944818 ], [ -74.837717, 10.944744 ], [ -74.837611, 10.944394 ], [ -74.837292, 10.94389 ], [ -74.836661, 10.943165 ], [ -74.836071, 10.942663 ], [ -74.835979, 10.942663 ], [ -74.835979, 10.942572 ], [ -74.835888, 10.942572 ], [ -74.835888, 10.942482 ], [ -74.83535, 10.941823 ], [ -74.83445, 10.940827 ], [ -74.833967, 10.9404 ], [ -74.833784, 10.940129 ], [ -74.834004, 10.938399 ], [ -74.834066, 10.936873 ], [ -74.834014, 10.935562 ], [ -74.834062, 10.934703 ], [ -74.834375, 10.934763 ], [ -74.834976, 10.935566 ], [ -74.835588, 10.936682 ], [ -74.836581, 10.939711 ], [ -74.836571, 10.940186 ], [ -74.836287, 10.940455 ], [ -74.83548, 10.940713 ], [ -74.835324, 10.940873 ], [ -74.835512, 10.941235 ], [ -74.835965, 10.941452 ], [ -74.836824, 10.94166 ], [ -74.838302, 10.942638 ], [ -74.838734, 10.942799 ], [ -74.83945, 10.942512 ], [ -74.840041, 10.941483 ], [ -74.840162, 10.941116 ], [ -74.840353, 10.940343 ], [ -74.840958, 10.940053 ], [ -74.84227, 10.939668 ], [ -74.842994, 10.939359 ], [ -74.843288, 10.939057 ], [ -74.84316, 10.938437 ], [ -74.843168, 10.938067 ], [ -74.844062, 10.937219 ], [ -74.843833, 10.936556 ], [ -74.844103, 10.936201 ], [ -74.845173, 10.936564 ], [ -74.845421, 10.936559 ], [ -74.845567, 10.935822 ], [ -74.846097, 10.935479 ], [ -74.846142, 10.935252 ], [ -74.846591, 10.934996 ], [ -74.846734, 10.934407 ], [ -74.846245, 10.934306 ], [ -74.845989, 10.934599 ], [ -74.846009, 10.934847 ], [ -74.845959, 10.93498 ], [ -74.845862, 10.934921 ], [ -74.84572, 10.934494 ], [ -74.845685, 10.934166 ], [ -74.846174, 10.934084 ], [ -74.846226, 10.933737 ], [ -74.845829, 10.933207 ], [ -74.845918, 10.932705 ], [ -74.846771, 10.93283 ], [ -74.847062, 10.932442 ], [ -74.846833, 10.932306 ], [ -74.846403, 10.932368 ], [ -74.845809, 10.932137 ], [ -74.845389, 10.932442 ], [ -74.845251, 10.933084 ], [ -74.845136, 10.933171 ], [ -74.845012, 10.933065 ], [ -74.844307, 10.931921 ], [ -74.84377, 10.931181 ], [ -74.842728, 10.930364 ], [ -74.842201, 10.930173 ], [ -74.841107, 10.930259 ], [ -74.840899, 10.930082 ], [ -74.840701, 10.929548 ], [ -74.840654, 10.929189 ], [ -74.840579, 10.929082 ], [ -74.840255, 10.928861 ], [ -74.840105, 10.928646 ], [ -74.840014, 10.928646 ], [ -74.839971, 10.928508 ], [ -74.839691, 10.92788 ], [ -74.839504, 10.927082 ], [ -74.839159, 10.9267 ], [ -74.837691, 10.926586 ], [ -74.837227, 10.926175 ], [ -74.837044, 10.925703 ], [ -74.836995, 10.92566 ], [ -74.836996, 10.925479 ], [ -74.836913, 10.924953 ], [ -74.836996, 10.924123 ], [ -74.837119, 10.924063 ], [ -74.837454, 10.924033 ], [ -74.837764, 10.923495 ], [ -74.837821, 10.922948 ], [ -74.837641, 10.922811 ], [ -74.837335, 10.922071 ], [ -74.837001, 10.921522 ], [ -74.837197, 10.921272 ], [ -74.837455, 10.921229 ], [ -74.837678, 10.921088 ], [ -74.838005, 10.920958 ], [ -74.838096, 10.920958 ], [ -74.837985, 10.921834 ], [ -74.838604, 10.922265 ], [ -74.839051, 10.922637 ], [ -74.839285, 10.922767 ], [ -74.839564, 10.922076 ], [ -74.839161, 10.921768 ], [ -74.83913, 10.921558 ], [ -74.839509, 10.921053 ], [ -74.839338, 10.920817 ], [ -74.83896, 10.920738 ], [ -74.83892, 10.920687 ], [ -74.839145, 10.920489 ], [ -74.838872, 10.920102 ], [ -74.838728, 10.91979 ], [ -74.838829, 10.919511 ], [ -74.838829, 10.919421 ], [ -74.839794, 10.918656 ], [ -74.840404, 10.91814 ], [ -74.840477, 10.917432 ], [ -74.840428, 10.916848 ], [ -74.840112, 10.916347 ], [ -74.84002, 10.916347 ], [ -74.839884, 10.916664 ], [ -74.839424, 10.916933 ], [ -74.838469, 10.917747 ], [ -74.838112, 10.917551 ], [ -74.837338, 10.916753 ], [ -74.836775, 10.916883 ], [ -74.836994, 10.918156 ], [ -74.836689, 10.918469 ], [ -74.836279, 10.918342 ], [ -74.83595, 10.918029 ], [ -74.835855, 10.917476 ], [ -74.83581, 10.917068 ], [ -74.835879, 10.916178 ], [ -74.83641, 10.915767 ], [ -74.837386, 10.91569 ], [ -74.837641, 10.915984 ], [ -74.838064, 10.916018 ], [ -74.838408, 10.91613 ], [ -74.838648, 10.916165 ], [ -74.8388, 10.916135 ], [ -74.839105, 10.915984 ], [ -74.840246, 10.915575 ], [ -74.84119, 10.915468 ], [ -74.841802, 10.915214 ], [ -74.841943, 10.915172 ], [ -74.841943, 10.915081 ], [ -74.842034, 10.915081 ], [ -74.842268, 10.91486 ], [ -74.842579, 10.913915 ], [ -74.842807, 10.913681 ], [ -74.843415, 10.913669 ], [ -74.843909, 10.913828 ], [ -74.845429, 10.914709 ], [ -74.848209, 10.912075 ], [ -74.848761, 10.911964 ], [ -74.849567, 10.911853 ], [ -74.849787, 10.910986 ], [ -74.850121, 10.910498 ], [ -74.849699, 10.909637 ], [ -74.84934, 10.909267 ], [ -74.848883, 10.909034 ], [ -74.846064, 10.90909 ], [ -74.843779, 10.909042 ], [ -74.842838, 10.909569 ], [ -74.842722, 10.90979 ], [ -74.842722, 10.910244 ], [ -74.843069, 10.910909 ], [ -74.842821, 10.911413 ], [ -74.841476, 10.912313 ], [ -74.840899, 10.912459 ], [ -74.839399, 10.91178 ], [ -74.838969, 10.911959 ], [ -74.838613, 10.91214 ], [ -74.838284, 10.912185 ], [ -74.838284, 10.912276 ], [ -74.838132, 10.912245 ], [ -74.838009, 10.912185 ], [ -74.83804, 10.912035 ], [ -74.838101, 10.911914 ], [ -74.83801, 10.911371 ], [ -74.837918, 10.911371 ], [ -74.837918, 10.911281 ], [ -74.837827, 10.911281 ], [ -74.837827, 10.9111 ], [ -74.837735, 10.9111 ], [ -74.837736, 10.910919 ], [ -74.837644, 10.910919 ], [ -74.837644, 10.910828 ], [ -74.837461, 10.910828 ], [ -74.837461, 10.910738 ], [ -74.83737, 10.910738 ], [ -74.83737, 10.910647 ], [ -74.836938, 10.910569 ], [ -74.835727, 10.909888 ], [ -74.83554, 10.909833 ], [ -74.835305, 10.909522 ], [ -74.835266, 10.90938 ], [ -74.835083, 10.90929 ], [ -74.834991, 10.90929 ], [ -74.834991, 10.909199 ], [ -74.8349, 10.909199 ], [ -74.8349, 10.909109 ], [ -74.834808, 10.909109 ], [ -74.834808, 10.909018 ], [ -74.834536, 10.908952 ], [ -74.83426, 10.909013 ], [ -74.83435, 10.90938 ], [ -74.834022, 10.909425 ], [ -74.833398, 10.909742 ], [ -74.831905, 10.909921 ], [ -74.831417, 10.910237 ], [ -74.830955, 10.911289 ], [ -74.830642, 10.912497 ], [ -74.83051, 10.913163 ], [ -74.829559, 10.913561 ], [ -74.82936, 10.913943 ], [ -74.829096, 10.914746 ], [ -74.828823, 10.915026 ], [ -74.827986, 10.915147 ], [ -74.827482, 10.914985 ], [ -74.826651, 10.914486 ], [ -74.82632, 10.91458 ], [ -74.825713, 10.915203 ], [ -74.825151, 10.914755 ], [ -74.82483, 10.91471 ], [ -74.824868, 10.914566 ], [ -74.82503, 10.914184 ], [ -74.825105, 10.913897 ], [ -74.82534, 10.913547 ], [ -74.82538, 10.912902 ], [ -74.82535, 10.91239 ], [ -74.825198, 10.912088 ], [ -74.825252, 10.912051 ], [ -74.82538, 10.91156 ], [ -74.825271, 10.91108 ], [ -74.824982, 10.910449 ], [ -74.825072, 10.910053 ], [ -74.825565, 10.910008 ], [ -74.825636, 10.909599 ], [ -74.825983, 10.909064 ], [ -74.826023, 10.908652 ], [ -74.826144, 10.908343 ], [ -74.825841, 10.907295 ], [ -74.826641, 10.90659 ], [ -74.827073, 10.905482 ], [ -74.827383, 10.905043 ], [ -74.828493, 10.904188 ], [ -74.828908, 10.904062 ], [ -74.829434, 10.904093 ], [ -74.829854, 10.904383 ], [ -74.830165, 10.905053 ], [ -74.830381, 10.905359 ], [ -74.830721, 10.905531 ], [ -74.831376, 10.90508 ], [ -74.831516, 10.905037 ], [ -74.831516, 10.904947 ], [ -74.832339, 10.904392 ], [ -74.833096, 10.903752 ], [ -74.833426, 10.902673 ], [ -74.833886, 10.901436 ], [ -74.834227, 10.899588 ], [ -74.834356, 10.898617 ], [ -74.834857, 10.898207 ], [ -74.83587, 10.897672 ], [ -74.836372, 10.89726 ], [ -74.83696, 10.897131 ], [ -74.837742, 10.897353 ], [ -74.838231, 10.897293 ], [ -74.838597, 10.896841 ], [ -74.838885, 10.896613 ], [ -74.839512, 10.896691 ], [ -74.839756, 10.896992 ], [ -74.83951, 10.897201 ], [ -74.839044, 10.897736 ], [ -74.838451, 10.898241 ], [ -74.837783, 10.89839 ], [ -74.836543, 10.898483 ], [ -74.836375, 10.898853 ], [ -74.83642, 10.89941 ], [ -74.837552, 10.899873 ], [ -74.837784, 10.900243 ], [ -74.837193, 10.900609 ], [ -74.836948, 10.90115 ], [ -74.836974, 10.901474 ], [ -74.837571, 10.902861 ], [ -74.837507, 10.903641 ], [ -74.837692, 10.903799 ], [ -74.837802, 10.904162 ], [ -74.838277, 10.904566 ], [ -74.838594, 10.904721 ], [ -74.839246, 10.90445 ], [ -74.839558, 10.904366 ], [ -74.839912, 10.904562 ], [ -74.840087, 10.90495 ], [ -74.840049, 10.905419 ], [ -74.839662, 10.906692 ], [ -74.841107, 10.907107 ], [ -74.841565, 10.907071 ], [ -74.841892, 10.905307 ], [ -74.840952, 10.904954 ], [ -74.840717, 10.904179 ], [ -74.840453, 10.903561 ], [ -74.840351, 10.902995 ], [ -74.840901, 10.901292 ], [ -74.840986, 10.900743 ], [ -74.841176, 10.900478 ], [ -74.841261, 10.900092 ], [ -74.841078, 10.899936 ], [ -74.840892, 10.899522 ], [ -74.84092, 10.899181 ], [ -74.841868, 10.898641 ], [ -74.842043, 10.89844 ], [ -74.842043, 10.89835 ], [ -74.842135, 10.89835 ], [ -74.842724, 10.898118 ], [ -74.844209, 10.898049 ], [ -74.844331, 10.897989 ], [ -74.844331, 10.897899 ], [ -74.844423, 10.897899 ], [ -74.844453, 10.897839 ], [ -74.844697, 10.897718 ], [ -74.845629, 10.897764 ], [ -74.846992, 10.898126 ], [ -74.847534, 10.898172 ], [ -74.84784, 10.898824 ], [ -74.846989, 10.898977 ], [ -74.846605, 10.899826 ], [ -74.845657, 10.89975 ], [ -74.845485, 10.899764 ], [ -74.845151, 10.90029 ], [ -74.845206, 10.90097 ], [ -74.84548, 10.901456 ], [ -74.846164, 10.90174 ], [ -74.846525, 10.900801 ], [ -74.846864, 10.900662 ], [ -74.849008, 10.90126 ], [ -74.84913, 10.900788 ], [ -74.848618, 10.900141 ], [ -74.848276, 10.8996 ], [ -74.848318, 10.899081 ], [ -74.848521, 10.898722 ], [ -74.849335, 10.898787 ], [ -74.849975, 10.899284 ], [ -74.85032, 10.899759 ], [ -74.850857, 10.900401 ], [ -74.851211, 10.900374 ], [ -74.851327, 10.900755 ], [ -74.851468, 10.901006 ], [ -74.851645, 10.902728 ], [ -74.851596, 10.903321 ], [ -74.851277, 10.903593 ], [ -74.849996, 10.903737 ], [ -74.84946, 10.904033 ], [ -74.849503, 10.904572 ], [ -74.849881, 10.904894 ], [ -74.850223, 10.905288 ], [ -74.850319, 10.906014 ], [ -74.850601, 10.906254 ], [ -74.851098, 10.906562 ], [ -74.851982, 10.906761 ], [ -74.853491, 10.906914 ], [ -74.854881, 10.907128 ], [ -74.855626, 10.907289 ], [ -74.856199, 10.907605 ], [ -74.857154, 10.90877 ], [ -74.857777, 10.909301 ], [ -74.857634, 10.909535 ], [ -74.857429, 10.910157 ], [ -74.8568, 10.911363 ], [ -74.856297, 10.91184 ], [ -74.855883, 10.911972 ], [ -74.855414, 10.911963 ], [ -74.854071, 10.911062 ], [ -74.853226, 10.910702 ], [ -74.852301, 10.910888 ], [ -74.851656, 10.911552 ], [ -74.851446, 10.9124 ], [ -74.851605, 10.913167 ], [ -74.852161, 10.913603 ], [ -74.852129, 10.915126 ], [ -74.851478, 10.915602 ], [ -74.850456, 10.915581 ], [ -74.849471, 10.914969 ], [ -74.848592, 10.91486 ], [ -74.847892, 10.91544 ], [ -74.847428, 10.916211 ], [ -74.84693, 10.917572 ], [ -74.84647, 10.918746 ], [ -74.846203, 10.919556 ], [ -74.845339, 10.920835 ], [ -74.84483, 10.922018 ], [ -74.844649, 10.923474 ], [ -74.844866, 10.924398 ], [ -74.845226, 10.924274 ], [ -74.847336, 10.924192 ], [ -74.850177, 10.924716 ], [ -74.850846, 10.924574 ], [ -74.850875, 10.92386 ], [ -74.850763, 10.921651 ], [ -74.849726, 10.92161 ] ], [ [ -74.843543, 10.924717 ], [ -74.842006, 10.924891 ], [ -74.840984, 10.925256 ], [ -74.840234, 10.925788 ], [ -74.840022, 10.92603 ], [ -74.839924, 10.926114 ], [ -74.839924, 10.926205 ], [ -74.840131, 10.92627 ], [ -74.842242, 10.927261 ], [ -74.842394, 10.927291 ], [ -74.842394, 10.927382 ], [ -74.843006, 10.927809 ], [ -74.844294, 10.928985 ], [ -74.844707, 10.929178 ], [ -74.845943, 10.92913 ], [ -74.846054, 10.929011 ], [ -74.846011, 10.928873 ], [ -74.845374, 10.92736 ], [ -74.845274, 10.926707 ], [ -74.845231, 10.926659 ], [ -74.845147, 10.925842 ], [ -74.844909, 10.924537 ], [ -74.844866, 10.924398 ], [ -74.843543, 10.924717 ] ], [ [ -74.849853, 10.934667 ], [ -74.849803, 10.934711 ], [ -74.849803, 10.934801 ], [ -74.850518, 10.934918 ], [ -74.851399, 10.934751 ], [ -74.851999, 10.934712 ], [ -74.852131, 10.934587 ], [ -74.852411, 10.933907 ], [ -74.852261, 10.933665 ], [ -74.851195, 10.933686 ], [ -74.850216, 10.93345 ], [ -74.850306, 10.933399 ], [ -74.85122, 10.933289 ], [ -74.851236, 10.932529 ], [ -74.850108, 10.932851 ], [ -74.849576, 10.932861 ], [ -74.849692, 10.932621 ], [ -74.84994, 10.932494 ], [ -74.850742, 10.932238 ], [ -74.851405, 10.931608 ], [ -74.851234, 10.931056 ], [ -74.850889, 10.930879 ], [ -74.850584, 10.930776 ], [ -74.849925, 10.930592 ], [ -74.847164, 10.929168 ], [ -74.846832, 10.929056 ], [ -74.846145, 10.929011 ], [ -74.8462, 10.929186 ], [ -74.847028, 10.930687 ], [ -74.847429, 10.931311 ], [ -74.848246, 10.932425 ], [ -74.848538, 10.932748 ], [ -74.849131, 10.933174 ], [ -74.849662, 10.934142 ], [ -74.849853, 10.934667 ] ], [ [ -74.861981, 10.932026 ], [ -74.863223, 10.930703 ], [ -74.865042, 10.92904 ], [ -74.864586, 10.928615 ], [ -74.863944, 10.928702 ], [ -74.863069, 10.928882 ], [ -74.862524, 10.928787 ], [ -74.861783, 10.927414 ], [ -74.861107, 10.926624 ], [ -74.860515, 10.925762 ], [ -74.86001, 10.924633 ], [ -74.859517, 10.923274 ], [ -74.859096, 10.923005 ], [ -74.859052, 10.922868 ], [ -74.858578, 10.922834 ], [ -74.858441, 10.922566 ], [ -74.85832, 10.922506 ], [ -74.858371, 10.924881 ], [ -74.858922, 10.927546 ], [ -74.858909, 10.928178 ], [ -74.858543, 10.928879 ], [ -74.858314, 10.929575 ], [ -74.858224, 10.932002 ], [ -74.858626, 10.932236 ], [ -74.858743, 10.933082 ], [ -74.859471, 10.934394 ], [ -74.859725, 10.934404 ], [ -74.860467, 10.933587 ], [ -74.861215, 10.932648 ], [ -74.861981, 10.932026 ] ], [ [ -74.857084, 10.934701 ], [ -74.857724, 10.934936 ], [ -74.858035, 10.935116 ], [ -74.858305, 10.93545 ], [ -74.857948, 10.935891 ], [ -74.858043, 10.935972 ], [ -74.85768, 10.936429 ], [ -74.856904, 10.936771 ], [ -74.855244, 10.937197 ], [ -74.852769, 10.937988 ], [ -74.852504, 10.938153 ], [ -74.853328, 10.938463 ], [ -74.854281, 10.939017 ], [ -74.855811, 10.939588 ], [ -74.857144, 10.939985 ], [ -74.85792, 10.940464 ], [ -74.858796, 10.940945 ], [ -74.859135, 10.941046 ], [ -74.859794, 10.940488 ], [ -74.860367, 10.940365 ], [ -74.86144, 10.940181 ], [ -74.862101, 10.939619 ], [ -74.862176, 10.938703 ], [ -74.861296, 10.938217 ], [ -74.860583, 10.93816 ], [ -74.85996, 10.938333 ], [ -74.858973, 10.938272 ], [ -74.85877, 10.93779 ], [ -74.858691, 10.937326 ], [ -74.858588, 10.937067 ], [ -74.858661, 10.936319 ], [ -74.858459, 10.935381 ], [ -74.858425, 10.934825 ], [ -74.858584, 10.934484 ], [ -74.858815, 10.934063 ], [ -74.858679, 10.93359 ], [ -74.858293, 10.933043 ], [ -74.858224, 10.932092 ], [ -74.85794, 10.932136 ], [ -74.857509, 10.932936 ], [ -74.8574, 10.933358 ], [ -74.857165, 10.934122 ], [ -74.857084, 10.934701 ] ], [ [ -74.845801, 10.939545 ], [ -74.844909, 10.940332 ], [ -74.844002, 10.940853 ], [ -74.843429, 10.941248 ], [ -74.842784, 10.941961 ], [ -74.842356, 10.942882 ], [ -74.842294, 10.943208 ], [ -74.84271, 10.94325 ], [ -74.843326, 10.943479 ], [ -74.843833, 10.943428 ], [ -74.844918, 10.942971 ], [ -74.845279, 10.943008 ], [ -74.845996, 10.943531 ], [ -74.846593, 10.943868 ], [ -74.84756, 10.943976 ], [ -74.848196, 10.944075 ], [ -74.848609, 10.944026 ], [ -74.848653, 10.943979 ], [ -74.850274, 10.943223 ], [ -74.850426, 10.942364 ], [ -74.850296, 10.941282 ], [ -74.850091, 10.940118 ], [ -74.850409, 10.938949 ], [ -74.850668, 10.938222 ], [ -74.850672, 10.938105 ], [ -74.850716, 10.938058 ], [ -74.849967, 10.938017 ], [ -74.849591, 10.93776 ], [ -74.84949, 10.93737 ], [ -74.849321, 10.937114 ], [ -74.849033, 10.936285 ], [ -74.848979, 10.936248 ], [ -74.848839, 10.936291 ], [ -74.847869, 10.9369 ], [ -74.847008, 10.937375 ], [ -74.846736, 10.937676 ], [ -74.846404, 10.938527 ], [ -74.845801, 10.939545 ] ], [ [ -74.842992, 10.954712 ], [ -74.843376, 10.955339 ], [ -74.843939, 10.955704 ], [ -74.844722, 10.95601 ], [ -74.845232, 10.956 ], [ -74.845779, 10.955634 ], [ -74.845902, 10.955347 ], [ -74.845653, 10.953658 ], [ -74.845914, 10.953295 ], [ -74.846283, 10.953484 ], [ -74.846986, 10.954917 ], [ -74.847194, 10.955013 ], [ -74.847609, 10.954802 ], [ -74.847733, 10.953927 ], [ -74.848203, 10.953623 ], [ -74.84819, 10.952978 ], [ -74.846122, 10.950715 ], [ -74.84403, 10.948726 ], [ -74.843619, 10.949153 ], [ -74.843953, 10.950119 ], [ -74.844693, 10.951283 ], [ -74.844805, 10.951821 ], [ -74.844319, 10.952454 ], [ -74.843687, 10.952762 ], [ -74.843339, 10.953571 ], [ -74.843072, 10.953825 ], [ -74.842849, 10.954161 ], [ -74.842992, 10.954712 ] ], [ [ -74.850435, 10.951443 ], [ -74.849993, 10.951843 ], [ -74.850028, 10.952432 ], [ -74.850391, 10.952661 ], [ -74.850661, 10.952885 ], [ -74.850384, 10.953388 ], [ -74.850116, 10.954318 ], [ -74.850356, 10.954755 ], [ -74.850978, 10.954922 ], [ -74.851524, 10.95463 ], [ -74.852069, 10.952889 ], [ -74.852019, 10.952055 ], [ -74.851575, 10.951489 ], [ -74.850435, 10.951443 ] ], [ [ -74.868784, 10.958278 ], [ -74.868438, 10.957436 ], [ -74.868746, 10.957144 ], [ -74.869332, 10.956432 ], [ -74.869012, 10.956244 ], [ -74.868961, 10.956298 ], [ -74.867783, 10.956681 ], [ -74.867984, 10.957262 ], [ -74.867568, 10.957657 ], [ -74.866657, 10.958713 ], [ -74.866787, 10.958836 ], [ -74.86753, 10.959193 ], [ -74.868093, 10.959772 ], [ -74.868689, 10.960812 ], [ -74.86989, 10.960902 ], [ -74.870293, 10.960696 ], [ -74.870428, 10.960233 ], [ -74.869892, 10.959535 ], [ -74.868874, 10.958736 ], [ -74.868784, 10.958278 ] ], [ [ -74.848371, 10.965142 ], [ -74.84956, 10.966408 ], [ -74.85021, 10.967335 ], [ -74.850574, 10.967669 ], [ -74.851743, 10.967808 ], [ -74.852532, 10.968175 ], [ -74.852762, 10.968309 ], [ -74.853108, 10.968544 ], [ -74.853512, 10.968975 ], [ -74.854314, 10.969941 ], [ -74.854645, 10.9703 ], [ -74.855307, 10.968809 ], [ -74.855559, 10.968404 ], [ -74.856544, 10.97009 ], [ -74.857257, 10.970743 ], [ -74.857609, 10.971119 ], [ -74.857792, 10.971056 ], [ -74.857504, 10.970363 ], [ -74.856935, 10.969841 ], [ -74.857237, 10.968989 ], [ -74.857369, 10.968441 ], [ -74.857725, 10.968116 ], [ -74.858024, 10.968178 ], [ -74.85798, 10.96804 ], [ -74.85731, 10.967256 ], [ -74.856597, 10.966603 ], [ -74.856284, 10.966268 ], [ -74.85615, 10.965903 ], [ -74.856997, 10.964323 ], [ -74.857338, 10.963492 ], [ -74.857054, 10.962961 ], [ -74.856151, 10.962369 ], [ -74.855627, 10.96181 ], [ -74.855009, 10.960724 ], [ -74.853515, 10.961505 ], [ -74.852213, 10.961616 ], [ -74.849839, 10.961995 ], [ -74.848103, 10.963564 ], [ -74.847977, 10.964085 ], [ -74.848371, 10.965142 ] ], [ [ -74.87992, 10.909732 ], [ -74.879376, 10.909251 ], [ -74.879008, 10.909039 ], [ -74.87896, 10.909289 ], [ -74.878768, 10.909638 ], [ -74.878044, 10.909805 ], [ -74.877835, 10.909917 ], [ -74.877869, 10.910497 ], [ -74.877353, 10.910731 ], [ -74.877133, 10.91109 ], [ -74.87741, 10.911334 ], [ -74.878437, 10.91157 ], [ -74.878958, 10.911252 ], [ -74.879471, 10.911158 ], [ -74.880102, 10.910773 ], [ -74.88038, 10.910922 ], [ -74.880656, 10.910774 ], [ -74.87992, 10.909732 ] ], [ [ -74.884864, 10.91094 ], [ -74.884864, 10.91085 ], [ -74.885395, 10.910381 ], [ -74.885991, 10.909723 ], [ -74.886054, 10.908861 ], [ -74.886115, 10.907555 ], [ -74.887244, 10.907504 ], [ -74.887427, 10.907414 ], [ -74.887753, 10.907375 ], [ -74.887973, 10.907244 ], [ -74.88792, 10.906888 ], [ -74.887314, 10.906642 ], [ -74.887061, 10.9066 ], [ -74.887061, 10.90651 ], [ -74.886878, 10.906509 ], [ -74.886878, 10.906419 ], [ -74.886787, 10.906419 ], [ -74.886604, 10.906328 ], [ -74.88652, 10.906445 ], [ -74.886234, 10.906501 ], [ -74.886002, 10.9062 ], [ -74.885926, 10.905008 ], [ -74.885795, 10.904362 ], [ -74.884996, 10.903939 ], [ -74.884958, 10.903886 ], [ -74.884958, 10.903796 ], [ -74.884825, 10.903686 ], [ -74.885079, 10.902983 ], [ -74.885417, 10.902582 ], [ -74.886239, 10.902711 ], [ -74.886997, 10.902889 ], [ -74.887108, 10.902288 ], [ -74.887247, 10.900269 ], [ -74.88737, 10.899604 ], [ -74.887869, 10.899329 ], [ -74.889343, 10.899208 ], [ -74.890084, 10.899095 ], [ -74.892069, 10.899166 ], [ -74.892783, 10.898597 ], [ -74.893332, 10.898242 ], [ -74.893211, 10.897868 ], [ -74.892395, 10.897592 ], [ -74.890158, 10.897636 ], [ -74.889536, 10.897466 ], [ -74.889688, 10.897084 ], [ -74.889862, 10.896342 ], [ -74.889994, 10.895567 ], [ -74.889785, 10.895402 ], [ -74.889587, 10.89454 ], [ -74.889679, 10.893809 ], [ -74.889829, 10.893125 ], [ -74.89031, 10.892097 ], [ -74.890225, 10.891413 ], [ -74.889979, 10.890999 ], [ -74.890066, 10.890308 ], [ -74.889136, 10.889469 ], [ -74.887855, 10.88931 ], [ -74.887817, 10.88901 ], [ -74.887893, 10.888412 ], [ -74.887664, 10.888279 ], [ -74.887526, 10.888331 ], [ -74.887429, 10.888417 ], [ -74.886694, 10.889229 ], [ -74.885707, 10.890399 ], [ -74.884826, 10.890799 ], [ -74.884731, 10.891303 ], [ -74.883403, 10.893141 ], [ -74.883162, 10.895224 ], [ -74.882991, 10.896331 ], [ -74.882904, 10.89715 ], [ -74.882807, 10.897778 ], [ -74.882677, 10.899278 ], [ -74.881983, 10.899677 ], [ -74.881687, 10.899881 ], [ -74.88153, 10.90164 ], [ -74.881987, 10.901847 ], [ -74.882253, 10.901991 ], [ -74.882304, 10.9028 ], [ -74.881352, 10.902565 ], [ -74.881115, 10.902528 ], [ -74.881115, 10.902437 ], [ -74.881023, 10.902437 ], [ -74.880461, 10.90227 ], [ -74.879792, 10.902027 ], [ -74.879253, 10.901906 ], [ -74.878685, 10.90195 ], [ -74.878035, 10.903151 ], [ -74.877598, 10.904582 ], [ -74.878153, 10.904926 ], [ -74.878998, 10.905101 ], [ -74.879235, 10.90483 ], [ -74.879461, 10.904638 ], [ -74.879754, 10.904661 ], [ -74.880537, 10.905144 ], [ -74.880945, 10.905283 ], [ -74.881297, 10.904879 ], [ -74.881389, 10.904879 ], [ -74.881609, 10.904736 ], [ -74.881879, 10.904662 ], [ -74.882212, 10.90488 ], [ -74.882212, 10.905332 ], [ -74.88212, 10.905332 ], [ -74.882051, 10.906821 ], [ -74.881763, 10.907234 ], [ -74.881101, 10.9067 ], [ -74.880144, 10.906033 ], [ -74.879745, 10.905908 ], [ -74.879192, 10.905929 ], [ -74.878792, 10.905914 ], [ -74.877595, 10.905189 ], [ -74.877375, 10.905198 ], [ -74.877226, 10.90563 ], [ -74.877545, 10.906144 ], [ -74.877897, 10.906399 ], [ -74.879324, 10.907027 ], [ -74.879923, 10.907411 ], [ -74.880748, 10.907771 ], [ -74.88141, 10.908022 ], [ -74.881797, 10.907726 ], [ -74.88215, 10.907618 ], [ -74.882618, 10.90787 ], [ -74.883889, 10.908447 ], [ -74.884689, 10.909137 ], [ -74.884816, 10.909537 ], [ -74.884315, 10.910217 ], [ -74.884223, 10.910217 ], [ -74.884183, 10.910357 ], [ -74.883816, 10.910925 ], [ -74.883633, 10.911349 ], [ -74.884126, 10.911523 ], [ -74.884864, 10.91094 ] ], [ [ -74.877773, 10.891901 ], [ -74.875547, 10.891811 ], [ -74.875263, 10.892125 ], [ -74.875263, 10.892215 ], [ -74.875107, 10.892348 ], [ -74.874367, 10.89322 ], [ -74.873942, 10.893483 ], [ -74.872817, 10.893817 ], [ -74.871912, 10.894626 ], [ -74.871939, 10.894966 ], [ -74.872456, 10.895286 ], [ -74.873679, 10.895507 ], [ -74.87512, 10.895394 ], [ -74.875588, 10.895136 ], [ -74.876177, 10.894205 ], [ -74.876268, 10.894205 ], [ -74.876355, 10.89411 ], [ -74.877203, 10.893622 ], [ -74.878322, 10.892766 ], [ -74.878417, 10.892193 ], [ -74.877773, 10.891901 ] ], [ [ -74.874989, 10.89063 ], [ -74.874662, 10.890544 ], [ -74.875703, 10.889433 ], [ -74.875401, 10.888844 ], [ -74.875306, 10.887945 ], [ -74.874624, 10.887874 ], [ -74.874545, 10.888237 ], [ -74.874621, 10.889494 ], [ -74.874489, 10.88964 ], [ -74.874308, 10.889799 ], [ -74.874214, 10.890002 ], [ -74.873443, 10.890847 ], [ -74.87373, 10.891165 ], [ -74.874237, 10.891195 ], [ -74.874988, 10.890997 ], [ -74.87491, 10.891327 ], [ -74.873847, 10.891467 ], [ -74.874029, 10.891618 ], [ -74.876213, 10.891394 ], [ -74.876232, 10.891094 ], [ -74.875949, 10.891077 ], [ -74.875422, 10.891108 ], [ -74.876128, 10.89084 ], [ -74.876135, 10.890721 ], [ -74.87599, 10.890593 ], [ -74.875824, 10.890409 ], [ -74.874989, 10.89063 ] ], [ [ -74.881253, 10.885108 ], [ -74.880346, 10.884664 ], [ -74.879841, 10.88462 ], [ -74.879253, 10.886316 ], [ -74.87954, 10.88658 ], [ -74.879968, 10.887478 ], [ -74.880257, 10.888017 ], [ -74.880458, 10.888009 ], [ -74.880707, 10.887377 ], [ -74.881077, 10.886567 ], [ -74.881282, 10.885841 ], [ -74.881253, 10.885108 ] ], [ [ -74.88457, 10.886182 ], [ -74.884735, 10.885839 ], [ -74.884188, 10.885576 ], [ -74.884097, 10.885357 ], [ -74.884527, 10.885079 ], [ -74.884647, 10.884469 ], [ -74.884643, 10.88427 ], [ -74.883636, 10.883946 ], [ -74.883196, 10.883722 ], [ -74.883091, 10.882798 ], [ -74.883435, 10.882678 ], [ -74.885322, 10.883243 ], [ -74.886474, 10.883764 ], [ -74.886816, 10.883853 ], [ -74.886932, 10.882249 ], [ -74.886475, 10.881503 ], [ -74.886111, 10.880868 ], [ -74.885898, 10.880558 ], [ -74.88495, 10.87944 ], [ -74.884106, 10.878638 ], [ -74.883869, 10.878562 ], [ -74.883824, 10.879332 ], [ -74.883724, 10.879523 ], [ -74.883503, 10.880197 ], [ -74.882662, 10.880995 ], [ -74.882026, 10.882132 ], [ -74.881902, 10.882459 ], [ -74.88224, 10.883309 ], [ -74.881156, 10.883034 ], [ -74.880889, 10.883039 ], [ -74.880897, 10.883407 ], [ -74.882071, 10.884328 ], [ -74.882173, 10.884868 ], [ -74.881807, 10.88557 ], [ -74.881717, 10.885949 ], [ -74.882183, 10.887469 ], [ -74.882611, 10.887251 ], [ -74.882815, 10.88674 ], [ -74.8831, 10.88647 ], [ -74.88457, 10.886182 ] ], [ [ -74.885744, 10.878426 ], [ -74.885655, 10.878823 ], [ -74.886972, 10.880274 ], [ -74.887495, 10.880597 ], [ -74.887878, 10.880188 ], [ -74.887832, 10.879018 ], [ -74.88725, 10.878079 ], [ -74.886712, 10.877384 ], [ -74.886249, 10.877297 ], [ -74.885744, 10.878426 ] ], [ [ -74.896135, 10.884002 ], [ -74.895995, 10.884313 ], [ -74.89558, 10.884355 ], [ -74.89551, 10.884293 ], [ -74.895205, 10.883196 ], [ -74.894423, 10.882309 ], [ -74.894526, 10.880689 ], [ -74.894757, 10.880375 ], [ -74.893841, 10.880154 ], [ -74.893298, 10.880238 ], [ -74.892757, 10.880635 ], [ -74.892601, 10.880516 ], [ -74.892561, 10.880465 ], [ -74.89247, 10.880465 ], [ -74.892357, 10.880987 ], [ -74.892609, 10.881683 ], [ -74.892708, 10.882105 ], [ -74.892532, 10.882918 ], [ -74.892739, 10.884073 ], [ -74.892399, 10.884691 ], [ -74.892444, 10.885439 ], [ -74.892416, 10.885905 ], [ -74.892196, 10.886716 ], [ -74.892058, 10.888019 ], [ -74.891735, 10.888785 ], [ -74.89225, 10.888849 ], [ -74.892558, 10.888966 ], [ -74.892653, 10.888892 ], [ -74.892996, 10.888087 ], [ -74.893525, 10.887434 ], [ -74.8938, 10.886485 ], [ -74.893881, 10.88548 ], [ -74.894166, 10.885128 ], [ -74.894248, 10.884847 ], [ -74.894476, 10.884666 ], [ -74.895093, 10.884492 ], [ -74.89558, 10.884445 ], [ -74.895713, 10.884946 ], [ -74.896229, 10.886146 ], [ -74.896916, 10.887103 ], [ -74.897134, 10.887588 ], [ -74.897078, 10.888276 ], [ -74.896509, 10.88876 ], [ -74.895803, 10.888919 ], [ -74.895761, 10.888967 ], [ -74.895803, 10.889016 ], [ -74.896352, 10.889378 ], [ -74.896982, 10.889614 ], [ -74.897011, 10.889964 ], [ -74.896821, 10.890385 ], [ -74.896542, 10.890825 ], [ -74.896066, 10.891466 ], [ -74.895657, 10.892424 ], [ -74.895985, 10.893307 ], [ -74.895697, 10.893683 ], [ -74.894606, 10.894608 ], [ -74.894436, 10.894803 ], [ -74.894203, 10.894936 ], [ -74.894069, 10.894822 ], [ -74.894174, 10.894015 ], [ -74.894429, 10.89335 ], [ -74.894985, 10.892181 ], [ -74.895071, 10.890818 ], [ -74.89512, 10.890324 ], [ -74.894479, 10.890323 ], [ -74.89448, 10.889419 ], [ -74.893199, 10.889418 ], [ -74.892973, 10.889919 ], [ -74.892362, 10.890608 ], [ -74.892216, 10.89217 ], [ -74.891904, 10.892722 ], [ -74.891099, 10.893407 ], [ -74.890947, 10.893744 ], [ -74.890979, 10.894146 ], [ -74.891153, 10.894455 ], [ -74.891843, 10.89466 ], [ -74.892989, 10.89457 ], [ -74.893532, 10.894905 ], [ -74.894203, 10.895026 ], [ -74.894411, 10.895532 ], [ -74.894943, 10.896414 ], [ -74.895067, 10.896705 ], [ -74.895118, 10.896745 ], [ -74.895174, 10.896693 ], [ -74.895585, 10.895833 ], [ -74.896413, 10.895574 ], [ -74.896653, 10.89458 ], [ -74.899038, 10.894722 ], [ -74.900167, 10.8949 ], [ -74.90111, 10.895256 ], [ -74.90226, 10.895356 ], [ -74.902887, 10.895573 ], [ -74.903278, 10.895215 ], [ -74.903476, 10.894846 ], [ -74.90385, 10.893585 ], [ -74.903867, 10.893177 ], [ -74.903378, 10.893326 ], [ -74.902285, 10.893987 ], [ -74.901846, 10.89384 ], [ -74.901934, 10.893535 ], [ -74.902484, 10.892649 ], [ -74.902301, 10.892049 ], [ -74.901949, 10.891865 ], [ -74.901386, 10.891997 ], [ -74.900864, 10.892178 ], [ -74.900583, 10.892061 ], [ -74.900383, 10.891306 ], [ -74.900515, 10.890851 ], [ -74.901061, 10.890566 ], [ -74.901894, 10.890305 ], [ -74.902288, 10.889305 ], [ -74.90256, 10.889016 ], [ -74.902854, 10.889103 ], [ -74.903101, 10.889729 ], [ -74.903773, 10.889904 ], [ -74.90418, 10.889532 ], [ -74.904271, 10.88906 ], [ -74.903617, 10.888875 ], [ -74.903407, 10.888521 ], [ -74.9035, 10.887839 ], [ -74.903722, 10.887071 ], [ -74.903663, 10.886888 ], [ -74.90203, 10.887387 ], [ -74.901293, 10.887593 ], [ -74.901309, 10.888361 ], [ -74.900991, 10.88884 ], [ -74.9002, 10.889738 ], [ -74.899282, 10.890731 ], [ -74.898664, 10.891714 ], [ -74.898109, 10.891997 ], [ -74.897874, 10.891804 ], [ -74.898037, 10.891018 ], [ -74.897729, 10.89087 ], [ -74.897895, 10.890611 ], [ -74.898825, 10.889465 ], [ -74.900207, 10.887999 ], [ -74.900195, 10.887402 ], [ -74.900341, 10.886698 ], [ -74.899905, 10.885438 ], [ -74.90004, 10.884619 ], [ -74.900823, 10.884236 ], [ -74.900995, 10.884073 ], [ -74.901203, 10.883231 ], [ -74.901748, 10.882865 ], [ -74.902815, 10.883219 ], [ -74.903479, 10.883233 ], [ -74.904219, 10.882879 ], [ -74.90467, 10.882013 ], [ -74.904867, 10.881256 ], [ -74.904875, 10.880873 ], [ -74.904582, 10.880594 ], [ -74.90471, 10.879818 ], [ -74.904954, 10.879075 ], [ -74.905137, 10.878887 ], [ -74.905327, 10.878976 ], [ -74.906082, 10.879428 ], [ -74.906242, 10.87934 ], [ -74.906663, 10.878779 ], [ -74.907501, 10.878288 ], [ -74.907888, 10.877545 ], [ -74.907758, 10.87726 ], [ -74.907457, 10.877373 ], [ -74.90707, 10.878162 ], [ -74.906793, 10.878032 ], [ -74.906775, 10.87718 ], [ -74.907065, 10.876987 ], [ -74.907677, 10.876627 ], [ -74.908182, 10.876249 ], [ -74.90907, 10.876267 ], [ -74.909444, 10.876088 ], [ -74.909295, 10.875477 ], [ -74.908304, 10.875238 ], [ -74.90772, 10.874637 ], [ -74.907434, 10.874631 ], [ -74.907074, 10.875173 ], [ -74.906355, 10.875539 ], [ -74.905351, 10.875636 ], [ -74.905145, 10.876428 ], [ -74.905044, 10.877348 ], [ -74.904687, 10.877229 ], [ -74.904777, 10.876986 ], [ -74.90496, 10.876635 ], [ -74.904635, 10.876596 ], [ -74.90423, 10.87698 ], [ -74.904461, 10.877232 ], [ -74.905047, 10.877612 ], [ -74.905055, 10.87797 ], [ -74.904903, 10.878432 ], [ -74.904549, 10.878439 ], [ -74.904058, 10.87744 ], [ -74.903757, 10.877532 ], [ -74.903315, 10.877757 ], [ -74.903404, 10.877528 ], [ -74.903587, 10.877354 ], [ -74.903476, 10.876897 ], [ -74.903313, 10.876985 ], [ -74.902796, 10.877373 ], [ -74.901668, 10.87771 ], [ -74.9013, 10.877799 ], [ -74.900852, 10.87795 ], [ -74.900234, 10.877752 ], [ -74.899929, 10.877308 ], [ -74.900145, 10.877138 ], [ -74.901354, 10.877274 ], [ -74.901507, 10.876834 ], [ -74.901298, 10.876619 ], [ -74.899959, 10.876646 ], [ -74.899201, 10.876499 ], [ -74.899199, 10.875904 ], [ -74.89902, 10.87572 ], [ -74.898808, 10.87591 ], [ -74.89794, 10.876803 ], [ -74.897328, 10.87669 ], [ -74.896955, 10.876306 ], [ -74.896996, 10.875532 ], [ -74.897286, 10.875411 ], [ -74.897504, 10.875239 ], [ -74.897742, 10.874839 ], [ -74.897576, 10.873526 ], [ -74.897801, 10.87275 ], [ -74.898095, 10.872638 ], [ -74.89842, 10.872598 ], [ -74.898786, 10.872418 ], [ -74.899048, 10.872082 ], [ -74.900014, 10.871564 ], [ -74.900094, 10.87103 ], [ -74.899869, 10.870486 ], [ -74.899793, 10.870428 ], [ -74.899081, 10.871012 ], [ -74.8982, 10.870893 ], [ -74.898156, 10.870346 ], [ -74.898238, 10.869975 ], [ -74.897864, 10.870022 ], [ -74.897229, 10.87042 ], [ -74.896867, 10.87101 ], [ -74.896733, 10.871472 ], [ -74.896396, 10.871888 ], [ -74.895735, 10.872163 ], [ -74.895885, 10.873355 ], [ -74.89538, 10.873979 ], [ -74.895116, 10.874598 ], [ -74.895213, 10.875373 ], [ -74.895481, 10.876062 ], [ -74.895674, 10.876215 ], [ -74.896027, 10.875544 ], [ -74.896521, 10.875654 ], [ -74.896863, 10.876306 ], [ -74.896905, 10.876627 ], [ -74.897035, 10.876969 ], [ -74.896977, 10.877527 ], [ -74.896397, 10.87788 ], [ -74.896087, 10.878585 ], [ -74.895938, 10.879088 ], [ -74.895571, 10.879898 ], [ -74.894914, 10.880298 ], [ -74.894849, 10.880375 ], [ -74.895169, 10.88047 ], [ -74.896052, 10.881018 ], [ -74.89633, 10.881404 ], [ -74.89601, 10.882457 ], [ -74.896135, 10.884002 ] ], [ [ -74.884515, 10.866805 ], [ -74.884472, 10.866854 ], [ -74.884067, 10.866974 ], [ -74.883231, 10.867435 ], [ -74.882662, 10.868218 ], [ -74.881946, 10.868827 ], [ -74.881808, 10.869717 ], [ -74.881832, 10.870011 ], [ -74.882114, 10.870404 ], [ -74.882669, 10.870554 ], [ -74.883334, 10.869417 ], [ -74.883837, 10.868836 ], [ -74.885021, 10.868211 ], [ -74.885609, 10.867713 ], [ -74.885746, 10.867359 ], [ -74.885353, 10.867025 ], [ -74.884515, 10.866805 ] ], [ [ -74.907543, 10.869291 ], [ -74.907721, 10.869103 ], [ -74.908011, 10.868235 ], [ -74.908785, 10.868126 ], [ -74.909618, 10.868758 ], [ -74.910164, 10.868847 ], [ -74.910739, 10.868385 ], [ -74.910909, 10.867852 ], [ -74.910957, 10.867809 ], [ -74.910957, 10.867447 ], [ -74.910866, 10.867447 ], [ -74.910866, 10.867266 ], [ -74.910456, 10.866948 ], [ -74.910041, 10.866683 ], [ -74.909251, 10.866558 ], [ -74.90848, 10.866034 ], [ -74.90793, 10.866055 ], [ -74.907802, 10.866599 ], [ -74.90834, 10.867091 ], [ -74.907874, 10.867691 ], [ -74.907206, 10.867665 ], [ -74.906951, 10.867675 ], [ -74.906574, 10.868076 ], [ -74.906613, 10.869038 ], [ -74.907197, 10.869412 ], [ -74.907543, 10.869291 ] ], [ [ -74.917041, 10.873085 ], [ -74.917222, 10.872558 ], [ -74.917771, 10.872037 ], [ -74.917519, 10.871124 ], [ -74.917269, 10.870996 ], [ -74.916757, 10.871296 ], [ -74.916322, 10.871743 ], [ -74.915867, 10.871752 ], [ -74.915393, 10.871474 ], [ -74.915211, 10.871287 ], [ -74.915037, 10.871816 ], [ -74.914298, 10.871959 ], [ -74.914292, 10.872245 ], [ -74.915025, 10.872597 ], [ -74.915037, 10.873185 ], [ -74.914671, 10.873371 ], [ -74.914478, 10.873203 ], [ -74.913615, 10.872315 ], [ -74.912471, 10.871573 ], [ -74.912328, 10.871427 ], [ -74.912237, 10.871427 ], [ -74.911742, 10.871102 ], [ -74.911596, 10.871065 ], [ -74.911596, 10.870974 ], [ -74.911505, 10.870974 ], [ -74.911107, 10.87084 ], [ -74.909803, 10.870994 ], [ -74.909353, 10.871138 ], [ -74.909354, 10.871563 ], [ -74.909718, 10.87168 ], [ -74.909725, 10.872008 ], [ -74.909356, 10.872716 ], [ -74.909348, 10.873084 ], [ -74.90961, 10.873617 ], [ -74.913189, 10.873757 ], [ -74.913849, 10.873916 ], [ -74.914909, 10.874456 ], [ -74.915335, 10.874331 ], [ -74.91617, 10.873291 ], [ -74.917151, 10.873623 ], [ -74.918594, 10.873653 ], [ -74.918603, 10.873236 ], [ -74.917041, 10.873085 ] ], [ [ -74.916555, 10.883861 ], [ -74.916583, 10.883409 ], [ -74.916402, 10.883249 ], [ -74.916247, 10.882915 ], [ -74.915903, 10.88269 ], [ -74.915366, 10.882881 ], [ -74.915103, 10.882865 ], [ -74.914928, 10.882488 ], [ -74.914736, 10.882318 ], [ -74.914476, 10.882334 ], [ -74.913837, 10.882871 ], [ -74.913597, 10.88298 ], [ -74.913199, 10.883654 ], [ -74.91304, 10.884165 ], [ -74.913727, 10.884597 ], [ -74.913427, 10.885309 ], [ -74.912859, 10.886112 ], [ -74.912659, 10.886211 ], [ -74.91167, 10.885922 ], [ -74.911251, 10.885946 ], [ -74.911, 10.886487 ], [ -74.910874, 10.886598 ], [ -74.909835, 10.886461 ], [ -74.909497, 10.886695 ], [ -74.909016, 10.88793 ], [ -74.910379, 10.88802 ], [ -74.911242, 10.887424 ], [ -74.911632, 10.887302 ], [ -74.911917, 10.888326 ], [ -74.912113, 10.888683 ], [ -74.912818, 10.889003 ], [ -74.913556, 10.888382 ], [ -74.914005, 10.888207 ], [ -74.914563, 10.888659 ], [ -74.914958, 10.888744 ], [ -74.915324, 10.888548 ], [ -74.915885, 10.887785 ], [ -74.916183, 10.887142 ], [ -74.916408, 10.885955 ], [ -74.917064, 10.885066 ], [ -74.9174, 10.884494 ], [ -74.919013, 10.883846 ], [ -74.918601, 10.882328 ], [ -74.918504, 10.881542 ], [ -74.918819, 10.881098 ], [ -74.920072, 10.88143 ], [ -74.920376, 10.881412 ], [ -74.920513, 10.880463 ], [ -74.920028, 10.879582 ], [ -74.919399, 10.879296 ], [ -74.918914, 10.879207 ], [ -74.918871, 10.879254 ], [ -74.918651, 10.879354 ], [ -74.918175, 10.879958 ], [ -74.917841, 10.880814 ], [ -74.917152, 10.881247 ], [ -74.917018, 10.881678 ], [ -74.917078, 10.882688 ], [ -74.917015, 10.883731 ], [ -74.916555, 10.883861 ] ], [ [ -74.92408, 10.891823 ], [ -74.92399, 10.892277 ], [ -74.923786, 10.892668 ], [ -74.923122, 10.892828 ], [ -74.922296, 10.892811 ], [ -74.921785, 10.892822 ], [ -74.921591, 10.893021 ], [ -74.921754, 10.893652 ], [ -74.921563, 10.894574 ], [ -74.920976, 10.895292 ], [ -74.921178, 10.895876 ], [ -74.922355, 10.896018 ], [ -74.923107, 10.896553 ], [ -74.923485, 10.896934 ], [ -74.923355, 10.896346 ], [ -74.923583, 10.895313 ], [ -74.923752, 10.894399 ], [ -74.924178, 10.893426 ], [ -74.924535, 10.892816 ], [ -74.925024, 10.892156 ], [ -74.925317, 10.891507 ], [ -74.926178, 10.890146 ], [ -74.926831, 10.888989 ], [ -74.927056, 10.888253 ], [ -74.926764, 10.888081 ], [ -74.926126, 10.887319 ], [ -74.925347, 10.886289 ], [ -74.924341, 10.886309 ], [ -74.923774, 10.886597 ], [ -74.923534, 10.887627 ], [ -74.924172, 10.889036 ], [ -74.923837, 10.889678 ], [ -74.923168, 10.89055 ], [ -74.923075, 10.890821 ], [ -74.923997, 10.89092 ], [ -74.924388, 10.891119 ], [ -74.92408, 10.891823 ] ], [ [ -74.916077, 10.8907 ], [ -74.916123, 10.891462 ], [ -74.915791, 10.892251 ], [ -74.916122, 10.892995 ], [ -74.916208, 10.893355 ], [ -74.915525, 10.894129 ], [ -74.915086, 10.895316 ], [ -74.914733, 10.895627 ], [ -74.914792, 10.896118 ], [ -74.913961, 10.896171 ], [ -74.91344, 10.897197 ], [ -74.913282, 10.898153 ], [ -74.913055, 10.898484 ], [ -74.912731, 10.898694 ], [ -74.912228, 10.899071 ], [ -74.911407, 10.899269 ], [ -74.909686, 10.899233 ], [ -74.908897, 10.899033 ], [ -74.908492, 10.898762 ], [ -74.908147, 10.898604 ], [ -74.907759, 10.898801 ], [ -74.907334, 10.899931 ], [ -74.906939, 10.900445 ], [ -74.90588, 10.902208 ], [ -74.905776, 10.903043 ], [ -74.905438, 10.903364 ], [ -74.904311, 10.903485 ], [ -74.903342, 10.904349 ], [ -74.902651, 10.904479 ], [ -74.901858, 10.904211 ], [ -74.901293, 10.904661 ], [ -74.900808, 10.904945 ], [ -74.900414, 10.90535 ], [ -74.900194, 10.90656 ], [ -74.899938, 10.907546 ], [ -74.900421, 10.908651 ], [ -74.901518, 10.909909 ], [ -74.902255, 10.910394 ], [ -74.902387, 10.910847 ], [ -74.901892, 10.911492 ], [ -74.901382, 10.91253 ], [ -74.901272, 10.912633 ], [ -74.900017, 10.913369 ], [ -74.899602, 10.913994 ], [ -74.899445, 10.914471 ], [ -74.899091, 10.91515 ], [ -74.898975, 10.915503 ], [ -74.899315, 10.916332 ], [ -74.899229, 10.916914 ], [ -74.899601, 10.916783 ], [ -74.900967, 10.917186 ], [ -74.901198, 10.916419 ], [ -74.901294, 10.91445 ], [ -74.902461, 10.913907 ], [ -74.902663, 10.913616 ], [ -74.902909, 10.912745 ], [ -74.903762, 10.912127 ], [ -74.904277, 10.911296 ], [ -74.904311, 10.910451 ], [ -74.904356, 10.910223 ], [ -74.904538, 10.910132 ], [ -74.90463, 10.909952 ], [ -74.90469, 10.909675 ], [ -74.904437, 10.909128 ], [ -74.903577, 10.908129 ], [ -74.903174, 10.907559 ], [ -74.902895, 10.906528 ], [ -74.903079, 10.90594 ], [ -74.904127, 10.905819 ], [ -74.905539, 10.905237 ], [ -74.906397, 10.90448 ], [ -74.907008, 10.903369 ], [ -74.907394, 10.901988 ], [ -74.907599, 10.901761 ], [ -74.907916, 10.901481 ], [ -74.908159, 10.901138 ], [ -74.908299, 10.900249 ], [ -74.909107, 10.899962 ], [ -74.909715, 10.900048 ], [ -74.910358, 10.900218 ], [ -74.910667, 10.900237 ], [ -74.911814, 10.900049 ], [ -74.912957, 10.899943 ], [ -74.913313, 10.899374 ], [ -74.913482, 10.899011 ], [ -74.914287, 10.898862 ], [ -74.91456, 10.898622 ], [ -74.914291, 10.897565 ], [ -74.914409, 10.897252 ], [ -74.914926, 10.896522 ], [ -74.914975, 10.89648 ], [ -74.915599, 10.896427 ], [ -74.916262, 10.89597 ], [ -74.916856, 10.89492 ], [ -74.91711, 10.893577 ], [ -74.917262, 10.891823 ], [ -74.917982, 10.890956 ], [ -74.917944, 10.890313 ], [ -74.917375, 10.890107 ], [ -74.916877, 10.890374 ], [ -74.916271, 10.890486 ], [ -74.916077, 10.8907 ] ], [ [ -74.911358, 10.892993 ], [ -74.911575, 10.892898 ], [ -74.911841, 10.892919 ], [ -74.913393, 10.893919 ], [ -74.913969, 10.89458 ], [ -74.914291, 10.894624 ], [ -74.914579, 10.89482 ], [ -74.914443, 10.893786 ], [ -74.914105, 10.892909 ], [ -74.913742, 10.891881 ], [ -74.913938, 10.891142 ], [ -74.91392, 10.890676 ], [ -74.912471, 10.890131 ], [ -74.91136, 10.890014 ], [ -74.909972, 10.88948 ], [ -74.908955, 10.88924 ], [ -74.908788, 10.88959 ], [ -74.908465, 10.891259 ], [ -74.908205, 10.891497 ], [ -74.907505, 10.891661 ], [ -74.906947, 10.891517 ], [ -74.906309, 10.89018 ], [ -74.905884, 10.890196 ], [ -74.905782, 10.891459 ], [ -74.905667, 10.892001 ], [ -74.905137, 10.892903 ], [ -74.904996, 10.893199 ], [ -74.905584, 10.894651 ], [ -74.905777, 10.895529 ], [ -74.905964, 10.895798 ], [ -74.907815, 10.896761 ], [ -74.90799, 10.896395 ], [ -74.908873, 10.895586 ], [ -74.909018, 10.895137 ], [ -74.909593, 10.894464 ], [ -74.909892, 10.893534 ], [ -74.910104, 10.892936 ], [ -74.910352, 10.892817 ], [ -74.9104, 10.893675 ], [ -74.910632, 10.893633 ], [ -74.911358, 10.892993 ] ], [ [ -74.893276, 10.929484 ], [ -74.893318, 10.929623 ], [ -74.893952, 10.93038 ], [ -74.894564, 10.930563 ], [ -74.894648, 10.93066 ], [ -74.894432, 10.930713 ], [ -74.894539, 10.93113 ], [ -74.894748, 10.931268 ], [ -74.895088, 10.931184 ], [ -74.895197, 10.931022 ], [ -74.895747, 10.931263 ], [ -74.896985, 10.931697 ], [ -74.897436, 10.931885 ], [ -74.897874, 10.931969 ], [ -74.898675, 10.931746 ], [ -74.899175, 10.931123 ], [ -74.89909, 10.930522 ], [ -74.898782, 10.929835 ], [ -74.898479, 10.928839 ], [ -74.897864, 10.928336 ], [ -74.896717, 10.927819 ], [ -74.895847, 10.928134 ], [ -74.894536, 10.92803 ], [ -74.894398, 10.9284 ], [ -74.894431, 10.928801 ], [ -74.894294, 10.929686 ], [ -74.893626, 10.929408 ], [ -74.893276, 10.929484 ] ], [ [ -74.912312, 10.92741 ], [ -74.91194, 10.927806 ], [ -74.911353, 10.927999 ], [ -74.9108, 10.928086 ], [ -74.910712, 10.928203 ], [ -74.911078, 10.928538 ], [ -74.911166, 10.928885 ], [ -74.910776, 10.929171 ], [ -74.910131, 10.928947 ], [ -74.909788, 10.92918 ], [ -74.909522, 10.929572 ], [ -74.911687, 10.930405 ], [ -74.912507, 10.930619 ], [ -74.912642, 10.929924 ], [ -74.91284, 10.929627 ], [ -74.913404, 10.929823 ], [ -74.91385, 10.929222 ], [ -74.913427, 10.928431 ], [ -74.912312, 10.92741 ] ], [ [ -74.91254, 10.933967 ], [ -74.912155, 10.934919 ], [ -74.911793, 10.935412 ], [ -74.911253, 10.93523 ], [ -74.910716, 10.93524 ], [ -74.910316, 10.935036 ], [ -74.910066, 10.934411 ], [ -74.909811, 10.934169 ], [ -74.909047, 10.933871 ], [ -74.908729, 10.933877 ], [ -74.90859, 10.93458 ], [ -74.907811, 10.935092 ], [ -74.907689, 10.935617 ], [ -74.908859, 10.936728 ], [ -74.90915, 10.937323 ], [ -74.908946, 10.937714 ], [ -74.908426, 10.93788 ], [ -74.907906, 10.937748 ], [ -74.907309, 10.937301 ], [ -74.906901, 10.936469 ], [ -74.906758, 10.934879 ], [ -74.906506, 10.935138 ], [ -74.906407, 10.936227 ], [ -74.906292, 10.936673 ], [ -74.905673, 10.9374 ], [ -74.905455, 10.937728 ], [ -74.905766, 10.938486 ], [ -74.905856, 10.939215 ], [ -74.905994, 10.939346 ], [ -74.906132, 10.939302 ], [ -74.906313, 10.939209 ], [ -74.907282, 10.939106 ], [ -74.908923, 10.938261 ], [ -74.908953, 10.938201 ], [ -74.90938, 10.93799 ], [ -74.909463, 10.937884 ], [ -74.910012, 10.937671 ], [ -74.910753, 10.937629 ], [ -74.911174, 10.937673 ], [ -74.911152, 10.938217 ], [ -74.911167, 10.938587 ], [ -74.911546, 10.938764 ], [ -74.911734, 10.938757 ], [ -74.912141, 10.938544 ], [ -74.912269, 10.937622 ], [ -74.912551, 10.93749 ], [ -74.912729, 10.9373 ], [ -74.912712, 10.936861 ], [ -74.912746, 10.936013 ], [ -74.913419, 10.935855 ], [ -74.914092, 10.935503 ], [ -74.914828, 10.935416 ], [ -74.914923, 10.935315 ], [ -74.914915, 10.93511 ], [ -74.913459, 10.933799 ], [ -74.913913, 10.933244 ], [ -74.914138, 10.932905 ], [ -74.913815, 10.932611 ], [ -74.913455, 10.933154 ], [ -74.913288, 10.933333 ], [ -74.913163, 10.932698 ], [ -74.912963, 10.932702 ], [ -74.912653, 10.933169 ], [ -74.91254, 10.933967 ] ], [ [ -74.902206, 10.944019 ], [ -74.902822, 10.944203 ], [ -74.903288, 10.944166 ], [ -74.903879, 10.943951 ], [ -74.904652, 10.943297 ], [ -74.905876, 10.943041 ], [ -74.906702, 10.942367 ], [ -74.907053, 10.942395 ], [ -74.907548, 10.942783 ], [ -74.9076, 10.942651 ], [ -74.90777, 10.941306 ], [ -74.90764, 10.940974 ], [ -74.90813, 10.940696 ], [ -74.908184, 10.940032 ], [ -74.907781, 10.939999 ], [ -74.907549, 10.940251 ], [ -74.907479, 10.939853 ], [ -74.907143, 10.939658 ], [ -74.906492, 10.939577 ], [ -74.905994, 10.939436 ], [ -74.905642, 10.93969 ], [ -74.905221, 10.939876 ], [ -74.90475, 10.940417 ], [ -74.904355, 10.941491 ], [ -74.904059, 10.942016 ], [ -74.903676, 10.942342 ], [ -74.903103, 10.942594 ], [ -74.902668, 10.942834 ], [ -74.902158, 10.943418 ], [ -74.902206, 10.944019 ] ], [ [ -74.887194, 10.968939 ], [ -74.886903, 10.969449 ], [ -74.888019, 10.969791 ], [ -74.888476, 10.969764 ], [ -74.88875, 10.968888 ], [ -74.889141, 10.968264 ], [ -74.889664, 10.968148 ], [ -74.889883, 10.96839 ], [ -74.889615, 10.969125 ], [ -74.88965, 10.969702 ], [ -74.89003, 10.969679 ], [ -74.89015, 10.969548 ], [ -74.889967, 10.969266 ], [ -74.89015, 10.968201 ], [ -74.890394, 10.96754 ], [ -74.890608, 10.967377 ], [ -74.890432, 10.967212 ], [ -74.889385, 10.966927 ], [ -74.888735, 10.966696 ], [ -74.888405, 10.96661 ], [ -74.888268, 10.967189 ], [ -74.888286, 10.967481 ], [ -74.888061, 10.968376 ], [ -74.887665, 10.968726 ], [ -74.887194, 10.968939 ] ], [ [ -74.879486, 10.972844 ], [ -74.879884, 10.973375 ], [ -74.880276, 10.973175 ], [ -74.88128, 10.970842 ], [ -74.881099, 10.969971 ], [ -74.88063, 10.969906 ], [ -74.880586, 10.970042 ], [ -74.880281, 10.970538 ], [ -74.879122, 10.971187 ], [ -74.879029, 10.971941 ], [ -74.87892, 10.97215 ], [ -74.879486, 10.972844 ] ], [ [ -74.954901, 10.900001 ], [ -74.954276, 10.900077 ], [ -74.953814, 10.899884 ], [ -74.953407, 10.899563 ], [ -74.953407, 10.900196 ], [ -74.953529, 10.900257 ], [ -74.953459, 10.900667 ], [ -74.953315, 10.900739 ], [ -74.95335, 10.902151 ], [ -74.953463, 10.902491 ], [ -74.953498, 10.902728 ], [ -74.953735, 10.902795 ], [ -74.954346, 10.903549 ], [ -74.954898, 10.903705 ], [ -74.955163, 10.90244 ], [ -74.95545, 10.901447 ], [ -74.955579, 10.900716 ], [ -74.955862, 10.899805 ], [ -74.955329, 10.899925 ], [ -74.954963, 10.899925 ], [ -74.954901, 10.900001 ] ], [ [ -74.952904, 10.876589 ], [ -74.95281, 10.875437 ], [ -74.952679, 10.875325 ], [ -74.952551, 10.875442 ], [ -74.951996, 10.87629 ], [ -74.951405, 10.876453 ], [ -74.950567, 10.876015 ], [ -74.949676, 10.875251 ], [ -74.948377, 10.879936 ], [ -74.948694, 10.879707 ], [ -74.94911, 10.87945 ], [ -74.950659, 10.879573 ], [ -74.951431, 10.879364 ], [ -74.951887, 10.879012 ], [ -74.952147, 10.87788 ], [ -74.952727, 10.877072 ], [ -74.952904, 10.876589 ] ], [ [ -74.954778, 10.863168 ], [ -74.954602, 10.863115 ], [ -74.953578, 10.865177 ], [ -74.954689, 10.866125 ], [ -74.954629, 10.866872 ], [ -74.955149, 10.867315 ], [ -74.955555, 10.866674 ], [ -74.956634, 10.866907 ], [ -74.956827, 10.866684 ], [ -74.956939, 10.866201 ], [ -74.95718, 10.865773 ], [ -74.957821, 10.865319 ], [ -74.954778, 10.863168 ] ] ], [ [ [ -74.919955, 10.925583 ], [ -74.919951, 10.92538 ], [ -74.92036, 10.925106 ], [ -74.921372, 10.925221 ], [ -74.921612, 10.925571 ], [ -74.921957, 10.926275 ], [ -74.922174, 10.926386 ], [ -74.922973, 10.92637 ], [ -74.92302, 10.926418 ], [ -74.923792, 10.926297 ], [ -74.924272, 10.926475 ], [ -74.924468, 10.926456 ], [ -74.924856, 10.925993 ], [ -74.92542, 10.92605 ], [ -74.925532, 10.926234 ], [ -74.925196, 10.926509 ], [ -74.924891, 10.92664 ], [ -74.924577, 10.926818 ], [ -74.923649, 10.926724 ], [ -74.923294, 10.926779 ], [ -74.923077, 10.927002 ], [ -74.922525, 10.927013 ], [ -74.922033, 10.926644 ], [ -74.921778, 10.926735 ], [ -74.921123, 10.927408 ], [ -74.920759, 10.927651 ], [ -74.920044, 10.927637 ], [ -74.919511, 10.927908 ], [ -74.919131, 10.927275 ], [ -74.919492, 10.927094 ], [ -74.920839, 10.926965 ], [ -74.921121, 10.926424 ], [ -74.920876, 10.925926 ], [ -74.920596, 10.925738 ], [ -74.919955, 10.925583 ] ] ], [ [ [ -74.900156, 10.950034 ], [ -74.899573, 10.949573 ], [ -74.898556, 10.949345 ], [ -74.897753, 10.949472 ], [ -74.897843, 10.94937 ], [ -74.89859, 10.948936 ], [ -74.899366, 10.948705 ], [ -74.899268, 10.947485 ], [ -74.899392, 10.946883 ], [ -74.899993, 10.946165 ], [ -74.899842, 10.94601 ], [ -74.899411, 10.946248 ], [ -74.899253, 10.945558 ], [ -74.899036, 10.945494 ], [ -74.899247, 10.945269 ], [ -74.89945, 10.945356 ], [ -74.899684, 10.945716 ], [ -74.90031, 10.945815 ], [ -74.900094, 10.946268 ], [ -74.899635, 10.946926 ], [ -74.899561, 10.948736 ], [ -74.900427, 10.948364 ], [ -74.900548, 10.948705 ], [ -74.900364, 10.949048 ], [ -74.900732, 10.949321 ], [ -74.901911, 10.949574 ], [ -74.901941, 10.950342 ], [ -74.901774, 10.950863 ], [ -74.901034, 10.951055 ], [ -74.900999, 10.950966 ], [ -74.90127, 10.95046 ], [ -74.901, 10.950334 ], [ -74.900707, 10.949885 ], [ -74.900364, 10.949871 ], [ -74.900356, 10.950055 ], [ -74.900547, 10.950515 ], [ -74.900268, 10.950602 ], [ -74.900041, 10.950739 ], [ -74.900156, 10.950034 ] ] ], [ [ [ -74.908909, 10.951955 ], [ -74.90901, 10.951285 ], [ -74.90901, 10.951194 ], [ -74.909102, 10.951194 ], [ -74.909166, 10.950983 ], [ -74.909483, 10.95062 ], [ -74.910193, 10.950181 ], [ -74.910557, 10.949871 ], [ -74.910946, 10.949256 ], [ -74.910778, 10.948522 ], [ -74.910334, 10.947534 ], [ -74.910384, 10.947125 ], [ -74.910818, 10.946852 ], [ -74.911944, 10.946691 ], [ -74.912032, 10.946583 ], [ -74.912215, 10.946583 ], [ -74.912446, 10.94654 ], [ -74.912923, 10.946154 ], [ -74.913356, 10.945223 ], [ -74.913806, 10.945003 ], [ -74.914637, 10.945511 ], [ -74.915302, 10.945764 ], [ -74.916018, 10.945722 ], [ -74.91775, 10.944909 ], [ -74.918887, 10.944448 ], [ -74.919332, 10.944474 ], [ -74.919949, 10.944366 ], [ -74.920793, 10.944493 ], [ -74.921685, 10.945277 ], [ -74.922059, 10.945391 ], [ -74.922613, 10.945244 ], [ -74.923012, 10.944969 ], [ -74.923545, 10.944142 ], [ -74.92399, 10.943749 ], [ -74.924663, 10.943692 ], [ -74.924662, 10.943783 ], [ -74.924754, 10.943783 ], [ -74.925761, 10.944145 ], [ -74.925798, 10.944198 ], [ -74.926203, 10.944348 ], [ -74.926893, 10.944799 ], [ -74.927503, 10.94501 ], [ -74.928048, 10.94505 ], [ -74.928112, 10.945665 ], [ -74.928463, 10.946448 ], [ -74.928506, 10.946587 ], [ -74.928447, 10.946671 ], [ -74.927943, 10.946858 ], [ -74.927828, 10.947224 ], [ -74.92819, 10.947143 ], [ -74.928506, 10.94722 ], [ -74.928506, 10.947311 ], [ -74.928451, 10.947528 ], [ -74.928414, 10.948396 ], [ -74.927967, 10.948287 ], [ -74.927522, 10.948386 ], [ -74.927575, 10.948622 ], [ -74.927773, 10.948758 ], [ -74.927829, 10.948974 ], [ -74.928451, 10.949901 ], [ -74.928246, 10.95023 ], [ -74.927956, 10.950385 ], [ -74.927213, 10.95034 ], [ -74.926583, 10.950204 ], [ -74.926491, 10.950204 ], [ -74.926304, 10.949877 ], [ -74.925627, 10.94996 ], [ -74.925576, 10.950023 ], [ -74.925393, 10.950023 ], [ -74.924528, 10.949939 ], [ -74.923669, 10.950171 ], [ -74.92352, 10.950554 ], [ -74.923703, 10.950879 ], [ -74.923745, 10.951018 ], [ -74.923745, 10.951108 ], [ -74.923624, 10.951169 ], [ -74.923562, 10.951289 ], [ -74.923471, 10.951289 ], [ -74.923166, 10.951138 ], [ -74.922837, 10.951077 ], [ -74.922412, 10.951458 ], [ -74.922372, 10.95165 ], [ -74.922372, 10.951741 ], [ -74.922281, 10.951741 ], [ -74.922281, 10.951831 ], [ -74.922189, 10.951831 ], [ -74.921794, 10.952043 ], [ -74.921732, 10.952283 ], [ -74.92164, 10.952283 ], [ -74.92164, 10.952374 ], [ -74.921518, 10.952434 ], [ -74.921365, 10.952464 ], [ -74.920326, 10.952503 ], [ -74.920542, 10.952826 ], [ -74.920465, 10.952934 ], [ -74.919755, 10.953405 ], [ -74.919718, 10.953458 ], [ -74.919718, 10.953549 ], [ -74.919626, 10.953549 ], [ -74.919252, 10.953856 ], [ -74.918942, 10.954561 ], [ -74.918894, 10.954724 ], [ -74.918593, 10.954771 ], [ -74.918355, 10.955111 ], [ -74.918437, 10.955474 ], [ -74.919218, 10.954965 ], [ -74.91926, 10.954905 ], [ -74.919351, 10.954905 ], [ -74.91942, 10.955126 ], [ -74.920181, 10.956096 ], [ -74.920266, 10.956172 ], [ -74.920266, 10.956262 ], [ -74.920175, 10.956262 ], [ -74.920175, 10.956353 ], [ -74.919749, 10.957025 ], [ -74.919351, 10.957076 ], [ -74.918751, 10.957036 ], [ -74.918344, 10.956533 ], [ -74.91748, 10.955849 ], [ -74.91628, 10.955769 ], [ -74.916148, 10.955718 ], [ -74.916056, 10.955718 ], [ -74.916019, 10.955665 ], [ -74.915694, 10.955443 ], [ -74.915507, 10.955176 ], [ -74.915589, 10.955075 ], [ -74.916275, 10.954533 ], [ -74.91632, 10.954175 ], [ -74.915741, 10.953678 ], [ -74.915233, 10.953638 ], [ -74.915017, 10.953706 ], [ -74.914226, 10.954271 ], [ -74.913961, 10.954522 ], [ -74.911777, 10.957008 ], [ -74.911571, 10.957074 ], [ -74.911509, 10.956118 ], [ -74.9113, 10.955895 ], [ -74.911007, 10.955626 ], [ -74.910659, 10.954742 ], [ -74.909456, 10.953443 ], [ -74.909142, 10.952391 ], [ -74.908909, 10.951955 ] ] ], [ [ [ -74.886629, 10.958649 ], [ -74.887081, 10.95983 ], [ -74.884784, 10.960908 ], [ -74.884809, 10.960415 ], [ -74.885062, 10.958881 ], [ -74.88528, 10.958 ], [ -74.885991, 10.957202 ], [ -74.886513, 10.956138 ], [ -74.887224, 10.955572 ], [ -74.888278, 10.954982 ], [ -74.888005, 10.954668 ], [ -74.887379, 10.954424 ], [ -74.887271, 10.954218 ], [ -74.887127, 10.953778 ], [ -74.886178, 10.953408 ], [ -74.886082, 10.953223 ], [ -74.885958, 10.952719 ], [ -74.885592, 10.952474 ], [ -74.884519, 10.951844 ], [ -74.883997, 10.951348 ], [ -74.884619, 10.950236 ], [ -74.88526, 10.949355 ], [ -74.885363, 10.947302 ], [ -74.886131, 10.947154 ], [ -74.886593, 10.946349 ], [ -74.887197, 10.94644 ], [ -74.888248, 10.946796 ], [ -74.88909, 10.946813 ], [ -74.889241, 10.945899 ], [ -74.890078, 10.945882 ], [ -74.89061, 10.946138 ], [ -74.890845, 10.946711 ], [ -74.891051, 10.947434 ], [ -74.891401, 10.947901 ], [ -74.891676, 10.948162 ], [ -74.891667, 10.94861 ], [ -74.891622, 10.948656 ], [ -74.891576, 10.949406 ], [ -74.891383, 10.950056 ], [ -74.890939, 10.95061 ], [ -74.891113, 10.950876 ], [ -74.891469, 10.951321 ], [ -74.891509, 10.951705 ], [ -74.891335, 10.9521 ], [ -74.891113, 10.952405 ], [ -74.890978, 10.952857 ], [ -74.890807, 10.952757 ], [ -74.890595, 10.952504 ], [ -74.890241, 10.952639 ], [ -74.890401, 10.953004 ], [ -74.890823, 10.95335 ], [ -74.89048, 10.954132 ], [ -74.89043, 10.954173 ], [ -74.89043, 10.954263 ], [ -74.889973, 10.954787 ], [ -74.889606, 10.954896 ], [ -74.889649, 10.955143 ], [ -74.890023, 10.955298 ], [ -74.89025, 10.95543 ], [ -74.890378, 10.956303 ], [ -74.890528, 10.957091 ], [ -74.890462, 10.957615 ], [ -74.890052, 10.957861 ], [ -74.88993, 10.958315 ], [ -74.890479, 10.958645 ], [ -74.89052, 10.958695 ], [ -74.890015, 10.959174 ], [ -74.890026, 10.959718 ], [ -74.889834, 10.960007 ], [ -74.88947, 10.96048 ], [ -74.889734, 10.961241 ], [ -74.889754, 10.962267 ], [ -74.889739, 10.96299 ], [ -74.889758, 10.963894 ], [ -74.889293, 10.963903 ], [ -74.889014, 10.963638 ], [ -74.888844, 10.963147 ], [ -74.888735, 10.961813 ], [ -74.888369, 10.960921 ], [ -74.888511, 10.960473 ], [ -74.888825, 10.960366 ], [ -74.889289, 10.960277 ], [ -74.889193, 10.95892 ], [ -74.8891, 10.958469 ], [ -74.888998, 10.95628 ], [ -74.888785, 10.955846 ], [ -74.888552, 10.956116 ], [ -74.888164, 10.957532 ], [ -74.887573, 10.957815 ], [ -74.887164, 10.958089 ], [ -74.886539, 10.958239 ], [ -74.886629, 10.958649 ] ] ], [ [ [ -74.89221, 10.95783 ], [ -74.892498, 10.957866 ], [ -74.893083, 10.957701 ], [ -74.893128, 10.957928 ], [ -74.893221, 10.958198 ], [ -74.892997, 10.959276 ], [ -74.892224, 10.9594 ], [ -74.892115, 10.959951 ], [ -74.892124, 10.960372 ], [ -74.893097, 10.96056 ], [ -74.89341, 10.961345 ], [ -74.893307, 10.961641 ], [ -74.892869, 10.96185 ], [ -74.892762, 10.962188 ], [ -74.893425, 10.962175 ], [ -74.894527, 10.962736 ], [ -74.895421, 10.963634 ], [ -74.895413, 10.964003 ], [ -74.895128, 10.96455 ], [ -74.89486, 10.964804 ], [ -74.894473, 10.964796 ], [ -74.893806, 10.96457 ], [ -74.893061, 10.963532 ], [ -74.892009, 10.962627 ], [ -74.891402, 10.962002 ], [ -74.891577, 10.961158 ], [ -74.891557, 10.960133 ], [ -74.891618, 10.958424 ], [ -74.891963, 10.957974 ], [ -74.89221, 10.95783 ] ] ], [ [ [ -74.887332, 10.962649 ], [ -74.887634, 10.962446 ], [ -74.887819, 10.962358 ], [ -74.887864, 10.962311 ], [ -74.888092, 10.962385 ], [ -74.888002, 10.962629 ], [ -74.887638, 10.963461 ], [ -74.888183, 10.964507 ], [ -74.887964, 10.964779 ], [ -74.887373, 10.964978 ], [ -74.886535, 10.964889 ], [ -74.885146, 10.964693 ], [ -74.885256, 10.964164 ], [ -74.885073, 10.963458 ], [ -74.885311, 10.963171 ], [ -74.885785, 10.963162 ], [ -74.885988, 10.96326 ], [ -74.886471, 10.963621 ], [ -74.886985, 10.963516 ], [ -74.887332, 10.962649 ] ] ], [ [ [ -74.878856, 10.968875 ], [ -74.877858, 10.969492 ], [ -74.877652, 10.969856 ], [ -74.877568, 10.970044 ], [ -74.877518, 10.970085 ], [ -74.877424, 10.968963 ], [ -74.876604, 10.968728 ], [ -74.876372, 10.968234 ], [ -74.876287, 10.967594 ], [ -74.876104, 10.966933 ], [ -74.876277, 10.966622 ], [ -74.876682, 10.96659 ], [ -74.877231, 10.966753 ], [ -74.878283, 10.967403 ], [ -74.879, 10.967532 ], [ -74.879209, 10.968095 ], [ -74.879108, 10.968587 ], [ -74.878856, 10.968875 ] ] ], [ [ [ -74.894178, 10.990127 ], [ -74.894304, 10.990397 ], [ -74.893824, 10.991908 ], [ -74.893443, 10.992601 ], [ -74.892831, 10.993311 ], [ -74.892429, 10.994058 ], [ -74.892307, 10.993997 ], [ -74.891514, 10.993967 ], [ -74.891483, 10.993183 ], [ -74.891362, 10.992942 ], [ -74.891331, 10.992791 ], [ -74.891524, 10.992859 ], [ -74.892139, 10.992642 ], [ -74.892458, 10.991823 ], [ -74.893603, 10.990457 ], [ -74.894178, 10.990127 ] ] ], [ [ [ -74.899993, 11.013268 ], [ -74.900002, 11.013333 ], [ -74.899758, 11.015267 ], [ -74.898823, 11.013923 ], [ -74.899064, 11.013827 ], [ -74.899909, 11.013283 ], [ -74.899993, 11.013268 ] ] ], [ [ [ -74.878024, 11.017304 ], [ -74.877909, 11.01698 ], [ -74.877865, 11.016752 ], [ -74.877962, 11.016667 ], [ -74.878305, 11.016288 ], [ -74.878935, 11.015926 ], [ -74.880742, 11.015544 ], [ -74.880564, 11.014721 ], [ -74.880478, 11.013721 ], [ -74.880346, 11.013481 ], [ -74.880514, 11.013333 ], [ -74.881667, 11.013156 ], [ -74.883407, 11.012996 ], [ -74.883542, 11.013992 ], [ -74.883884, 11.01476 ], [ -74.883717, 11.01522 ], [ -74.88359, 11.015913 ], [ -74.88369, 11.017585 ], [ -74.883714, 11.017651 ], [ -74.883031, 11.018344 ], [ -74.880645, 11.020505 ], [ -74.879966, 11.022278 ], [ -74.879873, 11.022734 ], [ -74.87925, 11.022811 ], [ -74.878778, 11.022631 ], [ -74.878713, 11.022715 ], [ -74.878464, 11.022863 ], [ -74.878236, 11.022955 ], [ -74.877823, 11.023496 ], [ -74.877771, 11.023535 ], [ -74.877596, 11.023335 ], [ -74.876832, 11.022899 ], [ -74.876764, 11.022055 ], [ -74.876856, 11.021636 ], [ -74.876812, 11.021227 ], [ -74.876478, 11.020422 ], [ -74.876779, 11.019485 ], [ -74.877999, 11.017915 ], [ -74.878024, 11.017304 ] ] ], [ [ [ -74.864117, 10.863639 ], [ -74.865045, 10.863676 ], [ -74.865786, 10.86381 ], [ -74.865991, 10.864488 ], [ -74.866081, 10.865461 ], [ -74.866402, 10.865909 ], [ -74.866221, 10.86631 ], [ -74.865703, 10.867044 ], [ -74.865123, 10.867708 ], [ -74.865025, 10.867792 ], [ -74.864973, 10.866958 ], [ -74.864486, 10.866829 ], [ -74.863456, 10.86701 ], [ -74.863305, 10.866593 ], [ -74.863585, 10.865589 ], [ -74.863994, 10.864541 ], [ -74.86395, 10.863931 ], [ -74.864117, 10.863639 ] ] ], [ [ [ -74.864434, 10.875229 ], [ -74.864342, 10.87535 ], [ -74.86429, 10.875389 ], [ -74.863699, 10.874888 ], [ -74.863234, 10.874804 ], [ -74.86132, 10.873892 ], [ -74.860813, 10.873759 ], [ -74.860649, 10.873436 ], [ -74.860326, 10.873156 ], [ -74.860231, 10.873145 ], [ -74.860875, 10.87175 ], [ -74.861103, 10.871094 ], [ -74.861362, 10.871145 ], [ -74.861742, 10.871071 ], [ -74.861821, 10.870775 ], [ -74.862317, 10.870968 ], [ -74.862776, 10.870744 ], [ -74.862407, 10.870462 ], [ -74.862005, 10.870414 ], [ -74.862044, 10.870272 ], [ -74.862239, 10.869832 ], [ -74.862568, 10.868914 ], [ -74.863001, 10.868656 ], [ -74.863631, 10.868772 ], [ -74.864184, 10.869178 ], [ -74.864578, 10.869235 ], [ -74.86486, 10.868773 ], [ -74.864985, 10.868024 ], [ -74.865025, 10.867883 ], [ -74.865435, 10.86802 ], [ -74.866061, 10.868139 ], [ -74.86703, 10.868892 ], [ -74.867364, 10.869695 ], [ -74.86763, 10.870701 ], [ -74.867419, 10.871863 ], [ -74.86704, 10.87212 ], [ -74.866429, 10.871976 ], [ -74.86489, 10.87058 ], [ -74.864319, 10.869969 ], [ -74.863535, 10.869435 ], [ -74.863194, 10.869329 ], [ -74.86324, 10.86948 ], [ -74.863602, 10.870101 ], [ -74.863968, 10.870611 ], [ -74.863865, 10.871093 ], [ -74.863468, 10.871319 ], [ -74.863425, 10.871056 ], [ -74.863111, 10.870833 ], [ -74.862606, 10.871165 ], [ -74.862827, 10.871499 ], [ -74.862256, 10.872029 ], [ -74.862834, 10.872494 ], [ -74.863888, 10.872879 ], [ -74.864364, 10.873387 ], [ -74.865244, 10.873726 ], [ -74.865931, 10.874355 ], [ -74.866164, 10.874713 ], [ -74.867378, 10.876037 ], [ -74.867719, 10.876673 ], [ -74.86752, 10.877149 ], [ -74.867093, 10.877166 ], [ -74.866712, 10.876703 ], [ -74.866132, 10.875889 ], [ -74.865889, 10.875976 ], [ -74.865662, 10.876113 ], [ -74.865623, 10.875971 ], [ -74.865387, 10.875661 ], [ -74.865701, 10.875248 ], [ -74.864434, 10.875229 ] ] ], [ [ [ -74.839484, 10.892247 ], [ -74.838685, 10.892457 ], [ -74.838497, 10.892559 ], [ -74.838015, 10.892666 ], [ -74.837531, 10.892831 ], [ -74.837474, 10.892359 ], [ -74.83826, 10.892067 ], [ -74.840516, 10.892303 ], [ -74.84078, 10.89206 ], [ -74.840591, 10.891709 ], [ -74.840524, 10.891168 ], [ -74.845173, 10.889076 ], [ -74.847985, 10.886875 ], [ -74.848213, 10.887244 ], [ -74.848614, 10.888619 ], [ -74.848898, 10.889095 ], [ -74.849288, 10.889327 ], [ -74.850413, 10.889368 ], [ -74.850279, 10.88975 ], [ -74.850408, 10.890441 ], [ -74.851195, 10.891903 ], [ -74.851055, 10.892256 ], [ -74.850623, 10.89272 ], [ -74.8498, 10.893152 ], [ -74.849539, 10.89324 ], [ -74.847316, 10.893284 ], [ -74.846313, 10.892882 ], [ -74.845639, 10.892868 ], [ -74.845163, 10.893176 ], [ -74.845034, 10.893132 ], [ -74.84447, 10.893283 ], [ -74.843912, 10.893796 ], [ -74.843515, 10.895215 ], [ -74.843378, 10.895504 ], [ -74.843012, 10.895419 ], [ -74.84262, 10.89478 ], [ -74.842191, 10.893702 ], [ -74.842005, 10.893511 ], [ -74.841025, 10.893375 ], [ -74.840673, 10.893013 ], [ -74.840203, 10.89235 ], [ -74.839484, 10.892247 ] ] ], [ [ [ -74.858583, 10.899706 ], [ -74.857741, 10.899864 ], [ -74.857727, 10.900199 ], [ -74.858129, 10.900628 ], [ -74.858389, 10.900764 ], [ -74.859306, 10.90098 ], [ -74.859835, 10.901319 ], [ -74.859844, 10.901548 ], [ -74.859704, 10.901986 ], [ -74.859214, 10.90301 ], [ -74.858833, 10.903025 ], [ -74.858425, 10.901928 ], [ -74.858078, 10.901343 ], [ -74.857121, 10.900053 ], [ -74.85664, 10.899689 ], [ -74.856096, 10.89956 ], [ -74.855988, 10.897649 ], [ -74.855027, 10.895916 ], [ -74.854349, 10.895064 ], [ -74.853985, 10.895234 ], [ -74.853586, 10.895505 ], [ -74.853383, 10.895388 ], [ -74.852795, 10.894513 ], [ -74.852751, 10.894376 ], [ -74.852786, 10.89423 ], [ -74.852904, 10.894064 ], [ -74.853083, 10.893528 ], [ -74.853153, 10.89224 ], [ -74.85321, 10.892115 ], [ -74.855723, 10.89334 ], [ -74.857575, 10.894086 ], [ -74.859177, 10.894947 ], [ -74.860931, 10.895744 ], [ -74.861473, 10.896344 ], [ -74.862554, 10.897245 ], [ -74.862968, 10.897221 ], [ -74.863675, 10.894912 ], [ -74.863987, 10.894519 ], [ -74.864813, 10.894963 ], [ -74.865461, 10.895058 ], [ -74.865836, 10.894925 ], [ -74.865887, 10.895193 ], [ -74.86616, 10.895946 ], [ -74.866702, 10.896932 ], [ -74.866819, 10.897434 ], [ -74.866788, 10.897945 ], [ -74.866457, 10.898731 ], [ -74.865969, 10.899037 ], [ -74.865603, 10.899317 ], [ -74.864256, 10.900921 ], [ -74.863812, 10.901875 ], [ -74.863499, 10.902996 ], [ -74.863359, 10.90403 ], [ -74.862587, 10.904474 ], [ -74.862019, 10.904934 ], [ -74.861897, 10.905324 ], [ -74.861805, 10.905323 ], [ -74.861805, 10.905504 ], [ -74.861714, 10.905504 ], [ -74.861714, 10.905595 ], [ -74.861643, 10.905828 ], [ -74.861316, 10.906202 ], [ -74.860756, 10.906547 ], [ -74.859883, 10.907041 ], [ -74.859964, 10.906623 ], [ -74.861076, 10.903416 ], [ -74.861851, 10.901553 ], [ -74.861669, 10.90121 ], [ -74.860848, 10.900754 ], [ -74.859762, 10.900301 ], [ -74.859381, 10.900124 ], [ -74.858583, 10.899706 ] ] ], [ [ [ -74.833892, 10.910465 ], [ -74.834141, 10.910402 ], [ -74.834462, 10.909943 ], [ -74.834625, 10.909832 ], [ -74.83485, 10.910024 ], [ -74.834956, 10.910489 ], [ -74.835209, 10.91117 ], [ -74.834614, 10.912107 ], [ -74.834187, 10.912406 ], [ -74.83404, 10.912231 ], [ -74.83402, 10.911987 ], [ -74.834117, 10.911773 ], [ -74.834667, 10.910904 ], [ -74.83439, 10.910423 ], [ -74.83396, 10.910825 ], [ -74.833725, 10.911456 ], [ -74.83377, 10.912019 ], [ -74.833307, 10.91261 ], [ -74.833251, 10.912544 ], [ -74.833091, 10.912606 ], [ -74.83285, 10.912571 ], [ -74.832518, 10.912815 ], [ -74.832449, 10.91323 ], [ -74.832606, 10.91404 ], [ -74.832792, 10.914443 ], [ -74.832329, 10.914312 ], [ -74.831897, 10.91397 ], [ -74.831801, 10.913203 ], [ -74.832306, 10.912274 ], [ -74.832834, 10.911409 ], [ -74.83319, 10.911127 ], [ -74.833435, 10.910826 ], [ -74.8338, 10.910646 ], [ -74.833892, 10.910465 ] ] ], [ [ [ -74.855216, 10.918522 ], [ -74.85562, 10.919044 ], [ -74.855532, 10.919205 ], [ -74.855166, 10.91973 ], [ -74.855254, 10.920109 ], [ -74.855619, 10.921057 ], [ -74.85539, 10.921462 ], [ -74.854458, 10.921209 ], [ -74.854058, 10.920919 ], [ -74.852918, 10.919676 ], [ -74.852695, 10.919046 ], [ -74.852808, 10.918664 ], [ -74.853627, 10.918632 ], [ -74.854221, 10.918838 ], [ -74.854504, 10.918849 ], [ -74.854936, 10.918434 ], [ -74.855216, 10.918522 ] ] ], [ [ [ -74.829846, 10.925012 ], [ -74.830052, 10.924854 ], [ -74.830232, 10.923812 ], [ -74.830901, 10.922922 ], [ -74.830968, 10.922475 ], [ -74.830551, 10.922169 ], [ -74.830408, 10.92213 ], [ -74.830004, 10.922076 ], [ -74.829973, 10.921553 ], [ -74.830293, 10.920486 ], [ -74.829947, 10.919531 ], [ -74.83055, 10.918831 ], [ -74.830658, 10.918486 ], [ -74.832101, 10.918365 ], [ -74.831959, 10.917935 ], [ -74.831646, 10.917917 ], [ -74.831071, 10.91795 ], [ -74.830677, 10.917771 ], [ -74.830472, 10.91759 ], [ -74.830441, 10.917075 ], [ -74.830891, 10.916578 ], [ -74.831836, 10.916302 ], [ -74.83295, 10.916199 ], [ -74.833401, 10.915701 ], [ -74.834665, 10.914668 ], [ -74.835294, 10.914184 ], [ -74.835811, 10.913073 ], [ -74.836198, 10.912865 ], [ -74.836511, 10.913086 ], [ -74.83704, 10.914051 ], [ -74.837081, 10.914732 ], [ -74.836683, 10.915036 ], [ -74.835386, 10.915136 ], [ -74.834395, 10.915758 ], [ -74.833706, 10.916042 ], [ -74.833546, 10.916332 ], [ -74.833616, 10.917505 ], [ -74.833436, 10.917705 ], [ -74.833087, 10.918013 ], [ -74.832736, 10.918912 ], [ -74.832492, 10.919182 ], [ -74.83197, 10.919482 ], [ -74.832057, 10.92005 ], [ -74.832148, 10.92005 ], [ -74.832148, 10.920322 ], [ -74.831993, 10.92044 ], [ -74.831687, 10.920831 ], [ -74.831415, 10.921497 ], [ -74.831415, 10.921587 ], [ -74.831324, 10.921587 ], [ -74.831373, 10.92296 ], [ -74.832051, 10.923949 ], [ -74.832259, 10.925215 ], [ -74.832511, 10.925296 ], [ -74.832511, 10.925929 ], [ -74.832554, 10.926158 ], [ -74.832828, 10.927074 ], [ -74.832705, 10.927443 ], [ -74.832265, 10.92793 ], [ -74.831701, 10.928161 ], [ -74.83032, 10.928526 ], [ -74.82984, 10.928308 ], [ -74.829716, 10.927965 ], [ -74.82963, 10.927417 ], [ -74.829452, 10.926593 ], [ -74.829438, 10.926353 ], [ -74.829491, 10.926108 ], [ -74.829582, 10.926108 ], [ -74.829582, 10.926018 ], [ -74.829707, 10.925684 ], [ -74.829766, 10.925114 ], [ -74.829846, 10.925012 ] ] ], [ [ [ -74.820434, 10.921039 ], [ -74.820434, 10.921129 ], [ -74.820373, 10.921183 ], [ -74.820142, 10.921679 ], [ -74.819975, 10.923661 ], [ -74.819685, 10.92361 ], [ -74.818532, 10.923119 ], [ -74.81822, 10.922863 ], [ -74.818054, 10.922665 ], [ -74.81799, 10.922649 ], [ -74.820576, 10.91867 ], [ -74.820625, 10.918688 ], [ -74.821072, 10.919417 ], [ -74.821167, 10.919954 ], [ -74.820558, 10.920282 ], [ -74.820299, 10.920668 ], [ -74.820434, 10.921039 ] ] ], [ [ [ -74.837763, 10.927844 ], [ -74.838574, 10.927703 ], [ -74.83844, 10.92847 ], [ -74.838202, 10.929 ], [ -74.837856, 10.929136 ], [ -74.837817, 10.929188 ], [ -74.837543, 10.929188 ], [ -74.837064, 10.929249 ], [ -74.836892, 10.929868 ], [ -74.836963, 10.930737 ], [ -74.836738, 10.93109 ], [ -74.836341, 10.931309 ], [ -74.835516, 10.931169 ], [ -74.835145, 10.930652 ], [ -74.834952, 10.930132 ], [ -74.834909, 10.9296 ], [ -74.835097, 10.928983 ], [ -74.835797, 10.928487 ], [ -74.835999, 10.927608 ], [ -74.836403, 10.927692 ], [ -74.836903, 10.928012 ], [ -74.837321, 10.927973 ], [ -74.837763, 10.927844 ] ] ], [ [ [ -74.873994, 10.93087 ], [ -74.874287, 10.931057 ], [ -74.874845, 10.931507 ], [ -74.875155, 10.931519 ], [ -74.875828, 10.931493 ], [ -74.875934, 10.931691 ], [ -74.875978, 10.931919 ], [ -74.875909, 10.932678 ], [ -74.875612, 10.933004 ], [ -74.874559, 10.933499 ], [ -74.874195, 10.933328 ], [ -74.874311, 10.932957 ], [ -74.874647, 10.932476 ], [ -74.874657, 10.932221 ], [ -74.873984, 10.931711 ], [ -74.873475, 10.931579 ], [ -74.872962, 10.931699 ], [ -74.871812, 10.932323 ], [ -74.870734, 10.933634 ], [ -74.869797, 10.933486 ], [ -74.869527, 10.933239 ], [ -74.869692, 10.932878 ], [ -74.870006, 10.932714 ], [ -74.870711, 10.932581 ], [ -74.870725, 10.932238 ], [ -74.869254, 10.931882 ], [ -74.86924, 10.931516 ], [ -74.869769, 10.931333 ], [ -74.871837, 10.931689 ], [ -74.872209, 10.931562 ], [ -74.872887, 10.931102 ], [ -74.873502, 10.930889 ], [ -74.873994, 10.93087 ] ] ], [ [ [ -74.872545, 10.947207 ], [ -74.873188, 10.946803 ], [ -74.873318, 10.94666 ], [ -74.873741, 10.946738 ], [ -74.874346, 10.947205 ], [ -74.874551, 10.947431 ], [ -74.875266, 10.948064 ], [ -74.875628, 10.948723 ], [ -74.875664, 10.949314 ], [ -74.875179, 10.949685 ], [ -74.874408, 10.949978 ], [ -74.873601, 10.950411 ], [ -74.873282, 10.950178 ], [ -74.873139, 10.949519 ], [ -74.873452, 10.948659 ], [ -74.873082, 10.948351 ], [ -74.872432, 10.948313 ], [ -74.872045, 10.948431 ], [ -74.871391, 10.948782 ], [ -74.870803, 10.948624 ], [ -74.870961, 10.948085 ], [ -74.871775, 10.947384 ], [ -74.872545, 10.947207 ] ] ], [ [ [ -74.871335, 10.96381 ], [ -74.872277, 10.964608 ], [ -74.872627, 10.964525 ], [ -74.873112, 10.964349 ], [ -74.873696, 10.964303 ], [ -74.873768, 10.964386 ], [ -74.874281, 10.96404 ], [ -74.874541, 10.963612 ], [ -74.874822, 10.963237 ], [ -74.874867, 10.962668 ], [ -74.874995, 10.962781 ], [ -74.875254, 10.963738 ], [ -74.87508, 10.964112 ], [ -74.874177, 10.96461 ], [ -74.873566, 10.965032 ], [ -74.87331, 10.965109 ], [ -74.87331, 10.9652 ], [ -74.873219, 10.9652 ], [ -74.871994, 10.965784 ], [ -74.871426, 10.965659 ], [ -74.871144, 10.965418 ], [ -74.870359, 10.96448 ], [ -74.870199, 10.964023 ], [ -74.870302, 10.963904 ], [ -74.870838, 10.96371 ], [ -74.871335, 10.96381 ] ] ], [ [ [ -74.858113, 10.973785 ], [ -74.858073, 10.973926 ], [ -74.857913, 10.974187 ], [ -74.857989, 10.974692 ], [ -74.85829, 10.975451 ], [ -74.858478, 10.975594 ], [ -74.858521, 10.976184 ], [ -74.858654, 10.977055 ], [ -74.858428, 10.977807 ], [ -74.858299, 10.978622 ], [ -74.85857, 10.9807 ], [ -74.858008, 10.980133 ], [ -74.856907, 10.978477 ], [ -74.856529, 10.977534 ], [ -74.855912, 10.977007 ], [ -74.855641, 10.977032 ], [ -74.855043, 10.97562 ], [ -74.855047, 10.975411 ], [ -74.85761, 10.974102 ], [ -74.858113, 10.973785 ] ] ], [ [ [ -74.852242, 10.977311 ], [ -74.853446, 10.977175 ], [ -74.8536, 10.97749 ], [ -74.853532, 10.977655 ], [ -74.851998, 10.978103 ], [ -74.850981, 10.97887 ], [ -74.850501, 10.979344 ], [ -74.850215, 10.979671 ], [ -74.849868, 10.979273 ], [ -74.849644, 10.978787 ], [ -74.849837, 10.978232 ], [ -74.850295, 10.977798 ], [ -74.850749, 10.977807 ], [ -74.851267, 10.978341 ], [ -74.851516, 10.978439 ], [ -74.851931, 10.977715 ], [ -74.852242, 10.977311 ] ] ], [ [ [ -74.861884, 10.983441 ], [ -74.861548, 10.983371 ], [ -74.861141, 10.983232 ], [ -74.860181, 10.982324 ], [ -74.858993, 10.981136 ], [ -74.859469, 10.981038 ], [ -74.859618, 10.980666 ], [ -74.859232, 10.979944 ], [ -74.859263, 10.979166 ], [ -74.86012, 10.978191 ], [ -74.860303, 10.977809 ], [ -74.860491, 10.976861 ], [ -74.860552, 10.976741 ], [ -74.860674, 10.97668 ], [ -74.861061, 10.976017 ], [ -74.861132, 10.975957 ], [ -74.861177, 10.976274 ], [ -74.861275, 10.97656 ], [ -74.861556, 10.976826 ], [ -74.862128, 10.976815 ], [ -74.86306, 10.975858 ], [ -74.863191, 10.975459 ], [ -74.863901, 10.975603 ], [ -74.864436, 10.976456 ], [ -74.864654, 10.977375 ], [ -74.864284, 10.978085 ], [ -74.86428, 10.978891 ], [ -74.864782, 10.97944 ], [ -74.865386, 10.979078 ], [ -74.865662, 10.97899 ], [ -74.866194, 10.978634 ], [ -74.866522, 10.978477 ], [ -74.867131, 10.976901 ], [ -74.867126, 10.976617 ], [ -74.866484, 10.976007 ], [ -74.866539, 10.975915 ], [ -74.867699, 10.976576 ], [ -74.869385, 10.978065 ], [ -74.870239, 10.978718 ], [ -74.871341, 10.979721 ], [ -74.871333, 10.980101 ], [ -74.869955, 10.98274 ], [ -74.869548, 10.983822 ], [ -74.869127, 10.984336 ], [ -74.868566, 10.984325 ], [ -74.867765, 10.984053 ], [ -74.867392, 10.983965 ], [ -74.867212, 10.984149 ], [ -74.867219, 10.984497 ], [ -74.867122, 10.984777 ], [ -74.867219, 10.985247 ], [ -74.867831, 10.985828 ], [ -74.869049, 10.986592 ], [ -74.869361, 10.986585 ], [ -74.86981, 10.985804 ], [ -74.870816, 10.985256 ], [ -74.871333, 10.984869 ], [ -74.871547, 10.984766 ], [ -74.872533, 10.984786 ], [ -74.87315, 10.984153 ], [ -74.873379, 10.984043 ], [ -74.873898, 10.983877 ], [ -74.874274, 10.983686 ], [ -74.874636, 10.983141 ], [ -74.874845, 10.982296 ], [ -74.875283, 10.982156 ], [ -74.875492, 10.98216 ], [ -74.875636, 10.982631 ], [ -74.875271, 10.983684 ], [ -74.87512, 10.984902 ], [ -74.874614, 10.98552 ], [ -74.874355, 10.986048 ], [ -74.874033, 10.986454 ], [ -74.87382, 10.986514 ], [ -74.873467, 10.986949 ], [ -74.873392, 10.987539 ], [ -74.872994, 10.987817 ], [ -74.872888, 10.988125 ], [ -74.872778, 10.989551 ], [ -74.872357, 10.990185 ], [ -74.870772, 10.990472 ], [ -74.869868, 10.99049 ], [ -74.869864, 10.9903 ], [ -74.869967, 10.990002 ], [ -74.870141, 10.9893 ], [ -74.870324, 10.988772 ], [ -74.870336, 10.98822 ], [ -74.869522, 10.987945 ], [ -74.86888, 10.988092 ], [ -74.86868, 10.988474 ], [ -74.868218, 10.990113 ], [ -74.868102, 10.990583 ], [ -74.867771, 10.990923 ], [ -74.867236, 10.991104 ], [ -74.865961, 10.991287 ], [ -74.864398, 10.991403 ], [ -74.863655, 10.991838 ], [ -74.862877, 10.992874 ], [ -74.862277, 10.993276 ], [ -74.861858, 10.993284 ], [ -74.861423, 10.992702 ], [ -74.860253, 10.991345 ], [ -74.860297, 10.988346 ], [ -74.860339, 10.98793 ], [ -74.860663, 10.986738 ], [ -74.861336, 10.985741 ], [ -74.863118, 10.984966 ], [ -74.863834, 10.98437 ], [ -74.863974, 10.983663 ], [ -74.861884, 10.983441 ] ] ], [ [ [ -74.845533, 11.019732 ], [ -74.84323, 11.019859 ], [ -74.842711, 11.020083 ], [ -74.842638, 11.019693 ], [ -74.840786, 11.020113 ], [ -74.840929, 11.019587 ], [ -74.840972, 11.019358 ], [ -74.840924, 11.019402 ], [ -74.840596, 11.019904 ], [ -74.840388, 11.020125 ], [ -74.839514, 11.019795 ], [ -74.838955, 11.019438 ], [ -74.838731, 11.019233 ], [ -74.838819, 11.018948 ], [ -74.839735, 11.01844 ], [ -74.839602, 11.017977 ], [ -74.838884, 11.017686 ], [ -74.83835, 11.017793 ], [ -74.837542, 11.018121 ], [ -74.837647, 11.016948 ], [ -74.838367, 11.015424 ], [ -74.839048, 11.013793 ], [ -74.839519, 11.013004 ], [ -74.840631, 11.012423 ], [ -74.84115, 11.012244 ], [ -74.842206, 11.011996 ], [ -74.842214, 11.011806 ], [ -74.841304, 11.009489 ], [ -74.841252, 11.008686 ], [ -74.840904, 11.008784 ], [ -74.839516, 11.009434 ], [ -74.8385, 11.00972 ], [ -74.835983, 11.009638 ], [ -74.835759, 11.009588 ], [ -74.835802, 11.008766 ], [ -74.835943, 11.008412 ], [ -74.835943, 11.008322 ], [ -74.835575, 11.008207 ], [ -74.834071, 11.007412 ], [ -74.834052, 11.006944 ], [ -74.834669, 11.006113 ], [ -74.836322, 11.005402 ], [ -74.837149, 11.005116 ], [ -74.83741, 11.005067 ], [ -74.83741, 11.004976 ], [ -74.837501, 11.004976 ], [ -74.837678, 11.004697 ], [ -74.837966, 11.003395 ], [ -74.837826, 11.002486 ], [ -74.837419, 11.000809 ], [ -74.837199, 10.999405 ], [ -74.837314, 10.997994 ], [ -74.83723, 10.997922 ], [ -74.835996, 10.997981 ], [ -74.836009, 10.996882 ], [ -74.835638, 10.996875 ], [ -74.835537, 10.996971 ], [ -74.835445, 10.997891 ], [ -74.834451, 10.997871 ], [ -74.834255, 10.997965 ], [ -74.834164, 10.99842 ], [ -74.83381, 10.998055 ], [ -74.833067, 10.997421 ], [ -74.831306, 10.99622 ], [ -74.830552, 10.995503 ], [ -74.830036, 10.994324 ], [ -74.829613, 10.993032 ], [ -74.8289, 10.991755 ], [ -74.828172, 10.991224 ], [ -74.827355, 10.990894 ], [ -74.826481, 10.99026 ], [ -74.826861, 10.990285 ], [ -74.828264, 10.990772 ], [ -74.828264, 10.990863 ], [ -74.828679, 10.991176 ], [ -74.830372, 10.992569 ], [ -74.830777, 10.992485 ], [ -74.830319, 10.991907 ], [ -74.830235, 10.991723 ], [ -74.830968, 10.990913 ], [ -74.831179, 10.99058 ], [ -74.831327, 10.989881 ], [ -74.83109, 10.98946 ], [ -74.830697, 10.989124 ], [ -74.830645, 10.988422 ], [ -74.830737, 10.988422 ], [ -74.830925, 10.987762 ], [ -74.82971, 10.987578 ], [ -74.829572, 10.98746 ], [ -74.829774, 10.987015 ], [ -74.830322, 10.987114 ], [ -74.831153, 10.987198 ], [ -74.832429, 10.987577 ], [ -74.833343, 10.98738 ], [ -74.833666, 10.987339 ], [ -74.833849, 10.98761 ], [ -74.834447, 10.988101 ], [ -74.83518, 10.988376 ], [ -74.835496, 10.988515 ], [ -74.836162, 10.98865 ], [ -74.836536, 10.988323 ], [ -74.836674, 10.987928 ], [ -74.836459, 10.987309 ], [ -74.836454, 10.987028 ], [ -74.836824, 10.986489 ], [ -74.836368, 10.986484 ], [ -74.836458, 10.98639 ], [ -74.837373, 10.985673 ], [ -74.837383, 10.985218 ], [ -74.836772, 10.985094 ], [ -74.836303, 10.985445 ], [ -74.836013, 10.984887 ], [ -74.835984, 10.983427 ], [ -74.836273, 10.98313 ], [ -74.836985, 10.982789 ], [ -74.837158, 10.982088 ], [ -74.837367, 10.981874 ], [ -74.83787, 10.981704 ], [ -74.840422, 10.981059 ], [ -74.841296, 10.981042 ], [ -74.841956, 10.981569 ], [ -74.842471, 10.981743 ], [ -74.843325, 10.9816 ], [ -74.844424, 10.981449 ], [ -74.845615, 10.981068 ], [ -74.845744, 10.980283 ], [ -74.846332, 10.97989 ], [ -74.847218, 10.979477 ], [ -74.847899, 10.979968 ], [ -74.848932, 10.980526 ], [ -74.849367, 10.981008 ], [ -74.849413, 10.98174 ], [ -74.849462, 10.981781 ], [ -74.849666, 10.982671 ], [ -74.849858, 10.983011 ], [ -74.85001, 10.983056 ], [ -74.850422, 10.983381 ], [ -74.850788, 10.984028 ], [ -74.850823, 10.984615 ], [ -74.850788, 10.98483 ], [ -74.850821, 10.985009 ], [ -74.850784, 10.984996 ], [ -74.850693, 10.985177 ], [ -74.850674, 10.985313 ], [ -74.850534, 10.985796 ], [ -74.850364, 10.98662 ], [ -74.850326, 10.986624 ], [ -74.850326, 10.987347 ], [ -74.850417, 10.987347 ], [ -74.850417, 10.987438 ], [ -74.850457, 10.987579 ], [ -74.850823, 10.98849 ], [ -74.850731, 10.988897 ], [ -74.85043, 10.989283 ], [ -74.850233, 10.989337 ], [ -74.850196, 10.98939 ], [ -74.849481, 10.989863 ], [ -74.849559, 10.990208 ], [ -74.850561, 10.99055 ], [ -74.850599, 10.990603 ], [ -74.851155, 10.990699 ], [ -74.851463, 10.991116 ], [ -74.851366, 10.991534 ], [ -74.850851, 10.991941 ], [ -74.85107, 10.992505 ], [ -74.850745, 10.992693 ], [ -74.849946, 10.992864 ], [ -74.849733, 10.993222 ], [ -74.849906, 10.993547 ], [ -74.850224, 10.993738 ], [ -74.850454, 10.994126 ], [ -74.850039, 10.994402 ], [ -74.84959, 10.994582 ], [ -74.849498, 10.994582 ], [ -74.849423, 10.99487 ], [ -74.849315, 10.994944 ], [ -74.849315, 10.995034 ], [ -74.849498, 10.995034 ], [ -74.849498, 10.995125 ], [ -74.84982, 10.995168 ], [ -74.85043, 10.995295 ], [ -74.850994, 10.995678 ], [ -74.851364, 10.996454 ], [ -74.851419, 10.997658 ], [ -74.851184, 10.998323 ], [ -74.850559, 10.999119 ], [ -74.85035, 10.999569 ], [ -74.850374, 10.999972 ], [ -74.852607, 11.001186 ], [ -74.852354, 11.00232 ], [ -74.851599, 11.003537 ], [ -74.850314, 11.00443 ], [ -74.849078, 11.004935 ], [ -74.847464, 11.005657 ], [ -74.847204, 11.005705 ], [ -74.847204, 11.005795 ], [ -74.847021, 11.005795 ], [ -74.847021, 11.006338 ], [ -74.84696, 11.006368 ], [ -74.846898, 11.006593 ], [ -74.847112, 11.0067 ], [ -74.847143, 11.00685 ], [ -74.847455, 11.007506 ], [ -74.84739, 11.008295 ], [ -74.847526, 11.008912 ], [ -74.847618, 11.009911 ], [ -74.847396, 11.010508 ], [ -74.84692, 11.011351 ], [ -74.846556, 11.012154 ], [ -74.846613, 11.012852 ], [ -74.847497, 11.01309 ], [ -74.848162, 11.013501 ], [ -74.848483, 11.013616 ], [ -74.848982, 11.013435 ], [ -74.849214, 11.013393 ], [ -74.849306, 11.013393 ], [ -74.849306, 11.013303 ], [ -74.850436, 11.012869 ], [ -74.851197, 11.012472 ], [ -74.85221, 11.012909 ], [ -74.852327, 11.013033 ], [ -74.851678, 11.013917 ], [ -74.850877, 11.015399 ], [ -74.851274, 11.01597 ], [ -74.851435, 11.016308 ], [ -74.851959, 11.016379 ], [ -74.852241, 11.016219 ], [ -74.852177, 11.015435 ], [ -74.851968, 11.014677 ], [ -74.852108, 11.014041 ], [ -74.852603, 11.014081 ], [ -74.853075, 11.015129 ], [ -74.853486, 11.015246 ], [ -74.85365, 11.014884 ], [ -74.853779, 11.01471 ], [ -74.854168, 11.014925 ], [ -74.85429, 11.015678 ], [ -74.853191, 11.015789 ], [ -74.85274, 11.0162 ], [ -74.852874, 11.016561 ], [ -74.854058, 11.016495 ], [ -74.854536, 11.015895 ], [ -74.855169, 11.015491 ], [ -74.85555, 11.015086 ], [ -74.855826, 11.015181 ], [ -74.855541, 11.015703 ], [ -74.855467, 11.016251 ], [ -74.855319, 11.016543 ], [ -74.855207, 11.017109 ], [ -74.855369, 11.0188 ], [ -74.855662, 11.018972 ], [ -74.855394, 11.019486 ], [ -74.855344, 11.019637 ], [ -74.855303, 11.019668 ], [ -74.855299, 11.019723 ], [ -74.855021, 11.02038 ], [ -74.85478, 11.021148 ], [ -74.85439, 11.022223 ], [ -74.854418, 11.021557 ], [ -74.853988, 11.020802 ], [ -74.853564, 11.02058 ], [ -74.852519, 11.020092 ], [ -74.851334, 11.019139 ], [ -74.851226, 11.019283 ], [ -74.850873, 11.020179 ], [ -74.849128, 11.02011 ], [ -74.848734, 11.020246 ], [ -74.846868, 11.020119 ], [ -74.845533, 11.019732 ] ], [ [ -74.837794, 10.991213 ], [ -74.837875, 10.991501 ], [ -74.839336, 10.991558 ], [ -74.840448, 10.992447 ], [ -74.841956, 10.992478 ], [ -74.841935, 10.991429 ], [ -74.842442, 10.991267 ], [ -74.842131, 10.990555 ], [ -74.841745, 10.989497 ], [ -74.840639, 10.98991 ], [ -74.839462, 10.990079 ], [ -74.837418, 10.990235 ], [ -74.837458, 10.990376 ], [ -74.837794, 10.991213 ] ] ], [ [ [ -74.857401, 11.027426 ], [ -74.856469, 11.028621 ], [ -74.856399, 11.028676 ], [ -74.856232, 11.028919 ], [ -74.856014, 11.029301 ], [ -74.855762, 11.029549 ], [ -74.855304, 11.029634 ], [ -74.854547, 11.029426 ], [ -74.854206, 11.029293 ], [ -74.854149, 11.029223 ], [ -74.855188, 11.028833 ], [ -74.855387, 11.028547 ], [ -74.855595, 11.028114 ], [ -74.856476, 11.027476 ], [ -74.856729, 11.026869 ], [ -74.856494, 11.026377 ], [ -74.856298, 11.026369 ], [ -74.855598, 11.026735 ], [ -74.85491, 11.026612 ], [ -74.854107, 11.025876 ], [ -74.854195, 11.025196 ], [ -74.854369, 11.024707 ], [ -74.854388, 11.024249 ], [ -74.854373, 11.023866 ], [ -74.855186, 11.022125 ], [ -74.856048, 11.022676 ], [ -74.856167, 11.022802 ], [ -74.856319, 11.022833 ], [ -74.856563, 11.022953 ], [ -74.856807, 11.022984 ], [ -74.857351, 11.02254 ], [ -74.857858, 11.022975 ], [ -74.85765, 11.023544 ], [ -74.857954, 11.023931 ], [ -74.85804, 11.024296 ], [ -74.856941, 11.025468 ], [ -74.856854, 11.025626 ], [ -74.857945, 11.026409 ], [ -74.858039, 11.027102 ], [ -74.858565, 11.027433 ], [ -74.858993, 11.027549 ], [ -74.859532, 11.027359 ], [ -74.859757, 11.02711 ], [ -74.85987, 11.026693 ], [ -74.85962, 11.025769 ], [ -74.859506, 11.024809 ], [ -74.858948, 11.024409 ], [ -74.858963, 11.024176 ], [ -74.859509, 11.024209 ], [ -74.859708, 11.024102 ], [ -74.859958, 11.023565 ], [ -74.860329, 11.023764 ], [ -74.860865, 11.023009 ], [ -74.86097, 11.022643 ], [ -74.860564, 11.022284 ], [ -74.860195, 11.022171 ], [ -74.859829, 11.022262 ], [ -74.859785, 11.022399 ], [ -74.859605, 11.022734 ], [ -74.859279, 11.022938 ], [ -74.8581, 11.0222 ], [ -74.858415, 11.021487 ], [ -74.857171, 11.020584 ], [ -74.85735, 11.01991 ], [ -74.857182, 11.019684 ], [ -74.85665, 11.020252 ], [ -74.856159, 11.020081 ], [ -74.856062, 11.020211 ], [ -74.856279, 11.019449 ], [ -74.856169, 11.016945 ], [ -74.856336, 11.016562 ], [ -74.856447, 11.015868 ], [ -74.857428, 11.014388 ], [ -74.857496, 11.014226 ], [ -74.857679, 11.014281 ], [ -74.857496, 11.014797 ], [ -74.857399, 11.015201 ], [ -74.857417, 11.015652 ], [ -74.85791, 11.015806 ], [ -74.858811, 11.015604 ], [ -74.85922, 11.015169 ], [ -74.859333, 11.014588 ], [ -74.859466, 11.014212 ], [ -74.859466, 11.014122 ], [ -74.859558, 11.014122 ], [ -74.859755, 11.014063 ], [ -74.8607, 11.013514 ], [ -74.861847, 11.013399 ], [ -74.8618, 11.014053 ], [ -74.861522, 11.014798 ], [ -74.861367, 11.015306 ], [ -74.861791, 11.015667 ], [ -74.862368, 11.015796 ], [ -74.862581, 11.01604 ], [ -74.862349, 11.016661 ], [ -74.86226, 11.017439 ], [ -74.863327, 11.01784 ], [ -74.863493, 11.017651 ], [ -74.862937, 11.017283 ], [ -74.86282, 11.016765 ], [ -74.86309, 11.016591 ], [ -74.863364, 11.016693 ], [ -74.863622, 11.017071 ], [ -74.863859, 11.017199 ], [ -74.864339, 11.016523 ], [ -74.864548, 11.01679 ], [ -74.86496, 11.01793 ], [ -74.865478, 11.018327 ], [ -74.865865, 11.018201 ], [ -74.866353, 11.017442 ], [ -74.866709, 11.017252 ], [ -74.866885, 11.017738 ], [ -74.867154, 11.018599 ], [ -74.867519, 11.018401 ], [ -74.867961, 11.0178 ], [ -74.868529, 11.017767 ], [ -74.869391, 11.018121 ], [ -74.869425, 11.017562 ], [ -74.868729, 11.016581 ], [ -74.868119, 11.016068 ], [ -74.86738, 11.015498 ], [ -74.867021, 11.014844 ], [ -74.86721, 11.014414 ], [ -74.867657, 11.013806 ], [ -74.868705, 11.013614 ], [ -74.8693, 11.012532 ], [ -74.869414, 11.011692 ], [ -74.869855, 11.010913 ], [ -74.870135, 11.010466 ], [ -74.870916, 11.009055 ], [ -74.871412, 11.008653 ], [ -74.871833, 11.008525 ], [ -74.872196, 11.008012 ], [ -74.872377, 11.007435 ], [ -74.872779, 11.007312 ], [ -74.873567, 11.006621 ], [ -74.873385, 11.00653 ], [ -74.873293, 11.00635 ], [ -74.873012, 11.006523 ], [ -74.87261, 11.006211 ], [ -74.871952, 11.00585 ], [ -74.872252, 11.004868 ], [ -74.873061, 11.003934 ], [ -74.87291, 11.00364 ], [ -74.872378, 11.003456 ], [ -74.871506, 11.003322 ], [ -74.870295, 11.003066 ], [ -74.869411, 11.002949 ], [ -74.869132, 11.002702 ], [ -74.869218, 11.002321 ], [ -74.869419, 11.001722 ], [ -74.869695, 11.001597 ], [ -74.869229, 11.001385 ], [ -74.869069, 11.000535 ], [ -74.868796, 11.000388 ], [ -74.868064, 11.000582 ], [ -74.86748, 11.000245 ], [ -74.867173, 11.000034 ], [ -74.866199, 10.999883 ], [ -74.86571, 10.99971 ], [ -74.864934, 10.999531 ], [ -74.86451, 10.998989 ], [ -74.864196, 10.998242 ], [ -74.864176, 10.997919 ], [ -74.864374, 10.99726 ], [ -74.8645, 10.996726 ], [ -74.865002, 10.996696 ], [ -74.865107, 10.996983 ], [ -74.865221, 10.997468 ], [ -74.865457, 10.997978 ], [ -74.86565, 10.997989 ], [ -74.865747, 10.997883 ], [ -74.866026, 10.997899 ], [ -74.866276, 10.997623 ], [ -74.866565, 10.997606 ], [ -74.86659, 10.998027 ], [ -74.866551, 10.998661 ], [ -74.866738, 10.999063 ], [ -74.867014, 10.99908 ], [ -74.867149, 10.998835 ], [ -74.867102, 10.998042 ], [ -74.867261, 10.997535 ], [ -74.867631, 10.997513 ], [ -74.868037, 10.998164 ], [ -74.867876, 10.998306 ], [ -74.867844, 10.998832 ], [ -74.868472, 10.999024 ], [ -74.869339, 11.000042 ], [ -74.870196, 11.000269 ], [ -74.870937, 11.000099 ], [ -74.871142, 10.999728 ], [ -74.871056, 10.999157 ], [ -74.870913, 10.998494 ], [ -74.871136, 10.997079 ], [ -74.871419, 10.996952 ], [ -74.87151, 10.995811 ], [ -74.871745, 10.9951 ], [ -74.87197, 10.995087 ], [ -74.872225, 10.995102 ], [ -74.872424, 10.994927 ], [ -74.87242, 10.99464 ], [ -74.872792, 10.994804 ], [ -74.872613, 10.995273 ], [ -74.872294, 10.99599 ], [ -74.871972, 10.997476 ], [ -74.872337, 10.997801 ], [ -74.873547, 10.996677 ], [ -74.873345, 10.996121 ], [ -74.873487, 10.995909 ], [ -74.873791, 10.995892 ], [ -74.87395, 10.996025 ], [ -74.87395, 10.996549 ], [ -74.87344, 10.998759 ], [ -74.87322, 10.999597 ], [ -74.873016, 11.00082 ], [ -74.873032, 11.001623 ], [ -74.873837, 11.002579 ], [ -74.874004, 11.002711 ], [ -74.873993, 11.002704 ], [ -74.873799, 11.004861 ], [ -74.873476, 11.005898 ], [ -74.873931, 11.006106 ], [ -74.874849, 11.005926 ], [ -74.87524, 11.006002 ], [ -74.875556, 11.005434 ], [ -74.875856, 11.005356 ], [ -74.876173, 11.004946 ], [ -74.876906, 11.004836 ], [ -74.876735, 11.00451 ], [ -74.876576, 11.00438 ], [ -74.877396, 11.004724 ], [ -74.878075, 11.005176 ], [ -74.878651, 11.005864 ], [ -74.878653, 11.005884 ], [ -74.878419, 11.0059 ], [ -74.878561, 11.006121 ], [ -74.878643, 11.006464 ], [ -74.878447, 11.00783 ], [ -74.878592, 11.008073 ], [ -74.878971, 11.008201 ], [ -74.879272, 11.00783 ], [ -74.879437, 11.007262 ], [ -74.879339, 11.006475 ], [ -74.87966, 11.006041 ], [ -74.879701, 11.0059 ], [ -74.880207, 11.006033 ], [ -74.880558, 11.006435 ], [ -74.880689, 11.006146 ], [ -74.88065, 11.005671 ], [ -74.880384, 11.005045 ], [ -74.880299, 11.004661 ], [ -74.88099, 11.004235 ], [ -74.881692, 11.003661 ], [ -74.882412, 11.003344 ], [ -74.882631, 11.003279 ], [ -74.882696, 11.003334 ], [ -74.882907, 11.003802 ], [ -74.883241, 11.005256 ], [ -74.883362, 11.005359 ], [ -74.883393, 11.00551 ], [ -74.88382, 11.006354 ], [ -74.88395, 11.006683 ], [ -74.884003, 11.006987 ], [ -74.884094, 11.006987 ], [ -74.884094, 11.007078 ], [ -74.884138, 11.007306 ], [ -74.884177, 11.008298 ], [ -74.883846, 11.008774 ], [ -74.884232, 11.009021 ], [ -74.884766, 11.00945 ], [ -74.884825, 11.010605 ], [ -74.883726, 11.010695 ], [ -74.883628, 11.010612 ], [ -74.88344, 11.010395 ], [ -74.883184, 11.009827 ], [ -74.883249, 11.009031 ], [ -74.882384, 11.008538 ], [ -74.881059, 11.007604 ], [ -74.880718, 11.008489 ], [ -74.881012, 11.00928 ], [ -74.881072, 11.009614 ], [ -74.880478, 11.009761 ], [ -74.87996, 11.010603 ], [ -74.879882, 11.010875 ], [ -74.879882, 11.010965 ], [ -74.87979, 11.010965 ], [ -74.878986, 11.010827 ], [ -74.878149, 11.01034 ], [ -74.877367, 11.009466 ], [ -74.877268, 11.007312 ], [ -74.877137, 11.006442 ], [ -74.876955, 11.006488 ], [ -74.876565, 11.007061 ], [ -74.876184, 11.007219 ], [ -74.876038, 11.007256 ], [ -74.876038, 11.007346 ], [ -74.87613, 11.007346 ], [ -74.87613, 11.007708 ], [ -74.876038, 11.007708 ], [ -74.876038, 11.007979 ], [ -74.875947, 11.007979 ], [ -74.875854, 11.008159 ], [ -74.875611, 11.008281 ], [ -74.87558, 11.008341 ], [ -74.875724, 11.008669 ], [ -74.875716, 11.009041 ], [ -74.873517, 11.011385 ], [ -74.87352, 11.011566 ], [ -74.873802, 11.012107 ], [ -74.875043, 11.012377 ], [ -74.874884, 11.012837 ], [ -74.874244, 11.013444 ], [ -74.873719, 11.013983 ], [ -74.875409, 11.01472 ], [ -74.876497, 11.015449 ], [ -74.875884, 11.016622 ], [ -74.874562, 11.018135 ], [ -74.873737, 11.01883 ], [ -74.873209, 11.018287 ], [ -74.872599, 11.018744 ], [ -74.871547, 11.019825 ], [ -74.871322, 11.019743 ], [ -74.868769, 11.019284 ], [ -74.868527, 11.019371 ], [ -74.868333, 11.019809 ], [ -74.869116, 11.020702 ], [ -74.869133, 11.021106 ], [ -74.868974, 11.021437 ], [ -74.868634, 11.021957 ], [ -74.868108, 11.022617 ], [ -74.867243, 11.023531 ], [ -74.867291, 11.023896 ], [ -74.867794, 11.024025 ], [ -74.868322, 11.023834 ], [ -74.868729, 11.022864 ], [ -74.869253, 11.023054 ], [ -74.869532, 11.023532 ], [ -74.869294, 11.023932 ], [ -74.868385, 11.024932 ], [ -74.867958, 11.025467 ], [ -74.867791, 11.025973 ], [ -74.867277, 11.026252 ], [ -74.867015, 11.026653 ], [ -74.866685, 11.027078 ], [ -74.867289, 11.027192 ], [ -74.868073, 11.027419 ], [ -74.868781, 11.027848 ], [ -74.868943, 11.028021 ], [ -74.868932, 11.028299 ], [ -74.868647, 11.028559 ], [ -74.868299, 11.028546 ], [ -74.868101, 11.028649 ], [ -74.867929, 11.029186 ], [ -74.867807, 11.029181 ], [ -74.866568, 11.028118 ], [ -74.866465, 11.027371 ], [ -74.866153, 11.027479 ], [ -74.865274, 11.028823 ], [ -74.864886, 11.029104 ], [ -74.864535, 11.02909 ], [ -74.864543, 11.028885 ], [ -74.864989, 11.028477 ], [ -74.865366, 11.027918 ], [ -74.865454, 11.027659 ], [ -74.864885, 11.027556 ], [ -74.863815, 11.02799 ], [ -74.863257, 11.028095 ], [ -74.863094, 11.028223 ], [ -74.862874, 11.028603 ], [ -74.86247, 11.028878 ], [ -74.861328, 11.029263 ], [ -74.860721, 11.029534 ], [ -74.860597, 11.029861 ], [ -74.859982, 11.03027 ], [ -74.859496, 11.030438 ], [ -74.859459, 11.030491 ], [ -74.8593, 11.030491 ], [ -74.858078, 11.030053 ], [ -74.857588, 11.029828 ], [ -74.857504, 11.029721 ], [ -74.857437, 11.029367 ], [ -74.857467, 11.028973 ], [ -74.857661, 11.028392 ], [ -74.85778, 11.027943 ], [ -74.85775, 11.02758 ], [ -74.857401, 11.027426 ] ], [ [ -74.862261, 11.018952 ], [ -74.86281, 11.018963 ], [ -74.862988, 11.01878 ], [ -74.863171, 11.018251 ], [ -74.862028, 11.018193 ], [ -74.861813, 11.018818 ], [ -74.861248, 11.019232 ], [ -74.861087, 11.01972 ], [ -74.859809, 11.019504 ], [ -74.859681, 11.020405 ], [ -74.860657, 11.020678 ], [ -74.860514, 11.02095 ], [ -74.860633, 11.021177 ], [ -74.860976, 11.020948 ], [ -74.86158, 11.021353 ], [ -74.861804, 11.021124 ], [ -74.861796, 11.020749 ], [ -74.861161, 11.020146 ], [ -74.861104, 11.020047 ], [ -74.862073, 11.02041 ], [ -74.86226, 11.020314 ], [ -74.862515, 11.01954 ], [ -74.862251, 11.019413 ], [ -74.862261, 11.018952 ] ] ], [ [ [ -74.827784, 11.031506 ], [ -74.828333, 11.030294 ], [ -74.828363, 11.030144 ], [ -74.828582, 11.029756 ], [ -74.829414, 11.028755 ], [ -74.829626, 11.027974 ], [ -74.829447, 11.026649 ], [ -74.828844, 11.025884 ], [ -74.828929, 11.025522 ], [ -74.828929, 11.023836 ], [ -74.828978, 11.023871 ], [ -74.829574, 11.024551 ], [ -74.830099, 11.025183 ], [ -74.830556, 11.025201 ], [ -74.831541, 11.024402 ], [ -74.831882, 11.023382 ], [ -74.832214, 11.02337 ], [ -74.832558, 11.023684 ], [ -74.833277, 11.024452 ], [ -74.834027, 11.024607 ], [ -74.83436, 11.023987 ], [ -74.835435, 11.021299 ], [ -74.834268, 11.020391 ], [ -74.83415, 11.019944 ], [ -74.834039, 11.018444 ], [ -74.833528, 11.018176 ], [ -74.833162, 11.018346 ], [ -74.832941, 11.019033 ], [ -74.832676, 11.019043 ], [ -74.832261, 11.018599 ], [ -74.83107, 11.017605 ], [ -74.829605, 11.01671 ], [ -74.829459, 11.014606 ], [ -74.830308, 11.014716 ], [ -74.831167, 11.015048 ], [ -74.833969, 11.016869 ], [ -74.835144, 11.017587 ], [ -74.836073, 11.018438 ], [ -74.835985, 11.019131 ], [ -74.835812, 11.019946 ], [ -74.836042, 11.020191 ], [ -74.836119, 11.020151 ], [ -74.835631, 11.021472 ], [ -74.833907, 11.025844 ], [ -74.833818, 11.026281 ], [ -74.834328, 11.026638 ], [ -74.834945, 11.027021 ], [ -74.8352, 11.027314 ], [ -74.834772, 11.027391 ], [ -74.834306, 11.027717 ], [ -74.834052, 11.027633 ], [ -74.833724, 11.027452 ], [ -74.833685, 11.027538 ], [ -74.833955, 11.02843 ], [ -74.83346, 11.02885 ], [ -74.833362, 11.028767 ], [ -74.833143, 11.028515 ], [ -74.832839, 11.029187 ], [ -74.832159, 11.03039 ], [ -74.831994, 11.03093 ], [ -74.831811, 11.03102 ], [ -74.831759, 11.03124 ], [ -74.831679, 11.031838 ], [ -74.832194, 11.032142 ], [ -74.832493, 11.032953 ], [ -74.833215, 11.033412 ], [ -74.833549, 11.033282 ], [ -74.833692, 11.03288 ], [ -74.833817, 11.031892 ], [ -74.833967, 11.031874 ], [ -74.834105, 11.032509 ], [ -74.834282, 11.032649 ], [ -74.834648, 11.032469 ], [ -74.834728, 11.032005 ], [ -74.834832, 11.031926 ], [ -74.834778, 11.031389 ], [ -74.834914, 11.030801 ], [ -74.835319, 11.030163 ], [ -74.835473, 11.030118 ], [ -74.83553, 11.029464 ], [ -74.836026, 11.029333 ], [ -74.836593, 11.029367 ], [ -74.836762, 11.029217 ], [ -74.836062, 11.028628 ], [ -74.835671, 11.028752 ], [ -74.834855, 11.029436 ], [ -74.834428, 11.029331 ], [ -74.834372, 11.028392 ], [ -74.834816, 11.028086 ], [ -74.83564, 11.028529 ], [ -74.835882, 11.028543 ], [ -74.835981, 11.027995 ], [ -74.836024, 11.027947 ], [ -74.836707, 11.027537 ], [ -74.838134, 11.027454 ], [ -74.838455, 11.028292 ], [ -74.839097, 11.028575 ], [ -74.839515, 11.028806 ], [ -74.840139, 11.029243 ], [ -74.841287, 11.029349 ], [ -74.842367, 11.029057 ], [ -74.84232, 11.029403 ], [ -74.841433, 11.030327 ], [ -74.840566, 11.031012 ], [ -74.839482, 11.031803 ], [ -74.838659, 11.032445 ], [ -74.838095, 11.032808 ], [ -74.83764, 11.032915 ], [ -74.836644, 11.032979 ], [ -74.835972, 11.033064 ], [ -74.835192, 11.033085 ], [ -74.834455, 11.033705 ], [ -74.833436, 11.034432 ], [ -74.831139, 11.035951 ], [ -74.827827, 11.037487 ], [ -74.826753, 11.037597 ], [ -74.826623, 11.038285 ], [ -74.826305, 11.038303 ], [ -74.825612, 11.037065 ], [ -74.826493, 11.035538 ], [ -74.827089, 11.033152 ], [ -74.827784, 11.031506 ] ] ] ] } },
{ "type": "Feature", "properties": { "SIM_ZONFIN": "ZEE_Zona de Ecosistema Estratégicos", "Shape_Area": 33001193.254099999 }, "geometry": { "type": "Polygon", "coordinates": [ [ [ -74.931541, 10.878938 ], [ -74.931352, 10.878282 ], [ -74.931267, 10.878215 ], [ -74.93123, 10.87789 ], [ -74.931122, 10.877454 ], [ -74.931084, 10.87722 ], [ -74.930852, 10.876816 ], [ -74.93081, 10.875501 ], [ -74.930953, 10.875462 ], [ -74.931088, 10.875289 ], [ -74.931008, 10.874749 ], [ -74.931228, 10.874196 ], [ -74.931308, 10.873842 ], [ -74.930942, 10.873563 ], [ -74.930811, 10.873331 ], [ -74.930324, 10.873212 ], [ -74.93021, 10.873512 ], [ -74.930079, 10.873602 ], [ -74.930027, 10.873563 ], [ -74.929635, 10.873049 ], [ -74.92953, 10.872969 ], [ -74.929394, 10.872741 ], [ -74.928468, 10.871705 ], [ -74.928124, 10.871062 ], [ -74.927668, 10.869339 ], [ -74.927359, 10.86793 ], [ -74.926976, 10.867128 ], [ -74.926651, 10.86652 ], [ -74.927098, 10.865404 ], [ -74.92713, 10.864617 ], [ -74.926616, 10.864348 ], [ -74.925858, 10.864152 ], [ -74.9253, 10.864309 ], [ -74.924454, 10.865495 ], [ -74.92419, 10.865776 ], [ -74.924042, 10.865823 ], [ -74.924042, 10.865913 ], [ -74.923181, 10.866152 ], [ -74.922578, 10.866094 ], [ -74.922578, 10.866003 ], [ -74.92203, 10.865948 ], [ -74.921614, 10.86569 ], [ -74.921114, 10.865279 ], [ -74.921033, 10.864636 ], [ -74.920931, 10.864556 ], [ -74.920931, 10.864103 ], [ -74.920833, 10.863839 ], [ -74.920748, 10.863018 ], [ -74.920697, 10.862979 ], [ -74.920566, 10.862656 ], [ -74.920373, 10.862381 ], [ -74.919796, 10.862241 ], [ -74.919742, 10.862204 ], [ -74.919651, 10.862204 ], [ -74.919611, 10.862255 ], [ -74.919233, 10.862334 ], [ -74.918961, 10.862682 ], [ -74.918879, 10.863159 ], [ -74.918713, 10.863431 ], [ -74.918512, 10.863973 ], [ -74.918226, 10.864594 ], [ -74.918186, 10.864736 ], [ -74.918095, 10.864736 ], [ -74.918051, 10.864874 ], [ -74.917934, 10.865087 ], [ -74.917623, 10.865362 ], [ -74.917173, 10.865566 ], [ -74.91613, 10.866222 ], [ -74.914935, 10.866406 ], [ -74.914892, 10.866453 ], [ -74.914617, 10.866453 ], [ -74.912962, 10.866551 ], [ -74.911572, 10.865967 ], [ -74.910363, 10.865134 ], [ -74.909904, 10.864464 ], [ -74.909575, 10.863638 ], [ -74.908278, 10.862253 ], [ -74.908214, 10.861929 ], [ -74.908095, 10.861828 ], [ -74.908031, 10.861206 ], [ -74.907462, 10.860886 ], [ -74.907067, 10.860711 ], [ -74.907025, 10.860663 ], [ -74.906933, 10.860663 ], [ -74.90688, 10.860736 ], [ -74.906148, 10.860881 ], [ -74.90611, 10.860934 ], [ -74.905652, 10.860934 ], [ -74.905199, 10.860874 ], [ -74.903634, 10.860396 ], [ -74.903091, 10.860209 ], [ -74.903091, 10.860119 ], [ -74.902999, 10.860119 ], [ -74.902959, 10.860068 ], [ -74.902542, 10.859757 ], [ -74.90245, 10.859757 ], [ -74.90245, 10.859667 ], [ -74.902413, 10.859523 ], [ -74.902213, 10.85922 ], [ -74.902122, 10.858816 ], [ -74.902085, 10.858762 ], [ -74.902085, 10.858672 ], [ -74.902139, 10.858635 ], [ -74.902318, 10.858378 ], [ -74.902397, 10.858076 ], [ -74.902451, 10.857948 ], [ -74.901993, 10.857948 ], [ -74.902071, 10.857201 ], [ -74.902487, 10.857018 ], [ -74.902543, 10.856953 ], [ -74.902786, 10.856923 ], [ -74.903031, 10.856803 ], [ -74.903183, 10.856773 ], [ -74.903245, 10.856653 ], [ -74.903366, 10.856592 ], [ -74.903428, 10.856472 ], [ -74.903732, 10.85632 ], [ -74.903824, 10.85614 ], [ -74.903969, 10.856103 ], [ -74.90429, 10.855897 ], [ -74.904373, 10.855778 ], [ -74.904464, 10.855778 ], [ -74.904959, 10.855454 ], [ -74.905197, 10.855326 ], [ -74.905197, 10.855236 ], [ -74.905288, 10.855236 ], [ -74.905511, 10.855094 ], [ -74.906282, 10.854788 ], [ -74.906844, 10.854694 ], [ -74.907789, 10.854636 ], [ -74.908819, 10.854731 ], [ -74.909039, 10.854785 ], [ -74.910187, 10.854743 ], [ -74.911193, 10.854563 ], [ -74.912506, 10.854446 ], [ -74.913236, 10.854181 ], [ -74.91334, 10.854063 ], [ -74.913574, 10.853932 ], [ -74.914285, 10.85337 ], [ -74.91453, 10.853068 ], [ -74.914767, 10.852941 ], [ -74.915024, 10.852743 ], [ -74.915838, 10.85267 ], [ -74.917312, 10.853032 ], [ -74.917732, 10.853069 ], [ -74.917914, 10.853015 ], [ -74.918459, 10.852714 ], [ -74.918992, 10.851873 ], [ -74.919752, 10.851403 ], [ -74.920183, 10.851101 ], [ -74.920477, 10.850447 ], [ -74.92061, 10.850366 ], [ -74.920725, 10.850034 ], [ -74.92066, 10.849995 ], [ -74.92066, 10.849904 ], [ -74.921052, 10.84939 ], [ -74.921484, 10.849271 ], [ -74.921576, 10.849271 ], [ -74.921576, 10.849181 ], [ -74.92185, 10.849181 ], [ -74.921881, 10.849121 ], [ -74.922185, 10.84897 ], [ -74.922216, 10.84891 ], [ -74.922308, 10.84891 ], [ -74.922906, 10.848778 ], [ -74.92321, 10.848667 ], [ -74.923314, 10.848548 ], [ -74.923406, 10.848548 ], [ -74.923557, 10.848331 ], [ -74.923772, 10.848277 ], [ -74.923772, 10.848187 ], [ -74.924387, 10.847666 ], [ -74.924864, 10.847456 ], [ -74.925509, 10.847058 ], [ -74.925968, 10.847011 ], [ -74.926188, 10.846958 ], [ -74.926517, 10.846921 ], [ -74.927861, 10.847015 ], [ -74.92894, 10.846874 ], [ -74.929849, 10.845332 ], [ -74.929994, 10.845204 ], [ -74.930034, 10.844972 ], [ -74.931052, 10.842451 ], [ -74.931092, 10.842219 ], [ -74.931184, 10.842219 ], [ -74.931184, 10.842038 ], [ -74.931275, 10.842038 ], [ -74.931299, 10.841878 ], [ -74.931756, 10.841428 ], [ -74.932007, 10.841405 ], [ -74.932516, 10.841446 ], [ -74.932922, 10.841767 ], [ -74.933014, 10.841767 ], [ -74.933168, 10.84198 ], [ -74.93365, 10.841886 ], [ -74.933563, 10.841677 ], [ -74.933563, 10.841587 ], [ -74.933779, 10.841439 ], [ -74.933929, 10.841225 ], [ -74.93402, 10.841225 ], [ -74.93402, 10.841135 ], [ -74.934264, 10.841014 ], [ -74.934325, 10.840834 ], [ -74.934203, 10.840773 ], [ -74.934203, 10.839778 ], [ -74.934234, 10.839174 ], [ -74.934722, 10.838211 ], [ -74.934844, 10.83815 ], [ -74.935027, 10.837879 ], [ -74.935119, 10.837879 ], [ -74.935164, 10.837821 ], [ -74.935525, 10.837557 ], [ -74.935811, 10.837388 ], [ -74.935851, 10.837336 ], [ -74.935942, 10.837336 ], [ -74.936082, 10.837294 ], [ -74.937208, 10.836804 ], [ -74.938138, 10.836161 ], [ -74.938138, 10.836071 ], [ -74.938218, 10.835607 ], [ -74.938321, 10.835347 ], [ -74.938376, 10.835129 ], [ -74.938505, 10.834262 ], [ -74.938812, 10.833019 ], [ -74.939725, 10.833351 ], [ -74.940033, 10.833556 ], [ -74.940387, 10.834493 ], [ -74.94069, 10.834637 ], [ -74.941937, 10.834519 ], [ -74.942209, 10.834524 ], [ -74.942196, 10.835254 ], [ -74.943111, 10.835311 ], [ -74.944231, 10.835418 ], [ -74.945882, 10.838721 ], [ -74.947507, 10.843053 ], [ -74.94859, 10.844948 ], [ -74.950098, 10.845514 ], [ -74.950444, 10.845883 ], [ -74.950753, 10.846304 ], [ -74.950905, 10.847112 ], [ -74.952156, 10.846892 ], [ -74.952351, 10.846743 ], [ -74.952875, 10.846104 ], [ -74.95346, 10.845499 ], [ -74.953775, 10.845257 ], [ -74.954004, 10.845219 ], [ -74.956982, 10.842782 ], [ -74.957337, 10.842349 ], [ -74.957378, 10.842331 ], [ -74.957458, 10.8422 ], [ -74.959419, 10.839804 ], [ -74.960283, 10.838782 ], [ -74.963753, 10.839167 ], [ -74.967499, 10.83875 ], [ -74.96833, 10.838333 ], [ -74.96917, 10.83875 ], [ -74.969582, 10.839167 ], [ -74.970413, 10.840833 ], [ -74.970833, 10.84125 ], [ -74.972084, 10.841666 ], [ -74.973335, 10.84125 ], [ -74.973747, 10.840834 ], [ -74.974167, 10.841666 ], [ -74.973747, 10.8425 ], [ -74.973661, 10.843198 ], [ -74.973505, 10.843478 ], [ -74.973495, 10.843577 ], [ -74.973526, 10.844287 ], [ -74.973366, 10.845581 ], [ -74.973224, 10.845882 ], [ -74.973219, 10.845927 ], [ -74.973197, 10.845939 ], [ -74.97288, 10.846431 ], [ -74.972609, 10.846939 ], [ -74.973655, 10.848417 ], [ -74.973747, 10.849166 ], [ -74.974586, 10.849999 ], [ -74.975418, 10.854167 ], [ -74.97583, 10.855 ], [ -74.97583, 10.855833 ], [ -74.977019, 10.855833 ], [ -74.977501, 10.856007 ], [ -74.977501, 10.858749 ], [ -74.977081, 10.861667 ], [ -74.97625, 10.863333 ], [ -74.974423, 10.865158 ], [ -74.974342, 10.865068 ], [ -74.973801, 10.864998 ], [ -74.973616, 10.865089 ], [ -74.973311, 10.865371 ], [ -74.973297, 10.865406 ], [ -74.973578, 10.866692 ], [ -74.973335, 10.867917 ], [ -74.973747, 10.870001 ], [ -74.974201, 10.871802 ], [ -74.974182, 10.8718 ], [ -74.973872, 10.872111 ], [ -74.973558, 10.872314 ], [ -74.972118, 10.872298 ], [ -74.971935, 10.872671 ], [ -74.971946, 10.873206 ], [ -74.974098, 10.875435 ], [ -74.974181, 10.875689 ], [ -74.974432, 10.875902 ], [ -74.97474, 10.876705 ], [ -74.975134, 10.87704 ], [ -74.975364, 10.87755 ], [ -74.97606, 10.878082 ], [ -74.97656, 10.878493 ], [ -74.976696, 10.87844 ], [ -74.977135, 10.878566 ], [ -74.9772, 10.878945 ], [ -74.977831, 10.879282 ], [ -74.979479, 10.879723 ], [ -74.981301, 10.87967 ], [ -74.981384, 10.879167 ], [ -74.981667, 10.879168 ], [ -74.981667, 10.88 ], [ -74.979584, 10.884166 ], [ -74.979343, 10.884405 ], [ -74.979149, 10.884474 ], [ -74.977974, 10.885129 ], [ -74.977566, 10.884462 ], [ -74.977603, 10.884318 ], [ -74.977895, 10.883882 ], [ -74.978298, 10.883105 ], [ -74.978298, 10.883015 ], [ -74.978207, 10.883015 ], [ -74.978207, 10.882653 ], [ -74.978115, 10.882653 ], [ -74.978115, 10.882382 ], [ -74.978024, 10.882382 ], [ -74.977925, 10.882273 ], [ -74.976903, 10.881448 ], [ -74.975958, 10.880403 ], [ -74.974734, 10.879655 ], [ -74.974089, 10.879307 ], [ -74.974089, 10.879216 ], [ -74.973855, 10.879086 ], [ -74.973318, 10.878622 ], [ -74.9729, 10.878312 ], [ -74.972839, 10.878191 ], [ -74.972809, 10.87804 ], [ -74.972038, 10.876301 ], [ -74.971544, 10.875545 ], [ -74.971118, 10.875009 ], [ -74.97051, 10.87429 ], [ -74.969839, 10.873741 ], [ -74.969606, 10.873608 ], [ -74.969606, 10.873518 ], [ -74.969467, 10.873475 ], [ -74.969111, 10.873284 ], [ -74.967745, 10.872664 ], [ -74.967502, 10.872252 ], [ -74.967366, 10.871594 ], [ -74.967456, 10.87112 ], [ -74.967637, 10.870597 ], [ -74.967685, 10.869177 ], [ -74.967746, 10.869146 ], [ -74.967808, 10.868845 ], [ -74.96796, 10.868544 ], [ -74.968011, 10.868503 ], [ -74.968455, 10.867781 ], [ -74.968601, 10.867277 ], [ -74.968699, 10.866834 ], [ -74.968639, 10.866099 ], [ -74.968749, 10.864797 ], [ -74.968918, 10.864064 ], [ -74.969016, 10.863799 ], [ -74.969058, 10.863569 ], [ -74.96915, 10.863569 ], [ -74.9692, 10.863298 ], [ -74.969769, 10.862038 ], [ -74.969882, 10.861942 ], [ -74.969882, 10.861761 ], [ -74.96993, 10.861718 ], [ -74.9702, 10.861351 ], [ -74.970889, 10.860585 ], [ -74.970889, 10.860495 ], [ -74.97131, 10.860136 ], [ -74.972419, 10.858605 ], [ -74.972536, 10.858505 ], [ -74.972578, 10.858366 ], [ -74.972734, 10.85809 ], [ -74.972993, 10.857239 ], [ -74.972936, 10.856117 ], [ -74.972329, 10.854786 ], [ -74.972188, 10.854052 ], [ -74.97202, 10.853529 ], [ -74.971713, 10.852988 ], [ -74.971621, 10.852988 ], [ -74.971621, 10.852807 ], [ -74.971438, 10.852174 ], [ -74.971073, 10.851722 ], [ -74.970981, 10.851722 ], [ -74.970944, 10.851668 ], [ -74.970372, 10.851288 ], [ -74.970195, 10.850871 ], [ -74.970158, 10.850727 ], [ -74.970066, 10.850727 ], [ -74.970014, 10.850559 ], [ -74.969566, 10.849594 ], [ -74.969517, 10.849551 ], [ -74.969471, 10.848353 ], [ -74.969291, 10.847605 ], [ -74.968836, 10.846756 ], [ -74.968738, 10.844986 ], [ -74.968694, 10.844848 ], [ -74.968694, 10.844667 ], [ -74.968623, 10.844421 ], [ -74.968237, 10.843944 ], [ -74.967627, 10.843642 ], [ -74.967414, 10.84322 ], [ -74.967305, 10.843146 ], [ -74.967231, 10.842858 ], [ -74.967139, 10.842858 ], [ -74.966907, 10.842455 ], [ -74.966865, 10.842316 ], [ -74.966773, 10.842316 ], [ -74.966718, 10.842102 ], [ -74.966536, 10.841826 ], [ -74.966499, 10.841682 ], [ -74.966408, 10.841682 ], [ -74.96634, 10.841287 ], [ -74.966133, 10.84123 ], [ -74.966133, 10.84114 ], [ -74.96572, 10.841193 ], [ -74.964806, 10.841966 ], [ -74.964293, 10.842007 ], [ -74.963846, 10.841954 ], [ -74.963114, 10.841953 ], [ -74.963073, 10.842004 ], [ -74.962823, 10.842108 ], [ -74.962295, 10.842489 ], [ -74.961675, 10.842747 ], [ -74.961192, 10.843129 ], [ -74.960786, 10.843631 ], [ -74.960735, 10.843672 ], [ -74.96011, 10.844752 ], [ -74.960003, 10.844847 ], [ -74.959764, 10.845153 ], [ -74.959454, 10.84539 ], [ -74.958803, 10.846193 ], [ -74.958447, 10.846294 ], [ -74.958447, 10.846384 ], [ -74.958232, 10.846439 ], [ -74.957798, 10.846718 ], [ -74.957715, 10.846837 ], [ -74.957624, 10.846837 ], [ -74.957544, 10.846939 ], [ -74.957065, 10.847304 ], [ -74.956526, 10.848012 ], [ -74.956434, 10.848012 ], [ -74.955519, 10.849097 ], [ -74.955428, 10.849097 ], [ -74.955335, 10.849277 ], [ -74.955153, 10.849369 ], [ -74.955153, 10.849549 ], [ -74.954971, 10.849641 ], [ -74.954848, 10.849881 ], [ -74.954787, 10.849911 ], [ -74.954787, 10.850002 ], [ -74.954666, 10.850062 ], [ -74.954512, 10.850363 ], [ -74.95433, 10.850454 ], [ -74.95429, 10.850595 ], [ -74.953924, 10.851082 ], [ -74.953872, 10.851268 ], [ -74.953821, 10.851308 ], [ -74.953497, 10.851835 ], [ -74.953414, 10.851901 ], [ -74.953414, 10.851991 ], [ -74.952851, 10.853065 ], [ -74.952358, 10.853751 ], [ -74.951539, 10.855046 ], [ -74.951492, 10.855789 ], [ -74.951401, 10.855789 ], [ -74.951357, 10.856288 ], [ -74.951212, 10.85697 ], [ -74.950211, 10.85805 ], [ -74.95012, 10.85805 ], [ -74.950096, 10.858208 ], [ -74.94996, 10.858344 ], [ -74.949937, 10.858502 ], [ -74.949809, 10.858603 ], [ -74.949713, 10.859547 ], [ -74.949587, 10.860319 ], [ -74.949245, 10.860894 ], [ -74.949204, 10.861034 ], [ -74.949113, 10.861034 ], [ -74.948981, 10.861266 ], [ -74.948786, 10.861526 ], [ -74.948668, 10.86208 ], [ -74.948877, 10.862787 ], [ -74.948615, 10.863437 ], [ -74.948563, 10.863476 ], [ -74.948321, 10.863818 ], [ -74.947671, 10.864641 ], [ -74.947557, 10.864742 ], [ -74.947557, 10.864833 ], [ -74.947506, 10.864873 ], [ -74.947252, 10.865186 ], [ -74.946987, 10.865807 ], [ -74.946592, 10.866471 ], [ -74.94655, 10.867274 ], [ -74.946603, 10.867312 ], [ -74.946721, 10.867614 ], [ -74.947611, 10.868943 ], [ -74.947711, 10.869447 ], [ -74.947609, 10.869588 ], [ -74.947556, 10.869626 ], [ -74.947501, 10.869819 ], [ -74.946784, 10.870039 ], [ -74.945373, 10.870273 ], [ -74.945177, 10.870349 ], [ -74.94488, 10.870433 ], [ -74.944677, 10.870763 ], [ -74.944587, 10.871575 ], [ -74.944383, 10.872098 ], [ -74.944221, 10.87266 ], [ -74.943787, 10.87317 ], [ -74.943202, 10.873335 ], [ -74.942665, 10.873564 ], [ -74.94124, 10.874052 ], [ -74.940455, 10.874508 ], [ -74.939869, 10.875232 ], [ -74.939546, 10.875478 ], [ -74.939371, 10.876097 ], [ -74.93932, 10.876227 ], [ -74.939241, 10.87873 ], [ -74.939319, 10.88093 ], [ -74.939275, 10.882028 ], [ -74.938911, 10.883286 ], [ -74.938688, 10.883562 ], [ -74.938586, 10.883643 ], [ -74.938455, 10.883875 ], [ -74.937945, 10.884547 ], [ -74.937481, 10.884811 ], [ -74.936752, 10.885261 ], [ -74.936024, 10.885451 ], [ -74.935762, 10.88556 ], [ -74.935108, 10.885722 ], [ -74.934356, 10.885679 ], [ -74.933459, 10.885321 ], [ -74.932821, 10.884908 ], [ -74.932235, 10.88439 ], [ -74.932181, 10.883641 ], [ -74.932257, 10.883583 ], [ -74.932459, 10.883096 ], [ -74.93273, 10.882737 ], [ -74.933179, 10.882326 ], [ -74.933429, 10.881546 ], [ -74.933173, 10.880822 ], [ -74.931728, 10.879274 ], [ -74.931589, 10.878982 ], [ -74.931541, 10.878938 ] ], [ [ -74.935934, 10.87695 ], [ -74.93634, 10.876412 ], [ -74.936245, 10.876021 ], [ -74.936026, 10.875683 ], [ -74.935885, 10.875642 ], [ -74.935091, 10.875203 ], [ -74.934522, 10.875099 ], [ -74.933942, 10.875764 ], [ -74.934155, 10.876339 ], [ -74.934131, 10.876638 ], [ -74.933506, 10.877081 ], [ -74.93284, 10.877659 ], [ -74.932587, 10.878218 ], [ -74.932623, 10.878667 ], [ -74.933031, 10.8788 ], [ -74.933597, 10.878076 ], [ -74.934348, 10.877502 ], [ -74.935251, 10.877179 ], [ -74.935702, 10.876991 ], [ -74.935934, 10.87695 ] ], [ [ -74.937864, 10.876224 ], [ -74.938557, 10.876548 ], [ -74.938744, 10.876541 ], [ -74.939018, 10.876248 ], [ -74.939002, 10.875518 ], [ -74.939323, 10.874919 ], [ -74.94021, 10.874263 ], [ -74.940564, 10.873722 ], [ -74.940913, 10.873403 ], [ -74.940967, 10.872338 ], [ -74.940924, 10.871657 ], [ -74.940785, 10.87062 ], [ -74.940377, 10.870321 ], [ -74.93987, 10.870258 ], [ -74.939267, 10.870295 ], [ -74.939046, 10.870348 ], [ -74.938915, 10.87058 ], [ -74.93868, 10.870891 ], [ -74.938987, 10.871204 ], [ -74.939138, 10.872142 ], [ -74.939368, 10.872472 ], [ -74.939547, 10.872772 ], [ -74.938815, 10.872743 ], [ -74.938486, 10.873094 ], [ -74.936877, 10.872536 ], [ -74.936506, 10.872664 ], [ -74.936535, 10.873374 ], [ -74.937585, 10.874106 ], [ -74.937717, 10.874358 ], [ -74.937259, 10.874913 ], [ -74.937032, 10.875322 ], [ -74.937076, 10.87555 ], [ -74.937864, 10.876224 ] ] ] } },
{ "type": "Feature", "properties": { "SIM_ZONFIN": "ZEE_Zona de Ecosistema Estratégicos", "Shape_Area": 33001193.254099999 }, "geometry": { "type": "Polygon", "coordinates": [ [ [ -74.964409, 10.892507 ], [ -74.964596, 10.892463 ], [ -74.964584, 10.8925 ], [ -74.962502, 10.894584 ], [ -74.959861, 10.895903 ], [ -74.959904, 10.895856 ], [ -74.960868, 10.895273 ], [ -74.960917, 10.895258 ], [ -74.963128, 10.893549 ], [ -74.963346, 10.893161 ], [ -74.963572, 10.892969 ], [ -74.963657, 10.892872 ], [ -74.963796, 10.892828 ], [ -74.964409, 10.892507 ] ] ] } },
{ "type": "Feature", "properties": { "SIM_ZONFIN": "ZEE_Zona de Ecosistema Estratégicos", "Shape_Area": 33001193.254099999 }, "geometry": { "type": "Polygon", "coordinates": [ [ [ -74.958854, 10.896536 ], [ -74.95893, 10.896488 ], [ -74.95803, 10.897387 ], [ -74.958041, 10.897289 ], [ -74.95834, 10.896932 ], [ -74.95859, 10.896727 ], [ -74.958715, 10.896579 ], [ -74.958854, 10.896536 ] ] ] } },
{ "type": "Feature", "properties": { "SIM_ZONFIN": "ZEE_Zona de Ecosistema Estratégicos", "Shape_Area": 33001193.254099999 }, "geometry": { "type": "Polygon", "coordinates": [ [ [ -74.955395, 10.903334 ], [ -74.957019, 10.901927 ], [ -74.956665, 10.903334 ], [ -74.955395, 10.903334 ] ] ] } },
{ "type": "Feature", "properties": { "SIM_ZONFIN": "ZEE_Zona de Ecosistema Estratégicos", "Shape_Area": 33001193.254099999 }, "geometry": { "type": "Polygon", "coordinates": [ [ [ -74.958399, 10.911117 ], [ -74.95877, 10.910789 ], [ -74.958748, 10.910833 ], [ -74.958303, 10.911267 ], [ -74.958399, 10.911117 ] ] ] } },
{ "type": "Feature", "properties": { "SIM_ZONFIN": "ZEE_Zona de Ecosistema Estratégicos", "Shape_Area": 33001193.254099999 }, "geometry": { "type": "Polygon", "coordinates": [ [ [ -74.915, 10.957147 ], [ -74.915132, 10.956348 ], [ -74.916056, 10.955718 ], [ -74.916148, 10.955718 ], [ -74.91628, 10.955769 ], [ -74.91748, 10.955849 ], [ -74.917887, 10.956171 ], [ -74.917775, 10.95651 ], [ -74.917381, 10.957035 ], [ -74.916578, 10.957018 ], [ -74.915661, 10.958295 ], [ -74.914853, 10.958144 ], [ -74.914547, 10.957853 ], [ -74.914539, 10.957485 ], [ -74.915, 10.957147 ] ] ] } },
{ "type": "Feature", "properties": { "SIM_ZONFIN": "ZEE_Zona de Ecosistema Estratégicos", "Shape_Area": 33001193.254099999 }, "geometry": { "type": "Polygon", "coordinates": [ [ [ -74.863217, 11.011928 ], [ -74.862871, 11.011575 ], [ -74.862624, 11.011651 ], [ -74.862362, 11.011535 ], [ -74.862122, 11.0115 ], [ -74.862084, 11.011448 ], [ -74.861775, 11.011386 ], [ -74.861978, 11.011368 ], [ -74.862414, 11.011398 ], [ -74.862454, 11.011108 ], [ -74.862667, 11.010268 ], [ -74.863053, 11.009617 ], [ -74.863701, 11.008617 ], [ -74.864056, 11.008117 ], [ -74.864705, 11.007006 ], [ -74.864067, 11.006696 ], [ -74.863662, 11.006375 ], [ -74.863571, 11.006295 ], [ -74.863551, 11.006255 ], [ -74.863419, 11.006285 ], [ -74.863297, 11.006385 ], [ -74.862618, 11.006685 ], [ -74.861484, 11.006885 ], [ -74.861119, 11.006885 ], [ -74.860815, 11.007185 ], [ -74.860359, 11.007785 ], [ -74.860633, 11.008075 ], [ -74.860754, 11.008175 ], [ -74.860693, 11.008285 ], [ -74.859329, 11.008537 ], [ -74.859288, 11.008515 ], [ -74.858542, 11.008648 ], [ -74.858454, 11.008713 ], [ -74.858009, 11.008825 ], [ -74.857381, 11.008854 ], [ -74.856674, 11.009184 ], [ -74.856539, 11.009056 ], [ -74.856449, 11.007699 ], [ -74.85695, 11.007472 ], [ -74.85784, 11.007332 ], [ -74.858324, 11.006461 ], [ -74.857879, 11.006053 ], [ -74.858057, 11.005383 ], [ -74.858042, 11.005005 ], [ -74.857415, 11.004079 ], [ -74.857322, 11.003382 ], [ -74.857721, 11.002424 ], [ -74.858966, 11.000758 ], [ -74.859015, 11.000103 ], [ -74.859238, 11.000052 ], [ -74.86018, 10.999974 ], [ -74.861414, 11.00055 ], [ -74.86235, 11.001241 ], [ -74.863225, 11.001824 ], [ -74.864001, 11.002414 ], [ -74.86414, 11.002457 ], [ -74.864416, 11.002751 ], [ -74.865624, 11.002403 ], [ -74.866133, 11.002423 ], [ -74.866381, 11.002965 ], [ -74.865663, 11.003423 ], [ -74.865011, 11.004239 ], [ -74.865238, 11.004447 ], [ -74.865696, 11.004538 ], [ -74.865733, 11.004592 ], [ -74.866451, 11.00484 ], [ -74.86684, 11.004754 ], [ -74.867069, 11.00481 ], [ -74.86749, 11.005591 ], [ -74.867853, 11.005577 ], [ -74.867859, 11.005551 ], [ -74.868018, 11.005864 ], [ -74.867902, 11.007393 ], [ -74.867328, 11.009433 ], [ -74.866609, 11.010758 ], [ -74.864737, 11.011727 ], [ -74.864493, 11.011949 ], [ -74.8636, 11.012037 ], [ -74.863217, 11.011928 ] ] ] } },
{ "type": "Feature", "properties": { "SIM_ZONFIN": "ZEE_Zona de Ecosistema Estratégicos", "Shape_Area": 33001193.254099999 }, "geometry": { "type": "Polygon", "coordinates": [ [ [ -74.84692, 11.011351 ], [ -74.847248, 11.010771 ], [ -74.848578, 11.009424 ], [ -74.849783, 11.008575 ], [ -74.852076, 11.008123 ], [ -74.852527, 11.007845 ], [ -74.85318, 11.008725 ], [ -74.85388, 11.008917 ], [ -74.854478, 11.008556 ], [ -74.854655, 11.008469 ], [ -74.855274, 11.009555 ], [ -74.855562, 11.009819 ], [ -74.854737, 11.010444 ], [ -74.854534, 11.010614 ], [ -74.854366, 11.010787 ], [ -74.854014, 11.010471 ], [ -74.85348, 11.010454 ], [ -74.852904, 11.010488 ], [ -74.852412, 11.010588 ], [ -74.852073, 11.010873 ], [ -74.851767, 11.01109 ], [ -74.851174, 11.011123 ], [ -74.850733, 11.010939 ], [ -74.850258, 11.010855 ], [ -74.849699, 11.010938 ], [ -74.849207, 11.011105 ], [ -74.848766, 11.011206 ], [ -74.848258, 11.011456 ], [ -74.847834, 11.011792 ], [ -74.847477, 11.012294 ], [ -74.846968, 11.012829 ], [ -74.846824, 11.012909 ], [ -74.846613, 11.012852 ], [ -74.846556, 11.012154 ], [ -74.84692, 11.011351 ] ] ] } },
{ "type": "Feature", "properties": { "SIM_ZONFIN": "ZEE_Zona de Ecosistema Estratégicos", "Shape_Area": 33001193.254099999 }, "geometry": { "type": "Polygon", "coordinates": [ [ [ -74.83106, 11.040797 ], [ -74.830866, 11.040606 ], [ -74.830636, 11.040414 ], [ -74.830515, 11.040354 ], [ -74.83066, 11.040294 ], [ -74.830862, 11.040301 ], [ -74.830975, 11.040378 ], [ -74.830987, 11.040498 ], [ -74.83112, 11.04069 ], [ -74.831459, 11.040761 ], [ -74.831726, 11.04075 ], [ -74.832162, 11.040654 ], [ -74.832344, 11.040522 ], [ -74.832417, 11.040271 ], [ -74.83278, 11.04002 ], [ -74.832938, 11.039805 ], [ -74.833313, 11.039494 ], [ -74.83358, 11.039315 ], [ -74.833737, 11.03916 ], [ -74.833835, 11.038849 ], [ -74.833774, 11.038585 ], [ -74.833653, 11.038262 ], [ -74.833532, 11.037795 ], [ -74.833496, 11.037413 ], [ -74.833339, 11.036993 ], [ -74.833218, 11.036731 ], [ -74.833109, 11.036587 ], [ -74.832952, 11.036575 ], [ -74.832419, 11.036622 ], [ -74.832322, 11.036574 ], [ -74.83231, 11.036467 ], [ -74.832588, 11.036264 ], [ -74.832673, 11.036144 ], [ -74.832576, 11.036048 ], [ -74.832347, 11.03594 ], [ -74.832238, 11.035773 ], [ -74.83231, 11.035533 ], [ -74.832223, 11.035451 ], [ -74.832206, 11.035409 ], [ -74.831061, 11.036179 ], [ -74.830116, 11.036753 ], [ -74.829096, 11.037256 ], [ -74.829243, 11.037173 ], [ -74.829336, 11.037078 ], [ -74.829154, 11.036877 ], [ -74.831139, 11.035951 ], [ -74.833436, 11.034432 ], [ -74.834455, 11.033705 ], [ -74.835192, 11.033085 ], [ -74.835972, 11.033064 ], [ -74.836644, 11.032979 ], [ -74.83764, 11.032915 ], [ -74.838095, 11.032808 ], [ -74.838659, 11.032445 ], [ -74.839482, 11.031803 ], [ -74.840566, 11.031012 ], [ -74.841433, 11.030327 ], [ -74.84232, 11.029403 ], [ -74.842367, 11.029055 ], [ -74.842519, 11.028499 ], [ -74.842713, 11.02808 ], [ -74.843016, 11.027662 ], [ -74.843185, 11.027482 ], [ -74.843488, 11.027243 ], [ -74.844142, 11.026861 ], [ -74.844482, 11.026729 ], [ -74.844966, 11.026574 ], [ -74.845335, 11.02652 ], [ -74.845723, 11.026497 ], [ -74.846002, 11.026329 ], [ -74.84651, 11.02621 ], [ -74.846777, 11.026174 ], [ -74.847164, 11.02615 ], [ -74.847612, 11.026198 ], [ -74.847891, 11.026187 ], [ -74.848557, 11.026031 ], [ -74.848921, 11.025984 ], [ -74.849405, 11.025996 ], [ -74.849744, 11.026032 ], [ -74.850289, 11.02614 ], [ -74.850786, 11.02608 ], [ -74.8515, 11.026212 ], [ -74.85288, 11.027003 ], [ -74.853268, 11.027182 ], [ -74.854648, 11.027518 ], [ -74.854927, 11.027626 ], [ -74.855632, 11.026717 ], [ -74.856298, 11.026369 ], [ -74.856494, 11.026377 ], [ -74.856729, 11.026869 ], [ -74.856476, 11.027476 ], [ -74.855595, 11.028114 ], [ -74.855387, 11.028547 ], [ -74.855188, 11.028833 ], [ -74.854149, 11.029223 ], [ -74.854206, 11.029293 ], [ -74.854547, 11.029426 ], [ -74.855304, 11.029634 ], [ -74.855762, 11.029549 ], [ -74.856014, 11.029301 ], [ -74.856232, 11.028919 ], [ -74.856399, 11.028676 ], [ -74.856469, 11.028621 ], [ -74.857401, 11.027426 ], [ -74.85775, 11.02758 ], [ -74.857783, 11.027891 ], [ -74.857661, 11.028392 ], [ -74.857467, 11.028973 ], [ -74.857437, 11.029367 ], [ -74.857504, 11.029721 ], [ -74.857588, 11.029828 ], [ -74.858078, 11.030053 ], [ -74.859277, 11.030483 ], [ -74.858592, 11.030547 ], [ -74.858531, 11.030834 ], [ -74.858337, 11.031252 ], [ -74.858115, 11.031538 ], [ -74.858097, 11.031886 ], [ -74.858182, 11.031993 ], [ -74.858387, 11.03197 ], [ -74.858678, 11.032017 ], [ -74.858811, 11.03209 ], [ -74.858878, 11.032245 ], [ -74.858672, 11.032268 ], [ -74.85849, 11.032364 ], [ -74.858381, 11.032508 ], [ -74.858175, 11.032604 ], [ -74.857963, 11.032771 ], [ -74.857575, 11.033142 ], [ -74.857365, 11.033904 ], [ -74.857302, 11.034019 ], [ -74.857152, 11.034447 ], [ -74.85721, 11.034912 ], [ -74.857266, 11.035174 ], [ -74.857017, 11.035115 ], [ -74.856908, 11.035044 ], [ -74.856703, 11.034589 ], [ -74.85646, 11.034361 ], [ -74.856267, 11.034313 ], [ -74.856085, 11.034206 ], [ -74.856134, 11.034146 ], [ -74.856243, 11.034074 ], [ -74.856231, 11.033955 ], [ -74.856073, 11.03393 ], [ -74.855928, 11.033979 ], [ -74.855734, 11.033978 ], [ -74.855443, 11.033882 ], [ -74.854971, 11.033619 ], [ -74.854039, 11.03314 ], [ -74.85347, 11.0329 ], [ -74.853058, 11.0329 ], [ -74.852404, 11.033127 ], [ -74.852228, 11.033139 ], [ -74.851816, 11.033282 ], [ -74.851562, 11.03333 ], [ -74.851259, 11.033282 ], [ -74.851053, 11.033353 ], [ -74.850932, 11.033413 ], [ -74.850666, 11.033653 ], [ -74.850411, 11.033749 ], [ -74.850084, 11.033963 ], [ -74.849551, 11.034442 ], [ -74.849212, 11.034501 ], [ -74.849042, 11.034442 ], [ -74.848849, 11.03474 ], [ -74.848667, 11.035279 ], [ -74.848606, 11.03598 ], [ -74.848535, 11.036157 ], [ -74.848461, 11.036829 ], [ -74.848588, 11.037277 ], [ -74.848614, 11.0377 ], [ -74.84859, 11.038173 ], [ -74.848645, 11.038326 ], [ -74.848356, 11.038318 ], [ -74.848199, 11.038258 ], [ -74.848078, 11.037995 ], [ -74.847884, 11.037372 ], [ -74.847884, 11.037193 ], [ -74.847788, 11.037145 ], [ -74.847642, 11.037217 ], [ -74.847533, 11.037324 ], [ -74.847424, 11.037384 ], [ -74.847352, 11.037324 ], [ -74.847303, 11.037253 ], [ -74.847146, 11.037264 ], [ -74.846916, 11.037348 ], [ -74.84683, 11.037491 ], [ -74.846673, 11.037575 ], [ -74.8466, 11.037694 ], [ -74.846479, 11.038018 ], [ -74.846193, 11.039449 ], [ -74.846025, 11.039947 ], [ -74.846025, 11.040132 ], [ -74.845981, 11.040291 ], [ -74.845836, 11.040362 ], [ -74.845715, 11.040351 ], [ -74.845606, 11.040278 ], [ -74.845545, 11.040098 ], [ -74.845521, 11.039944 ], [ -74.845437, 11.039871 ], [ -74.845364, 11.039907 ], [ -74.845158, 11.040134 ], [ -74.845098, 11.040142 ], [ -74.845118, 11.040049 ], [ -74.845394, 11.039775 ], [ -74.845822, 11.039425 ], [ -74.845997, 11.039176 ], [ -74.845971, 11.038827 ], [ -74.845643, 11.038932 ], [ -74.845928, 11.038579 ], [ -74.845988, 11.038197 ], [ -74.8459, 11.038197 ], [ -74.845894, 11.03818 ], [ -74.84612, 11.037781 ], [ -74.84622, 11.037482 ], [ -74.84637, 11.036909 ], [ -74.84652, 11.036685 ], [ -74.846822, 11.03656 ], [ -74.846847, 11.03646 ], [ -74.846671, 11.036411 ], [ -74.846394, 11.036486 ], [ -74.846393, 11.036328 ], [ -74.846535, 11.036044 ], [ -74.846692, 11.036008 ], [ -74.846837, 11.035948 ], [ -74.846874, 11.035804 ], [ -74.846874, 11.035708 ], [ -74.847019, 11.03559 ], [ -74.846959, 11.03547 ], [ -74.846825, 11.03553 ], [ -74.846679, 11.035806 ], [ -74.846819, 11.035315 ], [ -74.847244, 11.034119 ], [ -74.847597, 11.034118 ], [ -74.84795, 11.034067 ], [ -74.848251, 11.033594 ], [ -74.848703, 11.03312 ], [ -74.848547, 11.032508 ], [ -74.848613, 11.032456 ], [ -74.848698, 11.032276 ], [ -74.848614, 11.031976 ], [ -74.848468, 11.031678 ], [ -74.84842, 11.031486 ], [ -74.84819, 11.031271 ], [ -74.847778, 11.031103 ], [ -74.847645, 11.030983 ], [ -74.8475, 11.030936 ], [ -74.847306, 11.030936 ], [ -74.846737, 11.031066 ], [ -74.844884, 11.031963 ], [ -74.844387, 11.032143 ], [ -74.844072, 11.032226 ], [ -74.843842, 11.032177 ], [ -74.843563, 11.032034 ], [ -74.843358, 11.031879 ], [ -74.843079, 11.031711 ], [ -74.84291, 11.031675 ], [ -74.841789, 11.032392 ], [ -74.841486, 11.032463 ], [ -74.841207, 11.032452 ], [ -74.841002, 11.032392 ], [ -74.840808, 11.032415 ], [ -74.840687, 11.032583 ], [ -74.840529, 11.032679 ], [ -74.840372, 11.032666 ], [ -74.840214, 11.032606 ], [ -74.839742, 11.032798 ], [ -74.839499, 11.033133 ], [ -74.839354, 11.033216 ], [ -74.839294, 11.033336 ], [ -74.839039, 11.033503 ], [ -74.838821, 11.03373 ], [ -74.838627, 11.034173 ], [ -74.838445, 11.034651 ], [ -74.838409, 11.034448 ], [ -74.838264, 11.034173 ], [ -74.838118, 11.034065 ], [ -74.837888, 11.033946 ], [ -74.837561, 11.034053 ], [ -74.837283, 11.034077 ], [ -74.83721, 11.034005 ], [ -74.837283, 11.033933 ], [ -74.837101, 11.033873 ], [ -74.83658, 11.033885 ], [ -74.835757, 11.033861 ], [ -74.835599, 11.033801 ], [ -74.835563, 11.033554 ], [ -74.835481, 11.033554 ], [ -74.835345, 11.033809 ], [ -74.835254, 11.033924 ], [ -74.835102, 11.033773 ], [ -74.834688, 11.034014 ], [ -74.834732, 11.03458 ], [ -74.834806, 11.034793 ], [ -74.834793, 11.034865 ], [ -74.834731, 11.034842 ], [ -74.834525, 11.034854 ], [ -74.834151, 11.035164 ], [ -74.834164, 11.03526 ], [ -74.833994, 11.035607 ], [ -74.833739, 11.036061 ], [ -74.833691, 11.036552 ], [ -74.833666, 11.037053 ], [ -74.83373, 11.037695 ], [ -74.833706, 11.037735 ], [ -74.83375, 11.037944 ], [ -74.833751, 11.038233 ], [ -74.833863, 11.038741 ], [ -74.833981, 11.038988 ], [ -74.833895, 11.039207 ], [ -74.833628, 11.039518 ], [ -74.833107, 11.03983 ], [ -74.833022, 11.040021 ], [ -74.832877, 11.040212 ], [ -74.83261, 11.040379 ], [ -74.832477, 11.040631 ], [ -74.832222, 11.040774 ], [ -74.831859, 11.040845 ], [ -74.831302, 11.040857 ], [ -74.83106, 11.040797 ] ] ] } },
{ "type": "Feature", "properties": { "SIM_ZONFIN": "ZEE_Zona de Ecosistema Estratégicos", "Shape_Area": 33001193.254099999 }, "geometry": { "type": "Polygon", "coordinates": [ [ [ -74.872478, 11.046944 ], [ -74.872357, 11.046775 ], [ -74.872527, 11.04631 ], [ -74.872745, 11.045926 ], [ -74.872927, 11.045472 ], [ -74.872903, 11.045209 ], [ -74.872709, 11.045136 ], [ -74.872103, 11.045172 ], [ -74.872007, 11.045041 ], [ -74.871898, 11.044933 ], [ -74.871813, 11.045077 ], [ -74.87174, 11.045268 ], [ -74.871558, 11.045388 ], [ -74.871583, 11.045531 ], [ -74.871885, 11.045914 ], [ -74.871994, 11.046226 ], [ -74.871897, 11.046488 ], [ -74.871703, 11.046584 ], [ -74.871509, 11.046548 ], [ -74.871219, 11.046284 ], [ -74.87094, 11.046105 ], [ -74.87065, 11.046022 ], [ -74.87048, 11.046093 ], [ -74.870189, 11.046081 ], [ -74.869923, 11.045949 ], [ -74.869911, 11.045842 ], [ -74.869959, 11.045698 ], [ -74.869899, 11.045471 ], [ -74.87036, 11.044704 ], [ -74.870457, 11.044597 ], [ -74.870457, 11.044394 ], [ -74.870505, 11.044274 ], [ -74.870614, 11.04413 ], [ -74.870633, 11.043736 ], [ -74.870427, 11.043461 ], [ -74.870294, 11.043365 ], [ -74.870173, 11.043353 ], [ -74.870063, 11.043388 ], [ -74.869894, 11.043412 ], [ -74.869785, 11.043497 ], [ -74.869676, 11.043472 ], [ -74.869676, 11.043268 ], [ -74.869507, 11.042946 ], [ -74.868804, 11.042144 ], [ -74.86855, 11.041689 ], [ -74.868308, 11.04139 ], [ -74.868187, 11.041163 ], [ -74.867715, 11.041043 ], [ -74.867485, 11.041043 ], [ -74.867303, 11.040839 ], [ -74.866892, 11.040504 ], [ -74.866649, 11.040241 ], [ -74.866426, 11.039906 ], [ -74.865711, 11.039223 ], [ -74.864791, 11.038266 ], [ -74.864585, 11.037943 ], [ -74.864489, 11.037619 ], [ -74.864489, 11.03744 ], [ -74.864416, 11.037356 ], [ -74.864016, 11.037248 ], [ -74.863472, 11.036757 ], [ -74.862558, 11.036039 ], [ -74.862291, 11.035752 ], [ -74.862197, 11.035674 ], [ -74.862526, 11.035633 ], [ -74.862816, 11.035788 ], [ -74.862961, 11.036076 ], [ -74.863288, 11.036195 ], [ -74.863555, 11.036363 ], [ -74.863663, 11.036603 ], [ -74.863906, 11.036675 ], [ -74.864148, 11.036459 ], [ -74.864269, 11.036185 ], [ -74.864439, 11.036029 ], [ -74.864487, 11.035838 ], [ -74.864657, 11.03567 ], [ -74.865021, 11.035443 ], [ -74.86513, 11.03524 ], [ -74.865529, 11.035215 ], [ -74.865929, 11.034606 ], [ -74.866111, 11.03469 ], [ -74.866305, 11.034928 ], [ -74.866389, 11.035168 ], [ -74.866389, 11.035455 ], [ -74.866207, 11.035922 ], [ -74.865965, 11.036245 ], [ -74.865662, 11.036185 ], [ -74.86548, 11.036185 ], [ -74.865299, 11.036352 ], [ -74.865189, 11.03658 ], [ -74.865044, 11.036699 ], [ -74.864887, 11.036783 ], [ -74.864935, 11.036938 ], [ -74.865117, 11.036998 ], [ -74.865383, 11.036854 ], [ -74.865565, 11.036651 ], [ -74.865759, 11.036604 ], [ -74.865989, 11.036795 ], [ -74.866146, 11.037082 ], [ -74.866303, 11.037298 ], [ -74.866521, 11.037525 ], [ -74.866764, 11.037681 ], [ -74.866969, 11.037741 ], [ -74.8672, 11.037741 ], [ -74.867502, 11.037669 ], [ -74.867987, 11.037359 ], [ -74.868205, 11.037275 ], [ -74.868488, 11.037275 ], [ -74.868814, 11.037347 ], [ -74.869214, 11.037323 ], [ -74.869529, 11.037143 ], [ -74.869687, 11.036845 ], [ -74.869911, 11.036151 ], [ -74.869887, 11.0359 ], [ -74.869766, 11.035684 ], [ -74.869572, 11.03542 ], [ -74.869669, 11.035122 ], [ -74.869561, 11.035015 ], [ -74.869318, 11.034966 ], [ -74.869294, 11.034691 ], [ -74.869331, 11.034021 ], [ -74.869755, 11.03365 ], [ -74.86967, 11.033267 ], [ -74.869319, 11.033123 ], [ -74.868847, 11.033099 ], [ -74.868265, 11.032884 ], [ -74.867957, 11.032812 ], [ -74.867594, 11.03268 ], [ -74.867521, 11.032513 ], [ -74.867557, 11.032357 ], [ -74.867606, 11.032304 ], [ -74.867728, 11.032364 ], [ -74.869663, 11.032623 ], [ -74.870582, 11.03271 ], [ -74.871143, 11.032818 ], [ -74.871827, 11.033103 ], [ -74.872265, 11.033068 ], [ -74.872631, 11.032564 ], [ -74.873422, 11.032445 ], [ -74.874373, 11.032029 ], [ -74.875113, 11.031945 ], [ -74.875113, 11.032036 ], [ -74.875387, 11.032036 ], [ -74.875427, 11.032087 ], [ -74.875634, 11.032245 ], [ -74.875793, 11.032449 ], [ -74.876032, 11.032618 ], [ -74.876577, 11.032219 ], [ -74.877127, 11.032127 ], [ -74.877248, 11.032066 ], [ -74.87731, 11.031946 ], [ -74.877452, 11.031875 ], [ -74.877493, 11.031675 ], [ -74.877625, 11.031345 ], [ -74.87754, 11.030968 ], [ -74.877322, 11.030442 ], [ -74.87706, 11.030013 ], [ -74.876853, 11.029504 ], [ -74.876903, 11.029463 ], [ -74.877013, 11.029094 ], [ -74.877382, 11.02824 ], [ -74.877494, 11.028148 ], [ -74.877525, 11.027907 ], [ -74.877769, 11.027423 ], [ -74.877525, 11.026943 ], [ -74.877403, 11.026882 ], [ -74.876538, 11.027367 ], [ -74.876152, 11.027398 ], [ -74.875939, 11.027152 ], [ -74.875741, 11.027002 ], [ -74.875673, 11.026545 ], [ -74.875825, 11.026165 ], [ -74.875663, 11.025614 ], [ -74.875805, 11.025271 ], [ -74.876096, 11.024899 ], [ -74.876346, 11.02475 ], [ -74.877104, 11.02467 ], [ -74.877678, 11.024438 ], [ -74.87787, 11.023786 ], [ -74.877771, 11.023535 ], [ -74.877823, 11.023496 ], [ -74.878236, 11.022955 ], [ -74.878464, 11.022863 ], [ -74.878713, 11.022715 ], [ -74.878778, 11.022631 ], [ -74.87925, 11.022811 ], [ -74.879873, 11.022734 ], [ -74.879966, 11.022278 ], [ -74.880645, 11.020505 ], [ -74.883031, 11.018344 ], [ -74.883714, 11.017651 ], [ -74.88369, 11.017585 ], [ -74.88359, 11.015913 ], [ -74.883717, 11.01522 ], [ -74.883884, 11.01476 ], [ -74.883542, 11.013992 ], [ -74.883407, 11.012996 ], [ -74.881667, 11.013156 ], [ -74.880514, 11.013333 ], [ -74.880346, 11.013481 ], [ -74.880478, 11.013721 ], [ -74.880564, 11.014721 ], [ -74.880742, 11.015544 ], [ -74.878935, 11.015926 ], [ -74.878305, 11.016288 ], [ -74.877962, 11.016667 ], [ -74.877865, 11.016752 ], [ -74.877908, 11.016523 ], [ -74.878029, 11.016084 ], [ -74.87797, 11.015351 ], [ -74.878011, 11.014853 ], [ -74.877919, 11.013725 ], [ -74.878132, 11.012819 ], [ -74.878325, 11.012412 ], [ -74.878376, 11.012371 ], [ -74.878787, 11.011793 ], [ -74.879709, 11.011066 ], [ -74.87979, 11.010965 ], [ -74.879882, 11.010965 ], [ -74.879882, 11.010875 ], [ -74.87996, 11.010603 ], [ -74.880478, 11.009761 ], [ -74.881069, 11.00961 ], [ -74.881275, 11.009903 ], [ -74.881614, 11.01019 ], [ -74.882026, 11.010334 ], [ -74.882583, 11.010287 ], [ -74.883241, 11.009954 ], [ -74.88344, 11.010395 ], [ -74.883628, 11.010612 ], [ -74.883726, 11.010695 ], [ -74.884825, 11.010605 ], [ -74.885327, 11.010669 ], [ -74.885751, 11.011636 ], [ -74.886757, 11.011748 ], [ -74.887152, 11.011972 ], [ -74.887379, 11.012243 ], [ -74.887479, 11.012325 ], [ -74.887523, 11.01128 ], [ -74.887835, 11.009843 ], [ -74.887928, 11.009674 ], [ -74.887582, 11.009016 ], [ -74.887546, 11.008547 ], [ -74.887132, 11.008544 ], [ -74.886643, 11.00875 ], [ -74.885878, 11.009208 ], [ -74.885445, 11.009402 ], [ -74.885038, 11.009449 ], [ -74.884837, 11.009325 ], [ -74.884614, 11.00903 ], [ -74.884363, 11.008573 ], [ -74.884225, 11.008186 ], [ -74.884199, 11.007663 ], [ -74.884131, 11.00709 ], [ -74.885494, 11.005254 ], [ -74.885994, 11.00463 ], [ -74.886557, 11.004378 ], [ -74.886751, 11.004077 ], [ -74.887193, 11.003772 ], [ -74.887818, 11.003693 ], [ -74.888534, 11.003905 ], [ -74.889448, 11.004275 ], [ -74.889679, 11.004204 ], [ -74.889445, 11.003694 ], [ -74.889206, 11.002797 ], [ -74.88913, 11.002739 ], [ -74.889089, 11.00258 ], [ -74.88891, 11.002323 ], [ -74.888856, 11.002286 ], [ -74.888482, 11.001632 ], [ -74.888776, 11.000579 ], [ -74.889273, 10.999981 ], [ -74.888826, 10.999265 ], [ -74.889156, 10.998556 ], [ -74.889834, 10.998401 ], [ -74.890274, 10.997717 ], [ -74.890702, 10.997203 ], [ -74.890979, 10.996314 ], [ -74.891734, 10.995461 ], [ -74.891753, 10.995143 ], [ -74.891732, 10.994792 ], [ -74.892377, 10.994222 ], [ -74.892429, 10.994058 ], [ -74.892476, 10.994101 ], [ -74.893042, 10.994123 ], [ -74.893731, 10.993389 ], [ -74.894344, 10.993086 ], [ -74.894745, 10.992658 ], [ -74.894859, 10.991146 ], [ -74.8948, 10.989675 ], [ -74.894473, 10.988752 ], [ -74.893757, 10.987232 ], [ -74.893544, 10.98518 ], [ -74.893256, 10.984562 ], [ -74.893165, 10.984562 ], [ -74.893165, 10.984471 ], [ -74.892836, 10.983982 ], [ -74.892799, 10.983838 ], [ -74.8927, 10.983754 ], [ -74.892381, 10.983388 ], [ -74.891792, 10.983024 ], [ -74.891701, 10.983024 ], [ -74.891604, 10.982904 ], [ -74.890617, 10.982316 ], [ -74.890369, 10.981898 ], [ -74.890328, 10.981576 ], [ -74.890387, 10.980807 ], [ -74.89088, 10.9803 ], [ -74.892045, 10.980006 ], [ -74.895936, 10.979893 ], [ -74.897036, 10.979465 ], [ -74.897342, 10.979267 ], [ -74.897469, 10.979137 ], [ -74.89756, 10.979137 ], [ -74.897964, 10.97901 ], [ -74.898295, 10.978343 ], [ -74.898634, 10.97852 ], [ -74.899069, 10.978122 ], [ -74.898955, 10.977502 ], [ -74.898542, 10.977286 ], [ -74.89836, 10.977278 ], [ -74.898053, 10.977375 ], [ -74.897801, 10.977643 ], [ -74.897517, 10.977255 ], [ -74.897605, 10.977191 ], [ -74.898101, 10.977074 ], [ -74.898547, 10.976598 ], [ -74.899392, 10.976153 ], [ -74.899991, 10.976053 ], [ -74.899998, 10.976043 ], [ -74.899815, 10.976076 ], [ -74.899493, 10.976042 ], [ -74.899204, 10.975975 ], [ -74.89907, 10.975806 ], [ -74.899034, 10.975467 ], [ -74.899034, 10.974919 ], [ -74.89816, 10.974421 ], [ -74.898322, 10.97418 ], [ -74.899061, 10.97434 ], [ -74.899102, 10.973926 ], [ -74.899035, 10.973155 ], [ -74.898832, 10.972686 ], [ -74.898677, 10.972519 ], [ -74.899093, 10.972197 ], [ -74.89921, 10.971812 ], [ -74.899302, 10.971812 ], [ -74.899358, 10.970596 ], [ -74.8997, 10.969881 ], [ -74.900286, 10.969438 ], [ -74.900906, 10.969414 ], [ -74.901306, 10.969686 ], [ -74.90214, 10.969733 ], [ -74.90214, 10.969552 ], [ -74.902095, 10.969234 ], [ -74.901912, 10.968528 ], [ -74.902078, 10.968163 ], [ -74.902496, 10.967882 ], [ -74.903152, 10.967869 ], [ -74.904055, 10.968052 ], [ -74.904919, 10.967164 ], [ -74.905289, 10.966976 ], [ -74.905825, 10.967181 ], [ -74.906437, 10.96764 ], [ -74.9069, 10.967835 ], [ -74.906991, 10.967835 ], [ -74.906991, 10.967925 ], [ -74.907047, 10.968134 ], [ -74.907251, 10.968452 ], [ -74.907939, 10.968596 ], [ -74.908463, 10.968494 ], [ -74.908547, 10.968378 ], [ -74.909493, 10.968713 ], [ -74.910701, 10.968873 ], [ -74.911526, 10.969019 ], [ -74.911842, 10.969464 ], [ -74.913273, 10.969393 ], [ -74.913499, 10.968461 ], [ -74.914586, 10.967297 ], [ -74.914331, 10.966436 ], [ -74.913256, 10.965452 ], [ -74.913412, 10.964864 ], [ -74.912836, 10.963934 ], [ -74.911932, 10.963408 ], [ -74.911844, 10.963314 ], [ -74.912169, 10.963274 ], [ -74.912525, 10.963174 ], [ -74.913262, 10.963083 ], [ -74.913857, 10.963156 ], [ -74.914603, 10.963065 ], [ -74.914538, 10.962547 ], [ -74.913865, 10.962171 ], [ -74.913654, 10.96191 ], [ -74.912872, 10.961825 ], [ -74.912394, 10.961234 ], [ -74.912298, 10.960922 ], [ -74.911766, 10.961115 ], [ -74.911844, 10.961325 ], [ -74.911752, 10.961505 ], [ -74.911204, 10.961777 ], [ -74.911239, 10.96154 ], [ -74.911605, 10.960449 ], [ -74.911536, 10.958736 ], [ -74.911148, 10.958305 ], [ -74.911113, 10.958159 ], [ -74.91179, 10.958119 ], [ -74.911699, 10.957761 ], [ -74.911479, 10.957707 ], [ -74.911479, 10.957616 ], [ -74.911571, 10.957616 ], [ -74.911571, 10.957526 ], [ -74.911692, 10.957465 ], [ -74.911754, 10.957345 ], [ -74.911846, 10.957345 ], [ -74.911888, 10.957484 ], [ -74.912134, 10.957749 ], [ -74.912716, 10.956949 ], [ -74.912803, 10.956716 ], [ -74.912486, 10.956622 ], [ -74.913923, 10.954881 ], [ -74.914287, 10.954783 ], [ -74.914409, 10.954723 ], [ -74.914981, 10.954653 ], [ -74.915339, 10.954912 ], [ -74.915416, 10.955176 ], [ -74.915315, 10.955291 ], [ -74.914469, 10.955891 ], [ -74.914056, 10.956364 ], [ -74.913779, 10.9566 ], [ -74.913175, 10.956552 ], [ -74.913053, 10.957079 ], [ -74.913274, 10.957471 ], [ -74.91349, 10.957948 ], [ -74.914091, 10.958461 ], [ -74.914595, 10.958574 ], [ -74.914814, 10.958557 ], [ -74.915409, 10.959017 ], [ -74.916196, 10.959107 ], [ -74.916719, 10.959296 ], [ -74.916922, 10.95928 ], [ -74.917383, 10.959809 ], [ -74.91747, 10.960427 ], [ -74.917033, 10.961118 ], [ -74.916927, 10.962388 ], [ -74.917061, 10.962502 ], [ -74.917115, 10.962715 ], [ -74.917464, 10.962628 ], [ -74.917519, 10.962411 ], [ -74.918014, 10.962087 ], [ -74.918251, 10.961959 ], [ -74.918303, 10.962088 ], [ -74.918452, 10.962631 ], [ -74.918832, 10.962496 ], [ -74.918739, 10.96196 ], [ -74.918837, 10.961394 ], [ -74.918532, 10.961342 ], [ -74.918343, 10.961417 ], [ -74.9178, 10.961722 ], [ -74.917843, 10.961194 ], [ -74.917885, 10.961055 ], [ -74.918006, 10.960944 ], [ -74.918564, 10.959205 ], [ -74.91886, 10.958943 ], [ -74.919272, 10.958486 ], [ -74.919776, 10.958295 ], [ -74.919756, 10.957964 ], [ -74.920218, 10.957376 ], [ -74.920087, 10.957124 ], [ -74.919943, 10.957209 ], [ -74.919259, 10.957799 ], [ -74.919311, 10.957489 ], [ -74.919351, 10.957076 ], [ -74.919749, 10.957025 ], [ -74.920175, 10.956353 ], [ -74.920175, 10.956262 ], [ -74.920266, 10.956262 ], [ -74.920266, 10.956172 ], [ -74.920315, 10.955982 ], [ -74.921566, 10.956283 ], [ -74.922392, 10.956181 ], [ -74.923004, 10.955826 ], [ -74.923542, 10.955674 ], [ -74.924202, 10.95563 ], [ -74.924233, 10.955477 ], [ -74.924416, 10.955118 ], [ -74.924477, 10.955088 ], [ -74.924512, 10.955032 ], [ -74.924829, 10.954922 ], [ -74.925059, 10.954591 ], [ -74.924843, 10.954455 ], [ -74.924843, 10.954274 ], [ -74.925026, 10.954364 ], [ -74.925087, 10.954484 ], [ -74.925209, 10.954545 ], [ -74.925209, 10.954364 ], [ -74.9253, 10.954364 ], [ -74.925035, 10.953375 ], [ -74.925854, 10.953612 ], [ -74.926352, 10.953381 ], [ -74.925989, 10.953232 ], [ -74.925455, 10.953065 ], [ -74.925257, 10.952884 ], [ -74.925412, 10.952701 ], [ -74.926399, 10.952646 ], [ -74.926437, 10.952593 ], [ -74.926773, 10.952363 ], [ -74.926833, 10.9521 ], [ -74.926491, 10.952013 ], [ -74.926491, 10.951651 ], [ -74.926582, 10.951651 ], [ -74.926583, 10.951199 ], [ -74.926613, 10.951049 ], [ -74.926674, 10.950928 ], [ -74.926802, 10.950837 ], [ -74.926674, 10.950747 ], [ -74.926644, 10.950325 ], [ -74.926583, 10.950204 ], [ -74.927213, 10.95034 ], [ -74.927956, 10.950385 ], [ -74.928246, 10.95023 ], [ -74.928451, 10.949901 ], [ -74.927829, 10.948974 ], [ -74.927773, 10.948758 ], [ -74.927575, 10.948622 ], [ -74.927522, 10.948386 ], [ -74.927967, 10.948287 ], [ -74.928414, 10.948396 ], [ -74.928451, 10.947528 ], [ -74.928506, 10.947311 ], [ -74.928506, 10.94722 ], [ -74.92819, 10.947143 ], [ -74.927828, 10.947224 ], [ -74.927943, 10.946858 ], [ -74.928447, 10.946671 ], [ -74.928506, 10.946587 ], [ -74.928463, 10.946448 ], [ -74.928112, 10.945665 ], [ -74.928048, 10.94505 ], [ -74.928506, 10.944959 ], [ -74.928567, 10.944838 ], [ -74.928598, 10.944688 ], [ -74.929159, 10.944645 ], [ -74.929644, 10.944456 ], [ -74.929788, 10.944417 ], [ -74.929696, 10.943603 ], [ -74.929745, 10.94329 ], [ -74.929841, 10.942367 ], [ -74.930814, 10.941572 ], [ -74.932217, 10.942289 ], [ -74.933004, 10.942746 ], [ -74.933998, 10.94279 ], [ -74.934321, 10.942747 ], [ -74.934855, 10.942606 ], [ -74.937063, 10.941616 ], [ -74.938254, 10.941253 ], [ -74.938313, 10.941266 ], [ -74.939632, 10.940156 ], [ -74.941152, 10.938065 ], [ -74.942198, 10.937495 ], [ -74.942172, 10.937068 ], [ -74.942799, 10.936541 ], [ -74.943818, 10.936388 ], [ -74.943932, 10.936594 ], [ -74.944101, 10.937137 ], [ -74.944565, 10.936812 ], [ -74.944586, 10.936458 ], [ -74.944323, 10.934993 ], [ -74.944683, 10.935156 ], [ -74.945393, 10.936685 ], [ -74.945578, 10.936696 ], [ -74.945686, 10.935786 ], [ -74.945926, 10.935908 ], [ -74.946263, 10.936281 ], [ -74.946354, 10.936281 ], [ -74.946415, 10.93616 ], [ -74.946477, 10.935859 ], [ -74.946537, 10.935738 ], [ -74.946537, 10.935557 ], [ -74.946822, 10.934479 ], [ -74.947473, 10.933602 ], [ -74.949208, 10.932695 ], [ -74.952127, 10.932019 ], [ -74.953999, 10.931807 ], [ -74.954461, 10.931029 ], [ -74.954824, 10.930605 ], [ -74.955002, 10.931666 ], [ -74.954582, 10.934167 ], [ -74.953751, 10.935 ], [ -74.953331, 10.936666 ], [ -74.952499, 10.936666 ], [ -74.948334, 10.93875 ], [ -74.947502, 10.939583 ], [ -74.946251, 10.940001 ], [ -74.945, 10.939584 ], [ -74.94458, 10.939167 ], [ -74.942497, 10.94125 ], [ -74.940834, 10.942083 ], [ -74.940414, 10.942499 ], [ -74.940002, 10.944583 ], [ -74.940414, 10.946667 ], [ -74.940834, 10.948333 ], [ -74.940484, 10.949725 ], [ -74.940295, 10.949784 ], [ -74.939938, 10.950012 ], [ -74.938934, 10.950772 ], [ -74.937893, 10.951119 ], [ -74.936267, 10.951455 ], [ -74.934548, 10.951248 ], [ -74.933801, 10.951122 ], [ -74.933699, 10.951082 ], [ -74.933348, 10.951062 ], [ -74.932743, 10.951076 ], [ -74.932316, 10.951188 ], [ -74.931252, 10.950833 ], [ -74.93, 10.95125 ], [ -74.929169, 10.952083 ], [ -74.93, 10.952916 ], [ -74.928936, 10.953979 ], [ -74.9285, 10.954388 ], [ -74.928494, 10.954421 ], [ -74.926247, 10.956666 ], [ -74.925835, 10.959167 ], [ -74.926247, 10.961666 ], [ -74.927086, 10.963333 ], [ -74.927498, 10.965834 ], [ -74.927498, 10.966945 ], [ -74.927201, 10.966927 ], [ -74.927128, 10.96697 ], [ -74.925624, 10.967015 ], [ -74.923451, 10.968195 ], [ -74.923151, 10.968412 ], [ -74.923207, 10.968479 ], [ -74.924193, 10.968378 ], [ -74.924229, 10.968571 ], [ -74.923332, 10.96875 ], [ -74.921249, 10.970834 ], [ -74.920418, 10.974166 ], [ -74.918954, 10.975632 ], [ -74.91914, 10.975359 ], [ -74.919137, 10.974387 ], [ -74.919059, 10.974428 ], [ -74.918672, 10.975913 ], [ -74.918335, 10.976251 ], [ -74.916664, 10.977083 ], [ -74.91375, 10.9775 ], [ -74.910835, 10.977083 ], [ -74.908333, 10.97625 ], [ -74.907913, 10.975834 ], [ -74.907501, 10.976251 ], [ -74.904999, 10.977083 ], [ -74.904587, 10.9775 ], [ -74.903748, 10.981667 ], [ -74.902916, 10.983333 ], [ -74.902496, 10.984583 ], [ -74.902916, 10.985833 ], [ -74.903748, 10.986667 ], [ -74.904167, 10.989584 ], [ -74.903748, 10.9925 ], [ -74.903336, 10.992916 ], [ -74.901665, 10.99375 ], [ -74.901253, 10.994167 ], [ -74.900733, 10.9952 ], [ -74.898722, 10.995949 ], [ -74.898405, 10.996388 ], [ -74.897579, 10.997203 ], [ -74.895103, 10.99877 ], [ -74.894404, 10.99946 ], [ -74.894277, 11.000275 ], [ -74.894023, 11.001028 ], [ -74.893642, 11.001279 ], [ -74.892943, 11.00178 ], [ -74.892435, 11.002282 ], [ -74.892245, 11.002721 ], [ -74.892435, 11.003661 ], [ -74.892181, 11.004289 ], [ -74.891858, 11.006985 ], [ -74.891652, 11.007098 ], [ -74.891429, 11.007677 ], [ -74.891262, 11.009112 ], [ -74.891453, 11.010503 ], [ -74.891507, 11.01115 ], [ -74.891433, 11.011245 ], [ -74.890828, 11.010861 ], [ -74.890011, 11.010568 ], [ -74.889226, 11.010872 ], [ -74.888437, 11.011905 ], [ -74.888395, 11.012054 ], [ -74.888778, 11.011835 ], [ -74.889313, 11.011223 ], [ -74.889691, 11.010927 ], [ -74.890426, 11.011126 ], [ -74.890767, 11.011517 ], [ -74.890984, 11.011999 ], [ -74.891049, 11.012055 ], [ -74.891921, 11.012011 ], [ -74.893188, 11.011903 ], [ -74.893431, 11.012162 ], [ -74.8943, 11.012793 ], [ -74.895073, 11.013004 ], [ -74.895677, 11.012547 ], [ -74.895662, 11.012177 ], [ -74.895075, 11.011802 ], [ -74.895572, 11.01157 ], [ -74.896384, 11.011461 ], [ -74.896802, 11.011569 ], [ -74.896674, 11.011929 ], [ -74.89521, 11.013639 ], [ -74.895764, 11.013961 ], [ -74.896585, 11.013276 ], [ -74.897175, 11.013081 ], [ -74.897655, 11.012569 ], [ -74.897836, 11.012466 ], [ -74.897959, 11.013099 ], [ -74.898083, 11.013367 ], [ -74.898508, 11.013126 ], [ -74.898233, 11.012466 ], [ -74.89795, 11.011704 ], [ -74.897964, 11.01134 ], [ -74.89843, 11.0112 ], [ -74.898658, 11.011443 ], [ -74.898796, 11.011873 ], [ -74.898769, 11.012524 ], [ -74.898976, 11.013022 ], [ -74.898964, 11.013307 ], [ -74.898738, 11.013957 ], [ -74.898823, 11.013923 ], [ -74.899758, 11.015267 ], [ -74.899582, 11.016666 ], [ -74.89875, 11.0175 ], [ -74.897919, 11.02 ], [ -74.897446, 11.022354 ], [ -74.897045, 11.022318 ], [ -74.896996, 11.022276 ], [ -74.896945, 11.022146 ], [ -74.896819, 11.021289 ], [ -74.896488, 11.021151 ], [ -74.896447, 11.021101 ], [ -74.895806, 11.020919 ], [ -74.895694, 11.02135 ], [ -74.895399, 11.021861 ], [ -74.89502, 11.021787 ], [ -74.894891, 11.021733 ], [ -74.894519, 11.021274 ], [ -74.89286, 11.020705 ], [ -74.892275, 11.020265 ], [ -74.892145, 11.020104 ], [ -74.892023, 11.020044 ], [ -74.891779, 11.020014 ], [ -74.891205, 11.020112 ], [ -74.891032, 11.020556 ], [ -74.891308, 11.021266 ], [ -74.890995, 11.021706 ], [ -74.890544, 11.022031 ], [ -74.889951, 11.022104 ], [ -74.88954, 11.021547 ], [ -74.889646, 11.021134 ], [ -74.890067, 11.020427 ], [ -74.890112, 11.020067 ], [ -74.889718, 11.020019 ], [ -74.889036, 11.020415 ], [ -74.888798, 11.020334 ], [ -74.888331, 11.020063 ], [ -74.887484, 11.020146 ], [ -74.887161, 11.020333 ], [ -74.887018, 11.020374 ], [ -74.885574, 11.020221 ], [ -74.885462, 11.020102 ], [ -74.885157, 11.019951 ], [ -74.885004, 11.019921 ], [ -74.884689, 11.019792 ], [ -74.88434, 11.019994 ], [ -74.883871, 11.020859 ], [ -74.883391, 11.020952 ], [ -74.882772, 11.020425 ], [ -74.882577, 11.020559 ], [ -74.882485, 11.021013 ], [ -74.882166, 11.021186 ], [ -74.882122, 11.021956 ], [ -74.881996, 11.023142 ], [ -74.882176, 11.024166 ], [ -74.882492, 11.024756 ], [ -74.883768, 11.025571 ], [ -74.883812, 11.025618 ], [ -74.883775, 11.025852 ], [ -74.883709, 11.025926 ], [ -74.8835, 11.025564 ], [ -74.882138, 11.02549 ], [ -74.881976, 11.025919 ], [ -74.882244, 11.026326 ], [ -74.88253, 11.026522 ], [ -74.882488, 11.026661 ], [ -74.882298, 11.026925 ], [ -74.881849, 11.027917 ], [ -74.881797, 11.028421 ], [ -74.88191, 11.028551 ], [ -74.882478, 11.028801 ], [ -74.882515, 11.029258 ], [ -74.882215, 11.029423 ], [ -74.881775, 11.029617 ], [ -74.881564, 11.02991 ], [ -74.881477, 11.031204 ], [ -74.881066, 11.031852 ], [ -74.880066, 11.032754 ], [ -74.879117, 11.033529 ], [ -74.878865, 11.033575 ], [ -74.878807, 11.033659 ], [ -74.878406, 11.033807 ], [ -74.877013, 11.033886 ], [ -74.876768, 11.034235 ], [ -74.876851, 11.034569 ], [ -74.877034, 11.03484 ], [ -74.877527, 11.035055 ], [ -74.877742, 11.035095 ], [ -74.878107, 11.035095 ], [ -74.878642, 11.035064 ], [ -74.878982, 11.035016 ], [ -74.880188, 11.034689 ], [ -74.881012, 11.034522 ], [ -74.881129, 11.034516 ], [ -74.881688, 11.034573 ], [ -74.881248, 11.035 ], [ -74.880836, 11.035833 ], [ -74.881668, 11.0375 ], [ -74.880836, 11.039167 ], [ -74.881248, 11.04 ], [ -74.8825, 11.04125 ], [ -74.881668, 11.042083 ], [ -74.878334, 11.042917 ], [ -74.876663, 11.04375 ], [ -74.876251, 11.044167 ], [ -74.875832, 11.045834 ], [ -74.875791, 11.046684 ], [ -74.875519, 11.046789 ], [ -74.874909, 11.046916 ], [ -74.874573, 11.04693 ], [ -74.874131, 11.047021 ], [ -74.873566, 11.047282 ], [ -74.873085, 11.047378 ], [ -74.872575, 11.047564 ], [ -74.872757, 11.047206 ], [ -74.87272, 11.047051 ], [ -74.872478, 11.046944 ] ], [ [ -74.917334, 10.968561 ], [ -74.917334, 10.968471 ], [ -74.917365, 10.96832 ], [ -74.917426, 10.9682 ], [ -74.917426, 10.968109 ], [ -74.91755, 10.96781 ], [ -74.917647, 10.967333 ], [ -74.9177, 10.967295 ], [ -74.91777, 10.966627 ], [ -74.918244, 10.966082 ], [ -74.918665, 10.965897 ], [ -74.918708, 10.965848 ], [ -74.918109, 10.965535 ], [ -74.917767, 10.965143 ], [ -74.917351, 10.965176 ], [ -74.916469, 10.965896 ], [ -74.916206, 10.966071 ], [ -74.915826, 10.965471 ], [ -74.915513, 10.965354 ], [ -74.91537, 10.96556 ], [ -74.915736, 10.96607 ], [ -74.915821, 10.966308 ], [ -74.915525, 10.966832 ], [ -74.916109, 10.96733 ], [ -74.916362, 10.967621 ], [ -74.916461, 10.968157 ], [ -74.916594, 10.968638 ], [ -74.916968, 10.969104 ], [ -74.917028, 10.969073 ], [ -74.917273, 10.968592 ], [ -74.917334, 10.968561 ] ], [ [ -74.920458, 10.962739 ], [ -74.919863, 10.961963 ], [ -74.919206, 10.961373 ], [ -74.919001, 10.961583 ], [ -74.919304, 10.962275 ], [ -74.919494, 10.962941 ], [ -74.919485, 10.963366 ], [ -74.919209, 10.96336 ], [ -74.919202, 10.963091 ], [ -74.918679, 10.963629 ], [ -74.918287, 10.963754 ], [ -74.918299, 10.964344 ], [ -74.919192, 10.963962 ], [ -74.919302, 10.964629 ], [ -74.919503, 10.964922 ], [ -74.920264, 10.965125 ], [ -74.920447, 10.965035 ], [ -74.920655, 10.964893 ], [ -74.920783, 10.964557 ], [ -74.920722, 10.964311 ], [ -74.92063, 10.964311 ], [ -74.920317, 10.964251 ], [ -74.92084, 10.963754 ], [ -74.920219, 10.963456 ], [ -74.920128, 10.96322 ], [ -74.920458, 10.962739 ] ], [ [ -74.922348, 10.961924 ], [ -74.922897, 10.962128 ], [ -74.923485, 10.961948 ], [ -74.923877, 10.961696 ], [ -74.923926, 10.961509 ], [ -74.922648, 10.961451 ], [ -74.922326, 10.960848 ], [ -74.922414, 10.960467 ], [ -74.922509, 10.960199 ], [ -74.922553, 10.95988 ], [ -74.922746, 10.959215 ], [ -74.923326, 10.959107 ], [ -74.923377, 10.959067 ], [ -74.922769, 10.958417 ], [ -74.922282, 10.958249 ], [ -74.92054, 10.958342 ], [ -74.920075, 10.958285 ], [ -74.919613, 10.958619 ], [ -74.919533, 10.959247 ], [ -74.919601, 10.959907 ], [ -74.920216, 10.959741 ], [ -74.920755, 10.95962 ], [ -74.921938, 10.959714 ], [ -74.922004, 10.95979 ], [ -74.921961, 10.960264 ], [ -74.921625, 10.960388 ], [ -74.921509, 10.960589 ], [ -74.921897, 10.961412 ], [ -74.922348, 10.961924 ] ] ] } }
]
}
