{
"type": "FeatureCollection",
"name": "red_ferroviaria_libramiento_santa_fe",
"crs": { "type": "name", "properties": { "name": "urn:ogc:def:crs:OGC:1.3:CRS84" } },
"xy_coordinate_resolution": 1e-06,
"features": [
{ "type": "Feature", "properties": { "nombre": "Ferrosur", "tipo": "Libramiento / Vía Principal", "estado": "rail" }, "geometry": { "type": "LineString", "coordinates": [ [ -96.151197, 19.199276 ], [ -96.150183, 19.199558 ], [ -96.149694, 19.199738 ], [ -96.149472, 19.19983 ], [ -96.149232, 19.199949 ], [ -96.148498, 19.200396 ], [ -96.141082, 19.204797 ], [ -96.140672, 19.205032 ], [ -96.14031, 19.205196 ], [ -96.140066, 19.20534 ] ] } },
{ "type": "Feature", "properties": { "nombre": "Ferrosur", "tipo": "Libramiento / Vía Principal", "estado": "rail" }, "geometry": { "type": "LineString", "coordinates": [ [ -96.150682, 19.199474 ], [ -96.1473, 19.201464 ], [ -96.14176, 19.20476 ] ] } },
{ "type": "Feature", "properties": { "nombre": "Ferrosur", "tipo": "Libramiento / Vía Principal", "estado": "rail" }, "geometry": { "type": "LineString", "coordinates": [ [ -96.140925, 19.205213 ], [ -96.14034, 19.205632 ], [ -96.140239, 19.205733 ], [ -96.139184, 19.206933 ], [ -96.138994, 19.207096 ], [ -96.138753, 19.20727 ] ] } },
{ "type": "Feature", "properties": { "nombre": "Ferrosur / KCSM", "tipo": "Libramiento / Vía Principal", "estado": "rail" }, "geometry": { "type": "LineString", "coordinates": [ [ -96.142501, 19.209334 ], [ -96.142093, 19.20994 ], [ -96.140055, 19.213305 ], [ -96.139749, 19.213654 ], [ -96.1395, 19.213847 ], [ -96.139264, 19.213955 ], [ -96.138869, 19.214099 ] ] } },
{ "type": "Feature", "properties": { "nombre": "Ferrosur / KCSM", "tipo": "Libramiento / Vía Principal", "estado": "rail" }, "geometry": { "type": "LineString", "coordinates": [ [ -96.141657, 19.209178 ], [ -96.141743, 19.209381 ], [ -96.141774, 19.209492 ], [ -96.141792, 19.209624 ], [ -96.141797, 19.209877 ], [ -96.141779, 19.210015 ], [ -96.141734, 19.210203 ], [ -96.141616, 19.210447 ], [ -96.140898, 19.211622 ] ] } },
{ "type": "Feature", "properties": { "nombre": "Ferrosur / KCSM", "tipo": "Libramiento / Vía Principal", "estado": "rail" }, "geometry": { "type": "LineString", "coordinates": [ [ -96.141723, 19.209429 ], [ -96.141724, 19.209597 ], [ -96.141697, 19.209874 ], [ -96.141656, 19.210034 ], [ -96.141554, 19.210234 ], [ -96.141408, 19.21044 ], [ -96.141195, 19.210669 ], [ -96.140918, 19.211006 ], [ -96.139957, 19.21257 ] ] } },
{ "type": "Feature", "properties": { "nombre": "Ferrosur", "tipo": "Libramiento / Vía Principal", "estado": "rail" }, "geometry": { "type": "LineString", "coordinates": [ [ -96.19523, 19.162615 ], [ -96.194752, 19.163033 ], [ -96.194036, 19.16375 ], [ -96.193783, 19.163979 ], [ -96.192228, 19.165471 ], [ -96.181818, 19.17583 ], [ -96.173057, 19.184526 ] ] } },
{ "type": "Feature", "properties": { "nombre": "Ferrosur", "tipo": "Libramiento / Vía Principal", "estado": "rail" }, "geometry": { "type": "LineString", "coordinates": [ [ -96.145017, 19.203536 ], [ -96.146458, 19.20259 ], [ -96.14865, 19.201282 ], [ -96.148829, 19.201162 ], [ -96.149044, 19.201 ], [ -96.149636, 19.200505 ], [ -96.150561, 19.199762 ] ] } },
{ "type": "Feature", "properties": { "nombre": "Ferrosur", "tipo": "Libramiento / Vía Principal", "estado": "rail" }, "geometry": { "type": "LineString", "coordinates": [ [ -96.139941, 19.205041 ], [ -96.139476, 19.205239 ], [ -96.139286, 19.205274 ], [ -96.13919, 19.205278 ], [ -96.138997, 19.205259 ], [ -96.138832, 19.205211 ], [ -96.138678, 19.205136 ], [ -96.138542, 19.205037 ], [ -96.138332, 19.204804 ], [ -96.137825, 19.204084 ], [ -96.136375, 19.201868 ] ] } },
{ "type": "Feature", "properties": { "nombre": "Ferrosur", "tipo": "Libramiento / Vía Principal", "estado": "rail" }, "geometry": { "type": "LineString", "coordinates": [ [ -96.13998, 19.204519 ], [ -96.142708, 19.202885 ], [ -96.143321, 19.202461 ], [ -96.143955, 19.201938 ] ] } },
{ "type": "Feature", "properties": { "nombre": "Ferrosur", "tipo": "Libramiento / Vía Principal", "estado": "rail" }, "geometry": { "type": "LineString", "coordinates": [ [ -96.139912, 19.204422 ], [ -96.142609, 19.202816 ], [ -96.14287, 19.202651 ], [ -96.143098, 19.202486 ], [ -96.144063, 19.201719 ], [ -96.1442, 19.20163 ], [ -96.144367, 19.201544 ], [ -96.145296, 19.201161 ], [ -96.146234, 19.200756 ], [ -96.14703, 19.200453 ], [ -96.147843, 19.200216 ] ] } },
{ "type": "Feature", "properties": { "nombre": "Ferrosur", "tipo": "Libramiento / Vía Principal", "estado": "rail" }, "geometry": { "type": "LineString", "coordinates": [ [ -96.139933, 19.204447 ], [ -96.142836, 19.202707 ], [ -96.143856, 19.201922 ] ] } },
{ "type": "Feature", "properties": { "nombre": "Ferrosur / KCSM", "tipo": "Espuela / Patio Portuario", "estado": "platform" }, "geometry": { "type": "LineString", "coordinates": [ [ -96.139829, 19.204418 ], [ -96.141182, 19.203603 ] ] } },
{ "type": "Feature", "properties": { "nombre": "Ferrosur / KCSM", "tipo": "Espuela / Patio Portuario", "estado": "platform" }, "geometry": { "type": "LineString", "coordinates": [ [ -96.139891, 19.204508 ], [ -96.141249, 19.203686 ] ] } },
{ "type": "Feature", "properties": { "nombre": "Ferrosur", "tipo": "Libramiento / Vía Principal", "estado": "rail" }, "geometry": { "type": "LineString", "coordinates": [ [ -96.139788, 19.20426 ], [ -96.143416, 19.202097 ], [ -96.14385, 19.201828 ], [ -96.14406, 19.201666 ] ] } },
{ "type": "Feature", "properties": { "nombre": "Ferrosur / KCSM", "tipo": "Espuela / Patio Portuario", "estado": "platform" }, "geometry": { "type": "LineString", "coordinates": [ [ -96.141552, 19.203658 ], [ -96.139961, 19.204614 ], [ -96.139689, 19.204212 ], [ -96.139829, 19.204128 ] ] } },
{ "type": "Feature", "properties": { "nombre": "Ferrosur", "tipo": "Libramiento / Vía Principal", "estado": "rail" }, "geometry": { "type": "LineString", "coordinates": [ [ -96.140091, 19.204612 ], [ -96.141843, 19.20355 ], [ -96.142204, 19.203312 ], [ -96.142345, 19.203212 ], [ -96.142598, 19.203005 ], [ -96.142726, 19.202913 ], [ -96.142907, 19.202805 ], [ -96.143043, 19.202702 ], [ -96.143321, 19.202461 ] ] } },
{ "type": "Feature", "properties": { "nombre": "Ferrosur", "tipo": "Libramiento / Vía Principal", "estado": "rail" }, "geometry": { "type": "LineString", "coordinates": [ [ -96.139869, 19.204348 ], [ -96.143145, 19.202391 ] ] } },
{ "type": "Feature", "properties": { "nombre": "Ferrosur", "tipo": "Libramiento / Vía Principal", "estado": "rail" }, "geometry": { "type": "LineString", "coordinates": [ [ -96.14, 19.204543 ], [ -96.142726, 19.202913 ] ] } },
{ "type": "Feature", "properties": { "nombre": "Ferrosur", "tipo": "Libramiento / Vía Principal", "estado": "rail" }, "geometry": { "type": "LineString", "coordinates": [ [ -96.13985, 19.204318 ], [ -96.142739, 19.202584 ], [ -96.143145, 19.202391 ], [ -96.143388, 19.202248 ] ] } },
{ "type": "Feature", "properties": { "nombre": "Ferrosur", "tipo": "Libramiento / Vía Principal", "estado": "rail" }, "geometry": { "type": "LineString", "coordinates": [ [ -96.148802, 19.199922 ], [ -96.148576, 19.200036 ], [ -96.146593, 19.201207 ], [ -96.145481, 19.201894 ], [ -96.14261, 19.203598 ], [ -96.141451, 19.204272 ], [ -96.141176, 19.204446 ] ] } },
{ "type": "Feature", "properties": { "nombre": "Ferrosur", "tipo": "Libramiento / Vía Principal", "estado": "rail" }, "geometry": { "type": "LineString", "coordinates": [ [ -96.18664, 19.170922 ], [ -96.190708, 19.166857 ], [ -96.191783, 19.165797 ] ] } },
{ "type": "Feature", "properties": { "nombre": "Ferrosur", "tipo": "Libramiento / Vía Principal", "estado": "rail" }, "geometry": { "type": "LineString", "coordinates": [ [ -96.193939, 19.163887 ], [ -96.193633, 19.16425 ], [ -96.19336, 19.164533 ], [ -96.190859, 19.166961 ], [ -96.180576, 19.177197 ], [ -96.177504, 19.18023 ], [ -96.174439, 19.183283 ] ] } },
{ "type": "Feature", "properties": { "nombre": "Ferrosur", "tipo": "Libramiento / Vía Principal", "estado": "rail" }, "geometry": { "type": "LineString", "coordinates": [ [ -96.143063, 19.20312 ], [ -96.143578, 19.202772 ], [ -96.145922, 19.20137 ], [ -96.146398, 19.201127 ] ] } },
{ "type": "Feature", "properties": { "nombre": "Ferrosur", "tipo": "Libramiento / Vía Principal", "estado": "rail" }, "geometry": { "type": "LineString", "coordinates": [ [ -96.143199, 19.2029 ], [ -96.143773, 19.202427 ], [ -96.143977, 19.202273 ], [ -96.144784, 19.201792 ], [ -96.145403, 19.201473 ], [ -96.146177, 19.201015 ], [ -96.14712, 19.200627 ] ] } },
{ "type": "Feature", "properties": { "nombre": "Ferrosur", "tipo": "Libramiento / Vía Principal", "estado": "rail" }, "geometry": { "type": "LineString", "coordinates": [ [ -96.142531, 19.203437 ], [ -96.142983, 19.203086 ], [ -96.143152, 19.202969 ], [ -96.145461, 19.201593 ], [ -96.146423, 19.201003 ], [ -96.14712, 19.200627 ], [ -96.148802, 19.199922 ], [ -96.149439, 19.199707 ], [ -96.150523, 19.199406 ], [ -96.153109, 19.198719 ], [ -96.156877, 19.197698 ] ] } },
{ "type": "Feature", "properties": { "nombre": "Ferrosur", "tipo": "Libramiento / Vía Principal", "estado": "rail" }, "geometry": { "type": "LineString", "coordinates": [ [ -96.142431, 19.204902 ], [ -96.145781, 19.202899 ], [ -96.146198, 19.202636 ], [ -96.147396, 19.201929 ], [ -96.147728, 19.201769 ], [ -96.148612, 19.201252 ], [ -96.148949, 19.20101 ], [ -96.149256, 19.200761 ] ] } },
{ "type": "Feature", "properties": { "nombre": "Ferrosur", "tipo": "Libramiento / Vía Principal", "estado": "rail" }, "geometry": { "type": "LineString", "coordinates": [ [ -96.142983, 19.203086 ], [ -96.143199, 19.2029 ], [ -96.143664, 19.202579 ], [ -96.145341, 19.201577 ], [ -96.14638, 19.200937 ] ] } },
{ "type": "Feature", "properties": { "nombre": "Ferrosur", "tipo": "Libramiento / Vía Principal", "estado": "rail" }, "geometry": { "type": "LineString", "coordinates": [ [ -96.142753, 19.203271 ], [ -96.142989, 19.203022 ], [ -96.143423, 19.202511 ], [ -96.143578, 19.202353 ], [ -96.143714, 19.202236 ], [ -96.143923, 19.202092 ], [ -96.14466, 19.20165 ], [ -96.145001, 19.201492 ], [ -96.146177, 19.201015 ] ] } },
{ "type": "Feature", "properties": { "nombre": "Ferrosur", "tipo": "Libramiento / Vía Principal", "estado": "rail" }, "geometry": { "type": "LineString", "coordinates": [ [ -96.14406, 19.201666 ], [ -96.146861, 19.199511 ], [ -96.147316, 19.199205 ], [ -96.148111, 19.198706 ] ] } },
{ "type": "Feature", "properties": { "nombre": "Ferrosur", "tipo": "Libramiento / Vía Principal", "estado": "rail" }, "geometry": { "type": "LineString", "coordinates": [ [ -96.141716, 19.204026 ], [ -96.145154, 19.201987 ], [ -96.146997, 19.200859 ], [ -96.147769, 19.200442 ] ] } },
{ "type": "Feature", "properties": { "nombre": "Ferrosur", "tipo": "Libramiento / Vía Principal", "estado": "rail" }, "geometry": { "type": "LineString", "coordinates": [ [ -96.156906, 19.197737 ], [ -96.151197, 19.199276 ] ] } },
{ "type": "Feature", "properties": { "nombre": "Línea V", "tipo": "Libramiento / Vía Principal", "estado": "rail" }, "geometry": { "type": "LineString", "coordinates": [ [ -96.198918, 19.174411 ], [ -96.199202, 19.174341 ], [ -96.1998, 19.174162 ], [ -96.20017, 19.174103 ], [ -96.20053, 19.174093 ], [ -96.200797, 19.174121 ], [ -96.201017, 19.174159 ], [ -96.201208, 19.174208 ], [ -96.201713, 19.174402 ], [ -96.205577, 19.176038 ], [ -96.209454, 19.177651 ], [ -96.210848, 19.178255 ], [ -96.211037, 19.178348 ], [ -96.211309, 19.178525 ], [ -96.211534, 19.178725 ], [ -96.21173, 19.178958 ], [ -96.211834, 19.179106 ], [ -96.212829, 19.181032 ], [ -96.212934, 19.18122 ], [ -96.213081, 19.181411 ], [ -96.213269, 19.181589 ], [ -96.213451, 19.181725 ], [ -96.213675, 19.181862 ], [ -96.213907, 19.181973 ], [ -96.214118, 19.182047 ], [ -96.214337, 19.182104 ], [ -96.214557, 19.182134 ], [ -96.214795, 19.182149 ], [ -96.215041, 19.182137 ], [ -96.215259, 19.1821 ], [ -96.215655, 19.181987 ], [ -96.216758, 19.181597 ], [ -96.217826, 19.181197 ], [ -96.218144, 19.181055 ], [ -96.218748, 19.180741 ], [ -96.221222, 19.179296 ], [ -96.222399, 19.178618 ], [ -96.222705, 19.178454 ], [ -96.223366, 19.178156 ], [ -96.223789, 19.178071 ], [ -96.224307, 19.17807 ], [ -96.224832, 19.178127 ], [ -96.230991, 19.179942 ] ] } },
{ "type": "Feature", "properties": { "nombre": "Ferrosur", "tipo": "Libramiento / Vía Principal", "estado": "rail" }, "geometry": { "type": "LineString", "coordinates": [ [ -96.147843, 19.200216 ], [ -96.144232, 19.201712 ], [ -96.144074, 19.201785 ], [ -96.143856, 19.201922 ] ] } },
{ "type": "Feature", "properties": { "nombre": "Ferrosur", "tipo": "Libramiento / Vía Principal", "estado": "rail" }, "geometry": { "type": "LineString", "coordinates": [ [ -96.141338, 19.205008 ], [ -96.141632, 19.204869 ], [ -96.142273, 19.204657 ], [ -96.142477, 19.204578 ], [ -96.14289, 19.204384 ], [ -96.143487, 19.204045 ], [ -96.147498, 19.201653 ], [ -96.149949, 19.200181 ], [ -96.150331, 19.199939 ] ] } },
{ "type": "Feature", "properties": { "nombre": "Ferrosur", "tipo": "Libramiento / Vía Principal", "estado": "rail" }, "geometry": { "type": "LineString", "coordinates": [ [ -96.144299, 19.204577 ], [ -96.144241, 19.204682 ], [ -96.144172, 19.20477 ], [ -96.144022, 19.204894 ], [ -96.142819, 19.20571 ], [ -96.142343, 19.206007 ], [ -96.142183, 19.206167 ], [ -96.14208, 19.20633 ], [ -96.141668, 19.20713 ] ] } },
{ "type": "Feature", "properties": { "nombre": "Ferrosur", "tipo": "Libramiento / Vía Principal", "estado": "rail" }, "geometry": { "type": "LineString", "coordinates": [ [ -96.141467, 19.204224 ], [ -96.141676, 19.204086 ], [ -96.145418, 19.201886 ], [ -96.14699, 19.200913 ], [ -96.147943, 19.200368 ] ] } },
{ "type": "Feature", "properties": { "nombre": "Ferrosur", "tipo": "Libramiento / Vía Principal", "estado": "rail" }, "geometry": { "type": "LineString", "coordinates": [ [ -96.142637, 19.204152 ], [ -96.14292, 19.203967 ], [ -96.147214, 19.201413 ], [ -96.150042, 19.199745 ] ] } },
{ "type": "Feature", "properties": { "nombre": "Ferrosur", "tipo": "Libramiento / Vía Principal", "estado": "rail" }, "geometry": { "type": "LineString", "coordinates": [ [ -96.142717, 19.204563 ], [ -96.142436, 19.204748 ], [ -96.142239, 19.204949 ], [ -96.141908, 19.205374 ], [ -96.141808, 19.205586 ], [ -96.141752, 19.205762 ], [ -96.141736, 19.205909 ], [ -96.14173, 19.206059 ], [ -96.141751, 19.206636 ], [ -96.141749, 19.206772 ], [ -96.141726, 19.20694 ], [ -96.141668, 19.20713 ], [ -96.141529, 19.207383 ] ] } },
{ "type": "Feature", "properties": { "nombre": "Ferrosur", "tipo": "Libramiento / Vía Principal", "estado": "rail" }, "geometry": { "type": "LineString", "coordinates": [ [ -96.13823, 19.206176 ], [ -96.14032, 19.204933 ] ] } },
{ "type": "Feature", "properties": { "nombre": "Ferrosur", "tipo": "Libramiento / Vía Principal", "estado": "rail" }, "geometry": { "type": "LineString", "coordinates": [ [ -96.141458, 19.204359 ], [ -96.142021, 19.204078 ], [ -96.145047, 19.202295 ], [ -96.149062, 19.199887 ], [ -96.149244, 19.199787 ], [ -96.149439, 19.199707 ] ] } },
{ "type": "Feature", "properties": { "nombre": "Ferrosur", "tipo": "Libramiento / Vía Principal", "estado": "rail" }, "geometry": { "type": "LineString", "coordinates": [ [ -96.135562, 19.207703 ], [ -96.137736, 19.206385 ], [ -96.139354, 19.205464 ], [ -96.139745, 19.205277 ] ] } },
{ "type": "Feature", "properties": { "nombre": "Ferrosur", "tipo": "Libramiento / Vía Principal", "estado": "rail" }, "geometry": { "type": "LineString", "coordinates": [ [ -96.138224, 19.206236 ], [ -96.138978, 19.205789 ], [ -96.139204, 19.205643 ], [ -96.139508, 19.205418 ] ] } },
{ "type": "Feature", "properties": { "nombre": "Ferrosur", "tipo": "Libramiento / Vía Principal", "estado": "rail" }, "geometry": { "type": "LineString", "coordinates": [ [ -96.14176, 19.20476 ], [ -96.142396, 19.2045 ], [ -96.142959, 19.204226 ], [ -96.149955, 19.200073 ], [ -96.150172, 19.199928 ], [ -96.150553, 19.199628 ], [ -96.150777, 19.199469 ] ] } },
{ "type": "Feature", "properties": { "nombre": "Ferrosur", "tipo": "Libramiento / Vía Principal", "estado": "rail" }, "geometry": { "type": "LineString", "coordinates": [ [ -96.141296, 19.204998 ], [ -96.14236, 19.204138 ], [ -96.142631, 19.203942 ], [ -96.142921, 19.203755 ], [ -96.149146, 19.200063 ], [ -96.149368, 19.199922 ], [ -96.149694, 19.199738 ] ] } },
{ "type": "Feature", "properties": { "nombre": "Ferrosur", "tipo": "Libramiento / Vía Principal", "estado": "rail" }, "geometry": { "type": "LineString", "coordinates": [ [ -96.14256, 19.204416 ], [ -96.150045, 19.199969 ], [ -96.150399, 19.199746 ] ] } },
{ "type": "Feature", "properties": { "nombre": "Ferrosur / KCSM", "tipo": "Libramiento / Vía Principal", "estado": "rail" }, "geometry": { "type": "LineString", "coordinates": [ [ -96.124926, 19.213315 ], [ -96.129751, 19.214049 ], [ -96.130003, 19.214121 ], [ -96.130336, 19.214262 ], [ -96.131192, 19.214496 ], [ -96.132696, 19.214748 ], [ -96.13418, 19.215013 ], [ -96.13454, 19.215065 ], [ -96.134731, 19.215066 ], [ -96.134949, 19.215044 ], [ -96.135349, 19.214976 ], [ -96.137783, 19.214479 ], [ -96.13797, 19.214429 ], [ -96.138869, 19.214099 ] ] } },
{ "type": "Feature", "properties": { "nombre": "Ferrosur / KCSM", "tipo": "Libramiento / Vía Principal", "estado": "rail" }, "geometry": { "type": "LineString", "coordinates": [ [ -96.140546, 19.212095 ], [ -96.140091, 19.21282 ] ] } },
{ "type": "Feature", "properties": { "nombre": "Ferrosur / KCSM", "tipo": "Libramiento / Vía Principal", "estado": "rail" }, "geometry": { "type": "LineString", "coordinates": [ [ -96.141529, 19.207383 ], [ -96.141392, 19.207768 ], [ -96.14134, 19.208 ], [ -96.141314, 19.208249 ], [ -96.141327, 19.208433 ], [ -96.141377, 19.208648 ], [ -96.141429, 19.208762 ], [ -96.141877, 19.209599 ], [ -96.142093, 19.20994 ], [ -96.142668, 19.210754 ], [ -96.142801, 19.210883 ], [ -96.142958, 19.210994 ], [ -96.143232, 19.211118 ], [ -96.14365, 19.211351 ], [ -96.143775, 19.211467 ], [ -96.144273, 19.212031 ], [ -96.144476, 19.212147 ], [ -96.144763, 19.212266 ], [ -96.144976, 19.212327 ], [ -96.145257, 19.212339 ], [ -96.147482, 19.212153 ], [ -96.147904, 19.212149 ], [ -96.148561, 19.212188 ], [ -96.149158, 19.212303 ], [ -96.149433, 19.212372 ], [ -96.150503, 19.2127 ] ] } },
{ "type": "Feature", "properties": { "nombre": "Línea V", "tipo": "Libramiento / Vía Principal", "estado": "rail" }, "geometry": { "type": "LineString", "coordinates": [ [ -96.231092, 19.179972 ], [ -96.230991, 19.179942 ] ] } },
{ "type": "Feature", "properties": { "nombre": "Ferrosur / KCSM", "tipo": "Espuela / Patio Portuario", "estado": "disused" }, "geometry": { "type": "LineString", "coordinates": [ [ -96.136648, 19.173772 ], [ -96.136572, 19.172717 ], [ -96.136719, 19.172367 ], [ -96.136799, 19.172286 ], [ -96.136978, 19.172251 ], [ -96.137463, 19.172621 ], [ -96.137517, 19.172901 ], [ -96.137621, 19.173715 ], [ -96.137486, 19.174204 ], [ -96.137297, 19.174546 ], [ -96.13713, 19.174791 ], [ -96.136928, 19.174681 ], [ -96.136668, 19.1739 ], [ -96.136648, 19.173772 ] ] } },
{ "type": "Feature", "properties": { "nombre": "Ferrosur", "tipo": "Libramiento / Vía Principal", "estado": "rail" }, "geometry": { "type": "LineString", "coordinates": [ [ -96.142636, 19.20472 ], [ -96.149256, 19.200761 ], [ -96.149636, 19.200505 ] ] } },
{ "type": "Feature", "properties": { "nombre": "Ferrosur", "tipo": "Libramiento / Vía Principal", "estado": "rail" }, "geometry": { "type": "LineString", "coordinates": [ [ -96.193783, 19.163979 ], [ -96.193425, 19.164275 ], [ -96.192121, 19.165516 ], [ -96.189309, 19.168307 ], [ -96.186365, 19.171252 ], [ -96.180802, 19.176769 ], [ -96.180468, 19.177165 ] ] } },
{ "type": "Feature", "properties": { "nombre": "Libramiento ferroviario de Veracruz", "tipo": "Libramiento / Vía Principal", "estado": "rail" }, "geometry": { "type": "LineString", "coordinates": [ [ -96.202776, 19.228609 ], [ -96.202633, 19.228778 ], [ -96.202527, 19.228933 ], [ -96.202416, 19.22914 ], [ -96.202326, 19.229337 ], [ -96.202272, 19.229488 ], [ -96.20223, 19.229651 ], [ -96.202201, 19.229836 ], [ -96.202185, 19.23005 ], [ -96.202183, 19.231113 ], [ -96.202112, 19.234293 ], [ -96.202094, 19.237146 ], [ -96.202074, 19.237985 ], [ -96.202014, 19.243321 ], [ -96.201941, 19.248356 ], [ -96.201946, 19.24864 ], [ -96.201906, 19.248993 ], [ -96.201839, 19.249212 ], [ -96.201643, 19.249573 ], [ -96.201426, 19.249833 ], [ -96.201187, 19.250044 ], [ -96.20096, 19.250193 ], [ -96.200708, 19.250318 ], [ -96.200351, 19.250403 ], [ -96.200026, 19.25043 ], [ -96.195529, 19.250587 ], [ -96.195198, 19.250552 ], [ -96.195045, 19.250519 ], [ -96.19251, 19.249895 ], [ -96.191992, 19.249741 ], [ -96.191545, 19.249515 ], [ -96.191177, 19.249226 ], [ -96.18781, 19.246252 ], [ -96.187719, 19.246176 ], [ -96.187296, 19.245969 ], [ -96.187129, 19.245919 ], [ -96.186885, 19.245881 ], [ -96.186641, 19.245872 ], [ -96.185865, 19.245894 ], [ -96.181045, 19.246111 ], [ -96.180312, 19.246119 ], [ -96.180051, 19.246097 ], [ -96.179712, 19.246032 ], [ -96.179133, 19.245792 ], [ -96.178773, 19.245535 ], [ -96.17849, 19.245215 ], [ -96.178357, 19.245023 ], [ -96.17825, 19.244827 ], [ -96.178108, 19.244422 ], [ -96.177551, 19.242534 ], [ -96.177369, 19.241973 ], [ -96.17706, 19.240944 ], [ -96.176531, 19.239175 ], [ -96.175333, 19.23506 ], [ -96.175212, 19.234636 ], [ -96.175058, 19.234006 ], [ -96.175046, 19.233768 ], [ -96.175055, 19.233531 ], [ -96.175094, 19.233269 ], [ -96.175319, 19.232276 ], [ -96.175496, 19.231297 ], [ -96.175544, 19.23083 ], [ -96.175683, 19.229257 ], [ -96.175835, 19.227301 ], [ -96.175994, 19.22554 ], [ -96.176014, 19.224772 ], [ -96.17595, 19.224437 ], [ -96.175794, 19.223909 ], [ -96.175693, 19.223686 ], [ -96.174859, 19.222196 ], [ -96.174257, 19.221245 ], [ -96.174146, 19.22111 ], [ -96.173677, 19.220608 ], [ -96.173548, 19.220498 ], [ -96.17337, 19.220363 ], [ -96.172971, 19.220101 ], [ -96.172265, 19.219679 ] ] } },
{ "type": "Feature", "properties": { "nombre": "Libramiento ferroviario de Veracruz", "tipo": "Libramiento / Vía Principal", "estado": "rail" }, "geometry": { "type": "LineString", "coordinates": [ [ -96.204192, 19.227922 ], [ -96.204014, 19.22795 ], [ -96.203851, 19.227991 ], [ -96.203509, 19.228117 ], [ -96.203248, 19.22824 ], [ -96.202983, 19.228419 ] ] } },
{ "type": "Feature", "properties": { "nombre": "Libramiento ferroviario de Veracruz", "tipo": "Libramiento / Vía Principal", "estado": "rail" }, "geometry": { "type": "LineString", "coordinates": [ [ -96.172059, 19.219558 ], [ -96.170471, 19.218699 ], [ -96.170013, 19.21839 ], [ -96.167364, 19.216375 ], [ -96.167147, 19.216234 ], [ -96.166534, 19.215891 ], [ -96.165719, 19.215502 ], [ -96.16528, 19.215352 ], [ -96.164835, 19.215266 ], [ -96.164325, 19.215256 ], [ -96.164053, 19.215273 ], [ -96.163812, 19.215303 ], [ -96.163391, 19.215414 ], [ -96.163028, 19.215564 ], [ -96.162423, 19.215843 ], [ -96.162186, 19.215916 ], [ -96.161935, 19.215949 ], [ -96.161688, 19.215952 ], [ -96.161481, 19.215923 ], [ -96.161338, 19.215878 ], [ -96.161141, 19.215788 ], [ -96.160987, 19.215691 ], [ -96.160487, 19.215322 ] ] } },
{ "type": "Feature", "properties": { "nombre": "Libramiento ferroviario de Veracruz", "tipo": "Libramiento / Vía Principal", "estado": "rail" }, "geometry": { "type": "LineString", "coordinates": [ [ -96.172265, 19.219679 ], [ -96.172059, 19.219558 ] ] } },
{ "type": "Feature", "properties": { "nombre": "Libramiento ferroviario de Veracruz", "tipo": "Libramiento / Vía Principal", "estado": "rail" }, "geometry": { "type": "LineString", "coordinates": [ [ -96.160248, 19.215214 ], [ -96.159974, 19.215163 ], [ -96.159766, 19.215147 ], [ -96.159029, 19.21516 ], [ -96.158627, 19.215148 ], [ -96.158458, 19.215116 ], [ -96.157465, 19.214815 ], [ -96.157069, 19.214711 ], [ -96.156736, 19.214655 ], [ -96.156448, 19.214671 ], [ -96.156198, 19.214726 ], [ -96.155954, 19.214808 ], [ -96.155715, 19.214924 ], [ -96.155427, 19.215124 ], [ -96.155072, 19.215414 ], [ -96.154879, 19.215556 ], [ -96.154733, 19.215638 ], [ -96.154472, 19.215738 ], [ -96.154216, 19.215805 ], [ -96.153942, 19.215829 ], [ -96.152351, 19.215832 ], [ -96.152045, 19.215807 ], [ -96.151521, 19.215688 ], [ -96.151245, 19.215656 ], [ -96.150937, 19.215652 ], [ -96.146963, 19.215717 ], [ -96.146435, 19.21574 ], [ -96.143385, 19.215794 ], [ -96.143028, 19.215774 ], [ -96.142879, 19.215752 ], [ -96.142766, 19.215723 ], [ -96.142516, 19.215634 ], [ -96.14231, 19.215513 ], [ -96.142031, 19.21529 ], [ -96.141936, 19.215178 ], [ -96.141797, 19.214957 ], [ -96.141537, 19.2146 ], [ -96.141407, 19.214476 ], [ -96.140797, 19.214088 ], [ -96.140646, 19.213959 ], [ -96.140507, 19.213801 ], [ -96.140385, 19.21359 ], [ -96.140339, 19.213472 ], [ -96.140315, 19.213399 ], [ -96.140267, 19.213111 ], [ -96.140316, 19.212774 ], [ -96.140357, 19.2126 ], [ -96.140553, 19.212183 ] ] } },
{ "type": "Feature", "properties": { "nombre": "Libramiento ferroviario de Veracruz", "tipo": "Libramiento / Vía Principal", "estado": "rail" }, "geometry": { "type": "LineString", "coordinates": [ [ -96.160487, 19.215322 ], [ -96.160248, 19.215214 ] ] } },
{ "type": "Feature", "properties": { "nombre": "Línea GA", "tipo": "Libramiento / Vía Principal", "estado": "rail" }, "geometry": { "type": "LineString", "coordinates": [ [ -96.170738, 19.148902 ], [ -96.17238, 19.14959 ], [ -96.172639, 19.149715 ], [ -96.173083, 19.149978 ], [ -96.173458, 19.150241 ], [ -96.173975, 19.150686 ], [ -96.174286, 19.151013 ], [ -96.174572, 19.151376 ], [ -96.174845, 19.151803 ], [ -96.175005, 19.152116 ], [ -96.175181, 19.152515 ], [ -96.17532, 19.152931 ], [ -96.175389, 19.153195 ], [ -96.175455, 19.153569 ], [ -96.175519, 19.154301 ], [ -96.175725, 19.157533 ], [ -96.176275, 19.16512 ], [ -96.176545, 19.169179 ], [ -96.176854, 19.173362 ], [ -96.176886, 19.173888 ], [ -96.176886, 19.174081 ], [ -96.176811, 19.174615 ], [ -96.176643, 19.175062 ], [ -96.176498, 19.175341 ], [ -96.176348, 19.175573 ], [ -96.175612, 19.176609 ], [ -96.175443, 19.176827 ], [ -96.174488, 19.178187 ], [ -96.174303, 19.178535 ], [ -96.17416, 19.178851 ], [ -96.174032, 19.179218 ], [ -96.173972, 19.179426 ], [ -96.173878, 19.179824 ], [ -96.173839, 19.18008 ], [ -96.173807, 19.180379 ], [ -96.173713, 19.182821 ], [ -96.173675, 19.183241 ], [ -96.173632, 19.183427 ], [ -96.173494, 19.183847 ], [ -96.173255, 19.184279 ], [ -96.173057, 19.184526 ], [ -96.167904, 19.189668 ], [ -96.163582, 19.194015 ], [ -96.163413, 19.194183 ], [ -96.163192, 19.194364 ], [ -96.162959, 19.194546 ], [ -96.162389, 19.194945 ], [ -96.16066, 19.196067 ], [ -96.160348, 19.196261 ], [ -96.159699, 19.196619 ], [ -96.1589, 19.196972 ], [ -96.158348, 19.197181 ], [ -96.157732, 19.197374 ], [ -96.156823, 19.197617 ] ] } },
{ "type": "Feature", "properties": { "nombre": "Libramiento ferroviario de Veracruz", "tipo": "Libramiento / Vía Principal", "estado": "rail" }, "geometry": { "type": "LineString", "coordinates": [ [ -96.229143, 19.232018 ], [ -96.228753, 19.23183 ], [ -96.228287, 19.231582 ] ] } },
{ "type": "Feature", "properties": { "nombre": "Ferrosur / KCSM", "tipo": "Libramiento / Vía Principal", "estado": "rail" }, "geometry": { "type": "LineString", "coordinates": [ [ -96.141359, 19.207648 ], [ -96.141204, 19.207798 ], [ -96.14095, 19.20798 ], [ -96.14005, 19.208403 ], [ -96.139906, 19.20849 ], [ -96.139469, 19.208809 ], [ -96.137458, 19.210012 ] ] } },
{ "type": "Feature", "properties": { "nombre": "Ferrosur / KCSM", "tipo": "Libramiento / Vía Principal", "estado": "rail" }, "geometry": { "type": "LineString", "coordinates": [ [ -96.140327, 19.21255 ], [ -96.140488, 19.212238 ], [ -96.140546, 19.212095 ], [ -96.141686, 19.21021 ], [ -96.141759, 19.209942 ], [ -96.141768, 19.209799 ], [ -96.14176, 19.209593 ], [ -96.141723, 19.209429 ], [ -96.141668, 19.209266 ], [ -96.141533, 19.208948 ] ] } },
{ "type": "Feature", "properties": { "nombre": "Línea S", "tipo": "Libramiento / Vía Principal", "estado": "rail" }, "geometry": { "type": "LineString", "coordinates": [ [ -96.256627, 19.167155 ], [ -96.255956, 19.167295 ], [ -96.242711, 19.169139 ], [ -96.242237, 19.169224 ], [ -96.239721, 19.169734 ], [ -96.239185, 19.169795 ] ] } },
{ "type": "Feature", "properties": { "nombre": "Libramiento ferroviario de Veracruz", "tipo": "Libramiento / Vía Principal", "estado": "rail" }, "geometry": { "type": "LineString", "coordinates": [ [ -96.255534, 19.188141 ], [ -96.256013, 19.189428 ], [ -96.258343, 19.194918 ], [ -96.258427, 19.195252 ], [ -96.258466, 19.195552 ], [ -96.258451, 19.195757 ], [ -96.257424, 19.200142 ], [ -96.257408, 19.200521 ], [ -96.257465, 19.200902 ], [ -96.257574, 19.201256 ], [ -96.257761, 19.2016 ], [ -96.257914, 19.201839 ], [ -96.258235, 19.20216 ], [ -96.258503, 19.202381 ], [ -96.260733, 19.203953 ], [ -96.260945, 19.204114 ], [ -96.261128, 19.204283 ], [ -96.261283, 19.204459 ], [ -96.261414, 19.204639 ], [ -96.26152, 19.204822 ], [ -96.261604, 19.205008 ], [ -96.261667, 19.205195 ], [ -96.261711, 19.205381 ], [ -96.261737, 19.205566 ], [ -96.261748, 19.205748 ], [ -96.261729, 19.206097 ], [ -96.261702, 19.206261 ], [ -96.261622, 19.206564 ], [ -96.261517, 19.206824 ], [ -96.261401, 19.207029 ], [ -96.257205, 19.212335 ], [ -96.257011, 19.212592 ], [ -96.256751, 19.212964 ], [ -96.256488, 19.213386 ], [ -96.256261, 19.213798 ], [ -96.256065, 19.214202 ], [ -96.255861, 19.214692 ], [ -96.255689, 19.215188 ], [ -96.2535, 19.223042 ], [ -96.253351, 19.22366 ], [ -96.252795, 19.225552 ], [ -96.252577, 19.226167 ], [ -96.25224, 19.226945 ], [ -96.251888, 19.227641 ], [ -96.251558, 19.22822 ], [ -96.251288, 19.228648 ], [ -96.251065, 19.228962 ], [ -96.250751, 19.229376 ], [ -96.250359, 19.229855 ], [ -96.249745, 19.230541 ], [ -96.249408, 19.230882 ], [ -96.249059, 19.231209 ], [ -96.248519, 19.231653 ], [ -96.24778, 19.232202 ], [ -96.247508, 19.232383 ], [ -96.247211, 19.232543 ], [ -96.246867, 19.232696 ], [ -96.246637, 19.232772 ], [ -96.246371, 19.232829 ], [ -96.246055, 19.232866 ], [ -96.245563, 19.23289 ], [ -96.244191, 19.232897 ], [ -96.234669, 19.233046 ], [ -96.233936, 19.233032 ], [ -96.233274, 19.232988 ], [ -96.23258, 19.232916 ], [ -96.231887, 19.232817 ], [ -96.231223, 19.232691 ], [ -96.230727, 19.232564 ], [ -96.230227, 19.232406 ], [ -96.22973, 19.232221 ], [ -96.229219, 19.232003 ] ] } },
{ "type": "Feature", "properties": { "nombre": "Libramiento ferroviario de Veracruz", "tipo": "Libramiento / Vía Principal", "estado": "rail" }, "geometry": { "type": "LineString", "coordinates": [ [ -96.229219, 19.232003 ], [ -96.228775, 19.231791 ], [ -96.228356, 19.231568 ] ] } },
{ "type": "Feature", "properties": { "nombre": "Libramiento ferroviario de Veracruz", "tipo": "Libramiento / Vía Principal", "estado": "rail" }, "geometry": { "type": "LineString", "coordinates": [ [ -96.211318, 19.228186 ], [ -96.210663, 19.228176 ] ] } },
{ "type": "Feature", "properties": { "nombre": "Libramiento ferroviario de Veracruz", "tipo": "Libramiento / Vía Principal", "estado": "rail" }, "geometry": { "type": "LineString", "coordinates": [ [ -96.202745, 19.228582 ], [ -96.202598, 19.228754 ], [ -96.20249, 19.228913 ], [ -96.202377, 19.229123 ], [ -96.202286, 19.229322 ], [ -96.202231, 19.229476 ], [ -96.202188, 19.229644 ], [ -96.202158, 19.229832 ], [ -96.202142, 19.230049 ], [ -96.202084, 19.233382 ], [ -96.202041, 19.236989 ], [ -96.201928, 19.244439 ], [ -96.201886, 19.248828 ], [ -96.201819, 19.249066 ], [ -96.201695, 19.24939 ], [ -96.201452, 19.249725 ], [ -96.201218, 19.249969 ], [ -96.20096, 19.250129 ], [ -96.200648, 19.250281 ], [ -96.200262, 19.25037 ], [ -96.195598, 19.250545 ], [ -96.195219, 19.250513 ], [ -96.191963, 19.249699 ], [ -96.191529, 19.249456 ], [ -96.191186, 19.249181 ], [ -96.187882, 19.246267 ], [ -96.187645, 19.246101 ], [ -96.187433, 19.245983 ], [ -96.187198, 19.245884 ], [ -96.187004, 19.245848 ], [ -96.186713, 19.245831 ], [ -96.185863, 19.245846 ], [ -96.185568, 19.245872 ], [ -96.180375, 19.246093 ], [ -96.180076, 19.246072 ], [ -96.17977, 19.246007 ], [ -96.179692, 19.245977 ], [ -96.1795, 19.245934 ], [ -96.179237, 19.245807 ], [ -96.178892, 19.245576 ], [ -96.178591, 19.24526 ], [ -96.178423, 19.245048 ], [ -96.178318, 19.244857 ], [ -96.178219, 19.244626 ], [ -96.177525, 19.242318 ], [ -96.175176, 19.234303 ], [ -96.175107, 19.234014 ], [ -96.175105, 19.233551 ], [ -96.175142, 19.233259 ], [ -96.175542, 19.231319 ], [ -96.175855, 19.227552 ], [ -96.176044, 19.225459 ], [ -96.176033, 19.224677 ], [ -96.175984, 19.224402 ], [ -96.175872, 19.22398 ], [ -96.175758, 19.223693 ], [ -96.175544, 19.223296 ], [ -96.174544, 19.221571 ], [ -96.174351, 19.221314 ], [ -96.174125, 19.22103 ], [ -96.173937, 19.220826 ], [ -96.173688, 19.220581 ], [ -96.173505, 19.220427 ], [ -96.173211, 19.220218 ], [ -96.172288, 19.21966 ] ] } },
{ "type": "Feature", "properties": { "nombre": "Libramiento ferroviario de Veracruz", "tipo": "Libramiento / Vía Principal", "estado": "rail" }, "geometry": { "type": "LineString", "coordinates": [ [ -96.202988, 19.228362 ], [ -96.203226, 19.228205 ], [ -96.203554, 19.228055 ], [ -96.203892, 19.227937 ], [ -96.204187, 19.227882 ] ] } },
{ "type": "Feature", "properties": { "nombre": "Ferrosur / KCSM", "tipo": "Libramiento / Vía Principal", "estado": "rail" }, "geometry": { "type": "LineString", "coordinates": [ [ -96.202182, 19.230424 ], [ -96.202202, 19.230884 ], [ -96.202247, 19.231147 ], [ -96.203206, 19.234698 ], [ -96.203244, 19.234898 ], [ -96.203261, 19.235092 ], [ -96.203261, 19.235297 ], [ -96.203165, 19.242629 ], [ -96.203125, 19.243422 ], [ -96.203086, 19.243805 ], [ -96.202479, 19.248422 ], [ -96.202454, 19.248688 ], [ -96.202353, 19.249043 ], [ -96.20225, 19.249319 ], [ -96.202069, 19.249656 ], [ -96.2018, 19.249974 ], [ -96.201523, 19.250216 ], [ -96.201237, 19.250414 ], [ -96.200861, 19.250585 ], [ -96.200501, 19.250704 ], [ -96.200209, 19.250747 ], [ -96.193632, 19.250962 ], [ -96.193343, 19.250962 ], [ -96.19313, 19.250945 ], [ -96.192949, 19.250904 ], [ -96.19276, 19.250835 ], [ -96.192534, 19.250723 ], [ -96.191109, 19.249896 ] ] } },
{ "type": "Feature", "properties": { "nombre": "Ferrosur / KCSM", "tipo": "Libramiento / Vía Principal", "estado": "rail" }, "geometry": { "type": "LineString", "coordinates": [ [ -96.203223, 19.238741 ], [ -96.203418, 19.240454 ], [ -96.203427, 19.240689 ], [ -96.203402, 19.242629 ], [ -96.203388, 19.243183 ], [ -96.203368, 19.243439 ], [ -96.202957, 19.246422 ], [ -96.202713, 19.248449 ], [ -96.202648, 19.248889 ], [ -96.202585, 19.249123 ], [ -96.202468, 19.249395 ], [ -96.202312, 19.249685 ], [ -96.202174, 19.249889 ], [ -96.201831, 19.250282 ], [ -96.201564, 19.25049 ], [ -96.201283, 19.250661 ], [ -96.200965, 19.250803 ], [ -96.200696, 19.250897 ], [ -96.200446, 19.250952 ], [ -96.199507, 19.251005 ], [ -96.193524, 19.251198 ], [ -96.193328, 19.251187 ], [ -96.193145, 19.251154 ], [ -96.192918, 19.251082 ], [ -96.192689, 19.250982 ], [ -96.192415, 19.250817 ], [ -96.192015, 19.250502 ], [ -96.191723, 19.250294 ] ] } },
{ "type": "Feature", "properties": { "nombre": "Ferrosur / KCSM", "tipo": "Libramiento / Vía Principal", "estado": "rail" }, "geometry": { "type": "LineString", "coordinates": [ [ -96.20305, 19.245776 ], [ -96.203067, 19.245432 ], [ -96.203071, 19.244077 ], [ -96.203086, 19.243805 ] ] } },
{ "type": "Feature", "properties": { "nombre": "Ferrosur / KCSM", "tipo": "Libramiento / Vía Principal", "estado": "rail" }, "geometry": { "type": "LineString", "coordinates": [ [ -96.203072, 19.244292 ], [ -96.203092, 19.244033 ], [ -96.20317, 19.243425 ], [ -96.203188, 19.243181 ], [ -96.203256, 19.23907 ] ] } },
{ "type": "Feature", "properties": { "nombre": "Ferrosur / KCSM", "tipo": "Libramiento / Vía Principal", "estado": "rail" }, "geometry": { "type": "LineString", "coordinates": [ [ -96.203295, 19.239404 ], [ -96.203305, 19.239825 ], [ -96.203253, 19.242629 ], [ -96.203234, 19.243181 ], [ -96.203216, 19.243428 ], [ -96.203107, 19.244257 ], [ -96.203071, 19.244629 ] ] } },
{ "type": "Feature", "properties": { "nombre": "Ferrosur / KCSM", "tipo": "Libramiento / Vía Principal", "estado": "rail" }, "geometry": { "type": "LineString", "coordinates": [ [ -96.203069, 19.245096 ], [ -96.203278, 19.243433 ], [ -96.203292, 19.243182 ], [ -96.203318, 19.242629 ], [ -96.20336, 19.240157 ], [ -96.203348, 19.239842 ] ] } },
{ "type": "Feature", "properties": { "nombre": "Ferrosur / KCSM", "tipo": "Libramiento / Vía Principal", "estado": "rail" }, "geometry": { "type": "LineString", "coordinates": [ [ -96.203067, 19.245432 ], [ -96.203323, 19.243436 ], [ -96.20334, 19.243182 ], [ -96.203397, 19.240575 ], [ -96.203387, 19.240171 ] ] } },
{ "type": "Feature", "properties": { "nombre": "Ferrosur / KCSM", "tipo": "Libramiento / Vía Principal", "estado": "rail" }, "geometry": { "type": "LineString", "coordinates": [ [ -96.202999, 19.244452 ], [ -96.202957, 19.246422 ] ] } },
{ "type": "Feature", "properties": { "nombre": "Ferrosur / KCSM", "tipo": "Libramiento / Vía Principal", "estado": "rail" }, "geometry": { "type": "LineString", "coordinates": [ [ -96.197955, 19.250818 ], [ -96.198415, 19.250777 ], [ -96.198902, 19.250626 ], [ -96.199171, 19.250529 ], [ -96.199377, 19.250476 ], [ -96.199789, 19.250435 ] ] } },
{ "type": "Feature", "properties": { "nombre": "Ferrosur / KCSM", "tipo": "Libramiento / Vía Principal", "estado": "rail" }, "geometry": { "type": "LineString", "coordinates": [ [ -96.202989, 19.244787 ], [ -96.202482, 19.248779 ], [ -96.202392, 19.2491 ], [ -96.202229, 19.24947 ], [ -96.202099, 19.249686 ], [ -96.201853, 19.249986 ], [ -96.201571, 19.250246 ], [ -96.201227, 19.250466 ], [ -96.200947, 19.250601 ], [ -96.200705, 19.250684 ], [ -96.200436, 19.25076 ], [ -96.200209, 19.250795 ], [ -96.196033, 19.250927 ], [ -96.195408, 19.250963 ] ] } },
{ "type": "Feature", "properties": { "nombre": "Ferrosur / KCSM", "tipo": "Libramiento / Vía Principal", "estado": "rail" }, "geometry": { "type": "LineString", "coordinates": [ [ -96.19594, 19.250888 ], [ -96.194193, 19.251147 ], [ -96.19382, 19.251189 ] ] } },
{ "type": "Feature", "properties": { "nombre": "Ferrosur / KCSM", "tipo": "Libramiento / Vía Principal", "estado": "rail" }, "geometry": { "type": "LineString", "coordinates": [ [ -96.202985, 19.245115 ], [ -96.202515, 19.248857 ], [ -96.202425, 19.249167 ], [ -96.202322, 19.249393 ], [ -96.202137, 19.249708 ], [ -96.20192, 19.249978 ], [ -96.201674, 19.250206 ], [ -96.201374, 19.250428 ], [ -96.201157, 19.250546 ], [ -96.200851, 19.250682 ], [ -96.200514, 19.250791 ], [ -96.200243, 19.250829 ], [ -96.195063, 19.251015 ] ] } },
{ "type": "Feature", "properties": { "nombre": "Ferrosur / KCSM", "tipo": "Libramiento / Vía Principal", "estado": "rail" }, "geometry": { "type": "LineString", "coordinates": [ [ -96.202979, 19.245592 ], [ -96.202631, 19.24844 ], [ -96.202546, 19.24894 ], [ -96.202462, 19.249242 ], [ -96.202317, 19.249522 ], [ -96.202074, 19.249885 ], [ -96.201847, 19.250135 ], [ -96.201605, 19.250351 ], [ -96.201201, 19.250613 ], [ -96.200836, 19.250758 ], [ -96.200514, 19.250843 ], [ -96.199503, 19.250903 ], [ -96.194575, 19.251084 ] ] } },
{ "type": "Feature", "properties": { "nombre": "Ferrosur / KCSM", "tipo": "Libramiento / Vía Principal", "estado": "rail" }, "geometry": { "type": "LineString", "coordinates": [ [ -96.202974, 19.245926 ], [ -96.202614, 19.248893 ], [ -96.202542, 19.249113 ], [ -96.202336, 19.249579 ], [ -96.20216, 19.249863 ], [ -96.201899, 19.250159 ], [ -96.201643, 19.250373 ], [ -96.201378, 19.250555 ], [ -96.201073, 19.250712 ], [ -96.200722, 19.250841 ], [ -96.200447, 19.250907 ], [ -96.200084, 19.250956 ], [ -96.199505, 19.250958 ], [ -96.194625, 19.251118 ], [ -96.194193, 19.251147 ] ] } },
{ "type": "Feature", "properties": { "nombre": "Ferrosur / KCSM", "tipo": "Libramiento / Vía Principal", "estado": "rail" }, "geometry": { "type": "LineString", "coordinates": [ [ -96.194063, 19.251068 ], [ -96.193349, 19.251075 ], [ -96.193196, 19.251059 ], [ -96.193044, 19.251025 ], [ -96.192824, 19.250948 ], [ -96.192573, 19.250833 ], [ -96.192359, 19.250718 ], [ -96.192015, 19.250502 ] ] } },
{ "type": "Feature", "properties": { "nombre": "Ferrosur / KCSM", "tipo": "Libramiento / Vía Principal", "estado": "rail" }, "geometry": { "type": "LineString", "coordinates": [ [ -96.17883, 19.247109 ], [ -96.177957, 19.247161 ] ] } },
{ "type": "Feature", "properties": { "nombre": "Ferrosur / KCSM", "tipo": "Libramiento / Vía Principal", "estado": "rail" }, "geometry": { "type": "LineString", "coordinates": [ [ -96.171975, 19.246515 ], [ -96.17433, 19.246597 ], [ -96.174532, 19.246613 ], [ -96.174682, 19.24664 ], [ -96.175182, 19.24677 ] ] } },
{ "type": "Feature", "properties": { "nombre": "Ferrosur / KCSM", "tipo": "Libramiento / Vía Principal", "estado": "rail" }, "geometry": { "type": "LineString", "coordinates": [ [ -96.175692, 19.246835 ], [ -96.171991, 19.246697 ] ] } },
{ "type": "Feature", "properties": { "nombre": "Ferrosur / KCSM", "tipo": "Libramiento / Vía Principal", "estado": "rail" }, "geometry": { "type": "LineString", "coordinates": [ [ -96.171997, 19.246736 ], [ -96.176042, 19.246897 ] ] } },
{ "type": "Feature", "properties": { "nombre": "Ferrosur / KCSM", "tipo": "Libramiento / Vía Principal", "estado": "rail" }, "geometry": { "type": "LineString", "coordinates": [ [ -96.176387, 19.246945 ], [ -96.176004, 19.246921 ], [ -96.172004, 19.24678 ] ] } },
{ "type": "Feature", "properties": { "nombre": "Ferrosur / KCSM", "tipo": "Libramiento / Vía Principal", "estado": "rail" }, "geometry": { "type": "LineString", "coordinates": [ [ -96.17201, 19.24682 ], [ -96.175584, 19.246944 ], [ -96.176004, 19.246921 ] ] } },
{ "type": "Feature", "properties": { "nombre": "Ferrosur / KCSM", "tipo": "Libramiento / Vía Principal", "estado": "rail" }, "geometry": { "type": "LineString", "coordinates": [ [ -96.177047, 19.247095 ], [ -96.176699, 19.247074 ], [ -96.172023, 19.246902 ] ] } },
{ "type": "Feature", "properties": { "nombre": "Ferrosur / KCSM", "tipo": "Libramiento / Vía Principal", "estado": "rail" }, "geometry": { "type": "LineString", "coordinates": [ [ -96.172029, 19.246943 ], [ -96.177394, 19.247137 ] ] } },
{ "type": "Feature", "properties": { "nombre": "Libramiento ferroviario de Veracruz", "tipo": "Libramiento / Vía Principal", "estado": "rail" }, "geometry": { "type": "LineString", "coordinates": [ [ -96.177767, 19.243112 ], [ -96.177551, 19.242534 ] ] } },
{ "type": "Feature", "properties": { "nombre": "Ferrosur / KCSM", "tipo": "Libramiento / Vía Principal", "estado": "rail" }, "geometry": { "type": "LineString", "coordinates": [ [ -96.173744, 19.23344 ], [ -96.174325, 19.236459 ], [ -96.174402, 19.236666 ] ] } },
{ "type": "Feature", "properties": { "nombre": "Ferrosur / KCSM", "tipo": "Libramiento / Vía Principal", "estado": "rail" }, "geometry": { "type": "LineString", "coordinates": [ [ -96.173776, 19.233436 ], [ -96.174402, 19.236666 ], [ -96.174508, 19.237138 ], [ -96.174555, 19.237298 ], [ -96.174613, 19.237431 ], [ -96.174872, 19.237758 ], [ -96.175069, 19.237945 ] ] } },
{ "type": "Feature", "properties": { "nombre": "Ferrosur / KCSM", "tipo": "Libramiento / Vía Principal", "estado": "rail" }, "geometry": { "type": "LineString", "coordinates": [ [ -96.17452, 19.236753 ], [ -96.174409, 19.236457 ], [ -96.174355, 19.236218 ], [ -96.173817, 19.233442 ] ] } },
{ "type": "Feature", "properties": { "nombre": "Ferrosur / KCSM", "tipo": "Libramiento / Vía Principal", "estado": "rail" }, "geometry": { "type": "LineString", "coordinates": [ [ -96.173879, 19.233434 ], [ -96.174596, 19.237158 ], [ -96.174641, 19.23732 ], [ -96.174676, 19.237401 ], [ -96.174716, 19.237482 ], [ -96.17489, 19.237725 ], [ -96.175214, 19.238122 ], [ -96.175559, 19.238515 ], [ -96.175993, 19.238866 ], [ -96.176359, 19.239188 ], [ -96.176501, 19.239397 ], [ -96.176628, 19.239648 ], [ -96.176793, 19.240052 ] ] } },
{ "type": "Feature", "properties": { "nombre": "Ferrosur / KCSM", "tipo": "Libramiento / Vía Principal", "estado": "rail" }, "geometry": { "type": "LineString", "coordinates": [ [ -96.175804, 19.227681 ], [ -96.175776, 19.226811 ], [ -96.175745, 19.22663 ], [ -96.175666, 19.226452 ], [ -96.175518, 19.226223 ], [ -96.175337, 19.22605 ], [ -96.175156, 19.225925 ], [ -96.174949, 19.225855 ], [ -96.174714, 19.225799 ], [ -96.174319, 19.225787 ], [ -96.173783, 19.225821 ], [ -96.173505, 19.225864 ], [ -96.170202, 19.226601 ], [ -96.169645, 19.226709 ], [ -96.168597, 19.226877 ] ] } },
{ "type": "Feature", "properties": { "nombre": "Ferrosur / KCSM", "tipo": "Libramiento / Vía Principal", "estado": "rail" }, "geometry": { "type": "LineString", "coordinates": [ [ -96.169645, 19.226709 ], [ -96.169237, 19.226745 ], [ -96.168965, 19.226753 ], [ -96.168648, 19.226744 ], [ -96.168468, 19.226691 ], [ -96.168287, 19.226612 ], [ -96.168054, 19.226433 ], [ -96.167931, 19.226243 ], [ -96.167804, 19.225905 ], [ -96.167714, 19.225445 ], [ -96.167691, 19.225274 ], [ -96.167722, 19.225079 ], [ -96.167782, 19.224864 ], [ -96.167909, 19.224684 ], [ -96.168014, 19.224558 ], [ -96.168162, 19.224418 ], [ -96.168321, 19.224313 ], [ -96.168462, 19.224268 ], [ -96.169267, 19.224145 ], [ -96.169467, 19.224141 ], [ -96.169681, 19.224175 ], [ -96.169861, 19.224258 ], [ -96.17004, 19.224394 ], [ -96.170175, 19.224526 ], [ -96.170303, 19.224736 ], [ -96.170383, 19.225028 ], [ -96.170456, 19.225411 ], [ -96.170492, 19.225673 ], [ -96.170451, 19.225926 ], [ -96.170366, 19.226128 ], [ -96.17026, 19.226278 ], [ -96.170134, 19.226382 ], [ -96.169956, 19.226481 ], [ -96.169565, 19.226637 ], [ -96.168965, 19.226753 ] ] } },
{ "type": "Feature", "properties": { "nombre": "Ferrosur / KCSM", "tipo": "Libramiento / Vía Principal", "estado": "rail" }, "geometry": { "type": "LineString", "coordinates": [ [ -96.169237, 19.226745 ], [ -96.168705, 19.226791 ], [ -96.16852, 19.226754 ], [ -96.168374, 19.226702 ], [ -96.168192, 19.226592 ], [ -96.168042, 19.22645 ], [ -96.167926, 19.226286 ], [ -96.167817, 19.226045 ], [ -96.167756, 19.225839 ], [ -96.167662, 19.22535 ], [ -96.167658, 19.225206 ], [ -96.167673, 19.225069 ], [ -96.167735, 19.224819 ], [ -96.167795, 19.224676 ], [ -96.167909, 19.224524 ], [ -96.168042, 19.22441 ], [ -96.168179, 19.224319 ], [ -96.168355, 19.224256 ], [ -96.169357, 19.224092 ], [ -96.169503, 19.224082 ], [ -96.169679, 19.224108 ], [ -96.169816, 19.224163 ], [ -96.169984, 19.224252 ], [ -96.170117, 19.224366 ], [ -96.170235, 19.224512 ], [ -96.170327, 19.224649 ], [ -96.170396, 19.224878 ], [ -96.170533, 19.225748 ], [ -96.170514, 19.22592 ], [ -96.170454, 19.22613 ], [ -96.170353, 19.226303 ], [ -96.170207, 19.226465 ], [ -96.170044, 19.226572 ], [ -96.169779, 19.226683 ] ] } },
{ "type": "Feature", "properties": { "nombre": "Ferrosur / KCSM", "tipo": "Libramiento / Vía Principal", "estado": "rail" }, "geometry": { "type": "LineString", "coordinates": [ [ -96.167714, 19.225445 ], [ -96.167735, 19.225233 ], [ -96.167879, 19.224826 ], [ -96.167977, 19.224676 ], [ -96.168117, 19.22452 ], [ -96.168254, 19.224424 ], [ -96.168413, 19.224348 ], [ -96.168542, 19.224309 ], [ -96.169291, 19.224177 ], [ -96.169518, 19.224189 ], [ -96.169713, 19.224254 ], [ -96.169879, 19.224349 ], [ -96.170037, 19.224465 ], [ -96.170183, 19.224619 ], [ -96.170263, 19.224736 ], [ -96.170409, 19.225168 ] ] } },
{ "type": "Feature", "properties": { "nombre": "Ferrosur / KCSM", "tipo": "Libramiento / Vía Principal", "estado": "rail" }, "geometry": { "type": "LineString", "coordinates": [ [ -96.17218, 19.226155 ], [ -96.171873, 19.226259 ], [ -96.171691, 19.226351 ], [ -96.171484, 19.22643 ], [ -96.171332, 19.226465 ], [ -96.169673, 19.226772 ], [ -96.169218, 19.226836 ], [ -96.168089, 19.227037 ] ] } },
{ "type": "Feature", "properties": { "nombre": "Ferrosur / KCSM", "tipo": "Libramiento / Vía Principal", "estado": "rail" }, "geometry": { "type": "LineString", "coordinates": [ [ -96.169218, 19.226836 ], [ -96.168938, 19.226903 ], [ -96.168752, 19.226972 ], [ -96.16856, 19.227086 ], [ -96.168432, 19.227204 ], [ -96.168325, 19.227348 ], [ -96.168235, 19.227539 ], [ -96.168193, 19.227738 ], [ -96.168194, 19.227942 ], [ -96.168354, 19.228738 ], [ -96.168419, 19.228899 ], [ -96.168531, 19.229073 ], [ -96.1687, 19.229237 ], [ -96.168795, 19.2293 ], [ -96.168931, 19.22937 ], [ -96.16908, 19.229422 ], [ -96.1692, 19.229447 ], [ -96.169324, 19.229459 ], [ -96.169453, 19.229456 ], [ -96.170229, 19.229323 ], [ -96.170462, 19.229245 ], [ -96.170603, 19.229169 ], [ -96.170787, 19.22902 ], [ -96.170929, 19.22883 ], [ -96.170995, 19.228681 ], [ -96.171019, 19.2286 ], [ -96.171044, 19.228426 ], [ -96.171039, 19.228234 ], [ -96.171024, 19.228132 ], [ -96.170902, 19.227505 ], [ -96.170841, 19.227331 ], [ -96.17071, 19.227112 ], [ -96.170539, 19.226944 ], [ -96.170405, 19.226861 ], [ -96.170258, 19.226801 ], [ -96.170018, 19.226754 ], [ -96.169849, 19.226752 ], [ -96.169673, 19.226772 ] ] } },
{ "type": "Feature", "properties": { "nombre": "Ferrosur / KCSM", "tipo": "Libramiento / Vía Principal", "estado": "rail" }, "geometry": { "type": "LineString", "coordinates": [ [ -96.169581, 19.229389 ], [ -96.170241, 19.229271 ], [ -96.170421, 19.229212 ], [ -96.170576, 19.229133 ], [ -96.170705, 19.229035 ], [ -96.170809, 19.228921 ], [ -96.17089, 19.228794 ], [ -96.170967, 19.228585 ], [ -96.170991, 19.228438 ], [ -96.170988, 19.228212 ], [ -96.170859, 19.227539 ], [ -96.170779, 19.227328 ], [ -96.170655, 19.227141 ], [ -96.170491, 19.226987 ], [ -96.170288, 19.226873 ], [ -96.170134, 19.226824 ], [ -96.169875, 19.226796 ], [ -96.169685, 19.226812 ], [ -96.169043, 19.226917 ], [ -96.168804, 19.226996 ], [ -96.168606, 19.227114 ], [ -96.168455, 19.227262 ], [ -96.168329, 19.227466 ], [ -96.168266, 19.227649 ], [ -96.168243, 19.227818 ], [ -96.168248, 19.227958 ], [ -96.168382, 19.228641 ], [ -96.168448, 19.228842 ], [ -96.168549, 19.229013 ], [ -96.168649, 19.229127 ], [ -96.168762, 19.22922 ], [ -96.168886, 19.229294 ], [ -96.169022, 19.229352 ], [ -96.169169, 19.229392 ], [ -96.169286, 19.229408 ], [ -96.169407, 19.22941 ], [ -96.169581, 19.229389 ] ] } },
{ "type": "Feature", "properties": { "nombre": "Ferrosur / KCSM", "tipo": "Libramiento / Vía Principal", "estado": "rail" }, "geometry": { "type": "LineString", "coordinates": [ [ -96.169095, 19.226956 ], [ -96.168974, 19.226984 ], [ -96.168827, 19.227039 ], [ -96.168697, 19.227111 ], [ -96.168586, 19.227196 ], [ -96.168496, 19.227291 ], [ -96.168424, 19.227396 ], [ -96.168361, 19.227518 ], [ -96.168315, 19.227659 ], [ -96.168294, 19.22782 ], [ -96.168299, 19.227953 ], [ -96.168432, 19.228631 ], [ -96.168495, 19.228822 ], [ -96.16859, 19.228985 ], [ -96.168738, 19.22914 ], [ -96.16891, 19.229252 ], [ -96.169109, 19.229329 ], [ -96.169328, 19.229363 ], [ -96.169522, 19.229349 ], [ -96.170204, 19.229227 ], [ -96.170414, 19.229154 ], [ -96.170603, 19.229042 ], [ -96.17076, 19.228892 ], [ -96.170843, 19.228772 ], [ -96.170925, 19.228563 ], [ -96.170948, 19.228407 ], [ -96.170942, 19.228237 ], [ -96.17081, 19.227546 ], [ -96.170759, 19.227407 ], [ -96.170686, 19.227279 ], [ -96.170594, 19.227164 ], [ -96.170425, 19.22702 ], [ -96.170295, 19.226945 ], [ -96.170081, 19.226869 ], [ -96.16993, 19.226845 ], [ -96.169774, 19.226843 ], [ -96.169095, 19.226956 ] ] } },
{ "type": "Feature", "properties": { "nombre": "Ferrosur / KCSM", "tipo": "Libramiento / Vía Principal", "estado": "rail" }, "geometry": { "type": "LineString", "coordinates": [ [ -96.170977, 19.228137 ], [ -96.170827, 19.227619 ] ] } },
{ "type": "Feature", "properties": { "nombre": "Ferrosur / KCSM", "tipo": "Libramiento / Vía Principal", "estado": "rail" }, "geometry": { "type": "LineString", "coordinates": [ [ -96.171024, 19.228132 ], [ -96.170876, 19.227614 ] ] } },
{ "type": "Feature", "properties": { "nombre": "Ferrosur / KCSM", "tipo": "Libramiento / Vía Principal", "estado": "rail" }, "geometry": { "type": "LineString", "coordinates": [ [ -96.169581, 19.229389 ], [ -96.170131, 19.229243 ] ] } },
{ "type": "Feature", "properties": { "nombre": "Ferrosur / KCSM", "tipo": "Libramiento / Vía Principal", "estado": "rail" }, "geometry": { "type": "LineString", "coordinates": [ [ -96.16959, 19.229438 ], [ -96.170141, 19.229291 ] ] } },
{ "type": "Feature", "properties": { "nombre": "Libramiento ferroviario de Veracruz", "tipo": "Libramiento / Vía Principal", "estado": "rail" }, "geometry": { "type": "LineString", "coordinates": [ [ -96.172087, 19.219548 ], [ -96.171589, 19.21926 ], [ -96.171046, 19.218974 ], [ -96.170265, 19.2185 ], [ -96.16987, 19.218222 ], [ -96.167682, 19.216561 ], [ -96.166986, 19.216095 ], [ -96.166639, 19.2159 ], [ -96.16606, 19.215614 ], [ -96.165504, 19.215377 ], [ -96.165261, 19.215298 ], [ -96.164907, 19.215225 ], [ -96.164422, 19.215193 ], [ -96.164122, 19.215217 ], [ -96.163748, 19.21527 ], [ -96.163446, 19.215361 ], [ -96.163163, 19.215464 ], [ -96.162356, 19.215829 ], [ -96.162141, 19.215884 ], [ -96.161875, 19.215914 ], [ -96.161706, 19.215918 ], [ -96.161558, 19.215904 ], [ -96.16135, 19.21585 ], [ -96.161137, 19.21575 ], [ -96.160487, 19.21527 ] ] } },
{ "type": "Feature", "properties": { "nombre": "Libramiento ferroviario de Veracruz", "tipo": "Libramiento / Vía Principal", "estado": "rail" }, "geometry": { "type": "LineString", "coordinates": [ [ -96.172288, 19.21966 ], [ -96.172087, 19.219548 ] ] } },
{ "type": "Feature", "properties": { "nombre": "Libramiento ferroviario de Veracruz", "tipo": "Libramiento / Vía Principal", "estado": "rail" }, "geometry": { "type": "LineString", "coordinates": [ [ -96.160272, 19.215175 ], [ -96.160107, 19.215132 ], [ -96.15977, 19.215098 ], [ -96.158948, 19.21512 ], [ -96.158468, 19.215088 ], [ -96.157678, 19.214838 ], [ -96.157079, 19.21468 ], [ -96.156678, 19.214628 ], [ -96.156502, 19.21463 ], [ -96.156316, 19.214646 ], [ -96.156144, 19.21469 ], [ -96.155919, 19.214759 ], [ -96.155755, 19.214845 ], [ -96.15555, 19.214978 ], [ -96.154869, 19.215522 ], [ -96.154693, 19.215613 ], [ -96.154389, 19.215733 ], [ -96.153968, 19.215791 ], [ -96.152345, 19.215808 ], [ -96.152115, 19.215784 ], [ -96.151324, 19.215637 ], [ -96.151013, 19.215608 ], [ -96.144619, 19.21571 ], [ -96.144243, 19.215726 ], [ -96.143757, 19.215781 ] ] } },
{ "type": "Feature", "properties": { "nombre": "Libramiento ferroviario de Veracruz", "tipo": "Libramiento / Vía Principal", "estado": "rail" }, "geometry": { "type": "LineString", "coordinates": [ [ -96.160487, 19.21527 ], [ -96.160272, 19.215175 ] ] } },
{ "type": "Feature", "properties": { "nombre": "Libramiento ferroviario de Veracruz", "tipo": "Libramiento / Vía Principal", "estado": "rail" }, "geometry": { "type": "LineString", "coordinates": [ [ -96.144243, 19.215726 ], [ -96.144722, 19.215663 ], [ -96.14487, 19.215657 ], [ -96.150465, 19.215569 ], [ -96.151013, 19.215608 ] ] } },
{ "type": "Feature", "properties": { "nombre": "Ferrosur / KCSM", "tipo": "Libramiento / Vía Principal", "estado": "rail" }, "geometry": { "type": "LineString", "coordinates": [ [ -96.142155, 19.215391 ], [ -96.141811, 19.215173 ], [ -96.141557, 19.214991 ], [ -96.141374, 19.214884 ], [ -96.141241, 19.214832 ], [ -96.141079, 19.214781 ], [ -96.140822, 19.214761 ], [ -96.140158, 19.214751 ] ] } },
{ "type": "Feature", "properties": { "nombre": "Ferrosur / KCSM", "tipo": "Libramiento / Vía Principal", "estado": "rail" }, "geometry": { "type": "LineString", "coordinates": [ [ -96.141871, 19.215081 ], [ -96.141564, 19.214693 ], [ -96.141304, 19.214442 ], [ -96.141118, 19.214332 ], [ -96.140685, 19.214127 ], [ -96.140452, 19.214035 ], [ -96.140212, 19.213986 ], [ -96.139844, 19.213948 ], [ -96.139397, 19.213987 ], [ -96.139213, 19.214028 ], [ -96.138886, 19.21416 ], [ -96.138498, 19.214338 ], [ -96.137783, 19.214479 ] ] } },
{ "type": "Feature", "properties": { "nombre": "Ferrosur / KCSM", "tipo": "Libramiento / Vía Principal", "estado": "rail" }, "geometry": { "type": "LineString", "coordinates": [ [ -96.140055, 19.213305 ], [ -96.13974, 19.213786 ], [ -96.139615, 19.213923 ], [ -96.139413, 19.214088 ], [ -96.13916, 19.214238 ], [ -96.138613, 19.214442 ], [ -96.138188, 19.21456 ], [ -96.135368, 19.215083 ], [ -96.135304, 19.215111 ], [ -96.135017, 19.215153 ], [ -96.134811, 19.215147 ], [ -96.134607, 19.215125 ], [ -96.13418, 19.215013 ] ] } },
{ "type": "Feature", "properties": { "nombre": "Ferrosur / KCSM", "tipo": "Libramiento / Vía Principal", "estado": "rail" }, "geometry": { "type": "LineString", "coordinates": [ [ -96.135368, 19.215083 ], [ -96.136067, 19.214883 ], [ -96.138715, 19.214362 ], [ -96.13916, 19.214238 ] ] } },
{ "type": "Feature", "properties": { "nombre": "Ferrosur / KCSM", "tipo": "Libramiento / Vía Principal", "estado": "rail" }, "geometry": { "type": "LineString", "coordinates": [ [ -96.13856, 19.214457 ], [ -96.135699, 19.214989 ] ] } },
{ "type": "Feature", "properties": { "nombre": "Ferrosur / KCSM", "tipo": "Libramiento / Vía Principal", "estado": "rail" }, "geometry": { "type": "LineString", "coordinates": [ [ -96.138312, 19.214308 ], [ -96.138009, 19.214386 ], [ -96.135693, 19.214856 ] ] } },
{ "type": "Feature", "properties": { "nombre": "Ferrosur / KCSM", "tipo": "Libramiento / Vía Principal", "estado": "rail" }, "geometry": { "type": "LineString", "coordinates": [ [ -96.136244, 19.214796 ], [ -96.135693, 19.214856 ], [ -96.135234, 19.214948 ], [ -96.135057, 19.214966 ], [ -96.134659, 19.214942 ], [ -96.131848, 19.214444 ], [ -96.130575, 19.214237 ] ] } },
{ "type": "Feature", "properties": { "nombre": "Ferrosur / KCSM", "tipo": "Libramiento / Vía Principal", "estado": "rail" }, "geometry": { "type": "LineString", "coordinates": [ [ -96.135257, 19.214993 ], [ -96.134864, 19.215016 ], [ -96.131332, 19.214418 ] ] } },
{ "type": "Feature", "properties": { "nombre": "Ferrosur / KCSM", "tipo": "Libramiento / Vía Principal", "estado": "rail" }, "geometry": { "type": "LineString", "coordinates": [ [ -96.130355, 19.214129 ], [ -96.134671, 19.214886 ], [ -96.134927, 19.214908 ], [ -96.135152, 19.21491 ], [ -96.13533, 19.214892 ], [ -96.138287, 19.214281 ], [ -96.138608, 19.214199 ] ] } },
{ "type": "Feature", "properties": { "nombre": "Ferrosur / KCSM", "tipo": "Libramiento / Vía Principal", "estado": "rail" }, "geometry": { "type": "LineString", "coordinates": [ [ -96.132406, 19.21449 ], [ -96.131848, 19.214444 ] ] } },
{ "type": "Feature", "properties": { "nombre": "Ferrosur / KCSM", "tipo": "Libramiento / Vía Principal", "estado": "rail" }, "geometry": { "type": "LineString", "coordinates": [ [ -96.135057, 19.214966 ], [ -96.134637, 19.214879 ] ] } },
{ "type": "Feature", "properties": { "nombre": "Ferrosur / KCSM", "tipo": "Libramiento / Vía Principal", "estado": "rail" }, "geometry": { "type": "LineString", "coordinates": [ [ -96.13448, 19.21485 ], [ -96.133951, 19.214714 ] ] } },
{ "type": "Feature", "properties": { "nombre": "Ferrosur / KCSM", "tipo": "Libramiento / Vía Principal", "estado": "rail" }, "geometry": { "type": "LineString", "coordinates": [ [ -96.139148, 19.213997 ], [ -96.138666, 19.214115 ], [ -96.135553, 19.214762 ], [ -96.13525, 19.214815 ], [ -96.135108, 19.214827 ], [ -96.13492, 19.214827 ], [ -96.134738, 19.214808 ] ] } },
{ "type": "Feature", "properties": { "nombre": "Ferrosur / KCSM", "tipo": "Libramiento / Vía Principal", "estado": "rail" }, "geometry": { "type": "LineString", "coordinates": [ [ -96.134899, 19.214789 ], [ -96.135129, 19.214801 ], [ -96.135324, 19.214778 ], [ -96.136349, 19.214541 ], [ -96.138084, 19.214199 ], [ -96.138811, 19.214029 ], [ -96.139343, 19.213818 ], [ -96.13953, 19.213721 ], [ -96.139684, 19.213615 ], [ -96.139987, 19.213328 ], [ -96.140272, 19.212951 ] ] } },
{ "type": "Feature", "properties": { "nombre": "Ferrosur / KCSM", "tipo": "Libramiento / Vía Principal", "estado": "rail" }, "geometry": { "type": "LineString", "coordinates": [ [ -96.136349, 19.214541 ], [ -96.135949, 19.214682 ] ] } },
{ "type": "Feature", "properties": { "nombre": "Ferrosur / KCSM", "tipo": "Libramiento / Vía Principal", "estado": "rail" }, "geometry": { "type": "LineString", "coordinates": [ [ -96.138519, 19.214089 ], [ -96.137961, 19.214255 ] ] } },
{ "type": "Feature", "properties": { "nombre": "Ferrosur / KCSM", "tipo": "Libramiento / Vía Principal", "estado": "rail" }, "geometry": { "type": "LineString", "coordinates": [ [ -96.140553, 19.212183 ], [ -96.140217, 19.212732 ], [ -96.140047, 19.213115 ], [ -96.139946, 19.213301 ], [ -96.139756, 19.213545 ] ] } },
{ "type": "Feature", "properties": { "nombre": "Ferrosur / KCSM", "tipo": "Libramiento / Vía Principal", "estado": "rail" }, "geometry": { "type": "LineString", "coordinates": [ [ -96.140217, 19.212732 ], [ -96.139985, 19.213151 ], [ -96.13982, 19.213352 ], [ -96.139676, 19.213488 ], [ -96.139384, 19.21365 ], [ -96.138936, 19.213822 ], [ -96.138513, 19.213942 ] ] } },
{ "type": "Feature", "properties": { "nombre": "Ferrosur / KCSM", "tipo": "Libramiento / Vía Principal", "estado": "rail" }, "geometry": { "type": "LineString", "coordinates": [ [ -96.138986, 19.213803 ], [ -96.138532, 19.213879 ] ] } },
{ "type": "Feature", "properties": { "nombre": "Ferrosur / KCSM", "tipo": "Libramiento / Vía Principal", "estado": "rail" }, "geometry": { "type": "LineString", "coordinates": [ [ -96.139384, 19.21365 ], [ -96.139045, 19.213733 ], [ -96.138665, 19.213755 ], [ -96.137773, 19.21389 ] ] } },
{ "type": "Feature", "properties": { "nombre": "Ferrosur / KCSM", "tipo": "Libramiento / Vía Principal", "estado": "rail" }, "geometry": { "type": "LineString", "coordinates": [ [ -96.129942, 19.214104 ], [ -96.124916, 19.213342 ] ] } },
{ "type": "Feature", "properties": { "nombre": "Ferrosur / KCSM", "tipo": "Libramiento / Vía Principal", "estado": "rail" }, "geometry": { "type": "LineString", "coordinates": [ [ -96.124922, 19.213369 ], [ -96.129104, 19.214027 ], [ -96.129501, 19.21408 ], [ -96.129848, 19.21409 ] ] } },
{ "type": "Feature", "properties": { "nombre": "Ferrosur / KCSM", "tipo": "Libramiento / Vía Principal", "estado": "rail" }, "geometry": { "type": "LineString", "coordinates": [ [ -96.140001, 19.212588 ], [ -96.141022, 19.21092 ], [ -96.141195, 19.210669 ] ] } },
{ "type": "Feature", "properties": { "nombre": "Ferrosur / KCSM", "tipo": "Libramiento / Vía Principal", "estado": "rail" }, "geometry": { "type": "LineString", "coordinates": [ [ -96.144016, 19.211735 ], [ -96.144111, 19.211866 ], [ -96.144337, 19.21213 ], [ -96.144471, 19.212255 ], [ -96.14462, 19.212342 ], [ -96.144922, 19.212433 ], [ -96.145073, 19.212439 ], [ -96.147439, 19.212215 ], [ -96.147736, 19.212202 ], [ -96.148184, 19.212214 ], [ -96.148927, 19.212307 ], [ -96.149497, 19.212439 ], [ -96.150833, 19.21286 ] ] } },
{ "type": "Feature", "properties": { "nombre": "Ferrosur / KCSM", "tipo": "Libramiento / Vía Principal", "estado": "rail" }, "geometry": { "type": "LineString", "coordinates": [ [ -96.150659, 19.212808 ], [ -96.151073, 19.212878 ], [ -96.151924, 19.213152 ] ] } },
{ "type": "Feature", "properties": { "nombre": "Ferrosur / KCSM", "tipo": "Libramiento / Vía Principal", "estado": "rail" }, "geometry": { "type": "LineString", "coordinates": [ [ -96.152022, 19.213149 ], [ -96.150802, 19.212744 ] ] } },
{ "type": "Feature", "properties": { "nombre": "Ferrosur / KCSM", "tipo": "Libramiento / Vía Principal", "estado": "rail" }, "geometry": { "type": "LineString", "coordinates": [ [ -96.152044, 19.213113 ], [ -96.150842, 19.212709 ] ] } },
{ "type": "Feature", "properties": { "nombre": "Ferrosur / KCSM", "tipo": "Libramiento / Vía Principal", "estado": "rail" }, "geometry": { "type": "LineString", "coordinates": [ [ -96.151073, 19.212878 ], [ -96.151331, 19.212919 ] ] } },
{ "type": "Feature", "properties": { "nombre": "Ferrosur / KCSM", "tipo": "Libramiento / Vía Principal", "estado": "rail" }, "geometry": { "type": "LineString", "coordinates": [ [ -96.151471, 19.212966 ], [ -96.151724, 19.213006 ] ] } },
{ "type": "Feature", "properties": { "nombre": "Ferrosur / KCSM", "tipo": "Libramiento / Vía Principal", "estado": "rail" }, "geometry": { "type": "LineString", "coordinates": [ [ -96.150526, 19.212662 ], [ -96.149314, 19.212287 ], [ -96.148859, 19.21219 ], [ -96.148532, 19.212137 ], [ -96.148227, 19.212111 ], [ -96.147893, 19.212098 ], [ -96.147469, 19.212108 ], [ -96.145813, 19.212255 ], [ -96.145538, 19.212317 ] ] } },
{ "type": "Feature", "properties": { "nombre": "Ferrosur / KCSM", "tipo": "Libramiento / Vía Principal", "estado": "rail" }, "geometry": { "type": "LineString", "coordinates": [ [ -96.147184, 19.212179 ], [ -96.146904, 19.212152 ] ] } },
{ "type": "Feature", "properties": { "nombre": "Ferrosur / KCSM", "tipo": "Libramiento / Vía Principal", "estado": "rail" }, "geometry": { "type": "LineString", "coordinates": [ [ -96.143102, 19.211059 ], [ -96.143418, 19.211159 ], [ -96.143569, 19.211188 ], [ -96.14383, 19.211188 ], [ -96.143999, 19.211161 ], [ -96.146835, 19.210482 ], [ -96.14752, 19.21034 ], [ -96.14796, 19.210184 ], [ -96.148107, 19.210154 ], [ -96.148501, 19.210125 ], [ -96.148795, 19.210129 ], [ -96.149227, 19.21016 ], [ -96.149539, 19.210219 ], [ -96.149868, 19.21034 ], [ -96.153016, 19.211395 ], [ -96.153858, 19.211696 ], [ -96.155105, 19.212093 ], [ -96.155374, 19.212216 ] ] } },
{ "type": "Feature", "properties": { "nombre": "Ferrosur / KCSM", "tipo": "Libramiento / Vía Principal", "estado": "rail" }, "geometry": { "type": "LineString", "coordinates": [ [ -96.153137, 19.211439 ], [ -96.153448, 19.211601 ], [ -96.155374, 19.212216 ], [ -96.156725, 19.212675 ], [ -96.159954, 19.213743 ] ] } },
{ "type": "Feature", "properties": { "nombre": "Ferrosur / KCSM", "tipo": "Libramiento / Vía Principal", "estado": "rail" }, "geometry": { "type": "LineString", "coordinates": [ [ -96.159947, 19.21379 ], [ -96.155417, 19.212279 ], [ -96.155201, 19.212202 ], [ -96.15493, 19.212074 ] ] } },
{ "type": "Feature", "properties": { "nombre": "Ferrosur / KCSM", "tipo": "Libramiento / Vía Principal", "estado": "rail" }, "geometry": { "type": "LineString", "coordinates": [ [ -96.155698, 19.212375 ], [ -96.155933, 19.212506 ], [ -96.159942, 19.213835 ] ] } },
{ "type": "Feature", "properties": { "nombre": "Ferrosur / KCSM", "tipo": "Libramiento / Vía Principal", "estado": "rail" }, "geometry": { "type": "LineString", "coordinates": [ [ -96.159924, 19.213874 ], [ -96.156249, 19.21266 ], [ -96.155933, 19.212506 ] ] } },
{ "type": "Feature", "properties": { "nombre": "Ferrosur / KCSM", "tipo": "Libramiento / Vía Principal", "estado": "rail" }, "geometry": { "type": "LineString", "coordinates": [ [ -96.156249, 19.21266 ], [ -96.156431, 19.212756 ], [ -96.158373, 19.213416 ] ] } },
{ "type": "Feature", "properties": { "nombre": "Ferrosur / KCSM", "tipo": "Libramiento / Vía Principal", "estado": "rail" }, "geometry": { "type": "LineString", "coordinates": [ [ -96.152601, 19.211258 ], [ -96.152755, 19.211272 ], [ -96.153729, 19.211611 ], [ -96.155467, 19.212162 ] ] } },
{ "type": "Feature", "properties": { "nombre": "Ferrosur / KCSM", "tipo": "Libramiento / Vía Principal", "estado": "rail" }, "geometry": { "type": "LineString", "coordinates": [ [ -96.153745, 19.211616 ], [ -96.153987, 19.211637 ], [ -96.154195, 19.211625 ], [ -96.154362, 19.211572 ], [ -96.154561, 19.211483 ], [ -96.15473, 19.211354 ], [ -96.154837, 19.211241 ], [ -96.154933, 19.211102 ], [ -96.155463, 19.210111 ] ] } },
{ "type": "Feature", "properties": { "nombre": "Ferrosur / KCSM", "tipo": "Libramiento / Vía Principal", "estado": "rail" }, "geometry": { "type": "LineString", "coordinates": [ [ -96.142501, 19.209334 ], [ -96.142235, 19.209685 ], [ -96.141882, 19.21023 ], [ -96.140543, 19.212423 ] ] } },
{ "type": "Feature", "properties": { "nombre": "Ferrosur / KCSM", "tipo": "Libramiento / Vía Principal", "estado": "rail" }, "geometry": { "type": "LineString", "coordinates": [ [ -96.140645, 19.212184 ], [ -96.141723, 19.210443 ], [ -96.141882, 19.21023 ] ] } },
{ "type": "Feature", "properties": { "nombre": "Ferrosur / KCSM", "tipo": "Libramiento / Vía Principal", "estado": "rail" }, "geometry": { "type": "LineString", "coordinates": [ [ -96.142299, 19.209601 ], [ -96.141849, 19.21016 ], [ -96.140738, 19.211966 ] ] } },
{ "type": "Feature", "properties": { "nombre": "Ferrosur / KCSM", "tipo": "Libramiento / Vía Principal", "estado": "rail" }, "geometry": { "type": "LineString", "coordinates": [ [ -96.14129, 19.211071 ], [ -96.141436, 19.210749 ] ] } },
{ "type": "Feature", "properties": { "nombre": "Ferrosur / KCSM", "tipo": "Libramiento / Vía Principal", "estado": "rail" }, "geometry": { "type": "LineString", "coordinates": [ [ -96.140898, 19.211622 ], [ -96.140553, 19.212183 ] ] } },
{ "type": "Feature", "properties": { "nombre": "Ferrosur / KCSM", "tipo": "Libramiento / Vía Principal", "estado": "rail" }, "geometry": { "type": "LineString", "coordinates": [ [ -96.140898, 19.211622 ], [ -96.140817, 19.211775 ], [ -96.140543, 19.212423 ], [ -96.14033, 19.212855 ] ] } },
{ "type": "Feature", "properties": { "nombre": "Ferrosur / KCSM", "tipo": "Libramiento / Vía Principal", "estado": "rail" }, "geometry": { "type": "LineString", "coordinates": [ [ -96.140777, 19.208066 ], [ -96.140117, 19.20841 ], [ -96.139631, 19.208768 ], [ -96.137475, 19.210039 ] ] } },
{ "type": "Feature", "properties": { "nombre": "Ferrosur / KCSM", "tipo": "Libramiento / Vía Principal", "estado": "rail" }, "geometry": { "type": "LineString", "coordinates": [ [ -96.141529, 19.207383 ], [ -96.14142, 19.207562 ], [ -96.141269, 19.207769 ], [ -96.141158, 19.207897 ], [ -96.140982, 19.208048 ], [ -96.137648, 19.210041 ] ] } },
{ "type": "Feature", "properties": { "nombre": "Ferrosur / KCSM", "tipo": "Libramiento / Vía Principal", "estado": "rail" }, "geometry": { "type": "LineString", "coordinates": [ [ -96.137677, 19.210083 ], [ -96.140512, 19.208383 ], [ -96.140657, 19.208287 ], [ -96.140799, 19.208163 ] ] } },
{ "type": "Feature", "properties": { "nombre": "Ferrosur / KCSM", "tipo": "Libramiento / Vía Principal", "estado": "rail" }, "geometry": { "type": "LineString", "coordinates": [ [ -96.141158, 19.207897 ], [ -96.14065, 19.20841 ], [ -96.140432, 19.208585 ], [ -96.137619, 19.210265 ] ] } },
{ "type": "Feature", "properties": { "nombre": "Ferrosur / KCSM", "tipo": "Libramiento / Vía Principal", "estado": "rail" }, "geometry": { "type": "LineString", "coordinates": [ [ -96.137596, 19.210228 ], [ -96.139819, 19.208901 ], [ -96.140324, 19.208651 ] ] } },
{ "type": "Feature", "properties": { "nombre": "Ferrosur", "tipo": "Libramiento / Vía Principal", "estado": "rail" }, "geometry": { "type": "LineString", "coordinates": [ [ -96.141751, 19.206636 ], [ -96.141777, 19.206252 ], [ -96.141779, 19.205944 ], [ -96.141842, 19.205673 ], [ -96.141883, 19.205568 ], [ -96.14199, 19.20537 ], [ -96.142126, 19.205159 ], [ -96.142306, 19.204943 ], [ -96.142475, 19.204791 ], [ -96.14265, 19.204656 ], [ -96.142744, 19.204602 ] ] } },
{ "type": "Feature", "properties": { "nombre": "Ferrosur", "tipo": "Libramiento / Vía Principal", "estado": "rail" }, "geometry": { "type": "LineString", "coordinates": [ [ -96.142864, 19.204474 ], [ -96.143265, 19.204294 ] ] } },
{ "type": "Feature", "properties": { "nombre": "Ferrosur", "tipo": "Libramiento / Vía Principal", "estado": "rail" }, "geometry": { "type": "LineString", "coordinates": [ [ -96.143586, 19.204098 ], [ -96.14407, 19.203861 ] ] } },
{ "type": "Feature", "properties": { "nombre": "Ferrosur", "tipo": "Libramiento / Vía Principal", "estado": "rail" }, "geometry": { "type": "LineString", "coordinates": [ [ -96.1396, 19.206639 ], [ -96.140411, 19.20573 ], [ -96.140655, 19.205501 ], [ -96.141107, 19.205149 ] ] } },
{ "type": "Feature", "properties": { "nombre": "Ferrosur", "tipo": "Libramiento / Vía Principal", "estado": "rail" }, "geometry": { "type": "LineString", "coordinates": [ [ -96.150562, 19.199817 ], [ -96.150297, 19.200115 ], [ -96.149417, 19.201041 ], [ -96.148636, 19.201697 ], [ -96.148428, 19.201856 ] ] } },
{ "type": "Feature", "properties": { "nombre": "Ferrosur", "tipo": "Libramiento / Vía Principal", "estado": "rail" }, "geometry": { "type": "LineString", "coordinates": [ [ -96.150297, 19.200115 ], [ -96.149089, 19.201119 ], [ -96.148723, 19.201395 ], [ -96.148373, 19.201614 ], [ -96.146781, 19.202557 ] ] } },
{ "type": "Feature", "properties": { "nombre": "Ferrosur", "tipo": "Libramiento / Vía Principal", "estado": "rail" }, "geometry": { "type": "LineString", "coordinates": [ [ -96.147396, 19.20242 ], [ -96.148265, 19.201842 ], [ -96.150117, 19.200307 ] ] } },
{ "type": "Feature", "properties": { "nombre": "Ferrosur", "tipo": "Libramiento / Vía Principal", "estado": "rail" }, "geometry": { "type": "LineString", "coordinates": [ [ -96.147427, 19.202463 ], [ -96.148216, 19.201936 ], [ -96.149957, 19.200477 ] ] } },
{ "type": "Feature", "properties": { "nombre": "Ferrosur", "tipo": "Libramiento / Vía Principal", "estado": "rail" }, "geometry": { "type": "LineString", "coordinates": [ [ -96.152069, 19.199086 ], [ -96.151233, 19.199377 ], [ -96.151106, 19.199444 ], [ -96.150994, 19.19953 ], [ -96.150677, 19.199797 ], [ -96.150459, 19.200007 ], [ -96.150261, 19.200233 ], [ -96.149379, 19.201141 ], [ -96.149016, 19.201435 ] ] } },
{ "type": "Feature", "properties": { "nombre": "Ferrosur", "tipo": "Libramiento / Vía Principal", "estado": "rail" }, "geometry": { "type": "LineString", "coordinates": [ [ -96.139582, 19.206623 ], [ -96.140287, 19.20583 ], [ -96.14039, 19.205724 ], [ -96.140655, 19.205501 ] ] } },
{ "type": "Feature", "properties": { "nombre": "Ferrosur", "tipo": "Libramiento / Vía Principal", "estado": "rail" }, "geometry": { "type": "LineString", "coordinates": [ [ -96.141338, 19.205008 ], [ -96.141107, 19.205149 ], [ -96.140564, 19.205513 ], [ -96.140401, 19.205634 ], [ -96.140231, 19.205794 ], [ -96.139605, 19.206517 ] ] } },
{ "type": "Feature", "properties": { "nombre": "Ferrosur", "tipo": "Libramiento / Vía Principal", "estado": "rail" }, "geometry": { "type": "LineString", "coordinates": [ [ -96.138723, 19.207244 ], [ -96.138993, 19.207044 ], [ -96.139232, 19.206798 ], [ -96.139913, 19.206026 ], [ -96.140239, 19.205733 ] ] } },
{ "type": "Feature", "properties": { "nombre": "Ferrosur", "tipo": "Libramiento / Vía Principal", "estado": "rail" }, "geometry": { "type": "LineString", "coordinates": [ [ -96.138716, 19.207207 ], [ -96.138891, 19.207077 ], [ -96.138987, 19.20698 ], [ -96.139291, 19.206588 ], [ -96.139773, 19.206044 ], [ -96.140368, 19.205541 ], [ -96.140668, 19.205365 ] ] } },
{ "type": "Feature", "properties": { "nombre": "Ferrosur", "tipo": "Libramiento / Vía Principal", "estado": "rail" }, "geometry": { "type": "LineString", "coordinates": [ [ -96.139067, 19.206328 ], [ -96.140368, 19.205541 ] ] } },
{ "type": "Feature", "properties": { "nombre": "Ferrosur", "tipo": "Libramiento / Vía Principal", "estado": "rail" }, "geometry": { "type": "LineString", "coordinates": [ [ -96.139092, 19.20636 ], [ -96.139918, 19.205863 ], [ -96.140158, 19.205667 ] ] } },
{ "type": "Feature", "properties": { "nombre": "Ferrosur", "tipo": "Libramiento / Vía Principal", "estado": "rail" }, "geometry": { "type": "LineString", "coordinates": [ [ -96.13912, 19.206396 ], [ -96.139608, 19.206113 ], [ -96.139767, 19.206006 ], [ -96.139918, 19.205863 ] ] } },
{ "type": "Feature", "properties": { "nombre": "Ferrosur", "tipo": "Libramiento / Vía Principal", "estado": "rail" }, "geometry": { "type": "LineString", "coordinates": [ [ -96.139773, 19.206044 ], [ -96.139532, 19.206217 ], [ -96.139148, 19.206433 ] ] } },
{ "type": "Feature", "properties": { "nombre": "Ferrosur", "tipo": "Libramiento / Vía Principal", "estado": "rail" }, "geometry": { "type": "LineString", "coordinates": [ [ -96.142039, 19.204644 ], [ -96.142389, 19.204456 ], [ -96.150515, 19.199616 ], [ -96.150907, 19.199394 ], [ -96.151197, 19.199276 ] ] } },
{ "type": "Feature", "properties": { "nombre": "Ferrosur", "tipo": "Libramiento / Vía Principal", "estado": "rail" }, "geometry": { "type": "LineString", "coordinates": [ [ -96.141705, 19.204671 ], [ -96.14154, 19.204764 ], [ -96.141364, 19.204843 ], [ -96.140088, 19.205386 ], [ -96.139569, 19.20564 ] ] } },
{ "type": "Feature", "properties": { "nombre": "Ferrosur", "tipo": "Libramiento / Vía Principal", "estado": "rail" }, "geometry": { "type": "LineString", "coordinates": [ [ -96.150017, 19.199616 ], [ -96.149635, 19.199817 ], [ -96.143258, 19.203615 ], [ -96.143076, 19.203747 ], [ -96.14226, 19.204413 ], [ -96.1416, 19.204826 ] ] } },
{ "type": "Feature", "properties": { "nombre": "Ferrosur", "tipo": "Libramiento / Vía Principal", "estado": "rail" }, "geometry": { "type": "LineString", "coordinates": [ [ -96.140925, 19.205213 ], [ -96.140668, 19.205365 ], [ -96.140225, 19.20559 ], [ -96.139045, 19.206299 ] ] } },
{ "type": "Feature", "properties": { "nombre": "Ferrosur", "tipo": "Libramiento / Vía Principal", "estado": "rail" }, "geometry": { "type": "LineString", "coordinates": [ [ -96.142139, 19.204532 ], [ -96.14239, 19.204352 ], [ -96.143149, 19.203739 ], [ -96.143316, 19.20363 ], [ -96.149829, 19.199751 ], [ -96.150033, 19.199645 ], [ -96.150423, 19.199488 ] ] } },
{ "type": "Feature", "properties": { "nombre": "Ferrosur", "tipo": "Libramiento / Vía Principal", "estado": "rail" }, "geometry": { "type": "LineString", "coordinates": [ [ -96.150907, 19.199394 ], [ -96.150682, 19.199474 ], [ -96.150042, 19.199745 ], [ -96.149674, 19.199906 ], [ -96.149543, 19.19998 ], [ -96.143152, 19.203775 ], [ -96.142819, 19.204005 ] ] } },
{ "type": "Feature", "properties": { "nombre": "Ferrosur", "tipo": "Libramiento / Vía Principal", "estado": "rail" }, "geometry": { "type": "LineString", "coordinates": [ [ -96.150379, 19.199604 ], [ -96.150252, 19.199668 ], [ -96.147272, 19.20143 ], [ -96.142773, 19.204107 ], [ -96.14239, 19.204352 ] ] } },
{ "type": "Feature", "properties": { "nombre": "Ferrosur", "tipo": "Libramiento / Vía Principal", "estado": "rail" }, "geometry": { "type": "LineString", "coordinates": [ [ -96.135553, 19.208077 ], [ -96.13829, 19.206435 ], [ -96.138583, 19.206219 ] ] } },
{ "type": "Feature", "properties": { "nombre": "Ferrosur", "tipo": "Libramiento / Vía Principal", "estado": "rail" }, "geometry": { "type": "LineString", "coordinates": [ [ -96.139708, 19.205179 ], [ -96.139405, 19.20534 ], [ -96.139256, 19.205385 ], [ -96.138286, 19.205566 ], [ -96.138092, 19.205617 ], [ -96.137623, 19.205864 ], [ -96.135247, 19.20727 ] ] } },
{ "type": "Feature", "properties": { "nombre": "Ferrosur", "tipo": "Libramiento / Vía Principal", "estado": "rail" }, "geometry": { "type": "LineString", "coordinates": [ [ -96.13855, 19.205794 ], [ -96.137991, 19.206081 ], [ -96.135421, 19.20758 ] ] } },
{ "type": "Feature", "properties": { "nombre": "Ferrosur", "tipo": "Libramiento / Vía Principal", "estado": "rail" }, "geometry": { "type": "LineString", "coordinates": [ [ -96.135535, 19.207666 ], [ -96.137844, 19.206275 ], [ -96.138063, 19.206158 ], [ -96.138479, 19.205961 ] ] } },
{ "type": "Feature", "properties": { "nombre": "Ferrosur", "tipo": "Libramiento / Vía Principal", "estado": "rail" }, "geometry": { "type": "LineString", "coordinates": [ [ -96.13823, 19.206289 ], [ -96.138858, 19.205911 ], [ -96.139204, 19.205643 ] ] } },
{ "type": "Feature", "properties": { "nombre": "Ferrosur", "tipo": "Libramiento / Vía Principal", "estado": "rail" }, "geometry": { "type": "LineString", "coordinates": [ [ -96.138747, 19.206112 ], [ -96.139604, 19.205422 ], [ -96.140029, 19.205155 ], [ -96.14032, 19.204933 ] ] } },
{ "type": "Feature", "properties": { "nombre": "Ferrosur", "tipo": "Libramiento / Vía Principal", "estado": "rail" }, "geometry": { "type": "LineString", "coordinates": [ [ -96.140052, 19.205093 ], [ -96.139877, 19.205182 ], [ -96.139592, 19.205289 ], [ -96.139261, 19.205447 ] ] } },
{ "type": "Feature", "properties": { "nombre": "Ferrosur", "tipo": "Libramiento / Vía Principal", "estado": "rail" }, "geometry": { "type": "LineString", "coordinates": [ [ -96.140773, 19.204679 ], [ -96.140035, 19.204985 ] ] } },
{ "type": "Feature", "properties": { "nombre": "Ferrosur", "tipo": "Libramiento / Vía Principal", "estado": "rail" }, "geometry": { "type": "LineString", "coordinates": [ [ -96.136347, 19.201888 ], [ -96.137687, 19.20392 ], [ -96.137825, 19.204084 ] ] } },
{ "type": "Feature", "properties": { "nombre": "Ferrosur", "tipo": "Libramiento / Vía Principal", "estado": "rail" }, "geometry": { "type": "LineString", "coordinates": [ [ -96.138264, 19.204708 ], [ -96.138095, 19.204535 ], [ -96.137783, 19.204127 ], [ -96.136314, 19.201904 ] ] } },
{ "type": "Feature", "properties": { "nombre": "Ferrosur", "tipo": "Libramiento / Vía Principal", "estado": "rail" }, "geometry": { "type": "LineString", "coordinates": [ [ -96.140035, 19.204985 ], [ -96.139261, 19.205447 ], [ -96.13855, 19.205794 ], [ -96.138171, 19.206042 ], [ -96.13548, 19.207617 ] ] } },
{ "type": "Feature", "properties": { "nombre": "Ferrosur", "tipo": "Libramiento / Vía Principal", "estado": "rail" }, "geometry": { "type": "LineString", "coordinates": [ [ -96.141544, 19.204072 ], [ -96.141773, 19.203896 ], [ -96.142012, 19.203751 ], [ -96.144559, 19.20224 ], [ -96.14699, 19.200776 ], [ -96.147199, 19.200669 ], [ -96.147943, 19.200368 ], [ -96.148386, 19.200103 ], [ -96.14852, 19.200039 ] ] } },
{ "type": "Feature", "properties": { "nombre": "Ferrosur", "tipo": "Libramiento / Vía Principal", "estado": "rail" }, "geometry": { "type": "LineString", "coordinates": [ [ -96.140946, 19.204626 ], [ -96.148734, 19.199988 ], [ -96.149036, 19.19984 ] ] } },
{ "type": "Feature", "properties": { "nombre": "Ferrosur", "tipo": "Libramiento / Vía Principal", "estado": "rail" }, "geometry": { "type": "LineString", "coordinates": [ [ -96.14031, 19.205196 ], [ -96.149156, 19.199944 ], [ -96.149423, 19.199793 ], [ -96.149655, 19.199684 ], [ -96.149933, 19.199573 ] ] } },
{ "type": "Feature", "properties": { "nombre": "Ferrosur", "tipo": "Libramiento / Vía Principal", "estado": "rail" }, "geometry": { "type": "LineString", "coordinates": [ [ -96.149731, 19.19963 ], [ -96.14941, 19.199751 ], [ -96.149259, 19.19983 ], [ -96.141696, 19.204323 ], [ -96.141018, 19.20473 ], [ -96.140614, 19.205016 ] ] } },
{ "type": "Feature", "properties": { "nombre": "Ferrosur", "tipo": "Libramiento / Vía Principal", "estado": "rail" }, "geometry": { "type": "LineString", "coordinates": [ [ -96.140678, 19.204838 ], [ -96.140972, 19.204646 ], [ -96.146851, 19.201169 ], [ -96.148929, 19.199922 ], [ -96.149068, 19.19984 ], [ -96.149224, 19.199777 ] ] } },
{ "type": "Feature", "properties": { "nombre": "Ferrosur", "tipo": "Libramiento / Vía Principal", "estado": "rail" }, "geometry": { "type": "LineString", "coordinates": [ [ -96.156853, 19.197657 ], [ -96.149614, 19.199611 ], [ -96.149122, 19.199769 ], [ -96.148739, 19.199904 ], [ -96.148435, 19.200026 ], [ -96.144592, 19.201607 ], [ -96.144228, 19.201768 ], [ -96.143955, 19.201938 ] ] } },
{ "type": "Feature", "properties": { "nombre": "Ferrosur", "tipo": "Libramiento / Vía Principal", "estado": "rail" }, "geometry": { "type": "LineString", "coordinates": [ [ -96.145369, 19.20134 ], [ -96.145082, 19.201491 ], [ -96.144709, 19.201726 ] ] } },
{ "type": "Feature", "properties": { "nombre": "Ferrosur", "tipo": "Libramiento / Vía Principal", "estado": "rail" }, "geometry": { "type": "LineString", "coordinates": [ [ -96.143856, 19.201922 ], [ -96.14345, 19.2022 ] ] } },
{ "type": "Feature", "properties": { "nombre": "Ferrosur", "tipo": "Libramiento / Vía Principal", "estado": "rail" }, "geometry": { "type": "LineString", "coordinates": [ [ -96.13976, 19.204222 ], [ -96.142857, 19.202368 ], [ -96.14371, 19.201845 ], [ -96.144374, 19.201421 ] ] } },
{ "type": "Feature", "properties": { "nombre": "Ferrosur", "tipo": "Libramiento / Vía Principal", "estado": "rail" }, "geometry": { "type": "LineString", "coordinates": [ [ -96.144063, 19.201719 ], [ -96.144196, 19.20161 ], [ -96.144506, 19.201391 ], [ -96.145504, 19.200645 ], [ -96.147043, 19.199458 ], [ -96.147428, 19.199245 ] ] } },
{ "type": "Feature", "properties": { "nombre": "Ferrosur", "tipo": "Libramiento / Vía Principal", "estado": "rail" }, "geometry": { "type": "LineString", "coordinates": [ [ -96.143701, 19.202005 ], [ -96.14406, 19.201666 ] ] } },
{ "type": "Feature", "properties": { "nombre": "Ferrosur", "tipo": "Libramiento / Vía Principal", "estado": "rail" }, "geometry": { "type": "LineString", "coordinates": [ [ -96.144926, 19.20147 ], [ -96.145507, 19.20118 ] ] } },
{ "type": "Feature", "properties": { "nombre": "Ferrosur", "tipo": "Libramiento / Vía Principal", "estado": "rail" }, "geometry": { "type": "LineString", "coordinates": [ [ -96.151909, 19.198991 ], [ -96.151266, 19.199115 ] ] } },
{ "type": "Feature", "properties": { "nombre": "Ferrosur", "tipo": "Libramiento / Vía Principal", "estado": "rail" }, "geometry": { "type": "LineString", "coordinates": [ [ -96.150523, 19.199406 ], [ -96.151092, 19.199209 ] ] } },
{ "type": "Feature", "properties": { "nombre": "Ferrosur", "tipo": "Libramiento / Vía Principal", "estado": "rail" }, "geometry": { "type": "LineString", "coordinates": [ [ -96.150695, 19.199415 ], [ -96.151301, 19.1992 ] ] } },
{ "type": "Feature", "properties": { "nombre": "Ferrosur", "tipo": "Libramiento / Vía Principal", "estado": "rail" }, "geometry": { "type": "LineString", "coordinates": [ [ -96.152543, 19.198819 ], [ -96.151967, 19.19902 ] ] } },
{ "type": "Feature", "properties": { "nombre": "Ferrosur", "tipo": "Libramiento / Vía Principal", "estado": "rail" }, "geometry": { "type": "LineString", "coordinates": [ [ -96.146914, 19.199476 ], [ -96.14718, 19.19925 ], [ -96.147756, 19.198863 ], [ -96.148011, 19.198713 ], [ -96.148098, 19.198684 ] ] } },
{ "type": "Feature", "properties": { "nombre": "Ferrosur", "tipo": "Libramiento / Vía Principal", "estado": "rail" }, "geometry": { "type": "LineString", "coordinates": [ [ -96.147295, 19.199174 ], [ -96.147664, 19.198873 ], [ -96.14786, 19.198749 ], [ -96.148089, 19.198656 ] ] } },
{ "type": "Feature", "properties": { "nombre": "Ferrosur", "tipo": "Libramiento / Vía Principal", "estado": "rail" }, "geometry": { "type": "LineString", "coordinates": [ [ -96.147731, 19.199002 ], [ -96.145684, 19.200586 ], [ -96.145036, 19.201073 ], [ -96.144506, 19.201391 ] ] } },
{ "type": "Feature", "properties": { "nombre": "Ferrosur", "tipo": "Libramiento / Vía Principal", "estado": "rail" }, "geometry": { "type": "LineString", "coordinates": [ [ -96.145522, 19.200549 ], [ -96.145761, 19.200293 ], [ -96.145884, 19.200099 ], [ -96.145964, 19.199942 ], [ -96.146014, 19.199802 ] ] } },
{ "type": "Feature", "properties": { "nombre": "Ferrosur", "tipo": "Libramiento / Vía Principal", "estado": "rail" }, "geometry": { "type": "LineString", "coordinates": [ [ -96.150331, 19.19937 ], [ -96.15009, 19.19941 ], [ -96.150003, 19.199413 ], [ -96.149795, 19.19939 ], [ -96.149621, 19.199337 ], [ -96.149446, 19.199241 ], [ -96.149311, 19.199102 ], [ -96.149254, 19.199015 ], [ -96.14908, 19.198561 ], [ -96.148928, 19.198323 ], [ -96.148821, 19.198206 ], [ -96.148487, 19.197968 ], [ -96.148253, 19.197852 ], [ -96.148105, 19.197796 ], [ -96.147873, 19.197758 ], [ -96.147491, 19.19774 ], [ -96.147345, 19.197748 ], [ -96.147171, 19.197776 ] ] } },
{ "type": "Feature", "properties": { "nombre": "Ferrosur", "tipo": "Libramiento / Vía Principal", "estado": "rail" }, "geometry": { "type": "LineString", "coordinates": [ [ -96.149127, 19.198684 ], [ -96.149164, 19.198891 ], [ -96.149157, 19.199161 ], [ -96.149111, 19.199329 ], [ -96.149042, 19.199473 ], [ -96.148935, 19.199623 ], [ -96.148811, 19.199748 ], [ -96.148642, 19.199865 ], [ -96.148418, 19.199981 ] ] } },
{ "type": "Feature", "properties": { "nombre": "Ferrosur", "tipo": "Libramiento / Vía Principal", "estado": "rail" }, "geometry": { "type": "LineString", "coordinates": [ [ -96.155328, 19.198111 ], [ -96.155842, 19.197926 ] ] } },
{ "type": "Feature", "properties": { "nombre": "Ferrosur", "tipo": "Libramiento / Vía Principal", "estado": "rail" }, "geometry": { "type": "LineString", "coordinates": [ [ -96.156485, 19.197805 ], [ -96.155883, 19.197915 ] ] } },
{ "type": "Feature", "properties": { "nombre": "Ferrosur", "tipo": "Libramiento / Vía Principal", "estado": "rail" }, "geometry": { "type": "LineString", "coordinates": [ [ -96.154855, 19.198289 ], [ -96.155287, 19.198123 ] ] } },
{ "type": "Feature", "properties": { "nombre": "Ferrosur", "tipo": "Libramiento / Vía Principal", "estado": "rail" }, "geometry": { "type": "LineString", "coordinates": [ [ -96.171522, 19.186056 ], [ -96.17119, 19.186459 ] ] } },
{ "type": "Feature", "properties": { "nombre": "Ferrosur", "tipo": "Libramiento / Vía Principal", "estado": "rail" }, "geometry": { "type": "LineString", "coordinates": [ [ -96.172144, 19.185508 ], [ -96.171666, 19.185918 ] ] } },
{ "type": "Feature", "properties": { "nombre": "Ferrosur", "tipo": "Libramiento / Vía Principal", "estado": "rail" }, "geometry": { "type": "LineString", "coordinates": [ [ -96.143423, 19.202511 ], [ -96.143769, 19.202114 ], [ -96.143955, 19.201938 ] ] } },
{ "type": "Feature", "properties": { "nombre": "Ferrosur", "tipo": "Libramiento / Vía Principal", "estado": "rail" }, "geometry": { "type": "LineString", "coordinates": [ [ -96.147788, 19.199081 ], [ -96.147224, 19.199662 ], [ -96.146623, 19.200115 ] ] } },
{ "type": "Feature", "properties": { "nombre": "Ferrosur", "tipo": "Libramiento / Vía Principal", "estado": "rail" }, "geometry": { "type": "LineString", "coordinates": [ [ -96.147852, 19.199131 ], [ -96.14728, 19.199705 ], [ -96.147057, 19.199886 ], [ -96.14692, 19.199971 ], [ -96.146623, 19.200115 ], [ -96.146052, 19.200359 ], [ -96.145684, 19.200586 ] ] } },
{ "type": "Feature", "properties": { "nombre": "Línea GA", "tipo": "Libramiento / Vía Principal", "estado": "rail" }, "geometry": { "type": "LineString", "coordinates": [ [ -96.147593, 19.131535 ], [ -96.146824, 19.137883 ], [ -96.146809, 19.138256 ], [ -96.146826, 19.138623 ], [ -96.14688, 19.138986 ], [ -96.14692, 19.139166 ], [ -96.147027, 19.139518 ], [ -96.147169, 19.13986 ], [ -96.147344, 19.140188 ], [ -96.147551, 19.140498 ], [ -96.147796, 19.140799 ], [ -96.148071, 19.141076 ], [ -96.148373, 19.141326 ], [ -96.1487, 19.141547 ], [ -96.149047, 19.141738 ], [ -96.149395, 19.141887 ], [ -96.149593, 19.141959 ], [ -96.150061, 19.142077 ], [ -96.150834, 19.142192 ], [ -96.155088, 19.142712 ], [ -96.155829, 19.142847 ], [ -96.15642, 19.142996 ], [ -96.156888, 19.143146 ], [ -96.159109, 19.144074 ], [ -96.163486, 19.145878 ], [ -96.16674, 19.147239 ], [ -96.167742, 19.147643 ], [ -96.170592, 19.14884 ] ] } },
{ "type": "Feature", "properties": { "nombre": "Línea GA", "tipo": "Libramiento / Vía Principal", "estado": "rail" }, "geometry": { "type": "LineString", "coordinates": [ [ -96.170592, 19.14884 ], [ -96.170738, 19.148902 ] ] } },
{ "type": "Feature", "properties": { "nombre": "Ferrosur", "tipo": "Libramiento / Vía Principal", "estado": "rail" }, "geometry": { "type": "LineString", "coordinates": [ [ -96.161539, 19.195617 ], [ -96.160949, 19.196046 ], [ -96.160353, 19.196413 ], [ -96.159698, 19.196765 ], [ -96.15941, 19.1969 ], [ -96.158907, 19.197117 ], [ -96.158328, 19.197329 ], [ -96.158027, 19.197429 ], [ -96.156906, 19.197737 ] ] } },
{ "type": "Feature", "properties": { "nombre": "Ferrosur", "tipo": "Libramiento / Vía Principal", "estado": "rail" }, "geometry": { "type": "LineString", "coordinates": [ [ -96.147843, 19.200216 ], [ -96.148418, 19.199981 ], [ -96.149078, 19.199731 ], [ -96.150017, 19.199451 ], [ -96.156823, 19.197617 ] ] } },
{ "type": "Feature", "properties": { "nombre": "Ferrosur / KCSM", "tipo": "Libramiento / Vía Principal", "estado": "rail" }, "geometry": { "type": "LineString", "coordinates": [ [ -96.141849, 19.21016 ], [ -96.141616, 19.210447 ] ] } },
{ "type": "Feature", "properties": { "nombre": "Ferrosur", "tipo": "Libramiento / Vía Principal", "estado": "rail" }, "geometry": { "type": "LineString", "coordinates": [ [ -96.14032, 19.204933 ], [ -96.140879, 19.204609 ], [ -96.141544, 19.204072 ] ] } },
{ "type": "Feature", "properties": { "nombre": "Ferrosur", "tipo": "Libramiento / Vía Principal", "estado": "rail" }, "geometry": { "type": "LineString", "coordinates": [ [ -96.141544, 19.204072 ], [ -96.140843, 19.204516 ], [ -96.140035, 19.204985 ] ] } },
{ "type": "Feature", "properties": { "nombre": "Ferrosur", "tipo": "Libramiento / Vía Principal", "estado": "rail" }, "geometry": { "type": "LineString", "coordinates": [ [ -96.141338, 19.205008 ], [ -96.14176, 19.20476 ] ] } },
{ "type": "Feature", "properties": { "nombre": "Ferrosur", "tipo": "Libramiento / Vía Principal", "estado": "rail" }, "geometry": { "type": "LineString", "coordinates": [ [ -96.140066, 19.20534 ], [ -96.139569, 19.20564 ], [ -96.138747, 19.206112 ], [ -96.135541, 19.208062 ] ] } },
{ "type": "Feature", "properties": { "nombre": "Ferrosur", "tipo": "Libramiento / Vía Principal", "estado": "rail" }, "geometry": { "type": "LineString", "coordinates": [ [ -96.152448, 19.198937 ], [ -96.152875, 19.198779 ] ] } },
{ "type": "Feature", "properties": { "nombre": "Ferrosur", "tipo": "Libramiento / Vía Principal", "estado": "rail" }, "geometry": { "type": "LineString", "coordinates": [ [ -96.17112, 19.186529 ], [ -96.170797, 19.186926 ] ] } },
{ "type": "Feature", "properties": { "nombre": "Ferrosur", "tipo": "Libramiento / Vía Principal", "estado": "rail" }, "geometry": { "type": "LineString", "coordinates": [ [ -96.186365, 19.171252 ], [ -96.18798, 19.169286 ], [ -96.188111, 19.169147 ], [ -96.190035, 19.167235 ], [ -96.192121, 19.165516 ] ] } },
{ "type": "Feature", "properties": { "nombre": "Ferrosur", "tipo": "Libramiento / Vía Principal", "estado": "rail" }, "geometry": { "type": "LineString", "coordinates": [ [ -96.190471, 19.166872 ], [ -96.190231, 19.167095 ], [ -96.187696, 19.169637 ] ] } },
{ "type": "Feature", "properties": { "nombre": "Ferrosur", "tipo": "Libramiento / Vía Principal", "estado": "rail" }, "geometry": { "type": "LineString", "coordinates": [ [ -96.1908, 19.166598 ], [ -96.187527, 19.169843 ], [ -96.187427, 19.169955 ] ] } },
{ "type": "Feature", "properties": { "nombre": "Ferrosur", "tipo": "Libramiento / Vía Principal", "estado": "rail" }, "geometry": { "type": "LineString", "coordinates": [ [ -96.191133, 19.166327 ], [ -96.187468, 19.169961 ], [ -96.187161, 19.170281 ] ] } },
{ "type": "Feature", "properties": { "nombre": "Ferrosur", "tipo": "Libramiento / Vía Principal", "estado": "rail" }, "geometry": { "type": "LineString", "coordinates": [ [ -96.191459, 19.166061 ], [ -96.186889, 19.170607 ] ] } },
{ "type": "Feature", "properties": { "nombre": "Ferrosur", "tipo": "Libramiento / Vía Principal", "estado": "rail" }, "geometry": { "type": "LineString", "coordinates": [ [ -96.156712, 19.197646 ], [ -96.156269, 19.197815 ] ] } },
{ "type": "Feature", "properties": { "nombre": "Ferrosur", "tipo": "Libramiento / Vía Principal", "estado": "rail" }, "geometry": { "type": "LineString", "coordinates": [ [ -96.145504, 19.200645 ], [ -96.144802, 19.201093 ] ] } },
{ "type": "Feature", "properties": { "nombre": "Ferrosur", "tipo": "Libramiento / Vía Principal", "estado": "rail" }, "geometry": { "type": "LineString", "coordinates": [ [ -96.14463, 19.201228 ], [ -96.144032, 19.201588 ], [ -96.143271, 19.201955 ], [ -96.141214, 19.203273 ] ] } },
{ "type": "Feature", "properties": { "nombre": "Línea V", "tipo": "Libramiento / Vía Principal", "estado": "rail" }, "geometry": { "type": "LineString", "coordinates": [ [ -96.259189, 19.195617 ], [ -96.258867, 19.195341 ], [ -96.258608, 19.195062 ], [ -96.258431, 19.194815 ], [ -96.258239, 19.194465 ], [ -96.257147, 19.191932 ], [ -96.257, 19.191629 ], [ -96.255534, 19.188141 ], [ -96.254724, 19.186247 ], [ -96.254644, 19.186106 ], [ -96.254417, 19.185825 ], [ -96.254269, 19.185684 ], [ -96.254098, 19.185544 ], [ -96.25393, 19.185428 ], [ -96.253571, 19.185262 ], [ -96.253391, 19.185206 ], [ -96.253044, 19.185145 ], [ -96.252861, 19.185135 ], [ -96.252493, 19.185137 ], [ -96.250933, 19.18527 ], [ -96.250038, 19.185326 ], [ -96.249772, 19.185322 ], [ -96.249468, 19.185301 ], [ -96.248933, 19.185186 ], [ -96.231092, 19.179972 ] ] } },
{ "type": "Feature", "properties": { "nombre": "Ferrosur", "tipo": "Libramiento / Vía Principal", "estado": "rail" }, "geometry": { "type": "LineString", "coordinates": [ [ -96.24648, 19.184473 ], [ -96.246092, 19.184315 ], [ -96.245911, 19.184256 ], [ -96.237181, 19.181697 ], [ -96.231954, 19.180176 ], [ -96.231329, 19.180042 ] ] } },
{ "type": "Feature", "properties": { "nombre": "Ferrosur / KCSM", "tipo": "Libramiento / Vía Principal", "estado": "rail" }, "geometry": { "type": "LineString", "coordinates": [ [ -96.253695, 19.185265 ], [ -96.253506, 19.185175 ], [ -96.25338, 19.185098 ], [ -96.253267, 19.185013 ], [ -96.253194, 19.184941 ], [ -96.25304, 19.184731 ], [ -96.252747, 19.184168 ], [ -96.252569, 19.183893 ], [ -96.252374, 19.183675 ], [ -96.252075, 19.183451 ], [ -96.251818, 19.18333 ], [ -96.248752, 19.182188 ] ] } },
{ "type": "Feature", "properties": { "nombre": "Ferrosur / KCSM", "tipo": "Libramiento / Vía Principal", "estado": "rail" }, "geometry": { "type": "LineString", "coordinates": [ [ -96.250308, 19.182775 ], [ -96.249842, 19.182554 ], [ -96.248771, 19.182146 ] ] } },
{ "type": "Feature", "properties": { "nombre": "Ferrosur", "tipo": "Libramiento / Vía Principal", "estado": "rail" }, "geometry": { "type": "LineString", "coordinates": [ [ -96.142461, 19.20348 ], [ -96.141716, 19.204026 ], [ -96.140678, 19.204838 ], [ -96.140066, 19.20534 ] ] } },
{ "type": "Feature", "properties": { "nombre": "Ferrosur", "tipo": "Libramiento / Vía Principal", "estado": "rail" }, "geometry": { "type": "LineString", "coordinates": [ [ -96.149666, 19.200784 ], [ -96.148732, 19.201553 ] ] } },
{ "type": "Feature", "properties": { "nombre": "Ferrosur", "tipo": "Libramiento / Vía Principal", "estado": "rail" }, "geometry": { "type": "LineString", "coordinates": [ [ -96.146198, 19.202636 ], [ -96.145761, 19.202848 ] ] } },
{ "type": "Feature", "properties": { "nombre": "Ferrosur", "tipo": "Libramiento / Vía Principal", "estado": "rail" }, "geometry": { "type": "LineString", "coordinates": [ [ -96.141632, 19.204869 ], [ -96.142773, 19.204377 ], [ -96.143107, 19.204194 ], [ -96.150561, 19.199762 ], [ -96.150801, 19.199609 ], [ -96.151148, 19.199359 ], [ -96.15128, 19.199305 ], [ -96.151411, 19.199267 ], [ -96.152841, 19.198876 ], [ -96.153455, 19.198666 ] ] } },
{ "type": "Feature", "properties": { "nombre": "Ferrosur", "tipo": "Libramiento / Vía Principal", "estado": "rail" }, "geometry": { "type": "LineString", "coordinates": [ [ -96.140194, 19.205683 ], [ -96.139821, 19.206049 ], [ -96.139249, 19.206707 ] ] } },
{ "type": "Feature", "properties": { "nombre": "Ferrosur / KCSM", "tipo": "Libramiento / Vía Principal", "estado": "rail" }, "geometry": { "type": "LineString", "coordinates": [ [ -96.242357, 19.169106 ], [ -96.24265, 19.169044 ], [ -96.242817, 19.168976 ], [ -96.242955, 19.168887 ], [ -96.243078, 19.168777 ], [ -96.243169, 19.168661 ], [ -96.243242, 19.168534 ], [ -96.24331, 19.168379 ], [ -96.243353, 19.168242 ], [ -96.24337, 19.168139 ], [ -96.243373, 19.168012 ], [ -96.243347, 19.167779 ], [ -96.243032, 19.166382 ] ] } },
{ "type": "Feature", "properties": { "nombre": "Ferrosur / KCSM", "tipo": "Espuela / Patio Portuario", "estado": "disused" }, "geometry": { "type": "LineString", "coordinates": [ [ -96.245183, 19.166612 ], [ -96.245345, 19.167608 ], [ -96.245367, 19.167935 ], [ -96.245305, 19.168154 ], [ -96.24519, 19.168408 ], [ -96.245021, 19.168591 ], [ -96.24477, 19.168731 ] ] } },
{ "type": "Feature", "properties": { "nombre": "Ferrosur / KCSM", "tipo": "Libramiento / Vía Principal", "estado": "rail" }, "geometry": { "type": "LineString", "coordinates": [ [ -96.2431, 19.166394 ], [ -96.243332, 19.167368 ], [ -96.243347, 19.167779 ] ] } },
{ "type": "Feature", "properties": { "nombre": "Libramiento ferroviario de Veracruz", "tipo": "Libramiento / Vía Principal", "estado": "rail" }, "geometry": { "type": "LineString", "coordinates": [ [ -96.202745, 19.228582 ], [ -96.202874, 19.228456 ] ] } },
{ "type": "Feature", "properties": { "nombre": "Libramiento ferroviario de Veracruz", "tipo": "Libramiento / Vía Principal", "estado": "rail" }, "geometry": { "type": "LineString", "coordinates": [ [ -96.202874, 19.228456 ], [ -96.202988, 19.228362 ] ] } },
{ "type": "Feature", "properties": { "nombre": "Libramiento ferroviario de Veracruz", "tipo": "Libramiento / Vía Principal", "estado": "rail" }, "geometry": { "type": "LineString", "coordinates": [ [ -96.202889, 19.228499 ], [ -96.202776, 19.228609 ] ] } },
{ "type": "Feature", "properties": { "nombre": "Libramiento ferroviario de Veracruz", "tipo": "Libramiento / Vía Principal", "estado": "rail" }, "geometry": { "type": "LineString", "coordinates": [ [ -96.202983, 19.228419 ], [ -96.202889, 19.228499 ] ] } },
{ "type": "Feature", "properties": { "nombre": "Ferrosur", "tipo": "Libramiento / Vía Principal", "estado": "rail" }, "geometry": { "type": "LineString", "coordinates": [ [ -96.142744, 19.204602 ], [ -96.143586, 19.204098 ], [ -96.144362, 19.203654 ], [ -96.149591, 19.200499 ], [ -96.149864, 19.200319 ] ] } },
{ "type": "Feature", "properties": { "nombre": "Ferrosur", "tipo": "Libramiento / Vía Principal", "estado": "rail" }, "geometry": { "type": "LineString", "coordinates": [ [ -96.1501, 19.200128 ], [ -96.149757, 19.200349 ], [ -96.14413, 19.203732 ], [ -96.142717, 19.204563 ] ] } },
{ "type": "Feature", "properties": { "nombre": "Ferrosur", "tipo": "Libramiento / Vía Principal", "estado": "rail" }, "geometry": { "type": "LineString", "coordinates": [ [ -96.145017, 19.203536 ], [ -96.144865, 19.203666 ], [ -96.144659, 19.203935 ], [ -96.144299, 19.204577 ] ] } },
{ "type": "Feature", "properties": { "nombre": "Ferrosur", "tipo": "Libramiento / Vía Principal", "estado": "rail" }, "geometry": { "type": "LineString", "coordinates": [ [ -96.150801, 19.199609 ], [ -96.148951, 19.201147 ], [ -96.148797, 19.201249 ], [ -96.146575, 19.202579 ], [ -96.14604, 19.202951 ], [ -96.145163, 19.203511 ], [ -96.144978, 19.203644 ], [ -96.144863, 19.203743 ], [ -96.144671, 19.203996 ], [ -96.144318, 19.204588 ] ] } },
{ "type": "Feature", "properties": { "nombre": "Línea S", "tipo": "Libramiento / Vía Principal", "estado": "rail" }, "geometry": { "type": "LineString", "coordinates": [ [ -96.239185, 19.169795 ], [ -96.231903, 19.171279 ], [ -96.231342, 19.171369 ], [ -96.230725, 19.171419 ], [ -96.22993, 19.171419 ], [ -96.229708, 19.171408 ], [ -96.229205, 19.171354 ], [ -96.228482, 19.17123 ], [ -96.227785, 19.171054 ], [ -96.227294, 19.170886 ], [ -96.225771, 19.170294 ], [ -96.22235, 19.16899 ], [ -96.212398, 19.165225 ], [ -96.208459, 19.163709 ], [ -96.204307, 19.162167 ], [ -96.201675, 19.161132 ], [ -96.20053, 19.160821 ], [ -96.200019, 19.160746 ], [ -96.199458, 19.160716 ], [ -96.199065, 19.160725 ], [ -96.198419, 19.160781 ], [ -96.197903, 19.160902 ], [ -96.197372, 19.161073 ], [ -96.196903, 19.161283 ], [ -96.196439, 19.161557 ], [ -96.195712, 19.162156 ], [ -96.19523, 19.162615 ], [ -96.190817, 19.166936 ], [ -96.188724, 19.169013 ], [ -96.180541, 19.177173 ], [ -96.177494, 19.180182 ], [ -96.167933, 19.189704 ], [ -96.163442, 19.194213 ], [ -96.163039, 19.194546 ], [ -96.162537, 19.194906 ], [ -96.160518, 19.196207 ], [ -96.159949, 19.196531 ], [ -96.159282, 19.19686 ], [ -96.158558, 19.197152 ], [ -96.157829, 19.197392 ], [ -96.156853, 19.197657 ] ] } },
{ "type": "Feature", "properties": { "nombre": "Ferrosur", "tipo": "Libramiento / Vía Principal", "estado": "rail" }, "geometry": { "type": "LineString", "coordinates": [ [ -96.143902, 19.207037 ], [ -96.143846, 19.207159 ], [ -96.142501, 19.209334 ] ] } },
{ "type": "Feature", "properties": { "nombre": "Ferrosur", "tipo": "Libramiento / Vía Principal", "estado": "rail" }, "geometry": { "type": "LineString", "coordinates": [ [ -96.144318, 19.204588 ], [ -96.144179, 19.204903 ], [ -96.144131, 19.205119 ], [ -96.144033, 19.206541 ], [ -96.144018, 19.206664 ], [ -96.143981, 19.206824 ], [ -96.143902, 19.207037 ] ] } },
{ "type": "Feature", "properties": { "nombre": "Libramiento ferroviario de Veracruz", "tipo": "Libramiento / Vía Principal", "estado": "rail" }, "geometry": { "type": "LineString", "coordinates": [ [ -96.193152, 19.250003 ], [ -96.19251, 19.249895 ] ] } },
{ "type": "Feature", "properties": { "nombre": "Ferrosur / KCSM", "tipo": "Libramiento / Vía Principal", "estado": "rail" }, "geometry": { "type": "LineString", "coordinates": [ [ -96.191109, 19.249896 ], [ -96.190605, 19.2496 ], [ -96.190397, 19.249499 ], [ -96.190161, 19.249427 ], [ -96.189922, 19.249393 ], [ -96.186312, 19.249209 ], [ -96.182947, 19.249064 ], [ -96.182476, 19.249098 ], [ -96.182085, 19.249077 ], [ -96.181657, 19.248989 ], [ -96.181304, 19.24886 ], [ -96.181005, 19.248698 ], [ -96.180803, 19.248561 ], [ -96.180648, 19.248436 ], [ -96.180243, 19.248053 ], [ -96.179498, 19.247315 ], [ -96.179242, 19.2472 ], [ -96.179097, 19.247154 ], [ -96.17883, 19.247109 ], [ -96.17733, 19.247075 ], [ -96.176909, 19.247026 ], [ -96.175692, 19.246835 ], [ -96.174702, 19.246695 ], [ -96.171984, 19.246596 ] ] } },
{ "type": "Feature", "properties": { "nombre": "Ferrosur / KCSM", "tipo": "Libramiento / Vía Principal", "estado": "rail" }, "geometry": { "type": "LineString", "coordinates": [ [ -96.191084, 19.249932 ], [ -96.190639, 19.249667 ], [ -96.190428, 19.249557 ], [ -96.190196, 19.249477 ], [ -96.189967, 19.249438 ], [ -96.186309, 19.249258 ], [ -96.182943, 19.249119 ], [ -96.182151, 19.249108 ], [ -96.181824, 19.249053 ], [ -96.181621, 19.249004 ], [ -96.181344, 19.248909 ], [ -96.181004, 19.248742 ], [ -96.180789, 19.248607 ], [ -96.180597, 19.248478 ], [ -96.179684, 19.247539 ], [ -96.179482, 19.247369 ], [ -96.17936, 19.247289 ], [ -96.17923, 19.247232 ], [ -96.179067, 19.247187 ], [ -96.178927, 19.247163 ], [ -96.178309, 19.247173 ], [ -96.177394, 19.247137 ], [ -96.176572, 19.247028 ], [ -96.172016, 19.246861 ] ] } },
{ "type": "Feature", "properties": { "nombre": "Ferrosur / KCSM", "tipo": "Espuela / Patio Portuario", "estado": "platform" }, "geometry": { "type": "LineString", "coordinates": [ [ -96.139756, 19.20431 ], [ -96.141103, 19.203506 ] ] } },
{ "type": "Feature", "properties": { "nombre": "Ferrosur", "tipo": "Espuela / Patio Portuario", "estado": "disused" }, "geometry": { "type": "LineString", "coordinates": [ [ -96.14418, 19.20206 ], [ -96.143973, 19.202191 ] ] } },
{ "type": "Feature", "properties": { "nombre": "Ferrosur", "tipo": "Libramiento / Vía Principal", "estado": "rail" }, "geometry": { "type": "LineString", "coordinates": [ [ -96.1416, 19.204826 ], [ -96.140925, 19.205213 ] ] } },
{ "type": "Feature", "properties": { "nombre": "Línea V", "tipo": "Libramiento / Vía Principal", "estado": "rail" }, "geometry": { "type": "LineString", "coordinates": [ [ -96.197549, 19.174858 ], [ -96.198745, 19.174468 ] ] } },
{ "type": "Feature", "properties": { "nombre": "Línea V", "tipo": "Libramiento / Vía Principal", "estado": "rail" }, "geometry": { "type": "LineString", "coordinates": [ [ -96.197478, 19.174881 ], [ -96.197549, 19.174858 ] ] } },
{ "type": "Feature", "properties": { "nombre": "Línea V", "tipo": "Libramiento / Vía Principal", "estado": "rail" }, "geometry": { "type": "LineString", "coordinates": [ [ -96.198745, 19.174468 ], [ -96.198918, 19.174411 ] ] } },
{ "type": "Feature", "properties": { "nombre": "Línea V", "tipo": "Libramiento / Vía Principal", "estado": "rail" }, "geometry": { "type": "LineString", "coordinates": [ [ -96.156877, 19.197698 ], [ -96.157951, 19.197401 ], [ -96.158627, 19.197176 ], [ -96.159233, 19.196931 ], [ -96.159653, 19.196737 ], [ -96.160187, 19.196451 ], [ -96.161539, 19.195617 ], [ -96.16276, 19.194808 ], [ -96.163287, 19.194408 ], [ -96.163658, 19.194073 ], [ -96.167961, 19.189739 ], [ -96.170797, 19.186926 ], [ -96.172585, 19.185124 ], [ -96.172916, 19.184807 ], [ -96.174439, 19.183283 ], [ -96.17489, 19.182932 ], [ -96.175183, 19.182673 ], [ -96.175472, 19.182466 ], [ -96.176028, 19.182135 ], [ -96.176615, 19.181848 ], [ -96.176884, 19.181735 ], [ -96.177163, 19.181635 ], [ -96.197478, 19.174881 ] ] } },
{ "type": "Feature", "properties": { "nombre": "Ferrosur / KCSM", "tipo": "Libramiento / Vía Principal", "estado": "rail" }, "geometry": { "type": "LineString", "coordinates": [ [ -96.133805, 19.214945 ], [ -96.133231, 19.214795 ], [ -96.130784, 19.214385 ] ] } },
{ "type": "Feature", "properties": { "nombre": "Ferrosur / KCSM", "tipo": "Libramiento / Vía Principal", "estado": "rail" }, "geometry": { "type": "LineString", "coordinates": [ [ -96.141492, 19.210537 ], [ -96.141189, 19.210937 ], [ -96.140046, 19.212805 ] ] } },
{ "type": "Feature", "properties": { "nombre": "Ferrosur / KCSM", "tipo": "Libramiento / Vía Principal", "estado": "rail" }, "geometry": { "type": "LineString", "coordinates": [ [ -96.180903, 19.246486 ], [ -96.18074, 19.246571 ], [ -96.180572, 19.246677 ] ] } },
{ "type": "Feature", "properties": { "nombre": "Ferrosur / KCSM", "tipo": "Libramiento / Vía Principal", "estado": "rail" }, "geometry": { "type": "LineString", "coordinates": [ [ -96.181471, 19.246237 ], [ -96.181099, 19.246443 ] ] } },
{ "type": "Feature", "properties": { "nombre": "Ferrosur / KCSM", "tipo": "Libramiento / Vía Principal", "estado": "rail" }, "geometry": { "type": "LineString", "coordinates": [ [ -96.181488, 19.246091 ], [ -96.180994, 19.24615 ], [ -96.180656, 19.246232 ], [ -96.180387, 19.246342 ], [ -96.179676, 19.246699 ], [ -96.179402, 19.246796 ], [ -96.17921, 19.246837 ], [ -96.179001, 19.246862 ], [ -96.17859, 19.246855 ] ] } },
{ "type": "Feature", "properties": { "nombre": "Ferrosur / KCSM", "tipo": "Libramiento / Vía Principal", "estado": "rail" }, "geometry": { "type": "LineString", "coordinates": [ [ -96.182313, 19.246053 ], [ -96.181908, 19.246102 ], [ -96.181727, 19.246143 ], [ -96.181555, 19.246202 ], [ -96.180516, 19.246655 ], [ -96.180216, 19.246773 ], [ -96.179893, 19.246864 ], [ -96.179531, 19.246916 ], [ -96.179257, 19.246921 ], [ -96.178915, 19.246893 ], [ -96.176251, 19.246581 ], [ -96.176012, 19.246541 ], [ -96.175807, 19.246486 ], [ -96.175531, 19.246365 ], [ -96.175396, 19.246279 ], [ -96.175279, 19.246184 ], [ -96.175141, 19.246048 ], [ -96.175053, 19.24594 ], [ -96.174955, 19.245787 ], [ -96.174894, 19.245662 ], [ -96.174827, 19.245477 ], [ -96.174773, 19.245267 ], [ -96.174388, 19.243297 ] ] } },
{ "type": "Feature", "properties": { "nombre": "Ferrosur", "tipo": "Libramiento / Vía Principal", "estado": "rail" }, "geometry": { "type": "LineString", "coordinates": [ [ -96.172219, 19.185433 ], [ -96.172585, 19.185124 ] ] } },
{ "type": "Feature", "properties": { "nombre": "Ferrosur / KCSM", "tipo": "Libramiento / Vía Principal", "estado": "rail" }, "geometry": { "type": "LineString", "coordinates": [ [ -96.180243, 19.248053 ], [ -96.179862, 19.247722 ] ] } },
{ "type": "Feature", "properties": { "nombre": "Ferrosur / KCSM", "tipo": "Libramiento / Vía Principal", "estado": "rail" }, "geometry": { "type": "LineString", "coordinates": [ [ -96.138869, 19.214099 ], [ -96.138545, 19.214184 ], [ -96.135702, 19.214769 ], [ -96.135059, 19.214869 ], [ -96.134873, 19.214856 ], [ -96.133951, 19.214714 ], [ -96.130369, 19.214078 ] ] } },
{ "type": "Feature", "properties": { "nombre": "Ferrosur", "tipo": "Libramiento / Vía Principal", "estado": "rail" }, "geometry": { "type": "LineString", "coordinates": [ [ -96.142037, 19.203789 ], [ -96.147045, 19.200796 ], [ -96.147417, 19.200583 ] ] } },
{ "type": "Feature", "properties": { "nombre": "Ferrosur / KCSM", "tipo": "Libramiento / Vía Principal", "estado": "rail" }, "geometry": { "type": "LineString", "coordinates": [ [ -96.194186, 19.250991 ], [ -96.193291, 19.251 ], [ -96.193097, 19.250977 ], [ -96.192892, 19.25092 ], [ -96.192714, 19.250852 ], [ -96.19251, 19.250754 ], [ -96.191084, 19.249932 ] ] } },
{ "type": "Feature", "properties": { "nombre": "Ferrosur / KCSM", "tipo": "Libramiento / Vía Principal", "estado": "rail" }, "geometry": { "type": "LineString", "coordinates": [ [ -96.177775, 19.247153 ], [ -96.17755, 19.247131 ], [ -96.176909, 19.247026 ] ] } },
{ "type": "Feature", "properties": { "nombre": "Libramiento ferroviario de Veracruz", "tipo": "Libramiento / Vía Principal", "estado": "rail" }, "geometry": { "type": "LineString", "coordinates": [ [ -96.152911, 19.215831 ], [ -96.153567, 19.215795 ] ] } },
{ "type": "Feature", "properties": { "nombre": "Libramiento ferroviario de Veracruz", "tipo": "Libramiento / Vía Principal", "estado": "rail" }, "geometry": { "type": "LineString", "coordinates": [ [ -96.269519, 19.20401 ], [ -96.268905, 19.203575 ], [ -96.268127, 19.202953 ], [ -96.267899, 19.202792 ], [ -96.26773, 19.202697 ], [ -96.267434, 19.20257 ], [ -96.267156, 19.202504 ], [ -96.266799, 19.202442 ], [ -96.26647, 19.202418 ], [ -96.266196, 19.202429 ], [ -96.265934, 19.202467 ], [ -96.265533, 19.20257 ], [ -96.265232, 19.202702 ], [ -96.264923, 19.202866 ], [ -96.264597, 19.203119 ], [ -96.264331, 19.203384 ], [ -96.261564, 19.206911 ], [ -96.257053, 19.212609 ], [ -96.256805, 19.212961 ], [ -96.256625, 19.213243 ], [ -96.256276, 19.213879 ], [ -96.25598, 19.21452 ], [ -96.255731, 19.215197 ], [ -96.253549, 19.223049 ], [ -96.253389, 19.223663 ], [ -96.252905, 19.225357 ], [ -96.252772, 19.225773 ], [ -96.252621, 19.226183 ], [ -96.252284, 19.226963 ], [ -96.252107, 19.227325 ], [ -96.251844, 19.227819 ], [ -96.251388, 19.228581 ], [ -96.25119, 19.22887 ], [ -96.250904, 19.229255 ], [ -96.250396, 19.229883 ], [ -96.24978, 19.230571 ], [ -96.249443, 19.230913 ], [ -96.249091, 19.231242 ], [ -96.248549, 19.231688 ], [ -96.247713, 19.232305 ], [ -96.247534, 19.232421 ], [ -96.24732, 19.23254 ], [ -96.246994, 19.232691 ], [ -96.246771, 19.232779 ], [ -96.246586, 19.232832 ], [ -96.24638, 19.232873 ], [ -96.245875, 19.232923 ], [ -96.234391, 19.233091 ], [ -96.233608, 19.233058 ], [ -96.232924, 19.233 ], [ -96.23205, 19.232888 ], [ -96.231376, 19.23277 ], [ -96.23088, 19.232653 ], [ -96.23021, 19.232448 ], [ -96.229711, 19.232262 ], [ -96.229143, 19.232018 ] ] } },
{ "type": "Feature", "properties": { "nombre": "Libramiento ferroviario de Veracruz", "tipo": "Libramiento / Vía Principal", "estado": "rail" }, "geometry": { "type": "LineString", "coordinates": [ [ -96.204192, 19.227922 ], [ -96.2044, 19.227906 ], [ -96.20475, 19.227903 ], [ -96.206015, 19.227921 ], [ -96.20744, 19.227964 ], [ -96.209341, 19.228068 ], [ -96.211883, 19.228283 ], [ -96.212828, 19.228344 ], [ -96.21378, 19.22837 ], [ -96.215215, 19.228432 ], [ -96.218062, 19.228531 ], [ -96.219013, 19.228583 ], [ -96.220492, 19.228686 ], [ -96.221218, 19.228774 ], [ -96.222109, 19.228945 ], [ -96.223255, 19.229222 ], [ -96.223934, 19.22942 ], [ -96.224579, 19.229653 ], [ -96.225247, 19.229947 ], [ -96.22644, 19.230552 ], [ -96.227197, 19.230953 ], [ -96.228287, 19.231582 ] ] } },
{ "type": "Feature", "properties": { "nombre": "Libramiento ferroviario de Veracruz", "tipo": "Libramiento / Vía Principal", "estado": "rail" }, "geometry": { "type": "LineString", "coordinates": [ [ -96.228356, 19.231568 ], [ -96.227223, 19.23091 ], [ -96.226465, 19.230505 ], [ -96.225271, 19.229903 ], [ -96.2246, 19.229607 ], [ -96.223951, 19.229373 ], [ -96.223269, 19.229175 ], [ -96.222121, 19.228897 ], [ -96.221226, 19.228725 ], [ -96.220496, 19.228637 ], [ -96.219016, 19.228534 ], [ -96.218064, 19.228482 ], [ -96.215217, 19.228382 ], [ -96.213782, 19.228321 ], [ -96.213069, 19.228308 ], [ -96.211887, 19.228234 ], [ -96.209345, 19.228028 ], [ -96.207443, 19.227924 ], [ -96.206016, 19.227881 ], [ -96.204751, 19.227863 ], [ -96.204398, 19.227866 ], [ -96.204187, 19.227882 ] ] } },
{ "type": "Feature", "properties": { "nombre": "Ferrosur", "tipo": "Libramiento / Vía Principal", "estado": "rail" }, "geometry": { "type": "LineString", "coordinates": [ [ -96.185325, 19.172468 ], [ -96.185729, 19.172 ] ] } },
{ "type": "Feature", "properties": { "nombre": "Ferrosur / KCSM", "tipo": "Libramiento / Vía Principal", "estado": "rail" }, "geometry": { "type": "LineString", "coordinates": [ [ -96.146229, 19.198404 ], [ -96.146158, 19.198491 ] ] } },
{ "type": "Feature", "properties": { "nombre": "Ferrosur / KCSM", "tipo": "Libramiento / Vía Principal", "estado": "rail" }, "geometry": { "type": "LineString", "coordinates": [ [ -96.244885, 19.168781 ], [ -96.244244, 19.168823 ], [ -96.242698, 19.169046 ], [ -96.241439, 19.169282 ], [ -96.240861, 19.169453 ] ] } },
{ "type": "Feature", "properties": { "nombre": "Línea S", "tipo": "Libramiento / Vía Principal", "estado": "rail" }, "geometry": { "type": "LineString", "coordinates": [ [ -96.256627, 19.167155 ], [ -96.242702, 19.16909 ], [ -96.242227, 19.169175 ], [ -96.239185, 19.169795 ] ] } },
{ "type": "Feature", "properties": { "nombre": "Libramiento ferroviario de Veracruz", "tipo": "Libramiento / Vía Principal", "estado": "rail" }, "geometry": { "type": "LineString", "coordinates": [ [ -96.146963, 19.215717 ], [ -96.147609, 19.215662 ] ] } }
]
}
