{
"type": "FeatureCollection",
"name": "red_vial_corredor_logistico_fed_140_180",
"crs": { "type": "name", "properties": { "name": "urn:ogc:def:crs:OGC:1.3:CRS84" } },
"xy_coordinate_resolution": 1e-06,
"features": [
{ "type": "Feature", "properties": { "nombre": "Boulevard Miguel Alemán", "jerarquia": "secondary", "ref": null }, "geometry": { "type": "LineString", "coordinates": [ [ -96.108819, 19.140391 ], [ -96.10874, 19.140258 ], [ -96.1083, 19.140119 ], [ -96.10804, 19.139858 ], [ -96.107811, 19.139519 ], [ -96.107647, 19.139176 ], [ -96.10683, 19.137686 ], [ -96.105974, 19.136192 ], [ -96.105792, 19.135763 ], [ -96.105727, 19.135495 ], [ -96.105724, 19.134925 ] ] } },
{ "type": "Feature", "properties": { "nombre": "Boulevard Miguel Alemán", "jerarquia": "secondary", "ref": null }, "geometry": { "type": "LineString", "coordinates": [ [ -96.105119, 19.134753 ], [ -96.105154, 19.13501 ], [ -96.105279, 19.135296 ], [ -96.105589, 19.135757 ], [ -96.106177, 19.136758 ], [ -96.106937, 19.138213 ], [ -96.107721, 19.139571 ], [ -96.107803, 19.139812 ], [ -96.107838, 19.140102 ], [ -96.107871, 19.140192 ], [ -96.107968, 19.140298 ], [ -96.108128, 19.140399 ], [ -96.108429, 19.140451 ] ] } },
{ "type": "Feature", "properties": { "nombre": "Corredor Logístico", "jerarquia": "primary", "ref": null }, "geometry": { "type": "LineString", "coordinates": [ [ -96.104027, 19.141151 ], [ -96.104063, 19.141008 ], [ -96.104045, 19.140906 ] ] } },
{ "type": "Feature", "properties": { "nombre": "Boulevard Adolfo Ruiz Cortines", "jerarquia": "primary", "ref": null }, "geometry": { "type": "LineString", "coordinates": [ [ -96.116615, 19.169362 ], [ -96.116783, 19.168714 ], [ -96.116854, 19.168319 ], [ -96.116849, 19.168198 ], [ -96.116816, 19.168083 ], [ -96.116709, 19.167935 ], [ -96.116591, 19.167813 ], [ -96.11626, 19.167596 ], [ -96.113298, 19.166106 ] ] } },
{ "type": "Feature", "properties": { "nombre": "Bulevar Manuel Ávila Camacho", "jerarquia": "primary", "ref": null }, "geometry": { "type": "LineString", "coordinates": [ [ -96.119429, 19.172933 ], [ -96.119663, 19.173373 ], [ -96.119912, 19.173913 ], [ -96.120523, 19.175679 ], [ -96.120854, 19.176465 ], [ -96.121046, 19.176799 ], [ -96.121316, 19.177154 ], [ -96.121499, 19.177351 ], [ -96.123452, 19.179157 ], [ -96.123732, 19.179516 ], [ -96.123938, 19.179831 ], [ -96.124016, 19.179959 ], [ -96.124138, 19.180232 ], [ -96.124353, 19.180862 ], [ -96.124434, 19.181267 ], [ -96.124775, 19.183423 ], [ -96.12479, 19.183799 ], [ -96.124749, 19.18408 ], [ -96.12465, 19.18439 ], [ -96.124418, 19.184984 ] ] } },
{ "type": "Feature", "properties": { "nombre": "Autopista Córdoba - Veracruz", "jerarquia": "motorway", "ref": "MEX 150D" }, "geometry": { "type": "LineString", "coordinates": [ [ -96.14892, 19.140023 ], [ -96.149511, 19.139627 ] ] } },
{ "type": "Feature", "properties": { "nombre": "Autopista Córdoba - Veracruz", "jerarquia": "motorway", "ref": "MEX 150D" }, "geometry": { "type": "LineString", "coordinates": [ [ -96.148677, 19.140076 ], [ -96.147838, 19.140669 ] ] } },
{ "type": "Feature", "properties": { "nombre": "Autopista Córdoba - Veracruz", "jerarquia": "motorway", "ref": "MEX 150D" }, "geometry": { "type": "LineString", "coordinates": [ [ -96.149412, 19.139586 ], [ -96.148677, 19.140076 ] ] } },
{ "type": "Feature", "properties": { "nombre": "Autopista Córdoba - Veracruz", "jerarquia": "motorway", "ref": "MEX 150D" }, "geometry": { "type": "LineString", "coordinates": [ [ -96.147885, 19.140742 ], [ -96.14892, 19.140023 ] ] } },
{ "type": "Feature", "properties": { "nombre": "Autopista Córdoba - Veracruz", "jerarquia": "motorway", "ref": "MEX 150D" }, "geometry": { "type": "LineString", "coordinates": [ [ -96.147695, 19.140895 ], [ -96.147885, 19.140742 ] ] } },
{ "type": "Feature", "properties": { "nombre": "Autopista Córdoba - Veracruz", "jerarquia": "motorway", "ref": "MEX 150D" }, "geometry": { "type": "LineString", "coordinates": [ [ -96.147838, 19.140669 ], [ -96.147636, 19.140817 ] ] } },
{ "type": "Feature", "properties": { "nombre": "Avenida Cuauhtémoc", "jerarquia": "secondary", "ref": null }, "geometry": { "type": "LineString", "coordinates": [ [ -96.159339, 19.204868 ], [ -96.158632, 19.203964 ], [ -96.158029, 19.203139 ], [ -96.157382, 19.202305 ], [ -96.155438, 19.199719 ] ] } },
{ "type": "Feature", "properties": { "nombre": "Calle J. B. Lobos", "jerarquia": "secondary", "ref": null }, "geometry": { "type": "LineString", "coordinates": [ [ -96.174927, 19.157717 ], [ -96.174976, 19.158472 ], [ -96.17498, 19.158772 ], [ -96.174962, 19.158904 ], [ -96.174928, 19.159147 ], [ -96.174799, 19.159431 ], [ -96.174652, 19.159692 ], [ -96.174451, 19.159927 ], [ -96.173761, 19.160543 ], [ -96.172312, 19.161815 ], [ -96.171645, 19.162366 ], [ -96.169891, 19.16392 ] ] } },
{ "type": "Feature", "properties": { "nombre": "Boulevard Manuel Ávila Camacho", "jerarquia": "secondary", "ref": null }, "geometry": { "type": "LineString", "coordinates": [ [ -96.116412, 19.169221 ], [ -96.11618, 19.169108 ], [ -96.113958, 19.168459 ], [ -96.112458, 19.168155 ], [ -96.111332, 19.167906 ], [ -96.110027, 19.167657 ], [ -96.108861, 19.16741 ], [ -96.108683, 19.167368 ], [ -96.108565, 19.16732 ], [ -96.10833, 19.167165 ], [ -96.108126, 19.166988 ], [ -96.107977, 19.166824 ], [ -96.107649, 19.166396 ], [ -96.107592, 19.16635 ], [ -96.107425, 19.166254 ], [ -96.106807, 19.166026 ], [ -96.106251, 19.165749 ], [ -96.106114, 19.165644 ], [ -96.105978, 19.165386 ], [ -96.105741, 19.164716 ], [ -96.105673, 19.164592 ], [ -96.104598, 19.163195 ], [ -96.104482, 19.163085 ], [ -96.103521, 19.162437 ], [ -96.103362, 19.162286 ], [ -96.102902, 19.161758 ], [ -96.102559, 19.161412 ] ] } },
{ "type": "Feature", "properties": { "nombre": "Boulevard Adolfo Ruiz Cortines", "jerarquia": "primary", "ref": "MEX 180" }, "geometry": { "type": "LineString", "coordinates": [ [ -96.103906, 19.141355 ], [ -96.103894, 19.14103 ], [ -96.103838, 19.140677 ] ] } },
{ "type": "Feature", "properties": { "nombre": "Boulevard Adolfo Ruiz Cortines", "jerarquia": "primary", "ref": "MEX 180" }, "geometry": { "type": "LineString", "coordinates": [ [ -96.10354, 19.140661 ], [ -96.103518, 19.141028 ], [ -96.103579, 19.141394 ] ] } },
{ "type": "Feature", "properties": { "nombre": "Avenida Salvador Díaz Mirón", "jerarquia": "secondary", "ref": null }, "geometry": { "type": "LineString", "coordinates": [ [ -96.129187, 19.148673 ], [ -96.129123, 19.148265 ], [ -96.129123, 19.14786 ], [ -96.129193, 19.147314 ], [ -96.129208, 19.147054 ], [ -96.129117, 19.146695 ], [ -96.128957, 19.146455 ], [ -96.128727, 19.14625 ], [ -96.127948, 19.145863 ] ] } },
{ "type": "Feature", "properties": { "nombre": "Avenida de las Americas", "jerarquia": "primary", "ref": "MEX 140" }, "geometry": { "type": "LineString", "coordinates": [ [ -96.104027, 19.141151 ], [ -96.104217, 19.141096 ], [ -96.105228, 19.141136 ], [ -96.105552, 19.1411 ], [ -96.106326, 19.140946 ], [ -96.107024, 19.140697 ], [ -96.107613, 19.140579 ], [ -96.108429, 19.140451 ] ] } },
{ "type": "Feature", "properties": { "nombre": "Boulevard Manuel Ávila Camacho", "jerarquia": "secondary", "ref": null }, "geometry": { "type": "LineString", "coordinates": [ [ -96.103411, 19.140888 ], [ -96.103172, 19.140923 ], [ -96.102973, 19.140925 ], [ -96.102202, 19.140892 ], [ -96.101946, 19.140924 ], [ -96.101834, 19.140967 ], [ -96.101653, 19.141085 ], [ -96.101479, 19.141284 ], [ -96.101408, 19.141425 ], [ -96.100695, 19.143215 ], [ -96.100616, 19.143353 ], [ -96.099605, 19.144651 ], [ -96.099441, 19.144797 ], [ -96.099132, 19.145025 ], [ -96.098445, 19.145389 ], [ -96.09822, 19.145492 ], [ -96.096931, 19.145984 ], [ -96.09655, 19.146158 ], [ -96.096406, 19.146272 ], [ -96.095814, 19.146837 ], [ -96.095591, 19.147084 ], [ -96.095463, 19.147279 ], [ -96.095351, 19.147516 ], [ -96.095165, 19.148017 ], [ -96.095113, 19.148222 ], [ -96.095105, 19.148328 ], [ -96.095138, 19.148544 ], [ -96.095378, 19.14914 ], [ -96.095451, 19.149417 ], [ -96.095486, 19.149728 ], [ -96.095478, 19.149985 ], [ -96.095428, 19.150441 ], [ -96.095478, 19.150782 ], [ -96.095542, 19.151 ], [ -96.095929, 19.151883 ], [ -96.097659, 19.155258 ], [ -96.100114, 19.158812 ], [ -96.100379, 19.159154 ], [ -96.103372, 19.162416 ], [ -96.103481, 19.162509 ], [ -96.104399, 19.163125 ], [ -96.104649, 19.163374 ], [ -96.105161, 19.164084 ], [ -96.105598, 19.164626 ], [ -96.10574, 19.16491 ], [ -96.10594, 19.165533 ], [ -96.106088, 19.165723 ], [ -96.106179, 19.165789 ], [ -96.106626, 19.166018 ], [ -96.1069, 19.16614 ], [ -96.107405, 19.166319 ], [ -96.107504, 19.16638 ], [ -96.107669, 19.166537 ], [ -96.108069, 19.167043 ], [ -96.108232, 19.167187 ], [ -96.108407, 19.16731 ], [ -96.108637, 19.167423 ], [ -96.113946, 19.168538 ], [ -96.115054, 19.168852 ], [ -96.115756, 19.169071 ], [ -96.116088, 19.1692 ], [ -96.116355, 19.169356 ] ] } },
{ "type": "Feature", "properties": { "nombre": "Avenida Urano", "jerarquia": "secondary", "ref": null }, "geometry": { "type": "LineString", "coordinates": [ [ -96.108429, 19.140451 ], [ -96.108634, 19.140493 ], [ -96.108781, 19.140565 ], [ -96.108894, 19.140689 ], [ -96.10901, 19.140863 ], [ -96.110258, 19.143051 ], [ -96.111491, 19.145083 ], [ -96.112264, 19.146403 ], [ -96.112971, 19.147548 ], [ -96.113181, 19.147978 ], [ -96.113305, 19.148296 ], [ -96.113478, 19.148948 ], [ -96.114254, 19.152937 ], [ -96.114406, 19.153627 ], [ -96.114585, 19.154631 ], [ -96.114649, 19.154841 ], [ -96.115046, 19.15576 ], [ -96.117127, 19.159756 ], [ -96.117194, 19.159925 ], [ -96.117218, 19.160127 ], [ -96.117148, 19.160568 ] ] } },
{ "type": "Feature", "properties": { "nombre": "Calzada Costa Verde", "jerarquia": "secondary", "ref": null }, "geometry": { "type": "LineString", "coordinates": [ [ -96.118573, 19.168653 ], [ -96.118528, 19.168548 ], [ -96.118213, 19.167382 ], [ -96.118053, 19.166945 ], [ -96.116985, 19.164678 ], [ -96.116849, 19.164352 ], [ -96.116754, 19.163905 ], [ -96.116728, 19.163448 ], [ -96.116746, 19.163247 ], [ -96.117261, 19.160584 ] ] } },
{ "type": "Feature", "properties": { "nombre": "Avenida Salvador Díaz Mirón", "jerarquia": "secondary", "ref": null }, "geometry": { "type": "LineString", "coordinates": [ [ -96.135109, 19.19425 ], [ -96.135101, 19.195187 ] ] } },
{ "type": "Feature", "properties": { "nombre": "Calle Ignacio Allende", "jerarquia": "primary", "ref": null }, "geometry": { "type": "LineString", "coordinates": [ [ -96.151368, 19.206322 ], [ -96.15007, 19.204553 ], [ -96.149818, 19.204236 ], [ -96.149623, 19.20403 ] ] } },
{ "type": "Feature", "properties": { "nombre": "Boulevard Fidel Velázquez", "jerarquia": "primary", "ref": null }, "geometry": { "type": "LineString", "coordinates": [ [ -96.144932, 19.20861 ], [ -96.14447, 19.208737 ] ] } },
{ "type": "Feature", "properties": { "nombre": "Puente Morelos", "jerarquia": "primary", "ref": null }, "geometry": { "type": "LineString", "coordinates": [ [ -96.142412, 19.206669 ], [ -96.139959, 19.20357 ], [ -96.139055, 19.202658 ] ] } },
{ "type": "Feature", "properties": { "nombre": "Avenida Miguel Ángel de Quevedo", "jerarquia": "secondary", "ref": null }, "geometry": { "type": "LineString", "coordinates": [ [ -96.144168, 19.181572 ], [ -96.144706, 19.182465 ], [ -96.145188, 19.183418 ], [ -96.145699, 19.184343 ], [ -96.146246, 19.185458 ], [ -96.146428, 19.185735 ], [ -96.146542, 19.185829 ], [ -96.146919, 19.186068 ], [ -96.148096, 19.187629 ], [ -96.148859, 19.188506 ], [ -96.149014, 19.188599 ], [ -96.14941, 19.188748 ], [ -96.149766, 19.188922 ], [ -96.149865, 19.188997 ], [ -96.150239, 19.189397 ], [ -96.151475, 19.190863 ], [ -96.151906, 19.191442 ], [ -96.152188, 19.19191 ], [ -96.152527, 19.192695 ], [ -96.152663, 19.192917 ], [ -96.15315, 19.19361 ], [ -96.153857, 19.194522 ], [ -96.154832, 19.195472 ], [ -96.155256, 19.195839 ] ] } },
{ "type": "Feature", "properties": { "nombre": "Avenida Miguel Ángel de Quevedo", "jerarquia": "secondary", "ref": null }, "geometry": { "type": "LineString", "coordinates": [ [ -96.157385, 19.210252 ], [ -96.157626, 19.209676 ], [ -96.158162, 19.208196 ], [ -96.158823, 19.206491 ], [ -96.159346, 19.205168 ], [ -96.159426, 19.205008 ] ] } },
{ "type": "Feature", "properties": { "nombre": "Calle Esteban Morales", "jerarquia": "secondary", "ref": null }, "geometry": { "type": "LineString", "coordinates": [ [ -96.13524, 19.198552 ], [ -96.138585, 19.196256 ], [ -96.139362, 19.195703 ], [ -96.14029, 19.195087 ], [ -96.14216, 19.193766 ] ] } },
{ "type": "Feature", "properties": { "nombre": "Calle Hernán Cortés", "jerarquia": "secondary", "ref": null }, "geometry": { "type": "LineString", "coordinates": [ [ -96.140684, 19.191741 ], [ -96.147673, 19.186895 ] ] } },
{ "type": "Feature", "properties": { "nombre": "Avenida Ignacio Zaragoza", "jerarquia": "primary", "ref": null }, "geometry": { "type": "LineString", "coordinates": [ [ -96.138512, 19.201957 ], [ -96.138315, 19.201743 ], [ -96.137477, 19.200565 ], [ -96.135133, 19.197526 ] ] } },
{ "type": "Feature", "properties": { "nombre": "Calzada Simón Bolívar", "jerarquia": "secondary", "ref": null }, "geometry": { "type": "LineString", "coordinates": [ [ -96.132318, 19.174023 ], [ -96.128216, 19.174687 ], [ -96.125642, 19.175136 ], [ -96.120642, 19.175965 ] ] } },
{ "type": "Feature", "properties": { "nombre": "Avenida Francisco Landero y Coss", "jerarquia": "primary", "ref": null }, "geometry": { "type": "LineString", "coordinates": [ [ -96.13524, 19.198552 ], [ -96.137009, 19.200863 ], [ -96.137278, 19.201163 ], [ -96.137364, 19.201206 ], [ -96.137492, 19.201233 ] ] } },
{ "type": "Feature", "properties": { "nombre": "Avenida Xalapa", "jerarquia": "secondary", "ref": null }, "geometry": { "type": "LineString", "coordinates": [ [ -96.147101, 19.176993 ], [ -96.145462, 19.177247 ], [ -96.141981, 19.177893 ] ] } },
{ "type": "Feature", "properties": { "nombre": "Calle Paseo de la Armada de México", "jerarquia": "secondary", "ref": null }, "geometry": { "type": "LineString", "coordinates": [ [ -96.132791, 19.16404 ], [ -96.133105, 19.163864 ], [ -96.13321, 19.163826 ], [ -96.133452, 19.163775 ], [ -96.135624, 19.163489 ], [ -96.137934, 19.16323 ], [ -96.138138, 19.163157 ] ] } },
{ "type": "Feature", "properties": { "nombre": "Calle Paseo de la Armada de México", "jerarquia": "secondary", "ref": null }, "geometry": { "type": "LineString", "coordinates": [ [ -96.138138, 19.163157 ], [ -96.137987, 19.163107 ], [ -96.137636, 19.163144 ], [ -96.13405, 19.163604 ], [ -96.133305, 19.163669 ], [ -96.133163, 19.163719 ], [ -96.132719, 19.163986 ] ] } },
{ "type": "Feature", "properties": { "nombre": "Avenida Calzada Juan Pablo II", "jerarquia": "secondary", "ref": null }, "geometry": { "type": "LineString", "coordinates": [ [ -96.131475, 19.161894 ], [ -96.128784, 19.161825 ], [ -96.125291, 19.161782 ], [ -96.121054, 19.161384 ], [ -96.119346, 19.160918 ], [ -96.118287, 19.160671 ], [ -96.116209, 19.160303 ], [ -96.113403, 19.159768 ] ] } },
{ "type": "Feature", "properties": { "nombre": "Calle J. B. Lobos", "jerarquia": "secondary", "ref": null }, "geometry": { "type": "LineString", "coordinates": [ [ -96.154494, 19.174132 ], [ -96.154377, 19.1742 ], [ -96.154077, 19.17428 ], [ -96.15398, 19.174381 ] ] } },
{ "type": "Feature", "properties": { "nombre": "Avenida Salvador Díaz Mirón", "jerarquia": "secondary", "ref": null }, "geometry": { "type": "LineString", "coordinates": [ [ -96.13163, 19.162945 ], [ -96.131758, 19.163152 ], [ -96.131921, 19.163354 ], [ -96.132172, 19.163577 ], [ -96.132791, 19.16404 ], [ -96.132938, 19.164188 ], [ -96.133102, 19.164446 ], [ -96.133157, 19.164603 ], [ -96.133417, 19.16631 ], [ -96.13372, 19.168483 ], [ -96.133801, 19.169837 ] ] } },
{ "type": "Feature", "properties": { "nombre": "Avenida Ejército Mexicano Oriente", "jerarquia": "secondary", "ref": "MEX 140" }, "geometry": { "type": "LineString", "coordinates": [ [ -96.127948, 19.145863 ], [ -96.12653, 19.145162 ] ] } },
{ "type": "Feature", "properties": { "nombre": "Avenida Urano", "jerarquia": "secondary", "ref": null }, "geometry": { "type": "LineString", "coordinates": [ [ -96.117261, 19.160584 ], [ -96.117338, 19.160138 ], [ -96.117335, 19.160011 ], [ -96.117306, 19.159875 ], [ -96.117039, 19.159306 ], [ -96.116463, 19.158213 ], [ -96.115855, 19.156963 ], [ -96.115059, 19.155455 ], [ -96.114784, 19.154785 ], [ -96.114735, 19.154601 ], [ -96.114561, 19.153602 ], [ -96.1143, 19.152365 ], [ -96.113616, 19.148922 ], [ -96.113463, 19.148328 ], [ -96.113316, 19.147926 ], [ -96.113081, 19.14748 ], [ -96.111513, 19.144831 ], [ -96.111043, 19.144083 ], [ -96.109759, 19.141915 ], [ -96.109384, 19.141248 ], [ -96.108907, 19.140492 ], [ -96.108819, 19.140391 ] ] } },
{ "type": "Feature", "properties": { "nombre": "Calzada Costa Verde", "jerarquia": "secondary", "ref": null }, "geometry": { "type": "LineString", "coordinates": [ [ -96.117148, 19.160568 ], [ -96.116623, 19.163228 ], [ -96.116601, 19.163452 ], [ -96.116605, 19.163701 ], [ -96.116634, 19.163941 ], [ -96.116731, 19.164388 ], [ -96.116896, 19.164818 ], [ -96.118009, 19.167133 ], [ -96.118103, 19.167396 ], [ -96.118436, 19.168659 ] ] } },
{ "type": "Feature", "properties": { "nombre": "Bulevar Manuel Ávila Camacho", "jerarquia": "primary", "ref": null }, "geometry": { "type": "LineString", "coordinates": [ [ -96.130248, 19.197695 ], [ -96.130072, 19.197653 ], [ -96.130014, 19.197612 ], [ -96.129747, 19.19726 ] ] } },
{ "type": "Feature", "properties": { "nombre": "Calle General Andrés Figueroa", "jerarquia": "primary", "ref": null }, "geometry": { "type": "LineString", "coordinates": [ [ -96.130147, 19.198288 ], [ -96.130728, 19.19916 ], [ -96.131772, 19.200781 ] ] } },
{ "type": "Feature", "properties": { "nombre": "Calle J. B. Lobos", "jerarquia": "secondary", "ref": null }, "geometry": { "type": "LineString", "coordinates": [ [ -96.169981, 19.164027 ], [ -96.171929, 19.162266 ], [ -96.172488, 19.161812 ], [ -96.174426, 19.160087 ], [ -96.174575, 19.159945 ], [ -96.174716, 19.159764 ], [ -96.174889, 19.159492 ], [ -96.175, 19.159228 ], [ -96.175081, 19.15893 ], [ -96.175101, 19.158658 ], [ -96.174999, 19.157024 ], [ -96.175006, 19.1565 ] ] } },
{ "type": "Feature", "properties": { "nombre": "Doctor Rafaél Cuervo X", "jerarquia": "primary", "ref": null }, "geometry": { "type": "LineString", "coordinates": [ [ -96.171615, 19.215783 ], [ -96.170771, 19.215812 ], [ -96.169182, 19.21593 ], [ -96.168801, 19.215933 ], [ -96.168319, 19.215858 ], [ -96.168126, 19.215805 ], [ -96.16773, 19.215658 ], [ -96.165936, 19.214884 ], [ -96.163886, 19.21395 ], [ -96.161533, 19.212829 ] ] } },
{ "type": "Feature", "properties": { "nombre": "Avenida Doctor Joaquín Perea Blanco", "jerarquia": "secondary", "ref": null }, "geometry": { "type": "LineString", "coordinates": [ [ -96.188509, 19.214994 ], [ -96.188726, 19.21489 ], [ -96.188765, 19.214848 ], [ -96.18878, 19.214772 ] ] } },
{ "type": "Feature", "properties": { "nombre": "Avenida Xalapa", "jerarquia": "secondary", "ref": null }, "geometry": { "type": "LineString", "coordinates": [ [ -96.136397, 19.178887 ], [ -96.140087, 19.178306 ] ] } },
{ "type": "Feature", "properties": { "nombre": "Avenida Xalapa", "jerarquia": "secondary", "ref": null }, "geometry": { "type": "LineString", "coordinates": [ [ -96.139945, 19.178201 ], [ -96.136385, 19.178741 ] ] } },
{ "type": "Feature", "properties": { "nombre": "Avenida Veracruz", "jerarquia": "secondary", "ref": null }, "geometry": { "type": "LineString", "coordinates": [ [ -96.16625, 19.208091 ], [ -96.16638, 19.208191 ], [ -96.167561, 19.208773 ], [ -96.16826, 19.209181 ], [ -96.17019, 19.210101 ], [ -96.170511, 19.210229 ], [ -96.171008, 19.210359 ], [ -96.171519, 19.21046 ], [ -96.17271, 19.210572 ], [ -96.17386, 19.210707 ], [ -96.174373, 19.21073 ], [ -96.174832, 19.210714 ], [ -96.175322, 19.210634 ] ] } },
{ "type": "Feature", "properties": { "nombre": "Calle Río Medio", "jerarquia": "secondary", "ref": null }, "geometry": { "type": "LineString", "coordinates": [ [ -96.198227, 19.203491 ], [ -96.198291, 19.203713 ], [ -96.198298, 19.203888 ], [ -96.199985, 19.210191 ], [ -96.200028, 19.210521 ], [ -96.200136, 19.211867 ], [ -96.200239, 19.213828 ] ] } },
{ "type": "Feature", "properties": { "nombre": "Calle Paseo de los Juncos", "jerarquia": "secondary", "ref": null }, "geometry": { "type": "LineString", "coordinates": [ [ -96.133892, 19.149939 ], [ -96.137982, 19.15194 ], [ -96.141469, 19.153613 ], [ -96.142169, 19.153967 ] ] } },
{ "type": "Feature", "properties": { "nombre": "Calle Paseo de los Ébanos", "jerarquia": "secondary", "ref": null }, "geometry": { "type": "LineString", "coordinates": [ [ -96.13714, 19.151524 ], [ -96.139302, 19.14679 ] ] } },
{ "type": "Feature", "properties": { "nombre": "Calle Paseo de los Cedros", "jerarquia": "secondary", "ref": null }, "geometry": { "type": "LineString", "coordinates": [ [ -96.134724, 19.155374 ], [ -96.133195, 19.155547 ], [ -96.130596, 19.155683 ] ] } },
{ "type": "Feature", "properties": { "nombre": "Calle Paseo Floresta Oriente", "jerarquia": "secondary", "ref": null }, "geometry": { "type": "LineString", "coordinates": [ [ -96.135686, 19.163482 ], [ -96.135227, 19.159395 ], [ -96.134875, 19.15652 ], [ -96.133981, 19.149897 ] ] } },
{ "type": "Feature", "properties": { "nombre": "Calle Paseo de los Juncos", "jerarquia": "secondary", "ref": null }, "geometry": { "type": "LineString", "coordinates": [ [ -96.142206, 19.153889 ], [ -96.140046, 19.152843 ], [ -96.138914, 19.152261 ], [ -96.138036, 19.151833 ], [ -96.133878, 19.149839 ] ] } },
{ "type": "Feature", "properties": { "nombre": "Calle Paseo de los Cedros", "jerarquia": "secondary", "ref": null }, "geometry": { "type": "LineString", "coordinates": [ [ -96.130613, 19.155765 ], [ -96.132896, 19.155651 ], [ -96.133672, 19.155586 ], [ -96.134738, 19.155459 ] ] } },
{ "type": "Feature", "properties": { "nombre": "Calle Paseo de los Ébanos", "jerarquia": "secondary", "ref": null }, "geometry": { "type": "LineString", "coordinates": [ [ -96.137504, 19.142162 ], [ -96.137691, 19.142145 ], [ -96.137832, 19.142166 ], [ -96.138056, 19.142279 ], [ -96.138729, 19.142731 ], [ -96.139321, 19.143147 ], [ -96.13969, 19.143451 ], [ -96.139908, 19.143697 ], [ -96.140029, 19.143923 ], [ -96.140124, 19.144248 ], [ -96.140141, 19.144556 ], [ -96.140124, 19.144855 ], [ -96.140045, 19.145219 ], [ -96.139952, 19.14547 ], [ -96.139722, 19.145883 ], [ -96.139454, 19.146309 ], [ -96.139278, 19.146644 ] ] } },
{ "type": "Feature", "properties": { "nombre": "Carretera Valente Díaz - Dos Lomas", "jerarquia": "secondary", "ref": null }, "geometry": { "type": "LineString", "coordinates": [ [ -96.217626, 19.150242 ], [ -96.217403, 19.150577 ], [ -96.217254, 19.150718 ], [ -96.21712, 19.1508 ], [ -96.216955, 19.150857 ], [ -96.216795, 19.150872 ] ] } },
{ "type": "Feature", "properties": { "nombre": "Avenida Ursulo Galvan", "jerarquia": "secondary", "ref": null }, "geometry": { "type": "LineString", "coordinates": [ [ -96.222499, 19.1717 ], [ -96.22276, 19.172457 ], [ -96.222864, 19.173784 ], [ -96.222777, 19.174267 ], [ -96.222223, 19.176307 ], [ -96.22215, 19.176498 ], [ -96.22172, 19.17727 ], [ -96.221362, 19.17805 ], [ -96.221207, 19.178488 ], [ -96.221187, 19.178632 ], [ -96.221201, 19.179126 ], [ -96.221222, 19.179296 ] ] } },
{ "type": "Feature", "properties": { "nombre": "Calle Ignacio Allende", "jerarquia": "primary", "ref": null }, "geometry": { "type": "LineString", "coordinates": [ [ -96.149545, 19.204082 ], [ -96.149717, 19.20429 ], [ -96.149935, 19.204679 ], [ -96.150574, 19.205556 ], [ -96.151231, 19.206399 ] ] } },
{ "type": "Feature", "properties": { "nombre": "Avenida Ignacio Allende", "jerarquia": "primary", "ref": null }, "geometry": { "type": "LineString", "coordinates": [ [ -96.144705, 19.197301 ], [ -96.144376, 19.196805 ], [ -96.140684, 19.191741 ] ] } },
{ "type": "Feature", "properties": { "nombre": "Calle Ignacio Allende", "jerarquia": "primary", "ref": null }, "geometry": { "type": "LineString", "coordinates": [ [ -96.149623, 19.20403 ], [ -96.148182, 19.202047 ], [ -96.147997, 19.201812 ], [ -96.147647, 19.201444 ], [ -96.147411, 19.201266 ], [ -96.146376, 19.200673 ], [ -96.146214, 19.200526 ], [ -96.146083, 19.200368 ], [ -96.145877, 19.199982 ], [ -96.145803, 19.199727 ], [ -96.145746, 19.199132 ], [ -96.145703, 19.198905 ], [ -96.145607, 19.198654 ], [ -96.145506, 19.198452 ], [ -96.145182, 19.19803 ] ] } },
{ "type": "Feature", "properties": { "nombre": "Avenida Cuauhtémoc", "jerarquia": "secondary", "ref": null }, "geometry": { "type": "LineString", "coordinates": [ [ -96.153283, 19.196971 ], [ -96.154014, 19.197964 ] ] } },
{ "type": "Feature", "properties": { "nombre": "Avenida Cuauhtémoc", "jerarquia": "secondary", "ref": null }, "geometry": { "type": "LineString", "coordinates": [ [ -96.155438, 19.199719 ], [ -96.154909, 19.199006 ] ] } },
{ "type": "Feature", "properties": { "nombre": "Avenida Cuauhtémoc", "jerarquia": "secondary", "ref": null }, "geometry": { "type": "LineString", "coordinates": [ [ -96.155319, 19.199736 ], [ -96.156617, 19.201538 ], [ -96.157901, 19.203219 ], [ -96.159242, 19.205019 ] ] } },
{ "type": "Feature", "properties": { "nombre": "Avenida Miguel Ángel de Quevedo", "jerarquia": "secondary", "ref": null }, "geometry": { "type": "LineString", "coordinates": [ [ -96.155256, 19.195839 ], [ -96.155892, 19.196435 ], [ -96.156091, 19.196699 ] ] } },
{ "type": "Feature", "properties": { "nombre": "Avenida Miguel Ángel de Quevedo", "jerarquia": "secondary", "ref": null }, "geometry": { "type": "LineString", "coordinates": [ [ -96.155304, 19.19579 ], [ -96.153987, 19.194487 ], [ -96.153244, 19.19355 ], [ -96.152774, 19.192899 ], [ -96.152616, 19.192632 ], [ -96.152289, 19.191859 ], [ -96.151991, 19.191391 ], [ -96.151557, 19.190805 ], [ -96.150331, 19.189341 ], [ -96.149952, 19.188934 ], [ -96.149835, 19.188843 ], [ -96.149507, 19.188688 ], [ -96.149215, 19.188589 ], [ -96.149055, 19.188515 ], [ -96.148927, 19.188422 ], [ -96.148177, 19.18758 ], [ -96.147011, 19.186002 ], [ -96.146604, 19.185724 ], [ -96.146421, 19.185524 ], [ -96.144796, 19.182404 ], [ -96.144269, 19.181504 ] ] } },
{ "type": "Feature", "properties": { "nombre": "Avenida Miguel Ángel de Quevedo", "jerarquia": "secondary", "ref": null }, "geometry": { "type": "LineString", "coordinates": [ [ -96.157631, 19.198667 ], [ -96.156998, 19.197797 ] ] } },
{ "type": "Feature", "properties": { "nombre": "Avenida Miguel Ángel de Quevedo", "jerarquia": "secondary", "ref": null }, "geometry": { "type": "LineString", "coordinates": [ [ -96.158025, 19.199346 ], [ -96.158316, 19.199823 ], [ -96.158583, 19.200208 ], [ -96.159245, 19.201041 ], [ -96.159869, 19.201897 ], [ -96.160142, 19.202294 ], [ -96.160177, 19.202369 ], [ -96.160184, 19.202444 ] ] } },
{ "type": "Feature", "properties": { "nombre": "Avenida Miguel Alemán", "jerarquia": "primary", "ref": null }, "geometry": { "type": "LineString", "coordinates": [ [ -96.135698, 19.170192 ], [ -96.135778, 19.1693 ], [ -96.135883, 19.168602 ], [ -96.136013, 19.168014 ], [ -96.136146, 19.167594 ], [ -96.136246, 19.167339 ], [ -96.1371, 19.165393 ], [ -96.138138, 19.163157 ], [ -96.140738, 19.157418 ], [ -96.141696, 19.155356 ], [ -96.144359, 19.149477 ], [ -96.145256, 19.147604 ], [ -96.145511, 19.146867 ], [ -96.145683, 19.146204 ], [ -96.146212, 19.142733 ] ] } },
{ "type": "Feature", "properties": { "nombre": "Avenida Miguel Alemán", "jerarquia": "primary", "ref": null }, "geometry": { "type": "LineString", "coordinates": [ [ -96.146118, 19.142641 ], [ -96.145711, 19.145107 ], [ -96.14557, 19.146193 ], [ -96.145405, 19.146858 ], [ -96.145257, 19.147265 ], [ -96.145123, 19.147588 ], [ -96.144748, 19.148328 ], [ -96.144348, 19.149182 ], [ -96.141574, 19.155301 ], [ -96.140591, 19.157351 ], [ -96.139618, 19.159579 ], [ -96.138061, 19.162911 ], [ -96.137014, 19.165354 ], [ -96.136182, 19.167174 ], [ -96.135923, 19.167933 ], [ -96.135796, 19.168505 ], [ -96.135663, 19.169275 ], [ -96.135563, 19.170016 ], [ -96.135552, 19.170208 ] ] } },
{ "type": "Feature", "properties": { "nombre": "Avenida Miguel Alemán", "jerarquia": "primary", "ref": null }, "geometry": { "type": "LineString", "coordinates": [ [ -96.136174, 19.177802 ], [ -96.136367, 19.180332 ] ] } },
{ "type": "Feature", "properties": { "nombre": "Avenida Miguel Ángel de Quevedo", "jerarquia": "secondary", "ref": null }, "geometry": { "type": "LineString", "coordinates": [ [ -96.160354, 19.202478 ], [ -96.160357, 19.202341 ], [ -96.160315, 19.202215 ], [ -96.160215, 19.202059 ], [ -96.159281, 19.200829 ], [ -96.158705, 19.200121 ], [ -96.158102, 19.199299 ] ] } },
{ "type": "Feature", "properties": { "nombre": "Avenida Miguel Ángel de Quevedo", "jerarquia": "secondary", "ref": null }, "geometry": { "type": "LineString", "coordinates": [ [ -96.160184, 19.202444 ], [ -96.160161, 19.202569 ], [ -96.159985, 19.203076 ], [ -96.15976, 19.203641 ], [ -96.159339, 19.204868 ] ] } },
{ "type": "Feature", "properties": { "nombre": "Calle José María Arrillaga", "jerarquia": "secondary", "ref": null }, "geometry": { "type": "LineString", "coordinates": [ [ -96.161624, 19.208278 ], [ -96.163627, 19.206937 ] ] } },
{ "type": "Feature", "properties": { "nombre": "Avenida Miguel Alemán", "jerarquia": "primary", "ref": null }, "geometry": { "type": "LineString", "coordinates": [ [ -96.136381, 19.181397 ], [ -96.136695, 19.185451 ], [ -96.136791, 19.186127 ], [ -96.136936, 19.186621 ] ] } },
{ "type": "Feature", "properties": { "nombre": "Doctor Rafaél Cuervo X", "jerarquia": "primary", "ref": null }, "geometry": { "type": "LineString", "coordinates": [ [ -96.163653, 19.21406 ], [ -96.166117, 19.215146 ], [ -96.167603, 19.215822 ], [ -96.168, 19.215976 ], [ -96.168244, 19.216039 ], [ -96.168473, 19.216082 ], [ -96.168783, 19.21611 ], [ -96.169176, 19.216111 ], [ -96.171811, 19.215934 ] ] } },
{ "type": "Feature", "properties": { "nombre": "Bulevar Fidel Velázquez", "jerarquia": "primary", "ref": null }, "geometry": { "type": "LineString", "coordinates": [ [ -96.15737, 19.210104 ], [ -96.154382, 19.209171 ], [ -96.152601, 19.208556 ] ] } },
{ "type": "Feature", "properties": { "nombre": "Calle Marina Mercante", "jerarquia": "primary", "ref": null }, "geometry": { "type": "LineString", "coordinates": [ [ -96.138469, 19.202134 ], [ -96.138805, 19.202451 ], [ -96.138968, 19.202569 ] ] } },
{ "type": "Feature", "properties": { "nombre": "Bulevar Fidel Velázquez", "jerarquia": "primary", "ref": null }, "geometry": { "type": "LineString", "coordinates": [ [ -96.157354, 19.210241 ], [ -96.157923, 19.210448 ], [ -96.158133, 19.21056 ], [ -96.158351, 19.210705 ], [ -96.159143, 19.211336 ] ] } },
{ "type": "Feature", "properties": { "nombre": "Calle Marina Mercante", "jerarquia": "primary", "ref": null }, "geometry": { "type": "LineString", "coordinates": [ [ -96.138469, 19.202134 ], [ -96.139701, 19.203881 ] ] } },
{ "type": "Feature", "properties": { "nombre": "Calle Viento Mistral", "jerarquia": "secondary", "ref": null }, "geometry": { "type": "LineString", "coordinates": [ [ -96.181703, 19.208382 ], [ -96.181248, 19.207263 ], [ -96.181028, 19.206881 ], [ -96.180947, 19.206796 ] ] } },
{ "type": "Feature", "properties": { "nombre": "Avenida Calzada Juan Pablo II", "jerarquia": "secondary", "ref": null }, "geometry": { "type": "LineString", "coordinates": [ [ -96.102559, 19.161537 ], [ -96.103438, 19.160912 ], [ -96.103899, 19.160656 ], [ -96.104316, 19.160469 ], [ -96.104726, 19.160329 ], [ -96.105301, 19.160173 ], [ -96.105667, 19.160114 ], [ -96.109061, 19.159776 ] ] } },
{ "type": "Feature", "properties": { "nombre": "Calle Juan de la L. Enríquez", "jerarquia": "secondary", "ref": null }, "geometry": { "type": "LineString", "coordinates": [ [ -96.165484, 19.206981 ], [ -96.163309, 19.208392 ], [ -96.162275, 19.209132 ] ] } },
{ "type": "Feature", "properties": { "nombre": "Calle Villa Rica", "jerarquia": "secondary", "ref": null }, "geometry": { "type": "LineString", "coordinates": [ [ -96.164887, 19.206115 ], [ -96.165128, 19.206439 ], [ -96.166037, 19.207825 ] ] } },
{ "type": "Feature", "properties": { "nombre": "Autopista Veracruz - Cardel", "jerarquia": "motorway", "ref": "MEX 180D" }, "geometry": { "type": "LineString", "coordinates": [ [ -96.194106, 19.214626 ], [ -96.203471, 19.214047 ], [ -96.204196, 19.214057 ], [ -96.205031, 19.214105 ], [ -96.206664, 19.214403 ] ] } },
{ "type": "Feature", "properties": { "nombre": "Calle Doctor Rafaél Cuervo X", "jerarquia": "primary", "ref": null }, "geometry": { "type": "LineString", "coordinates": [ [ -96.192621, 19.214555 ], [ -96.189347, 19.21476 ], [ -96.18878, 19.214772 ], [ -96.186649, 19.214874 ], [ -96.180922, 19.215202 ], [ -96.178069, 19.215369 ], [ -96.174931, 19.215588 ], [ -96.171615, 19.215783 ] ] } },
{ "type": "Feature", "properties": { "nombre": "Avenida Miguel Alemán", "jerarquia": "primary", "ref": null }, "geometry": { "type": "LineString", "coordinates": [ [ -96.136433, 19.180329 ], [ -96.136232, 19.177791 ] ] } },
{ "type": "Feature", "properties": { "nombre": "Calle Río Medio", "jerarquia": "secondary", "ref": null }, "geometry": { "type": "LineString", "coordinates": [ [ -96.200335, 19.213822 ], [ -96.200317, 19.213318 ], [ -96.200116, 19.210355 ], [ -96.199123, 19.206608 ], [ -96.19832, 19.203468 ] ] } },
{ "type": "Feature", "properties": { "nombre": "Calle Fidel Velázquez", "jerarquia": "secondary", "ref": null }, "geometry": { "type": "LineString", "coordinates": [ [ -96.202625, 19.213898 ], [ -96.202229, 19.213767 ], [ -96.201927, 19.213725 ], [ -96.196533, 19.214078 ], [ -96.195221, 19.214149 ] ] } },
{ "type": "Feature", "properties": { "nombre": "Boulevard Portuario Kilómetro 13.5", "jerarquia": "trunk", "ref": null }, "geometry": { "type": "LineString", "coordinates": [ [ -96.248706, 19.178862 ], [ -96.247913, 19.180676 ], [ -96.246208, 19.184168 ] ] } },
{ "type": "Feature", "properties": { "nombre": "Boulevard portuario kilómetro 13.5", "jerarquia": "trunk", "ref": null }, "geometry": { "type": "LineString", "coordinates": [ [ -96.15931, 19.214985 ], [ -96.16175, 19.214439 ], [ -96.162383, 19.214389 ], [ -96.162963, 19.214404 ], [ -96.163622, 19.214531 ], [ -96.164207, 19.214731 ], [ -96.165653, 19.215366 ], [ -96.166555, 19.215786 ], [ -96.167292, 19.216215 ], [ -96.167715, 19.216491 ], [ -96.168573, 19.217108 ], [ -96.169129, 19.21755 ], [ -96.17029, 19.218396 ], [ -96.171354, 19.218983 ], [ -96.172131, 19.219364 ] ] } },
{ "type": "Feature", "properties": { "nombre": "Boulevard Portuario Kilómetro 13.5", "jerarquia": "trunk", "ref": null }, "geometry": { "type": "LineString", "coordinates": [ [ -96.220468, 19.218086 ], [ -96.220358, 19.21866 ] ] } },
{ "type": "Feature", "properties": { "nombre": "Boulevard Portuario Kilómetro 13.5", "jerarquia": "trunk", "ref": null }, "geometry": { "type": "LineString", "coordinates": [ [ -96.220498, 19.218694 ], [ -96.220599, 19.218144 ] ] } },
{ "type": "Feature", "properties": { "nombre": "Boulevard Portuario Kilómetro 13.5", "jerarquia": "trunk", "ref": null }, "geometry": { "type": "LineString", "coordinates": [ [ -96.230745, 19.191313 ], [ -96.231388, 19.191242 ], [ -96.231721, 19.191245 ], [ -96.232159, 19.191279 ], [ -96.232666, 19.19135 ], [ -96.233347, 19.191582 ], [ -96.235404, 19.192331 ], [ -96.235845, 19.192525 ], [ -96.236638, 19.192785 ], [ -96.237411, 19.192968 ], [ -96.238152, 19.192981 ], [ -96.241347, 19.192703 ], [ -96.242994, 19.192531 ], [ -96.243614, 19.192393 ], [ -96.24435, 19.192104 ], [ -96.245102, 19.191482 ], [ -96.245564, 19.19087 ], [ -96.245881, 19.190327 ], [ -96.24606, 19.189672 ], [ -96.246083, 19.188774 ], [ -96.24606, 19.186961 ], [ -96.24612, 19.18601 ], [ -96.246201, 19.185535 ], [ -96.246428, 19.184948 ] ] } },
{ "type": "Feature", "properties": { "nombre": "Boulevard Portuario Kilómetro 13.5", "jerarquia": "trunk", "ref": null }, "geometry": { "type": "LineString", "coordinates": [ [ -96.2032, 19.227626 ], [ -96.203969, 19.227642 ] ] } },
{ "type": "Feature", "properties": { "nombre": "Boulevard Portuario Kilómetro 13.5", "jerarquia": "trunk", "ref": null }, "geometry": { "type": "LineString", "coordinates": [ [ -96.203967, 19.227483 ], [ -96.203189, 19.227476 ] ] } },
{ "type": "Feature", "properties": { "nombre": "Calle J. B. Lobos", "jerarquia": "secondary", "ref": null }, "geometry": { "type": "LineString", "coordinates": [ [ -96.173766, 19.150361 ], [ -96.173631, 19.150655 ] ] } },
{ "type": "Feature", "properties": { "nombre": "Calle J. B. Lobos", "jerarquia": "secondary", "ref": null }, "geometry": { "type": "LineString", "coordinates": [ [ -96.173869, 19.150419 ], [ -96.173883, 19.150377 ] ] } },
{ "type": "Feature", "properties": { "nombre": "Avenida Paseo Ejército Mexicano Poniente", "jerarquia": "primary", "ref": "MEX 140" }, "geometry": { "type": "LineString", "coordinates": [ [ -96.146746, 19.140088 ], [ -96.143828, 19.140513 ], [ -96.141215, 19.140856 ] ] } },
{ "type": "Feature", "properties": { "nombre": "Calle Paseo Ejército Mexicano", "jerarquia": "primary", "ref": "MEX 140" }, "geometry": { "type": "LineString", "coordinates": [ [ -96.146777, 19.140181 ], [ -96.147364, 19.1401 ] ] } },
{ "type": "Feature", "properties": { "nombre": "Boulevard portuario kilómetro 13.5", "jerarquia": "trunk", "ref": null }, "geometry": { "type": "LineString", "coordinates": [ [ -96.172202, 19.219255 ], [ -96.171279, 19.218773 ], [ -96.170811, 19.218501 ], [ -96.170382, 19.218221 ], [ -96.169278, 19.217367 ], [ -96.167963, 19.216396 ], [ -96.167421, 19.216072 ], [ -96.166648, 19.215625 ], [ -96.16429, 19.214579 ], [ -96.163671, 19.214368 ], [ -96.162971, 19.214239 ], [ -96.162381, 19.214217 ], [ -96.161721, 19.214298 ], [ -96.159942, 19.214708 ] ] } },
{ "type": "Feature", "properties": { "nombre": "Boulevard portuario kilómetro 13.5", "jerarquia": "trunk", "ref": null }, "geometry": { "type": "LineString", "coordinates": [ [ -96.17252, 19.219431 ], [ -96.172202, 19.219255 ] ] } },
{ "type": "Feature", "properties": { "nombre": "Boulevard Portuario Kilómetro 13.5", "jerarquia": "trunk", "ref": null }, "geometry": { "type": "LineString", "coordinates": [ [ -96.172438, 19.21952 ], [ -96.173071, 19.219914 ], [ -96.173397, 19.220142 ], [ -96.173637, 19.220355 ], [ -96.174261, 19.220985 ], [ -96.174537, 19.221386 ], [ -96.175924, 19.223769 ], [ -96.176688, 19.225038 ], [ -96.176945, 19.225413 ], [ -96.177256, 19.225747 ], [ -96.1776, 19.226051 ], [ -96.177959, 19.22633 ], [ -96.178138, 19.226425 ], [ -96.178863, 19.226726 ], [ -96.179284, 19.226829 ], [ -96.179757, 19.226904 ], [ -96.181117, 19.226965 ], [ -96.18188, 19.227054 ], [ -96.183258, 19.227148 ], [ -96.185695, 19.227183 ], [ -96.18997, 19.227277 ], [ -96.201971, 19.227627 ] ] } },
{ "type": "Feature", "properties": { "nombre": "Boulevard portuario kilómetro 13.5", "jerarquia": "trunk", "ref": null }, "geometry": { "type": "LineString", "coordinates": [ [ -96.172131, 19.219364 ], [ -96.172438, 19.21952 ] ] } },
{ "type": "Feature", "properties": { "nombre": "Avenida Veracruz", "jerarquia": "secondary", "ref": null }, "geometry": { "type": "LineString", "coordinates": [ [ -96.18152, 19.202798 ], [ -96.18149, 19.204593 ], [ -96.181501, 19.205952 ], [ -96.180947, 19.206796 ], [ -96.180496, 19.207151 ], [ -96.178514, 19.208472 ], [ -96.178357, 19.208615 ], [ -96.178308, 19.208694 ] ] } },
{ "type": "Feature", "properties": { "nombre": "Autopista Veracruz - Cardel", "jerarquia": "motorway", "ref": "MEX 180D" }, "geometry": { "type": "LineString", "coordinates": [ [ -96.310563, 19.313819 ], [ -96.310889, 19.312456 ], [ -96.31095, 19.312093 ], [ -96.31098, 19.311462 ], [ -96.310959, 19.311115 ], [ -96.310913, 19.31077 ], [ -96.310829, 19.310383 ], [ -96.310721, 19.309998 ], [ -96.310532, 19.309535 ], [ -96.310378, 19.309211 ], [ -96.310149, 19.30886 ], [ -96.30987, 19.308477 ], [ -96.30956, 19.308134 ], [ -96.308627, 19.307277 ], [ -96.295967, 19.296145 ], [ -96.295559, 19.295766 ], [ -96.295258, 19.295443 ], [ -96.294933, 19.295034 ], [ -96.294786, 19.294834 ], [ -96.294547, 19.294456 ], [ -96.290099, 19.28726 ], [ -96.289365, 19.285946 ], [ -96.287514, 19.28289 ], [ -96.285927, 19.280297 ], [ -96.285302, 19.279297 ], [ -96.2848, 19.278548 ], [ -96.284268, 19.277712 ], [ -96.283195, 19.275976 ], [ -96.277077, 19.265908 ], [ -96.271152, 19.256212 ], [ -96.270817, 19.255734 ], [ -96.270474, 19.255312 ], [ -96.269624, 19.254413 ], [ -96.266265, 19.250933 ], [ -96.260058, 19.244566 ], [ -96.258199, 19.242702 ], [ -96.255062, 19.239402 ], [ -96.248078, 19.232169 ] ] } },
{ "type": "Feature", "properties": { "nombre": "Calle Raz y Guzmán", "jerarquia": "secondary", "ref": null }, "geometry": { "type": "LineString", "coordinates": [ [ -96.163527, 19.195432 ], [ -96.163424, 19.195577 ], [ -96.163328, 19.195657 ], [ -96.162696, 19.196123 ] ] } },
{ "type": "Feature", "properties": { "nombre": "Calle Ignacio Allende", "jerarquia": "primary", "ref": null }, "geometry": { "type": "LineString", "coordinates": [ [ -96.15169, 19.207994 ], [ -96.151693, 19.208149 ], [ -96.151731, 19.208311 ], [ -96.151788, 19.208472 ], [ -96.151874, 19.208605 ] ] } },
{ "type": "Feature", "properties": { "nombre": "Boulevard Fidel Velázquez", "jerarquia": "primary", "ref": null }, "geometry": { "type": "LineString", "coordinates": [ [ -96.14447, 19.208737 ], [ -96.144031, 19.20885 ], [ -96.143924, 19.208842 ], [ -96.143847, 19.208815 ] ] } },
{ "type": "Feature", "properties": { "nombre": "Calle Ignacio Allende", "jerarquia": "primary", "ref": null }, "geometry": { "type": "LineString", "coordinates": [ [ -96.151874, 19.208605 ], [ -96.152078, 19.208785 ], [ -96.152302, 19.20891 ], [ -96.152464, 19.208955 ], [ -96.153379, 19.209085 ], [ -96.154093, 19.209223 ] ] } },
{ "type": "Feature", "properties": { "nombre": "Calle Montesinos", "jerarquia": "primary", "ref": null }, "geometry": { "type": "LineString", "coordinates": [ [ -96.14458, 19.197377 ], [ -96.144639, 19.197517 ], [ -96.145295, 19.198403 ], [ -96.145432, 19.198599 ], [ -96.14552, 19.198768 ], [ -96.145603, 19.199012 ], [ -96.145647, 19.199217 ], [ -96.145654, 19.19945 ], [ -96.14564, 19.199635 ], [ -96.145599, 19.199804 ], [ -96.145542, 19.199918 ] ] } },
{ "type": "Feature", "properties": { "nombre": "Autopista Veracruz - Cardel", "jerarquia": "motorway", "ref": "MEX 180D" }, "geometry": { "type": "LineString", "coordinates": [ [ -96.247997, 19.232223 ], [ -96.256826, 19.241376 ], [ -96.257649, 19.242275 ], [ -96.259969, 19.244594 ], [ -96.266174, 19.250963 ], [ -96.269504, 19.254437 ], [ -96.270285, 19.25528 ], [ -96.270714, 19.25579 ], [ -96.270989, 19.256163 ], [ -96.282812, 19.275579 ], [ -96.284305, 19.277946 ], [ -96.285292, 19.279443 ], [ -96.286705, 19.28171 ], [ -96.288275, 19.284319 ], [ -96.289116, 19.28568 ], [ -96.289977, 19.287198 ], [ -96.294255, 19.294142 ], [ -96.294624, 19.294723 ], [ -96.29498, 19.295238 ], [ -96.295233, 19.295548 ], [ -96.295426, 19.295752 ], [ -96.295892, 19.296198 ], [ -96.308685, 19.307432 ], [ -96.309237, 19.307936 ], [ -96.309665, 19.308363 ], [ -96.309968, 19.308756 ], [ -96.310294, 19.309276 ], [ -96.310483, 19.309701 ], [ -96.310667, 19.310338 ], [ -96.31074, 19.3108 ], [ -96.310764, 19.311271 ], [ -96.310719, 19.311874 ], [ -96.310654, 19.312238 ], [ -96.310498, 19.312917 ], [ -96.310274, 19.313757 ] ] } },
{ "type": "Feature", "properties": { "nombre": "Autopista Veracruz - Cardel", "jerarquia": "motorway", "ref": "MEX 180D" }, "geometry": { "type": "LineString", "coordinates": [ [ -96.235544, 19.22396 ], [ -96.236058, 19.224022 ] ] } },
{ "type": "Feature", "properties": { "nombre": "Autopista Veracruz - Cardel", "jerarquia": "motorway", "ref": "MEX 180D" }, "geometry": { "type": "LineString", "coordinates": [ [ -96.236075, 19.223904 ], [ -96.235561, 19.223839 ] ] } },
{ "type": "Feature", "properties": { "nombre": "Avenida Ejército Mexicano", "jerarquia": "primary", "ref": "MEX 140" }, "geometry": { "type": "LineString", "coordinates": [ [ -96.131472, 19.145205 ], [ -96.131374, 19.145204 ], [ -96.131028, 19.14534 ], [ -96.130811, 19.145384 ], [ -96.130207, 19.145389 ], [ -96.129852, 19.145448 ], [ -96.129487, 19.145667 ], [ -96.129062, 19.146094 ], [ -96.12896, 19.14615 ] ] } },
{ "type": "Feature", "properties": { "nombre": "Calle Paseo Ejército Mexicano Poniente", "jerarquia": "primary", "ref": "MEX 140" }, "geometry": { "type": "LineString", "coordinates": [ [ -96.133046, 19.144665 ], [ -96.133321, 19.14462 ] ] } },
{ "type": "Feature", "properties": { "nombre": "Calle Paseo Ejército Mexicano Poniente", "jerarquia": "primary", "ref": "MEX 140" }, "geometry": { "type": "LineString", "coordinates": [ [ -96.133132, 19.144524 ], [ -96.132704, 19.144644 ], [ -96.131472, 19.145205 ] ] } },
{ "type": "Feature", "properties": { "nombre": "Avenida Paseo Ejército Mexicano Poniente", "jerarquia": "primary", "ref": "MEX 140" }, "geometry": { "type": "LineString", "coordinates": [ [ -96.133321, 19.14462 ], [ -96.133855, 19.144621 ], [ -96.134708, 19.144576 ], [ -96.134906, 19.144538 ], [ -96.135183, 19.144445 ], [ -96.13542, 19.144326 ], [ -96.135673, 19.144148 ], [ -96.135841, 19.143982 ], [ -96.136472, 19.143272 ], [ -96.137861, 19.141762 ], [ -96.138123, 19.141547 ], [ -96.138337, 19.141426 ] ] } },
{ "type": "Feature", "properties": { "nombre": "Calle Paseo Ejército Mexicano Poniente", "jerarquia": "primary", "ref": "MEX 140" }, "geometry": { "type": "LineString", "coordinates": [ [ -96.133291, 19.144514 ], [ -96.133132, 19.144524 ] ] } },
{ "type": "Feature", "properties": { "nombre": "Calle Paseo de los Ébanos", "jerarquia": "secondary", "ref": null }, "geometry": { "type": "LineString", "coordinates": [ [ -96.139215, 19.146778 ], [ -96.138712, 19.147846 ], [ -96.137071, 19.151494 ] ] } },
{ "type": "Feature", "properties": { "nombre": "Calle Paseo de los Ébanos", "jerarquia": "secondary", "ref": null }, "geometry": { "type": "LineString", "coordinates": [ [ -96.139278, 19.146644 ], [ -96.139215, 19.146778 ] ] } },
{ "type": "Feature", "properties": { "nombre": "Calle Paseo de los Ébanos", "jerarquia": "secondary", "ref": null }, "geometry": { "type": "LineString", "coordinates": [ [ -96.139361, 19.146666 ], [ -96.139509, 19.146368 ], [ -96.140011, 19.145518 ], [ -96.14018, 19.145004 ], [ -96.140205, 19.144793 ], [ -96.140209, 19.144409 ], [ -96.140191, 19.144221 ], [ -96.140132, 19.143981 ], [ -96.139951, 19.143633 ], [ -96.139762, 19.143408 ], [ -96.139208, 19.142971 ], [ -96.138297, 19.142375 ], [ -96.137923, 19.142095 ], [ -96.137856, 19.142021 ], [ -96.137804, 19.141821 ] ] } },
{ "type": "Feature", "properties": { "nombre": "Calle Paseo de los Ébanos", "jerarquia": "secondary", "ref": null }, "geometry": { "type": "LineString", "coordinates": [ [ -96.139302, 19.14679 ], [ -96.139361, 19.146666 ] ] } },
{ "type": "Feature", "properties": { "nombre": "Calle Paseo Ejército Mexicano", "jerarquia": "primary", "ref": "MEX 140" }, "geometry": { "type": "LineString", "coordinates": [ [ -96.147294, 19.140014 ], [ -96.146746, 19.140088 ] ] } },
{ "type": "Feature", "properties": { "nombre": "Calle El Tejar", "jerarquia": "secondary", "ref": null }, "geometry": { "type": "LineString", "coordinates": [ [ -96.139935, 19.141209 ], [ -96.139922, 19.140831 ], [ -96.139815, 19.140295 ], [ -96.139821, 19.140057 ], [ -96.139865, 19.139865 ], [ -96.139899, 19.139784 ], [ -96.140072, 19.139588 ], [ -96.141184, 19.138515 ], [ -96.141352, 19.138286 ], [ -96.141489, 19.137963 ], [ -96.142259, 19.135797 ], [ -96.143748, 19.131457 ] ] } },
{ "type": "Feature", "properties": { "nombre": "Calle Montes de Oca", "jerarquia": "secondary", "ref": null }, "geometry": { "type": "LineString", "coordinates": [ [ -96.169461, 19.190507 ], [ -96.169923, 19.190147 ], [ -96.170048, 19.19008 ], [ -96.170222, 19.190031 ] ] } },
{ "type": "Feature", "properties": { "nombre": "Conexión al Puerto", "jerarquia": "secondary", "ref": null }, "geometry": { "type": "LineString", "coordinates": [ [ -96.180677, 19.180809 ], [ -96.180811, 19.180741 ], [ -96.182084, 19.1803 ], [ -96.183219, 19.179927 ], [ -96.184815, 19.179448 ], [ -96.186697, 19.178826 ], [ -96.188833, 19.178087 ], [ -96.189696, 19.177828 ], [ -96.192363, 19.176932 ], [ -96.194311, 19.176311 ], [ -96.194387, 19.176341 ], [ -96.19444, 19.176391 ], [ -96.19483, 19.177276 ], [ -96.195103, 19.178186 ], [ -96.195187, 19.178637 ] ] } },
{ "type": "Feature", "properties": { "nombre": "Privada Sistema Métrico Decimal y de Moneda", "jerarquia": "secondary", "ref": null }, "geometry": { "type": "LineString", "coordinates": [ [ -96.166029, 19.192269 ], [ -96.165211, 19.193073 ], [ -96.164704, 19.193527 ] ] } },
{ "type": "Feature", "properties": { "nombre": "VER", "jerarquia": "secondary", "ref": "VER" }, "geometry": { "type": "LineString", "coordinates": [ [ -96.243535, 19.145149 ], [ -96.241379, 19.145882 ] ] } },
{ "type": "Feature", "properties": { "nombre": "Calle Licenciado Benito Juárez", "jerarquia": "secondary", "ref": "VER" }, "geometry": { "type": "LineString", "coordinates": [ [ -96.241379, 19.145882 ], [ -96.239975, 19.146405 ], [ -96.239017, 19.146731 ], [ -96.238389, 19.146911 ], [ -96.237012, 19.147384 ] ] } },
{ "type": "Feature", "properties": { "nombre": "Avenida Ignacio Allende", "jerarquia": "primary", "ref": null }, "geometry": { "type": "LineString", "coordinates": [ [ -96.138671, 19.189288 ], [ -96.143194, 19.195457 ], [ -96.14458, 19.197377 ] ] } },
{ "type": "Feature", "properties": { "nombre": "Avenida Miguel Alemán", "jerarquia": "primary", "ref": null }, "geometry": { "type": "LineString", "coordinates": [ [ -96.137093, 19.186562 ], [ -96.136941, 19.186051 ], [ -96.136898, 19.185787 ], [ -96.136718, 19.183532 ] ] } },
{ "type": "Feature", "properties": { "nombre": "Calzada Simón Bolívar", "jerarquia": "secondary", "ref": null }, "geometry": { "type": "LineString", "coordinates": [ [ -96.120683, 19.176059 ], [ -96.124435, 19.175421 ], [ -96.125699, 19.175225 ], [ -96.128235, 19.17478 ], [ -96.132438, 19.174107 ] ] } },
{ "type": "Feature", "properties": { "nombre": "Calle Raz y Guzmán", "jerarquia": "secondary", "ref": null }, "geometry": { "type": "LineString", "coordinates": [ [ -96.162592, 19.196283 ], [ -96.162109, 19.196626 ], [ -96.158434, 19.199077 ] ] } },
{ "type": "Feature", "properties": { "nombre": "Calle Raz y Guzmán", "jerarquia": "secondary", "ref": null }, "geometry": { "type": "LineString", "coordinates": [ [ -96.162758, 19.196219 ], [ -96.163231, 19.19593 ], [ -96.163429, 19.195779 ], [ -96.16354, 19.195663 ], [ -96.16365, 19.195493 ] ] } },
{ "type": "Feature", "properties": { "nombre": "Calle Paseo Córdoba", "jerarquia": "secondary", "ref": null }, "geometry": { "type": "LineString", "coordinates": [ [ -96.16365, 19.195493 ], [ -96.164273, 19.194346 ] ] } },
{ "type": "Feature", "properties": { "nombre": "Conexión al Puerto", "jerarquia": "secondary", "ref": null }, "geometry": { "type": "LineString", "coordinates": [ [ -96.195394, 19.178628 ], [ -96.195333, 19.178334 ], [ -96.195333, 19.177808 ], [ -96.195283, 19.177246 ], [ -96.195229, 19.176975 ], [ -96.195137, 19.176711 ], [ -96.194976, 19.176365 ], [ -96.194963, 19.17629 ], [ -96.195038, 19.176057 ], [ -96.195459, 19.175958 ], [ -96.195712, 19.175937 ], [ -96.195832, 19.175889 ], [ -96.195881, 19.175809 ], [ -96.195871, 19.175736 ], [ -96.195818, 19.175674 ], [ -96.195714, 19.175662 ], [ -96.193772, 19.176297 ], [ -96.190927, 19.177272 ], [ -96.186645, 19.178698 ], [ -96.18211, 19.180169 ], [ -96.180682, 19.180653 ], [ -96.180578, 19.180709 ] ] } },
{ "type": "Feature", "properties": { "nombre": "Corredor Logístico", "jerarquia": "secondary", "ref": null }, "geometry": { "type": "LineString", "coordinates": [ [ -96.194202, 19.175399 ], [ -96.194756, 19.176589 ] ] } },
{ "type": "Feature", "properties": { "nombre": "Corredor Logístico", "jerarquia": "secondary", "ref": null }, "geometry": { "type": "LineString", "coordinates": [ [ -96.194756, 19.176589 ], [ -96.194944, 19.177049 ], [ -96.195091, 19.177854 ] ] } },
{ "type": "Feature", "properties": { "nombre": "Calle Leyes de Reforma", "jerarquia": "secondary", "ref": null }, "geometry": { "type": "LineString", "coordinates": [ [ -96.164273, 19.194346 ], [ -96.164366, 19.194205 ], [ -96.164602, 19.193939 ], [ -96.16522, 19.19349 ], [ -96.16559, 19.193306 ], [ -96.165889, 19.193103 ], [ -96.168232, 19.191462 ], [ -96.16868, 19.191128 ] ] } },
{ "type": "Feature", "properties": { "nombre": "Calle Flor de Rosinia", "jerarquia": "secondary", "ref": null }, "geometry": { "type": "LineString", "coordinates": [ [ -96.179079, 19.183637 ], [ -96.177095, 19.18504 ], [ -96.175226, 19.186335 ], [ -96.175132, 19.186363 ], [ -96.174741, 19.186281 ] ] } },
{ "type": "Feature", "properties": { "nombre": "Corredor Logístico", "jerarquia": "secondary", "ref": null }, "geometry": { "type": "LineString", "coordinates": [ [ -96.191891, 19.173355 ], [ -96.192267, 19.173309 ], [ -96.192549, 19.173333 ], [ -96.192721, 19.173414 ], [ -96.193447, 19.174129 ], [ -96.193823, 19.174601 ] ] } },
{ "type": "Feature", "properties": { "nombre": "Calle Víctor Sánchez", "jerarquia": "secondary", "ref": null }, "geometry": { "type": "LineString", "coordinates": [ [ -96.207301, 19.201429 ], [ -96.207094, 19.20141 ], [ -96.206771, 19.201424 ], [ -96.206343, 19.201515 ] ] } },
{ "type": "Feature", "properties": { "nombre": "Calle Víctor Sánchez", "jerarquia": "secondary", "ref": null }, "geometry": { "type": "LineString", "coordinates": [ [ -96.207587, 19.201585 ], [ -96.210385, 19.202101 ], [ -96.211595, 19.202301 ] ] } },
{ "type": "Feature", "properties": { "nombre": "Avenida Miguel Alemán", "jerarquia": "secondary", "ref": null }, "geometry": { "type": "LineString", "coordinates": [ [ -96.195391, 19.1581 ], [ -96.195188, 19.158625 ], [ -96.195037, 19.158782 ] ] } },
{ "type": "Feature", "properties": { "nombre": "Carretera a Dos Lomas", "jerarquia": "secondary", "ref": null }, "geometry": { "type": "LineString", "coordinates": [ [ -96.222412, 19.165526 ], [ -96.222207, 19.165405 ], [ -96.222046, 19.165282 ], [ -96.221964, 19.165181 ], [ -96.22191, 19.16506 ], [ -96.22181, 19.163407 ], [ -96.221691, 19.161811 ], [ -96.221385, 19.156509 ], [ -96.221421, 19.156233 ], [ -96.221586, 19.155708 ] ] } },
{ "type": "Feature", "properties": { "nombre": "Carretera a Dos Lomas", "jerarquia": "secondary", "ref": null }, "geometry": { "type": "LineString", "coordinates": [ [ -96.221458, 19.155675 ], [ -96.221161, 19.155848 ], [ -96.221073, 19.155934 ], [ -96.221056, 19.156046 ], [ -96.221077, 19.156144 ], [ -96.221255, 19.156434 ] ] } },
{ "type": "Feature", "properties": { "nombre": "Mariano Alcocer", "jerarquia": "secondary", "ref": null }, "geometry": { "type": "LineString", "coordinates": [ [ -96.15534, 19.171854 ], [ -96.154656, 19.171906 ], [ -96.154486, 19.171943 ], [ -96.154215, 19.172083 ], [ -96.153562, 19.172508 ], [ -96.15077, 19.174456 ], [ -96.14899, 19.175666 ], [ -96.148143, 19.176297 ], [ -96.147101, 19.176993 ] ] } },
{ "type": "Feature", "properties": { "nombre": "Avenida Paseo Ejército Mexicano Poniente", "jerarquia": "primary", "ref": "MEX 140" }, "geometry": { "type": "LineString", "coordinates": [ [ -96.138337, 19.141426 ], [ -96.138671, 19.141308 ], [ -96.13901, 19.141261 ] ] } },
{ "type": "Feature", "properties": { "nombre": "Avenida Paseo Ejército Mexicano Poniente", "jerarquia": "primary", "ref": "MEX 140" }, "geometry": { "type": "LineString", "coordinates": [ [ -96.138945, 19.141192 ], [ -96.138571, 19.141262 ], [ -96.138217, 19.141401 ] ] } },
{ "type": "Feature", "properties": { "nombre": "Avenida Paseo Ejército Mexicano Poniente", "jerarquia": "primary", "ref": "MEX 140" }, "geometry": { "type": "LineString", "coordinates": [ [ -96.14398, 19.140583 ], [ -96.146777, 19.140181 ] ] } },
{ "type": "Feature", "properties": { "nombre": "Avenida Paseo Ejército Mexicano Poniente", "jerarquia": "primary", "ref": "MEX 140" }, "geometry": { "type": "LineString", "coordinates": [ [ -96.137584, 19.141899 ], [ -96.13586, 19.143767 ], [ -96.135552, 19.14406 ], [ -96.135303, 19.144254 ], [ -96.134991, 19.144381 ], [ -96.134638, 19.144468 ], [ -96.134213, 19.144496 ], [ -96.133291, 19.144514 ] ] } },
{ "type": "Feature", "properties": { "nombre": "Autopista Veracruz - Cardel", "jerarquia": "motorway", "ref": "MEX 180D" }, "geometry": { "type": "LineString", "coordinates": [ [ -96.206693, 19.214275 ], [ -96.205561, 19.21408 ], [ -96.204956, 19.213994 ], [ -96.204199, 19.213959 ], [ -96.203445, 19.213956 ], [ -96.19852, 19.214247 ], [ -96.194155, 19.214455 ] ] } },
{ "type": "Feature", "properties": { "nombre": "Autopista Veracruz - Cardel", "jerarquia": "motorway", "ref": "MEX 180D" }, "geometry": { "type": "LineString", "coordinates": [ [ -96.207007, 19.214482 ], [ -96.213072, 19.215795 ], [ -96.215309, 19.216305 ], [ -96.215605, 19.216391 ], [ -96.216116, 19.216564 ], [ -96.220254, 19.218321 ], [ -96.221358, 19.218831 ], [ -96.224108, 19.220004 ], [ -96.225167, 19.220488 ], [ -96.226404, 19.221095 ], [ -96.227761, 19.221584 ], [ -96.228701, 19.221955 ], [ -96.230526, 19.222747 ], [ -96.231452, 19.223101 ], [ -96.232131, 19.223316 ], [ -96.232795, 19.223492 ], [ -96.233867, 19.223714 ], [ -96.234781, 19.223869 ], [ -96.235544, 19.22396 ] ] } },
{ "type": "Feature", "properties": { "nombre": "Autopista Veracruz - Cardel", "jerarquia": "motorway", "ref": "MEX 180D" }, "geometry": { "type": "LineString", "coordinates": [ [ -96.207036, 19.214354 ], [ -96.206693, 19.214275 ] ] } },
{ "type": "Feature", "properties": { "nombre": "Autopista Veracruz - Cardel", "jerarquia": "motorway", "ref": "MEX 180D" }, "geometry": { "type": "LineString", "coordinates": [ [ -96.206664, 19.214403 ], [ -96.207007, 19.214482 ] ] } },
{ "type": "Feature", "properties": { "nombre": "Calle Oriente", "jerarquia": "secondary", "ref": null }, "geometry": { "type": "LineString", "coordinates": [ [ -96.222382, 19.165613 ], [ -96.222709, 19.165814 ], [ -96.222918, 19.165995 ], [ -96.223081, 19.16619 ], [ -96.223117, 19.166258 ], [ -96.22315, 19.166413 ], [ -96.223155, 19.166667 ], [ -96.223115, 19.167098 ], [ -96.223026, 19.167372 ], [ -96.22264, 19.168247 ] ] } },
{ "type": "Feature", "properties": { "nombre": "Corredor Logístico", "jerarquia": "secondary", "ref": null }, "geometry": { "type": "LineString", "coordinates": [ [ -96.191727, 19.173151 ], [ -96.191437, 19.172109 ], [ -96.191354, 19.171987 ], [ -96.189106, 19.169787 ] ] } },
{ "type": "Feature", "properties": { "nombre": "Corredor Logístico", "jerarquia": "secondary", "ref": null }, "geometry": { "type": "LineString", "coordinates": [ [ -96.188997, 19.169891 ], [ -96.189305, 19.170239 ], [ -96.191132, 19.171982 ], [ -96.191239, 19.172107 ], [ -96.191303, 19.172273 ], [ -96.191572, 19.1732 ] ] } },
{ "type": "Feature", "properties": { "nombre": "Corredor Logístico", "jerarquia": "secondary", "ref": null }, "geometry": { "type": "LineString", "coordinates": [ [ -96.191811, 19.173476 ], [ -96.191849, 19.173443 ], [ -96.191891, 19.173355 ], [ -96.191891, 19.173301 ], [ -96.191841, 19.173205 ], [ -96.191727, 19.173151 ], [ -96.191618, 19.173169 ], [ -96.191572, 19.1732 ], [ -96.191534, 19.17325 ], [ -96.191516, 19.17331 ], [ -96.191521, 19.173372 ], [ -96.191569, 19.173454 ], [ -96.191654, 19.173501 ], [ -96.191708, 19.173507 ], [ -96.191811, 19.173476 ] ] } },
{ "type": "Feature", "properties": { "nombre": "Corredor Logístico", "jerarquia": "secondary", "ref": null }, "geometry": { "type": "LineString", "coordinates": [ [ -96.188949, 19.169535 ], [ -96.188823, 19.169559 ], [ -96.18874, 19.169652 ], [ -96.188735, 19.169773 ], [ -96.188766, 19.169831 ], [ -96.188816, 19.169875 ], [ -96.188939, 19.169904 ], [ -96.189043, 19.169866 ], [ -96.189106, 19.169787 ], [ -96.189114, 19.169677 ] ] } },
{ "type": "Feature", "properties": { "nombre": "Avenida Eje 1 Poniente", "jerarquia": "secondary", "ref": null }, "geometry": { "type": "LineString", "coordinates": [ [ -96.155267, 19.171086 ], [ -96.155182, 19.17069 ], [ -96.155054, 19.169759 ], [ -96.154975, 19.169019 ], [ -96.154466, 19.165178 ], [ -96.154385, 19.164732 ], [ -96.154281, 19.164327 ] ] } },
{ "type": "Feature", "properties": { "nombre": "Avenida Eje 1 Poniente", "jerarquia": "secondary", "ref": null }, "geometry": { "type": "LineString", "coordinates": [ [ -96.153932, 19.162876 ], [ -96.153482, 19.161056 ], [ -96.15339, 19.160569 ], [ -96.153337, 19.160118 ] ] } },
{ "type": "Feature", "properties": { "nombre": "Eje 1 Poniente", "jerarquia": "secondary", "ref": null }, "geometry": { "type": "LineString", "coordinates": [ [ -96.153337, 19.160118 ], [ -96.153287, 19.159 ] ] } },
{ "type": "Feature", "properties": { "nombre": "Eje 1 Poniente", "jerarquia": "secondary", "ref": null }, "geometry": { "type": "LineString", "coordinates": [ [ -96.153258, 19.157372 ], [ -96.153301, 19.157115 ], [ -96.153378, 19.156858 ], [ -96.15349, 19.156596 ], [ -96.153599, 19.156398 ], [ -96.153814, 19.156037 ], [ -96.154162, 19.15554 ], [ -96.154304, 19.155381 ], [ -96.154575, 19.155134 ], [ -96.154847, 19.154944 ], [ -96.155055, 19.154833 ], [ -96.160052, 19.152604 ], [ -96.160113, 19.15257 ], [ -96.160322, 19.152392 ], [ -96.160508, 19.152162 ] ] } },
{ "type": "Feature", "properties": { "nombre": "Calle Violetas", "jerarquia": "secondary", "ref": null }, "geometry": { "type": "LineString", "coordinates": [ [ -96.160508, 19.152162 ], [ -96.160547, 19.152103 ] ] } },
{ "type": "Feature", "properties": { "nombre": "Camino Real", "jerarquia": "secondary", "ref": null }, "geometry": { "type": "LineString", "coordinates": [ [ -96.221844, 19.1841 ], [ -96.22155, 19.181867 ], [ -96.221339, 19.180503 ], [ -96.22122, 19.179535 ], [ -96.221238, 19.179429 ], [ -96.221222, 19.179296 ] ] } },
{ "type": "Feature", "properties": { "nombre": "Boulevard Adolfo Ruiz Cortines", "jerarquia": "primary", "ref": null }, "geometry": { "type": "LineString", "coordinates": [ [ -96.116412, 19.169221 ], [ -96.116355, 19.169356 ] ] } },
{ "type": "Feature", "properties": { "nombre": "Boulevard Portuario Kilómetro 13.5", "jerarquia": "trunk", "ref": null }, "geometry": { "type": "LineString", "coordinates": [ [ -96.220174, 19.220572 ], [ -96.220218, 19.222222 ], [ -96.220418, 19.225059 ], [ -96.220416, 19.225504 ], [ -96.220377, 19.225873 ], [ -96.220314, 19.226186 ], [ -96.220197, 19.226465 ], [ -96.219967, 19.226841 ], [ -96.219691, 19.22718 ], [ -96.219414, 19.227407 ], [ -96.219089, 19.227601 ], [ -96.218664, 19.227758 ], [ -96.218365, 19.227841 ], [ -96.218091, 19.227868 ], [ -96.217737, 19.227876 ], [ -96.212923, 19.227651 ], [ -96.210117, 19.227641 ], [ -96.207929, 19.227591 ], [ -96.206202, 19.227581 ], [ -96.203967, 19.227483 ] ] } },
{ "type": "Feature", "properties": { "nombre": "Boulevard Portuario Kilómetro 13.5", "jerarquia": "trunk", "ref": null }, "geometry": { "type": "LineString", "coordinates": [ [ -96.203969, 19.227642 ], [ -96.206205, 19.227751 ], [ -96.207945, 19.227804 ], [ -96.21011, 19.227925 ], [ -96.212082, 19.227968 ], [ -96.213852, 19.228038 ], [ -96.214627, 19.228044 ], [ -96.216027, 19.228011 ], [ -96.217757, 19.22806 ], [ -96.218232, 19.228029 ], [ -96.218564, 19.227963 ], [ -96.218897, 19.227872 ], [ -96.21924, 19.227725 ], [ -96.219605, 19.227507 ], [ -96.219879, 19.227274 ], [ -96.220174, 19.226925 ], [ -96.220356, 19.226525 ], [ -96.220565, 19.225912 ], [ -96.220613, 19.225548 ], [ -96.220602, 19.225309 ], [ -96.220426, 19.223111 ], [ -96.22032, 19.220965 ] ] } },
{ "type": "Feature", "properties": { "nombre": "Boulevard Portuario Kilómetro 13.5", "jerarquia": "trunk", "ref": null }, "geometry": { "type": "LineString", "coordinates": [ [ -96.245946, 19.184768 ], [ -96.245688, 19.185549 ], [ -96.245604, 19.186014 ], [ -96.245549, 19.186536 ], [ -96.245603, 19.189178 ], [ -96.245513, 19.189723 ], [ -96.245404, 19.19011 ], [ -96.245345, 19.190252 ], [ -96.245212, 19.190482 ], [ -96.244813, 19.191061 ], [ -96.244389, 19.191449 ], [ -96.243755, 19.191838 ], [ -96.243024, 19.192063 ], [ -96.242248, 19.192167 ], [ -96.241298, 19.192235 ], [ -96.238889, 19.192455 ], [ -96.237757, 19.192498 ], [ -96.237006, 19.192373 ], [ -96.23599, 19.192023 ], [ -96.233074, 19.190945 ], [ -96.232299, 19.190769 ], [ -96.231508, 19.190729 ], [ -96.230911, 19.19077 ], [ -96.230518, 19.190854 ] ] } },
{ "type": "Feature", "properties": { "nombre": "Avenida Miguel Alemán", "jerarquia": "secondary", "ref": null }, "geometry": { "type": "LineString", "coordinates": [ [ -96.191971, 19.164894 ], [ -96.191881, 19.165278 ], [ -96.191719, 19.166411 ], [ -96.191662, 19.166656 ], [ -96.191585, 19.166836 ], [ -96.191426, 19.167064 ], [ -96.191094, 19.167379 ] ] } },
{ "type": "Feature", "properties": { "nombre": "Calle Marina Mercante", "jerarquia": "primary", "ref": null }, "geometry": { "type": "LineString", "coordinates": [ [ -96.137492, 19.201233 ], [ -96.137715, 19.201285 ], [ -96.137838, 19.201372 ], [ -96.138171, 19.201826 ], [ -96.138469, 19.202134 ] ] } },
{ "type": "Feature", "properties": { "nombre": "Calle 5", "jerarquia": "secondary", "ref": null }, "geometry": { "type": "LineString", "coordinates": [ [ -96.208602, 19.160111 ], [ -96.208063, 19.162666 ] ] } },
{ "type": "Feature", "properties": { "nombre": "Carretera Valente Díaz - Dos Lomas", "jerarquia": "secondary", "ref": null }, "geometry": { "type": "LineString", "coordinates": [ [ -96.216795, 19.150872 ], [ -96.214566, 19.150596 ], [ -96.213973, 19.150544 ], [ -96.212334, 19.150547 ], [ -96.210982, 19.150526 ] ] } },
{ "type": "Feature", "properties": { "nombre": "Carretera Valente Díaz - Dos Lomas", "jerarquia": "secondary", "ref": "VER" }, "geometry": { "type": "LineString", "coordinates": [ [ -96.220464, 19.151088 ], [ -96.21952, 19.151072 ], [ -96.218049, 19.150979 ], [ -96.217916, 19.150958 ] ] } },
{ "type": "Feature", "properties": { "nombre": "Calle Alta Tensión", "jerarquia": "secondary", "ref": null }, "geometry": { "type": "LineString", "coordinates": [ [ -96.171417, 19.189249 ], [ -96.172309, 19.188627 ], [ -96.173141, 19.188441 ] ] } },
{ "type": "Feature", "properties": { "nombre": "Zapote", "jerarquia": "secondary", "ref": null }, "geometry": { "type": "LineString", "coordinates": [ [ -96.173141, 19.188441 ], [ -96.173681, 19.188194 ], [ -96.17441, 19.188031 ], [ -96.174505, 19.187968 ], [ -96.174624, 19.187846 ], [ -96.174649, 19.187789 ] ] } },
{ "type": "Feature", "properties": { "nombre": "Calle Flor de Rosinia", "jerarquia": "secondary", "ref": null }, "geometry": { "type": "LineString", "coordinates": [ [ -96.172671, 19.186442 ], [ -96.172186, 19.186447 ] ] } },
{ "type": "Feature", "properties": { "nombre": "Boulevard Flor de Alhelí", "jerarquia": "secondary", "ref": null }, "geometry": { "type": "LineString", "coordinates": [ [ -96.174746, 19.187023 ], [ -96.174994, 19.186813 ], [ -96.178835, 19.184138 ] ] } },
{ "type": "Feature", "properties": { "nombre": "Conexión al Puerto", "jerarquia": "secondary", "ref": null }, "geometry": { "type": "LineString", "coordinates": [ [ -96.180578, 19.180709 ], [ -96.180309, 19.180945 ], [ -96.180198, 19.181134 ], [ -96.180149, 19.181303 ], [ -96.180138, 19.181428 ], [ -96.180187, 19.182558 ], [ -96.180165, 19.182843 ], [ -96.180147, 19.182898 ], [ -96.18002, 19.183085 ], [ -96.179861, 19.183211 ], [ -96.179716, 19.183285 ], [ -96.179357, 19.183415 ] ] } },
{ "type": "Feature", "properties": { "nombre": "Avenida Úrsulo Galván Ilustres Veracruzanos", "jerarquia": "secondary", "ref": null }, "geometry": { "type": "LineString", "coordinates": [ [ -96.179788, 19.18671 ], [ -96.180177, 19.187091 ], [ -96.180506, 19.187476 ], [ -96.180835, 19.187984 ], [ -96.181117, 19.188538 ], [ -96.181175, 19.188692 ], [ -96.181385, 19.189492 ], [ -96.181395, 19.189804 ], [ -96.181365, 19.190379 ] ] } },
{ "type": "Feature", "properties": { "nombre": "Avenida Atoyac", "jerarquia": "secondary", "ref": null }, "geometry": { "type": "LineString", "coordinates": [ [ -96.215719, 19.201411 ], [ -96.215534, 19.202428 ], [ -96.215504, 19.202459 ] ] } },
{ "type": "Feature", "properties": { "nombre": "Calle Paseo Córdoba", "jerarquia": "secondary", "ref": null }, "geometry": { "type": "LineString", "coordinates": [ [ -96.164134, 19.194376 ], [ -96.164024, 19.194529 ], [ -96.163702, 19.195088 ], [ -96.163527, 19.195432 ] ] } },
{ "type": "Feature", "properties": { "nombre": "Boulevard Adolfo Ruiz Cortines", "jerarquia": "primary", "ref": null }, "geometry": { "type": "LineString", "coordinates": [ [ -96.103579, 19.141394 ], [ -96.103729, 19.142102 ], [ -96.10376, 19.142335 ], [ -96.103727, 19.142469 ], [ -96.104041, 19.146709 ], [ -96.104198, 19.148278 ], [ -96.104246, 19.148533 ], [ -96.104316, 19.148778 ], [ -96.104477, 19.149175 ], [ -96.104985, 19.149975 ], [ -96.106857, 19.15246 ], [ -96.108047, 19.153992 ], [ -96.108341, 19.154418 ], [ -96.108416, 19.15456 ], [ -96.108538, 19.154996 ], [ -96.108589, 19.155335 ], [ -96.10905, 19.159671 ] ] } },
{ "type": "Feature", "properties": { "nombre": "Bulevar Manuel Ávila Camacho", "jerarquia": "primary", "ref": null }, "geometry": { "type": "LineString", "coordinates": [ [ -96.124771, 19.18278 ], [ -96.124445, 19.180822 ], [ -96.124253, 19.180211 ], [ -96.124127, 19.17992 ], [ -96.123946, 19.179615 ], [ -96.123472, 19.179029 ], [ -96.121637, 19.177347 ], [ -96.12141, 19.177122 ], [ -96.12121, 19.176863 ], [ -96.120962, 19.176436 ], [ -96.12079, 19.17604 ], [ -96.119902, 19.173563 ], [ -96.119797, 19.173334 ], [ -96.119528, 19.172859 ] ] } },
{ "type": "Feature", "properties": { "nombre": "Corredor Logístico", "jerarquia": "secondary", "ref": null }, "geometry": { "type": "LineString", "coordinates": [ [ -96.192746, 19.163132 ], [ -96.193458, 19.162637 ] ] } },
{ "type": "Feature", "properties": { "nombre": "Corredor Logístico", "jerarquia": "secondary", "ref": null }, "geometry": { "type": "LineString", "coordinates": [ [ -96.193823, 19.174601 ], [ -96.193769, 19.174323 ], [ -96.193657, 19.174135 ], [ -96.193505, 19.173962 ], [ -96.192845, 19.173328 ], [ -96.192637, 19.173204 ], [ -96.192471, 19.173155 ], [ -96.192224, 19.173138 ], [ -96.191947, 19.1732 ], [ -96.191841, 19.173205 ] ] } },
{ "type": "Feature", "properties": { "nombre": "Corredor Logístico", "jerarquia": "secondary", "ref": null }, "geometry": { "type": "LineString", "coordinates": [ [ -96.193823, 19.174601 ], [ -96.194202, 19.175399 ] ] } },
{ "type": "Feature", "properties": { "nombre": "Corredor Logístico", "jerarquia": "secondary", "ref": null }, "geometry": { "type": "LineString", "coordinates": [ [ -96.195097, 19.17874 ], [ -96.195084, 19.178806 ], [ -96.195121, 19.178924 ], [ -96.195212, 19.178996 ], [ -96.19527, 19.179012 ], [ -96.195401, 19.17899 ], [ -96.195493, 19.178899 ], [ -96.195512, 19.178839 ], [ -96.195489, 19.178715 ], [ -96.195449, 19.178665 ], [ -96.195325, 19.178608 ], [ -96.195254, 19.178612 ], [ -96.195187, 19.178637 ], [ -96.195133, 19.178681 ], [ -96.195097, 19.17874 ] ] } },
{ "type": "Feature", "properties": { "nombre": "Boulevard Portuario Kilómetro 13.5", "jerarquia": "trunk", "ref": null }, "geometry": { "type": "LineString", "coordinates": [ [ -96.221785, 19.209995 ], [ -96.221561, 19.210852 ], [ -96.221411, 19.211542 ], [ -96.221134, 19.21301 ], [ -96.220893, 19.21458 ], [ -96.220834, 19.215262 ], [ -96.220625, 19.216821 ], [ -96.220554, 19.217607 ] ] } },
{ "type": "Feature", "properties": { "nombre": "Boulevard Portuario Kilómetro 13.5", "jerarquia": "trunk", "ref": null }, "geometry": { "type": "LineString", "coordinates": [ [ -96.220599, 19.218144 ], [ -96.22066, 19.217622 ] ] } },
{ "type": "Feature", "properties": { "nombre": "Carretera Veracruz - Xalapa", "jerarquia": "primary", "ref": "MEX 140" }, "geometry": { "type": "LineString", "coordinates": [ [ -96.198708, 19.159285 ], [ -96.206563, 19.162294 ], [ -96.214694, 19.165311 ], [ -96.218023, 19.16658 ], [ -96.221686, 19.167916 ], [ -96.224043, 19.168756 ], [ -96.229027, 19.170648 ], [ -96.229278, 19.170772 ], [ -96.229515, 19.170915 ], [ -96.229841, 19.171156 ], [ -96.230647, 19.171876 ], [ -96.230941, 19.172112 ], [ -96.231443, 19.172476 ], [ -96.231844, 19.172697 ], [ -96.233318, 19.173298 ], [ -96.237984, 19.175064 ], [ -96.240584, 19.175917 ], [ -96.242532, 19.176658 ], [ -96.244408, 19.177416 ], [ -96.24903, 19.179153 ], [ -96.256219, 19.18196 ], [ -96.261196, 19.183827 ], [ -96.262885, 19.184495 ], [ -96.268035, 19.186434 ], [ -96.270457, 19.187369 ], [ -96.271375, 19.187697 ], [ -96.272391, 19.187998 ], [ -96.274478, 19.1887 ] ] } },
{ "type": "Feature", "properties": { "nombre": "Calle Oriente", "jerarquia": "secondary", "ref": null }, "geometry": { "type": "LineString", "coordinates": [ [ -96.22264, 19.168247 ], [ -96.22286, 19.168077 ], [ -96.223202, 19.167275 ], [ -96.223255, 19.167117 ], [ -96.223276, 19.166942 ], [ -96.223281, 19.166597 ], [ -96.223206, 19.16624 ], [ -96.223149, 19.166133 ], [ -96.222988, 19.165915 ], [ -96.222832, 19.165776 ], [ -96.222691, 19.165678 ], [ -96.222412, 19.165526 ] ] } },
{ "type": "Feature", "properties": { "nombre": "Corredor Logístico", "jerarquia": "secondary", "ref": null }, "geometry": { "type": "LineString", "coordinates": [ [ -96.159247, 19.14416 ], [ -96.15948, 19.143747 ] ] } },
{ "type": "Feature", "properties": { "nombre": "Avenida Francisco Hernández y Hernández", "jerarquia": "primary", "ref": null }, "geometry": { "type": "LineString", "coordinates": [ [ -96.13175, 19.199727 ], [ -96.130833, 19.198351 ], [ -96.130636, 19.198029 ], [ -96.130516, 19.197867 ], [ -96.130421, 19.197793 ], [ -96.130248, 19.197695 ] ] } },
{ "type": "Feature", "properties": { "nombre": "Boulevard Portuario Kilómetro 13.5", "jerarquia": "trunk", "ref": null }, "geometry": { "type": "LineString", "coordinates": [ [ -96.222237, 19.210273 ], [ -96.222352, 19.209657 ] ] } },
{ "type": "Feature", "properties": { "nombre": "Boulevard Portuario Kilómetro 13.5", "jerarquia": "trunk", "ref": null }, "geometry": { "type": "LineString", "coordinates": [ [ -96.22066, 19.217622 ], [ -96.220792, 19.216209 ], [ -96.221058, 19.214143 ], [ -96.221219, 19.213217 ], [ -96.221397, 19.212668 ], [ -96.222107, 19.210757 ], [ -96.222237, 19.210273 ] ] } },
{ "type": "Feature", "properties": { "nombre": "Boulevard Portuario Kilómetro 13.5", "jerarquia": "trunk", "ref": null }, "geometry": { "type": "LineString", "coordinates": [ [ -96.221923, 19.20943 ], [ -96.221785, 19.209995 ] ] } },
{ "type": "Feature", "properties": { "nombre": "Calle Paseo Oasis", "jerarquia": "secondary", "ref": null }, "geometry": { "type": "LineString", "coordinates": [ [ -96.215708, 19.201486 ], [ -96.216049, 19.201591 ], [ -96.216926, 19.201763 ], [ -96.21784, 19.201801 ] ] } },
{ "type": "Feature", "properties": { "nombre": "Camino Chalchihuecan", "jerarquia": "secondary", "ref": null }, "geometry": { "type": "LineString", "coordinates": [ [ -96.222066, 19.202083 ], [ -96.222187, 19.20186 ], [ -96.222243, 19.201648 ], [ -96.222337, 19.201101 ], [ -96.222464, 19.199993 ], [ -96.222609, 19.199553 ], [ -96.223052, 19.198482 ], [ -96.223718, 19.197552 ], [ -96.223831, 19.197346 ], [ -96.223865, 19.197199 ], [ -96.22299, 19.192864 ], [ -96.222752, 19.191764 ], [ -96.222681, 19.191113 ] ] } },
{ "type": "Feature", "properties": { "nombre": "Boulevard Portuario Kilómetro 13.5", "jerarquia": "trunk", "ref": null }, "geometry": { "type": "LineString", "coordinates": [ [ -96.230228, 19.190925 ], [ -96.229755, 19.191062 ], [ -96.229318, 19.191248 ], [ -96.228807, 19.191529 ], [ -96.228055, 19.192127 ], [ -96.227503, 19.192723 ], [ -96.224035, 19.197349 ], [ -96.223613, 19.198027 ], [ -96.223314, 19.198657 ], [ -96.222965, 19.199486 ], [ -96.222745, 19.200161 ], [ -96.222609, 19.200842 ], [ -96.222513, 19.201615 ], [ -96.222497, 19.20283 ] ] } },
{ "type": "Feature", "properties": { "nombre": "Boulevard Portuario Kilómetro 13.5", "jerarquia": "trunk", "ref": null }, "geometry": { "type": "LineString", "coordinates": [ [ -96.230518, 19.190854 ], [ -96.230228, 19.190925 ] ] } },
{ "type": "Feature", "properties": { "nombre": "Boulevard Portuario Kilómetro 13.5", "jerarquia": "trunk", "ref": null }, "geometry": { "type": "LineString", "coordinates": [ [ -96.230322, 19.191409 ], [ -96.230745, 19.191313 ] ] } },
{ "type": "Feature", "properties": { "nombre": "Boulevard Portuario Kilómetro 13.5", "jerarquia": "trunk", "ref": null }, "geometry": { "type": "LineString", "coordinates": [ [ -96.222352, 19.209657 ], [ -96.222591, 19.208492 ], [ -96.222673, 19.207756 ], [ -96.222838, 19.205008 ], [ -96.222986, 19.203021 ], [ -96.223004, 19.202511 ] ] } },
{ "type": "Feature", "properties": { "nombre": "Boulevard Portuario Kilómetro 13.5", "jerarquia": "trunk", "ref": null }, "geometry": { "type": "LineString", "coordinates": [ [ -96.246208, 19.184168 ], [ -96.245946, 19.184768 ] ] } },
{ "type": "Feature", "properties": { "nombre": "Boulevard Portuario Kilómetro 13.5", "jerarquia": "trunk", "ref": null }, "geometry": { "type": "LineString", "coordinates": [ [ -96.246741, 19.184241 ], [ -96.24903, 19.179153 ] ] } },
{ "type": "Feature", "properties": { "nombre": "Boulevard Portuario Kilómetro 13.5", "jerarquia": "trunk", "ref": null }, "geometry": { "type": "LineString", "coordinates": [ [ -96.246428, 19.184948 ], [ -96.246741, 19.184241 ] ] } },
{ "type": "Feature", "properties": { "nombre": "Camino Chalchihuecan", "jerarquia": "secondary", "ref": null }, "geometry": { "type": "LineString", "coordinates": [ [ -96.222049, 19.20394 ], [ -96.222046, 19.204132 ], [ -96.221911, 19.204451 ], [ -96.221884, 19.204663 ], [ -96.221896, 19.205744 ], [ -96.221956, 19.206824 ] ] } },
{ "type": "Feature", "properties": { "nombre": "Calle Montesinos", "jerarquia": "primary", "ref": null }, "geometry": { "type": "LineString", "coordinates": [ [ -96.142074, 19.202382 ], [ -96.142201, 19.202353 ], [ -96.1447, 19.20073 ] ] } },
{ "type": "Feature", "properties": { "nombre": "Calle Montesinos", "jerarquia": "primary", "ref": null }, "geometry": { "type": "LineString", "coordinates": [ [ -96.142074, 19.202382 ], [ -96.140938, 19.2031 ] ] } },
{ "type": "Feature", "properties": { "nombre": "Avenida Morelos", "jerarquia": "primary", "ref": null }, "geometry": { "type": "LineString", "coordinates": [ [ -96.139749, 19.203022 ], [ -96.138999, 19.2024 ], [ -96.138512, 19.201957 ] ] } },
{ "type": "Feature", "properties": { "nombre": "Carretera Veracruz - Xalapa", "jerarquia": "primary", "ref": "MEX 140" }, "geometry": { "type": "LineString", "coordinates": [ [ -96.198832, 19.15921 ], [ -96.192407, 19.156788 ] ] } },
{ "type": "Feature", "properties": { "nombre": "Carretera Veracruz - Xalapa", "jerarquia": "primary", "ref": "MEX 140" }, "geometry": { "type": "LineString", "coordinates": [ [ -96.192268, 19.156848 ], [ -96.198708, 19.159285 ] ] } },
{ "type": "Feature", "properties": { "nombre": "Corredor Logístico", "jerarquia": "secondary", "ref": null }, "geometry": { "type": "LineString", "coordinates": [ [ -96.191094, 19.167379 ], [ -96.188949, 19.169535 ] ] } },
{ "type": "Feature", "properties": { "nombre": "Avenida Xalapa", "jerarquia": "secondary", "ref": null }, "geometry": { "type": "LineString", "coordinates": [ [ -96.141981, 19.177893 ], [ -96.139945, 19.178201 ] ] } },
{ "type": "Feature", "properties": { "nombre": "Avenida Xalapa", "jerarquia": "secondary", "ref": null }, "geometry": { "type": "LineString", "coordinates": [ [ -96.140087, 19.178306 ], [ -96.141868, 19.178004 ], [ -96.141965, 19.178012 ] ] } },
{ "type": "Feature", "properties": { "nombre": "Eje 1 Poniente", "jerarquia": "secondary", "ref": null }, "geometry": { "type": "LineString", "coordinates": [ [ -96.153287, 19.159 ], [ -96.153248, 19.157597 ], [ -96.153258, 19.157372 ] ] } },
{ "type": "Feature", "properties": { "nombre": "Calle Cuauhtémoc", "jerarquia": "secondary", "ref": null }, "geometry": { "type": "LineString", "coordinates": [ [ -96.162908, 19.210002 ], [ -96.163171, 19.210311 ], [ -96.163639, 19.210738 ], [ -96.163899, 19.210921 ], [ -96.164147, 19.211066 ], [ -96.164644, 19.211273 ], [ -96.167439, 19.212288 ], [ -96.167639, 19.212378 ], [ -96.167876, 19.21253 ], [ -96.168265, 19.212823 ], [ -96.168469, 19.213009 ], [ -96.169154, 19.213772 ], [ -96.169851, 19.214492 ], [ -96.17011, 19.214724 ], [ -96.171615, 19.215783 ] ] } },
{ "type": "Feature", "properties": { "nombre": "Bulevar Manuel Ávila Camacho", "jerarquia": "primary", "ref": null }, "geometry": { "type": "LineString", "coordinates": [ [ -96.124468, 19.18506 ], [ -96.124714, 19.184492 ], [ -96.124821, 19.184148 ], [ -96.124854, 19.183897 ], [ -96.124869, 19.183665 ], [ -96.124845, 19.183318 ], [ -96.124771, 19.18278 ] ] } },
{ "type": "Feature", "properties": { "nombre": "Avenida Miguel Ángel de Quevedo", "jerarquia": "secondary", "ref": null }, "geometry": { "type": "LineString", "coordinates": [ [ -96.159426, 19.205008 ], [ -96.159834, 19.203734 ], [ -96.160042, 19.2032 ], [ -96.160354, 19.202478 ] ] } },
{ "type": "Feature", "properties": { "nombre": "Calle Trébol", "jerarquia": "secondary", "ref": null }, "geometry": { "type": "LineString", "coordinates": [ [ -96.174649, 19.187789 ], [ -96.17467, 19.187704 ], [ -96.174664, 19.187299 ], [ -96.174703, 19.187117 ], [ -96.174746, 19.187023 ] ] } },
{ "type": "Feature", "properties": { "nombre": "Avenida Veracruz", "jerarquia": "secondary", "ref": null }, "geometry": { "type": "LineString", "coordinates": [ [ -96.175322, 19.210634 ], [ -96.175766, 19.210429 ], [ -96.176521, 19.209936 ] ] } },
{ "type": "Feature", "properties": { "nombre": "Avenida Ejército Mexicano Oriente", "jerarquia": "primary", "ref": "MEX 140" }, "geometry": { "type": "LineString", "coordinates": [ [ -96.124064, 19.143203 ], [ -96.124223, 19.143309 ], [ -96.125666, 19.144738 ], [ -96.125879, 19.144896 ], [ -96.126169, 19.145088 ], [ -96.128478, 19.14622 ], [ -96.128626, 19.146239 ] ] } },
{ "type": "Feature", "properties": { "nombre": "Avenida de las Americas", "jerarquia": "primary", "ref": "MEX 140" }, "geometry": { "type": "LineString", "coordinates": [ [ -96.10874, 19.140258 ], [ -96.108128, 19.140399 ], [ -96.10711, 19.14056 ], [ -96.106326, 19.140824 ], [ -96.10608, 19.140888 ], [ -96.105227, 19.141002 ], [ -96.105075, 19.141009 ], [ -96.104227, 19.140982 ], [ -96.104078, 19.140942 ], [ -96.104045, 19.140906 ] ] } },
{ "type": "Feature", "properties": { "nombre": "Calle Paseo Oasis", "jerarquia": "secondary", "ref": null }, "geometry": { "type": "LineString", "coordinates": [ [ -96.221592, 19.202203 ], [ -96.22105, 19.202202 ], [ -96.220682, 19.202169 ], [ -96.220166, 19.20206 ], [ -96.219919, 19.201989 ] ] } },
{ "type": "Feature", "properties": { "nombre": "Calle Paseo Oasis", "jerarquia": "secondary", "ref": null }, "geometry": { "type": "LineString", "coordinates": [ [ -96.219718, 19.201949 ], [ -96.219095, 19.20179 ], [ -96.218199, 19.201713 ], [ -96.217998, 19.20171 ] ] } },
{ "type": "Feature", "properties": { "nombre": "Calle J. B. Lobos", "jerarquia": "secondary", "ref": null }, "geometry": { "type": "LineString", "coordinates": [ [ -96.143637, 19.180673 ], [ -96.145809, 19.179169 ], [ -96.146267, 19.178815 ], [ -96.148013, 19.177624 ], [ -96.148886, 19.176998 ], [ -96.149806, 19.176378 ], [ -96.15131, 19.175315 ], [ -96.15153, 19.175188 ], [ -96.152238, 19.1749 ], [ -96.153515, 19.174535 ], [ -96.15398, 19.174381 ] ] } },
{ "type": "Feature", "properties": { "nombre": "Avenida Cuauhtémoc", "jerarquia": "secondary", "ref": null }, "geometry": { "type": "LineString", "coordinates": [ [ -96.14226, 19.18164 ], [ -96.142881, 19.182471 ], [ -96.145912, 19.18678 ], [ -96.148578, 19.190495 ], [ -96.150878, 19.19374 ], [ -96.152725, 19.196254 ], [ -96.153283, 19.196971 ] ] } },
{ "type": "Feature", "properties": { "nombre": "Avenida Miguel Ángel de Quevedo", "jerarquia": "secondary", "ref": null }, "geometry": { "type": "LineString", "coordinates": [ [ -96.143727, 19.18061 ], [ -96.142158, 19.178003 ], [ -96.142122, 19.177949 ], [ -96.142063, 19.177911 ], [ -96.141981, 19.177893 ] ] } },
{ "type": "Feature", "properties": { "nombre": "Avenida Veracruz", "jerarquia": "secondary", "ref": null }, "geometry": { "type": "LineString", "coordinates": [ [ -96.177268, 19.209392 ], [ -96.178308, 19.208694 ] ] } },
{ "type": "Feature", "properties": { "nombre": "Avenida Veracruz", "jerarquia": "secondary", "ref": null }, "geometry": { "type": "LineString", "coordinates": [ [ -96.17719, 19.209454 ], [ -96.177268, 19.209392 ] ] } },
{ "type": "Feature", "properties": { "nombre": "Avenida Veracruz", "jerarquia": "secondary", "ref": null }, "geometry": { "type": "LineString", "coordinates": [ [ -96.178308, 19.208694 ], [ -96.178405, 19.208677 ], [ -96.178594, 19.208563 ], [ -96.178869, 19.208358 ], [ -96.181028, 19.206881 ], [ -96.181635, 19.205951 ], [ -96.181608, 19.20459 ], [ -96.181626, 19.202668 ] ] } },
{ "type": "Feature", "properties": { "nombre": "Bulevar Manuel Ávila Camacho", "jerarquia": "primary", "ref": null }, "geometry": { "type": "LineString", "coordinates": [ [ -96.12407, 19.193646 ], [ -96.123987, 19.193555 ], [ -96.123953, 19.193451 ], [ -96.123963, 19.193262 ], [ -96.124267, 19.192303 ], [ -96.124618, 19.191087 ], [ -96.12463, 19.190942 ], [ -96.124593, 19.190693 ], [ -96.124524, 19.190476 ], [ -96.124292, 19.1901 ], [ -96.123697, 19.189328 ], [ -96.123306, 19.188871 ], [ -96.123111, 19.188604 ], [ -96.123036, 19.188397 ], [ -96.123006, 19.188226 ], [ -96.123026, 19.188046 ], [ -96.123084, 19.187868 ], [ -96.123374, 19.18731 ], [ -96.123995, 19.18625 ], [ -96.124185, 19.185838 ], [ -96.124254, 19.185645 ] ] } },
{ "type": "Feature", "properties": { "nombre": "Corredor Logístico", "jerarquia": "secondary", "ref": null }, "geometry": { "type": "LineString", "coordinates": [ [ -96.221659, 19.20236 ], [ -96.221737, 19.202371 ], [ -96.221808, 19.202338 ], [ -96.221848, 19.202266 ], [ -96.221833, 19.202186 ], [ -96.221786, 19.20214 ], [ -96.221721, 19.202122 ], [ -96.221643, 19.202143 ], [ -96.221592, 19.202203 ], [ -96.221584, 19.202257 ], [ -96.221601, 19.202309 ], [ -96.221659, 19.20236 ] ] } },
{ "type": "Feature", "properties": { "nombre": "Camino Chalchihuecan", "jerarquia": "secondary", "ref": null }, "geometry": { "type": "LineString", "coordinates": [ [ -96.222066, 19.202083 ], [ -96.221975, 19.202109 ], [ -96.221833, 19.202186 ] ] } },
{ "type": "Feature", "properties": { "nombre": "Calle Paseo Oasis", "jerarquia": "secondary", "ref": null }, "geometry": { "type": "LineString", "coordinates": [ [ -96.219858, 19.202106 ], [ -96.220755, 19.202293 ], [ -96.221289, 19.202322 ], [ -96.221601, 19.202309 ] ] } },
{ "type": "Feature", "properties": { "nombre": "Corredor Logístico", "jerarquia": "secondary", "ref": null }, "geometry": { "type": "LineString", "coordinates": [ [ -96.219718, 19.201949 ], [ -96.219696, 19.202015 ], [ -96.219704, 19.202049 ], [ -96.219751, 19.202102 ], [ -96.219786, 19.202115 ], [ -96.219858, 19.202106 ], [ -96.21991, 19.202057 ], [ -96.219919, 19.201989 ], [ -96.219881, 19.20193 ], [ -96.219777, 19.201909 ], [ -96.219718, 19.201949 ] ] } },
{ "type": "Feature", "properties": { "nombre": "Boulevard Adolfo Ruiz Cortines", "jerarquia": "primary", "ref": null }, "geometry": { "type": "LineString", "coordinates": [ [ -96.112136, 19.165542 ], [ -96.111014, 19.164939 ], [ -96.110647, 19.16469 ], [ -96.110472, 19.164545 ], [ -96.110247, 19.164315 ], [ -96.109991, 19.163948 ], [ -96.109871, 19.163731 ], [ -96.10977, 19.163485 ], [ -96.10969, 19.163189 ], [ -96.109559, 19.16249 ], [ -96.10928, 19.159749 ] ] } },
{ "type": "Feature", "properties": { "nombre": "Boulevard Manuel Ávila Camacho", "jerarquia": "secondary", "ref": null }, "geometry": { "type": "LineString", "coordinates": [ [ -96.102559, 19.161412 ], [ -96.10031, 19.158924 ], [ -96.097969, 19.155584 ], [ -96.097608, 19.155011 ], [ -96.095968, 19.151741 ], [ -96.095624, 19.150962 ], [ -96.095563, 19.15075 ], [ -96.095525, 19.150521 ], [ -96.095521, 19.150396 ], [ -96.095572, 19.149885 ], [ -96.095543, 19.149453 ], [ -96.09551, 19.149284 ], [ -96.095447, 19.149097 ], [ -96.095199, 19.148449 ], [ -96.095179, 19.148263 ], [ -96.09521, 19.148097 ], [ -96.095332, 19.14777 ], [ -96.095422, 19.147539 ], [ -96.095537, 19.147308 ], [ -96.095897, 19.146872 ], [ -96.096518, 19.146278 ], [ -96.096656, 19.146182 ], [ -96.096798, 19.146113 ], [ -96.098221, 19.145556 ], [ -96.098933, 19.145214 ], [ -96.099139, 19.145109 ], [ -96.099496, 19.144862 ], [ -96.0997, 19.144677 ], [ -96.100706, 19.143369 ], [ -96.100778, 19.14322 ], [ -96.101486, 19.141422 ], [ -96.101598, 19.141253 ], [ -96.101677, 19.141171 ], [ -96.101787, 19.141089 ], [ -96.101975, 19.141022 ], [ -96.102156, 19.141002 ], [ -96.10323, 19.141066 ], [ -96.103409, 19.141123 ] ] } },
{ "type": "Feature", "properties": { "nombre": "Calle Paseo Oasis", "jerarquia": "secondary", "ref": null }, "geometry": { "type": "LineString", "coordinates": [ [ -96.217834, 19.201726 ], [ -96.217567, 19.201737 ], [ -96.216936, 19.201686 ], [ -96.216237, 19.201568 ], [ -96.215719, 19.201411 ] ] } },
{ "type": "Feature", "properties": { "nombre": "Calle Paseo Oasis", "jerarquia": "secondary", "ref": null }, "geometry": { "type": "LineString", "coordinates": [ [ -96.218001, 19.2018 ], [ -96.219045, 19.201878 ], [ -96.219216, 19.201905 ], [ -96.219704, 19.202049 ] ] } },
{ "type": "Feature", "properties": { "nombre": "Corredor Logístico", "jerarquia": "secondary", "ref": null }, "geometry": { "type": "LineString", "coordinates": [ [ -96.218013, 19.201755 ], [ -96.217982, 19.201692 ], [ -96.217938, 19.201672 ], [ -96.217876, 19.201681 ], [ -96.217828, 19.201751 ], [ -96.217862, 19.201825 ], [ -96.217916, 19.201844 ], [ -96.217985, 19.201819 ], [ -96.218013, 19.201755 ] ] } },
{ "type": "Feature", "properties": { "nombre": "Carretera a Dos Lomas", "jerarquia": "secondary", "ref": null }, "geometry": { "type": "LineString", "coordinates": [ [ -96.221586, 19.155708 ], [ -96.221808, 19.154962 ], [ -96.222163, 19.153598 ], [ -96.222486, 19.151995 ], [ -96.222504, 19.151792 ], [ -96.2226, 19.151291 ], [ -96.222622, 19.151205 ], [ -96.222682, 19.151086 ] ] } },
{ "type": "Feature", "properties": { "nombre": "Carretera a Dos Lomas", "jerarquia": "secondary", "ref": null }, "geometry": { "type": "LineString", "coordinates": [ [ -96.222556, 19.151094 ], [ -96.222494, 19.151283 ], [ -96.22214, 19.153142 ], [ -96.221977, 19.153888 ], [ -96.221525, 19.155587 ], [ -96.221458, 19.155675 ] ] } },
{ "type": "Feature", "properties": { "nombre": "Calle Doctor Rafaél Cuervo X", "jerarquia": "primary", "ref": null }, "geometry": { "type": "LineString", "coordinates": [ [ -96.179992, 19.215485 ], [ -96.181729, 19.215386 ], [ -96.182864, 19.215292 ], [ -96.188767, 19.214979 ], [ -96.192638, 19.214726 ] ] } },
{ "type": "Feature", "properties": { "nombre": "Calle Cuauhtémoc", "jerarquia": "secondary", "ref": null }, "geometry": { "type": "LineString", "coordinates": [ [ -96.172663, 19.215718 ], [ -96.171436, 19.215319 ], [ -96.170929, 19.2151 ], [ -96.170639, 19.214937 ], [ -96.170157, 19.21462 ], [ -96.169932, 19.214421 ], [ -96.169479, 19.213964 ], [ -96.169185, 19.213633 ] ] } },
{ "type": "Feature", "properties": { "nombre": "Calle Paseo Floresta Oriente", "jerarquia": "secondary", "ref": null }, "geometry": { "type": "LineString", "coordinates": [ [ -96.133878, 19.149839 ], [ -96.134678, 19.155652 ], [ -96.134977, 19.157996 ], [ -96.135624, 19.163489 ] ] } },
{ "type": "Feature", "properties": { "nombre": "Avenida Miguel Alemán", "jerarquia": "secondary", "ref": null }, "geometry": { "type": "LineString", "coordinates": [ [ -96.192746, 19.163132 ], [ -96.192156, 19.164376 ], [ -96.192048, 19.164638 ], [ -96.191971, 19.164894 ] ] } },
{ "type": "Feature", "properties": { "nombre": "Avenida Miguel Alemán", "jerarquia": "secondary", "ref": null }, "geometry": { "type": "LineString", "coordinates": [ [ -96.193458, 19.162637 ], [ -96.194592, 19.160552 ], [ -96.195416, 19.158971 ] ] } },
{ "type": "Feature", "properties": { "nombre": "Pino Suárez Norte", "jerarquia": "secondary", "ref": null }, "geometry": { "type": "LineString", "coordinates": [ [ -96.157832, 19.209109 ], [ -96.157763, 19.209021 ] ] } },
{ "type": "Feature", "properties": { "nombre": "Camino Chalchihuecan", "jerarquia": "secondary", "ref": null }, "geometry": { "type": "LineString", "coordinates": [ [ -96.221969, 19.202551 ], [ -96.222078, 19.202278 ], [ -96.222066, 19.202083 ] ] } },
{ "type": "Feature", "properties": { "nombre": "Avenida Veracruz", "jerarquia": "secondary", "ref": null }, "geometry": { "type": "LineString", "coordinates": [ [ -96.176521, 19.209936 ], [ -96.17719, 19.209454 ] ] } },
{ "type": "Feature", "properties": { "nombre": "Avenida Úrsulo Galván Ilustres Veracruzanos", "jerarquia": "secondary", "ref": null }, "geometry": { "type": "LineString", "coordinates": [ [ -96.181526, 19.201588 ], [ -96.181534, 19.202449 ], [ -96.18152, 19.202798 ] ] } },
{ "type": "Feature", "properties": { "nombre": "Avenida Úrsulo Galván Ilustres Veracruzanos", "jerarquia": "secondary", "ref": null }, "geometry": { "type": "LineString", "coordinates": [ [ -96.181626, 19.202668 ], [ -96.181636, 19.202308 ], [ -96.181621, 19.20198 ], [ -96.181579, 19.201677 ], [ -96.181526, 19.201588 ] ] } },
{ "type": "Feature", "properties": { "nombre": "Calle Cuauhtémoc", "jerarquia": "secondary", "ref": null }, "geometry": { "type": "LineString", "coordinates": [ [ -96.169185, 19.213633 ], [ -96.168427, 19.212792 ], [ -96.168114, 19.212536 ], [ -96.167738, 19.212299 ], [ -96.167229, 19.212072 ], [ -96.164718, 19.21119 ], [ -96.164395, 19.211059 ], [ -96.164085, 19.210901 ], [ -96.163762, 19.210692 ], [ -96.163478, 19.210446 ], [ -96.163285, 19.21024 ], [ -96.163028, 19.209926 ], [ -96.162381, 19.209056 ] ] } },
{ "type": "Feature", "properties": { "nombre": "Bulevar Fidel Velázquez", "jerarquia": "primary", "ref": null }, "geometry": { "type": "LineString", "coordinates": [ [ -96.15943, 19.211384 ], [ -96.159225, 19.211221 ] ] } },
{ "type": "Feature", "properties": { "nombre": "Bulevar Fidel Velázquez", "jerarquia": "primary", "ref": null }, "geometry": { "type": "LineString", "coordinates": [ [ -96.161533, 19.212829 ], [ -96.160954, 19.212511 ], [ -96.160353, 19.212078 ] ] } },
{ "type": "Feature", "properties": { "nombre": "Bulevar Fidel Velázquez", "jerarquia": "primary", "ref": null }, "geometry": { "type": "LineString", "coordinates": [ [ -96.159143, 19.211336 ], [ -96.159331, 19.211483 ] ] } },
{ "type": "Feature", "properties": { "nombre": "Bulevar Fidel Velázquez", "jerarquia": "primary", "ref": null }, "geometry": { "type": "LineString", "coordinates": [ [ -96.159331, 19.211483 ], [ -96.160227, 19.212216 ], [ -96.160852, 19.21265 ], [ -96.161113, 19.212808 ], [ -96.161446, 19.212976 ] ] } },
{ "type": "Feature", "properties": { "nombre": "Avenida Miguel Ángel de Quevedo", "jerarquia": "secondary", "ref": null }, "geometry": { "type": "LineString", "coordinates": [ [ -96.159339, 19.204868 ], [ -96.159242, 19.205019 ], [ -96.158704, 19.206523 ], [ -96.158076, 19.208177 ], [ -96.157324, 19.210232 ] ] } },
{ "type": "Feature", "properties": { "nombre": "Calle Villa Rica", "jerarquia": "secondary", "ref": null }, "geometry": { "type": "LineString", "coordinates": [ [ -96.166037, 19.207825 ], [ -96.166142, 19.207979 ], [ -96.16625, 19.208091 ] ] } },
{ "type": "Feature", "properties": { "nombre": "Calle Cuauhtémoc", "jerarquia": "secondary", "ref": null }, "geometry": { "type": "LineString", "coordinates": [ [ -96.162381, 19.209056 ], [ -96.16055, 19.206544 ], [ -96.159943, 19.205739 ], [ -96.159339, 19.204868 ] ] } },
{ "type": "Feature", "properties": { "nombre": "Calle Cuauhtémoc", "jerarquia": "secondary", "ref": null }, "geometry": { "type": "LineString", "coordinates": [ [ -96.159242, 19.205019 ], [ -96.161624, 19.208278 ], [ -96.162275, 19.209132 ], [ -96.162908, 19.210002 ] ] } },
{ "type": "Feature", "properties": { "nombre": "Bulevar Fidel Velázquez", "jerarquia": "primary", "ref": null }, "geometry": { "type": "LineString", "coordinates": [ [ -96.144932, 19.20861 ], [ -96.14504, 19.208615 ], [ -96.145573, 19.208496 ], [ -96.148573, 19.207786 ], [ -96.148776, 19.207749 ], [ -96.149034, 19.207741 ], [ -96.149298, 19.207779 ], [ -96.150277, 19.207995 ], [ -96.150763, 19.208121 ], [ -96.152818, 19.208781 ], [ -96.154093, 19.209223 ] ] } },
{ "type": "Feature", "properties": { "nombre": "Bulevar Fidel Velázquez", "jerarquia": "primary", "ref": null }, "geometry": { "type": "LineString", "coordinates": [ [ -96.152601, 19.208556 ], [ -96.150807, 19.207987 ], [ -96.150315, 19.207858 ], [ -96.149396, 19.207665 ], [ -96.149015, 19.207608 ], [ -96.148747, 19.207625 ], [ -96.148491, 19.207677 ], [ -96.147211, 19.207949 ], [ -96.146253, 19.208177 ], [ -96.14592, 19.208267 ], [ -96.145015, 19.208558 ], [ -96.144932, 19.20861 ] ] } },
{ "type": "Feature", "properties": { "nombre": "Calle Morelos Norte", "jerarquia": "primary", "ref": null }, "geometry": { "type": "LineString", "coordinates": [ [ -96.143847, 19.208815 ], [ -96.143706, 19.208686 ], [ -96.142412, 19.206669 ] ] } },
{ "type": "Feature", "properties": { "nombre": "Calle General Andrés Figueroa", "jerarquia": "primary", "ref": null }, "geometry": { "type": "LineString", "coordinates": [ [ -96.130025, 19.197861 ], [ -96.129995, 19.19807 ], [ -96.130147, 19.198288 ] ] } },
{ "type": "Feature", "properties": { "nombre": "Bulevar Manuel Ávila Camacho", "jerarquia": "primary", "ref": null }, "geometry": { "type": "LineString", "coordinates": [ [ -96.129747, 19.19726 ], [ -96.128739, 19.195909 ], [ -96.128456, 19.195559 ], [ -96.128244, 19.195346 ], [ -96.127768, 19.194997 ], [ -96.127562, 19.194866 ], [ -96.127254, 19.194717 ], [ -96.12696, 19.194588 ], [ -96.12645, 19.194397 ], [ -96.12572, 19.194142 ], [ -96.124242, 19.193712 ], [ -96.12407, 19.193646 ] ] } },
{ "type": "Feature", "properties": { "nombre": "Bulevar Manuel Ávila Camacho", "jerarquia": "primary", "ref": null }, "geometry": { "type": "LineString", "coordinates": [ [ -96.124011, 19.193726 ], [ -96.124306, 19.193837 ], [ -96.124704, 19.193933 ], [ -96.125663, 19.194232 ], [ -96.126889, 19.194686 ], [ -96.127225, 19.194824 ], [ -96.127717, 19.195077 ], [ -96.128172, 19.195417 ], [ -96.128389, 19.195624 ], [ -96.129674, 19.197313 ], [ -96.129997, 19.197762 ], [ -96.130025, 19.197861 ] ] } },
{ "type": "Feature", "properties": { "nombre": "Avenida Independencia", "jerarquia": "secondary", "ref": null }, "geometry": { "type": "LineString", "coordinates": [ [ -96.135101, 19.195187 ], [ -96.135495, 19.195792 ] ] } },
{ "type": "Feature", "properties": { "nombre": "Calle Manuel Doblado", "jerarquia": "secondary", "ref": null }, "geometry": { "type": "LineString", "coordinates": [ [ -96.135656, 19.193964 ], [ -96.135535, 19.193971 ], [ -96.13544, 19.194015 ], [ -96.135109, 19.19425 ] ] } },
{ "type": "Feature", "properties": { "nombre": "Avenida 5 de Mayo", "jerarquia": "secondary", "ref": null }, "geometry": { "type": "LineString", "coordinates": [ [ -96.136431, 19.194838 ], [ -96.135817, 19.194044 ], [ -96.135755, 19.193996 ], [ -96.135656, 19.193964 ] ] } },
{ "type": "Feature", "properties": { "nombre": "Calle Ignacio López Rayón", "jerarquia": "secondary", "ref": null }, "geometry": { "type": "LineString", "coordinates": [ [ -96.135495, 19.195792 ], [ -96.136183, 19.19531 ], [ -96.136365, 19.195136 ], [ -96.136432, 19.195038 ], [ -96.136446, 19.194952 ], [ -96.136431, 19.194838 ] ] } },
{ "type": "Feature", "properties": { "nombre": "Puente Morelos", "jerarquia": "primary", "ref": null }, "geometry": { "type": "LineString", "coordinates": [ [ -96.139055, 19.202658 ], [ -96.138968, 19.202569 ] ] } },
{ "type": "Feature", "properties": { "nombre": "Calle Montesinos", "jerarquia": "primary", "ref": null }, "geometry": { "type": "LineString", "coordinates": [ [ -96.145786, 19.19941 ], [ -96.145782, 19.199196 ], [ -96.145716, 19.198854 ], [ -96.145617, 19.19855 ], [ -96.145495, 19.198279 ], [ -96.144944, 19.197513 ], [ -96.144807, 19.197371 ], [ -96.144705, 19.197301 ] ] } },
{ "type": "Feature", "properties": { "nombre": "Calle Ignacio Allende", "jerarquia": "primary", "ref": null }, "geometry": { "type": "LineString", "coordinates": [ [ -96.145182, 19.19803 ], [ -96.144747, 19.197434 ], [ -96.144705, 19.197301 ] ] } },
{ "type": "Feature", "properties": { "nombre": "Calle Ignacio Allende", "jerarquia": "primary", "ref": null }, "geometry": { "type": "LineString", "coordinates": [ [ -96.14458, 19.197377 ], [ -96.14469, 19.197472 ], [ -96.145123, 19.198067 ] ] } },
{ "type": "Feature", "properties": { "nombre": "Avenida Cuauhtémoc", "jerarquia": "secondary", "ref": null }, "geometry": { "type": "LineString", "coordinates": [ [ -96.153356, 19.196913 ], [ -96.152642, 19.195902 ], [ -96.151001, 19.193665 ], [ -96.150201, 19.192515 ], [ -96.147154, 19.188283 ], [ -96.146677, 19.187587 ], [ -96.146034, 19.186699 ], [ -96.14481, 19.184946 ], [ -96.144197, 19.184106 ], [ -96.141188, 19.179832 ], [ -96.140654, 19.179116 ], [ -96.140087, 19.178306 ], [ -96.139945, 19.178201 ] ] } },
{ "type": "Feature", "properties": { "nombre": "Calle Ignacio Allende", "jerarquia": "primary", "ref": null }, "geometry": { "type": "LineString", "coordinates": [ [ -96.145123, 19.198067 ], [ -96.145424, 19.198508 ], [ -96.14553, 19.198697 ], [ -96.145602, 19.198875 ], [ -96.145661, 19.199093 ], [ -96.145723, 19.199764 ], [ -96.14577, 19.199945 ], [ -96.145905, 19.200256 ], [ -96.146012, 19.200415 ], [ -96.146293, 19.200724 ], [ -96.146656, 19.200953 ], [ -96.147193, 19.20122 ], [ -96.147594, 19.201504 ], [ -96.148128, 19.202126 ], [ -96.149545, 19.204082 ] ] } },
{ "type": "Feature", "properties": { "nombre": "Calle Leyes de Reforma", "jerarquia": "secondary", "ref": null }, "geometry": { "type": "LineString", "coordinates": [ [ -96.168188, 19.191327 ], [ -96.16868, 19.191128 ] ] } },
{ "type": "Feature", "properties": { "nombre": "Avenida Miguel Ángel de Quevedo", "jerarquia": "secondary", "ref": null }, "geometry": { "type": "LineString", "coordinates": [ [ -96.157576, 19.198722 ], [ -96.158025, 19.199346 ] ] } },
{ "type": "Feature", "properties": { "nombre": "Avenida Miguel Ángel de Quevedo", "jerarquia": "secondary", "ref": null }, "geometry": { "type": "LineString", "coordinates": [ [ -96.158102, 19.199299 ], [ -96.157631, 19.198667 ] ] } },
{ "type": "Feature", "properties": { "nombre": "Carretera Veracruz - Xalapa", "jerarquia": "primary", "ref": "MEX 140" }, "geometry": { "type": "LineString", "coordinates": [ [ -96.170877, 19.148529 ], [ -96.170746, 19.148474 ] ] } },
{ "type": "Feature", "properties": { "nombre": "Carretera Veracruz - Xalapa", "jerarquia": "primary", "ref": "MEX 140" }, "geometry": { "type": "LineString", "coordinates": [ [ -96.192245, 19.15673 ], [ -96.178147, 19.151391 ] ] } },
{ "type": "Feature", "properties": { "nombre": "Carretera Veracruz - Xalapa", "jerarquia": "primary", "ref": "MEX 140" }, "geometry": { "type": "LineString", "coordinates": [ [ -96.178093, 19.151514 ], [ -96.186938, 19.154818 ], [ -96.192014, 19.15675 ] ] } },
{ "type": "Feature", "properties": { "nombre": "Carretera Veracruz - Xalapa", "jerarquia": "primary", "ref": "MEX 140" }, "geometry": { "type": "LineString", "coordinates": [ [ -96.170724, 19.148551 ], [ -96.170842, 19.148605 ] ] } },
{ "type": "Feature", "properties": { "nombre": "Camino Chalchihuecan", "jerarquia": "secondary", "ref": null }, "geometry": { "type": "LineString", "coordinates": [ [ -96.222049, 19.20394 ], [ -96.222097, 19.203101 ], [ -96.222077, 19.202842 ], [ -96.221969, 19.202551 ], [ -96.221808, 19.202338 ] ] } },
{ "type": "Feature", "properties": { "nombre": "Calle Víctor Sánchez", "jerarquia": "secondary", "ref": null }, "geometry": { "type": "LineString", "coordinates": [ [ -96.207471, 19.20151 ], [ -96.207587, 19.201585 ] ] } },
{ "type": "Feature", "properties": { "nombre": "Calle Cabo Dos Bahías", "jerarquia": "secondary", "ref": null }, "geometry": { "type": "LineString", "coordinates": [ [ -96.197951, 19.20356 ], [ -96.187837, 19.20597 ], [ -96.181703, 19.208382 ] ] } },
{ "type": "Feature", "properties": { "nombre": "Calle Leyes de Reforma", "jerarquia": "secondary", "ref": null }, "geometry": { "type": "LineString", "coordinates": [ [ -96.168188, 19.191327 ], [ -96.167959, 19.191473 ], [ -96.166778, 19.192367 ], [ -96.166565, 19.192516 ], [ -96.166168, 19.192742 ], [ -96.165315, 19.193335 ], [ -96.164403, 19.19402 ], [ -96.164288, 19.194132 ] ] } },
{ "type": "Feature", "properties": { "nombre": "Avenida Úrsulo Galván Ilustres Veracruzanos", "jerarquia": "secondary", "ref": null }, "geometry": { "type": "LineString", "coordinates": [ [ -96.181365, 19.190379 ], [ -96.181312, 19.192357 ], [ -96.181257, 19.193317 ], [ -96.181229, 19.19429 ], [ -96.181196, 19.196729 ], [ -96.181124, 19.197973 ], [ -96.181124, 19.199219 ], [ -96.181151, 19.199498 ], [ -96.181526, 19.201588 ] ] } },
{ "type": "Feature", "properties": { "nombre": "Avenida Úrsulo Galván Ilustres Veracruzanos", "jerarquia": "secondary", "ref": null }, "geometry": { "type": "LineString", "coordinates": [ [ -96.178835, 19.184138 ], [ -96.179801, 19.186034 ], [ -96.179812, 19.186087 ], [ -96.17975, 19.186609 ], [ -96.179788, 19.18671 ] ] } },
{ "type": "Feature", "properties": { "nombre": "Calle 13 de septiembre", "jerarquia": "secondary", "ref": null }, "geometry": { "type": "LineString", "coordinates": [ [ -96.172186, 19.186447 ], [ -96.172009, 19.18647 ], [ -96.171842, 19.186583 ], [ -96.168645, 19.189741 ], [ -96.168246, 19.190095 ] ] } },
{ "type": "Feature", "properties": { "nombre": "Calle Montes de Oca", "jerarquia": "secondary", "ref": null }, "geometry": { "type": "LineString", "coordinates": [ [ -96.170222, 19.190031 ], [ -96.170392, 19.18997 ], [ -96.171417, 19.189249 ] ] } },
{ "type": "Feature", "properties": { "nombre": "Calle Montes de Oca", "jerarquia": "secondary", "ref": null }, "geometry": { "type": "LineString", "coordinates": [ [ -96.16868, 19.191128 ], [ -96.169461, 19.190507 ] ] } },
{ "type": "Feature", "properties": { "nombre": "Calle Ignacio Allende", "jerarquia": "primary", "ref": null }, "geometry": { "type": "LineString", "coordinates": [ [ -96.138806, 19.189191 ], [ -96.137572, 19.187507 ], [ -96.137303, 19.187057 ], [ -96.137093, 19.186562 ] ] } },
{ "type": "Feature", "properties": { "nombre": "Calle Ignacio Allende", "jerarquia": "primary", "ref": null }, "geometry": { "type": "LineString", "coordinates": [ [ -96.136936, 19.186621 ], [ -96.137053, 19.186915 ], [ -96.137285, 19.187372 ], [ -96.137435, 19.187599 ], [ -96.138671, 19.189288 ] ] } },
{ "type": "Feature", "properties": { "nombre": "Bulevar Manuel Ávila Camacho", "jerarquia": "primary", "ref": null }, "geometry": { "type": "LineString", "coordinates": [ [ -96.116355, 19.169356 ], [ -96.116697, 19.169622 ], [ -96.117118, 19.170102 ], [ -96.119084, 19.172405 ], [ -96.119429, 19.172933 ] ] } },
{ "type": "Feature", "properties": { "nombre": "Bulevar Manuel Ávila Camacho", "jerarquia": "primary", "ref": null }, "geometry": { "type": "LineString", "coordinates": [ [ -96.119528, 19.172859 ], [ -96.119002, 19.172145 ], [ -96.118529, 19.17157 ], [ -96.116615, 19.169362 ], [ -96.116412, 19.169221 ] ] } },
{ "type": "Feature", "properties": { "nombre": "Calle Marcelino Tuero Molina", "jerarquia": "secondary", "ref": null }, "geometry": { "type": "LineString", "coordinates": [ [ -96.136179, 19.178791 ], [ -96.134888, 19.179003 ] ] } },
{ "type": "Feature", "properties": { "nombre": "Avenida Miguel Ángel de Quevedo", "jerarquia": "secondary", "ref": null }, "geometry": { "type": "LineString", "coordinates": [ [ -96.141965, 19.178012 ], [ -96.142059, 19.178054 ], [ -96.143108, 19.179759 ] ] } },
{ "type": "Feature", "properties": { "nombre": "VER", "jerarquia": "secondary", "ref": "VER" }, "geometry": { "type": "LineString", "coordinates": [ [ -96.253294, 19.141764 ], [ -96.245861, 19.144352 ] ] } },
{ "type": "Feature", "properties": { "nombre": "Carretera Veracruz - Xalapa", "jerarquia": "primary", "ref": "MEX 140" }, "geometry": { "type": "LineString", "coordinates": [ [ -96.27761, 19.189929 ], [ -96.27755, 19.189876 ], [ -96.274955, 19.188796 ], [ -96.272233, 19.187854 ], [ -96.271436, 19.187596 ], [ -96.264377, 19.184953 ], [ -96.261562, 19.18386 ], [ -96.256972, 19.182128 ], [ -96.250622, 19.179662 ], [ -96.248706, 19.178862 ], [ -96.241978, 19.176326 ], [ -96.240632, 19.175794 ], [ -96.239131, 19.175331 ], [ -96.237832, 19.17489 ], [ -96.234045, 19.173444 ], [ -96.232511, 19.172838 ], [ -96.232012, 19.172613 ], [ -96.231605, 19.172376 ], [ -96.231187, 19.17202 ], [ -96.2302, 19.171067 ], [ -96.229825, 19.17078 ], [ -96.229505, 19.17057 ], [ -96.228794, 19.170256 ], [ -96.228424, 19.17014 ], [ -96.227632, 19.169819 ], [ -96.226451, 19.169394 ], [ -96.224378, 19.168579 ], [ -96.223495, 19.168268 ], [ -96.221788, 19.167777 ], [ -96.219689, 19.16707 ], [ -96.212776, 19.164434 ], [ -96.209596, 19.163256 ], [ -96.208063, 19.162666 ], [ -96.206596, 19.162154 ], [ -96.203225, 19.160855 ], [ -96.198832, 19.15921 ] ] } },
{ "type": "Feature", "properties": { "nombre": "Calle J. B. Lobos", "jerarquia": "secondary", "ref": null }, "geometry": { "type": "LineString", "coordinates": [ [ -96.155408, 19.172568 ], [ -96.155358, 19.17273 ], [ -96.154561, 19.174062 ], [ -96.154494, 19.174132 ] ] } },
{ "type": "Feature", "properties": { "nombre": "Conexión al Puerto", "jerarquia": "secondary", "ref": null }, "geometry": { "type": "LineString", "coordinates": [ [ -96.179536, 19.183703 ], [ -96.180058, 19.183319 ], [ -96.18018, 19.183187 ], [ -96.180274, 19.183034 ] ] } },
{ "type": "Feature", "properties": { "nombre": "Conexión al Puerto", "jerarquia": "secondary", "ref": null }, "geometry": { "type": "LineString", "coordinates": [ [ -96.180274, 19.183034 ], [ -96.180298, 19.182996 ], [ -96.180325, 19.182788 ], [ -96.180287, 19.181801 ], [ -96.180282, 19.181443 ], [ -96.180302, 19.181286 ], [ -96.180343, 19.181159 ], [ -96.18041, 19.181051 ], [ -96.180583, 19.180874 ], [ -96.180677, 19.180809 ] ] } },
{ "type": "Feature", "properties": { "nombre": "Avenida Costa Verde", "jerarquia": "secondary", "ref": null }, "geometry": { "type": "LineString", "coordinates": [ [ -96.11893, 19.171201 ], [ -96.118725, 19.171381 ], [ -96.11841, 19.171614 ] ] } },
{ "type": "Feature", "properties": { "nombre": "Avenida Costa Verde", "jerarquia": "secondary", "ref": null }, "geometry": { "type": "LineString", "coordinates": [ [ -96.118483, 19.171697 ], [ -96.118803, 19.171477 ], [ -96.118998, 19.171314 ] ] } },
{ "type": "Feature", "properties": { "nombre": "Avenida Costa Verde", "jerarquia": "secondary", "ref": null }, "geometry": { "type": "LineString", "coordinates": [ [ -96.118436, 19.168659 ], [ -96.118879, 19.170323 ], [ -96.118988, 19.170794 ], [ -96.119019, 19.171034 ], [ -96.11893, 19.171201 ] ] } },
{ "type": "Feature", "properties": { "nombre": "Avenida Costa Verde", "jerarquia": "secondary", "ref": null }, "geometry": { "type": "LineString", "coordinates": [ [ -96.118998, 19.171314 ], [ -96.119072, 19.171242 ], [ -96.11912, 19.171163 ], [ -96.119162, 19.170981 ], [ -96.118573, 19.168653 ] ] } },
{ "type": "Feature", "properties": { "nombre": "Avenida Salvador Díaz Mirón", "jerarquia": "secondary", "ref": null }, "geometry": { "type": "LineString", "coordinates": [ [ -96.129173, 19.1491 ], [ -96.129825, 19.151432 ], [ -96.129883, 19.151771 ], [ -96.129918, 19.152932 ], [ -96.129953, 19.153467 ], [ -96.130022, 19.153732 ], [ -96.13046, 19.155015 ], [ -96.130613, 19.155765 ] ] } },
{ "type": "Feature", "properties": { "nombre": "Avenida Salvador Díaz Mirón", "jerarquia": "secondary", "ref": null }, "geometry": { "type": "LineString", "coordinates": [ [ -96.131214, 19.159606 ], [ -96.131321, 19.16025 ], [ -96.131543, 19.16258 ], [ -96.131568, 19.162752 ], [ -96.13163, 19.162945 ] ] } },
{ "type": "Feature", "properties": { "nombre": "Avenida Salvador Díaz Mirón", "jerarquia": "secondary", "ref": null }, "geometry": { "type": "LineString", "coordinates": [ [ -96.130969, 19.156973 ], [ -96.130749, 19.155669 ], [ -96.130648, 19.155196 ], [ -96.130324, 19.154191 ], [ -96.130186, 19.153827 ], [ -96.130083, 19.153464 ], [ -96.130051, 19.153137 ], [ -96.13006, 19.152456 ], [ -96.130025, 19.15174 ], [ -96.12993, 19.151313 ], [ -96.129418, 19.149374 ] ] } },
{ "type": "Feature", "properties": { "nombre": "Calle J. B. Lobos", "jerarquia": "secondary", "ref": null }, "geometry": { "type": "LineString", "coordinates": [ [ -96.174424, 19.15225 ], [ -96.173888, 19.15178 ], [ -96.173777, 19.151646 ], [ -96.173695, 19.151492 ], [ -96.173639, 19.15129 ], [ -96.173635, 19.151092 ], [ -96.173675, 19.1509 ], [ -96.173748, 19.150715 ] ] } },
{ "type": "Feature", "properties": { "nombre": "Calle J. B. Lobos", "jerarquia": "secondary", "ref": null }, "geometry": { "type": "LineString", "coordinates": [ [ -96.173631, 19.150655 ], [ -96.173544, 19.150891 ], [ -96.173484, 19.151158 ], [ -96.173468, 19.151447 ], [ -96.173488, 19.151649 ], [ -96.173579, 19.151957 ], [ -96.173687, 19.152164 ], [ -96.173838, 19.152369 ], [ -96.174036, 19.152569 ] ] } },
{ "type": "Feature", "properties": { "nombre": "Avenida Salvador Díaz Mirón", "jerarquia": "secondary", "ref": null }, "geometry": { "type": "LineString", "coordinates": [ [ -96.129418, 19.149374 ], [ -96.129431, 19.149246 ], [ -96.129269, 19.148716 ], [ -96.129215, 19.148467 ], [ -96.129186, 19.147892 ], [ -96.129349, 19.146417 ], [ -96.129436, 19.146061 ], [ -96.129528, 19.145907 ] ] } },
{ "type": "Feature", "properties": { "nombre": "Avenida Salvador Díaz Mirón", "jerarquia": "secondary", "ref": null }, "geometry": { "type": "LineString", "coordinates": [ [ -96.128478, 19.14622 ], [ -96.128677, 19.146338 ], [ -96.128806, 19.146459 ], [ -96.128862, 19.146576 ], [ -96.128884, 19.146733 ], [ -96.128814, 19.147537 ], [ -96.128812, 19.148131 ], [ -96.128835, 19.148283 ], [ -96.129045, 19.148738 ] ] } },
{ "type": "Feature", "properties": { "nombre": "Avenida Salvador Díaz Mirón", "jerarquia": "secondary", "ref": null }, "geometry": { "type": "LineString", "coordinates": [ [ -96.129839, 19.145484 ], [ -96.129557, 19.145646 ], [ -96.129137, 19.146067 ], [ -96.129047, 19.146184 ], [ -96.128953, 19.146355 ], [ -96.128912, 19.146472 ], [ -96.128882, 19.146715 ] ] } },
{ "type": "Feature", "properties": { "nombre": "Avenida Salvador Díaz Mirón", "jerarquia": "secondary", "ref": null }, "geometry": { "type": "LineString", "coordinates": [ [ -96.128882, 19.146715 ], [ -96.128933, 19.146939 ], [ -96.128866, 19.147948 ], [ -96.12889, 19.148178 ], [ -96.12903, 19.148622 ], [ -96.129045, 19.148738 ] ] } },
{ "type": "Feature", "properties": { "nombre": "Avenida Ejército Mexicano Oriente", "jerarquia": "primary", "ref": "MEX 140" }, "geometry": { "type": "LineString", "coordinates": [ [ -96.129006, 19.146245 ], [ -96.129285, 19.146098 ], [ -96.129422, 19.145944 ], [ -96.129528, 19.145907 ], [ -96.12975, 19.145682 ], [ -96.12988, 19.145599 ], [ -96.130058, 19.145545 ], [ -96.130221, 19.14553 ], [ -96.130434, 19.145551 ], [ -96.130728, 19.145547 ], [ -96.130931, 19.145525 ], [ -96.131137, 19.145474 ], [ -96.132748, 19.144746 ], [ -96.133046, 19.144665 ] ] } },
{ "type": "Feature", "properties": { "nombre": "Corredor Logístico", "jerarquia": "secondary", "ref": null }, "geometry": { "type": "LineString", "coordinates": [ [ -96.129418, 19.149374 ], [ -96.129314, 19.149303 ], [ -96.12899, 19.148221 ], [ -96.128968, 19.147991 ], [ -96.129057, 19.146785 ], [ -96.129151, 19.146514 ], [ -96.129325, 19.146154 ], [ -96.129528, 19.145907 ] ] } },
{ "type": "Feature", "properties": { "nombre": "Carretera Valente Díaz - Dos Lomas", "jerarquia": "secondary", "ref": "VER" }, "geometry": { "type": "LineString", "coordinates": [ [ -96.227949, 19.149637 ], [ -96.224985, 19.150797 ], [ -96.224538, 19.150915 ], [ -96.223732, 19.151077 ], [ -96.222801, 19.151081 ] ] } },
{ "type": "Feature", "properties": { "nombre": "Avenida Doctor Joaquín Perea Blanco", "jerarquia": "secondary", "ref": null }, "geometry": { "type": "LineString", "coordinates": [ [ -96.18878, 19.214772 ], [ -96.188607, 19.213438 ], [ -96.188273, 19.212429 ], [ -96.188185, 19.212204 ], [ -96.187923, 19.212025 ], [ -96.18784, 19.211919 ], [ -96.187708, 19.211586 ], [ -96.18753, 19.211207 ], [ -96.187032, 19.210012 ], [ -96.187026, 19.209814 ], [ -96.18706, 19.209623 ], [ -96.187041, 19.209539 ], [ -96.185816, 19.206765 ] ] } },
{ "type": "Feature", "properties": { "nombre": "Avenida Eje 1 Poniente", "jerarquia": "secondary", "ref": null }, "geometry": { "type": "LineString", "coordinates": [ [ -96.154281, 19.164327 ], [ -96.153932, 19.162876 ] ] } },
{ "type": "Feature", "properties": { "nombre": "Calle Violetas", "jerarquia": "secondary", "ref": null }, "geometry": { "type": "LineString", "coordinates": [ [ -96.160547, 19.152103 ], [ -96.160657, 19.151847 ], [ -96.160691, 19.15163 ], [ -96.160691, 19.151378 ], [ -96.160515, 19.149741 ], [ -96.160188, 19.146973 ], [ -96.160104, 19.146401 ], [ -96.159904, 19.144538 ], [ -96.159857, 19.144459 ], [ -96.159762, 19.144388 ], [ -96.159094, 19.144104 ] ] } },
{ "type": "Feature", "properties": { "nombre": "Avenida Ejército Mexicano Oriente", "jerarquia": "primary", "ref": "MEX 140" }, "geometry": { "type": "LineString", "coordinates": [ [ -96.12653, 19.145162 ], [ -96.126211, 19.144974 ], [ -96.125754, 19.144614 ], [ -96.1243, 19.14319 ], [ -96.123905, 19.142963 ], [ -96.119525, 19.141613 ] ] } },
{ "type": "Feature", "properties": { "nombre": "Avenida Ejército Mexicano Oriente", "jerarquia": "primary", "ref": "MEX 140" }, "geometry": { "type": "LineString", "coordinates": [ [ -96.108429, 19.140451 ], [ -96.108819, 19.140391 ], [ -96.109112, 19.140397 ], [ -96.116288, 19.140846 ], [ -96.116633, 19.140888 ], [ -96.117093, 19.140984 ], [ -96.119496, 19.141718 ] ] } },
{ "type": "Feature", "properties": { "nombre": "Calle El Tejar", "jerarquia": "secondary", "ref": null }, "geometry": { "type": "LineString", "coordinates": [ [ -96.143644, 19.131447 ], [ -96.14151, 19.137625 ], [ -96.141345, 19.138012 ], [ -96.14119, 19.13832 ], [ -96.141052, 19.138482 ], [ -96.139974, 19.139504 ], [ -96.13982, 19.139682 ], [ -96.139737, 19.139843 ], [ -96.139695, 19.140092 ], [ -96.139666, 19.140785 ], [ -96.139675, 19.140996 ], [ -96.139725, 19.141235 ] ] } },
{ "type": "Feature", "properties": { "nombre": "Carretera Veracruz - Xalapa", "jerarquia": "primary", "ref": "MEX 140" }, "geometry": { "type": "LineString", "coordinates": [ [ -96.166021, 19.146583 ], [ -96.170724, 19.148551 ] ] } },
{ "type": "Feature", "properties": { "nombre": "Carretera Veracruz - Xalapa", "jerarquia": "primary", "ref": "MEX 140" }, "geometry": { "type": "LineString", "coordinates": [ [ -96.147364, 19.1401 ], [ -96.149188, 19.139886 ], [ -96.14959, 19.139888 ], [ -96.149979, 19.139943 ], [ -96.150193, 19.139993 ], [ -96.150472, 19.140097 ], [ -96.153232, 19.14125 ] ] } },
{ "type": "Feature", "properties": { "nombre": "Carretera Veracruz - Xalapa", "jerarquia": "primary", "ref": "MEX 140" }, "geometry": { "type": "LineString", "coordinates": [ [ -96.160152, 19.14402 ], [ -96.159113, 19.143596 ], [ -96.157943, 19.143087 ] ] } },
{ "type": "Feature", "properties": { "nombre": "Avenida Calzada Juan Pablo II", "jerarquia": "secondary", "ref": null }, "geometry": { "type": "LineString", "coordinates": [ [ -96.128036, 19.161914 ], [ -96.131479, 19.161964 ] ] } },
{ "type": "Feature", "properties": { "nombre": "Calle J. B. Lobos", "jerarquia": "secondary", "ref": null }, "geometry": { "type": "LineString", "coordinates": [ [ -96.15398, 19.174381 ], [ -96.154078, 19.174371 ], [ -96.154544, 19.174235 ] ] } },
{ "type": "Feature", "properties": { "nombre": "Calle J. B. Lobos", "jerarquia": "secondary", "ref": null }, "geometry": { "type": "LineString", "coordinates": [ [ -96.173748, 19.150715 ], [ -96.173869, 19.150419 ] ] } },
{ "type": "Feature", "properties": { "nombre": "Mariano Alcocer", "jerarquia": "secondary", "ref": null }, "geometry": { "type": "LineString", "coordinates": [ [ -96.15558, 19.171869 ], [ -96.15534, 19.171854 ] ] } },
{ "type": "Feature", "properties": { "nombre": "Calle Víctor Sánchez", "jerarquia": "secondary", "ref": null }, "geometry": { "type": "LineString", "coordinates": [ [ -96.207624, 19.201491 ], [ -96.207471, 19.20151 ] ] } },
{ "type": "Feature", "properties": { "nombre": "Calle Víctor Sánchez", "jerarquia": "secondary", "ref": null }, "geometry": { "type": "LineString", "coordinates": [ [ -96.207471, 19.20151 ], [ -96.207301, 19.201429 ] ] } },
{ "type": "Feature", "properties": { "nombre": "Calle Raz y Guzmán", "jerarquia": "secondary", "ref": null }, "geometry": { "type": "LineString", "coordinates": [ [ -96.162592, 19.196283 ], [ -96.162689, 19.196261 ], [ -96.162758, 19.196219 ] ] } },
{ "type": "Feature", "properties": { "nombre": "Calle Raz y Guzmán", "jerarquia": "secondary", "ref": null }, "geometry": { "type": "LineString", "coordinates": [ [ -96.162696, 19.196123 ], [ -96.162635, 19.19618 ], [ -96.162592, 19.196283 ] ] } },
{ "type": "Feature", "properties": { "nombre": "Autopista Veracruz - Cardel", "jerarquia": "motorway", "ref": "MEX 180D" }, "geometry": { "type": "LineString", "coordinates": [ [ -96.248078, 19.232169 ], [ -96.247747, 19.231827 ] ] } },
{ "type": "Feature", "properties": { "nombre": "Autopista Veracruz - Cardel", "jerarquia": "motorway", "ref": "MEX 180D" }, "geometry": { "type": "LineString", "coordinates": [ [ -96.247747, 19.231827 ], [ -96.244118, 19.228072 ], [ -96.243403, 19.227294 ], [ -96.242179, 19.22606 ], [ -96.24134, 19.225324 ], [ -96.240975, 19.225076 ], [ -96.240353, 19.224752 ], [ -96.239953, 19.224581 ], [ -96.239278, 19.224378 ], [ -96.238482, 19.224234 ], [ -96.236075, 19.223904 ] ] } },
{ "type": "Feature", "properties": { "nombre": "Autopista Veracruz - Cardel", "jerarquia": "motorway", "ref": "MEX 180D" }, "geometry": { "type": "LineString", "coordinates": [ [ -96.247679, 19.231893 ], [ -96.247997, 19.232223 ] ] } },
{ "type": "Feature", "properties": { "nombre": "Autopista Veracruz - Cardel", "jerarquia": "motorway", "ref": "MEX 180D" }, "geometry": { "type": "LineString", "coordinates": [ [ -96.236058, 19.224022 ], [ -96.238385, 19.224342 ], [ -96.23914, 19.224469 ], [ -96.239819, 19.224647 ], [ -96.240252, 19.224818 ], [ -96.240914, 19.225148 ], [ -96.241518, 19.225562 ], [ -96.24197, 19.225996 ], [ -96.243266, 19.227309 ], [ -96.244725, 19.22886 ], [ -96.245842, 19.229985 ], [ -96.247679, 19.231893 ] ] } },
{ "type": "Feature", "properties": { "nombre": "Corredor Logístico", "jerarquia": "secondary", "ref": null }, "geometry": { "type": "LineString", "coordinates": [ [ -96.189114, 19.169677 ], [ -96.189055, 19.169582 ], [ -96.188949, 19.169535 ] ] } },
{ "type": "Feature", "properties": { "nombre": "Calle José María Arrillaga", "jerarquia": "secondary", "ref": null }, "geometry": { "type": "LineString", "coordinates": [ [ -96.163627, 19.206937 ], [ -96.163942, 19.206747 ], [ -96.164887, 19.206115 ] ] } },
{ "type": "Feature", "properties": { "nombre": "Autopista Veracruz - Cardel", "jerarquia": "motorway", "ref": "MEX 180D" }, "geometry": { "type": "LineString", "coordinates": [ [ -96.235561, 19.223839 ], [ -96.233896, 19.223608 ], [ -96.232768, 19.223381 ], [ -96.232093, 19.223216 ], [ -96.231421, 19.222989 ], [ -96.228736, 19.221884 ], [ -96.227114, 19.221059 ], [ -96.226332, 19.220732 ], [ -96.224416, 19.220017 ], [ -96.221597, 19.218819 ], [ -96.221511, 19.218762 ], [ -96.220115, 19.218161 ], [ -96.216145, 19.21648 ], [ -96.215335, 19.216221 ], [ -96.211544, 19.215332 ], [ -96.208906, 19.214793 ], [ -96.207036, 19.214354 ] ] } },
{ "type": "Feature", "properties": { "nombre": "Avenida Miguel Ángel de Quevedo", "jerarquia": "secondary", "ref": null }, "geometry": { "type": "LineString", "coordinates": [ [ -96.144269, 19.181504 ], [ -96.143727, 19.18061 ] ] } },
{ "type": "Feature", "properties": { "nombre": "Avenida Miguel Ángel de Quevedo", "jerarquia": "secondary", "ref": null }, "geometry": { "type": "LineString", "coordinates": [ [ -96.143637, 19.180673 ], [ -96.144168, 19.181572 ] ] } },
{ "type": "Feature", "properties": { "nombre": "Avenida Salvador Díaz Mirón", "jerarquia": "secondary", "ref": null }, "geometry": { "type": "LineString", "coordinates": [ [ -96.13535, 19.192488 ], [ -96.135321, 19.188555 ], [ -96.13533, 19.187458 ], [ -96.135306, 19.184939 ], [ -96.135268, 19.18308 ], [ -96.1352, 19.182116 ], [ -96.135083, 19.181081 ], [ -96.134898, 19.179098 ] ] } },
{ "type": "Feature", "properties": { "nombre": "Avenida Salvador Díaz Mirón", "jerarquia": "secondary", "ref": null }, "geometry": { "type": "LineString", "coordinates": [ [ -96.134651, 19.179068 ], [ -96.134746, 19.180099 ], [ -96.134818, 19.181125 ], [ -96.134932, 19.182154 ], [ -96.134988, 19.183135 ], [ -96.135086, 19.189877 ] ] } },
{ "type": "Feature", "properties": { "nombre": "Avenida Eje 1 Poniente", "jerarquia": "secondary", "ref": null }, "geometry": { "type": "LineString", "coordinates": [ [ -96.155267, 19.171086 ], [ -96.155367, 19.172036 ] ] } },
{ "type": "Feature", "properties": { "nombre": "Avenida Eje 1 Poniente", "jerarquia": "secondary", "ref": null }, "geometry": { "type": "LineString", "coordinates": [ [ -96.15558, 19.171869 ], [ -96.155553, 19.171701 ], [ -96.155468, 19.1714 ], [ -96.155267, 19.171086 ] ] } },
{ "type": "Feature", "properties": { "nombre": "Avenida Miguel Alemán", "jerarquia": "motorway", "ref": "MEX 150D" }, "geometry": { "type": "LineString", "coordinates": [ [ -96.147636, 19.140817 ], [ -96.147046, 19.141232 ] ] } },
{ "type": "Feature", "properties": { "nombre": "Bulevar Manuel Ávila Camacho", "jerarquia": "primary", "ref": null }, "geometry": { "type": "LineString", "coordinates": [ [ -96.124254, 19.185645 ], [ -96.124468, 19.18506 ] ] } },
{ "type": "Feature", "properties": { "nombre": "Bulevar Manuel Ávila Camacho", "jerarquia": "primary", "ref": null }, "geometry": { "type": "LineString", "coordinates": [ [ -96.124418, 19.184984 ], [ -96.124118, 19.185753 ], [ -96.123913, 19.186199 ], [ -96.12299, 19.18782 ], [ -96.122921, 19.18803 ], [ -96.122901, 19.188198 ], [ -96.122948, 19.188441 ], [ -96.123057, 19.188647 ], [ -96.124212, 19.19017 ], [ -96.124427, 19.190506 ], [ -96.124499, 19.190709 ], [ -96.124505, 19.191091 ], [ -96.124443, 19.191401 ], [ -96.123868, 19.193244 ], [ -96.123848, 19.193458 ], [ -96.123881, 19.193579 ], [ -96.123944, 19.193678 ], [ -96.124011, 19.193726 ] ] } },
{ "type": "Feature", "properties": { "nombre": "Calle Esteban Morales", "jerarquia": "primary", "ref": null }, "geometry": { "type": "LineString", "coordinates": [ [ -96.134417, 19.199075 ], [ -96.13524, 19.198552 ] ] } },
{ "type": "Feature", "properties": { "nombre": "Calle Esteban Morales", "jerarquia": "primary", "ref": null }, "geometry": { "type": "LineString", "coordinates": [ [ -96.131772, 19.200781 ], [ -96.132746, 19.200145 ], [ -96.13374, 19.199535 ], [ -96.134417, 19.199075 ] ] } },
{ "type": "Feature", "properties": { "nombre": "Boulevard Portuario Kilómetro 13.5", "jerarquia": "trunk", "ref": null }, "geometry": { "type": "LineString", "coordinates": [ [ -96.220358, 19.21866 ], [ -96.220302, 19.218917 ], [ -96.220173, 19.219785 ], [ -96.220162, 19.22015 ], [ -96.220174, 19.220572 ] ] } },
{ "type": "Feature", "properties": { "nombre": "Boulevard Portuario Kilómetro 13.5", "jerarquia": "trunk", "ref": null }, "geometry": { "type": "LineString", "coordinates": [ [ -96.22032, 19.220965 ], [ -96.22028, 19.220426 ], [ -96.220286, 19.219828 ], [ -96.220498, 19.218694 ] ] } },
{ "type": "Feature", "properties": { "nombre": "Carretera a Dos Lomas", "jerarquia": "secondary", "ref": null }, "geometry": { "type": "LineString", "coordinates": [ [ -96.221255, 19.156434 ], [ -96.221301, 19.15659 ], [ -96.221406, 19.158183 ], [ -96.221499, 19.160268 ], [ -96.221768, 19.164339 ], [ -96.221787, 19.165108 ], [ -96.221802, 19.165203 ], [ -96.221857, 19.165286 ], [ -96.221953, 19.165361 ], [ -96.222382, 19.165613 ] ] } },
{ "type": "Feature", "properties": { "nombre": "Calle Marcelino Tuero Molina", "jerarquia": "secondary", "ref": null }, "geometry": { "type": "LineString", "coordinates": [ [ -96.134651, 19.179068 ], [ -96.134898, 19.179098 ], [ -96.13619, 19.178923 ] ] } },
{ "type": "Feature", "properties": { "nombre": "Avenida Salvador Díaz Mirón", "jerarquia": "secondary", "ref": null }, "geometry": { "type": "LineString", "coordinates": [ [ -96.133979, 19.169826 ], [ -96.133877, 19.16841 ], [ -96.133322, 19.164597 ], [ -96.133209, 19.164332 ], [ -96.13311, 19.164172 ], [ -96.132841, 19.163906 ], [ -96.132103, 19.163346 ], [ -96.1319, 19.163127 ], [ -96.131697, 19.162726 ] ] } },
{ "type": "Feature", "properties": { "nombre": "Calle Paseo Ejército Mexicano Poniente", "jerarquia": "secondary", "ref": "MEX 140" }, "geometry": { "type": "LineString", "coordinates": [ [ -96.131472, 19.145205 ], [ -96.131121, 19.145361 ], [ -96.130887, 19.145432 ], [ -96.13059, 19.145451 ], [ -96.130113, 19.145446 ], [ -96.129839, 19.145484 ] ] } },
{ "type": "Feature", "properties": { "nombre": "Avenida Paseo Ejército Mexicano Poniente", "jerarquia": "primary", "ref": "MEX 140" }, "geometry": { "type": "LineString", "coordinates": [ [ -96.141914, 19.140861 ], [ -96.14398, 19.140583 ] ] } },
{ "type": "Feature", "properties": { "nombre": "Avenida Miguel Alemán", "jerarquia": "primary", "ref": null }, "geometry": { "type": "LineString", "coordinates": [ [ -96.147046, 19.141232 ], [ -96.146721, 19.141502 ], [ -96.14649, 19.141766 ], [ -96.146404, 19.141894 ], [ -96.14625, 19.142185 ], [ -96.146118, 19.142641 ] ] } },
{ "type": "Feature", "properties": { "nombre": "Calle Francisco Canal", "jerarquia": "primary", "ref": null }, "geometry": { "type": "LineString", "coordinates": [ [ -96.135133, 19.197526 ], [ -96.133943, 19.198346 ], [ -96.133261, 19.198791 ], [ -96.132771, 19.199103 ], [ -96.132247, 19.199404 ], [ -96.13175, 19.199727 ] ] } },
{ "type": "Feature", "properties": { "nombre": "Avenida Xititla", "jerarquia": "secondary", "ref": null }, "geometry": { "type": "LineString", "coordinates": [ [ -96.213924, 19.202712 ], [ -96.214004, 19.20224 ] ] } },
{ "type": "Feature", "properties": { "nombre": "Calle Pextlan", "jerarquia": "secondary", "ref": null }, "geometry": { "type": "LineString", "coordinates": [ [ -96.215504, 19.202459 ], [ -96.215463, 19.202473 ], [ -96.214004, 19.20224 ] ] } },
{ "type": "Feature", "properties": { "nombre": "Calle Trébol", "jerarquia": "secondary", "ref": null }, "geometry": { "type": "LineString", "coordinates": [ [ -96.174711, 19.186787 ], [ -96.174741, 19.186281 ] ] } },
{ "type": "Feature", "properties": { "nombre": "Calle Flor de Rosinia", "jerarquia": "secondary", "ref": null }, "geometry": { "type": "LineString", "coordinates": [ [ -96.174741, 19.186281 ], [ -96.173084, 19.186393 ], [ -96.173023, 19.186412 ], [ -96.172671, 19.186442 ] ] } },
{ "type": "Feature", "properties": { "nombre": "Carretera Valente Díaz - Dos Lomas", "jerarquia": "secondary", "ref": "VER" }, "geometry": { "type": "LineString", "coordinates": [ [ -96.231539, 19.148491 ], [ -96.22959, 19.148726 ] ] } },
{ "type": "Feature", "properties": { "nombre": "Carretera Valente Díaz - Dos Lomas", "jerarquia": "secondary", "ref": "VER" }, "geometry": { "type": "LineString", "coordinates": [ [ -96.237012, 19.147384 ], [ -96.234825, 19.147865 ], [ -96.232288, 19.148365 ], [ -96.231539, 19.148491 ] ] } },
{ "type": "Feature", "properties": { "nombre": "Corredor Logístico", "jerarquia": "primary", "ref": null }, "geometry": { "type": "LineString", "coordinates": [ [ -96.103411, 19.140888 ], [ -96.103387, 19.141025 ], [ -96.103409, 19.141123 ], [ -96.103456, 19.141203 ], [ -96.103526, 19.141267 ] ] } },
{ "type": "Feature", "properties": { "nombre": "Corredor Logístico", "jerarquia": "primary", "ref": null }, "geometry": { "type": "LineString", "coordinates": [ [ -96.103946, 19.140767 ], [ -96.103869, 19.140719 ], [ -96.103782, 19.140694 ], [ -96.103691, 19.140691 ], [ -96.103602, 19.140711 ], [ -96.103522, 19.140753 ], [ -96.103457, 19.140813 ] ] } },
{ "type": "Feature", "properties": { "nombre": "Corredor Logístico", "jerarquia": "primary", "ref": null }, "geometry": { "type": "LineString", "coordinates": [ [ -96.103526, 19.141267 ], [ -96.103612, 19.14131 ], [ -96.103708, 19.141328 ], [ -96.103805, 19.141319 ], [ -96.103895, 19.141285 ], [ -96.103972, 19.141227 ] ] } },
{ "type": "Feature", "properties": { "nombre": "Carretera Valente Díaz - Dos Lomas", "jerarquia": "secondary", "ref": "VER" }, "geometry": { "type": "LineString", "coordinates": [ [ -96.22959, 19.148726 ], [ -96.229192, 19.148771 ], [ -96.229101, 19.148808 ], [ -96.228642, 19.149128 ], [ -96.228309, 19.149405 ], [ -96.227949, 19.149637 ] ] } },
{ "type": "Feature", "properties": { "nombre": "Carretera Valente Díaz - Dos Lomas", "jerarquia": "secondary", "ref": "VER" }, "geometry": { "type": "LineString", "coordinates": [ [ -96.222801, 19.151081 ], [ -96.221055, 19.151102 ], [ -96.220464, 19.151088 ] ] } },
{ "type": "Feature", "properties": { "nombre": "Avenida Miguel Alemán", "jerarquia": "primary", "ref": null }, "geometry": { "type": "LineString", "coordinates": [ [ -96.136023, 19.176389 ], [ -96.136062, 19.176548 ], [ -96.136174, 19.177802 ] ] } },
{ "type": "Feature", "properties": { "nombre": "Avenida Miguel Alemán", "jerarquia": "primary", "ref": null }, "geometry": { "type": "LineString", "coordinates": [ [ -96.136232, 19.177791 ], [ -96.136145, 19.176553 ], [ -96.136181, 19.176389 ] ] } },
{ "type": "Feature", "properties": { "nombre": "Avenida Miguel Alemán", "jerarquia": "primary", "ref": null }, "geometry": { "type": "LineString", "coordinates": [ [ -96.136367, 19.180332 ], [ -96.136428, 19.181151 ], [ -96.136381, 19.181397 ] ] } },
{ "type": "Feature", "properties": { "nombre": "Avenida Miguel Alemán", "jerarquia": "primary", "ref": null }, "geometry": { "type": "LineString", "coordinates": [ [ -96.136544, 19.181375 ], [ -96.136489, 19.181161 ], [ -96.136433, 19.180329 ] ] } },
{ "type": "Feature", "properties": { "nombre": "Calle Cuauhtémoc", "jerarquia": "secondary", "ref": null }, "geometry": { "type": "LineString", "coordinates": [ [ -96.171615, 19.215783 ], [ -96.171811, 19.215934 ] ] } },
{ "type": "Feature", "properties": { "nombre": "Autopista Veracruz - Cardel", "jerarquia": "motorway", "ref": "MEX 180D" }, "geometry": { "type": "LineString", "coordinates": [ [ -96.192638, 19.214726 ], [ -96.194106, 19.214626 ] ] } },
{ "type": "Feature", "properties": { "nombre": "Autopista Veracruz - Cardel", "jerarquia": "motorway", "ref": "MEX 180D" }, "geometry": { "type": "LineString", "coordinates": [ [ -96.194155, 19.214455 ], [ -96.192621, 19.214555 ] ] } },
{ "type": "Feature", "properties": { "nombre": "Bulevar Fidel Velázquez", "jerarquia": "primary", "ref": null }, "geometry": { "type": "LineString", "coordinates": [ [ -96.160353, 19.212078 ], [ -96.15943, 19.211384 ] ] } },
{ "type": "Feature", "properties": { "nombre": "Doctor Rafaél Cuervo X", "jerarquia": "primary", "ref": null }, "geometry": { "type": "LineString", "coordinates": [ [ -96.161446, 19.212976 ], [ -96.163653, 19.21406 ] ] } },
{ "type": "Feature", "properties": { "nombre": "Bulevar Fidel Velázquez", "jerarquia": "primary", "ref": null }, "geometry": { "type": "LineString", "coordinates": [ [ -96.154093, 19.209223 ], [ -96.157354, 19.210241 ] ] } },
{ "type": "Feature", "properties": { "nombre": "Bulevar Fidel Velázquez", "jerarquia": "primary", "ref": null }, "geometry": { "type": "LineString", "coordinates": [ [ -96.159225, 19.211221 ], [ -96.158211, 19.210436 ], [ -96.157728, 19.210217 ], [ -96.15737, 19.210104 ] ] } },
{ "type": "Feature", "properties": { "nombre": "Calle Ignacio Allende", "jerarquia": "primary", "ref": null }, "geometry": { "type": "LineString", "coordinates": [ [ -96.151919, 19.20735 ], [ -96.151945, 19.207159 ], [ -96.151912, 19.207028 ], [ -96.151834, 19.206889 ], [ -96.151368, 19.206322 ] ] } },
{ "type": "Feature", "properties": { "nombre": "Calle Ignacio Allende", "jerarquia": "primary", "ref": null }, "geometry": { "type": "LineString", "coordinates": [ [ -96.151231, 19.206399 ], [ -96.15173, 19.206895 ], [ -96.151825, 19.207079 ], [ -96.151845, 19.207256 ] ] } },
{ "type": "Feature", "properties": { "nombre": "Calle Ignacio Allende", "jerarquia": "primary", "ref": null }, "geometry": { "type": "LineString", "coordinates": [ [ -96.152601, 19.208556 ], [ -96.152232, 19.208391 ], [ -96.151978, 19.208238 ], [ -96.151869, 19.208106 ], [ -96.151813, 19.207955 ], [ -96.15181, 19.207844 ], [ -96.151919, 19.20735 ] ] } },
{ "type": "Feature", "properties": { "nombre": "Calle Ignacio Allende", "jerarquia": "primary", "ref": null }, "geometry": { "type": "LineString", "coordinates": [ [ -96.151845, 19.207256 ], [ -96.151704, 19.207863 ], [ -96.15169, 19.207994 ] ] } },
{ "type": "Feature", "properties": { "nombre": "Calle Montesinos", "jerarquia": "primary", "ref": null }, "geometry": { "type": "LineString", "coordinates": [ [ -96.145542, 19.199918 ], [ -96.145296, 19.200233 ], [ -96.145106, 19.200386 ], [ -96.143676, 19.201286 ], [ -96.142147, 19.202285 ], [ -96.142074, 19.202382 ] ] } },
{ "type": "Feature", "properties": { "nombre": "Calle Montesinos", "jerarquia": "primary", "ref": null }, "geometry": { "type": "LineString", "coordinates": [ [ -96.145605, 19.199994 ], [ -96.145749, 19.199628 ], [ -96.145786, 19.19941 ] ] } },
{ "type": "Feature", "properties": { "nombre": "Boulevard Portuario Kilómetro 13.5", "jerarquia": "trunk", "ref": null }, "geometry": { "type": "LineString", "coordinates": [ [ -96.220554, 19.217607 ], [ -96.220468, 19.218086 ] ] } },
{ "type": "Feature", "properties": { "nombre": "Boulevard Portuario Kilómetro 13.5", "jerarquia": "trunk", "ref": null }, "geometry": { "type": "LineString", "coordinates": [ [ -96.203189, 19.227476 ], [ -96.201799, 19.227459 ], [ -96.195684, 19.227265 ] ] } },
{ "type": "Feature", "properties": { "nombre": "Boulevard Portuario Kilómetro 13.5", "jerarquia": "trunk", "ref": null }, "geometry": { "type": "LineString", "coordinates": [ [ -96.201971, 19.227627 ], [ -96.2032, 19.227626 ] ] } },
{ "type": "Feature", "properties": { "nombre": "Carretera Veracruz - Xalapa", "jerarquia": "primary", "ref": "MEX 140" }, "geometry": { "type": "LineString", "coordinates": [ [ -96.153232, 19.14125 ], [ -96.158658, 19.143514 ] ] } },
{ "type": "Feature", "properties": { "nombre": "Carretera Veracruz - Xalapa", "jerarquia": "primary", "ref": "MEX 140" }, "geometry": { "type": "LineString", "coordinates": [ [ -96.158658, 19.143514 ], [ -96.159772, 19.143979 ] ] } },
{ "type": "Feature", "properties": { "nombre": "Avenida Miguel Alemán", "jerarquia": "primary", "ref": null }, "geometry": { "type": "LineString", "coordinates": [ [ -96.146212, 19.142733 ], [ -96.146288, 19.142383 ], [ -96.146404, 19.142105 ], [ -96.146578, 19.141831 ], [ -96.146718, 19.141655 ], [ -96.146868, 19.141511 ], [ -96.147695, 19.140895 ] ] } },
{ "type": "Feature", "properties": { "nombre": "Avenida Miguel Alemán", "jerarquia": "primary", "ref": null }, "geometry": { "type": "LineString", "coordinates": [ [ -96.135552, 19.170208 ], [ -96.135544, 19.170314 ] ] } },
{ "type": "Feature", "properties": { "nombre": "Avenida Miguel Alemán", "jerarquia": "primary", "ref": null }, "geometry": { "type": "LineString", "coordinates": [ [ -96.135697, 19.170307 ], [ -96.135698, 19.170192 ] ] } },
{ "type": "Feature", "properties": { "nombre": "Avenida Miguel Alemán", "jerarquia": "primary", "ref": null }, "geometry": { "type": "LineString", "coordinates": [ [ -96.135544, 19.170314 ], [ -96.13554, 19.1705 ], [ -96.135663, 19.172168 ] ] } },
{ "type": "Feature", "properties": { "nombre": "Avenida Miguel Alemán", "jerarquia": "primary", "ref": null }, "geometry": { "type": "LineString", "coordinates": [ [ -96.13584, 19.172162 ], [ -96.135689, 19.17051 ], [ -96.135697, 19.170307 ] ] } },
{ "type": "Feature", "properties": { "nombre": "Avenida Miguel Alemán", "jerarquia": "primary", "ref": null }, "geometry": { "type": "LineString", "coordinates": [ [ -96.135964, 19.173686 ], [ -96.13584, 19.172162 ] ] } },
{ "type": "Feature", "properties": { "nombre": "Avenida Miguel Alemán", "jerarquia": "primary", "ref": null }, "geometry": { "type": "LineString", "coordinates": [ [ -96.135793, 19.173551 ], [ -96.135921, 19.17526 ], [ -96.13594, 19.175712 ], [ -96.136023, 19.176389 ] ] } },
{ "type": "Feature", "properties": { "nombre": "Carretera Veracruz - Xalapa", "jerarquia": "primary", "ref": "MEX 140" }, "geometry": { "type": "LineString", "coordinates": [ [ -96.161675, 19.144772 ], [ -96.166021, 19.146583 ] ] } },
{ "type": "Feature", "properties": { "nombre": "Carretera Veracruz - Xalapa", "jerarquia": "primary", "ref": "MEX 140" }, "geometry": { "type": "LineString", "coordinates": [ [ -96.166542, 19.146706 ], [ -96.161276, 19.144478 ] ] } },
{ "type": "Feature", "properties": { "nombre": "Carretera Veracruz - Xalapa", "jerarquia": "primary", "ref": "MEX 140" }, "geometry": { "type": "LineString", "coordinates": [ [ -96.157943, 19.143087 ], [ -96.152355, 19.140767 ] ] } },
{ "type": "Feature", "properties": { "nombre": "Carretera Veracruz - Xalapa", "jerarquia": "primary", "ref": "MEX 140" }, "geometry": { "type": "LineString", "coordinates": [ [ -96.161276, 19.144478 ], [ -96.160152, 19.14402 ] ] } },
{ "type": "Feature", "properties": { "nombre": "Carretera Veracruz - Xalapa", "jerarquia": "primary", "ref": "MEX 140" }, "geometry": { "type": "LineString", "coordinates": [ [ -96.170746, 19.148474 ], [ -96.168104, 19.147353 ] ] } },
{ "type": "Feature", "properties": { "nombre": "Corredor Logístico", "jerarquia": "secondary", "ref": null }, "geometry": { "type": "LineString", "coordinates": [ [ -96.159297, 19.143672 ], [ -96.159094, 19.144104 ] ] } },
{ "type": "Feature", "properties": { "nombre": "Calle Víctor Sánchez", "jerarquia": "secondary", "ref": null }, "geometry": { "type": "LineString", "coordinates": [ [ -96.211618, 19.202199 ], [ -96.207624, 19.201491 ] ] } },
{ "type": "Feature", "properties": { "nombre": "Avenida Salvador Díaz Mirón", "jerarquia": "secondary", "ref": null }, "geometry": { "type": "LineString", "coordinates": [ [ -96.129418, 19.149374 ], [ -96.129187, 19.148673 ] ] } },
{ "type": "Feature", "properties": { "nombre": "Calle Víctor Sánchez", "jerarquia": "secondary", "ref": null }, "geometry": { "type": "LineString", "coordinates": [ [ -96.213939, 19.202633 ], [ -96.211618, 19.202199 ] ] } },
{ "type": "Feature", "properties": { "nombre": "Calle Víctor Sánchez", "jerarquia": "secondary", "ref": null }, "geometry": { "type": "LineString", "coordinates": [ [ -96.211595, 19.202301 ], [ -96.213924, 19.202712 ] ] } },
{ "type": "Feature", "properties": { "nombre": "Calle J. B. Lobos", "jerarquia": "secondary", "ref": null }, "geometry": { "type": "LineString", "coordinates": [ [ -96.173817, 19.150246 ], [ -96.173766, 19.150361 ] ] } },
{ "type": "Feature", "properties": { "nombre": "Calle J. B. Lobos", "jerarquia": "secondary", "ref": null }, "geometry": { "type": "LineString", "coordinates": [ [ -96.154544, 19.174235 ], [ -96.154623, 19.174138 ], [ -96.155525, 19.172632 ] ] } },
{ "type": "Feature", "properties": { "nombre": "Boulevard Portuario Kilómetro 13.5", "jerarquia": "trunk", "ref": null }, "geometry": { "type": "LineString", "coordinates": [ [ -96.195684, 19.227265 ], [ -96.189552, 19.227085 ], [ -96.188339, 19.227031 ], [ -96.187785, 19.226968 ], [ -96.184948, 19.226804 ], [ -96.17966, 19.22675 ], [ -96.179161, 19.226657 ], [ -96.178748, 19.226517 ], [ -96.17834, 19.226343 ], [ -96.17797, 19.226107 ], [ -96.1776, 19.225818 ], [ -96.177181, 19.225403 ], [ -96.17686, 19.224977 ], [ -96.175894, 19.2233 ], [ -96.174714, 19.22133 ], [ -96.174437, 19.220968 ], [ -96.174199, 19.220699 ], [ -96.17393, 19.220438 ], [ -96.173474, 19.220067 ], [ -96.17252, 19.219431 ] ] } },
{ "type": "Feature", "properties": { "nombre": "Avenida Úrsulo Galván", "jerarquia": "secondary", "ref": null }, "geometry": { "type": "LineString", "coordinates": [ [ -96.22264, 19.168247 ], [ -96.222364, 19.168921 ], [ -96.222191, 19.170195 ] ] } },
{ "type": "Feature", "properties": { "nombre": "Calle Cabo Dos Bahías", "jerarquia": "secondary", "ref": null }, "geometry": { "type": "LineString", "coordinates": [ [ -96.206343, 19.201515 ], [ -96.205707, 19.201729 ], [ -96.200997, 19.202823 ], [ -96.197951, 19.20356 ] ] } },
{ "type": "Feature", "properties": { "nombre": "Avenida Salvador Díaz Mirón", "jerarquia": "secondary", "ref": null }, "geometry": { "type": "LineString", "coordinates": [ [ -96.135603, 19.193909 ], [ -96.135511, 19.193848 ], [ -96.135441, 19.193839 ], [ -96.135352, 19.193798 ], [ -96.135309, 19.193731 ] ] } },
{ "type": "Feature", "properties": { "nombre": "Calle J. B. Lobos", "jerarquia": "secondary", "ref": null }, "geometry": { "type": "LineString", "coordinates": [ [ -96.155367, 19.172036 ], [ -96.155411, 19.172418 ], [ -96.155408, 19.172568 ] ] } },
{ "type": "Feature", "properties": { "nombre": "Calle J. B. Lobos", "jerarquia": "secondary", "ref": null }, "geometry": { "type": "LineString", "coordinates": [ [ -96.158435, 19.171315 ], [ -96.156743, 19.171729 ], [ -96.156363, 19.171782 ] ] } },
{ "type": "Feature", "properties": { "nombre": "Calle J. B. Lobos", "jerarquia": "secondary", "ref": null }, "geometry": { "type": "LineString", "coordinates": [ [ -96.156343, 19.171937 ], [ -96.158461, 19.171398 ] ] } },
{ "type": "Feature", "properties": { "nombre": "Avenida Ejército Mexicano Oriente", "jerarquia": "primary", "ref": "MEX 140" }, "geometry": { "type": "LineString", "coordinates": [ [ -96.12896, 19.14615 ], [ -96.128864, 19.146165 ], [ -96.12869, 19.14615 ], [ -96.126616, 19.145168 ], [ -96.12653, 19.145162 ] ] } },
{ "type": "Feature", "properties": { "nombre": "Avenida Salvador Díaz Mirón", "jerarquia": "secondary", "ref": null }, "geometry": { "type": "LineString", "coordinates": [ [ -96.129045, 19.148738 ], [ -96.129173, 19.1491 ] ] } },
{ "type": "Feature", "properties": { "nombre": "Avenida Salvador Díaz Mirón", "jerarquia": "secondary", "ref": null }, "geometry": { "type": "LineString", "coordinates": [ [ -96.130932, 19.157643 ], [ -96.131072, 19.158704 ], [ -96.131214, 19.159606 ] ] } },
{ "type": "Feature", "properties": { "nombre": "Avenida Salvador Díaz Mirón", "jerarquia": "secondary", "ref": null }, "geometry": { "type": "LineString", "coordinates": [ [ -96.134353, 19.173741 ], [ -96.13416, 19.172132 ], [ -96.133991, 19.170166 ], [ -96.133979, 19.169826 ] ] } },
{ "type": "Feature", "properties": { "nombre": "Avenida Salvador Díaz Mirón", "jerarquia": "secondary", "ref": null }, "geometry": { "type": "LineString", "coordinates": [ [ -96.133801, 19.169837 ], [ -96.133934, 19.171713 ], [ -96.134094, 19.173423 ], [ -96.134214, 19.174405 ], [ -96.13436, 19.175979 ], [ -96.134473, 19.176989 ], [ -96.134651, 19.179068 ] ] } },
{ "type": "Feature", "properties": { "nombre": "Avenida Salvador Díaz Mirón", "jerarquia": "secondary", "ref": null }, "geometry": { "type": "LineString", "coordinates": [ [ -96.134888, 19.179003 ], [ -96.134694, 19.176953 ], [ -96.134388, 19.174039 ] ] } },
{ "type": "Feature", "properties": { "nombre": "Avenida Xalapa", "jerarquia": "secondary", "ref": null }, "geometry": { "type": "LineString", "coordinates": [ [ -96.141981, 19.177893 ], [ -96.141965, 19.178012 ] ] } },
{ "type": "Feature", "properties": { "nombre": "Calle Manuel Doblado", "jerarquia": "secondary", "ref": null }, "geometry": { "type": "LineString", "coordinates": [ [ -96.135603, 19.193909 ], [ -96.135535, 19.193971 ] ] } },
{ "type": "Feature", "properties": { "nombre": "Avenida 5 de Mayo", "jerarquia": "secondary", "ref": null }, "geometry": { "type": "LineString", "coordinates": [ [ -96.135755, 19.193996 ], [ -96.135603, 19.193909 ] ] } },
{ "type": "Feature", "properties": { "nombre": "Boulevard Portuario Kilómetro 13.5", "jerarquia": "trunk", "ref": null }, "geometry": { "type": "LineString", "coordinates": [ [ -96.225367, 19.196382 ], [ -96.227637, 19.193419 ] ] } },
{ "type": "Feature", "properties": { "nombre": "Boulevard Portuario Kilómetro 13.5", "jerarquia": "trunk", "ref": null }, "geometry": { "type": "LineString", "coordinates": [ [ -96.227637, 19.193419 ], [ -96.228217, 19.192661 ], [ -96.228887, 19.192077 ], [ -96.22943, 19.191739 ], [ -96.229853, 19.191542 ], [ -96.230322, 19.191409 ] ] } },
{ "type": "Feature", "properties": { "nombre": "Camino Chalchihuecan", "jerarquia": "secondary", "ref": null }, "geometry": { "type": "LineString", "coordinates": [ [ -96.222681, 19.191113 ], [ -96.22238, 19.18835 ], [ -96.221974, 19.18513 ] ] } },
{ "type": "Feature", "properties": { "nombre": "Camino Chalchihuecan", "jerarquia": "secondary", "ref": null }, "geometry": { "type": "LineString", "coordinates": [ [ -96.221974, 19.18513 ], [ -96.221844, 19.1841 ] ] } },
{ "type": "Feature", "properties": { "nombre": "Carretera Valente Díaz - Dos Lomas", "jerarquia": "secondary", "ref": null }, "geometry": { "type": "LineString", "coordinates": [ [ -96.210513, 19.150986 ], [ -96.210583, 19.150812 ], [ -96.210689, 19.150661 ], [ -96.210822, 19.150582 ], [ -96.210982, 19.150526 ], [ -96.21089, 19.150503 ], [ -96.21077, 19.150499 ], [ -96.210682, 19.150521 ], [ -96.210621, 19.150556 ], [ -96.21058, 19.150611 ], [ -96.210509, 19.150877 ], [ -96.210513, 19.150986 ] ] } },
{ "type": "Feature", "properties": { "nombre": "Carretera Valente Díaz - Dos Lomas", "jerarquia": "secondary", "ref": null }, "geometry": { "type": "LineString", "coordinates": [ [ -96.210513, 19.150986 ], [ -96.208602, 19.160111 ] ] } },
{ "type": "Feature", "properties": { "nombre": "VER", "jerarquia": "secondary", "ref": "VER" }, "geometry": { "type": "LineString", "coordinates": [ [ -96.244023, 19.144981 ], [ -96.243535, 19.145149 ] ] } },
{ "type": "Feature", "properties": { "nombre": "VER", "jerarquia": "secondary", "ref": "VER" }, "geometry": { "type": "LineString", "coordinates": [ [ -96.244711, 19.144746 ], [ -96.244023, 19.144981 ] ] } },
{ "type": "Feature", "properties": { "nombre": "VER", "jerarquia": "secondary", "ref": "VER" }, "geometry": { "type": "LineString", "coordinates": [ [ -96.245861, 19.144352 ], [ -96.244711, 19.144746 ] ] } },
{ "type": "Feature", "properties": { "nombre": "Carretera Valente Díaz - Dos Lomas", "jerarquia": "secondary", "ref": "VER" }, "geometry": { "type": "LineString", "coordinates": [ [ -96.217916, 19.150958 ], [ -96.217846, 19.150933 ], [ -96.217796, 19.150849 ], [ -96.217626, 19.150242 ] ] } },
{ "type": "Feature", "properties": { "nombre": "Calle Raz y Guzmán", "jerarquia": "secondary", "ref": null }, "geometry": { "type": "LineString", "coordinates": [ [ -96.158102, 19.199299 ], [ -96.158025, 19.199346 ] ] } },
{ "type": "Feature", "properties": { "nombre": "Avenida Miguel Ángel de Quevedo", "jerarquia": "secondary", "ref": null }, "geometry": { "type": "LineString", "coordinates": [ [ -96.156924, 19.197816 ], [ -96.157576, 19.198722 ] ] } },
{ "type": "Feature", "properties": { "nombre": "Avenida Miguel Ángel de Quevedo", "jerarquia": "secondary", "ref": null }, "geometry": { "type": "LineString", "coordinates": [ [ -96.156738, 19.197563 ], [ -96.156924, 19.197816 ] ] } },
{ "type": "Feature", "properties": { "nombre": "Avenida Miguel Ángel de Quevedo", "jerarquia": "secondary", "ref": null }, "geometry": { "type": "LineString", "coordinates": [ [ -96.156159, 19.196654 ], [ -96.155992, 19.196425 ], [ -96.155304, 19.19579 ] ] } },
{ "type": "Feature", "properties": { "nombre": "Avenida Miguel Ángel de Quevedo", "jerarquia": "secondary", "ref": null }, "geometry": { "type": "LineString", "coordinates": [ [ -96.156998, 19.197797 ], [ -96.156811, 19.197546 ] ] } },
{ "type": "Feature", "properties": { "nombre": "Avenida Miguel Ángel de Quevedo", "jerarquia": "secondary", "ref": null }, "geometry": { "type": "LineString", "coordinates": [ [ -96.156207, 19.196852 ], [ -96.156738, 19.197563 ] ] } },
{ "type": "Feature", "properties": { "nombre": "Avenida Miguel Ángel de Quevedo", "jerarquia": "secondary", "ref": null }, "geometry": { "type": "LineString", "coordinates": [ [ -96.156091, 19.196699 ], [ -96.156207, 19.196852 ] ] } },
{ "type": "Feature", "properties": { "nombre": "Avenida Miguel Ángel de Quevedo", "jerarquia": "secondary", "ref": null }, "geometry": { "type": "LineString", "coordinates": [ [ -96.156273, 19.19681 ], [ -96.156159, 19.196654 ] ] } },
{ "type": "Feature", "properties": { "nombre": "Avenida Miguel Ángel de Quevedo", "jerarquia": "secondary", "ref": null }, "geometry": { "type": "LineString", "coordinates": [ [ -96.156811, 19.197546 ], [ -96.156273, 19.19681 ] ] } },
{ "type": "Feature", "properties": { "nombre": "Avenida Cuauhtémoc", "jerarquia": "secondary", "ref": null }, "geometry": { "type": "LineString", "coordinates": [ [ -96.154014, 19.197964 ], [ -96.154823, 19.199062 ] ] } },
{ "type": "Feature", "properties": { "nombre": "Avenida Cuauhtémoc", "jerarquia": "secondary", "ref": null }, "geometry": { "type": "LineString", "coordinates": [ [ -96.154096, 19.197911 ], [ -96.153356, 19.196913 ] ] } },
{ "type": "Feature", "properties": { "nombre": "Avenida Cuauhtémoc", "jerarquia": "secondary", "ref": null }, "geometry": { "type": "LineString", "coordinates": [ [ -96.154909, 19.199006 ], [ -96.154096, 19.197911 ] ] } },
{ "type": "Feature", "properties": { "nombre": "Avenida Cuauhtémoc", "jerarquia": "secondary", "ref": null }, "geometry": { "type": "LineString", "coordinates": [ [ -96.154823, 19.199062 ], [ -96.155319, 19.199736 ] ] } },
{ "type": "Feature", "properties": { "nombre": "Corredor Logístico", "jerarquia": "secondary", "ref": null }, "geometry": { "type": "LineString", "coordinates": [ [ -96.179357, 19.183415 ], [ -96.179199, 19.183467 ], [ -96.179123, 19.183568 ], [ -96.179115, 19.18363 ], [ -96.179128, 19.183692 ], [ -96.179207, 19.183787 ], [ -96.179334, 19.183837 ] ] } },
{ "type": "Feature", "properties": { "nombre": "Conexión al Puerto", "jerarquia": "secondary", "ref": null }, "geometry": { "type": "LineString", "coordinates": [ [ -96.178835, 19.184138 ], [ -96.179199, 19.183898 ], [ -96.179334, 19.183837 ] ] } },
{ "type": "Feature", "properties": { "nombre": "Corredor Logístico", "jerarquia": "secondary", "ref": null }, "geometry": { "type": "LineString", "coordinates": [ [ -96.179334, 19.183837 ], [ -96.179446, 19.18379 ], [ -96.179504, 19.183744 ], [ -96.179536, 19.183703 ], [ -96.179544, 19.183635 ], [ -96.179528, 19.183493 ], [ -96.179426, 19.18341 ], [ -96.179357, 19.183415 ] ] } },
{ "type": "Feature", "properties": { "nombre": "Calle Trébol", "jerarquia": "secondary", "ref": null }, "geometry": { "type": "LineString", "coordinates": [ [ -96.174664, 19.187299 ], [ -96.174711, 19.186787 ] ] } },
{ "type": "Feature", "properties": { "nombre": "Calle Sistema Métrico Decimal y de Moneda", "jerarquia": "secondary", "ref": null }, "geometry": { "type": "LineString", "coordinates": [ [ -96.168246, 19.190095 ], [ -96.166987, 19.191305 ], [ -96.166029, 19.192269 ] ] } },
{ "type": "Feature", "properties": { "nombre": "Privada Sistema Métrico Decimal y de Moneda", "jerarquia": "secondary", "ref": null }, "geometry": { "type": "LineString", "coordinates": [ [ -96.164704, 19.193527 ], [ -96.164579, 19.193681 ], [ -96.164134, 19.194376 ] ] } },
{ "type": "Feature", "properties": { "nombre": "Calle Flor de Rosinia", "jerarquia": "secondary", "ref": null }, "geometry": { "type": "LineString", "coordinates": [ [ -96.179123, 19.183568 ], [ -96.179079, 19.183637 ] ] } },
{ "type": "Feature", "properties": { "nombre": "Calle Margarita", "jerarquia": "secondary", "ref": null }, "geometry": { "type": "LineString", "coordinates": [ [ -96.176447, 19.185493 ], [ -96.176402, 19.185589 ], [ -96.176425, 19.185657 ], [ -96.176492, 19.185705 ], [ -96.176534, 19.185711 ], [ -96.176613, 19.185688 ] ] } },
{ "type": "Feature", "properties": { "nombre": "Calle Margarita", "jerarquia": "secondary", "ref": null }, "geometry": { "type": "LineString", "coordinates": [ [ -96.176613, 19.185688 ], [ -96.176657, 19.185621 ], [ -96.176661, 19.185582 ], [ -96.176632, 19.185512 ], [ -96.176565, 19.185471 ], [ -96.176447, 19.185493 ] ] } },
{ "type": "Feature", "properties": { "nombre": "Avenida 5 de Mayo", "jerarquia": "secondary", "ref": null }, "geometry": { "type": "LineString", "coordinates": [ [ -96.13789, 19.196735 ], [ -96.13706, 19.195618 ], [ -96.136431, 19.194838 ] ] } },
{ "type": "Feature", "properties": { "nombre": "Avenida Independencia", "jerarquia": "secondary", "ref": null }, "geometry": { "type": "LineString", "coordinates": [ [ -96.135495, 19.195792 ], [ -96.136787, 19.197477 ] ] } },
{ "type": "Feature", "properties": { "nombre": "Calle Francisco Canal", "jerarquia": "secondary", "ref": null }, "geometry": { "type": "LineString", "coordinates": [ [ -96.141616, 19.19303 ], [ -96.139727, 19.194316 ], [ -96.138009, 19.195515 ], [ -96.137336, 19.196005 ], [ -96.135133, 19.197526 ] ] } },
{ "type": "Feature", "properties": { "nombre": "Calle Juan Soto", "jerarquia": "secondary", "ref": null }, "geometry": { "type": "LineString", "coordinates": [ [ -96.147011, 19.186002 ], [ -96.144972, 19.187448 ], [ -96.143888, 19.188185 ], [ -96.142991, 19.188826 ], [ -96.139903, 19.190962 ] ] } },
{ "type": "Feature", "properties": { "nombre": "Calle Raz y Guzmán", "jerarquia": "secondary", "ref": null }, "geometry": { "type": "LineString", "coordinates": [ [ -96.15826, 19.199211 ], [ -96.158092, 19.199453 ] ] } },
{ "type": "Feature", "properties": { "nombre": "Calle Raz y Guzmán", "jerarquia": "secondary", "ref": null }, "geometry": { "type": "LineString", "coordinates": [ [ -96.158434, 19.199077 ], [ -96.15826, 19.199211 ], [ -96.158102, 19.199299 ] ] } },
{ "type": "Feature", "properties": { "nombre": "Calle J. B. Lobos", "jerarquia": "secondary", "ref": null }, "geometry": { "type": "LineString", "coordinates": [ [ -96.175006, 19.1565 ], [ -96.174929, 19.153703 ] ] } },
{ "type": "Feature", "properties": { "nombre": "Calle J. B. Lobos", "jerarquia": "secondary", "ref": null }, "geometry": { "type": "LineString", "coordinates": [ [ -96.174929, 19.153703 ], [ -96.17491, 19.153196 ], [ -96.174819, 19.152757 ], [ -96.174721, 19.152573 ], [ -96.174593, 19.152415 ], [ -96.174424, 19.15225 ] ] } },
{ "type": "Feature", "properties": { "nombre": "Carretera Veracruz - Xalapa", "jerarquia": "primary", "ref": "MEX 140" }, "geometry": { "type": "LineString", "coordinates": [ [ -96.168104, 19.147353 ], [ -96.166542, 19.146706 ] ] } },
{ "type": "Feature", "properties": { "nombre": "Avenida Paseo Ejército Mexicano Poniente", "jerarquia": "primary", "ref": "MEX 140" }, "geometry": { "type": "LineString", "coordinates": [ [ -96.138217, 19.141401 ], [ -96.137927, 19.141586 ], [ -96.137732, 19.141746 ], [ -96.137584, 19.141899 ] ] } },
{ "type": "Feature", "properties": { "nombre": "Avenida Ejército Mexicano Oriente", "jerarquia": "primary", "ref": "MEX 140" }, "geometry": { "type": "LineString", "coordinates": [ [ -96.128626, 19.146239 ], [ -96.128883, 19.146273 ], [ -96.129006, 19.146245 ] ] } },
{ "type": "Feature", "properties": { "nombre": "Avenida Paseo Ejército Mexicano Poniente", "jerarquia": "primary", "ref": "MEX 140" }, "geometry": { "type": "LineString", "coordinates": [ [ -96.141235, 19.140955 ], [ -96.141914, 19.140861 ] ] } },
{ "type": "Feature", "properties": { "nombre": "Carretera Veracruz - Xalapa", "jerarquia": "primary", "ref": "MEX 140" }, "geometry": { "type": "LineString", "coordinates": [ [ -96.159772, 19.143979 ], [ -96.161675, 19.144772 ] ] } },
{ "type": "Feature", "properties": { "nombre": "Calle J. B. Lobos", "jerarquia": "secondary", "ref": null }, "geometry": { "type": "LineString", "coordinates": [ [ -96.174036, 19.152569 ], [ -96.174236, 19.152771 ], [ -96.174586, 19.153079 ], [ -96.174708, 19.153237 ], [ -96.174778, 19.153407 ], [ -96.174818, 19.153704 ] ] } },
{ "type": "Feature", "properties": { "nombre": "Calle J. B. Lobos", "jerarquia": "secondary", "ref": null }, "geometry": { "type": "LineString", "coordinates": [ [ -96.174818, 19.153704 ], [ -96.174847, 19.156476 ] ] } },
{ "type": "Feature", "properties": { "nombre": "Calle J. B. Lobos", "jerarquia": "secondary", "ref": null }, "geometry": { "type": "LineString", "coordinates": [ [ -96.158461, 19.171398 ], [ -96.160319, 19.170949 ], [ -96.160578, 19.170908 ], [ -96.161614, 19.170663 ], [ -96.16201, 19.17055 ], [ -96.162272, 19.170454 ], [ -96.162935, 19.170127 ], [ -96.163336, 19.169888 ], [ -96.163566, 19.169727 ], [ -96.163882, 19.169471 ], [ -96.166442, 19.167142 ], [ -96.167224, 19.166474 ], [ -96.169981, 19.164027 ] ] } },
{ "type": "Feature", "properties": { "nombre": "Calle J. B. Lobos", "jerarquia": "secondary", "ref": null }, "geometry": { "type": "LineString", "coordinates": [ [ -96.169891, 19.16392 ], [ -96.167935, 19.165665 ], [ -96.166349, 19.167051 ], [ -96.163916, 19.1693 ], [ -96.163258, 19.169831 ], [ -96.16287, 19.170059 ], [ -96.162231, 19.170353 ], [ -96.161598, 19.17056 ], [ -96.160801, 19.170773 ], [ -96.160558, 19.170831 ], [ -96.16001, 19.170924 ], [ -96.158435, 19.171315 ] ] } },
{ "type": "Feature", "properties": { "nombre": "Calle J. B. Lobos", "jerarquia": "secondary", "ref": null }, "geometry": { "type": "LineString", "coordinates": [ [ -96.174847, 19.156476 ], [ -96.174886, 19.157274 ], [ -96.174927, 19.157717 ] ] } },
{ "type": "Feature", "properties": { "nombre": "Boulevard Adolfo Ruiz Cortines", "jerarquia": "primary", "ref": null }, "geometry": { "type": "LineString", "coordinates": [ [ -96.113298, 19.166106 ], [ -96.112136, 19.165542 ] ] } },
{ "type": "Feature", "properties": { "nombre": "Boulevard Adolfo Ruiz Cortines", "jerarquia": "primary", "ref": null }, "geometry": { "type": "LineString", "coordinates": [ [ -96.104578, 19.148862 ], [ -96.104439, 19.148349 ], [ -96.1044, 19.14812 ], [ -96.103944, 19.142454 ], [ -96.103867, 19.142325 ], [ -96.10386, 19.14212 ], [ -96.103906, 19.141355 ] ] } },
{ "type": "Feature", "properties": { "nombre": "Avenida Paseo Ejército Mexicano Poniente", "jerarquia": "primary", "ref": "MEX 140" }, "geometry": { "type": "LineString", "coordinates": [ [ -96.13901, 19.141261 ], [ -96.140319, 19.141081 ] ] } },
{ "type": "Feature", "properties": { "nombre": "Avenida Paseo Ejército Mexicano Poniente", "jerarquia": "primary", "ref": "MEX 140" }, "geometry": { "type": "LineString", "coordinates": [ [ -96.140319, 19.141081 ], [ -96.141235, 19.140955 ] ] } },
{ "type": "Feature", "properties": { "nombre": "Avenida Paseo Ejército Mexicano Poniente", "jerarquia": "primary", "ref": "MEX 140" }, "geometry": { "type": "LineString", "coordinates": [ [ -96.141215, 19.140856 ], [ -96.140258, 19.141 ] ] } },
{ "type": "Feature", "properties": { "nombre": "Avenida Paseo Ejército Mexicano Poniente", "jerarquia": "primary", "ref": "MEX 140" }, "geometry": { "type": "LineString", "coordinates": [ [ -96.140258, 19.141 ], [ -96.138945, 19.141192 ] ] } },
{ "type": "Feature", "properties": { "nombre": "Carretera Veracruz - Xalapa", "jerarquia": "primary", "ref": "MEX 140" }, "geometry": { "type": "LineString", "coordinates": [ [ -96.152355, 19.140767 ], [ -96.150561, 19.139989 ] ] } },
{ "type": "Feature", "properties": { "nombre": "Calle Doctor Rafaél Cuervo X", "jerarquia": "primary", "ref": null }, "geometry": { "type": "LineString", "coordinates": [ [ -96.171811, 19.215934 ], [ -96.179992, 19.215485 ] ] } },
{ "type": "Feature", "properties": { "nombre": "Avenida Ursulo Galvan", "jerarquia": "secondary", "ref": null }, "geometry": { "type": "LineString", "coordinates": [ [ -96.222191, 19.170195 ], [ -96.22214, 19.170691 ], [ -96.222148, 19.170778 ], [ -96.22218, 19.170914 ], [ -96.222499, 19.1717 ] ] } },
{ "type": "Feature", "properties": { "nombre": "Avenida Ignacio Zaragoza", "jerarquia": "primary", "ref": null }, "geometry": { "type": "LineString", "coordinates": [ [ -96.138968, 19.202569 ], [ -96.138512, 19.201957 ] ] } },
{ "type": "Feature", "properties": { "nombre": "Avenida Ejército Mexicano Oriente", "jerarquia": "primary", "ref": "MEX 140" }, "geometry": { "type": "LineString", "coordinates": [ [ -96.119496, 19.141718 ], [ -96.123361, 19.142935 ], [ -96.123841, 19.143102 ], [ -96.124064, 19.143203 ] ] } },
{ "type": "Feature", "properties": { "nombre": "Avenida Ejército Mexicano Oriente", "jerarquia": "primary", "ref": "MEX 140" }, "geometry": { "type": "LineString", "coordinates": [ [ -96.119525, 19.141613 ], [ -96.117291, 19.140905 ], [ -96.11664, 19.14078 ], [ -96.116294, 19.140738 ], [ -96.114822, 19.140633 ], [ -96.10874, 19.140258 ] ] } },
{ "type": "Feature", "properties": { "nombre": "Camino Chalchihuecan", "jerarquia": "secondary", "ref": null }, "geometry": { "type": "LineString", "coordinates": [ [ -96.221628, 19.209651 ], [ -96.221633, 19.209885 ], [ -96.221521, 19.210664 ], [ -96.221561, 19.210852 ] ] } },
{ "type": "Feature", "properties": { "nombre": "Camino Chalchihuecan", "jerarquia": "secondary", "ref": null }, "geometry": { "type": "LineString", "coordinates": [ [ -96.221956, 19.206824 ], [ -96.221994, 19.2083 ], [ -96.221911, 19.208685 ], [ -96.221628, 19.209651 ] ] } },
{ "type": "Feature", "properties": { "nombre": "Avenida Calzada Juan Pablo II", "jerarquia": "secondary", "ref": null }, "geometry": { "type": "LineString", "coordinates": [ [ -96.10928, 19.159749 ], [ -96.111051, 19.159579 ], [ -96.111506, 19.159578 ], [ -96.11186, 19.159607 ], [ -96.112393, 19.159688 ], [ -96.116187, 19.160407 ], [ -96.117702, 19.160659 ], [ -96.118866, 19.160875 ], [ -96.121031, 19.161462 ], [ -96.125282, 19.161865 ], [ -96.128036, 19.161914 ] ] } },
{ "type": "Feature", "properties": { "nombre": "Boulevard Adolfo Ruiz Cortines", "jerarquia": "primary", "ref": null }, "geometry": { "type": "LineString", "coordinates": [ [ -96.10928, 19.159749 ], [ -96.109267, 19.159645 ] ] } },
{ "type": "Feature", "properties": { "nombre": "Avenida Calzada Juan Pablo II", "jerarquia": "secondary", "ref": null }, "geometry": { "type": "LineString", "coordinates": [ [ -96.109267, 19.159645 ], [ -96.10905, 19.159671 ] ] } },
{ "type": "Feature", "properties": { "nombre": "Boulevard Adolfo Ruiz Cortines", "jerarquia": "primary", "ref": null }, "geometry": { "type": "LineString", "coordinates": [ [ -96.109267, 19.159645 ], [ -96.109252, 19.159494 ] ] } },
{ "type": "Feature", "properties": { "nombre": "Boulevard Adolfo Ruiz Cortines", "jerarquia": "primary", "ref": null }, "geometry": { "type": "LineString", "coordinates": [ [ -96.10905, 19.159671 ], [ -96.109061, 19.159776 ] ] } },
{ "type": "Feature", "properties": { "nombre": "Avenida Calzada Juan Pablo II", "jerarquia": "secondary", "ref": null }, "geometry": { "type": "LineString", "coordinates": [ [ -96.10905, 19.159671 ], [ -96.105433, 19.160051 ], [ -96.104676, 19.160236 ], [ -96.104168, 19.160419 ], [ -96.103608, 19.160696 ], [ -96.103345, 19.160859 ], [ -96.102492, 19.161464 ] ] } },
{ "type": "Feature", "properties": { "nombre": "Avenida Calzada Juan Pablo II", "jerarquia": "secondary", "ref": null }, "geometry": { "type": "LineString", "coordinates": [ [ -96.109518, 19.159619 ], [ -96.109267, 19.159645 ] ] } },
{ "type": "Feature", "properties": { "nombre": "Avenida Calzada Juan Pablo II", "jerarquia": "secondary", "ref": null }, "geometry": { "type": "LineString", "coordinates": [ [ -96.109061, 19.159776 ], [ -96.10928, 19.159749 ] ] } },
{ "type": "Feature", "properties": { "nombre": "Boulevard Adolfo Ruiz Cortines", "jerarquia": "primary", "ref": null }, "geometry": { "type": "LineString", "coordinates": [ [ -96.109061, 19.159776 ], [ -96.109304, 19.162346 ], [ -96.109399, 19.162917 ], [ -96.109552, 19.163536 ], [ -96.109772, 19.164027 ], [ -96.11004, 19.164404 ], [ -96.110285, 19.164673 ], [ -96.110586, 19.164916 ], [ -96.111136, 19.165261 ], [ -96.112172, 19.165776 ] ] } },
{ "type": "Feature", "properties": { "nombre": "Boulevard Adolfo Ruiz Cortines", "jerarquia": "primary", "ref": null }, "geometry": { "type": "LineString", "coordinates": [ [ -96.109252, 19.159494 ], [ -96.109101, 19.158104 ], [ -96.109003, 19.157439 ], [ -96.108795, 19.155341 ], [ -96.108705, 19.15482 ], [ -96.108569, 19.154452 ], [ -96.108426, 19.154165 ], [ -96.108296, 19.153966 ], [ -96.105016, 19.14966 ], [ -96.104852, 19.149417 ], [ -96.104693, 19.149124 ], [ -96.104578, 19.148862 ] ] } },
{ "type": "Feature", "properties": { "nombre": "Avenida Eje 1 Poniente", "jerarquia": "secondary", "ref": null }, "geometry": { "type": "LineString", "coordinates": [ [ -96.155525, 19.172632 ], [ -96.155585, 19.172064 ], [ -96.15558, 19.171869 ] ] } },
{ "type": "Feature", "properties": { "nombre": "Calle Marcelino Tuero Molina", "jerarquia": "secondary", "ref": null }, "geometry": { "type": "LineString", "coordinates": [ [ -96.134888, 19.179003 ], [ -96.134651, 19.179068 ] ] } },
{ "type": "Feature", "properties": { "nombre": "Avenida Salvador Díaz Mirón", "jerarquia": "secondary", "ref": null }, "geometry": { "type": "LineString", "coordinates": [ [ -96.134898, 19.179098 ], [ -96.134888, 19.179003 ] ] } },
{ "type": "Feature", "properties": { "nombre": "Avenida Salvador Díaz Mirón", "jerarquia": "secondary", "ref": null }, "geometry": { "type": "LineString", "coordinates": [ [ -96.131697, 19.162726 ], [ -96.131656, 19.162568 ], [ -96.131543, 19.160903 ], [ -96.131463, 19.160229 ], [ -96.131346, 19.159586 ], [ -96.130969, 19.156973 ] ] } },
{ "type": "Feature", "properties": { "nombre": "Avenida Calzada Juan Pablo II", "jerarquia": "secondary", "ref": null }, "geometry": { "type": "LineString", "coordinates": [ [ -96.113403, 19.159768 ], [ -96.112316, 19.159585 ], [ -96.111502, 19.159491 ], [ -96.111043, 19.159483 ], [ -96.109518, 19.159619 ] ] } },
{ "type": "Feature", "properties": { "nombre": "Boulevard Adolfo Ruiz Cortines", "jerarquia": "primary", "ref": null }, "geometry": { "type": "LineString", "coordinates": [ [ -96.112172, 19.165776 ], [ -96.114263, 19.166812 ], [ -96.116168, 19.167793 ], [ -96.116463, 19.16797 ], [ -96.116613, 19.16815 ], [ -96.116637, 19.168225 ], [ -96.116636, 19.168468 ], [ -96.116604, 19.168628 ], [ -96.116412, 19.169221 ] ] } },
{ "type": "Feature", "properties": { "nombre": "Avenida Salvador Díaz Mirón", "jerarquia": "secondary", "ref": null }, "geometry": { "type": "LineString", "coordinates": [ [ -96.130613, 19.155765 ], [ -96.130932, 19.157643 ] ] } },
{ "type": "Feature", "properties": { "nombre": "Calle Marcelino Tuero Molina", "jerarquia": "secondary", "ref": null }, "geometry": { "type": "LineString", "coordinates": [ [ -96.136385, 19.178741 ], [ -96.136179, 19.178791 ] ] } },
{ "type": "Feature", "properties": { "nombre": "Calle Marcelino Tuero Molina", "jerarquia": "secondary", "ref": null }, "geometry": { "type": "LineString", "coordinates": [ [ -96.13619, 19.178923 ], [ -96.136397, 19.178887 ] ] } },
{ "type": "Feature", "properties": { "nombre": "Calle Montesinos", "jerarquia": "primary", "ref": null }, "geometry": { "type": "LineString", "coordinates": [ [ -96.140331, 19.203484 ], [ -96.139701, 19.203881 ] ] } },
{ "type": "Feature", "properties": { "nombre": "Avenida Morelos", "jerarquia": "primary", "ref": null }, "geometry": { "type": "LineString", "coordinates": [ [ -96.140331, 19.203484 ], [ -96.139749, 19.203022 ] ] } },
{ "type": "Feature", "properties": { "nombre": "Calle Montesinos", "jerarquia": "primary", "ref": null }, "geometry": { "type": "LineString", "coordinates": [ [ -96.1447, 19.20073 ], [ -96.145181, 19.20043 ], [ -96.145364, 19.200276 ], [ -96.145605, 19.199994 ] ] } },
{ "type": "Feature", "properties": { "nombre": "Calle Hernán Cortés", "jerarquia": "secondary", "ref": null }, "geometry": { "type": "LineString", "coordinates": [ [ -96.140542, 19.191839 ], [ -96.140684, 19.191741 ] ] } },
{ "type": "Feature", "properties": { "nombre": "Avenida Ignacio Allende", "jerarquia": "primary", "ref": null }, "geometry": { "type": "LineString", "coordinates": [ [ -96.140684, 19.191741 ], [ -96.138806, 19.189191 ] ] } },
{ "type": "Feature", "properties": { "nombre": "Avenida Miguel Alemán", "jerarquia": "primary", "ref": null }, "geometry": { "type": "LineString", "coordinates": [ [ -96.136718, 19.183532 ], [ -96.136596, 19.181872 ], [ -96.136544, 19.181375 ] ] } },
{ "type": "Feature", "properties": { "nombre": "Avenida Cuauhtémoc", "jerarquia": "secondary", "ref": null }, "geometry": { "type": "LineString", "coordinates": [ [ -96.139945, 19.178201 ], [ -96.139933, 19.178333 ], [ -96.141665, 19.180772 ] ] } },
{ "type": "Feature", "properties": { "nombre": "Avenida Cuauhtémoc", "jerarquia": "secondary", "ref": null }, "geometry": { "type": "LineString", "coordinates": [ [ -96.141665, 19.180772 ], [ -96.14226, 19.18164 ] ] } },
{ "type": "Feature", "properties": { "nombre": "Carretera Veracruz - Xalapa", "jerarquia": "primary", "ref": "MEX 140" }, "geometry": { "type": "LineString", "coordinates": [ [ -96.170842, 19.148605 ], [ -96.171646, 19.148966 ], [ -96.176147, 19.150789 ] ] } },
{ "type": "Feature", "properties": { "nombre": "Carretera Veracruz - Xalapa", "jerarquia": "primary", "ref": "MEX 140" }, "geometry": { "type": "LineString", "coordinates": [ [ -96.176273, 19.1507 ], [ -96.17472, 19.150088 ], [ -96.173697, 19.149656 ], [ -96.173604, 19.149649 ], [ -96.170877, 19.148529 ] ] } },
{ "type": "Feature", "properties": { "nombre": "Carretera Veracruz - Xalapa", "jerarquia": "primary", "ref": "MEX 140" }, "geometry": { "type": "LineString", "coordinates": [ [ -96.178147, 19.151391 ], [ -96.176273, 19.1507 ] ] } },
{ "type": "Feature", "properties": { "nombre": "Calzada Simón Bolívar", "jerarquia": "secondary", "ref": null }, "geometry": { "type": "LineString", "coordinates": [ [ -96.13436, 19.173791 ], [ -96.134649, 19.173764 ] ] } },
{ "type": "Feature", "properties": { "nombre": "Avenida Salvador Díaz Mirón", "jerarquia": "secondary", "ref": null }, "geometry": { "type": "LineString", "coordinates": [ [ -96.134388, 19.174039 ], [ -96.13436, 19.173791 ] ] } },
{ "type": "Feature", "properties": { "nombre": "Avenida Miguel Alemán", "jerarquia": "secondary", "ref": null }, "geometry": { "type": "LineString", "coordinates": [ [ -96.195503, 19.15787 ], [ -96.195391, 19.1581 ] ] } },
{ "type": "Feature", "properties": { "nombre": "Avenida Miguel Alemán", "jerarquia": "secondary", "ref": null }, "geometry": { "type": "LineString", "coordinates": [ [ -96.195416, 19.158971 ], [ -96.195513, 19.158825 ], [ -96.195884, 19.158013 ] ] } },
{ "type": "Feature", "properties": { "nombre": "Avenida Miguel Alemán", "jerarquia": "secondary", "ref": null }, "geometry": { "type": "LineString", "coordinates": [ [ -96.195037, 19.158782 ], [ -96.192746, 19.163132 ] ] } },
{ "type": "Feature", "properties": { "nombre": "Carretera Veracruz - Xalapa", "jerarquia": "primary", "ref": "MEX 140" }, "geometry": { "type": "LineString", "coordinates": [ [ -96.192014, 19.15675 ], [ -96.192268, 19.156848 ] ] } },
{ "type": "Feature", "properties": { "nombre": "Avenida Miguel Alemán", "jerarquia": "primary", "ref": null }, "geometry": { "type": "LineString", "coordinates": [ [ -96.136181, 19.176389 ], [ -96.136094, 19.175711 ], [ -96.136053, 19.174757 ], [ -96.135964, 19.173686 ] ] } },
{ "type": "Feature", "properties": { "nombre": "Calzada Simón Bolívar", "jerarquia": "secondary", "ref": null }, "geometry": { "type": "LineString", "coordinates": [ [ -96.134649, 19.173764 ], [ -96.135804, 19.173658 ], [ -96.135964, 19.173686 ] ] } },
{ "type": "Feature", "properties": { "nombre": "Avenida Salvador Díaz Mirón", "jerarquia": "secondary", "ref": null }, "geometry": { "type": "LineString", "coordinates": [ [ -96.13436, 19.173791 ], [ -96.134353, 19.173741 ] ] } },
{ "type": "Feature", "properties": { "nombre": "Avenida Salvador Díaz Mirón", "jerarquia": "secondary", "ref": null }, "geometry": { "type": "LineString", "coordinates": [ [ -96.135309, 19.193731 ], [ -96.13535, 19.192488 ] ] } },
{ "type": "Feature", "properties": { "nombre": "Avenida Salvador Díaz Mirón", "jerarquia": "secondary", "ref": null }, "geometry": { "type": "LineString", "coordinates": [ [ -96.135119, 19.192522 ], [ -96.135126, 19.193862 ], [ -96.135109, 19.19425 ] ] } },
{ "type": "Feature", "properties": { "nombre": "Avenida Salvador Díaz Mirón", "jerarquia": "secondary", "ref": null }, "geometry": { "type": "LineString", "coordinates": [ [ -96.135086, 19.189877 ], [ -96.135119, 19.192522 ] ] } },
{ "type": "Feature", "properties": { "nombre": "Carretera Veracruz - Xalapa", "jerarquia": "primary", "ref": "MEX 140" }, "geometry": { "type": "LineString", "coordinates": [ [ -96.148918, 19.139793 ], [ -96.147294, 19.140014 ] ] } },
{ "type": "Feature", "properties": { "nombre": "Carretera Veracruz - Xalapa", "jerarquia": "primary", "ref": "MEX 140" }, "geometry": { "type": "LineString", "coordinates": [ [ -96.192407, 19.156788 ], [ -96.192245, 19.15673 ] ] } },
{ "type": "Feature", "properties": { "nombre": "Carretera Veracruz - Xalapa", "jerarquia": "primary", "ref": "MEX 140" }, "geometry": { "type": "LineString", "coordinates": [ [ -96.176147, 19.150789 ], [ -96.178093, 19.151514 ] ] } },
{ "type": "Feature", "properties": { "nombre": "Boulevard Adolfo Ruiz Cortines", "jerarquia": "primary", "ref": "MEX 150" }, "geometry": { "type": "LineString", "coordinates": [ [ -96.103838, 19.140677 ], [ -96.103704, 19.140014 ], [ -96.103683, 19.139627 ], [ -96.103726, 19.139474 ] ] } },
{ "type": "Feature", "properties": { "nombre": "Corredor Logístico", "jerarquia": "primary", "ref": null }, "geometry": { "type": "LineString", "coordinates": [ [ -96.104045, 19.140906 ], [ -96.104006, 19.140831 ] ] } },
{ "type": "Feature", "properties": { "nombre": "Corredor Logístico", "jerarquia": "primary", "ref": null }, "geometry": { "type": "LineString", "coordinates": [ [ -96.104006, 19.140831 ], [ -96.103946, 19.140767 ] ] } },
{ "type": "Feature", "properties": { "nombre": "Calzada Simón Bolívar", "jerarquia": "secondary", "ref": null }, "geometry": { "type": "LineString", "coordinates": [ [ -96.132438, 19.174107 ], [ -96.134143, 19.173814 ], [ -96.13436, 19.173791 ] ] } },
{ "type": "Feature", "properties": { "nombre": "Corredor Logístico", "jerarquia": "primary", "ref": null }, "geometry": { "type": "LineString", "coordinates": [ [ -96.103457, 19.140813 ], [ -96.103411, 19.140888 ] ] } },
{ "type": "Feature", "properties": { "nombre": "Calzada Simón Bolívar", "jerarquia": "secondary", "ref": null }, "geometry": { "type": "LineString", "coordinates": [ [ -96.135793, 19.173551 ], [ -96.134132, 19.173721 ], [ -96.132318, 19.174023 ] ] } },
{ "type": "Feature", "properties": { "nombre": "Avenida Miguel Alemán", "jerarquia": "primary", "ref": null }, "geometry": { "type": "LineString", "coordinates": [ [ -96.135663, 19.172168 ], [ -96.135793, 19.173551 ] ] } },
{ "type": "Feature", "properties": { "nombre": "Calzada Simón Bolívar", "jerarquia": "secondary", "ref": null }, "geometry": { "type": "LineString", "coordinates": [ [ -96.135964, 19.173686 ], [ -96.135793, 19.173551 ] ] } },
{ "type": "Feature", "properties": { "nombre": "Corredor Logístico", "jerarquia": "primary", "ref": null }, "geometry": { "type": "LineString", "coordinates": [ [ -96.103972, 19.141227 ], [ -96.104027, 19.141151 ] ] } },
{ "type": "Feature", "properties": { "nombre": "Boulevard Adolfo Ruiz Cortines", "jerarquia": "primary", "ref": "MEX 150" }, "geometry": { "type": "LineString", "coordinates": [ [ -96.103484, 19.139334 ], [ -96.103547, 19.139474 ], [ -96.103569, 19.139858 ], [ -96.10354, 19.140661 ] ] } },
{ "type": "Feature", "properties": { "nombre": "Avenida Miguel Ángel de Quevedo", "jerarquia": "secondary", "ref": null }, "geometry": { "type": "LineString", "coordinates": [ [ -96.143108, 19.179759 ], [ -96.143637, 19.180673 ] ] } },
{ "type": "Feature", "properties": { "nombre": "Calle Montesinos", "jerarquia": "primary", "ref": null }, "geometry": { "type": "LineString", "coordinates": [ [ -96.140938, 19.2031 ], [ -96.140331, 19.203484 ] ] } },
{ "type": "Feature", "properties": { "nombre": "Boulevard Portuario Kilómetro 13.5", "jerarquia": "trunk", "ref": null }, "geometry": { "type": "LineString", "coordinates": [ [ -96.223004, 19.202511 ], [ -96.223071, 19.201539 ], [ -96.223192, 19.200661 ], [ -96.223304, 19.200178 ], [ -96.223436, 19.199716 ], [ -96.223594, 19.199272 ], [ -96.22398, 19.198406 ], [ -96.224187, 19.198031 ], [ -96.224543, 19.197492 ], [ -96.224921, 19.196963 ], [ -96.225367, 19.196382 ] ] } },
{ "type": "Feature", "properties": { "nombre": "Boulevard Portuario Kilómetro 13.5", "jerarquia": "trunk", "ref": null }, "geometry": { "type": "LineString", "coordinates": [ [ -96.222497, 19.20283 ], [ -96.222392, 19.204164 ], [ -96.222215, 19.207705 ], [ -96.222155, 19.208237 ], [ -96.221923, 19.20943 ] ] } }
]
}
