{
"type": "FeatureCollection",
"name": "rios",
"crs": { "type": "name", "properties": { "name": "urn:ogc:def:crs:OGC:1.3:CRS84" } },
"xy_coordinate_resolution": 1e-06,
"features": [
{ "type": "Feature", "properties": { "OBJECTID": 798.0, "NOMBRE_GEO": "Arroyo de Juan Acosta", "PROYECTO": null, "SYMBOL": "3", "FECHA": null, "RULEID": 1, "PK_CUE": 621860.0, "GLOBALID": "{93088734-1D43-4B8C-9E2C-C2815F23E2D8}" }, "geometry": { "type": "Polygon", "coordinates": [ [ [ -75.064062, 10.878158 ], [ -75.063444, 10.8778 ], [ -75.062547, 10.878052 ], [ -75.061597, 10.878602 ], [ -75.061118, 10.878722 ], [ -75.060304, 10.878559 ], [ -75.059402, 10.877286 ], [ -75.058717, 10.876795 ], [ -75.057688, 10.876598 ], [ -75.056543, 10.876857 ], [ -75.056268, 10.87645 ], [ -75.056322, 10.875759 ], [ -75.057244, 10.874817 ], [ -75.058326, 10.874128 ], [ -75.058548, 10.873489 ], [ -75.058322, 10.872852 ], [ -75.056301, 10.872554 ], [ -75.055426, 10.872619 ], [ -75.053716, 10.871647 ], [ -75.053237, 10.870899 ], [ -75.05334, 10.868015 ], [ -75.053877, 10.867264 ], [ -75.055212, 10.866715 ], [ -75.055658, 10.865984 ], [ -75.056367, 10.865327 ], [ -75.056764, 10.863134 ], [ -75.056718, 10.862301 ], [ -75.056367, 10.861249 ], [ -75.055581, 10.860269 ], [ -75.054603, 10.859608 ], [ -75.054124, 10.858889 ], [ -75.054064, 10.857613 ], [ -75.054366, 10.85581 ], [ -75.054249, 10.854202 ], [ -75.054389, 10.854063 ], [ -75.054387, 10.853647 ], [ -75.051351, 10.853923 ], [ -75.051149, 10.855129 ], [ -75.050789, 10.855776 ], [ -75.050454, 10.856068 ], [ -75.049717, 10.856071 ], [ -75.04919, 10.855636 ], [ -75.048893, 10.855054 ], [ -75.049205, 10.853909 ], [ -75.051093, 10.852135 ], [ -75.052743, 10.851011 ], [ -75.053007, 10.850395 ], [ -75.052896, 10.850146 ], [ -75.05258, 10.850131 ], [ -75.051936, 10.85082 ], [ -75.051463, 10.851102 ], [ -75.051021, 10.850994 ], [ -75.048823, 10.84966 ], [ -75.048016, 10.848976 ], [ -75.047129, 10.847934 ], [ -75.046827, 10.847217 ], [ -75.046857, 10.846702 ], [ -75.048763, 10.845713 ], [ -75.049329, 10.845166 ], [ -75.049722, 10.844556 ], [ -75.049924, 10.843729 ], [ -75.049775, 10.842654 ], [ -75.049207, 10.841469 ], [ -75.048497, 10.841487 ], [ -75.047835, 10.841754 ], [ -75.045063, 10.843214 ], [ -75.044699, 10.843106 ], [ -75.044556, 10.842669 ], [ -75.044472, 10.84111 ], [ -75.043928, 10.838927 ], [ -75.043855, 10.837549 ], [ -75.042169, 10.835555 ], [ -75.042133, 10.835252 ], [ -75.042812, 10.835171 ], [ -75.042906, 10.835062 ], [ -75.042905, 10.834797 ], [ -75.042367, 10.834175 ], [ -75.03995, 10.833766 ], [ -75.039017, 10.833362 ], [ -75.038261, 10.833205 ], [ -75.034897, 10.832794 ], [ -75.033791, 10.833144 ], [ -75.032639, 10.83389 ], [ -75.031533, 10.834109 ], [ -75.030244, 10.833846 ], [ -75.029534, 10.833496 ], [ -75.028668, 10.832855 ], [ -75.029313, 10.832838 ], [ -75.031441, 10.833276 ], [ -75.03286, 10.833144 ], [ -75.034768, 10.832356 ], [ -75.035478, 10.832355 ], [ -75.038196, 10.832706 ], [ -75.040029, 10.833386 ], [ -75.042271, 10.833754 ], [ -75.041845, 10.833136 ], [ -75.040715, 10.832487 ], [ -75.040584, 10.832148 ], [ -75.039777, 10.831437 ], [ -75.03975, 10.830512 ], [ -75.041286, 10.829794 ], [ -75.041343, 10.828963 ], [ -75.041236, 10.8288 ], [ -75.040928, 10.828707 ], [ -75.039681, 10.828482 ], [ -75.038842, 10.827138 ], [ -75.036805, 10.825473 ], [ -75.036179, 10.824465 ], [ -75.034989, 10.821616 ], [ -75.034767, 10.820738 ], [ -75.034767, 10.820213 ], [ -75.034943, 10.819774 ], [ -75.035248, 10.819667 ], [ -75.035561, 10.820344 ], [ -75.035561, 10.821571 ], [ -75.037957, 10.825429 ], [ -75.039422, 10.826753 ], [ -75.039994, 10.827795 ], [ -75.040756, 10.828516 ], [ -75.041306, 10.828484 ], [ -75.041496, 10.828811 ], [ -75.041605, 10.829442 ], [ -75.041507, 10.830002 ], [ -75.041347, 10.830168 ], [ -75.040306, 10.830534 ], [ -75.040094, 10.83078 ], [ -75.040131, 10.83126 ], [ -75.040737, 10.83182 ], [ -75.041093, 10.832392 ], [ -75.041947, 10.83281 ], [ -75.042697, 10.833924 ], [ -75.043092, 10.834141 ], [ -75.043585, 10.835122 ], [ -75.043507, 10.835544 ], [ -75.042735, 10.835718 ], [ -75.043383, 10.836262 ], [ -75.044272, 10.837756 ], [ -75.044903, 10.842574 ], [ -75.045061, 10.84287 ], [ -75.045377, 10.842869 ], [ -75.046113, 10.842217 ], [ -75.048259, 10.841176 ], [ -75.049268, 10.840923 ], [ -75.049664, 10.84128 ], [ -75.049651, 10.841826 ], [ -75.049935, 10.842122 ], [ -75.05019, 10.842839 ], [ -75.050122, 10.844547 ], [ -75.049677, 10.845383 ], [ -75.049174, 10.845868 ], [ -75.048371, 10.846451 ], [ -75.047677, 10.846684 ], [ -75.047442, 10.84695 ], [ -75.047427, 10.84734 ], [ -75.047998, 10.848243 ], [ -75.048505, 10.848756 ], [ -75.050024, 10.849985 ], [ -75.050387, 10.85006 ], [ -75.051255, 10.850702 ], [ -75.051835, 10.850395 ], [ -75.052075, 10.850008 ], [ -75.052627, 10.849773 ], [ -75.0531, 10.84988 ], [ -75.053266, 10.850277 ], [ -75.052962, 10.851129 ], [ -75.050696, 10.852836 ], [ -75.049689, 10.853916 ], [ -75.049344, 10.854665 ], [ -75.049362, 10.855242 ], [ -75.049631, 10.855522 ], [ -75.050452, 10.855457 ], [ -75.050656, 10.855129 ], [ -75.050683, 10.854122 ], [ -75.051072, 10.853648 ], [ -75.051792, 10.853402 ], [ -75.054722, 10.853147 ], [ -75.055088, 10.853506 ], [ -75.054784, 10.854699 ], [ -75.054653, 10.857612 ], [ -75.054796, 10.858665 ], [ -75.05626, 10.860019 ], [ -75.057108, 10.862124 ], [ -75.057252, 10.863344 ], [ -75.057005, 10.864842 ], [ -75.055721, 10.866981 ], [ -75.054433, 10.867734 ], [ -75.05393, 10.868207 ], [ -75.053881, 10.870537 ], [ -75.054108, 10.871174 ], [ -75.054558, 10.871644 ], [ -75.055373, 10.872113 ], [ -75.058292, 10.872325 ], [ -75.05891, 10.872767 ], [ -75.058997, 10.873571 ], [ -75.058519, 10.874775 ], [ -75.058382, 10.874987 ], [ -75.057628, 10.875184 ], [ -75.057152, 10.87549 ], [ -75.056789, 10.875963 ], [ -75.056846, 10.876268 ], [ -75.058192, 10.87618 ], [ -75.058915, 10.876396 ], [ -75.059625, 10.876758 ], [ -75.060611, 10.877947 ], [ -75.061004, 10.87814 ], [ -75.061662, 10.878018 ], [ -75.062769, 10.877358 ], [ -75.063778, 10.87705 ], [ -75.064622, 10.877685 ], [ -75.064864, 10.878701 ], [ -75.065696, 10.880177 ], [ -75.067385, 10.881753 ], [ -75.069956, 10.883671 ], [ -75.072276, 10.884977 ], [ -75.074134, 10.886676 ], [ -75.073023, 10.886699 ], [ -75.072393, 10.885924 ], [ -75.069693, 10.88413 ], [ -75.066965, 10.882087 ], [ -75.065051, 10.880235 ], [ -75.064062, 10.878158 ] ] ] } },
{ "type": "Feature", "properties": { "OBJECTID": 799.0, "NOMBRE_GEO": "Arroyo El Cedral", "PROYECTO": null, "SYMBOL": "3", "FECHA": null, "RULEID": 1, "PK_CUE": 621861.0, "GLOBALID": "{0C52C21C-ABAA-406A-AB56-AC2F431AE6F8}" }, "geometry": { "type": "Polygon", "coordinates": [ [ [ -75.139704, 10.827031 ], [ -75.139732, 10.827583 ], [ -75.139423, 10.82766 ], [ -75.139244, 10.827991 ], [ -75.138953, 10.82806 ], [ -75.138255, 10.827872 ], [ -75.137717, 10.827386 ], [ -75.137432, 10.826808 ], [ -75.137568, 10.825557 ], [ -75.137435, 10.825276 ], [ -75.137238, 10.82519 ], [ -75.136648, 10.825495 ], [ -75.136296, 10.825936 ], [ -75.136377, 10.826417 ], [ -75.137138, 10.827488 ], [ -75.137246, 10.828229 ], [ -75.136898, 10.828665 ], [ -75.1365, 10.828902 ], [ -75.136314, 10.828917 ], [ -75.135849, 10.828646 ], [ -75.135593, 10.828374 ], [ -75.135239, 10.827529 ], [ -75.134687, 10.827137 ], [ -75.133067, 10.826378 ], [ -75.131706, 10.825978 ], [ -75.130041, 10.826526 ], [ -75.129465, 10.827358 ], [ -75.128991, 10.827435 ], [ -75.127869, 10.826769 ], [ -75.126931, 10.826028 ], [ -75.126348, 10.825811 ], [ -75.125252, 10.825669 ], [ -75.124863, 10.825431 ], [ -75.124788, 10.82508 ], [ -75.125139, 10.824888 ], [ -75.125671, 10.824315 ], [ -75.125491, 10.824076 ], [ -75.12481, 10.823889 ], [ -75.12504, 10.823377 ], [ -75.124885, 10.823169 ], [ -75.124753, 10.823288 ], [ -75.124605, 10.82407 ], [ -75.123378, 10.825068 ], [ -75.123012, 10.825107 ], [ -75.122828, 10.824953 ], [ -75.122946, 10.8241 ], [ -75.122713, 10.823653 ], [ -75.122025, 10.823635 ], [ -75.120768, 10.824391 ], [ -75.120406, 10.824901 ], [ -75.120478, 10.82599 ], [ -75.120269, 10.8262 ], [ -75.119722, 10.826058 ], [ -75.119485, 10.825548 ], [ -75.119097, 10.825254 ], [ -75.118819, 10.824585 ], [ -75.118667, 10.825026 ], [ -75.118361, 10.82513 ], [ -75.117393, 10.8246 ], [ -75.117139, 10.82592 ], [ -75.116698, 10.826044 ], [ -75.116327, 10.825661 ], [ -75.115468, 10.824271 ], [ -75.115685, 10.823681 ], [ -75.116127, 10.82324 ], [ -75.116022, 10.823011 ], [ -75.115197, 10.823093 ], [ -75.115023, 10.822995 ], [ -75.114391, 10.821711 ], [ -75.113967, 10.821521 ], [ -75.113827, 10.821574 ], [ -75.114176, 10.822482 ], [ -75.11398, 10.822656 ], [ -75.113574, 10.822736 ], [ -75.112522, 10.822183 ], [ -75.111615, 10.822077 ], [ -75.111062, 10.821552 ], [ -75.111231, 10.821191 ], [ -75.112084, 10.820683 ], [ -75.112221, 10.820196 ], [ -75.113104, 10.819348 ], [ -75.113289, 10.819357 ], [ -75.11406, 10.819987 ], [ -75.11471, 10.819858 ], [ -75.114699, 10.819653 ], [ -75.114436, 10.819379 ], [ -75.113054, 10.818739 ], [ -75.112616, 10.819093 ], [ -75.112321, 10.819187 ], [ -75.112096, 10.819106 ], [ -75.110971, 10.818164 ], [ -75.110709, 10.817628 ], [ -75.110756, 10.817476 ], [ -75.111621, 10.817032 ], [ -75.111946, 10.816678 ], [ -75.112005, 10.816444 ], [ -75.111841, 10.815705 ], [ -75.111577, 10.815663 ], [ -75.111068, 10.815883 ], [ -75.110703, 10.815794 ], [ -75.109969, 10.815388 ], [ -75.109639, 10.814975 ], [ -75.108966, 10.815613 ], [ -75.107951, 10.815932 ], [ -75.107678, 10.815489 ], [ -75.107501, 10.814311 ], [ -75.107345, 10.814198 ], [ -75.107548, 10.814207 ], [ -75.107674, 10.814438 ], [ -75.108127, 10.815686 ], [ -75.108965, 10.81538 ], [ -75.109671, 10.814766 ], [ -75.111153, 10.815679 ], [ -75.11176, 10.81541 ], [ -75.112027, 10.815514 ], [ -75.112146, 10.816327 ], [ -75.111994, 10.816934 ], [ -75.110993, 10.817615 ], [ -75.111065, 10.817989 ], [ -75.112131, 10.818954 ], [ -75.112592, 10.818859 ], [ -75.113109, 10.818467 ], [ -75.113758, 10.818794 ], [ -75.113842, 10.818965 ], [ -75.114636, 10.81918 ], [ -75.114933, 10.819634 ], [ -75.114991, 10.819965 ], [ -75.114766, 10.820218 ], [ -75.113919, 10.820175 ], [ -75.113366, 10.819687 ], [ -75.112998, 10.819694 ], [ -75.11255, 10.820617 ], [ -75.111595, 10.821198 ], [ -75.111359, 10.821551 ], [ -75.111835, 10.821917 ], [ -75.112708, 10.822057 ], [ -75.113378, 10.822482 ], [ -75.11385, 10.822489 ], [ -75.11395, 10.822323 ], [ -75.113554, 10.821928 ], [ -75.113438, 10.821014 ], [ -75.114389, 10.821049 ], [ -75.114704, 10.821196 ], [ -75.114792, 10.821853 ], [ -75.115371, 10.822892 ], [ -75.116048, 10.822719 ], [ -75.116338, 10.822845 ], [ -75.11645, 10.823089 ], [ -75.116402, 10.823523 ], [ -75.116009, 10.823722 ], [ -75.11578, 10.824153 ], [ -75.11579, 10.824405 ], [ -75.116106, 10.824649 ], [ -75.116549, 10.824655 ], [ -75.116818, 10.82443 ], [ -75.117367, 10.824266 ], [ -75.118211, 10.824849 ], [ -75.118408, 10.824848 ], [ -75.118586, 10.824333 ], [ -75.118739, 10.824281 ], [ -75.119103, 10.824517 ], [ -75.119347, 10.825099 ], [ -75.120069, 10.825724 ], [ -75.11987, 10.824995 ], [ -75.120343, 10.824004 ], [ -75.120644, 10.823749 ], [ -75.121746, 10.8232 ], [ -75.122468, 10.8231 ], [ -75.123006, 10.823276 ], [ -75.123475, 10.823719 ], [ -75.123165, 10.824443 ], [ -75.12337, 10.824546 ], [ -75.12451, 10.823782 ], [ -75.124503, 10.822948 ], [ -75.125066, 10.822812 ], [ -75.125475, 10.823123 ], [ -75.125251, 10.823547 ], [ -75.125312, 10.823719 ], [ -75.125793, 10.823866 ], [ -75.126125, 10.824164 ], [ -75.125998, 10.824519 ], [ -75.125301, 10.825039 ], [ -75.125311, 10.825284 ], [ -75.125643, 10.825429 ], [ -75.126459, 10.825237 ], [ -75.126829, 10.825333 ], [ -75.127228, 10.82557 ], [ -75.127836, 10.826243 ], [ -75.128973, 10.826995 ], [ -75.129242, 10.826958 ], [ -75.12962, 10.826225 ], [ -75.129937, 10.825991 ], [ -75.130585, 10.825836 ], [ -75.131218, 10.825393 ], [ -75.131882, 10.825481 ], [ -75.134228, 10.82649 ], [ -75.135605, 10.827408 ], [ -75.135841, 10.827832 ], [ -75.135829, 10.828394 ], [ -75.136397, 10.82868 ], [ -75.136912, 10.828277 ], [ -75.136975, 10.828008 ], [ -75.136821, 10.827443 ], [ -75.136049, 10.826283 ], [ -75.136027, 10.825917 ], [ -75.136669, 10.825192 ], [ -75.137076, 10.824939 ], [ -75.137354, 10.824935 ], [ -75.137749, 10.825318 ], [ -75.137721, 10.826825 ], [ -75.13798, 10.827223 ], [ -75.138518, 10.827558 ], [ -75.139704, 10.827031 ] ] ] } },
{ "type": "Feature", "properties": { "OBJECTID": 800.0, "NOMBRE_GEO": "Caño Bristol o Sucio", "PROYECTO": null, "SYMBOL": "3", "FECHA": null, "RULEID": 1, "PK_CUE": 621862.0, "GLOBALID": "{5F14076B-051B-4E55-8478-D0A985FE2013}" }, "geometry": { "type": "Polygon", "coordinates": [ [ [ -74.625037, 10.953653 ], [ -74.624707, 10.953491 ], [ -74.624016, 10.953833 ], [ -74.622795, 10.953894 ], [ -74.621827, 10.953565 ], [ -74.620679, 10.952839 ], [ -74.619309, 10.952547 ], [ -74.618087, 10.952108 ], [ -74.616836, 10.951404 ], [ -74.615762, 10.950435 ], [ -74.614511, 10.949907 ], [ -74.613289, 10.949645 ], [ -74.612069, 10.949823 ], [ -74.610195, 10.950739 ], [ -74.607726, 10.952273 ], [ -74.606209, 10.952746 ], [ -74.603622, 10.954722 ], [ -74.60255, 10.9549 ], [ -74.601654, 10.954361 ], [ -74.600951, 10.953518 ], [ -74.599681, 10.95358 ], [ -74.599379, 10.954059 ], [ -74.599259, 10.954956 ], [ -74.598931, 10.955717 ], [ -74.598704, 10.955796 ], [ -74.598085, 10.95532 ], [ -74.597069, 10.953086 ], [ -74.594777, 10.95359 ], [ -74.593596, 10.953691 ], [ -74.593311, 10.953533 ], [ -74.592869, 10.952357 ], [ -74.591854, 10.950888 ], [ -74.589766, 10.948567 ], [ -74.588067, 10.947275 ], [ -74.586607, 10.946542 ], [ -74.585475, 10.946574 ], [ -74.585094, 10.947469 ], [ -74.584748, 10.947584 ], [ -74.584377, 10.948252 ], [ -74.583365, 10.948872 ], [ -74.581791, 10.948466 ], [ -74.580783, 10.948836 ], [ -74.579302, 10.948591 ], [ -74.575744, 10.949649 ], [ -74.574513, 10.949811 ], [ -74.573785, 10.950099 ], [ -74.573244, 10.949977 ], [ -74.571845, 10.950185 ], [ -74.569615, 10.952101 ], [ -74.568514, 10.952456 ], [ -74.567384, 10.953341 ], [ -74.56664, 10.953636 ], [ -74.565682, 10.953676 ], [ -74.562727, 10.955249 ], [ -74.562267, 10.956085 ], [ -74.560975, 10.956545 ], [ -74.560435, 10.95714 ], [ -74.55977, 10.958325 ], [ -74.559085, 10.958503 ], [ -74.557475, 10.957103 ], [ -74.557158, 10.956563 ], [ -74.55671, 10.956268 ], [ -74.556017, 10.956112 ], [ -74.555987, 10.957331 ], [ -74.55569, 10.958067 ], [ -74.553966, 10.959746 ], [ -74.55358, 10.960659 ], [ -74.554072, 10.961147 ], [ -74.556271, 10.961666 ], [ -74.55653, 10.962379 ], [ -74.556715, 10.964055 ], [ -74.556945, 10.964959 ], [ -74.557593, 10.966231 ], [ -74.55814, 10.966838 ], [ -74.559044, 10.968617 ], [ -74.558482, 10.96872 ], [ -74.557674, 10.967129 ], [ -74.557129, 10.966528 ], [ -74.556443, 10.965183 ], [ -74.555837, 10.962055 ], [ -74.553628, 10.961589 ], [ -74.553074, 10.960748 ], [ -74.553014, 10.960101 ], [ -74.554291, 10.958422 ], [ -74.555035, 10.957685 ], [ -74.555458, 10.955628 ], [ -74.556069, 10.955568 ], [ -74.556957, 10.95578 ], [ -74.557559, 10.956181 ], [ -74.55789, 10.956745 ], [ -74.558387, 10.957235 ], [ -74.559263, 10.957885 ], [ -74.560808, 10.956176 ], [ -74.561642, 10.95588 ], [ -74.562069, 10.955165 ], [ -74.564258, 10.953816 ], [ -74.565984, 10.953225 ], [ -74.566996, 10.953018 ], [ -74.567621, 10.952369 ], [ -74.569584, 10.951395 ], [ -74.571011, 10.949981 ], [ -74.57229, 10.949302 ], [ -74.574707, 10.949134 ], [ -74.579256, 10.948045 ], [ -74.580734, 10.948285 ], [ -74.581588, 10.947962 ], [ -74.582739, 10.948137 ], [ -74.583691, 10.947724 ], [ -74.584702, 10.94681 ], [ -74.585376, 10.945874 ], [ -74.586865, 10.945958 ], [ -74.588811, 10.946641 ], [ -74.589189, 10.947249 ], [ -74.590003, 10.947691 ], [ -74.592013, 10.949812 ], [ -74.592838, 10.95114 ], [ -74.593687, 10.952155 ], [ -74.595141, 10.952691 ], [ -74.596378, 10.952648 ], [ -74.597166, 10.952344 ], [ -74.597711, 10.951938 ], [ -74.59781, 10.952097 ], [ -74.59949, 10.952147 ], [ -74.600748, 10.952389 ], [ -74.602025, 10.953941 ], [ -74.603101, 10.953989 ], [ -74.604016, 10.953615 ], [ -74.60536, 10.952252 ], [ -74.607472, 10.951412 ], [ -74.610468, 10.949865 ], [ -74.611072, 10.94933 ], [ -74.612087, 10.948825 ], [ -74.612882, 10.948625 ], [ -74.61349, 10.948636 ], [ -74.616029, 10.949905 ], [ -74.618031, 10.95135 ], [ -74.61904, 10.951871 ], [ -74.620112, 10.952192 ], [ -74.620916, 10.95225 ], [ -74.621802, 10.953018 ], [ -74.623019, 10.95313 ], [ -74.624789, 10.952949 ], [ -74.625436, 10.953254 ], [ -74.625707, 10.953882 ], [ -74.625692, 10.9547 ], [ -74.625954, 10.955536 ], [ -74.625806, 10.956183 ], [ -74.623575, 10.959431 ], [ -74.623623, 10.959947 ], [ -74.624105, 10.960735 ], [ -74.62453, 10.9611 ], [ -74.627498, 10.962355 ], [ -74.630501, 10.963915 ], [ -74.630728, 10.964199 ], [ -74.631056, 10.965403 ], [ -74.631109, 10.966596 ], [ -74.630775, 10.968188 ], [ -74.631676, 10.969545 ], [ -74.633703, 10.971681 ], [ -74.634049, 10.972699 ], [ -74.633942, 10.974536 ], [ -74.633434, 10.976837 ], [ -74.632, 10.981346 ], [ -74.631311, 10.986729 ], [ -74.631077, 10.985993 ], [ -74.63112, 10.984107 ], [ -74.631657, 10.980458 ], [ -74.632455, 10.978136 ], [ -74.633012, 10.975274 ], [ -74.633521, 10.973433 ], [ -74.633516, 10.972568 ], [ -74.632632, 10.971227 ], [ -74.63052, 10.968822 ], [ -74.630409, 10.968351 ], [ -74.630576, 10.966907 ], [ -74.630573, 10.965022 ], [ -74.630432, 10.964562 ], [ -74.630106, 10.964195 ], [ -74.628894, 10.963415 ], [ -74.626442, 10.962709 ], [ -74.624287, 10.961589 ], [ -74.623684, 10.961084 ], [ -74.623101, 10.960127 ], [ -74.623047, 10.959245 ], [ -74.624706, 10.956862 ], [ -74.62518, 10.955743 ], [ -74.625164, 10.953985 ], [ -74.625037, 10.953653 ] ] ] } },
{ "type": "Feature", "properties": { "OBJECTID": 801.0, "NOMBRE_GEO": "Arroyo de Cascabel", "PROYECTO": null, "SYMBOL": "3", "FECHA": null, "RULEID": 1, "PK_CUE": 621863.0, "GLOBALID": "{14986AA4-6F5D-4CB7-A1D0-7F39DE8688F4}" }, "geometry": { "type": "Polygon", "coordinates": [ [ [ -75.139732, 10.827583 ], [ -75.139704, 10.827031 ], [ -75.139953, 10.82697 ], [ -75.140907, 10.827363 ], [ -75.141218, 10.827614 ], [ -75.141549, 10.828208 ], [ -75.141753, 10.829144 ], [ -75.141767, 10.830344 ], [ -75.14243, 10.831312 ], [ -75.142543, 10.831747 ], [ -75.142203, 10.832874 ], [ -75.14144, 10.833688 ], [ -75.139398, 10.834633 ], [ -75.138907, 10.835619 ], [ -75.13905, 10.83657 ], [ -75.138925, 10.836919 ], [ -75.13866, 10.837049 ], [ -75.137292, 10.837015 ], [ -75.136757, 10.837314 ], [ -75.13638, 10.837821 ], [ -75.136299, 10.838176 ], [ -75.136436, 10.838501 ], [ -75.136307, 10.83878 ], [ -75.136551, 10.839304 ], [ -75.136751, 10.840768 ], [ -75.136227, 10.842649 ], [ -75.135449, 10.843812 ], [ -75.135144, 10.844614 ], [ -75.135465, 10.845844 ], [ -75.135526, 10.846671 ], [ -75.135975, 10.847713 ], [ -75.136442, 10.84975 ], [ -75.137099, 10.850917 ], [ -75.137347, 10.851702 ], [ -75.137124, 10.852086 ], [ -75.136758, 10.85237 ], [ -75.135984, 10.852735 ], [ -75.135966, 10.853441 ], [ -75.136158, 10.854064 ], [ -75.135171, 10.854337 ], [ -75.135259, 10.853477 ], [ -75.134854, 10.852692 ], [ -75.134482, 10.851472 ], [ -75.134478, 10.850991 ], [ -75.134639, 10.850635 ], [ -75.13494, 10.850392 ], [ -75.135325, 10.850421 ], [ -75.13585, 10.850866 ], [ -75.13638, 10.851954 ], [ -75.136719, 10.85191 ], [ -75.13686, 10.851681 ], [ -75.135943, 10.849164 ], [ -75.135802, 10.849073 ], [ -75.13563, 10.847707 ], [ -75.135122, 10.846437 ], [ -75.134866, 10.844919 ], [ -75.134891, 10.844283 ], [ -75.135725, 10.842899 ], [ -75.136167, 10.841599 ], [ -75.136304, 10.84077 ], [ -75.136244, 10.839554 ], [ -75.135907, 10.838975 ], [ -75.135855, 10.838623 ], [ -75.135968, 10.838137 ], [ -75.136781, 10.836591 ], [ -75.137486, 10.836468 ], [ -75.137938, 10.836131 ], [ -75.138015, 10.835851 ], [ -75.137911, 10.835011 ], [ -75.138025, 10.834735 ], [ -75.138616, 10.834285 ], [ -75.138869, 10.833733 ], [ -75.139506, 10.833352 ], [ -75.140545, 10.833132 ], [ -75.141109, 10.832788 ], [ -75.141398, 10.832012 ], [ -75.141447, 10.830533 ], [ -75.141245, 10.829867 ], [ -75.141093, 10.828371 ], [ -75.14029, 10.827529 ], [ -75.139732, 10.827583 ] ], [ [ -75.135241, 10.850749 ], [ -75.134958, 10.850814 ], [ -75.134718, 10.851122 ], [ -75.135387, 10.85263 ], [ -75.136107, 10.852131 ], [ -75.13589, 10.85147 ], [ -75.135241, 10.850749 ] ] ] } },
{ "type": "Feature", "properties": { "OBJECTID": 803.0, "NOMBRE_GEO": "Caño San Andres", "PROYECTO": null, "SYMBOL": "3", "FECHA": null, "RULEID": 1, "PK_CUE": 621865.0, "GLOBALID": "{341CE146-2285-4FA0-8122-73FD735D6DC5}" }, "geometry": { "type": "Polygon", "coordinates": [ [ [ -74.700763, 10.960423 ], [ -74.700394, 10.960302 ], [ -74.699815, 10.960442 ], [ -74.697634, 10.962441 ], [ -74.696757, 10.96287 ], [ -74.695636, 10.963731 ], [ -74.695083, 10.963989 ], [ -74.694559, 10.964003 ], [ -74.694271, 10.963693 ], [ -74.694941, 10.963736 ], [ -74.698901, 10.960653 ], [ -74.699992, 10.960008 ], [ -74.700648, 10.959902 ], [ -74.701004, 10.960028 ], [ -74.701258, 10.960265 ], [ -74.701313, 10.960608 ], [ -74.701223, 10.962722 ], [ -74.701975, 10.964095 ], [ -74.703302, 10.965479 ], [ -74.705846, 10.967641 ], [ -74.706543, 10.968088 ], [ -74.707387, 10.968972 ], [ -74.709922, 10.972586 ], [ -74.710109, 10.97293 ], [ -74.710167, 10.973444 ], [ -74.708676, 10.971585 ], [ -74.706837, 10.968841 ], [ -74.705325, 10.967734 ], [ -74.704656, 10.966989 ], [ -74.702546, 10.965259 ], [ -74.701631, 10.964203 ], [ -74.700891, 10.962973 ], [ -74.700643, 10.96188 ], [ -74.700921, 10.960631 ], [ -74.700763, 10.960423 ] ] ] } },
{ "type": "Feature", "properties": { "OBJECTID": 804.0, "NOMBRE_GEO": null, "PROYECTO": null, "SYMBOL": "3", "FECHA": null, "RULEID": 1, "PK_CUE": 621866.0, "GLOBALID": "{0F4AF003-7CC6-46BE-873B-3BFA4B563379}" }, "geometry": { "type": "Polygon", "coordinates": [ [ [ -74.772277, 10.999402 ], [ -74.772981, 10.999098 ], [ -74.774114, 10.999125 ], [ -74.774759, 10.998971 ], [ -74.776044, 10.99903 ], [ -74.776534, 10.998817 ], [ -74.7769, 10.998211 ], [ -74.777294, 10.996394 ], [ -74.77775, 10.995152 ], [ -74.7779, 10.993487 ], [ -74.777684, 10.992943 ], [ -74.777403, 10.992698 ], [ -74.775904, 10.990471 ], [ -74.775339, 10.988979 ], [ -74.77486, 10.988117 ], [ -74.774791, 10.987199 ], [ -74.774637, 10.986927 ], [ -74.774055, 10.986929 ], [ -74.773014, 10.987203 ], [ -74.772586, 10.987537 ], [ -74.772098, 10.988356 ], [ -74.771353, 10.989218 ], [ -74.770389, 10.991005 ], [ -74.769889, 10.9915 ], [ -74.768782, 10.993435 ], [ -74.767729, 10.994546 ], [ -74.767537, 10.994292 ], [ -74.768026, 10.993957 ], [ -74.768781, 10.992982 ], [ -74.769636, 10.991278 ], [ -74.770611, 10.990091 ], [ -74.770769, 10.9894 ], [ -74.770613, 10.989226 ], [ -74.768913, 10.990169 ], [ -74.768565, 10.990127 ], [ -74.768449, 10.989884 ], [ -74.769273, 10.989539 ], [ -74.769461, 10.989295 ], [ -74.770359, 10.989193 ], [ -74.771214, 10.988756 ], [ -74.771587, 10.987817 ], [ -74.772556, 10.986624 ], [ -74.773105, 10.986719 ], [ -74.77384, 10.986505 ], [ -74.774789, 10.986534 ], [ -74.775111, 10.986887 ], [ -74.775179, 10.987829 ], [ -74.775965, 10.989072 ], [ -74.776499, 10.990254 ], [ -74.777121, 10.991128 ], [ -74.777313, 10.991204 ], [ -74.777346, 10.991996 ], [ -74.778239, 10.992976 ], [ -74.778649, 10.99386 ], [ -74.779485, 10.99456 ], [ -74.779828, 10.995013 ], [ -74.779299, 10.994857 ], [ -74.778683, 10.994409 ], [ -74.778559, 10.994563 ], [ -74.77818, 10.995317 ], [ -74.777348, 10.998182 ], [ -74.77655, 10.999351 ], [ -74.774578, 10.999356 ], [ -74.773321, 10.999504 ], [ -74.772821, 10.999895 ], [ -74.772277, 10.999402 ] ] ] } },
{ "type": "Feature", "properties": { "OBJECTID": 805.0, "NOMBRE_GEO": "Río Sevilla", "PROYECTO": "GUJ_400", "SYMBOL": "3", "FECHA": null, "RULEID": 1, "PK_CUE": 621867.0, "GLOBALID": "{AAFADE1C-805B-42D9-BA4E-FE86519B682C}" }, "geometry": { "type": "Polygon", "coordinates": [ [ [ -74.08084, 10.75627 ], [ -74.081387, 10.75626 ], [ -74.081512, 10.755814 ], [ -74.081343, 10.754748 ], [ -74.082144, 10.753079 ], [ -74.083187, 10.752363 ], [ -74.08401, 10.751599 ], [ -74.084723, 10.751247 ], [ -74.085356, 10.751221 ], [ -74.085672, 10.751508 ], [ -74.085883, 10.751952 ], [ -74.085593, 10.753256 ], [ -74.08515, 10.75428 ], [ -74.084938, 10.755245 ], [ -74.08499, 10.755681 ], [ -74.085461, 10.75606 ], [ -74.086068, 10.756034 ], [ -74.087611, 10.755382 ], [ -74.08896, 10.754005 ], [ -74.089268, 10.753515 ], [ -74.089419, 10.752981 ], [ -74.089473, 10.751634 ], [ -74.090124, 10.749873 ], [ -74.090345, 10.748741 ], [ -74.093558, 10.744591 ], [ -74.095045, 10.74337 ], [ -74.096029, 10.742871 ], [ -74.098754, 10.742111 ], [ -74.099702, 10.74242 ], [ -74.102631, 10.744259 ], [ -74.103075, 10.744755 ], [ -74.105891, 10.746759 ], [ -74.108146, 10.74923 ], [ -74.108734, 10.750272 ], [ -74.109053, 10.751314 ], [ -74.109029, 10.754708 ], [ -74.109805, 10.755619 ], [ -74.111063, 10.756476 ], [ -74.111903, 10.756411 ], [ -74.112244, 10.756074 ], [ -74.112585, 10.754944 ], [ -74.112551, 10.754573 ], [ -74.111971, 10.753662 ], [ -74.112005, 10.753088 ], [ -74.112494, 10.752473 ], [ -74.113404, 10.752338 ], [ -74.114336, 10.752585 ], [ -74.115769, 10.752652 ], [ -74.116633, 10.752944 ], [ -74.11727, 10.753754 ], [ -74.117543, 10.754676 ], [ -74.117407, 10.756475 ], [ -74.116975, 10.757802 ], [ -74.116357, 10.758511 ], [ -74.115454, 10.759164 ], [ -74.115442, 10.759429 ], [ -74.115659, 10.759657 ], [ -74.116785, 10.759239 ], [ -74.117233, 10.759227 ], [ -74.117821, 10.759416 ], [ -74.118384, 10.759922 ], [ -74.118553, 10.760365 ], [ -74.118346, 10.761592 ], [ -74.118512, 10.761845 ], [ -74.118896, 10.761883 ], [ -74.119561, 10.761567 ], [ -74.121352, 10.761389 ], [ -74.122005, 10.761111 ], [ -74.12246, 10.760812 ], [ -74.12382, 10.758986 ], [ -74.124333, 10.758745 ], [ -74.125139, 10.758745 ], [ -74.126226, 10.759365 ], [ -74.127314, 10.759086 ], [ -74.128056, 10.759162 ], [ -74.129079, 10.7603 ], [ -74.129244, 10.760857 ], [ -74.129783, 10.76111 ], [ -74.130564, 10.761261 ], [ -74.131293, 10.761135 ], [ -74.132304, 10.761236 ], [ -74.13421, 10.76164 ], [ -74.134594, 10.76164 ], [ -74.136001, 10.76121 ], [ -74.136666, 10.761197 ], [ -74.138355, 10.761766 ], [ -74.139187, 10.761665 ], [ -74.140155, 10.761034 ], [ -74.141118, 10.759758 ], [ -74.1447, 10.757063 ], [ -74.144942, 10.756367 ], [ -74.145006, 10.75557 ], [ -74.14533, 10.755267 ], [ -74.146682, 10.754963 ], [ -74.148716, 10.755595 ], [ -74.149497, 10.756151 ], [ -74.14979, 10.756078 ], [ -74.149944, 10.755696 ], [ -74.149855, 10.755405 ], [ -74.149599, 10.755012 ], [ -74.148966, 10.754512 ], [ -74.148678, 10.753975 ], [ -74.149023, 10.753153 ], [ -74.150072, 10.752988 ], [ -74.151283, 10.753178 ], [ -74.151511, 10.752933 ], [ -74.151837, 10.752155 ], [ -74.152355, 10.751927 ], [ -74.153324, 10.752173 ], [ -74.154011, 10.753215 ], [ -74.154399, 10.753406 ], [ -74.154841, 10.753406 ], [ -74.156078, 10.752884 ], [ -74.157095, 10.752836 ], [ -74.158621, 10.753633 ], [ -74.159437, 10.754657 ], [ -74.159965, 10.755777 ], [ -74.16009, 10.756849 ], [ -74.159677, 10.755758 ], [ -74.159063, 10.754676 ], [ -74.158343, 10.753861 ], [ -74.157537, 10.753349 ], [ -74.156823, 10.75309 ], [ -74.156424, 10.75315 ], [ -74.155675, 10.753662 ], [ -74.155253, 10.753767 ], [ -74.154217, 10.753653 ], [ -74.153787, 10.753477 ], [ -74.153219, 10.752629 ], [ -74.152749, 10.752278 ], [ -74.152451, 10.752249 ], [ -74.152096, 10.752411 ], [ -74.151473, 10.75336 ], [ -74.151057, 10.753532 ], [ -74.150174, 10.753343 ], [ -74.149573, 10.753419 ], [ -74.149023, 10.753899 ], [ -74.149151, 10.754165 ], [ -74.149712, 10.754579 ], [ -74.150349, 10.755451 ], [ -74.150226, 10.756189 ], [ -74.149983, 10.756467 ], [ -74.149548, 10.756531 ], [ -74.149164, 10.756404 ], [ -74.148486, 10.755936 ], [ -74.14736, 10.755633 ], [ -74.146861, 10.755367 ], [ -74.146145, 10.75538 ], [ -74.145684, 10.755532 ], [ -74.145352, 10.755861 ], [ -74.145045, 10.75724 ], [ -74.1414, 10.760138 ], [ -74.140248, 10.76158 ], [ -74.138944, 10.762175 ], [ -74.138393, 10.7622 ], [ -74.136219, 10.761758 ], [ -74.135477, 10.761821 ], [ -74.134837, 10.762062 ], [ -74.133967, 10.762087 ], [ -74.131536, 10.761544 ], [ -74.130282, 10.761784 ], [ -74.129553, 10.761658 ], [ -74.129028, 10.761304 ], [ -74.128018, 10.76006 ], [ -74.127557, 10.75982 ], [ -74.126988, 10.759877 ], [ -74.125971, 10.759744 ], [ -74.124843, 10.759336 ], [ -74.124231, 10.759289 ], [ -74.123911, 10.759466 ], [ -74.123122, 10.760715 ], [ -74.122235, 10.76144 ], [ -74.121404, 10.761743 ], [ -74.118628, 10.762149 ], [ -74.118052, 10.762048 ], [ -74.117925, 10.761716 ], [ -74.11818, 10.760884 ], [ -74.11809, 10.760314 ], [ -74.117821, 10.759897 ], [ -74.117322, 10.759669 ], [ -74.1169, 10.75972 ], [ -74.115288, 10.760214 ], [ -74.115007, 10.759973 ], [ -74.114866, 10.759606 ], [ -74.114994, 10.759037 ], [ -74.115511, 10.758453 ], [ -74.116306, 10.757901 ], [ -74.116749, 10.757081 ], [ -74.116945, 10.756184 ], [ -74.116838, 10.754271 ], [ -74.116565, 10.753529 ], [ -74.116088, 10.753192 ], [ -74.114655, 10.753192 ], [ -74.113836, 10.752922 ], [ -74.112903, 10.752855 ], [ -74.112558, 10.753156 ], [ -74.11246, 10.753519 ], [ -74.112973, 10.755047 ], [ -74.112659, 10.756244 ], [ -74.111713, 10.756854 ], [ -74.111084, 10.756799 ], [ -74.110351, 10.756479 ], [ -74.109634, 10.755956 ], [ -74.108626, 10.754685 ], [ -74.108576, 10.75093 ], [ -74.108013, 10.749783 ], [ -74.107365, 10.748923 ], [ -74.106205, 10.747675 ], [ -74.103936, 10.745819 ], [ -74.09975, 10.742776 ], [ -74.099102, 10.742432 ], [ -74.09873, 10.742384 ], [ -74.096893, 10.742859 ], [ -74.095465, 10.743441 ], [ -74.093844, 10.74458 ], [ -74.092432, 10.746246 ], [ -74.090605, 10.748866 ], [ -74.090247, 10.749808 ], [ -74.089891, 10.751881 ], [ -74.089868, 10.753075 ], [ -74.089669, 10.753739 ], [ -74.089306, 10.754301 ], [ -74.088126, 10.755525 ], [ -74.086622, 10.756425 ], [ -74.085963, 10.756556 ], [ -74.084987, 10.756543 ], [ -74.084405, 10.75601 ], [ -74.084353, 10.755617 ], [ -74.084649, 10.754438 ], [ -74.085343, 10.752591 ], [ -74.085303, 10.752082 ], [ -74.085145, 10.751886 ], [ -74.08467, 10.751899 ], [ -74.082469, 10.753408 ], [ -74.081701, 10.755145 ], [ -74.081818, 10.756029 ], [ -74.081719, 10.756448 ], [ -74.081579, 10.756592 ], [ -74.080974, 10.756687 ], [ -74.08084, 10.75627 ] ] ] } },
{ "type": "Feature", "properties": { "OBJECTID": 806.0, "NOMBRE_GEO": "Río Aracataca", "PROYECTO": "GUJ_400", "SYMBOL": "3", "FECHA": null, "RULEID": 1, "PK_CUE": 621868.0, "GLOBALID": "{17BD0228-E1B5-4C4D-A3C2-AEB21A762970}" }, "geometry": { "type": "Polygon", "coordinates": [ [ [ -74.366866, 10.767989 ], [ -74.364873, 10.767117 ], [ -74.363297, 10.765217 ], [ -74.362289, 10.764543 ], [ -74.36133, 10.764096 ], [ -74.359222, 10.763897 ], [ -74.357236, 10.763524 ], [ -74.356138, 10.763493 ], [ -74.355494, 10.763144 ], [ -74.354866, 10.762382 ], [ -74.354115, 10.761917 ], [ -74.35167, 10.761466 ], [ -74.350926, 10.76042 ], [ -74.349731, 10.759601 ], [ -74.349034, 10.75849 ], [ -74.348105, 10.75793 ], [ -74.348018, 10.757699 ], [ -74.348145, 10.757308 ], [ -74.346714, 10.756339 ], [ -74.346366, 10.754869 ], [ -74.345477, 10.753487 ], [ -74.345147, 10.751659 ], [ -74.34475, 10.750847 ], [ -74.344637, 10.750127 ], [ -74.344325, 10.749648 ], [ -74.343489, 10.74891 ], [ -74.343123, 10.74824 ], [ -74.343149, 10.74755 ], [ -74.343651, 10.746422 ], [ -74.343467, 10.745856 ], [ -74.343589, 10.744642 ], [ -74.343494, 10.743786 ], [ -74.342759, 10.742525 ], [ -74.342607, 10.741445 ], [ -74.342184, 10.74032 ], [ -74.341632, 10.739751 ], [ -74.341075, 10.73865 ], [ -74.340339, 10.738011 ], [ -74.339509, 10.736737 ], [ -74.339035, 10.73646 ], [ -74.335876, 10.732607 ], [ -74.334202, 10.730217 ], [ -74.332844, 10.728675 ], [ -74.332656, 10.728288 ], [ -74.330951, 10.726603 ], [ -74.328818, 10.724203 ], [ -74.327495, 10.72319 ], [ -74.326545, 10.722192 ], [ -74.324341, 10.719007 ], [ -74.324116, 10.718587 ], [ -74.324056, 10.717972 ], [ -74.32306, 10.716538 ], [ -74.322203, 10.714671 ], [ -74.320957, 10.713059 ], [ -74.320272, 10.711769 ], [ -74.319377, 10.710791 ], [ -74.318158, 10.708066 ], [ -74.316165, 10.705876 ], [ -74.31564, 10.705645 ], [ -74.314707, 10.704696 ], [ -74.313858, 10.703545 ], [ -74.31324, 10.703042 ], [ -74.312248, 10.701628 ], [ -74.311597, 10.701295 ], [ -74.310953, 10.701237 ], [ -74.31036, 10.701421 ], [ -74.309763, 10.70187 ], [ -74.308954, 10.702089 ], [ -74.307042, 10.702297 ], [ -74.305625, 10.702712 ], [ -74.302883, 10.70293 ], [ -74.301486, 10.704162 ], [ -74.300384, 10.704648 ], [ -74.29896, 10.704499 ], [ -74.297264, 10.705005 ], [ -74.294813, 10.704894 ], [ -74.293337, 10.704561 ], [ -74.292965, 10.704829 ], [ -74.292051, 10.705905 ], [ -74.291377, 10.706029 ], [ -74.290812, 10.70559 ], [ -74.290493, 10.704584 ], [ -74.290078, 10.703941 ], [ -74.288518, 10.702381 ], [ -74.287781, 10.701941 ], [ -74.287289, 10.701406 ], [ -74.286811, 10.701154 ], [ -74.285356, 10.700773 ], [ -74.284736, 10.699904 ], [ -74.28431, 10.699569 ], [ -74.28368, 10.699664 ], [ -74.282948, 10.700183 ], [ -74.282212, 10.700144 ], [ -74.281828, 10.699528 ], [ -74.281692, 10.69856 ], [ -74.281325, 10.698083 ], [ -74.280114, 10.697775 ], [ -74.279171, 10.696895 ], [ -74.278256, 10.69653 ], [ -74.277716, 10.696157 ], [ -74.27743, 10.695606 ], [ -74.277449, 10.695038 ], [ -74.277823, 10.694134 ], [ -74.278534, 10.693384 ], [ -74.278616, 10.693008 ], [ -74.278445, 10.692733 ], [ -74.27683, 10.692709 ], [ -74.275866, 10.691651 ], [ -74.275496, 10.691481 ], [ -74.27468, 10.691711 ], [ -74.273967, 10.692466 ], [ -74.273442, 10.6925 ], [ -74.273046, 10.692302 ], [ -74.27279, 10.69175 ], [ -74.273007, 10.690389 ], [ -74.272624, 10.689281 ], [ -74.272456, 10.687823 ], [ -74.271968, 10.687109 ], [ -74.271681, 10.686286 ], [ -74.270932, 10.684873 ], [ -74.270344, 10.684169 ], [ -74.268679, 10.68328 ], [ -74.266998, 10.682925 ], [ -74.265923, 10.682327 ], [ -74.265444, 10.682386 ], [ -74.265052, 10.68262 ], [ -74.264755, 10.683479 ], [ -74.264451, 10.683754 ], [ -74.263721, 10.683758 ], [ -74.263043, 10.683375 ], [ -74.262751, 10.682905 ], [ -74.262656, 10.682333 ], [ -74.261957, 10.681346 ], [ -74.26184, 10.680722 ], [ -74.261891, 10.679995 ], [ -74.26215, 10.679255 ], [ -74.262569, 10.67864 ], [ -74.262961, 10.678327 ], [ -74.264094, 10.678008 ], [ -74.264376, 10.677135 ], [ -74.26406, 10.67637 ], [ -74.263055, 10.675697 ], [ -74.26278, 10.675177 ], [ -74.262806, 10.674694 ], [ -74.263175, 10.673563 ], [ -74.262813, 10.672474 ], [ -74.263108, 10.671618 ], [ -74.263061, 10.671147 ], [ -74.262747, 10.67077 ], [ -74.26173, 10.670543 ], [ -74.261222, 10.670159 ], [ -74.259965, 10.668322 ], [ -74.259481, 10.667278 ], [ -74.258487, 10.666339 ], [ -74.258028, 10.665264 ], [ -74.256682, 10.664426 ], [ -74.256594, 10.663714 ], [ -74.25646, 10.663518 ], [ -74.255414, 10.663248 ], [ -74.255208, 10.663033 ], [ -74.255567, 10.661714 ], [ -74.255424, 10.66074 ], [ -74.255155, 10.660177 ], [ -74.254157, 10.659111 ], [ -74.254056, 10.658758 ], [ -74.253302, 10.658028 ], [ -74.253067, 10.657447 ], [ -74.253873, 10.656483 ], [ -74.253425, 10.656169 ], [ -74.252237, 10.655764 ], [ -74.251936, 10.655203 ], [ -74.252271, 10.653529 ], [ -74.251134, 10.652731 ], [ -74.250968, 10.652425 ], [ -74.250985, 10.651806 ], [ -74.251155, 10.651635 ], [ -74.251624, 10.651569 ], [ -74.252453, 10.651886 ], [ -74.254041, 10.651537 ], [ -74.254303, 10.651275 ], [ -74.254155, 10.650776 ], [ -74.253249, 10.649752 ], [ -74.253158, 10.649354 ], [ -74.253198, 10.648633 ], [ -74.254297, 10.647668 ], [ -74.254588, 10.646884 ], [ -74.254298, 10.646485 ], [ -74.253897, 10.646575 ], [ -74.253475, 10.646501 ], [ -74.253148, 10.646193 ], [ -74.25306, 10.645839 ], [ -74.253381, 10.644505 ], [ -74.253429, 10.643183 ], [ -74.253799, 10.642517 ], [ -74.253638, 10.641999 ], [ -74.253237, 10.641948 ], [ -74.252472, 10.642286 ], [ -74.252113, 10.642234 ], [ -74.251474, 10.641848 ], [ -74.251781, 10.640899 ], [ -74.251415, 10.63996 ], [ -74.249834, 10.639208 ], [ -74.249119, 10.638421 ], [ -74.248411, 10.637371 ], [ -74.24757, 10.636715 ], [ -74.247152, 10.635633 ], [ -74.246103, 10.634978 ], [ -74.24563, 10.633889 ], [ -74.244699, 10.632922 ], [ -74.243876, 10.631646 ], [ -74.239537, 10.625908 ], [ -74.238798, 10.624733 ], [ -74.237975, 10.623919 ], [ -74.237055, 10.6225 ], [ -74.236312, 10.621765 ], [ -74.235794, 10.620903 ], [ -74.234632, 10.619482 ], [ -74.234054, 10.618468 ], [ -74.233492, 10.618006 ], [ -74.232232, 10.616156 ], [ -74.231037, 10.614931 ], [ -74.230412, 10.613784 ], [ -74.228563, 10.611079 ], [ -74.22817, 10.610757 ], [ -74.225752, 10.607715 ], [ -74.224837, 10.606262 ], [ -74.224077, 10.605434 ], [ -74.222645, 10.603472 ], [ -74.222052, 10.603186 ], [ -74.2208, 10.603338 ], [ -74.219664, 10.603697 ], [ -74.217407, 10.603507 ], [ -74.216385, 10.604123 ], [ -74.215694, 10.604323 ], [ -74.212698, 10.603184 ], [ -74.211557, 10.602468 ], [ -74.210219, 10.602023 ], [ -74.209785, 10.601715 ], [ -74.209129, 10.600903 ], [ -74.208372, 10.600516 ], [ -74.20545, 10.60067 ], [ -74.203226, 10.600608 ], [ -74.202378, 10.601194 ], [ -74.202042, 10.601204 ], [ -74.20149, 10.600979 ], [ -74.201239, 10.600542 ], [ -74.201221, 10.600238 ], [ -74.201492, 10.598883 ], [ -74.201287, 10.59856 ], [ -74.201143, 10.597598 ], [ -74.201301, 10.597215 ], [ -74.20227, 10.596224 ], [ -74.202398, 10.595908 ], [ -74.202305, 10.595626 ], [ -74.202098, 10.595328 ], [ -74.200771, 10.594472 ], [ -74.200274, 10.593571 ], [ -74.199849, 10.591835 ], [ -74.199384, 10.591184 ], [ -74.198594, 10.590919 ], [ -74.197416, 10.590771 ], [ -74.19647, 10.590262 ], [ -74.195617, 10.589416 ], [ -74.195424, 10.588844 ], [ -74.195969, 10.586045 ], [ -74.195688, 10.58507 ], [ -74.194601, 10.584945 ], [ -74.194264, 10.585217 ], [ -74.192955, 10.585707 ], [ -74.192382, 10.585725 ], [ -74.191412, 10.585323 ], [ -74.191247, 10.584874 ], [ -74.191706, 10.583475 ], [ -74.190926, 10.582217 ], [ -74.189989, 10.581487 ], [ -74.189341, 10.581215 ], [ -74.188792, 10.581174 ], [ -74.1871, 10.58067 ], [ -74.185684, 10.579758 ], [ -74.185502, 10.578785 ], [ -74.185893, 10.578122 ], [ -74.18608, 10.577225 ], [ -74.185955, 10.576326 ], [ -74.185324, 10.57511 ], [ -74.184924, 10.574714 ], [ -74.18434, 10.574471 ], [ -74.182469, 10.574567 ], [ -74.179922, 10.575046 ], [ -74.17754, 10.575271 ], [ -74.175536, 10.575901 ], [ -74.174944, 10.57632 ], [ -74.173917, 10.576543 ], [ -74.172506, 10.577536 ], [ -74.172178, 10.577313 ], [ -74.171627, 10.576419 ], [ -74.170821, 10.575776 ], [ -74.168481, 10.57508 ], [ -74.167338, 10.574892 ], [ -74.166217, 10.575051 ], [ -74.165469, 10.574893 ], [ -74.164911, 10.574923 ], [ -74.163822, 10.575323 ], [ -74.163435, 10.575893 ], [ -74.162758, 10.576229 ], [ -74.161775, 10.576423 ], [ -74.158595, 10.576552 ], [ -74.15764, 10.576871 ], [ -74.156417, 10.57658 ], [ -74.15615, 10.575606 ], [ -74.154808, 10.572603 ], [ -74.153764, 10.572121 ], [ -74.153191, 10.572122 ], [ -74.152649, 10.572498 ], [ -74.151737, 10.572757 ], [ -74.151136, 10.572626 ], [ -74.150397, 10.572031 ], [ -74.150225, 10.571603 ], [ -74.149129, 10.570331 ], [ -74.148485, 10.57021 ], [ -74.146997, 10.570335 ], [ -74.143657, 10.571385 ], [ -74.138052, 10.573904 ], [ -74.137039, 10.574187 ], [ -74.136693, 10.574652 ], [ -74.136125, 10.57509 ], [ -74.13539, 10.575088 ], [ -74.134757, 10.574729 ], [ -74.132753, 10.572908 ], [ -74.131352, 10.572152 ], [ -74.130786, 10.571966 ], [ -74.128568, 10.571839 ], [ -74.126346, 10.571298 ], [ -74.125787, 10.571298 ], [ -74.125489, 10.571387 ], [ -74.124034, 10.572392 ], [ -74.123435, 10.572546 ], [ -74.1221, 10.572517 ], [ -74.12106, 10.572723 ], [ -74.120743, 10.572922 ], [ -74.120219, 10.573354 ], [ -74.120125, 10.573654 ], [ -74.119321, 10.574601 ], [ -74.118608, 10.575213 ], [ -74.117914, 10.575395 ], [ -74.117604, 10.575758 ], [ -74.117152, 10.577313 ], [ -74.116163, 10.578557 ], [ -74.115083, 10.578515 ], [ -74.113971, 10.577022 ], [ -74.11349, 10.576161 ], [ -74.113039, 10.575854 ], [ -74.112483, 10.575827 ], [ -74.110286, 10.577857 ], [ -74.109198, 10.577931 ], [ -74.108804, 10.578154 ], [ -74.10844, 10.57857 ], [ -74.108468, 10.579755 ], [ -74.108231, 10.580182 ], [ -74.107686, 10.58021 ], [ -74.105657, 10.579221 ], [ -74.103484, 10.578773 ], [ -74.102738, 10.578774 ], [ -74.102224, 10.57883 ], [ -74.101934, 10.579117 ], [ -74.101879, 10.580904 ], [ -74.100721, 10.581117 ], [ -74.100038, 10.581447 ], [ -74.099336, 10.581159 ], [ -74.098721, 10.580611 ], [ -74.098308, 10.579971 ], [ -74.097663, 10.579888 ], [ -74.095563, 10.580542 ], [ -74.094757, 10.580955 ], [ -74.094194, 10.581444 ], [ -74.093664, 10.58145 ], [ -74.093135, 10.581683 ], [ -74.092428, 10.582062 ], [ -74.092141, 10.582516 ], [ -74.091832, 10.583478 ], [ -74.091903, 10.58514 ], [ -74.09251, 10.58658 ], [ -74.092513, 10.587173 ], [ -74.092357, 10.588612 ], [ -74.092189, 10.589031 ], [ -74.091819, 10.589234 ], [ -74.091341, 10.589355 ], [ -74.090925, 10.589014 ], [ -74.090167, 10.588698 ], [ -74.086811, 10.588668 ], [ -74.086123, 10.588947 ], [ -74.084553, 10.588738 ], [ -74.081582, 10.589183 ], [ -74.080738, 10.58981 ], [ -74.079975, 10.589945 ], [ -74.078327, 10.589168 ], [ -74.077508, 10.587864 ], [ -74.076468, 10.586812 ], [ -74.07597, 10.586692 ], [ -74.075719, 10.586831 ], [ -74.075348, 10.587419 ], [ -74.075346, 10.588136 ], [ -74.074811, 10.588842 ], [ -74.073563, 10.589576 ], [ -74.072993, 10.589647 ], [ -74.07189, 10.590649 ], [ -74.069597, 10.59068 ], [ -74.069102, 10.590542 ], [ -74.068337, 10.590048 ], [ -74.067803, 10.590098 ], [ -74.067125, 10.590858 ], [ -74.067134, 10.592378 ], [ -74.067313, 10.592734 ], [ -74.068381, 10.593467 ], [ -74.068542, 10.593918 ], [ -74.068498, 10.594596 ], [ -74.068272, 10.594775 ], [ -74.06713, 10.595088 ], [ -74.065874, 10.595829 ], [ -74.063265, 10.598597 ], [ -74.062316, 10.601159 ], [ -74.062331, 10.602482 ], [ -74.062152, 10.603628 ], [ -74.061915, 10.604231 ], [ -74.061423, 10.604499 ], [ -74.059583, 10.604085 ], [ -74.058644, 10.604209 ], [ -74.058644, 10.604771 ], [ -74.058889, 10.605237 ], [ -74.05982, 10.605833 ], [ -74.05979, 10.606421 ], [ -74.059361, 10.607153 ], [ -74.058549, 10.607463 ], [ -74.057597, 10.608356 ], [ -74.057057, 10.609143 ], [ -74.056959, 10.609794 ], [ -74.056603, 10.610397 ], [ -74.056573, 10.611044 ], [ -74.056097, 10.61147 ], [ -74.055429, 10.612526 ], [ -74.055096, 10.613766 ], [ -74.053991, 10.615707 ], [ -74.053108, 10.616631 ], [ -74.05209, 10.617164 ], [ -74.051082, 10.6173 ], [ -74.049971, 10.617127 ], [ -74.049588, 10.616929 ], [ -74.048772, 10.616041 ], [ -74.047955, 10.615835 ], [ -74.047227, 10.616256 ], [ -74.046705, 10.61798 ], [ -74.045985, 10.618557 ], [ -74.045046, 10.618594 ], [ -74.044472, 10.618762 ], [ -74.043283, 10.618322 ], [ -74.041679, 10.618624 ], [ -74.04107, 10.618867 ], [ -74.040178, 10.618641 ], [ -74.039692, 10.618055 ], [ -74.04011, 10.616598 ], [ -74.040199, 10.615569 ], [ -74.040214, 10.614291 ], [ -74.040021, 10.61332 ], [ -74.038733, 10.611686 ], [ -74.038406, 10.610747 ], [ -74.038464, 10.609913 ], [ -74.038981, 10.609263 ], [ -74.038922, 10.608955 ], [ -74.038818, 10.608734 ], [ -74.038372, 10.608627 ], [ -74.037768, 10.608231 ], [ -74.03687, 10.607363 ], [ -74.036632, 10.606706 ], [ -74.03664, 10.605103 ], [ -74.036417, 10.604477 ], [ -74.036094, 10.604266 ], [ -74.035128, 10.60419 ], [ -74.034488, 10.604552 ], [ -74.034101, 10.604596 ], [ -74.031991, 10.604449 ], [ -74.031442, 10.604272 ], [ -74.030877, 10.603743 ], [ -74.030699, 10.603772 ], [ -74.030321, 10.603893 ], [ -74.029998, 10.604464 ], [ -74.029323, 10.604913 ], [ -74.028087, 10.60695 ], [ -74.027381, 10.607278 ], [ -74.026526, 10.607339 ], [ -74.025666, 10.608649 ], [ -74.025222, 10.609143 ], [ -74.02457, 10.609519 ], [ -74.023986, 10.609486 ], [ -74.023307, 10.609142 ], [ -74.022675, 10.608575 ], [ -74.022304, 10.608048 ], [ -74.021397, 10.608063 ], [ -74.020743, 10.609142 ], [ -74.020609, 10.609973 ], [ -74.020253, 10.610356 ], [ -74.019866, 10.611311 ], [ -74.019629, 10.611458 ], [ -74.019376, 10.611546 ], [ -74.018637, 10.611426 ], [ -74.017517, 10.611498 ], [ -74.017219, 10.611601 ], [ -74.016696, 10.612071 ], [ -74.014696, 10.61206 ], [ -74.013804, 10.612515 ], [ -74.013581, 10.612809 ], [ -74.013462, 10.613397 ], [ -74.013598, 10.613861 ], [ -74.014205, 10.614206 ], [ -74.014248, 10.615083 ], [ -74.014048, 10.615555 ], [ -74.013432, 10.616072 ], [ -74.013164, 10.616131 ], [ -74.01257, 10.615778 ], [ -74.012125, 10.614587 ], [ -74.011768, 10.614484 ], [ -74.011501, 10.614543 ], [ -74.009688, 10.616174 ], [ -74.008677, 10.61588 ], [ -74.008351, 10.615636 ], [ -74.007619, 10.615863 ], [ -74.007147, 10.616279 ], [ -74.006735, 10.61725 ], [ -74.006285, 10.617511 ], [ -74.005715, 10.617292 ], [ -74.004953, 10.615831 ], [ -74.0047, 10.615584 ], [ -74.004169, 10.615408 ], [ -74.003708, 10.615467 ], [ -74.002214, 10.616643 ], [ -74.002006, 10.61754 ], [ -74.001649, 10.617863 ], [ -74.000639, 10.617921 ], [ -73.999917, 10.617637 ], [ -73.999242, 10.617701 ], [ -73.998103, 10.619237 ], [ -73.996495, 10.620073 ], [ -73.995978, 10.620235 ], [ -73.995004, 10.620242 ], [ -73.994336, 10.620583 ], [ -73.993767, 10.620652 ], [ -73.993358, 10.62021 ], [ -73.992147, 10.619467 ], [ -73.991856, 10.619489 ], [ -73.991066, 10.620203 ], [ -73.99095, 10.620775 ], [ -73.990091, 10.621951 ], [ -73.98865, 10.6227 ], [ -73.988353, 10.622568 ], [ -73.98807, 10.622215 ], [ -73.987989, 10.6212 ], [ -73.987322, 10.621263 ], [ -73.986713, 10.621675 ], [ -73.985622, 10.622824 ], [ -73.984655, 10.623551 ], [ -73.983827, 10.624686 ], [ -73.983068, 10.625194 ], [ -73.982226, 10.625074 ], [ -73.979672, 10.623423 ], [ -73.97875, 10.623419 ], [ -73.978448, 10.623568 ], [ -73.978325, 10.623782 ], [ -73.978385, 10.624736 ], [ -73.977817, 10.626195 ], [ -73.977564, 10.626511 ], [ -73.977166, 10.626552 ], [ -73.976499, 10.627061 ], [ -73.974865, 10.626827 ], [ -73.97434, 10.6269 ], [ -73.973236, 10.625821 ], [ -73.972493, 10.625759 ], [ -73.971502, 10.626061 ], [ -73.971546, 10.62684 ], [ -73.97221, 10.627223 ], [ -73.972293, 10.627642 ], [ -73.971812, 10.62809 ], [ -73.970168, 10.628644 ], [ -73.969843, 10.629273 ], [ -73.969845, 10.63035 ], [ -73.969717, 10.630702 ], [ -73.969301, 10.631075 ], [ -73.968638, 10.631233 ], [ -73.967741, 10.631998 ], [ -73.967301, 10.632006 ], [ -73.966161, 10.631678 ], [ -73.964156, 10.629917 ], [ -73.96349, 10.62965 ], [ -73.962366, 10.629774 ], [ -73.962036, 10.629936 ], [ -73.961924, 10.630406 ], [ -73.962165, 10.630783 ], [ -73.962817, 10.631285 ], [ -73.963049, 10.631718 ], [ -73.963096, 10.63224 ], [ -73.962829, 10.632733 ], [ -73.961906, 10.633078 ], [ -73.959653, 10.633039 ], [ -73.958596, 10.634176 ], [ -73.955874, 10.635547 ], [ -73.954133, 10.63555 ], [ -73.952845, 10.635109 ], [ -73.952512, 10.63443 ], [ -73.952359, 10.633095 ], [ -73.952169, 10.632917 ], [ -73.951554, 10.632961 ], [ -73.950654, 10.633601 ], [ -73.950231, 10.634516 ], [ -73.949866, 10.63584 ], [ -73.949242, 10.636211 ], [ -73.948697, 10.63619 ], [ -73.94801, 10.635906 ], [ -73.94676, 10.634856 ], [ -73.94633, 10.634744 ], [ -73.946045, 10.634815 ], [ -73.944692, 10.636208 ], [ -73.944448, 10.636681 ], [ -73.944107, 10.638061 ], [ -73.943509, 10.638538 ], [ -73.942819, 10.638537 ], [ -73.940636, 10.637968 ], [ -73.939418, 10.637968 ], [ -73.938797, 10.638217 ], [ -73.938269, 10.638194 ], [ -73.936913, 10.63758 ], [ -73.936453, 10.637511 ], [ -73.934982, 10.638625 ], [ -73.934398, 10.638827 ], [ -73.932867, 10.63876 ], [ -73.931718, 10.638214 ], [ -73.93073, 10.638327 ], [ -73.929695, 10.638986 ], [ -73.928746, 10.639003 ], [ -73.928103, 10.638662 ], [ -73.927905, 10.637881 ], [ -73.927569, 10.637567 ], [ -73.926738, 10.637539 ], [ -73.926408, 10.637749 ], [ -73.925581, 10.638711 ], [ -73.924974, 10.639756 ], [ -73.924582, 10.640022 ], [ -73.923036, 10.640398 ], [ -73.922352, 10.640409 ], [ -73.921714, 10.640209 ], [ -73.92121, 10.640242 ], [ -73.920816, 10.640465 ], [ -73.920563, 10.64076 ], [ -73.920425, 10.641601 ], [ -73.92008, 10.642169 ], [ -73.91893, 10.64251 ], [ -73.917689, 10.642509 ], [ -73.91615, 10.641622 ], [ -73.915575, 10.641849 ], [ -73.915284, 10.642101 ], [ -73.915138, 10.642667 ], [ -73.915919, 10.643736 ], [ -73.916148, 10.644828 ], [ -73.917205, 10.645556 ], [ -73.917963, 10.646261 ], [ -73.918077, 10.647148 ], [ -73.917801, 10.647853 ], [ -73.917042, 10.648489 ], [ -73.915433, 10.649397 ], [ -73.913707, 10.649894 ], [ -73.912703, 10.65039 ], [ -73.911754, 10.65226 ], [ -73.91073, 10.653184 ], [ -73.909523, 10.654556 ], [ -73.908833, 10.655692 ], [ -73.908189, 10.65626 ], [ -73.907561, 10.656396 ], [ -73.906487, 10.657123 ], [ -73.905982, 10.657123 ], [ -73.905039, 10.656895 ], [ -73.90389, 10.655939 ], [ -73.902902, 10.655393 ], [ -73.902006, 10.655393 ], [ -73.901132, 10.655938 ], [ -73.899799, 10.656301 ], [ -73.898903, 10.656167 ], [ -73.898052, 10.656664 ], [ -73.897021, 10.655828 ], [ -73.896213, 10.655503 ], [ -73.895225, 10.656048 ], [ -73.894725, 10.655963 ], [ -73.894374, 10.656434 ], [ -73.894006, 10.656548 ], [ -73.893592, 10.65773 ], [ -73.891637, 10.659297 ], [ -73.891361, 10.659638 ], [ -73.891269, 10.660047 ], [ -73.890486, 10.661138 ], [ -73.889935, 10.661263 ], [ -73.887821, 10.660227 ], [ -73.886879, 10.660419 ], [ -73.886356, 10.66084 ], [ -73.885717, 10.661739 ], [ -73.881957, 10.663953 ], [ -73.88067, 10.662997 ], [ -73.879728, 10.662701 ], [ -73.878141, 10.662927 ], [ -73.877095, 10.66362 ], [ -73.874725, 10.664103 ], [ -73.874436, 10.664695 ], [ -73.875035, 10.666823 ], [ -73.874799, 10.667309 ], [ -73.87464, 10.668226 ], [ -73.873496, 10.668791 ], [ -73.872556, 10.668791 ], [ -73.872024, 10.669114 ], [ -73.871615, 10.669558 ], [ -73.871412, 10.670273 ], [ -73.870675, 10.670406 ], [ -73.868606, 10.670463 ], [ -73.867528, 10.67004 ], [ -73.866793, 10.669959 ], [ -73.866016, 10.670646 ], [ -73.864331, 10.671417 ], [ -73.862705, 10.671856 ], [ -73.861683, 10.671451 ], [ -73.860411, 10.671487 ], [ -73.859327, 10.671345 ], [ -73.859038, 10.672004 ], [ -73.858389, 10.672787 ], [ -73.857254, 10.673606 ], [ -73.856515, 10.674585 ], [ -73.856245, 10.675368 ], [ -73.856695, 10.675894 ], [ -73.858778, 10.676542 ], [ -73.859645, 10.676686 ], [ -73.860494, 10.67715 ], [ -73.860997, 10.677866 ], [ -73.861105, 10.678935 ], [ -73.860978, 10.679879 ], [ -73.860238, 10.681998 ], [ -73.859571, 10.682906 ], [ -73.858827, 10.683468 ], [ -73.857408, 10.685487 ], [ -73.854076, 10.685325 ], [ -73.853355, 10.685395 ], [ -73.852725, 10.685644 ], [ -73.851897, 10.685466 ], [ -73.851609, 10.684735 ], [ -73.851538, 10.683684 ], [ -73.851232, 10.683078 ], [ -73.850945, 10.681831 ], [ -73.850684, 10.680134 ], [ -73.850725, 10.679568 ], [ -73.851298, 10.67872 ], [ -73.851339, 10.678032 ], [ -73.850875, 10.677326 ], [ -73.850142, 10.677546 ], [ -73.849337, 10.678112 ], [ -73.84856, 10.678435 ], [ -73.84695, 10.679852 ], [ -73.846162, 10.679511 ], [ -73.845485, 10.679425 ], [ -73.844996, 10.679022 ], [ -73.843202, 10.67644 ], [ -73.843473, 10.674253 ], [ -73.844019, 10.673441 ], [ -73.843762, 10.672728 ], [ -73.843239, 10.672173 ], [ -73.842807, 10.671242 ], [ -73.842886, 10.670063 ], [ -73.846934, 10.667601 ], [ -73.849019, 10.666673 ], [ -73.850328, 10.664329 ], [ -73.850656, 10.663157 ], [ -73.851392, 10.662268 ], [ -73.851166, 10.661697 ], [ -73.850411, 10.661369 ], [ -73.848326, 10.660922 ], [ -73.848085, 10.657698 ], [ -73.847555, 10.656122 ], [ -73.847883, 10.65495 ], [ -73.849805, 10.653577 ], [ -73.850091, 10.653051 ], [ -73.84903, 10.652202 ], [ -73.849301, 10.651398 ], [ -73.850568, 10.65267 ], [ -73.850645, 10.653377 ], [ -73.850142, 10.654045 ], [ -73.848455, 10.655152 ], [ -73.848166, 10.655928 ], [ -73.84859, 10.658398 ], [ -73.848699, 10.66042 ], [ -73.849554, 10.660529 ], [ -73.850371, 10.660893 ], [ -73.851434, 10.661096 ], [ -73.851921, 10.661807 ], [ -73.851791, 10.662663 ], [ -73.851238, 10.663464 ], [ -73.850132, 10.665758 ], [ -73.849228, 10.666978 ], [ -73.848455, 10.667487 ], [ -73.84584, 10.668697 ], [ -73.843399, 10.670379 ], [ -73.8433, 10.671457 ], [ -73.844534, 10.673202 ], [ -73.843532, 10.675021 ], [ -73.843509, 10.676292 ], [ -73.844509, 10.677406 ], [ -73.844813, 10.678335 ], [ -73.845562, 10.679016 ], [ -73.846766, 10.679449 ], [ -73.847073, 10.679267 ], [ -73.84774, 10.678467 ], [ -73.850446, 10.676726 ], [ -73.851433, 10.677011 ], [ -73.851733, 10.677634 ], [ -73.851732, 10.678604 ], [ -73.851272, 10.680058 ], [ -73.851424, 10.681787 ], [ -73.851484, 10.682423 ], [ -73.852066, 10.683939 ], [ -73.852157, 10.68497 ], [ -73.852678, 10.685031 ], [ -73.853808, 10.684726 ], [ -73.854577, 10.684717 ], [ -73.857184, 10.684913 ], [ -73.857552, 10.683913 ], [ -73.858074, 10.683125 ], [ -73.858595, 10.682883 ], [ -73.85927, 10.682338 ], [ -73.85973, 10.68155 ], [ -73.860375, 10.679944 ], [ -73.860498, 10.679277 ], [ -73.860468, 10.677973 ], [ -73.859488, 10.677306 ], [ -73.856699, 10.676546 ], [ -73.855903, 10.675848 ], [ -73.855627, 10.675332 ], [ -73.856456, 10.673514 ], [ -73.858372, 10.672057 ], [ -73.858575, 10.671475 ], [ -73.85924, 10.670856 ], [ -73.861148, 10.670789 ], [ -73.863109, 10.670972 ], [ -73.863995, 10.67087 ], [ -73.864716, 10.670395 ], [ -73.865439, 10.6697 ], [ -73.866013, 10.669494 ], [ -73.866512, 10.669095 ], [ -73.867371, 10.669217 ], [ -73.86927, 10.669885 ], [ -73.870741, 10.669916 ], [ -73.871018, 10.669068 ], [ -73.871785, 10.668068 ], [ -73.873409, 10.668281 ], [ -73.874452, 10.667493 ], [ -73.874605, 10.667008 ], [ -73.874575, 10.666523 ], [ -73.874146, 10.666008 ], [ -73.873871, 10.66531 ], [ -73.873871, 10.664704 ], [ -73.874086, 10.663795 ], [ -73.876232, 10.663008 ], [ -73.87706, 10.662887 ], [ -73.877734, 10.662433 ], [ -73.878623, 10.6621 ], [ -73.879788, 10.661949 ], [ -73.881228, 10.662738 ], [ -73.881841, 10.663345 ], [ -73.882117, 10.663284 ], [ -73.883098, 10.662467 ], [ -73.885336, 10.661286 ], [ -73.885853, 10.660667 ], [ -73.886808, 10.659862 ], [ -73.887911, 10.659741 ], [ -73.888862, 10.659863 ], [ -73.889964, 10.660834 ], [ -73.890823, 10.659743 ], [ -73.891007, 10.659106 ], [ -73.891375, 10.658621 ], [ -73.893215, 10.657501 ], [ -73.893307, 10.656652 ], [ -73.893982, 10.655804 ], [ -73.895208, 10.65541 ], [ -73.895668, 10.655107 ], [ -73.896404, 10.654926 ], [ -73.89766, 10.655927 ], [ -73.898273, 10.656109 ], [ -73.899012, 10.655863 ], [ -73.900001, 10.655773 ], [ -73.901794, 10.654887 ], [ -73.902415, 10.654888 ], [ -73.903886, 10.655343 ], [ -73.904644, 10.655844 ], [ -73.905448, 10.65664 ], [ -73.906988, 10.656368 ], [ -73.908414, 10.655437 ], [ -73.909748, 10.653323 ], [ -73.911588, 10.651778 ], [ -73.911809, 10.650729 ], [ -73.912336, 10.649978 ], [ -73.91306, 10.649505 ], [ -73.914532, 10.649119 ], [ -73.916141, 10.64846 ], [ -73.917222, 10.64762 ], [ -73.917452, 10.647097 ], [ -73.91736, 10.646438 ], [ -73.91589, 10.645345 ], [ -73.915408, 10.643981 ], [ -73.914673, 10.642548 ], [ -73.914926, 10.641548 ], [ -73.916053, 10.641094 ], [ -73.917454, 10.64189 ], [ -73.918925, 10.642005 ], [ -73.919914, 10.641323 ], [ -73.920282, 10.640166 ], [ -73.920713, 10.639815 ], [ -73.921432, 10.639641 ], [ -73.922811, 10.63996 ], [ -73.923638, 10.639938 ], [ -73.924259, 10.639756 ], [ -73.925926, 10.637779 ], [ -73.926593, 10.637257 ], [ -73.92782, 10.637226 ], [ -73.928255, 10.637661 ], [ -73.928293, 10.638326 ], [ -73.928638, 10.638599 ], [ -73.929258, 10.638463 ], [ -73.930891, 10.637645 ], [ -73.931511, 10.637623 ], [ -73.932385, 10.637919 ], [ -73.932821, 10.63826 ], [ -73.93335, 10.638442 ], [ -73.935005, 10.63792 ], [ -73.935948, 10.63717 ], [ -73.93643, 10.637057 ], [ -73.938614, 10.637763 ], [ -73.939533, 10.637604 ], [ -73.941395, 10.637696 ], [ -73.942958, 10.638265 ], [ -73.943647, 10.638038 ], [ -73.944084, 10.637197 ], [ -73.94406, 10.636877 ], [ -73.944541, 10.636105 ], [ -73.945967, 10.634648 ], [ -73.946339, 10.634563 ], [ -73.946785, 10.63467 ], [ -73.948174, 10.635789 ], [ -73.948668, 10.635993 ], [ -73.949283, 10.635956 ], [ -73.949723, 10.635719 ], [ -73.950059, 10.634455 ], [ -73.950539, 10.63345 ], [ -73.951564, 10.632736 ], [ -73.952014, 10.632633 ], [ -73.952624, 10.632706 ], [ -73.952769, 10.634209 ], [ -73.952964, 10.634912 ], [ -73.953438, 10.635203 ], [ -73.95402, 10.635349 ], [ -73.955832, 10.635369 ], [ -73.95849, 10.634028 ], [ -73.95958, 10.632866 ], [ -73.961813, 10.63294 ], [ -73.962682, 10.632611 ], [ -73.962904, 10.632203 ], [ -73.962863, 10.631733 ], [ -73.962488, 10.631293 ], [ -73.961789, 10.630852 ], [ -73.961736, 10.630385 ], [ -73.961912, 10.629779 ], [ -73.962672, 10.629536 ], [ -73.96379, 10.629466 ], [ -73.964285, 10.6296 ], [ -73.964802, 10.629961 ], [ -73.965688, 10.631048 ], [ -73.966206, 10.631491 ], [ -73.967647, 10.631827 ], [ -73.968547, 10.631072 ], [ -73.969202, 10.630918 ], [ -73.969565, 10.630588 ], [ -73.969665, 10.629219 ], [ -73.970032, 10.628513 ], [ -73.971983, 10.627622 ], [ -73.972032, 10.627382 ], [ -73.971923, 10.627231 ], [ -73.971457, 10.627119 ], [ -73.97122, 10.626561 ], [ -73.97122, 10.62612 ], [ -73.971458, 10.625796 ], [ -73.971784, 10.62562 ], [ -73.972727, 10.62557 ], [ -73.973414, 10.625675 ], [ -73.974518, 10.62665 ], [ -73.974738, 10.626593 ], [ -73.976441, 10.626883 ], [ -73.977535, 10.626151 ], [ -73.977817, 10.625651 ], [ -73.978172, 10.624824 ], [ -73.978052, 10.624178 ], [ -73.978193, 10.623561 ], [ -73.978523, 10.623288 ], [ -73.979105, 10.623163 ], [ -73.979689, 10.623234 ], [ -73.980279, 10.623603 ], [ -73.981042, 10.623712 ], [ -73.981669, 10.624464 ], [ -73.982219, 10.624862 ], [ -73.98267, 10.625018 ], [ -73.983125, 10.624986 ], [ -73.984003, 10.624232 ], [ -73.984558, 10.623388 ], [ -73.985501, 10.622689 ], [ -73.986551, 10.621469 ], [ -73.987182, 10.620969 ], [ -73.987515, 10.620824 ], [ -73.98819, 10.620892 ], [ -73.988383, 10.62223 ], [ -73.988576, 10.622436 ], [ -73.988858, 10.622421 ], [ -73.989913, 10.621613 ], [ -73.990537, 10.620893 ], [ -73.99097, 10.62002 ], [ -73.991799, 10.619311 ], [ -73.992499, 10.619462 ], [ -73.993769, 10.620383 ], [ -73.994024, 10.620385 ], [ -73.995205, 10.6199 ], [ -73.996214, 10.619977 ], [ -73.997985, 10.619093 ], [ -73.999019, 10.617568 ], [ -73.99945, 10.617407 ], [ -74.000252, 10.617421 ], [ -74.000549, 10.617569 ], [ -74.001411, 10.617613 ], [ -74.00205, 10.616349 ], [ -74.003769, 10.615257 ], [ -74.004426, 10.615258 ], [ -74.004899, 10.615484 ], [ -74.005285, 10.615994 ], [ -74.005692, 10.616933 ], [ -74.005932, 10.617268 ], [ -74.006107, 10.617291 ], [ -74.006563, 10.617189 ], [ -74.006995, 10.616173 ], [ -74.00754, 10.615695 ], [ -74.008386, 10.615449 ], [ -74.009004, 10.615836 ], [ -74.009747, 10.615851 ], [ -74.011813, 10.61419 ], [ -74.012214, 10.614352 ], [ -74.012496, 10.615205 ], [ -74.012971, 10.615778 ], [ -74.01312, 10.615837 ], [ -74.013608, 10.615671 ], [ -74.014021, 10.615223 ], [ -74.014041, 10.614382 ], [ -74.013486, 10.61406 ], [ -74.012942, 10.613206 ], [ -74.012987, 10.612971 ], [ -74.013864, 10.612104 ], [ -74.014592, 10.611751 ], [ -74.016781, 10.611777 ], [ -74.017364, 10.611179 ], [ -74.017799, 10.611043 ], [ -74.018533, 10.61102 ], [ -74.019019, 10.61132 ], [ -74.019421, 10.611267 ], [ -74.019837, 10.610767 ], [ -74.020883, 10.608381 ], [ -74.021115, 10.608004 ], [ -74.021546, 10.607739 ], [ -74.022378, 10.607798 ], [ -74.023233, 10.608814 ], [ -74.023784, 10.609207 ], [ -74.024019, 10.609267 ], [ -74.025, 10.609021 ], [ -74.025417, 10.608629 ], [ -74.025713, 10.607572 ], [ -74.026082, 10.607193 ], [ -74.026633, 10.60702 ], [ -74.027224, 10.607131 ], [ -74.027996, 10.60678 ], [ -74.029048, 10.604967 ], [ -74.029379, 10.604595 ], [ -74.029856, 10.604343 ], [ -74.030271, 10.603613 ], [ -74.030513, 10.603444 ], [ -74.031145, 10.603625 ], [ -74.031679, 10.60414 ], [ -74.032095, 10.604228 ], [ -74.034309, 10.604331 ], [ -74.035014, 10.60401 ], [ -74.035335, 10.604013 ], [ -74.036243, 10.604113 ], [ -74.036581, 10.60438 ], [ -74.036832, 10.605145 ], [ -74.03682, 10.606712 ], [ -74.037059, 10.607322 ], [ -74.037568, 10.607834 ], [ -74.038788, 10.608411 ], [ -74.039323, 10.608984 ], [ -74.039041, 10.609557 ], [ -74.038667, 10.609889 ], [ -74.038584, 10.610672 ], [ -74.038845, 10.611515 ], [ -74.040021, 10.612879 ], [ -74.040363, 10.613806 ], [ -74.040466, 10.614629 ], [ -74.040332, 10.616819 ], [ -74.040138, 10.617107 ], [ -74.039891, 10.618021 ], [ -74.040292, 10.618493 ], [ -74.041118, 10.618677 ], [ -74.042197, 10.618179 ], [ -74.042791, 10.618137 ], [ -74.043925, 10.618285 ], [ -74.044472, 10.618541 ], [ -74.045948, 10.618373 ], [ -74.046563, 10.617854 ], [ -74.047075, 10.616143 ], [ -74.047925, 10.615629 ], [ -74.048727, 10.615673 ], [ -74.049634, 10.616721 ], [ -74.050006, 10.616946 ], [ -74.051095, 10.617119 ], [ -74.052063, 10.61698 ], [ -74.053106, 10.616399 ], [ -74.054018, 10.615341 ], [ -74.055014, 10.613487 ], [ -74.055281, 10.6122 ], [ -74.056291, 10.611014 ], [ -74.05638, 10.610235 ], [ -74.056796, 10.609486 ], [ -74.056878, 10.609071 ], [ -74.057325, 10.608407 ], [ -74.058445, 10.60731 ], [ -74.05913, 10.607099 ], [ -74.059351, 10.606838 ], [ -74.059582, 10.606039 ], [ -74.059478, 10.605848 ], [ -74.058889, 10.605526 ], [ -74.058591, 10.605116 ], [ -74.058411, 10.60456 ], [ -74.05847, 10.604094 ], [ -74.059183, 10.60377 ], [ -74.06105, 10.604296 ], [ -74.061532, 10.604311 ], [ -74.061751, 10.604099 ], [ -74.062093, 10.602541 ], [ -74.062138, 10.601129 ], [ -74.062545, 10.599583 ], [ -74.06287, 10.599163 ], [ -74.063084, 10.598539 ], [ -74.066283, 10.59525 ], [ -74.06713, 10.594692 ], [ -74.067709, 10.594633 ], [ -74.067927, 10.594729 ], [ -74.068194, 10.594402 ], [ -74.068355, 10.594018 ], [ -74.068252, 10.593623 ], [ -74.067975, 10.593317 ], [ -74.067218, 10.592905 ], [ -74.066989, 10.592548 ], [ -74.066929, 10.592143 ], [ -74.066965, 10.590752 ], [ -74.067561, 10.590048 ], [ -74.067922, 10.589845 ], [ -74.06834, 10.589847 ], [ -74.069432, 10.590465 ], [ -74.071594, 10.590559 ], [ -74.07196, 10.590369 ], [ -74.072912, 10.589482 ], [ -74.073846, 10.589224 ], [ -74.074395, 10.588783 ], [ -74.07496, 10.588136 ], [ -74.075188, 10.587335 ], [ -74.075535, 10.586748 ], [ -74.07581, 10.58653 ], [ -74.076789, 10.586679 ], [ -74.077017, 10.586841 ], [ -74.078667, 10.588853 ], [ -74.079058, 10.58919 ], [ -74.079493, 10.589258 ], [ -74.079942, 10.589526 ], [ -74.080388, 10.589502 ], [ -74.081288, 10.588953 ], [ -74.082326, 10.588576 ], [ -74.08533, 10.588404 ], [ -74.086175, 10.588535 ], [ -74.090192, 10.588536 ], [ -74.090738, 10.588725 ], [ -74.091387, 10.589188 ], [ -74.091761, 10.589082 ], [ -74.092061, 10.58892 ], [ -74.092197, 10.588569 ], [ -74.092348, 10.586621 ], [ -74.091742, 10.585174 ], [ -74.091671, 10.583446 ], [ -74.09199, 10.582451 ], [ -74.092304, 10.581951 ], [ -74.09306, 10.581538 ], [ -74.093625, 10.58129 ], [ -74.094131, 10.581288 ], [ -74.094664, 10.58082 ], [ -74.095499, 10.580392 ], [ -74.097652, 10.579724 ], [ -74.098403, 10.579828 ], [ -74.098846, 10.580504 ], [ -74.099435, 10.581028 ], [ -74.100054, 10.581279 ], [ -74.100671, 10.580961 ], [ -74.101776, 10.580746 ], [ -74.101679, 10.580015 ], [ -74.101776, 10.579052 ], [ -74.10215, 10.578679 ], [ -74.102724, 10.578611 ], [ -74.103504, 10.578611 ], [ -74.105703, 10.579064 ], [ -74.10774, 10.580056 ], [ -74.108147, 10.580035 ], [ -74.108304, 10.579725 ], [ -74.108276, 10.57852 ], [ -74.108693, 10.578033 ], [ -74.10916, 10.57777 ], [ -74.110199, 10.577712 ], [ -74.112448, 10.575664 ], [ -74.113093, 10.575697 ], [ -74.113611, 10.576048 ], [ -74.115168, 10.578372 ], [ -74.116099, 10.578401 ], [ -74.117007, 10.577233 ], [ -74.117469, 10.575664 ], [ -74.117823, 10.575255 ], [ -74.118529, 10.575068 ], [ -74.119205, 10.574486 ], [ -74.119983, 10.573568 ], [ -74.120086, 10.573254 ], [ -74.120644, 10.572792 ], [ -74.121002, 10.572569 ], [ -74.122077, 10.572355 ], [ -74.123422, 10.572383 ], [ -74.123975, 10.572239 ], [ -74.125407, 10.571245 ], [ -74.125754, 10.571138 ], [ -74.126371, 10.571137 ], [ -74.128588, 10.571677 ], [ -74.130813, 10.571805 ], [ -74.131409, 10.571999 ], [ -74.13285, 10.572777 ], [ -74.134846, 10.574592 ], [ -74.135433, 10.574928 ], [ -74.136091, 10.574927 ], [ -74.136953, 10.574043 ], [ -74.137993, 10.573752 ], [ -74.143601, 10.571232 ], [ -74.147542, 10.570049 ], [ -74.149416, 10.570157 ], [ -74.149939, 10.570569 ], [ -74.15077, 10.572041 ], [ -74.1512, 10.572475 ], [ -74.151711, 10.572593 ], [ -74.152254, 10.572417 ], [ -74.152486, 10.57212 ], [ -74.152929, 10.571894 ], [ -74.153799, 10.571961 ], [ -74.154555, 10.572222 ], [ -74.154923, 10.572485 ], [ -74.156303, 10.575547 ], [ -74.156552, 10.576466 ], [ -74.157642, 10.576705 ], [ -74.158569, 10.57639 ], [ -74.161762, 10.576261 ], [ -74.16271, 10.576073 ], [ -74.163325, 10.575768 ], [ -74.163727, 10.575187 ], [ -74.164879, 10.574763 ], [ -74.165481, 10.57473 ], [ -74.166215, 10.574886 ], [ -74.16735, 10.574729 ], [ -74.168526, 10.574923 ], [ -74.170893, 10.575629 ], [ -74.171757, 10.576318 ], [ -74.172505, 10.577357 ], [ -74.17385, 10.576393 ], [ -74.174883, 10.576167 ], [ -74.175466, 10.575753 ], [ -74.177506, 10.575111 ], [ -74.1799, 10.574885 ], [ -74.182448, 10.574406 ], [ -74.184374, 10.574311 ], [ -74.185016, 10.574578 ], [ -74.185451, 10.575006 ], [ -74.186114, 10.576282 ], [ -74.186244, 10.577243 ], [ -74.186049, 10.578178 ], [ -74.185671, 10.578806 ], [ -74.185828, 10.579669 ], [ -74.187164, 10.580519 ], [ -74.188828, 10.581015 ], [ -74.189382, 10.581057 ], [ -74.190066, 10.581343 ], [ -74.191041, 10.5821 ], [ -74.191876, 10.58345 ], [ -74.191414, 10.584879 ], [ -74.191537, 10.585207 ], [ -74.192603, 10.585565 ], [ -74.193381, 10.585432 ], [ -74.194556, 10.584784 ], [ -74.195312, 10.584783 ], [ -74.195816, 10.584958 ], [ -74.19605, 10.585464 ], [ -74.196134, 10.586046 ], [ -74.19559, 10.588845 ], [ -74.195762, 10.589336 ], [ -74.196568, 10.590131 ], [ -74.197478, 10.59062 ], [ -74.198624, 10.590758 ], [ -74.199497, 10.591061 ], [ -74.200002, 10.591769 ], [ -74.200428, 10.593513 ], [ -74.200902, 10.594371 ], [ -74.202207, 10.595204 ], [ -74.202458, 10.595564 ], [ -74.202567, 10.595916 ], [ -74.202412, 10.59631 ], [ -74.201437, 10.597309 ], [ -74.201308, 10.597622 ], [ -74.201444, 10.598507 ], [ -74.201655, 10.598852 ], [ -74.201386, 10.600242 ], [ -74.201601, 10.600858 ], [ -74.20235, 10.601032 ], [ -74.203191, 10.600445 ], [ -74.205447, 10.600508 ], [ -74.208408, 10.600356 ], [ -74.209236, 10.600778 ], [ -74.209904, 10.601603 ], [ -74.210289, 10.601876 ], [ -74.211627, 10.602321 ], [ -74.212512, 10.602923 ], [ -74.215703, 10.604157 ], [ -74.216313, 10.603976 ], [ -74.217381, 10.603345 ], [ -74.219652, 10.603534 ], [ -74.220763, 10.603179 ], [ -74.222051, 10.603024 ], [ -74.222336, 10.603057 ], [ -74.222749, 10.603346 ], [ -74.223602, 10.604368 ], [ -74.22421, 10.605337 ], [ -74.224968, 10.606163 ], [ -74.225886, 10.607618 ], [ -74.228293, 10.610647 ], [ -74.228693, 10.610976 ], [ -74.230552, 10.613698 ], [ -74.231166, 10.614828 ], [ -74.232332, 10.616077 ], [ -74.233588, 10.617921 ], [ -74.234155, 10.618388 ], [ -74.234738, 10.619411 ], [ -74.235897, 10.620827 ], [ -74.236412, 10.621686 ], [ -74.237155, 10.622421 ], [ -74.238074, 10.623838 ], [ -74.238897, 10.624652 ], [ -74.239642, 10.625836 ], [ -74.243978, 10.63157 ], [ -74.244802, 10.632845 ], [ -74.245736, 10.633817 ], [ -74.246208, 10.634903 ], [ -74.24725, 10.635551 ], [ -74.247676, 10.636643 ], [ -74.248508, 10.637288 ], [ -74.249226, 10.63835 ], [ -74.249919, 10.639112 ], [ -74.250778, 10.639425 ], [ -74.25151, 10.639873 ], [ -74.251728, 10.64019 ], [ -74.251911, 10.640896 ], [ -74.251593, 10.641781 ], [ -74.252471, 10.642159 ], [ -74.253431, 10.641778 ], [ -74.253738, 10.641916 ], [ -74.253926, 10.642533 ], [ -74.253554, 10.643219 ], [ -74.253508, 10.644527 ], [ -74.253188, 10.645822 ], [ -74.253262, 10.646128 ], [ -74.253544, 10.646392 ], [ -74.254341, 10.646357 ], [ -74.254719, 10.646882 ], [ -74.2544, 10.647746 ], [ -74.253315, 10.648691 ], [ -74.253286, 10.649343 ], [ -74.253362, 10.649688 ], [ -74.254261, 10.650705 ], [ -74.254429, 10.651311 ], [ -74.254082, 10.651658 ], [ -74.252474, 10.652012 ], [ -74.25209, 10.651962 ], [ -74.251594, 10.651694 ], [ -74.251209, 10.651752 ], [ -74.251094, 10.652396 ], [ -74.251223, 10.652635 ], [ -74.252199, 10.653223 ], [ -74.252398, 10.653492 ], [ -74.252066, 10.655192 ], [ -74.252336, 10.65568 ], [ -74.253867, 10.656229 ], [ -74.25401, 10.656469 ], [ -74.253201, 10.657443 ], [ -74.253406, 10.657949 ], [ -74.254164, 10.658687 ], [ -74.254268, 10.659045 ], [ -74.255261, 10.660105 ], [ -74.255544, 10.660693 ], [ -74.255695, 10.661726 ], [ -74.255328, 10.662977 ], [ -74.255475, 10.663135 ], [ -74.256542, 10.663419 ], [ -74.256719, 10.663677 ], [ -74.256784, 10.664347 ], [ -74.258195, 10.665113 ], [ -74.258676, 10.666225 ], [ -74.259665, 10.667158 ], [ -74.260153, 10.668209 ], [ -74.261376, 10.670003 ], [ -74.262078, 10.67042 ], [ -74.262826, 10.67053 ], [ -74.263356, 10.671102 ], [ -74.263402, 10.671665 ], [ -74.26311, 10.672506 ], [ -74.263457, 10.673518 ], [ -74.263063, 10.675089 ], [ -74.26324, 10.675439 ], [ -74.264311, 10.676222 ], [ -74.26461, 10.676736 ], [ -74.264672, 10.677136 ], [ -74.264376, 10.678166 ], [ -74.262968, 10.678662 ], [ -74.262474, 10.679273 ], [ -74.262192, 10.679995 ], [ -74.262129, 10.680612 ], [ -74.262231, 10.681237 ], [ -74.26293, 10.682231 ], [ -74.26303, 10.6828 ], [ -74.263244, 10.683167 ], [ -74.26373, 10.683459 ], [ -74.264314, 10.683495 ], [ -74.265014, 10.682458 ], [ -74.265453, 10.682231 ], [ -74.265978, 10.682186 ], [ -74.267045, 10.682786 ], [ -74.268144, 10.682952 ], [ -74.268895, 10.683221 ], [ -74.270506, 10.684116 ], [ -74.271047, 10.684776 ], [ -74.271815, 10.686227 ], [ -74.272102, 10.687049 ], [ -74.272682, 10.687977 ], [ -74.272938, 10.689462 ], [ -74.273173, 10.689686 ], [ -74.273359, 10.690403 ], [ -74.273164, 10.691513 ], [ -74.27327, 10.692035 ], [ -74.273822, 10.692137 ], [ -74.274569, 10.691374 ], [ -74.275493, 10.691126 ], [ -74.276052, 10.691461 ], [ -74.277, 10.69239 ], [ -74.278125, 10.692332 ], [ -74.278697, 10.692477 ], [ -74.278929, 10.692801 ], [ -74.278899, 10.693355 ], [ -74.278779, 10.693678 ], [ -74.278227, 10.694177 ], [ -74.277879, 10.694804 ], [ -74.27776, 10.695451 ], [ -74.277967, 10.695919 ], [ -74.279364, 10.696605 ], [ -74.280285, 10.697472 ], [ -74.281596, 10.697857 ], [ -74.28202, 10.698439 ], [ -74.28214, 10.699362 ], [ -74.282424, 10.699853 ], [ -74.282939, 10.699815 ], [ -74.283659, 10.699301 ], [ -74.284404, 10.699229 ], [ -74.284993, 10.699671 ], [ -74.285636, 10.70055 ], [ -74.286926, 10.700832 ], [ -74.287546, 10.701165 ], [ -74.288008, 10.701678 ], [ -74.288748, 10.702117 ], [ -74.29034, 10.703714 ], [ -74.29078, 10.704375 ], [ -74.291066, 10.705345 ], [ -74.291471, 10.705691 ], [ -74.291841, 10.705617 ], [ -74.292743, 10.704553 ], [ -74.29326, 10.704216 ], [ -74.29486, 10.704552 ], [ -74.297225, 10.704664 ], [ -74.298923, 10.704156 ], [ -74.30038, 10.7043 ], [ -74.301282, 10.703881 ], [ -74.302332, 10.702853 ], [ -74.302773, 10.702596 ], [ -74.305568, 10.702372 ], [ -74.30697, 10.701959 ], [ -74.308879, 10.701753 ], [ -74.30965, 10.70154 ], [ -74.310224, 10.701101 ], [ -74.310899, 10.700893 ], [ -74.311684, 10.700961 ], [ -74.312489, 10.701376 ], [ -74.313495, 10.702806 ], [ -74.314214, 10.70341 ], [ -74.314923, 10.704433 ], [ -74.316155, 10.705332 ], [ -74.318437, 10.70789 ], [ -74.319655, 10.710615 ], [ -74.320541, 10.711579 ], [ -74.321233, 10.71288 ], [ -74.322479, 10.714492 ], [ -74.323343, 10.716371 ], [ -74.324363, 10.717827 ], [ -74.324435, 10.718496 ], [ -74.324626, 10.718845 ], [ -74.326868, 10.721924 ], [ -74.327777, 10.72288 ], [ -74.329119, 10.723913 ], [ -74.331266, 10.726327 ], [ -74.332961, 10.728 ], [ -74.333196, 10.72844 ], [ -74.334546, 10.729978 ], [ -74.336204, 10.732346 ], [ -74.339337, 10.736165 ], [ -74.339835, 10.73646 ], [ -74.340643, 10.737723 ], [ -74.341422, 10.738414 ], [ -74.341999, 10.739719 ], [ -74.342602, 10.74062 ], [ -74.342984, 10.742446 ], [ -74.34373, 10.74374 ], [ -74.343832, 10.744641 ], [ -74.343651, 10.745841 ], [ -74.343839, 10.746439 ], [ -74.34333, 10.747587 ], [ -74.343307, 10.748204 ], [ -74.343636, 10.748798 ], [ -74.344459, 10.749525 ], [ -74.344785, 10.750007 ], [ -74.344925, 10.750792 ], [ -74.345318, 10.751587 ], [ -74.345651, 10.753429 ], [ -74.346513, 10.754746 ], [ -74.347022, 10.756348 ], [ -74.348243, 10.757115 ], [ -74.348364, 10.75738 ], [ -74.348243, 10.757833 ], [ -74.349148, 10.758372 ], [ -74.349853, 10.759489 ], [ -74.351044, 10.760305 ], [ -74.351733, 10.761307 ], [ -74.354158, 10.761758 ], [ -74.35491, 10.762202 ], [ -74.35549, 10.762922 ], [ -74.356185, 10.763334 ], [ -74.357257, 10.763363 ], [ -74.359244, 10.763735 ], [ -74.361389, 10.763944 ], [ -74.362362, 10.764396 ], [ -74.363402, 10.765091 ], [ -74.364925, 10.766951 ], [ -74.36648, 10.767676 ], [ -74.367374, 10.767942 ], [ -74.368187, 10.767934 ], [ -74.369439, 10.76749 ], [ -74.372945, 10.766778 ], [ -74.37333, 10.766747 ], [ -74.373537, 10.766869 ], [ -74.373036, 10.767103 ], [ -74.369737, 10.767629 ], [ -74.368274, 10.768112 ], [ -74.366866, 10.767989 ] ] ] } },
{ "type": "Feature", "properties": { "OBJECTID": 807.0, "NOMBRE_GEO": "Río Tucurinca", "PROYECTO": "GUJ_400", "SYMBOL": "3", "FECHA": null, "RULEID": 1, "PK_CUE": 621873.0, "GLOBALID": "{AD6D16A4-7404-44E1-BCDA-8D9CEF2A05AF}" }, "geometry": { "type": "Polygon", "coordinates": [ [ [ -74.173862, 10.637513 ], [ -74.176157, 10.641252 ], [ -74.176951, 10.642263 ], [ -74.177674, 10.642105 ], [ -74.178493, 10.641293 ], [ -74.17892, 10.641137 ], [ -74.179697, 10.641328 ], [ -74.179915, 10.641629 ], [ -74.179994, 10.642126 ], [ -74.180362, 10.642245 ], [ -74.18098, 10.641968 ], [ -74.181566, 10.64115 ], [ -74.182273, 10.640534 ], [ -74.182725, 10.640377 ], [ -74.183524, 10.640542 ], [ -74.183828, 10.640908 ], [ -74.18392, 10.641354 ], [ -74.183586, 10.642045 ], [ -74.184993, 10.642612 ], [ -74.185389, 10.643216 ], [ -74.185561, 10.644935 ], [ -74.185172, 10.646035 ], [ -74.185238, 10.646481 ], [ -74.185608, 10.646706 ], [ -74.186787, 10.646665 ], [ -74.187513, 10.64696 ], [ -74.187871, 10.647562 ], [ -74.187875, 10.649557 ], [ -74.188384, 10.649795 ], [ -74.189854, 10.650117 ], [ -74.19037, 10.650584 ], [ -74.190469, 10.650994 ], [ -74.190387, 10.651351 ], [ -74.189596, 10.652042 ], [ -74.189421, 10.652395 ], [ -74.189511, 10.653053 ], [ -74.189894, 10.654064 ], [ -74.189778, 10.654877 ], [ -74.190303, 10.655008 ], [ -74.191375, 10.654964 ], [ -74.19277, 10.655344 ], [ -74.193989, 10.655216 ], [ -74.194293, 10.655543 ], [ -74.194651, 10.656516 ], [ -74.194926, 10.656828 ], [ -74.195781, 10.656604 ], [ -74.196684, 10.65666 ], [ -74.197251, 10.656941 ], [ -74.19792, 10.657504 ], [ -74.199007, 10.658041 ], [ -74.200318, 10.657715 ], [ -74.201144, 10.657709 ], [ -74.201507, 10.657982 ], [ -74.202365, 10.65925 ], [ -74.203573, 10.659397 ], [ -74.204631, 10.659975 ], [ -74.206077, 10.6602 ], [ -74.206468, 10.66053 ], [ -74.206698, 10.661009 ], [ -74.206705, 10.661398 ], [ -74.206474, 10.662032 ], [ -74.20658, 10.662499 ], [ -74.207596, 10.663121 ], [ -74.208647, 10.66462 ], [ -74.209482, 10.664727 ], [ -74.210604, 10.664238 ], [ -74.211623, 10.664748 ], [ -74.212436, 10.664244 ], [ -74.212679, 10.663635 ], [ -74.213057, 10.663374 ], [ -74.213921, 10.663287 ], [ -74.214614, 10.663605 ], [ -74.214926, 10.663466 ], [ -74.215496, 10.662337 ], [ -74.216058, 10.661927 ], [ -74.216472, 10.661945 ], [ -74.216739, 10.662408 ], [ -74.217018, 10.662574 ], [ -74.217533, 10.662525 ], [ -74.217925, 10.662111 ], [ -74.2181, 10.66074 ], [ -74.218278, 10.660519 ], [ -74.219275, 10.660621 ], [ -74.219491, 10.660901 ], [ -74.21957, 10.66149 ], [ -74.219435, 10.661544 ], [ -74.219016, 10.661 ], [ -74.218469, 10.661032 ], [ -74.218142, 10.66237 ], [ -74.217809, 10.662751 ], [ -74.217328, 10.662981 ], [ -74.216785, 10.663003 ], [ -74.216397, 10.66242 ], [ -74.215993, 10.662415 ], [ -74.215623, 10.662776 ], [ -74.215195, 10.663785 ], [ -74.214817, 10.664181 ], [ -74.214365, 10.664127 ], [ -74.213826, 10.663685 ], [ -74.213428, 10.663624 ], [ -74.213161, 10.663747 ], [ -74.212732, 10.664311 ], [ -74.211708, 10.665052 ], [ -74.210448, 10.664722 ], [ -74.209264, 10.665068 ], [ -74.20882, 10.665082 ], [ -74.208092, 10.664671 ], [ -74.207231, 10.663587 ], [ -74.206062, 10.662667 ], [ -74.205961, 10.662354 ], [ -74.205979, 10.66124 ], [ -74.20583, 10.660839 ], [ -74.205582, 10.660594 ], [ -74.204475, 10.660688 ], [ -74.20406, 10.660608 ], [ -74.203559, 10.659935 ], [ -74.202422, 10.659768 ], [ -74.201863, 10.659508 ], [ -74.201274, 10.658585 ], [ -74.200899, 10.65831 ], [ -74.200293, 10.658287 ], [ -74.19902, 10.658511 ], [ -74.198197, 10.6582 ], [ -74.197809, 10.657862 ], [ -74.19656, 10.65726 ], [ -74.195844, 10.657117 ], [ -74.194598, 10.657167 ], [ -74.194145, 10.656158 ], [ -74.193816, 10.655864 ], [ -74.189563, 10.655408 ], [ -74.189281, 10.655022 ], [ -74.189383, 10.653859 ], [ -74.189031, 10.652922 ], [ -74.188988, 10.652125 ], [ -74.189175, 10.651574 ], [ -74.189471, 10.651212 ], [ -74.189872, 10.650977 ], [ -74.189932, 10.650707 ], [ -74.189262, 10.650299 ], [ -74.188061, 10.650075 ], [ -74.187502, 10.649707 ], [ -74.187247, 10.649281 ], [ -74.186989, 10.647971 ], [ -74.186674, 10.647324 ], [ -74.186398, 10.647257 ], [ -74.185638, 10.64739 ], [ -74.184832, 10.646925 ], [ -74.184386, 10.646142 ], [ -74.18451, 10.645774 ], [ -74.184927, 10.645519 ], [ -74.185037, 10.645306 ], [ -74.184727, 10.644738 ], [ -74.18482, 10.643261 ], [ -74.184301, 10.642781 ], [ -74.183446, 10.642762 ], [ -74.183032, 10.642514 ], [ -74.182979, 10.642153 ], [ -74.183304, 10.641172 ], [ -74.183101, 10.640954 ], [ -74.182633, 10.640895 ], [ -74.182282, 10.641037 ], [ -74.181199, 10.642308 ], [ -74.180643, 10.642691 ], [ -74.179931, 10.642595 ], [ -74.179459, 10.64187 ], [ -74.179132, 10.641757 ], [ -74.178546, 10.64188 ], [ -74.177647, 10.642635 ], [ -74.17668, 10.642659 ], [ -74.176185, 10.642314 ], [ -74.174964, 10.640642 ], [ -74.174404, 10.639588 ], [ -74.174041, 10.638411 ], [ -74.173642, 10.638103 ], [ -74.173129, 10.638023 ], [ -74.172613, 10.638376 ], [ -74.172236, 10.639328 ], [ -74.171684, 10.639602 ], [ -74.171039, 10.639552 ], [ -74.170493, 10.63902 ], [ -74.170204, 10.638898 ], [ -74.169473, 10.638814 ], [ -74.169064, 10.638943 ], [ -74.169007, 10.63921 ], [ -74.169483, 10.640134 ], [ -74.169464, 10.640697 ], [ -74.168498, 10.642289 ], [ -74.167796, 10.643892 ], [ -74.167335, 10.644409 ], [ -74.16666, 10.644623 ], [ -74.165853, 10.64459 ], [ -74.16538, 10.644432 ], [ -74.164441, 10.643794 ], [ -74.163571, 10.643732 ], [ -74.163218, 10.64319 ], [ -74.163251, 10.642466 ], [ -74.163579, 10.64216 ], [ -74.164527, 10.641861 ], [ -74.165126, 10.64109 ], [ -74.165131, 10.640418 ], [ -74.1648, 10.639631 ], [ -74.164823, 10.639023 ], [ -74.165729, 10.636254 ], [ -74.165528, 10.635895 ], [ -74.164447, 10.635406 ], [ -74.164119, 10.635144 ], [ -74.163896, 10.634736 ], [ -74.163627, 10.634612 ], [ -74.161714, 10.634397 ], [ -74.158114, 10.634673 ], [ -74.157655, 10.634871 ], [ -74.157048, 10.635395 ], [ -74.156105, 10.635845 ], [ -74.154633, 10.636901 ], [ -74.153632, 10.637321 ], [ -74.15266, 10.637544 ], [ -74.151599, 10.637492 ], [ -74.150508, 10.637123 ], [ -74.150058, 10.636815 ], [ -74.148674, 10.635359 ], [ -74.148217, 10.635089 ], [ -74.147716, 10.634978 ], [ -74.147085, 10.635107 ], [ -74.146146, 10.635985 ], [ -74.14476, 10.636519 ], [ -74.141711, 10.637169 ], [ -74.140428, 10.637116 ], [ -74.139486, 10.636542 ], [ -74.139248, 10.635747 ], [ -74.139436, 10.634442 ], [ -74.140075, 10.632537 ], [ -74.140127, 10.631153 ], [ -74.141316, 10.629133 ], [ -74.141099, 10.628808 ], [ -74.140367, 10.62863 ], [ -74.139954, 10.628686 ], [ -74.138395, 10.629467 ], [ -74.137196, 10.630374 ], [ -74.135453, 10.63125 ], [ -74.133726, 10.632719 ], [ -74.132989, 10.633154 ], [ -74.132555, 10.633142 ], [ -74.132246, 10.632871 ], [ -74.131847, 10.631503 ], [ -74.131627, 10.629976 ], [ -74.13131, 10.629751 ], [ -74.130759, 10.629713 ], [ -74.128911, 10.630002 ], [ -74.12602, 10.631385 ], [ -74.124605, 10.631305 ], [ -74.124057, 10.631675 ], [ -74.123024, 10.632701 ], [ -74.121906, 10.63329 ], [ -74.12074, 10.633413 ], [ -74.119632, 10.633275 ], [ -74.119115, 10.632866 ], [ -74.118853, 10.632333 ], [ -74.118855, 10.629863 ], [ -74.118595, 10.628738 ], [ -74.119368, 10.626309 ], [ -74.119422, 10.624573 ], [ -74.119119, 10.62315 ], [ -74.118256, 10.621737 ], [ -74.118105, 10.620403 ], [ -74.117835, 10.619533 ], [ -74.117317, 10.619195 ], [ -74.115937, 10.619193 ], [ -74.115528, 10.618994 ], [ -74.114934, 10.617852 ], [ -74.114322, 10.617031 ], [ -74.114431, 10.616649 ], [ -74.11372, 10.615455 ], [ -74.113252, 10.615125 ], [ -74.112026, 10.614895 ], [ -74.1114, 10.614353 ], [ -74.111179, 10.613724 ], [ -74.110967, 10.612201 ], [ -74.110535, 10.611394 ], [ -74.109681, 10.611157 ], [ -74.109107, 10.6113 ], [ -74.108655, 10.611877 ], [ -74.108455, 10.612383 ], [ -74.108435, 10.613056 ], [ -74.108704, 10.613509 ], [ -74.108662, 10.613724 ], [ -74.108298, 10.614011 ], [ -74.107721, 10.613924 ], [ -74.106846, 10.61323 ], [ -74.105825, 10.611707 ], [ -74.10497, 10.61082 ], [ -74.10362, 10.60829 ], [ -74.103114, 10.607927 ], [ -74.102496, 10.607937 ], [ -74.10116, 10.609062 ], [ -74.100486, 10.61003 ], [ -74.100508, 10.610753 ], [ -74.101255, 10.611767 ], [ -74.10102, 10.613416 ], [ -74.100643, 10.613848 ], [ -74.099806, 10.613759 ], [ -74.099459, 10.613953 ], [ -74.098895, 10.615492 ], [ -74.09846, 10.616048 ], [ -74.09771, 10.616502 ], [ -74.096233, 10.616993 ], [ -74.095353, 10.6168 ], [ -74.09405, 10.617093 ], [ -74.093445, 10.617527 ], [ -74.092819, 10.618604 ], [ -74.09236, 10.618923 ], [ -74.089972, 10.619023 ], [ -74.089041, 10.619248 ], [ -74.088622, 10.619578 ], [ -74.088104, 10.620438 ], [ -74.087329, 10.621092 ], [ -74.087369, 10.621598 ], [ -74.088803, 10.622157 ], [ -74.089054, 10.622438 ], [ -74.089147, 10.62284 ], [ -74.089033, 10.623182 ], [ -74.088238, 10.624269 ], [ -74.088403, 10.62546 ], [ -74.088303, 10.625824 ], [ -74.088065, 10.626132 ], [ -74.087213, 10.626586 ], [ -74.087123, 10.626891 ], [ -74.087677, 10.627501 ], [ -74.088588, 10.627585 ], [ -74.08886, 10.627727 ], [ -74.089175, 10.6281 ], [ -74.089253, 10.628608 ], [ -74.089059, 10.628967 ], [ -74.087934, 10.629773 ], [ -74.087017, 10.630007 ], [ -74.086642, 10.630283 ], [ -74.086714, 10.630594 ], [ -74.086953, 10.630844 ], [ -74.08872, 10.631279 ], [ -74.088857, 10.631477 ], [ -74.088872, 10.631873 ], [ -74.088446, 10.632728 ], [ -74.086819, 10.634227 ], [ -74.086321, 10.634869 ], [ -74.086079, 10.635778 ], [ -74.086029, 10.637206 ], [ -74.086177, 10.637456 ], [ -74.087304, 10.63801 ], [ -74.088402, 10.639235 ], [ -74.088816, 10.640024 ], [ -74.08897, 10.641148 ], [ -74.088659, 10.641965 ], [ -74.08806, 10.642389 ], [ -74.087692, 10.642417 ], [ -74.086861, 10.642081 ], [ -74.085117, 10.641795 ], [ -74.08465, 10.641919 ], [ -74.084123, 10.642523 ], [ -74.084185, 10.642992 ], [ -74.084747, 10.643842 ], [ -74.086099, 10.644081 ], [ -74.087312, 10.644754 ], [ -74.08783, 10.646026 ], [ -74.087967, 10.647411 ], [ -74.087763, 10.648866 ], [ -74.087462, 10.649621 ], [ -74.086923, 10.649655 ], [ -74.085035, 10.649227 ], [ -74.084656, 10.64925 ], [ -74.084237, 10.649476 ], [ -74.084059, 10.649952 ], [ -74.083931, 10.652046 ], [ -74.083059, 10.652951 ], [ -74.082401, 10.653046 ], [ -74.081937, 10.652797 ], [ -74.081218, 10.65212 ], [ -74.080911, 10.651548 ], [ -74.080464, 10.651079 ], [ -74.080184, 10.650915 ], [ -74.079868, 10.650975 ], [ -74.079772, 10.651411 ], [ -74.080096, 10.652451 ], [ -74.080096, 10.653092 ], [ -74.080026, 10.653404 ], [ -74.079447, 10.654193 ], [ -74.079184, 10.654375 ], [ -74.078851, 10.654393 ], [ -74.077508, 10.653361 ], [ -74.077127, 10.653208 ], [ -74.076957, 10.65328 ], [ -74.076591, 10.653521 ], [ -74.075714, 10.655015 ], [ -74.075263, 10.655389 ], [ -74.073424, 10.655847 ], [ -74.072685, 10.657834 ], [ -74.072369, 10.658025 ], [ -74.071633, 10.658164 ], [ -74.070703, 10.657834 ], [ -74.070107, 10.6574 ], [ -74.069774, 10.656758 ], [ -74.069212, 10.656238 ], [ -74.068581, 10.656602 ], [ -74.06809, 10.657296 ], [ -74.067406, 10.657764 ], [ -74.066915, 10.657921 ], [ -74.065985, 10.657747 ], [ -74.064754, 10.656119 ], [ -74.064352, 10.655932 ], [ -74.064017, 10.65601 ], [ -74.063239, 10.656568 ], [ -74.061781, 10.656455 ], [ -74.061301, 10.656996 ], [ -74.060515, 10.657233 ], [ -74.059995, 10.65757 ], [ -74.059195, 10.65842 ], [ -74.058107, 10.659275 ], [ -74.057919, 10.659544 ], [ -74.057927, 10.660164 ], [ -74.057729, 10.660379 ], [ -74.057501, 10.661592 ], [ -74.05702, 10.661634 ], [ -74.056873, 10.661489 ], [ -74.056854, 10.661195 ], [ -74.056434, 10.661054 ], [ -74.055639, 10.66153 ], [ -74.055346, 10.66182 ], [ -74.055268, 10.662106 ], [ -74.055097, 10.662177 ], [ -74.054549, 10.662331 ], [ -74.05358, 10.662133 ], [ -74.052834, 10.662178 ], [ -74.052002, 10.662706 ], [ -74.050528, 10.662979 ], [ -74.049425, 10.663616 ], [ -74.04883, 10.664115 ], [ -74.047763, 10.665444 ], [ -74.047354, 10.666248 ], [ -74.047256, 10.666986 ], [ -74.047311, 10.668839 ], [ -74.046591, 10.670363 ], [ -74.046598, 10.671204 ], [ -74.046479, 10.671529 ], [ -74.046045, 10.671845 ], [ -74.044987, 10.671406 ], [ -74.044155, 10.671396 ], [ -74.041421, 10.672254 ], [ -74.040766, 10.67326 ], [ -74.040608, 10.674185 ], [ -74.041271, 10.677124 ], [ -74.041113, 10.677955 ], [ -74.040353, 10.679035 ], [ -74.039169, 10.679874 ], [ -74.038068, 10.680863 ], [ -74.037825, 10.68091 ], [ -74.037447, 10.680728 ], [ -74.036819, 10.680092 ], [ -74.036258, 10.678447 ], [ -74.036199, 10.677665 ], [ -74.036038, 10.677446 ], [ -74.035097, 10.677813 ], [ -74.033288, 10.679138 ], [ -74.032614, 10.67939 ], [ -74.032043, 10.679339 ], [ -74.031439, 10.678701 ], [ -74.030934, 10.678451 ], [ -74.030295, 10.678549 ], [ -74.029618, 10.679304 ], [ -74.029051, 10.679631 ], [ -74.025347, 10.68292 ], [ -74.023611, 10.683933 ], [ -74.021393, 10.684864 ], [ -74.017598, 10.687159 ], [ -74.017078, 10.68769 ], [ -74.015955, 10.689261 ], [ -74.013478, 10.690944 ], [ -74.012295, 10.692476 ], [ -74.010479, 10.693153 ], [ -74.009285, 10.693253 ], [ -74.008239, 10.693748 ], [ -74.007231, 10.694424 ], [ -74.006538, 10.695066 ], [ -74.005612, 10.695592 ], [ -74.003379, 10.697474 ], [ -74.002578, 10.697894 ], [ -74.000847, 10.699143 ], [ -73.998341, 10.700528 ], [ -73.997875, 10.700997 ], [ -73.996707, 10.702666 ], [ -73.996138, 10.703211 ], [ -73.994425, 10.704492 ], [ -73.992125, 10.705587 ], [ -73.991547, 10.706004 ], [ -73.990486, 10.707574 ], [ -73.989314, 10.708537 ], [ -73.988731, 10.709192 ], [ -73.987653, 10.710908 ], [ -73.986226, 10.712213 ], [ -73.985721, 10.712332 ], [ -73.985244, 10.712269 ], [ -73.984042, 10.711374 ], [ -73.981979, 10.710279 ], [ -73.980886, 10.709021 ], [ -73.980304, 10.708835 ], [ -73.97911, 10.709124 ], [ -73.978443, 10.709609 ], [ -73.977558, 10.710546 ], [ -73.977433, 10.71092 ], [ -73.977331, 10.712692 ], [ -73.976997, 10.713346 ], [ -73.976524, 10.713283 ], [ -73.975926, 10.713452 ], [ -73.973665, 10.712947 ], [ -73.972208, 10.712108 ], [ -73.971361, 10.711029 ], [ -73.970655, 10.710788 ], [ -73.968126, 10.711699 ], [ -73.967333, 10.712234 ], [ -73.965891, 10.712882 ], [ -73.964794, 10.712798 ], [ -73.964296, 10.712934 ], [ -73.964255, 10.713132 ], [ -73.964647, 10.713616 ], [ -73.96548, 10.714029 ], [ -73.967271, 10.7153 ], [ -73.96772, 10.71543 ], [ -73.969273, 10.715427 ], [ -73.969684, 10.715536 ], [ -73.96979, 10.715683 ], [ -73.969833, 10.716129 ], [ -73.9697, 10.716643 ], [ -73.968877, 10.717566 ], [ -73.968549, 10.718422 ], [ -73.967723, 10.719156 ], [ -73.967551, 10.720038 ], [ -73.967346, 10.720305 ], [ -73.966336, 10.720436 ], [ -73.965219, 10.720021 ], [ -73.964536, 10.719423 ], [ -73.963725, 10.718289 ], [ -73.961518, 10.717071 ], [ -73.961055, 10.716351 ], [ -73.960124, 10.716301 ], [ -73.958587, 10.716893 ], [ -73.958126, 10.717225 ], [ -73.957769, 10.717721 ], [ -73.956988, 10.719137 ], [ -73.956029, 10.721832 ], [ -73.955556, 10.722106 ], [ -73.955575, 10.723688 ], [ -73.955772, 10.724596 ], [ -73.95561, 10.725404 ], [ -73.955384, 10.725697 ], [ -73.954436, 10.726031 ], [ -73.954457, 10.726409 ], [ -73.953987, 10.727509 ], [ -73.953469, 10.728297 ], [ -73.952918, 10.72878 ], [ -73.95239, 10.728989 ], [ -73.951623, 10.728795 ], [ -73.950362, 10.728703 ], [ -73.949486, 10.729111 ], [ -73.948455, 10.728603 ], [ -73.948122, 10.727637 ], [ -73.94783, 10.727272 ], [ -73.947369, 10.727032 ], [ -73.945667, 10.72666 ], [ -73.944746, 10.726732 ], [ -73.943912, 10.726975 ], [ -73.943482, 10.727398 ], [ -73.943311, 10.728251 ], [ -73.943451, 10.72872 ], [ -73.944312, 10.730093 ], [ -73.944274, 10.730592 ], [ -73.943871, 10.731404 ], [ -73.94324, 10.732429 ], [ -73.942639, 10.732979 ], [ -73.941568, 10.733386 ], [ -73.940526, 10.734272 ], [ -73.938684, 10.735431 ], [ -73.938529, 10.73565 ], [ -73.938565, 10.736548 ], [ -73.938466, 10.736774 ], [ -73.937953, 10.736923 ], [ -73.937413, 10.737481 ], [ -73.93673, 10.737875 ], [ -73.935466, 10.737829 ], [ -73.934884, 10.737662 ], [ -73.934121, 10.738055 ], [ -73.933468, 10.739226 ], [ -73.932903, 10.739787 ], [ -73.930947, 10.740717 ], [ -73.929696, 10.741738 ], [ -73.929148, 10.741641 ], [ -73.928811, 10.741121 ], [ -73.928015, 10.740866 ], [ -73.927501, 10.741406 ], [ -73.926937, 10.742448 ], [ -73.926057, 10.742945 ], [ -73.925557, 10.743688 ], [ -73.925188, 10.743911 ], [ -73.924529, 10.743867 ], [ -73.923581, 10.743132 ], [ -73.923223, 10.743005 ], [ -73.921903, 10.743656 ], [ -73.920793, 10.743176 ], [ -73.916532, 10.744192 ], [ -73.915193, 10.745 ], [ -73.914911, 10.745669 ], [ -73.914463, 10.746019 ], [ -73.914035, 10.746296 ], [ -73.91361, 10.746355 ], [ -73.914056, 10.747708 ], [ -73.913712, 10.748007 ], [ -73.913254, 10.746544 ], [ -73.913296, 10.746255 ], [ -73.913469, 10.746069 ], [ -73.914067, 10.745967 ], [ -73.914547, 10.745617 ], [ -73.914828, 10.744989 ], [ -73.915532, 10.744399 ], [ -73.916409, 10.743925 ], [ -73.920632, 10.742919 ], [ -73.920924, 10.742927 ], [ -73.921859, 10.743331 ], [ -73.923109, 10.742683 ], [ -73.923879, 10.742867 ], [ -73.924709, 10.743608 ], [ -73.925116, 10.743639 ], [ -73.925414, 10.743443 ], [ -73.925857, 10.74276 ], [ -73.926794, 10.742294 ], [ -73.927279, 10.741306 ], [ -73.927856, 10.740553 ], [ -73.928723, 10.740838 ], [ -73.929566, 10.741485 ], [ -73.930828, 10.740396 ], [ -73.932515, 10.739776 ], [ -73.933279, 10.73903 ], [ -73.933392, 10.738355 ], [ -73.933927, 10.737811 ], [ -73.934625, 10.7374 ], [ -73.935757, 10.737386 ], [ -73.936541, 10.73764 ], [ -73.937164, 10.737325 ], [ -73.937812, 10.736638 ], [ -73.938233, 10.736442 ], [ -73.938309, 10.735506 ], [ -73.938541, 10.735189 ], [ -73.940515, 10.733946 ], [ -73.941455, 10.733122 ], [ -73.941838, 10.733067 ], [ -73.942479, 10.73273 ], [ -73.943389, 10.73169 ], [ -73.943942, 10.730667 ], [ -73.944048, 10.730186 ], [ -73.943893, 10.729753 ], [ -73.943139, 10.728661 ], [ -73.943035, 10.728139 ], [ -73.943394, 10.727007 ], [ -73.943791, 10.726755 ], [ -73.94451, 10.7265 ], [ -73.94565, 10.72635 ], [ -73.947351, 10.726653 ], [ -73.948282, 10.727252 ], [ -73.948893, 10.728567 ], [ -73.949565, 10.728851 ], [ -73.950321, 10.728313 ], [ -73.951693, 10.728517 ], [ -73.952301, 10.728739 ], [ -73.952806, 10.728523 ], [ -73.953263, 10.728116 ], [ -73.95373, 10.727406 ], [ -73.953877, 10.726457 ], [ -73.954197, 10.725721 ], [ -73.954875, 10.725604 ], [ -73.955379, 10.725279 ], [ -73.955494, 10.72457 ], [ -73.955293, 10.72362 ], [ -73.95532, 10.721947 ], [ -73.955702, 10.721697 ], [ -73.95605, 10.72099 ], [ -73.956805, 10.71873 ], [ -73.957796, 10.717194 ], [ -73.958548, 10.716605 ], [ -73.960072, 10.716048 ], [ -73.961202, 10.716106 ], [ -73.961664, 10.716841 ], [ -73.963287, 10.717648 ], [ -73.963921, 10.718096 ], [ -73.965122, 10.71961 ], [ -73.966576, 10.720163 ], [ -73.967251, 10.720001 ], [ -73.967483, 10.719004 ], [ -73.968321, 10.71826 ], [ -73.968631, 10.717445 ], [ -73.969452, 10.716543 ], [ -73.969507, 10.715811 ], [ -73.969181, 10.715655 ], [ -73.967563, 10.715688 ], [ -73.967086, 10.715509 ], [ -73.965828, 10.714678 ], [ -73.965353, 10.714214 ], [ -73.964375, 10.713735 ], [ -73.963935, 10.713028 ], [ -73.963933, 10.712859 ], [ -73.964144, 10.712678 ], [ -73.965504, 10.712546 ], [ -73.968094, 10.711317 ], [ -73.970702, 10.710516 ], [ -73.97148, 10.710773 ], [ -73.972277, 10.711806 ], [ -73.973491, 10.71257 ], [ -73.974639, 10.712981 ], [ -73.976087, 10.713197 ], [ -73.9768, 10.712978 ], [ -73.97699, 10.712799 ], [ -73.977219, 10.710607 ], [ -73.978293, 10.709343 ], [ -73.979154, 10.708798 ], [ -73.980309, 10.708558 ], [ -73.98068, 10.708591 ], [ -73.980889, 10.708746 ], [ -73.982146, 10.710062 ], [ -73.984275, 10.711196 ], [ -73.985369, 10.712013 ], [ -73.986096, 10.711966 ], [ -73.987445, 10.710731 ], [ -73.988572, 10.708951 ], [ -73.990316, 10.707354 ], [ -73.991386, 10.705777 ], [ -73.992099, 10.705294 ], [ -73.994274, 10.704265 ], [ -73.995949, 10.703013 ], [ -73.9965, 10.702487 ], [ -73.997678, 10.700808 ], [ -73.99817, 10.700314 ], [ -74.0007, 10.698914 ], [ -74.002428, 10.697667 ], [ -74.003229, 10.697247 ], [ -74.005437, 10.695329 ], [ -74.008088, 10.693312 ], [ -74.009087, 10.692925 ], [ -74.010203, 10.692831 ], [ -74.012016, 10.692191 ], [ -74.01337, 10.690651 ], [ -74.015618, 10.689208 ], [ -74.017158, 10.687257 ], [ -74.018588, 10.686094 ], [ -74.021205, 10.684512 ], [ -74.023758, 10.683437 ], [ -74.024448, 10.683023 ], [ -74.029386, 10.679158 ], [ -74.029753, 10.67863 ], [ -74.030163, 10.678306 ], [ -74.030595, 10.678141 ], [ -74.031021, 10.678186 ], [ -74.031572, 10.678463 ], [ -74.032153, 10.679078 ], [ -74.032576, 10.679116 ], [ -74.033182, 10.678889 ], [ -74.035082, 10.677513 ], [ -74.036197, 10.677206 ], [ -74.036454, 10.677574 ], [ -74.036524, 10.678377 ], [ -74.037017, 10.679879 ], [ -74.037469, 10.680414 ], [ -74.037955, 10.680612 ], [ -74.038988, 10.679669 ], [ -74.040241, 10.678762 ], [ -74.040919, 10.677679 ], [ -74.040999, 10.677179 ], [ -74.040806, 10.676024 ], [ -74.040435, 10.675012 ], [ -74.040352, 10.674404 ], [ -74.040389, 10.673343 ], [ -74.040556, 10.672867 ], [ -74.041352, 10.671981 ], [ -74.043917, 10.671169 ], [ -74.044881, 10.671106 ], [ -74.04588, 10.671545 ], [ -74.046165, 10.67145 ], [ -74.046358, 10.671053 ], [ -74.046324, 10.670282 ], [ -74.047038, 10.668791 ], [ -74.046983, 10.666955 ], [ -74.047115, 10.666083 ], [ -74.047585, 10.665218 ], [ -74.048636, 10.663922 ], [ -74.049259, 10.663399 ], [ -74.050412, 10.662732 ], [ -74.050858, 10.662563 ], [ -74.051904, 10.662448 ], [ -74.052757, 10.661908 ], [ -74.053466, 10.661846 ], [ -74.054624, 10.662053 ], [ -74.055043, 10.661957 ], [ -74.0552, 10.66153 ], [ -74.055848, 10.660909 ], [ -74.056308, 10.660682 ], [ -74.056643, 10.660578 ], [ -74.057166, 10.661096 ], [ -74.057312, 10.661075 ], [ -74.057585, 10.659254 ], [ -74.058003, 10.658799 ], [ -74.059061, 10.658142 ], [ -74.059922, 10.65728 ], [ -74.060388, 10.656991 ], [ -74.061102, 10.656801 ], [ -74.061644, 10.656206 ], [ -74.062039, 10.656138 ], [ -74.062629, 10.656322 ], [ -74.06318, 10.656302 ], [ -74.063918, 10.655754 ], [ -74.064423, 10.655661 ], [ -74.065073, 10.656203 ], [ -74.066108, 10.657522 ], [ -74.066546, 10.657643 ], [ -74.06702, 10.657591 ], [ -74.067441, 10.657383 ], [ -74.068511, 10.656238 ], [ -74.068844, 10.655995 ], [ -74.069282, 10.655943 ], [ -74.069967, 10.656429 ], [ -74.07037, 10.657227 ], [ -74.070949, 10.65773 ], [ -74.071826, 10.657886 ], [ -74.072699, 10.657344 ], [ -74.072985, 10.656015 ], [ -74.073241, 10.655473 ], [ -74.074849, 10.655256 ], [ -74.075568, 10.654943 ], [ -74.075958, 10.653593 ], [ -74.076542, 10.652907 ], [ -74.0772, 10.652822 ], [ -74.077508, 10.652962 ], [ -74.07815, 10.65357 ], [ -74.078605, 10.653768 ], [ -74.078789, 10.654037 ], [ -74.079114, 10.654072 ], [ -74.079359, 10.653864 ], [ -74.07971, 10.652667 ], [ -74.079342, 10.651114 ], [ -74.079342, 10.650793 ], [ -74.07951, 10.650484 ], [ -74.080066, 10.650392 ], [ -74.080993, 10.650755 ], [ -74.081454, 10.651146 ], [ -74.082321, 10.652382 ], [ -74.08276, 10.652592 ], [ -74.083083, 10.652505 ], [ -74.083498, 10.651939 ], [ -74.083659, 10.649638 ], [ -74.083995, 10.649017 ], [ -74.084467, 10.648715 ], [ -74.085118, 10.648711 ], [ -74.086342, 10.649148 ], [ -74.087082, 10.649204 ], [ -74.087411, 10.648717 ], [ -74.087588, 10.647778 ], [ -74.087523, 10.646411 ], [ -74.087034, 10.645032 ], [ -74.08669, 10.644775 ], [ -74.085287, 10.644579 ], [ -74.084273, 10.64418 ], [ -74.083642, 10.642784 ], [ -74.083561, 10.642397 ], [ -74.083651, 10.641959 ], [ -74.084145, 10.641515 ], [ -74.085073, 10.641377 ], [ -74.086388, 10.641442 ], [ -74.087965, 10.641845 ], [ -74.088273, 10.641732 ], [ -74.088406, 10.641225 ], [ -74.08829, 10.640188 ], [ -74.087573, 10.63879 ], [ -74.087058, 10.638311 ], [ -74.085794, 10.637753 ], [ -74.085447, 10.637193 ], [ -74.085536, 10.635302 ], [ -74.085683, 10.634755 ], [ -74.086612, 10.633471 ], [ -74.087768, 10.632528 ], [ -74.088135, 10.632058 ], [ -74.088021, 10.631788 ], [ -74.086286, 10.630846 ], [ -74.086045, 10.630496 ], [ -74.086027, 10.630132 ], [ -74.086491, 10.629725 ], [ -74.087247, 10.629526 ], [ -74.087805, 10.629212 ], [ -74.088685, 10.628405 ], [ -74.08855, 10.628228 ], [ -74.087858, 10.628196 ], [ -74.087457, 10.628035 ], [ -74.086681, 10.626983 ], [ -74.08669, 10.626453 ], [ -74.086874, 10.626037 ], [ -74.087888, 10.625744 ], [ -74.087663, 10.625008 ], [ -74.087678, 10.624558 ], [ -74.088404, 10.622861 ], [ -74.088226, 10.622636 ], [ -74.086821, 10.621962 ], [ -74.086659, 10.621345 ], [ -74.086738, 10.620702 ], [ -74.087038, 10.620378 ], [ -74.087739, 10.620166 ], [ -74.088233, 10.619255 ], [ -74.088814, 10.618763 ], [ -74.091906, 10.618655 ], [ -74.092555, 10.618284 ], [ -74.093268, 10.617188 ], [ -74.093788, 10.616748 ], [ -74.094499, 10.616567 ], [ -74.095926, 10.616495 ], [ -74.097187, 10.616205 ], [ -74.097868, 10.615885 ], [ -74.09824, 10.615409 ], [ -74.09878, 10.614002 ], [ -74.099078, 10.613575 ], [ -74.099721, 10.613199 ], [ -74.100367, 10.613424 ], [ -74.100724, 10.613175 ], [ -74.100866, 10.61213 ], [ -74.100657, 10.61157 ], [ -74.100039, 10.610846 ], [ -74.099943, 10.610261 ], [ -74.100053, 10.609664 ], [ -74.100349, 10.609191 ], [ -74.101687, 10.608238 ], [ -74.102473, 10.60736 ], [ -74.103206, 10.607308 ], [ -74.103707, 10.607505 ], [ -74.105468, 10.610688 ], [ -74.107694, 10.613362 ], [ -74.108142, 10.613261 ], [ -74.108211, 10.61162 ], [ -74.108669, 10.610991 ], [ -74.109061, 10.610791 ], [ -74.109939, 10.610752 ], [ -74.110925, 10.611034 ], [ -74.111217, 10.611516 ], [ -74.111582, 10.613089 ], [ -74.111905, 10.613725 ], [ -74.112403, 10.61424 ], [ -74.113615, 10.614763 ], [ -74.114323, 10.615395 ], [ -74.114867, 10.616186 ], [ -74.11488, 10.616842 ], [ -74.115874, 10.618318 ], [ -74.11646, 10.618709 ], [ -74.117855, 10.61887 ], [ -74.118296, 10.619171 ], [ -74.118724, 10.620237 ], [ -74.118983, 10.621542 ], [ -74.119584, 10.622934 ], [ -74.120043, 10.625086 ], [ -74.11993, 10.626479 ], [ -74.11917, 10.628622 ], [ -74.11906, 10.629313 ], [ -74.119217, 10.631894 ], [ -74.119467, 10.63252 ], [ -74.119884, 10.632864 ], [ -74.120546, 10.632971 ], [ -74.12176, 10.632679 ], [ -74.122658, 10.632205 ], [ -74.124114, 10.631043 ], [ -74.126339, 10.630764 ], [ -74.128777, 10.629649 ], [ -74.130915, 10.629163 ], [ -74.131491, 10.629269 ], [ -74.131932, 10.629594 ], [ -74.13227, 10.630518 ], [ -74.132507, 10.632057 ], [ -74.132752, 10.632367 ], [ -74.133145, 10.632445 ], [ -74.133973, 10.631947 ], [ -74.135262, 10.630798 ], [ -74.13638, 10.630318 ], [ -74.139325, 10.628441 ], [ -74.140487, 10.628103 ], [ -74.141485, 10.628444 ], [ -74.141721, 10.62879 ], [ -74.141806, 10.629229 ], [ -74.141641, 10.629805 ], [ -74.140765, 10.63127 ], [ -74.140336, 10.63332 ], [ -74.139671, 10.635399 ], [ -74.139749, 10.63613 ], [ -74.14044, 10.636697 ], [ -74.141925, 10.636606 ], [ -74.144942, 10.635996 ], [ -74.146225, 10.635259 ], [ -74.146809, 10.634541 ], [ -74.147288, 10.634463 ], [ -74.148201, 10.634632 ], [ -74.149057, 10.635091 ], [ -74.149543, 10.635503 ], [ -74.150133, 10.636341 ], [ -74.15084, 10.636816 ], [ -74.151694, 10.637107 ], [ -74.152595, 10.637138 ], [ -74.154022, 10.636664 ], [ -74.156761, 10.634836 ], [ -74.158208, 10.63413 ], [ -74.160875, 10.633907 ], [ -74.163721, 10.634143 ], [ -74.164216, 10.634412 ], [ -74.16469, 10.635052 ], [ -74.165913, 10.635481 ], [ -74.166146, 10.636065 ], [ -74.165767, 10.63786 ], [ -74.165307, 10.639095 ], [ -74.165703, 10.640599 ], [ -74.165532, 10.641877 ], [ -74.165185, 10.64242 ], [ -74.163993, 10.642428 ], [ -74.163707, 10.6426 ], [ -74.163612, 10.642936 ], [ -74.163941, 10.64326 ], [ -74.166041, 10.644274 ], [ -74.166678, 10.644233 ], [ -74.16715, 10.643979 ], [ -74.168046, 10.642424 ], [ -74.168893, 10.640412 ], [ -74.168816, 10.639955 ], [ -74.168439, 10.639311 ], [ -74.168448, 10.639045 ], [ -74.168664, 10.638769 ], [ -74.169081, 10.638611 ], [ -74.169839, 10.638558 ], [ -74.170765, 10.638669 ], [ -74.171538, 10.638979 ], [ -74.171775, 10.638754 ], [ -74.172307, 10.637518 ], [ -74.173054, 10.637316 ], [ -74.173862, 10.637513 ] ] ] } },
{ "type": "Feature", "properties": { "OBJECTID": 808.0, "NOMBRE_GEO": "Arroyo Grande", "PROYECTO": null, "SYMBOL": "3", "FECHA": null, "RULEID": 1, "PK_CUE": 621875.0, "GLOBALID": "{E85AB59B-88A6-4339-8096-5CC4BB0230E1}" }, "geometry": { "type": "Polygon", "coordinates": [ [ [ -75.39031, 10.66575 ], [ -75.389253, 10.665971 ], [ -75.38832, 10.666571 ], [ -75.387909, 10.666543 ], [ -75.387546, 10.66633 ], [ -75.387043, 10.665624 ], [ -75.386683, 10.664594 ], [ -75.385001, 10.662438 ], [ -75.383878, 10.659946 ], [ -75.38329, 10.659079 ], [ -75.382487, 10.658611 ], [ -75.381879, 10.657979 ], [ -75.381154, 10.65758 ], [ -75.378992, 10.657333 ], [ -75.378211, 10.656957 ], [ -75.377713, 10.656083 ], [ -75.377495, 10.654513 ], [ -75.37717, 10.653887 ], [ -75.376577, 10.653475 ], [ -75.374484, 10.653233 ], [ -75.373041, 10.651144 ], [ -75.372703, 10.651108 ], [ -75.372452, 10.651281 ], [ -75.372028, 10.652415 ], [ -75.37079, 10.65374 ], [ -75.368918, 10.655198 ], [ -75.368369, 10.655472 ], [ -75.368128, 10.655447 ], [ -75.367981, 10.655026 ], [ -75.368211, 10.654332 ], [ -75.368078, 10.654025 ], [ -75.367684, 10.653918 ], [ -75.366853, 10.654282 ], [ -75.36634, 10.654118 ], [ -75.366087, 10.653722 ], [ -75.366167, 10.65289 ], [ -75.365705, 10.652532 ], [ -75.365076, 10.652301 ], [ -75.364802, 10.651981 ], [ -75.364852, 10.651671 ], [ -75.365422, 10.65168 ], [ -75.365515, 10.651443 ], [ -75.364357, 10.650779 ], [ -75.363683, 10.650538 ], [ -75.363273, 10.650169 ], [ -75.363093, 10.649563 ], [ -75.363181, 10.648624 ], [ -75.363005, 10.648001 ], [ -75.36304, 10.647309 ], [ -75.362848, 10.646899 ], [ -75.36248, 10.646547 ], [ -75.362236, 10.646578 ], [ -75.361964, 10.646839 ], [ -75.361757, 10.647685 ], [ -75.361525, 10.647996 ], [ -75.361164, 10.647985 ], [ -75.360755, 10.647503 ], [ -75.360393, 10.647323 ], [ -75.359694, 10.647922 ], [ -75.35879, 10.648269 ], [ -75.358466, 10.648777 ], [ -75.358716, 10.649509 ], [ -75.358623, 10.649837 ], [ -75.357824, 10.649802 ], [ -75.357252, 10.649544 ], [ -75.356799, 10.649535 ], [ -75.356597, 10.649838 ], [ -75.356715, 10.650422 ], [ -75.356469, 10.650701 ], [ -75.356095, 10.650505 ], [ -75.355817, 10.649828 ], [ -75.355447, 10.649511 ], [ -75.354744, 10.649384 ], [ -75.353793, 10.649411 ], [ -75.352698, 10.650231 ], [ -75.351981, 10.651732 ], [ -75.351553, 10.651447 ], [ -75.351184, 10.650133 ], [ -75.350478, 10.649448 ], [ -75.350183, 10.649737 ], [ -75.349987, 10.65063 ], [ -75.349458, 10.651083 ], [ -75.348757, 10.650986 ], [ -75.347757, 10.650425 ], [ -75.347038, 10.649786 ], [ -75.346945, 10.649271 ], [ -75.347095, 10.649023 ], [ -75.347967, 10.648764 ], [ -75.348032, 10.648542 ], [ -75.347916, 10.648176 ], [ -75.347466, 10.647656 ], [ -75.347097, 10.647659 ], [ -75.346406, 10.647919 ], [ -75.346199, 10.647814 ], [ -75.346223, 10.647561 ], [ -75.346722, 10.647217 ], [ -75.346712, 10.646577 ], [ -75.346811, 10.646486 ], [ -75.346875, 10.647185 ], [ -75.346715, 10.647431 ], [ -75.346386, 10.64755 ], [ -75.34633, 10.647764 ], [ -75.347432, 10.647516 ], [ -75.347983, 10.648039 ], [ -75.348152, 10.648445 ], [ -75.348114, 10.648789 ], [ -75.347832, 10.649001 ], [ -75.347166, 10.649129 ], [ -75.34707, 10.649317 ], [ -75.347173, 10.649753 ], [ -75.347929, 10.650391 ], [ -75.348807, 10.65087 ], [ -75.349453, 10.650948 ], [ -75.349935, 10.650464 ], [ -75.350137, 10.649544 ], [ -75.350498, 10.649307 ], [ -75.351292, 10.650063 ], [ -75.351647, 10.651348 ], [ -75.351954, 10.651582 ], [ -75.352597, 10.650151 ], [ -75.353741, 10.649293 ], [ -75.354747, 10.649257 ], [ -75.355501, 10.649396 ], [ -75.355886, 10.649707 ], [ -75.356119, 10.65032 ], [ -75.356427, 10.650573 ], [ -75.3566, 10.650336 ], [ -75.356478, 10.649754 ], [ -75.356721, 10.649434 ], [ -75.357118, 10.649386 ], [ -75.357821, 10.649671 ], [ -75.358547, 10.64972 ], [ -75.358583, 10.6495 ], [ -75.358336, 10.648766 ], [ -75.358709, 10.648171 ], [ -75.359628, 10.647812 ], [ -75.36038, 10.647194 ], [ -75.360762, 10.647345 ], [ -75.361228, 10.647873 ], [ -75.361469, 10.647878 ], [ -75.36189, 10.64672 ], [ -75.362199, 10.646453 ], [ -75.362505, 10.646419 ], [ -75.36291, 10.646769 ], [ -75.363166, 10.647282 ], [ -75.363134, 10.647984 ], [ -75.363309, 10.648625 ], [ -75.36322, 10.649548 ], [ -75.363381, 10.650101 ], [ -75.363747, 10.650428 ], [ -75.364461, 10.650688 ], [ -75.365638, 10.651372 ], [ -75.365597, 10.651723 ], [ -75.365002, 10.651737 ], [ -75.364957, 10.652007 ], [ -75.366283, 10.652818 ], [ -75.366215, 10.653684 ], [ -75.36641, 10.654009 ], [ -75.366931, 10.654141 ], [ -75.367741, 10.653784 ], [ -75.368172, 10.653937 ], [ -75.36834, 10.65433 ], [ -75.368114, 10.65493 ], [ -75.368206, 10.655338 ], [ -75.369234, 10.654838 ], [ -75.370957, 10.653409 ], [ -75.371418, 10.652763 ], [ -75.371962, 10.652287 ], [ -75.372209, 10.651428 ], [ -75.372436, 10.65112 ], [ -75.372745, 10.650969 ], [ -75.373117, 10.651036 ], [ -75.374597, 10.653141 ], [ -75.376608, 10.653351 ], [ -75.377263, 10.653805 ], [ -75.37762, 10.654482 ], [ -75.377835, 10.656047 ], [ -75.378293, 10.656857 ], [ -75.379017, 10.657209 ], [ -75.381215, 10.657465 ], [ -75.381402, 10.657679 ], [ -75.381948, 10.657871 ], [ -75.382596, 10.658533 ], [ -75.383382, 10.658989 ], [ -75.383991, 10.659887 ], [ -75.385111, 10.662373 ], [ -75.386793, 10.664528 ], [ -75.387242, 10.665736 ], [ -75.3877, 10.666293 ], [ -75.388295, 10.66644 ], [ -75.388966, 10.665968 ], [ -75.389617, 10.665709 ], [ -75.390314, 10.665622 ], [ -75.390979, 10.66571 ], [ -75.394406, 10.668007 ], [ -75.395291, 10.668389 ], [ -75.396616, 10.668591 ], [ -75.39672, 10.668769 ], [ -75.394713, 10.668304 ], [ -75.393527, 10.667635 ], [ -75.391225, 10.665949 ], [ -75.39031, 10.66575 ] ] ] } },
{ "type": "Feature", "properties": { "OBJECTID": 809.0, "NOMBRE_GEO": "Caño Coboncobo", "PROYECTO": "XXXX", "SYMBOL": "3", "FECHA": null, "RULEID": 1, "PK_CUE": 621877.0, "GLOBALID": "{0CFB1527-C558-4335-8124-B55669588ECB}" }, "geometry": { "type": "Polygon", "coordinates": [ [ [ -74.998127, 10.386386 ], [ -74.997943, 10.386305 ], [ -74.997147, 10.386448 ], [ -74.99678, 10.385897 ], [ -74.996902, 10.385325 ], [ -74.99778, 10.383917 ], [ -74.997678, 10.38355 ], [ -74.997229, 10.383243 ], [ -74.996862, 10.382631 ], [ -74.99637, 10.381422 ], [ -74.9966, 10.381002 ], [ -74.997383, 10.380567 ], [ -74.997676, 10.379981 ], [ -74.998817, 10.379062 ], [ -74.999906, 10.377965 ], [ -75.000416, 10.376653 ], [ -75.00044, 10.37603 ], [ -75.000581, 10.375966 ], [ -75.000572, 10.377072 ], [ -75.000163, 10.378053 ], [ -74.996845, 10.381217 ], [ -74.996783, 10.381706 ], [ -74.997168, 10.38259 ], [ -74.997821, 10.383284 ], [ -74.998066, 10.383876 ], [ -74.997841, 10.384386 ], [ -74.997188, 10.385223 ], [ -74.997147, 10.385795 ], [ -74.997392, 10.38608 ], [ -74.998147, 10.386019 ], [ -74.998617, 10.386529 ], [ -74.998862, 10.387284 ], [ -74.998658, 10.387876 ], [ -74.99776, 10.388958 ], [ -74.9978, 10.389509 ], [ -74.998086, 10.389999 ], [ -74.998229, 10.390693 ], [ -74.998275, 10.391244 ], [ -74.998111, 10.391322 ], [ -74.998005, 10.390754 ], [ -74.997698, 10.390162 ], [ -74.997413, 10.389897 ], [ -74.997351, 10.389468 ], [ -74.997658, 10.388652 ], [ -74.998311, 10.387631 ], [ -74.998392, 10.386917 ], [ -74.998127, 10.386386 ] ] ] } },
{ "type": "Feature", "properties": { "OBJECTID": 811.0, "NOMBRE_GEO": "Caño El Salado", "PROYECTO": null, "SYMBOL": "3", "FECHA": null, "RULEID": 1, "PK_CUE": 622076.0, "GLOBALID": "{A18357FF-E9FE-4BEB-A68C-B8A8CB379848}" }, "geometry": { "type": "Polygon", "coordinates": [ [ [ -74.5321, 10.6974 ], [ -74.532646, 10.697046 ], [ -74.532773, 10.696147 ], [ -74.533012, 10.696259 ], [ -74.532748, 10.696517 ], [ -74.532931, 10.697046 ], [ -74.534688, 10.697362 ], [ -74.535257, 10.697207 ], [ -74.536259, 10.696098 ], [ -74.536547, 10.695998 ], [ -74.537525, 10.696213 ], [ -74.538384, 10.696825 ], [ -74.539118, 10.696776 ], [ -74.540228, 10.695918 ], [ -74.541405, 10.694 ], [ -74.543999, 10.692883 ], [ -74.544743, 10.692099 ], [ -74.545098, 10.691974 ], [ -74.545584, 10.692105 ], [ -74.54594, 10.692803 ], [ -74.546623, 10.693537 ], [ -74.547801, 10.69419 ], [ -74.548384, 10.695022 ], [ -74.548902, 10.696151 ], [ -74.549815, 10.695903 ], [ -74.550996, 10.69579 ], [ -74.552186, 10.696421 ], [ -74.552639, 10.696535 ], [ -74.55305, 10.696415 ], [ -74.553552, 10.695818 ], [ -74.554103, 10.695557 ], [ -74.554565, 10.695562 ], [ -74.555412, 10.695911 ], [ -74.555926, 10.695945 ], [ -74.55636, 10.695699 ], [ -74.556909, 10.69506 ], [ -74.558189, 10.694196 ], [ -74.558563, 10.694093 ], [ -74.559326, 10.694159 ], [ -74.560892, 10.694606 ], [ -74.562587, 10.694273 ], [ -74.563521, 10.694282 ], [ -74.567052, 10.695556 ], [ -74.570625, 10.695909 ], [ -74.570989, 10.695793 ], [ -74.571507, 10.69513 ], [ -74.572246, 10.694508 ], [ -74.57349, 10.694131 ], [ -74.574228, 10.694203 ], [ -74.575875, 10.694904 ], [ -74.576952, 10.695062 ], [ -74.57798, 10.694725 ], [ -74.578557, 10.694228 ], [ -74.578959, 10.693603 ], [ -74.579412, 10.693407 ], [ -74.580479, 10.693477 ], [ -74.582025, 10.693987 ], [ -74.582908, 10.693914 ], [ -74.58628, 10.691245 ], [ -74.587125, 10.689723 ], [ -74.5876, 10.688341 ], [ -74.588156, 10.687652 ], [ -74.588894, 10.687148 ], [ -74.589929, 10.686776 ], [ -74.591819, 10.685746 ], [ -74.592974, 10.684551 ], [ -74.593758, 10.68322 ], [ -74.594358, 10.682577 ], [ -74.59711, 10.680848 ], [ -74.599028, 10.679396 ], [ -74.599917, 10.678974 ], [ -74.601234, 10.67917 ], [ -74.603113, 10.679047 ], [ -74.604105, 10.679193 ], [ -74.608865, 10.681423 ], [ -74.610814, 10.681786 ], [ -74.612526, 10.681844 ], [ -74.613598, 10.682107 ], [ -74.615051, 10.682899 ], [ -74.616607, 10.684075 ], [ -74.618389, 10.68454 ], [ -74.619692, 10.684575 ], [ -74.622853, 10.683797 ], [ -74.626801, 10.683395 ], [ -74.627241, 10.683425 ], [ -74.627555, 10.683642 ], [ -74.628966, 10.683701 ], [ -74.629218, 10.684104 ], [ -74.624191, 10.684054 ], [ -74.622888, 10.684225 ], [ -74.619686, 10.68501 ], [ -74.618309, 10.685048 ], [ -74.616056, 10.684315 ], [ -74.615566, 10.683978 ], [ -74.614991, 10.683254 ], [ -74.613727, 10.682661 ], [ -74.6128, 10.682453 ], [ -74.61097, 10.682474 ], [ -74.609784, 10.682295 ], [ -74.604541, 10.679865 ], [ -74.602302, 10.679568 ], [ -74.600097, 10.679539 ], [ -74.599113, 10.67996 ], [ -74.594995, 10.682606 ], [ -74.594219, 10.683374 ], [ -74.593363, 10.684673 ], [ -74.592013, 10.685954 ], [ -74.588284, 10.687881 ], [ -74.587862, 10.688432 ], [ -74.587209, 10.690123 ], [ -74.586459, 10.691349 ], [ -74.584516, 10.693313 ], [ -74.583592, 10.693957 ], [ -74.582923, 10.694241 ], [ -74.582023, 10.694308 ], [ -74.58029, 10.693693 ], [ -74.579593, 10.693612 ], [ -74.579219, 10.69381 ], [ -74.578051, 10.695026 ], [ -74.577598, 10.695212 ], [ -74.576908, 10.695264 ], [ -74.575663, 10.695154 ], [ -74.574194, 10.694428 ], [ -74.573295, 10.694359 ], [ -74.572251, 10.69483 ], [ -74.571021, 10.696039 ], [ -74.570612, 10.696173 ], [ -74.567042, 10.695845 ], [ -74.565361, 10.695369 ], [ -74.564001, 10.694694 ], [ -74.563323, 10.694501 ], [ -74.560672, 10.694766 ], [ -74.558644, 10.694317 ], [ -74.557408, 10.694954 ], [ -74.556892, 10.695396 ], [ -74.556587, 10.695877 ], [ -74.556245, 10.696049 ], [ -74.555476, 10.696083 ], [ -74.554239, 10.695705 ], [ -74.553823, 10.695847 ], [ -74.553181, 10.696474 ], [ -74.552666, 10.696698 ], [ -74.552224, 10.696663 ], [ -74.551532, 10.696237 ], [ -74.550866, 10.696097 ], [ -74.549931, 10.696208 ], [ -74.548849, 10.696535 ], [ -74.548559, 10.695662 ], [ -74.547767, 10.694353 ], [ -74.547344, 10.694035 ], [ -74.546501, 10.693762 ], [ -74.54527, 10.692193 ], [ -74.543812, 10.693211 ], [ -74.541727, 10.694111 ], [ -74.541251, 10.694651 ], [ -74.540663, 10.695905 ], [ -74.539315, 10.697012 ], [ -74.538302, 10.6971 ], [ -74.537847, 10.696902 ], [ -74.537413, 10.696487 ], [ -74.536745, 10.696374 ], [ -74.536215, 10.696532 ], [ -74.535485, 10.69731 ], [ -74.535084, 10.697527 ], [ -74.532504, 10.697376 ], [ -74.532229, 10.697453 ], [ -74.531958, 10.697917 ], [ -74.5321, 10.6974 ] ] ] } },
{ "type": "Feature", "properties": { "OBJECTID": 812.0, "NOMBRE_GEO": "Caño Primo", "PROYECTO": null, "SYMBOL": "3", "FECHA": null, "RULEID": 1, "PK_CUE": 622077.0, "GLOBALID": "{8171FD6C-FDFA-4818-94E7-4B556320BFE4}" }, "geometry": { "type": "Polygon", "coordinates": [ [ [ -74.610773, 10.471277 ], [ -74.609679, 10.471241 ], [ -74.609623, 10.470983 ], [ -74.608933, 10.470246 ], [ -74.608462, 10.470017 ], [ -74.608331, 10.469368 ], [ -74.608802, 10.469977 ], [ -74.609263, 10.470336 ], [ -74.609778, 10.470521 ], [ -74.61073, 10.470587 ], [ -74.611027, 10.470745 ], [ -74.611669, 10.47065 ], [ -74.612649, 10.470183 ], [ -74.613708, 10.469953 ], [ -74.619296, 10.469 ], [ -74.621892, 10.468949 ], [ -74.623028, 10.468433 ], [ -74.623448, 10.468303 ], [ -74.623787, 10.468348 ], [ -74.624955, 10.467344 ], [ -74.625397, 10.466686 ], [ -74.626, 10.465543 ], [ -74.626886, 10.462911 ], [ -74.627517, 10.462198 ], [ -74.628491, 10.46062 ], [ -74.629195, 10.459967 ], [ -74.629976, 10.459575 ], [ -74.631026, 10.457619 ], [ -74.631564, 10.457257 ], [ -74.632484, 10.456902 ], [ -74.633111, 10.456854 ], [ -74.633859, 10.456314 ], [ -74.635348, 10.456113 ], [ -74.636973, 10.455135 ], [ -74.637118, 10.4552 ], [ -74.637097, 10.455364 ], [ -74.635891, 10.45617 ], [ -74.635417, 10.456376 ], [ -74.633955, 10.456568 ], [ -74.633221, 10.457105 ], [ -74.632581, 10.457156 ], [ -74.63123, 10.457802 ], [ -74.63019, 10.459749 ], [ -74.629778, 10.460066 ], [ -74.62934, 10.460201 ], [ -74.628703, 10.460793 ], [ -74.627748, 10.462346 ], [ -74.627113, 10.463066 ], [ -74.626056, 10.466059 ], [ -74.624577, 10.468222 ], [ -74.624704, 10.46866 ], [ -74.625168, 10.468659 ], [ -74.625978, 10.468965 ], [ -74.62884, 10.469115 ], [ -74.630955, 10.467913 ], [ -74.631846, 10.467716 ], [ -74.632782, 10.468006 ], [ -74.633993, 10.469036 ], [ -74.635488, 10.470019 ], [ -74.636699, 10.470134 ], [ -74.637211, 10.469912 ], [ -74.637847, 10.469211 ], [ -74.639852, 10.467684 ], [ -74.641457, 10.46693 ], [ -74.642215, 10.46684 ], [ -74.643683, 10.466109 ], [ -74.645555, 10.466125 ], [ -74.645982, 10.466308 ], [ -74.647301, 10.466145 ], [ -74.648443, 10.465577 ], [ -74.649883, 10.465315 ], [ -74.650272, 10.464429 ], [ -74.65095, 10.463711 ], [ -74.652337, 10.46386 ], [ -74.652543, 10.464001 ], [ -74.652303, 10.464167 ], [ -74.651029, 10.463987 ], [ -74.650505, 10.464575 ], [ -74.65005, 10.465549 ], [ -74.648543, 10.465831 ], [ -74.647448, 10.466387 ], [ -74.645491, 10.466577 ], [ -74.643753, 10.466523 ], [ -74.641587, 10.467462 ], [ -74.640993, 10.467527 ], [ -74.640017, 10.468132 ], [ -74.637883, 10.469855 ], [ -74.636877, 10.470425 ], [ -74.635369, 10.470324 ], [ -74.633793, 10.469298 ], [ -74.632598, 10.468266 ], [ -74.631643, 10.468028 ], [ -74.630933, 10.468288 ], [ -74.628968, 10.469414 ], [ -74.627407, 10.469408 ], [ -74.624494, 10.468973 ], [ -74.622713, 10.469529 ], [ -74.620569, 10.470507 ], [ -74.618665, 10.47096 ], [ -74.618284, 10.470888 ], [ -74.618522, 10.470531 ], [ -74.618522, 10.470222 ], [ -74.618237, 10.470008 ], [ -74.616595, 10.469936 ], [ -74.612383, 10.471031 ], [ -74.611251, 10.471238 ], [ -74.611142, 10.471132 ], [ -74.610773, 10.471277 ] ] ] } },
{ "type": "Feature", "properties": { "OBJECTID": 813.0, "NOMBRE_GEO": "Caño Paraco", "PROYECTO": "XXXX", "SYMBOL": "3", "FECHA": null, "RULEID": 1, "PK_CUE": 622078.0, "GLOBALID": "{E8791241-11E5-44AD-B96D-85FEA733D160}" }, "geometry": { "type": "Polygon", "coordinates": [ [ [ -74.669052, 10.595222 ], [ -74.669, 10.594889 ], [ -74.669346, 10.594089 ], [ -74.67008, 10.589843 ], [ -74.670643, 10.587668 ], [ -74.671372, 10.585921 ], [ -74.67155, 10.584989 ], [ -74.671245, 10.581678 ], [ -74.670653, 10.578732 ], [ -74.669179, 10.577768 ], [ -74.668656, 10.577265 ], [ -74.668184, 10.576614 ], [ -74.667888, 10.575417 ], [ -74.668115, 10.573135 ], [ -74.669164, 10.568052 ], [ -74.668942, 10.565814 ], [ -74.668451, 10.56434 ], [ -74.667235, 10.562453 ], [ -74.666579, 10.56029 ], [ -74.6654, 10.558523 ], [ -74.664794, 10.556823 ], [ -74.663791, 10.555064 ], [ -74.663075, 10.553001 ], [ -74.662787, 10.552447 ], [ -74.662063, 10.551572 ], [ -74.66115, 10.548879 ], [ -74.659593, 10.546438 ], [ -74.658893, 10.544985 ], [ -74.658775, 10.544663 ], [ -74.658784, 10.544002 ], [ -74.657426, 10.541457 ], [ -74.657054, 10.540204 ], [ -74.657016, 10.538918 ], [ -74.657236, 10.537507 ], [ -74.656988, 10.535158 ], [ -74.657035, 10.532749 ], [ -74.657558, 10.530679 ], [ -74.658644, 10.527518 ], [ -74.658589, 10.523982 ], [ -74.659228, 10.521007 ], [ -74.659827, 10.519035 ], [ -74.659705, 10.518115 ], [ -74.659836, 10.517836 ], [ -74.659564, 10.516338 ], [ -74.659481, 10.512547 ], [ -74.659669, 10.511994 ], [ -74.660702, 10.510633 ], [ -74.661818, 10.506137 ], [ -74.661784, 10.505681 ], [ -74.661004, 10.504301 ], [ -74.661198, 10.503792 ], [ -74.664151, 10.501906 ], [ -74.665347, 10.501336 ], [ -74.666547, 10.500946 ], [ -74.668037, 10.500094 ], [ -74.6689, 10.499286 ], [ -74.669658, 10.497868 ], [ -74.670226, 10.497331 ], [ -74.670955, 10.49736 ], [ -74.671702, 10.497637 ], [ -74.672095, 10.497493 ], [ -74.672801, 10.49647 ], [ -74.674342, 10.494744 ], [ -74.675133, 10.493544 ], [ -74.676694, 10.491967 ], [ -74.677891, 10.490124 ], [ -74.678762, 10.489159 ], [ -74.681157, 10.487463 ], [ -74.682882, 10.485911 ], [ -74.684087, 10.48504 ], [ -74.684222, 10.485149 ], [ -74.684183, 10.485316 ], [ -74.682049, 10.487155 ], [ -74.678994, 10.489391 ], [ -74.678152, 10.490323 ], [ -74.676954, 10.492169 ], [ -74.675387, 10.493751 ], [ -74.674605, 10.494941 ], [ -74.673064, 10.496666 ], [ -74.672311, 10.49774 ], [ -74.671694, 10.497963 ], [ -74.670364, 10.49763 ], [ -74.66993, 10.498051 ], [ -74.669497, 10.499036 ], [ -74.669156, 10.499491 ], [ -74.668232, 10.500357 ], [ -74.666684, 10.501242 ], [ -74.665472, 10.501638 ], [ -74.664315, 10.502189 ], [ -74.661444, 10.50401 ], [ -74.661329, 10.504235 ], [ -74.66209, 10.505562 ], [ -74.662142, 10.506201 ], [ -74.661004, 10.510818 ], [ -74.659984, 10.512179 ], [ -74.659842, 10.512604 ], [ -74.659929, 10.516315 ], [ -74.660196, 10.517775 ], [ -74.660429, 10.518043 ], [ -74.660558, 10.519072 ], [ -74.659935, 10.521192 ], [ -74.659316, 10.524062 ], [ -74.659366, 10.527643 ], [ -74.658257, 10.530889 ], [ -74.657761, 10.532842 ], [ -74.657718, 10.535124 ], [ -74.657968, 10.537515 ], [ -74.65773, 10.538994 ], [ -74.657844, 10.540472 ], [ -74.658091, 10.541156 ], [ -74.659473, 10.543748 ], [ -74.659497, 10.544534 ], [ -74.660066, 10.54576 ], [ -74.661838, 10.548624 ], [ -74.661974, 10.549176 ], [ -74.661906, 10.549411 ], [ -74.662561, 10.551343 ], [ -74.663446, 10.552411 ], [ -74.664298, 10.554855 ], [ -74.665294, 10.556599 ], [ -74.66589, 10.55828 ], [ -74.667076, 10.560061 ], [ -74.667736, 10.562234 ], [ -74.6692, 10.56466 ], [ -74.669708, 10.567187 ], [ -74.669711, 10.56809 ], [ -74.668656, 10.573225 ], [ -74.668469, 10.57559 ], [ -74.668668, 10.576144 ], [ -74.669552, 10.577128 ], [ -74.671565, 10.578476 ], [ -74.672359, 10.579364 ], [ -74.672691, 10.580052 ], [ -74.672767, 10.581109 ], [ -74.673198, 10.58265 ], [ -74.673013, 10.586218 ], [ -74.672692, 10.587159 ], [ -74.671999, 10.588048 ], [ -74.671815, 10.589286 ], [ -74.671012, 10.591194 ], [ -74.670751, 10.592686 ], [ -74.670681, 10.595131 ], [ -74.669052, 10.595222 ] ] ] } },
{ "type": "Feature", "properties": { "OBJECTID": 814.0, "NOMBRE_GEO": "Caño El Condazo", "PROYECTO": null, "SYMBOL": "3", "FECHA": null, "RULEID": 1, "PK_CUE": 622079.0, "GLOBALID": "{6373D725-09B2-4F91-9A25-61B185982A48}" }, "geometry": { "type": "Polygon", "coordinates": [ [ [ -74.627117, 10.640197 ], [ -74.627296, 10.639908 ], [ -74.627742, 10.639933 ], [ -74.62777, 10.639586 ], [ -74.627929, 10.639654 ], [ -74.628233, 10.639421 ], [ -74.629531, 10.638941 ], [ -74.630647, 10.637978 ], [ -74.631052, 10.638008 ], [ -74.632261, 10.637585 ], [ -74.632979, 10.637015 ], [ -74.634991, 10.6363 ], [ -74.636228, 10.636013 ], [ -74.636369, 10.636483 ], [ -74.636769, 10.636807 ], [ -74.637402, 10.636829 ], [ -74.637917, 10.636109 ], [ -74.638221, 10.635319 ], [ -74.639267, 10.634998 ], [ -74.639839, 10.635084 ], [ -74.640063, 10.63456 ], [ -74.640464, 10.634332 ], [ -74.640847, 10.634456 ], [ -74.641316, 10.634269 ], [ -74.641737, 10.633827 ], [ -74.64237, 10.633594 ], [ -74.642878, 10.633043 ], [ -74.642885, 10.632827 ], [ -74.643107, 10.632894 ], [ -74.643518, 10.632385 ], [ -74.644596, 10.631896 ], [ -74.6449, 10.631362 ], [ -74.645416, 10.631221 ], [ -74.645978, 10.630756 ], [ -74.646399, 10.630198 ], [ -74.646869, 10.630151 ], [ -74.647384, 10.629547 ], [ -74.647704, 10.628951 ], [ -74.647734, 10.628502 ], [ -74.648131, 10.627944 ], [ -74.648886, 10.627748 ], [ -74.648881, 10.627339 ], [ -74.649497, 10.626565 ], [ -74.650097, 10.625411 ], [ -74.650714, 10.624967 ], [ -74.650518, 10.624667 ], [ -74.650213, 10.624598 ], [ -74.649932, 10.624877 ], [ -74.649768, 10.624738 ], [ -74.649696, 10.624228 ], [ -74.650071, 10.624018 ], [ -74.650494, 10.624017 ], [ -74.651061, 10.622684 ], [ -74.651429, 10.622391 ], [ -74.651873, 10.621717 ], [ -74.651925, 10.621379 ], [ -74.651529, 10.621281 ], [ -74.651153, 10.621312 ], [ -74.651091, 10.621622 ], [ -74.649903, 10.621934 ], [ -74.649371, 10.621749 ], [ -74.64909, 10.622059 ], [ -74.649028, 10.62243 ], [ -74.648622, 10.622864 ], [ -74.648278, 10.622648 ], [ -74.647932, 10.62169 ], [ -74.647275, 10.621474 ], [ -74.647024, 10.620949 ], [ -74.647054, 10.620701 ], [ -74.648526, 10.621503 ], [ -74.649057, 10.621285 ], [ -74.649462, 10.620078 ], [ -74.649616, 10.618778 ], [ -74.650429, 10.6189 ], [ -74.650994, 10.619734 ], [ -74.65134, 10.620631 ], [ -74.651809, 10.620502 ], [ -74.652246, 10.620104 ], [ -74.652465, 10.620351 ], [ -74.652278, 10.620815 ], [ -74.652405, 10.621403 ], [ -74.652654, 10.621062 ], [ -74.653217, 10.620783 ], [ -74.653498, 10.620442 ], [ -74.653497, 10.619946 ], [ -74.654622, 10.619697 ], [ -74.655248, 10.619789 ], [ -74.655248, 10.619479 ], [ -74.655684, 10.619426 ], [ -74.656301, 10.619792 ], [ -74.656386, 10.620369 ], [ -74.655677, 10.620371 ], [ -74.655074, 10.620545 ], [ -74.654968, 10.621195 ], [ -74.655364, 10.622333 ], [ -74.655673, 10.622464 ], [ -74.655934, 10.623043 ], [ -74.656193, 10.623171 ], [ -74.656521, 10.623055 ], [ -74.656216, 10.622963 ], [ -74.656215, 10.622638 ], [ -74.656426, 10.622452 ], [ -74.656849, 10.622451 ], [ -74.656966, 10.622799 ], [ -74.657271, 10.622798 ], [ -74.657599, 10.622449 ], [ -74.657364, 10.622125 ], [ -74.658514, 10.622123 ], [ -74.659053, 10.621959 ], [ -74.659264, 10.622075 ], [ -74.658702, 10.622633 ], [ -74.658679, 10.622958 ], [ -74.658445, 10.623237 ], [ -74.65807, 10.623284 ], [ -74.657883, 10.62354 ], [ -74.657273, 10.62375 ], [ -74.65589, 10.624495 ], [ -74.655633, 10.624751 ], [ -74.655267, 10.624781 ], [ -74.655165, 10.625285 ], [ -74.654385, 10.625596 ], [ -74.652892, 10.626752 ], [ -74.651534, 10.628541 ], [ -74.651529, 10.62893 ], [ -74.651371, 10.629086 ], [ -74.650878, 10.62903 ], [ -74.650317, 10.629797 ], [ -74.650256, 10.630067 ], [ -74.649848, 10.630076 ], [ -74.64917, 10.631284 ], [ -74.648654, 10.63168 ], [ -74.648142, 10.632507 ], [ -74.646594, 10.633703 ], [ -74.646524, 10.634167 ], [ -74.646055, 10.634493 ], [ -74.645728, 10.634981 ], [ -74.644415, 10.635656 ], [ -74.643666, 10.636493 ], [ -74.641697, 10.637378 ], [ -74.641931, 10.636937 ], [ -74.64193, 10.636496 ], [ -74.641484, 10.636497 ], [ -74.641251, 10.637356 ], [ -74.64097, 10.637449 ], [ -74.640336, 10.637311 ], [ -74.640336, 10.637497 ], [ -74.639867, 10.637707 ], [ -74.63947, 10.638311 ], [ -74.639116, 10.637429 ], [ -74.638717, 10.637407 ], [ -74.638413, 10.63757 ], [ -74.638461, 10.63815 ], [ -74.638062, 10.638429 ], [ -74.63764, 10.638407 ], [ -74.637123, 10.638013 ], [ -74.636912, 10.638292 ], [ -74.637241, 10.638616 ], [ -74.637054, 10.638686 ], [ -74.635693, 10.638573 ], [ -74.635035, 10.637994 ], [ -74.634589, 10.637832 ], [ -74.634871, 10.638365 ], [ -74.635435, 10.638852 ], [ -74.635201, 10.639061 ], [ -74.632667, 10.639158 ], [ -74.631706, 10.639485 ], [ -74.629501, 10.639907 ], [ -74.628774, 10.64021 ], [ -74.627274, 10.640302 ], [ -74.627117, 10.640197 ] ] ] } },
{ "type": "Feature", "properties": { "OBJECTID": 815.0, "NOMBRE_GEO": "Caño Matunilla", "PROYECTO": "XXXX", "SYMBOL": "3", "FECHA": null, "RULEID": 1, "PK_CUE": 622081.0, "GLOBALID": "{7384D917-A23A-4A30-ABCD-B2E71D537BD3}" }, "geometry": { "type": "Polygon", "coordinates": [ [ [ -75.546281, 10.177699 ], [ -75.543157, 10.177358 ], [ -75.542689, 10.177173 ], [ -75.541614, 10.176115 ], [ -75.540587, 10.174865 ], [ -75.539292, 10.172918 ], [ -75.538597, 10.171372 ], [ -75.53695, 10.169919 ], [ -75.535403, 10.169272 ], [ -75.533977, 10.168999 ], [ -75.531804, 10.169104 ], [ -75.531002, 10.16946 ], [ -75.529854, 10.170617 ], [ -75.528976, 10.170883 ], [ -75.527452, 10.170575 ], [ -75.525782, 10.170003 ], [ -75.523356, 10.169566 ], [ -75.521438, 10.168629 ], [ -75.51973, 10.168121 ], [ -75.519301, 10.167713 ], [ -75.519088, 10.167153 ], [ -75.519322, 10.164519 ], [ -75.519222, 10.164117 ], [ -75.518475, 10.163254 ], [ -75.517087, 10.162499 ], [ -75.516113, 10.162251 ], [ -75.514962, 10.162189 ], [ -75.507473, 10.163016 ], [ -75.504233, 10.163 ], [ -75.504118, 10.162515 ], [ -75.508437, 10.162425 ], [ -75.514836, 10.161704 ], [ -75.515845, 10.1617 ], [ -75.516762, 10.161864 ], [ -75.519079, 10.16329 ], [ -75.519425, 10.163701 ], [ -75.519724, 10.164741 ], [ -75.519545, 10.166108 ], [ -75.519569, 10.16696 ], [ -75.519729, 10.167392 ], [ -75.520161, 10.167768 ], [ -75.523227, 10.168925 ], [ -75.526117, 10.169709 ], [ -75.527205, 10.169833 ], [ -75.528697, 10.170366 ], [ -75.52956, 10.170071 ], [ -75.530582, 10.168992 ], [ -75.531658, 10.168645 ], [ -75.534177, 10.168514 ], [ -75.536073, 10.168983 ], [ -75.537822, 10.169976 ], [ -75.538502, 10.170567 ], [ -75.540107, 10.173589 ], [ -75.541246, 10.175156 ], [ -75.542456, 10.176481 ], [ -75.543244, 10.1769 ], [ -75.544225, 10.177119 ], [ -75.546775, 10.177335 ], [ -75.547915, 10.177163 ], [ -75.548357, 10.17753 ], [ -75.547844, 10.177707 ], [ -75.546281, 10.177699 ] ] ] } },
{ "type": "Feature", "properties": { "OBJECTID": 816.0, "NOMBRE_GEO": "Caño Lequerica", "PROYECTO": "XXXX", "SYMBOL": "3", "FECHA": null, "RULEID": 1, "PK_CUE": 622082.0, "GLOBALID": "{B0310791-D37D-4796-B96F-596A7F2B2A15}" }, "geometry": { "type": "Polygon", "coordinates": [ [ [ -75.519477, 10.232886 ], [ -75.518827, 10.232395 ], [ -75.518721, 10.231495 ], [ -75.518926, 10.231462 ], [ -75.51984, 10.232304 ], [ -75.520639, 10.232748 ], [ -75.522719, 10.232798 ], [ -75.524658, 10.232066 ], [ -75.525103, 10.232064 ], [ -75.527184, 10.231384 ], [ -75.528707, 10.231094 ], [ -75.529993, 10.231162 ], [ -75.532527, 10.230778 ], [ -75.534891, 10.22962 ], [ -75.53571, 10.229493 ], [ -75.538787, 10.228455 ], [ -75.539979, 10.227903 ], [ -75.542825, 10.226902 ], [ -75.543535, 10.226422 ], [ -75.543694, 10.226016 ], [ -75.54326, 10.2248 ], [ -75.543041, 10.223548 ], [ -75.543055, 10.222701 ], [ -75.544002, 10.219449 ], [ -75.544567, 10.218335 ], [ -75.545846, 10.217517 ], [ -75.546251, 10.217101 ], [ -75.546212, 10.217625 ], [ -75.545084, 10.218456 ], [ -75.544819, 10.218793 ], [ -75.544394, 10.219518 ], [ -75.544148, 10.220313 ], [ -75.543865, 10.220615 ], [ -75.543443, 10.221817 ], [ -75.543399, 10.223899 ], [ -75.543579, 10.224269 ], [ -75.543672, 10.225098 ], [ -75.544211, 10.226207 ], [ -75.544124, 10.226614 ], [ -75.543413, 10.227041 ], [ -75.540693, 10.228218 ], [ -75.539055, 10.228578 ], [ -75.53715, 10.229205 ], [ -75.537048, 10.229355 ], [ -75.534685, 10.23014 ], [ -75.532144, 10.231294 ], [ -75.526933, 10.231878 ], [ -75.523475, 10.232923 ], [ -75.521858, 10.233233 ], [ -75.520348, 10.233238 ], [ -75.519477, 10.232886 ] ] ] } },
{ "type": "Feature", "properties": { "OBJECTID": 817.0, "NOMBRE_GEO": null, "PROYECTO": null, "SYMBOL": "3", "FECHA": null, "RULEID": 1, "PK_CUE": 622085.0, "GLOBALID": "{FA9E37C7-6654-4B75-A3C6-936350D4216A}" }, "geometry": { "type": "Polygon", "coordinates": [ [ [ -75.557359, 10.059861 ], [ -75.557027, 10.059939 ], [ -75.556921, 10.059779 ], [ -75.556986, 10.058654 ], [ -75.557143, 10.058249 ], [ -75.557593, 10.057912 ], [ -75.558754, 10.057774 ], [ -75.559231, 10.057923 ], [ -75.560157, 10.058756 ], [ -75.561332, 10.059335 ], [ -75.563053, 10.059401 ], [ -75.563647, 10.059616 ], [ -75.564023, 10.05994 ], [ -75.563731, 10.060137 ], [ -75.562907, 10.059694 ], [ -75.561036, 10.059605 ], [ -75.559176, 10.058288 ], [ -75.558313, 10.058033 ], [ -75.557806, 10.058154 ], [ -75.557451, 10.058501 ], [ -75.557304, 10.059168 ], [ -75.557359, 10.059861 ] ] ] } },
{ "type": "Feature", "properties": { "OBJECTID": 818.0, "NOMBRE_GEO": "Caño Rico", "PROYECTO": null, "SYMBOL": "3", "FECHA": null, "RULEID": 1, "PK_CUE": 622086.0, "GLOBALID": "{36CA84DC-5563-44AB-B006-890BDCC17260}" }, "geometry": { "type": "Polygon", "coordinates": [ [ [ -75.566244, 10.059379 ], [ -75.565517, 10.059932 ], [ -75.565635, 10.059421 ], [ -75.565509, 10.059448 ], [ -75.564877, 10.058793 ], [ -75.564841, 10.058321 ], [ -75.565081, 10.057263 ], [ -75.564985, 10.056464 ], [ -75.565356, 10.056214 ], [ -75.565389, 10.05537 ], [ -75.564763, 10.054364 ], [ -75.564374, 10.054088 ], [ -75.563897, 10.054035 ], [ -75.563912, 10.053607 ], [ -75.564228, 10.053742 ], [ -75.564303, 10.053426 ], [ -75.564506, 10.053319 ], [ -75.564837, 10.053625 ], [ -75.565283, 10.053776 ], [ -75.565449, 10.054207 ], [ -75.565444, 10.054789 ], [ -75.565771, 10.054609 ], [ -75.566082, 10.054982 ], [ -75.566054, 10.055212 ], [ -75.565645, 10.055525 ], [ -75.565515, 10.056869 ], [ -75.565176, 10.057931 ], [ -75.565472, 10.058706 ], [ -75.565948, 10.058721 ], [ -75.566136, 10.058855 ], [ -75.566244, 10.059379 ] ] ] } },
{ "type": "Feature", "properties": { "OBJECTID": 819.0, "NOMBRE_GEO": null, "PROYECTO": null, "SYMBOL": "3", "FECHA": null, "RULEID": 1, "PK_CUE": 622124.0, "GLOBALID": "{FCEA991B-6CEE-4D2C-B8A1-E77892EEE342}" }, "geometry": { "type": "Polygon", "coordinates": [ [ [ -75.560249, 10.061865 ], [ -75.560052, 10.061564 ], [ -75.563169, 10.060807 ], [ -75.563864, 10.059958 ], [ -75.565461, 10.059954 ], [ -75.567325, 10.058809 ], [ -75.569154, 10.058129 ], [ -75.569755, 10.058198 ], [ -75.570231, 10.058078 ], [ -75.571655, 10.057178 ], [ -75.572087, 10.057176 ], [ -75.57197, 10.057411 ], [ -75.571973, 10.058019 ], [ -75.571743, 10.057986 ], [ -75.571627, 10.05827 ], [ -75.570851, 10.058418 ], [ -75.569606, 10.059025 ], [ -75.568661, 10.059135 ], [ -75.567533, 10.059489 ], [ -75.565429, 10.060426 ], [ -75.564001, 10.060533 ], [ -75.56312, 10.061245 ], [ -75.561068, 10.06138 ], [ -75.560249, 10.061865 ] ] ] } },
{ "type": "Feature", "properties": { "OBJECTID": 820.0, "NOMBRE_GEO": "Caño Hondito", "PROYECTO": null, "SYMBOL": "3", "FECHA": null, "RULEID": 1, "PK_CUE": 622125.0, "GLOBALID": "{D5F7FCB8-D97C-4F46-9332-4D72668043D8}" }, "geometry": { "type": "Polygon", "coordinates": [ [ [ -75.523586, 10.058956 ], [ -75.522605, 10.058933 ], [ -75.520917, 10.058156 ], [ -75.519221, 10.058409 ], [ -75.518272, 10.058318 ], [ -75.517324, 10.057866 ], [ -75.515468, 10.056632 ], [ -75.514618, 10.056399 ], [ -75.512642, 10.056288 ], [ -75.510757, 10.056405 ], [ -75.510178, 10.056653 ], [ -75.509831, 10.057332 ], [ -75.508661, 10.055596 ], [ -75.506966, 10.054164 ], [ -75.507245, 10.053072 ], [ -75.507716, 10.052445 ], [ -75.508651, 10.052344 ], [ -75.510436, 10.052473 ], [ -75.512944, 10.053074 ], [ -75.514399, 10.053254 ], [ -75.516733, 10.054431 ], [ -75.518844, 10.056356 ], [ -75.52007, 10.056847 ], [ -75.519968, 10.055827 ], [ -75.524273, 10.057442 ], [ -75.526243, 10.05738 ], [ -75.528129, 10.056732 ], [ -75.529267, 10.056492 ], [ -75.529994, 10.056562 ], [ -75.530836, 10.057171 ], [ -75.530656, 10.058053 ], [ -75.528473, 10.058512 ], [ -75.527375, 10.058874 ], [ -75.52648, 10.059335 ], [ -75.525815, 10.060087 ], [ -75.525132, 10.060459 ], [ -75.524748, 10.060372 ], [ -75.523586, 10.058956 ] ] ] } },
{ "type": "Feature", "properties": { "OBJECTID": 821.0, "NOMBRE_GEO": null, "PROYECTO": null, "SYMBOL": "3", "FECHA": null, "RULEID": 1, "PK_CUE": 622126.0, "GLOBALID": "{31B4E987-3A30-4CEE-8881-626C357D72A9}" }, "geometry": { "type": "Polygon", "coordinates": [ [ [ -75.562764, 10.093453 ], [ -75.562728, 10.092889 ], [ -75.562116, 10.092501 ], [ -75.562004, 10.091611 ], [ -75.562144, 10.090721 ], [ -75.562642, 10.089758 ], [ -75.565438, 10.088642 ], [ -75.566518, 10.089171 ], [ -75.568243, 10.089377 ], [ -75.569714, 10.089192 ], [ -75.570248, 10.088194 ], [ -75.570172, 10.08734 ], [ -75.570779, 10.086483 ], [ -75.571718, 10.086191 ], [ -75.57171, 10.086354 ], [ -75.571057, 10.086574 ], [ -75.570737, 10.087107 ], [ -75.570172, 10.088814 ], [ -75.569656, 10.089561 ], [ -75.567185, 10.089661 ], [ -75.56541, 10.089137 ], [ -75.563997, 10.089445 ], [ -75.562907, 10.090142 ], [ -75.562466, 10.091528 ], [ -75.562899, 10.092165 ], [ -75.563438, 10.092589 ], [ -75.563688, 10.09372 ], [ -75.562764, 10.093453 ] ] ] } },
{ "type": "Feature", "properties": { "OBJECTID": 822.0, "NOMBRE_GEO": null, "PROYECTO": null, "SYMBOL": "3", "FECHA": null, "RULEID": 1, "PK_CUE": 622127.0, "GLOBALID": "{A77CBBB7-64B9-4C0A-8A1B-F4F253AA8542}" }, "geometry": { "type": "Polygon", "coordinates": [ [ [ -75.570806, 10.097635 ], [ -75.570291, 10.096721 ], [ -75.570789, 10.097027 ], [ -75.570968, 10.097432 ], [ -75.570958, 10.098121 ], [ -75.570527, 10.099421 ], [ -75.57186, 10.101363 ], [ -75.573381, 10.102789 ], [ -75.574872, 10.103458 ], [ -75.575447, 10.103861 ], [ -75.575776, 10.104225 ], [ -75.575997, 10.104886 ], [ -75.576326, 10.105223 ], [ -75.57675, 10.105424 ], [ -75.577117, 10.105125 ], [ -75.57756, 10.10505 ], [ -75.577765, 10.105648 ], [ -75.577557, 10.105812 ], [ -75.576629, 10.105708 ], [ -75.575738, 10.104942 ], [ -75.57564, 10.104482 ], [ -75.575325, 10.104146 ], [ -75.574736, 10.103756 ], [ -75.573616, 10.103329 ], [ -75.572355, 10.102253 ], [ -75.570447, 10.099868 ], [ -75.570431, 10.099178 ], [ -75.57062, 10.098758 ], [ -75.570806, 10.097635 ] ] ] } },
{ "type": "Feature", "properties": { "OBJECTID": 823.0, "NOMBRE_GEO": null, "PROYECTO": null, "SYMBOL": "3", "FECHA": null, "RULEID": 1, "PK_CUE": 622128.0, "GLOBALID": "{283C6424-178B-4A04-AAF6-C595488F94C0}" }, "geometry": { "type": "Polygon", "coordinates": [ [ [ -75.569797, 10.122111 ], [ -75.570518, 10.121389 ], [ -75.570576, 10.120949 ], [ -75.570433, 10.120771 ], [ -75.568947, 10.120133 ], [ -75.56888, 10.119683 ], [ -75.569025, 10.119379 ], [ -75.570582, 10.118808 ], [ -75.570938, 10.118501 ], [ -75.571114, 10.11784 ], [ -75.571566, 10.117322 ], [ -75.572017, 10.116499 ], [ -75.572177, 10.115839 ], [ -75.572093, 10.115388 ], [ -75.57138, 10.114666 ], [ -75.570732, 10.113442 ], [ -75.570845, 10.111604 ], [ -75.570565, 10.110981 ], [ -75.569684, 10.110683 ], [ -75.567958, 10.111287 ], [ -75.567791, 10.11056 ], [ -75.568808, 10.11034 ], [ -75.570312, 10.110426 ], [ -75.570828, 10.110893 ], [ -75.571095, 10.111542 ], [ -75.57105, 10.113407 ], [ -75.571596, 10.114444 ], [ -75.572189, 10.114937 ], [ -75.572353, 10.115371 ], [ -75.572407, 10.116546 ], [ -75.571907, 10.117321 ], [ -75.571535, 10.117596 ], [ -75.571117, 10.118661 ], [ -75.569127, 10.119696 ], [ -75.569423, 10.120027 ], [ -75.570289, 10.120387 ], [ -75.570845, 10.121095 ], [ -75.570486, 10.122049 ], [ -75.570356, 10.122144 ], [ -75.570024, 10.122001 ], [ -75.569878, 10.122242 ], [ -75.569797, 10.122111 ] ] ] } },
{ "type": "Feature", "properties": { "OBJECTID": 824.0, "NOMBRE_GEO": null, "PROYECTO": null, "SYMBOL": "3", "FECHA": null, "RULEID": 1, "PK_CUE": 622129.0, "GLOBALID": "{B644AC7B-D412-4ED7-B246-0AC1D5C889DA}" }, "geometry": { "type": "Polygon", "coordinates": [ [ [ -75.548975, 10.136651 ], [ -75.549383, 10.136054 ], [ -75.550082, 10.13843 ], [ -75.55074, 10.13924 ], [ -75.550808, 10.140104 ], [ -75.551623, 10.141777 ], [ -75.552275, 10.142396 ], [ -75.551748, 10.142702 ], [ -75.55142, 10.142197 ], [ -75.550474, 10.139966 ], [ -75.55042, 10.139445 ], [ -75.549606, 10.138153 ], [ -75.549313, 10.137029 ], [ -75.548975, 10.136651 ] ] ] } },
{ "type": "Feature", "properties": { "OBJECTID": 825.0, "NOMBRE_GEO": null, "PROYECTO": null, "SYMBOL": "3", "FECHA": null, "RULEID": 1, "PK_CUE": 622130.0, "GLOBALID": "{69D51A71-DB1D-46BD-AD59-7AF4CDEE22AE}" }, "geometry": { "type": "Polygon", "coordinates": [ [ [ -74.623907, 10.738373 ], [ -74.62431, 10.738826 ], [ -74.624245, 10.739734 ], [ -74.623526, 10.740441 ], [ -74.622279, 10.742923 ], [ -74.622172, 10.743665 ], [ -74.622046, 10.74386 ], [ -74.621881, 10.74386 ], [ -74.621809, 10.74374 ], [ -74.622, 10.742958 ], [ -74.622267, 10.742371 ], [ -74.62209, 10.741828 ], [ -74.622632, 10.741489 ], [ -74.623233, 10.740208 ], [ -74.623938, 10.739595 ], [ -74.623907, 10.738373 ] ] ] } },
{ "type": "Feature", "properties": { "OBJECTID": 826.0, "NOMBRE_GEO": null, "PROYECTO": null, "SYMBOL": "3", "FECHA": null, "RULEID": 1, "PK_CUE": 622131.0, "GLOBALID": "{DE29D966-0005-458A-A8A3-D8C4FE606883}" }, "geometry": { "type": "Polygon", "coordinates": [ [ [ -74.577331, 10.695243 ], [ -74.577648, 10.695197 ], [ -74.577184, 10.696421 ], [ -74.576437, 10.697489 ], [ -74.576169, 10.697687 ], [ -74.575739, 10.697785 ], [ -74.575267, 10.697659 ], [ -74.574438, 10.696839 ], [ -74.573309, 10.696988 ], [ -74.57312, 10.697126 ], [ -74.572965, 10.698824 ], [ -74.573183, 10.699531 ], [ -74.573138, 10.700037 ], [ -74.573372, 10.700355 ], [ -74.573126, 10.700369 ], [ -74.572752, 10.699079 ], [ -74.572784, 10.698432 ], [ -74.572027, 10.698278 ], [ -74.571403, 10.697861 ], [ -74.57223, 10.698152 ], [ -74.572712, 10.698166 ], [ -74.573022, 10.696898 ], [ -74.573451, 10.696638 ], [ -74.574024, 10.696519 ], [ -74.574754, 10.696651 ], [ -74.575329, 10.697468 ], [ -74.576131, 10.697449 ], [ -74.576671, 10.696814 ], [ -74.577331, 10.695243 ] ] ] } },
{ "type": "Feature", "properties": { "OBJECTID": 827.0, "NOMBRE_GEO": null, "PROYECTO": null, "SYMBOL": "3", "FECHA": null, "RULEID": 1, "PK_CUE": 622132.0, "GLOBALID": "{8F7894B6-1FF5-49BC-B1DB-6AFA78F157D5}" }, "geometry": { "type": "Polygon", "coordinates": [ [ [ -74.516739, 10.70553 ], [ -74.517418, 10.70548 ], [ -74.517793, 10.704192 ], [ -74.51804, 10.702547 ], [ -74.51841, 10.701664 ], [ -74.518624, 10.701571 ], [ -74.518739, 10.701662 ], [ -74.518716, 10.701928 ], [ -74.518272, 10.703227 ], [ -74.517771, 10.705795 ], [ -74.517523, 10.706346 ], [ -74.51732, 10.706413 ], [ -74.516954, 10.70627 ], [ -74.516684, 10.705875 ], [ -74.516739, 10.70553 ] ] ] } },
{ "type": "Feature", "properties": { "OBJECTID": 828.0, "NOMBRE_GEO": null, "PROYECTO": null, "SYMBOL": "3", "FECHA": null, "RULEID": 1, "PK_CUE": 622133.0, "GLOBALID": "{205CAC03-DA50-4BEE-9331-03D8C5E41A92}" }, "geometry": { "type": "Polygon", "coordinates": [ [ [ -74.516313, 10.707654 ], [ -74.516924, 10.707311 ], [ -74.516989, 10.70762 ], [ -74.516666, 10.708821 ], [ -74.516725, 10.709365 ], [ -74.516576, 10.709766 ], [ -74.516688, 10.710285 ], [ -74.516461, 10.710395 ], [ -74.516194, 10.709903 ], [ -74.51656, 10.708463 ], [ -74.516313, 10.707654 ] ] ] } },
{ "type": "Feature", "properties": { "OBJECTID": 829.0, "NOMBRE_GEO": null, "PROYECTO": null, "SYMBOL": "3", "FECHA": null, "RULEID": 1, "PK_CUE": 622134.0, "GLOBALID": "{4A1A36B9-C813-456E-93F3-86EBFE0EBD43}" }, "geometry": { "type": "Polygon", "coordinates": [ [ [ -74.174987, 10.63947 ], [ -74.174463, 10.638558 ], [ -74.175068, 10.639057 ], [ -74.175447, 10.639026 ], [ -74.175921, 10.638515 ], [ -74.176487, 10.637515 ], [ -74.177077, 10.637155 ], [ -74.177494, 10.637209 ], [ -74.178144, 10.637524 ], [ -74.178728, 10.638332 ], [ -74.17923, 10.638632 ], [ -74.180145, 10.638524 ], [ -74.18092, 10.637839 ], [ -74.181552, 10.637943 ], [ -74.182023, 10.638269 ], [ -74.18237, 10.639159 ], [ -74.182323, 10.639731 ], [ -74.182, 10.639947 ], [ -74.181923, 10.639834 ], [ -74.182088, 10.639258 ], [ -74.181993, 10.638977 ], [ -74.181505, 10.638292 ], [ -74.18109, 10.638135 ], [ -74.180844, 10.638269 ], [ -74.180297, 10.639018 ], [ -74.179707, 10.639143 ], [ -74.179008, 10.639092 ], [ -74.17836, 10.63865 ], [ -74.177882, 10.637756 ], [ -74.17733, 10.637597 ], [ -74.176484, 10.637919 ], [ -74.175673, 10.63933 ], [ -74.175393, 10.639494 ], [ -74.174987, 10.63947 ] ] ] } },
{ "type": "Feature", "properties": { "OBJECTID": 830.0, "NOMBRE_GEO": null, "PROYECTO": null, "SYMBOL": "3", "FECHA": null, "RULEID": 1, "PK_CUE": 622135.0, "GLOBALID": "{5E2F8DDE-0EB8-4700-A5DA-47F8DA2D9251}" }, "geometry": { "type": "Polygon", "coordinates": [ [ [ -74.501775, 10.649925 ], [ -74.502017, 10.649735 ], [ -74.502058, 10.6502 ], [ -74.501577, 10.651007 ], [ -74.50103, 10.651484 ], [ -74.501044, 10.651826 ], [ -74.501143, 10.652094 ], [ -74.5017, 10.652376 ], [ -74.502225, 10.652878 ], [ -74.502335, 10.653172 ], [ -74.502205, 10.653407 ], [ -74.501733, 10.652757 ], [ -74.50088, 10.652037 ], [ -74.50079, 10.651762 ], [ -74.500849, 10.651441 ], [ -74.501469, 10.650832 ], [ -74.501775, 10.649925 ] ] ] } },
{ "type": "Feature", "properties": { "OBJECTID": 831.0, "NOMBRE_GEO": "Caño Mocho", "PROYECTO": null, "SYMBOL": "3", "FECHA": null, "RULEID": 1, "PK_CUE": 622175.0, "GLOBALID": "{69BC05CD-90FC-452E-9871-458EFB22FFAE}" }, "geometry": { "type": "Polygon", "coordinates": [ [ [ -74.592839, 10.734711 ], [ -74.591262, 10.732154 ], [ -74.589833, 10.731008 ], [ -74.588373, 10.730323 ], [ -74.588055, 10.730323 ], [ -74.587729, 10.730496 ], [ -74.587099, 10.730346 ], [ -74.587099, 10.73011 ], [ -74.587728, 10.729444 ], [ -74.588379, 10.729206 ], [ -74.588465, 10.729013 ], [ -74.587834, 10.727962 ], [ -74.587768, 10.727425 ], [ -74.587786, 10.725557 ], [ -74.587589, 10.724205 ], [ -74.587622, 10.72392 ], [ -74.587985, 10.723487 ], [ -74.588158, 10.72375 ], [ -74.58782, 10.7241 ], [ -74.587881, 10.724919 ], [ -74.588147, 10.724984 ], [ -74.588569, 10.724501 ], [ -74.588576, 10.724792 ], [ -74.588046, 10.725342 ], [ -74.588007, 10.727468 ], [ -74.588791, 10.729227 ], [ -74.588423, 10.729528 ], [ -74.587988, 10.729615 ], [ -74.588032, 10.729744 ], [ -74.58976, 10.730554 ], [ -74.591067, 10.731485 ], [ -74.591746, 10.732201 ], [ -74.593201, 10.734662 ], [ -74.59354, 10.734829 ], [ -74.593709, 10.734781 ], [ -74.593915, 10.734459 ], [ -74.594153, 10.734847 ], [ -74.593734, 10.734996 ], [ -74.593855, 10.735283 ], [ -74.595092, 10.737027 ], [ -74.595808, 10.736887 ], [ -74.595896, 10.736738 ], [ -74.595933, 10.73745 ], [ -74.595624, 10.73717 ], [ -74.595165, 10.737338 ], [ -74.595359, 10.73772 ], [ -74.595728, 10.741451 ], [ -74.595899, 10.742144 ], [ -74.597162, 10.744321 ], [ -74.598572, 10.745195 ], [ -74.600516, 10.745284 ], [ -74.603996, 10.74431 ], [ -74.605191, 10.743817 ], [ -74.605645, 10.743503 ], [ -74.605904, 10.743063 ], [ -74.607026, 10.742222 ], [ -74.607853, 10.741335 ], [ -74.614434, 10.736964 ], [ -74.617001, 10.73497 ], [ -74.620679, 10.732568 ], [ -74.620819, 10.732638 ], [ -74.613727, 10.737839 ], [ -74.610782, 10.739824 ], [ -74.608235, 10.741322 ], [ -74.60733, 10.742389 ], [ -74.606363, 10.743277 ], [ -74.606031, 10.743945 ], [ -74.606495, 10.744671 ], [ -74.60875, 10.747189 ], [ -74.609584, 10.747164 ], [ -74.609803, 10.747267 ], [ -74.609147, 10.747397 ], [ -74.608564, 10.747398 ], [ -74.60824, 10.747222 ], [ -74.607518, 10.74623 ], [ -74.605507, 10.744021 ], [ -74.600636, 10.745636 ], [ -74.599089, 10.745613 ], [ -74.598282, 10.745327 ], [ -74.597475, 10.744857 ], [ -74.596872, 10.744322 ], [ -74.595318, 10.741643 ], [ -74.594899, 10.737554 ], [ -74.594123, 10.735976 ], [ -74.592839, 10.734711 ] ] ] } },
{ "type": "Feature", "properties": { "OBJECTID": 832.0, "NOMBRE_GEO": null, "PROYECTO": null, "SYMBOL": "3", "FECHA": null, "RULEID": 1, "PK_CUE": 622176.0, "GLOBALID": "{474E9F52-EB23-4806-A405-9DBD6A75AC39}" }, "geometry": { "type": "Polygon", "coordinates": [ [ [ -74.592451, 10.734185 ], [ -74.592839, 10.734711 ], [ -74.592331, 10.734831 ], [ -74.59151, 10.735526 ], [ -74.591462, 10.735741 ], [ -74.591753, 10.736267 ], [ -74.591826, 10.736817 ], [ -74.591344, 10.737679 ], [ -74.590933, 10.738015 ], [ -74.590401, 10.738135 ], [ -74.589625, 10.738942 ], [ -74.588601, 10.739417 ], [ -74.588668, 10.739192 ], [ -74.589652, 10.738639 ], [ -74.590425, 10.737896 ], [ -74.591102, 10.737608 ], [ -74.591535, 10.736483 ], [ -74.591196, 10.736125 ], [ -74.591219, 10.735598 ], [ -74.591726, 10.73488 ], [ -74.592451, 10.734185 ] ] ] } },
{ "type": "Feature", "properties": { "OBJECTID": 833.0, "NOMBRE_GEO": "Río Fundación", "PROYECTO": null, "SYMBOL": "3", "FECHA": null, "RULEID": 1, "PK_CUE": 622177.0, "GLOBALID": "{85CE106A-526A-46E5-9867-8BEFAA084C73}" }, "geometry": { "type": "Polygon", "coordinates": [ [ [ -74.427306, 10.72287 ], [ -74.427595, 10.721986 ], [ -74.428565, 10.720209 ], [ -74.428337, 10.717871 ], [ -74.428466, 10.717148 ], [ -74.428738, 10.716533 ], [ -74.429366, 10.715761 ], [ -74.432762, 10.712919 ], [ -74.433305, 10.712303 ], [ -74.433723, 10.71156 ], [ -74.43395, 10.710457 ], [ -74.433974, 10.707962 ], [ -74.434218, 10.706589 ], [ -74.434686, 10.705635 ], [ -74.436162, 10.703513 ], [ -74.436462, 10.702753 ], [ -74.43646, 10.701511 ], [ -74.435968, 10.700149 ], [ -74.436081, 10.698528 ], [ -74.437078, 10.697013 ], [ -74.438807, 10.695417 ], [ -74.439327, 10.694201 ], [ -74.439626, 10.69224 ], [ -74.440016, 10.691264 ], [ -74.441083, 10.690216 ], [ -74.442594, 10.689306 ], [ -74.447057, 10.687883 ], [ -74.448391, 10.686626 ], [ -74.448703, 10.686006 ], [ -74.449117, 10.686046 ], [ -74.449101, 10.680571 ], [ -74.449306, 10.679204 ], [ -74.449423, 10.68057 ], [ -74.449263, 10.681253 ], [ -74.449241, 10.682619 ], [ -74.449289, 10.683985 ], [ -74.44952, 10.684668 ], [ -74.449499, 10.686235 ], [ -74.450534, 10.685441 ], [ -74.451085, 10.684552 ], [ -74.451314, 10.68355 ], [ -74.450968, 10.682504 ], [ -74.450782, 10.680887 ], [ -74.450565, 10.673466 ], [ -74.450366, 10.672654 ], [ -74.44984, 10.67241 ], [ -74.450318, 10.672088 ], [ -74.450633, 10.672464 ], [ -74.450841, 10.673124 ], [ -74.450916, 10.677586 ], [ -74.451124, 10.678223 ], [ -74.450987, 10.679134 ], [ -74.451034, 10.680159 ], [ -74.451382, 10.682799 ], [ -74.451613, 10.683482 ], [ -74.451453, 10.684324 ], [ -74.451017, 10.685304 ], [ -74.449543, 10.686522 ], [ -74.448806, 10.687356 ], [ -74.44701, 10.688492 ], [ -74.442004, 10.690507 ], [ -74.441069, 10.691362 ], [ -74.440127, 10.69255 ], [ -74.439893, 10.693239 ], [ -74.439685, 10.694988 ], [ -74.43923, 10.696162 ], [ -74.436747, 10.698857 ], [ -74.436853, 10.69914 ], [ -74.436495, 10.699616 ], [ -74.436469, 10.700042 ], [ -74.436949, 10.700634 ], [ -74.43715, 10.701686 ], [ -74.437084, 10.702542 ], [ -74.436752, 10.70353 ], [ -74.436401, 10.703824 ], [ -74.435393, 10.705276 ], [ -74.434523, 10.70693 ], [ -74.43431, 10.708196 ], [ -74.434195, 10.710979 ], [ -74.43386, 10.712248 ], [ -74.433142, 10.713104 ], [ -74.430015, 10.715678 ], [ -74.429252, 10.716557 ], [ -74.428817, 10.717407 ], [ -74.428629, 10.718221 ], [ -74.428652, 10.718611 ], [ -74.429004, 10.719476 ], [ -74.428968, 10.720111 ], [ -74.428057, 10.722133 ], [ -74.42802, 10.723001 ], [ -74.427306, 10.72287 ] ], [ [ -74.450401, 10.672644 ], [ -74.450405, 10.672654 ], [ -74.450403, 10.672647 ], [ -74.450401, 10.672644 ] ] ] } },
{ "type": "Feature", "properties": { "OBJECTID": 834.0, "NOMBRE_GEO": "Caño Hondo", "PROYECTO": null, "SYMBOL": "3", "FECHA": null, "RULEID": 1, "PK_CUE": 622178.0, "GLOBALID": "{2B98E2E3-907D-421C-BE61-620A302DE82C}" }, "geometry": { "type": "Polygon", "coordinates": [ [ [ -74.596756, 10.652227 ], [ -74.597039, 10.652517 ], [ -74.596864, 10.652686 ], [ -74.593983, 10.653855 ], [ -74.592887, 10.655231 ], [ -74.591793, 10.655673 ], [ -74.590478, 10.655887 ], [ -74.589862, 10.656686 ], [ -74.588939, 10.657391 ], [ -74.588811, 10.657471 ], [ -74.588573, 10.657167 ], [ -74.589206, 10.65676 ], [ -74.590035, 10.65581 ], [ -74.590939, 10.655416 ], [ -74.592189, 10.655241 ], [ -74.592835, 10.65471 ], [ -74.593648, 10.653769 ], [ -74.596382, 10.652633 ], [ -74.596756, 10.652227 ] ] ] } },
{ "type": "Feature", "properties": { "OBJECTID": 835.0, "NOMBRE_GEO": "Caño La Isla", "PROYECTO": null, "SYMBOL": "3", "FECHA": null, "RULEID": 1, "PK_CUE": 622179.0, "GLOBALID": "{3FE140A6-5F4C-45FA-BA05-0223E440EDDC}" }, "geometry": { "type": "Polygon", "coordinates": [ [ [ -74.596756, 10.652227 ], [ -74.596877, 10.651566 ], [ -74.595219, 10.650275 ], [ -74.594435, 10.64933 ], [ -74.594281, 10.648749 ], [ -74.594441, 10.647912 ], [ -74.59436, 10.647309 ], [ -74.593415, 10.645945 ], [ -74.592819, 10.644113 ], [ -74.59229, 10.643422 ], [ -74.590739, 10.641945 ], [ -74.591252, 10.642118 ], [ -74.591929, 10.642588 ], [ -74.593199, 10.644122 ], [ -74.593561, 10.645431 ], [ -74.594636, 10.647109 ], [ -74.594816, 10.649315 ], [ -74.595369, 10.649997 ], [ -74.596997, 10.651167 ], [ -74.597246, 10.651516 ], [ -74.597244, 10.651985 ], [ -74.597039, 10.652517 ], [ -74.596756, 10.652227 ] ] ] } },
{ "type": "Feature", "properties": { "OBJECTID": 836.0, "NOMBRE_GEO": "Caño El Socorro", "PROYECTO": null, "SYMBOL": "3", "FECHA": null, "RULEID": 1, "PK_CUE": 622180.0, "GLOBALID": "{0CDDCE0F-2E57-4EAF-9C93-1B857ED57702}" }, "geometry": { "type": "Polygon", "coordinates": [ [ [ -74.560363, 10.657582 ], [ -74.560682, 10.657904 ], [ -74.559912, 10.658115 ], [ -74.558849, 10.657966 ], [ -74.556296, 10.658363 ], [ -74.552961, 10.657456 ], [ -74.55156, 10.657583 ], [ -74.550966, 10.657469 ], [ -74.552286, 10.657246 ], [ -74.553594, 10.657316 ], [ -74.556363, 10.658074 ], [ -74.558121, 10.657916 ], [ -74.558971, 10.657658 ], [ -74.559943, 10.657811 ], [ -74.560363, 10.657582 ] ] ] } },
{ "type": "Feature", "properties": { "OBJECTID": 837.0, "NOMBRE_GEO": "Caño El Condazo", "PROYECTO": null, "SYMBOL": "3", "FECHA": null, "RULEID": 1, "PK_CUE": 622079.0, "GLOBALID": "{2E82F3BB-4EA1-49E0-9B60-6F049516A0B1}" }, "geometry": { "type": "Polygon", "coordinates": [ [ [ -74.558263, 10.660178 ], [ -74.55859, 10.659896 ], [ -74.559088, 10.659805 ], [ -74.559525, 10.660459 ], [ -74.559855, 10.66064 ], [ -74.560494, 10.660391 ], [ -74.560734, 10.660119 ], [ -74.560971, 10.659309 ], [ -74.560974, 10.658488 ], [ -74.56077, 10.658004 ], [ -74.560363, 10.657582 ], [ -74.560488, 10.657231 ], [ -74.560416, 10.655015 ], [ -74.560626, 10.654175 ], [ -74.560471, 10.653795 ], [ -74.559928, 10.653376 ], [ -74.559901, 10.653036 ], [ -74.560468, 10.65228 ], [ -74.562521, 10.650822 ], [ -74.563183, 10.650787 ], [ -74.563511, 10.651124 ], [ -74.563957, 10.65116 ], [ -74.56477, 10.650847 ], [ -74.565407, 10.6501 ], [ -74.565812, 10.649453 ], [ -74.566159, 10.648477 ], [ -74.566158, 10.648132 ], [ -74.565998, 10.647831 ], [ -74.565116, 10.647208 ], [ -74.565034, 10.646794 ], [ -74.565242, 10.646598 ], [ -74.565503, 10.646512 ], [ -74.565721, 10.646612 ], [ -74.566084, 10.647271 ], [ -74.566854, 10.647471 ], [ -74.568217, 10.647411 ], [ -74.570828, 10.646618 ], [ -74.572322, 10.646429 ], [ -74.573324, 10.647088 ], [ -74.574325, 10.647244 ], [ -74.574818, 10.647143 ], [ -74.576674, 10.64625 ], [ -74.577558, 10.645631 ], [ -74.577761, 10.645358 ], [ -74.578397, 10.644453 ], [ -74.578498, 10.643937 ], [ -74.57834, 10.642929 ], [ -74.579855, 10.63918 ], [ -74.579782, 10.63756 ], [ -74.579908, 10.636902 ], [ -74.581051, 10.636355 ], [ -74.581716, 10.63584 ], [ -74.581734, 10.634655 ], [ -74.581531, 10.63395 ], [ -74.580381, 10.633139 ], [ -74.58015, 10.632816 ], [ -74.580147, 10.631226 ], [ -74.580582, 10.630304 ], [ -74.58086, 10.629993 ], [ -74.582369, 10.628938 ], [ -74.582973, 10.628315 ], [ -74.583078, 10.627824 ], [ -74.582765, 10.627263 ], [ -74.582728, 10.626665 ], [ -74.583011, 10.626108 ], [ -74.583289, 10.625876 ], [ -74.583778, 10.625829 ], [ -74.585301, 10.626027 ], [ -74.586529, 10.626643 ], [ -74.588322, 10.627108 ], [ -74.589468, 10.626968 ], [ -74.590749, 10.626383 ], [ -74.592227, 10.626482 ], [ -74.593063, 10.627357 ], [ -74.594583, 10.628311 ], [ -74.595949, 10.629399 ], [ -74.596907, 10.629886 ], [ -74.598233, 10.630505 ], [ -74.599317, 10.630733 ], [ -74.600427, 10.630739 ], [ -74.602174, 10.63152 ], [ -74.604173, 10.631869 ], [ -74.605723, 10.632986 ], [ -74.607625, 10.633508 ], [ -74.608659, 10.634099 ], [ -74.608955, 10.634162 ], [ -74.609008, 10.634002 ], [ -74.609559, 10.634955 ], [ -74.609624, 10.635301 ], [ -74.609092, 10.635214 ], [ -74.608769, 10.634714 ], [ -74.608197, 10.634264 ], [ -74.606269, 10.633446 ], [ -74.605167, 10.633152 ], [ -74.604639, 10.632577 ], [ -74.603873, 10.632209 ], [ -74.602363, 10.632008 ], [ -74.600472, 10.631007 ], [ -74.598949, 10.630925 ], [ -74.596492, 10.63026 ], [ -74.595388, 10.629659 ], [ -74.593819, 10.628303 ], [ -74.593016, 10.62795 ], [ -74.592827, 10.627639 ], [ -74.592483, 10.627494 ], [ -74.592224, 10.626997 ], [ -74.590845, 10.626979 ], [ -74.589402, 10.627496 ], [ -74.588529, 10.62755 ], [ -74.5872, 10.627254 ], [ -74.584641, 10.626276 ], [ -74.583966, 10.626182 ], [ -74.583211, 10.626317 ], [ -74.583249, 10.62737 ], [ -74.583458, 10.627741 ], [ -74.583058, 10.628793 ], [ -74.582889, 10.629069 ], [ -74.581138, 10.630459 ], [ -74.580573, 10.63199 ], [ -74.580598, 10.63266 ], [ -74.580719, 10.632875 ], [ -74.581893, 10.633639 ], [ -74.582389, 10.634409 ], [ -74.582421, 10.635426 ], [ -74.582305, 10.636014 ], [ -74.581862, 10.636629 ], [ -74.58104, 10.637196 ], [ -74.580929, 10.638945 ], [ -74.579844, 10.640333 ], [ -74.579409, 10.641141 ], [ -74.579239, 10.642504 ], [ -74.579549, 10.644047 ], [ -74.579472, 10.644719 ], [ -74.578765, 10.645091 ], [ -74.577486, 10.646263 ], [ -74.576356, 10.646882 ], [ -74.575138, 10.647358 ], [ -74.574398, 10.64756 ], [ -74.573412, 10.64759 ], [ -74.572235, 10.646917 ], [ -74.571597, 10.646904 ], [ -74.570524, 10.647049 ], [ -74.568131, 10.647857 ], [ -74.566826, 10.648433 ], [ -74.566551, 10.648777 ], [ -74.566277, 10.649653 ], [ -74.564785, 10.65145 ], [ -74.564481, 10.651665 ], [ -74.563611, 10.651868 ], [ -74.562986, 10.651309 ], [ -74.562507, 10.651252 ], [ -74.562029, 10.651784 ], [ -74.560569, 10.652568 ], [ -74.560269, 10.652869 ], [ -74.560118, 10.653247 ], [ -74.560732, 10.653649 ], [ -74.560858, 10.654149 ], [ -74.560721, 10.657363 ], [ -74.561145, 10.658126 ], [ -74.561215, 10.658672 ], [ -74.560902, 10.660261 ], [ -74.560496, 10.66066 ], [ -74.559818, 10.660829 ], [ -74.55953, 10.660712 ], [ -74.559074, 10.660115 ], [ -74.558573, 10.660182 ], [ -74.558191, 10.661013 ], [ -74.55773, 10.661522 ], [ -74.557261, 10.66188 ], [ -74.556359, 10.662201 ], [ -74.555191, 10.6633 ], [ -74.554428, 10.66444 ], [ -74.553774, 10.665999 ], [ -74.553296, 10.666483 ], [ -74.553019, 10.66621 ], [ -74.553708, 10.665587 ], [ -74.554274, 10.664148 ], [ -74.55521, 10.662655 ], [ -74.555862, 10.661958 ], [ -74.556787, 10.661738 ], [ -74.55722, 10.661489 ], [ -74.557788, 10.660957 ], [ -74.558263, 10.660178 ] ] ] } },
{ "type": "Feature", "properties": { "OBJECTID": 838.0, "NOMBRE_GEO": "Caño El Morro", "PROYECTO": null, "SYMBOL": "3", "FECHA": null, "RULEID": 1, "PK_CUE": 622182.0, "GLOBALID": "{99E77157-83CA-4F86-8D01-D68F35D2313D}" }, "geometry": { "type": "Polygon", "coordinates": [ [ [ -74.517262, 10.676018 ], [ -74.516347, 10.675081 ], [ -74.516221, 10.674825 ], [ -74.516348, 10.674375 ], [ -74.516559, 10.674375 ], [ -74.516378, 10.674645 ], [ -74.516678, 10.675213 ], [ -74.517293, 10.675796 ], [ -74.517426, 10.675765 ], [ -74.51765, 10.675571 ], [ -74.518944, 10.675202 ], [ -74.519613, 10.674828 ], [ -74.520005, 10.674259 ], [ -74.520225, 10.673535 ], [ -74.520617, 10.673154 ], [ -74.521821, 10.673089 ], [ -74.523073, 10.673544 ], [ -74.523377, 10.673419 ], [ -74.524471, 10.672478 ], [ -74.52582, 10.672098 ], [ -74.526512, 10.671588 ], [ -74.526889, 10.670711 ], [ -74.527003, 10.670021 ], [ -74.527599, 10.668961 ], [ -74.527336, 10.668391 ], [ -74.527136, 10.668287 ], [ -74.527062, 10.667509 ], [ -74.527219, 10.667146 ], [ -74.52747, 10.666959 ], [ -74.527846, 10.665858 ], [ -74.528223, 10.665525 ], [ -74.528957, 10.665192 ], [ -74.531191, 10.664359 ], [ -74.532155, 10.663475 ], [ -74.532574, 10.663288 ], [ -74.533896, 10.663099 ], [ -74.535481, 10.663439 ], [ -74.537232, 10.663094 ], [ -74.538208, 10.662667 ], [ -74.539256, 10.662881 ], [ -74.539893, 10.663214 ], [ -74.540636, 10.662863 ], [ -74.541562, 10.662957 ], [ -74.542473, 10.663408 ], [ -74.544169, 10.664516 ], [ -74.544687, 10.665073 ], [ -74.545479, 10.665423 ], [ -74.546011, 10.665844 ], [ -74.546639, 10.666066 ], [ -74.547416, 10.666114 ], [ -74.547914, 10.666345 ], [ -74.548712, 10.667026 ], [ -74.548958, 10.667388 ], [ -74.549083, 10.667889 ], [ -74.549356, 10.668026 ], [ -74.550044, 10.667868 ], [ -74.553019, 10.66621 ], [ -74.553296, 10.666483 ], [ -74.550269, 10.668087 ], [ -74.549339, 10.66826 ], [ -74.548803, 10.667975 ], [ -74.548068, 10.666847 ], [ -74.547366, 10.666492 ], [ -74.546311, 10.666367 ], [ -74.545265, 10.66581 ], [ -74.542244, 10.663488 ], [ -74.541433, 10.663117 ], [ -74.540808, 10.663066 ], [ -74.539772, 10.66349 ], [ -74.538517, 10.662921 ], [ -74.537893, 10.662958 ], [ -74.53759, 10.663332 ], [ -74.53545, 10.663636 ], [ -74.534822, 10.66361 ], [ -74.533959, 10.663327 ], [ -74.533225, 10.663337 ], [ -74.53226, 10.663641 ], [ -74.531915, 10.664223 ], [ -74.528255, 10.665785 ], [ -74.528056, 10.665982 ], [ -74.527879, 10.666688 ], [ -74.527303, 10.667571 ], [ -74.527276, 10.667806 ], [ -74.527399, 10.668329 ], [ -74.527588, 10.668328 ], [ -74.52765, 10.66783 ], [ -74.527792, 10.667643 ], [ -74.528059, 10.667757 ], [ -74.527883, 10.669262 ], [ -74.527537, 10.669511 ], [ -74.527296, 10.669896 ], [ -74.527172, 10.670944 ], [ -74.526481, 10.672066 ], [ -74.524457, 10.672768 ], [ -74.523671, 10.673564 ], [ -74.523048, 10.673803 ], [ -74.522617, 10.673734 ], [ -74.521979, 10.673369 ], [ -74.520948, 10.673308 ], [ -74.520476, 10.673604 ], [ -74.51988, 10.674991 ], [ -74.518669, 10.675568 ], [ -74.51794, 10.675708 ], [ -74.517262, 10.676018 ] ] ] } },
{ "type": "Feature", "properties": { "OBJECTID": 839.0, "NOMBRE_GEO": "Caño Shiller", "PROYECTO": null, "SYMBOL": "3", "FECHA": null, "RULEID": 1, "PK_CUE": 622232.0, "GLOBALID": "{3AB93B1C-95A6-4F0C-AF8E-C7B25C327C0D}" }, "geometry": { "type": "Polygon", "coordinates": [ [ [ -74.611251, 10.471238 ], [ -74.611748, 10.471134 ], [ -74.611512, 10.471523 ], [ -74.611366, 10.472927 ], [ -74.610692, 10.474139 ], [ -74.61014, 10.474668 ], [ -74.608978, 10.475435 ], [ -74.60756, 10.475942 ], [ -74.600309, 10.476334 ], [ -74.599394, 10.476257 ], [ -74.59851, 10.475981 ], [ -74.597186, 10.475779 ], [ -74.596445, 10.47575 ], [ -74.59601, 10.475906 ], [ -74.595727, 10.476228 ], [ -74.595528, 10.476765 ], [ -74.595502, 10.477429 ], [ -74.595339, 10.47768 ], [ -74.594888, 10.477958 ], [ -74.594129, 10.478041 ], [ -74.59317, 10.47799 ], [ -74.591007, 10.477522 ], [ -74.590709, 10.477202 ], [ -74.589929, 10.475749 ], [ -74.589954, 10.47558 ], [ -74.590552, 10.475679 ], [ -74.590936, 10.476498 ], [ -74.591774, 10.477203 ], [ -74.592577, 10.477544 ], [ -74.593333, 10.477644 ], [ -74.595095, 10.47752 ], [ -74.595346, 10.476235 ], [ -74.59565, 10.475817 ], [ -74.596329, 10.475396 ], [ -74.600635, 10.475941 ], [ -74.604798, 10.475888 ], [ -74.607266, 10.475634 ], [ -74.608788, 10.474995 ], [ -74.609944, 10.474091 ], [ -74.610587, 10.473145 ], [ -74.611251, 10.471238 ] ] ] } },
{ "type": "Feature", "properties": { "OBJECTID": 840.0, "NOMBRE_GEO": null, "PROYECTO": null, "SYMBOL": "3", "FECHA": null, "RULEID": 1, "PK_CUE": 622233.0, "GLOBALID": "{BED70FE6-1A39-4B96-ACAD-87447C984A6D}" }, "geometry": { "type": "Polygon", "coordinates": [ [ [ -74.449827, 10.6724 ], [ -74.449516, 10.67226 ], [ -74.448835, 10.672256 ], [ -74.448193, 10.671784 ], [ -74.446948, 10.670147 ], [ -74.4469, 10.66901 ], [ -74.44729, 10.667574 ], [ -74.447428, 10.667642 ], [ -74.447315, 10.669531 ], [ -74.447523, 10.670305 ], [ -74.448791, 10.671715 ], [ -74.449205, 10.671692 ], [ -74.449319, 10.671009 ], [ -74.449619, 10.6711 ], [ -74.450318, 10.672088 ], [ -74.449827, 10.6724 ] ] ] } },
{ "type": "Feature", "properties": { "OBJECTID": 841.0, "NOMBRE_GEO": "Río Fundación", "PROYECTO": "GUJ_400", "SYMBOL": "3", "FECHA": null, "RULEID": 1, "PK_CUE": 622177.0, "GLOBALID": "{BCA7F253-CC00-4604-9C7D-E060D06612AF}" }, "geometry": { "type": "Polygon", "coordinates": [ [ [ -74.327909, 10.623371 ], [ -74.326723, 10.622944 ], [ -74.326273, 10.623433 ], [ -74.324455, 10.624309 ], [ -74.321728, 10.624459 ], [ -74.320357, 10.624186 ], [ -74.319951, 10.623624 ], [ -74.320091, 10.622326 ], [ -74.319754, 10.621867 ], [ -74.319228, 10.621948 ], [ -74.318948, 10.622579 ], [ -74.318285, 10.62268 ], [ -74.316988, 10.622538 ], [ -74.315831, 10.623211 ], [ -74.315192, 10.622888 ], [ -74.314885, 10.622284 ], [ -74.314788, 10.621674 ], [ -74.314332, 10.621268 ], [ -74.313147, 10.620707 ], [ -74.312504, 10.620662 ], [ -74.311966, 10.620928 ], [ -74.311396, 10.62211 ], [ -74.310656, 10.623234 ], [ -74.309123, 10.624555 ], [ -74.307038, 10.624568 ], [ -74.305747, 10.624809 ], [ -74.305198, 10.624332 ], [ -74.304946, 10.623072 ], [ -74.304535, 10.622576 ], [ -74.303987, 10.622305 ], [ -74.303297, 10.622301 ], [ -74.302977, 10.622026 ], [ -74.301321, 10.621466 ], [ -74.301098, 10.621061 ], [ -74.301241, 10.620735 ], [ -74.301548, 10.62049 ], [ -74.301631, 10.620133 ], [ -74.301516, 10.619763 ], [ -74.301316, 10.61959 ], [ -74.300627, 10.619624 ], [ -74.299584, 10.619914 ], [ -74.298573, 10.619711 ], [ -74.297739, 10.618882 ], [ -74.297716, 10.617799 ], [ -74.297287, 10.617261 ], [ -74.29704, 10.617261 ], [ -74.296802, 10.617522 ], [ -74.296693, 10.618083 ], [ -74.296345, 10.618623 ], [ -74.295811, 10.618768 ], [ -74.295391, 10.618679 ], [ -74.294932, 10.617631 ], [ -74.294853, 10.617189 ], [ -74.294955, 10.616732 ], [ -74.294848, 10.616415 ], [ -74.294443, 10.616186 ], [ -74.293872, 10.616274 ], [ -74.293418, 10.616851 ], [ -74.292848, 10.618552 ], [ -74.29241, 10.619113 ], [ -74.291771, 10.619583 ], [ -74.290917, 10.619695 ], [ -74.290275, 10.619409 ], [ -74.289925, 10.618879 ], [ -74.289928, 10.618222 ], [ -74.290359, 10.617368 ], [ -74.290387, 10.617002 ], [ -74.290273, 10.616871 ], [ -74.288932, 10.616902 ], [ -74.28845, 10.616516 ], [ -74.288217, 10.615998 ], [ -74.288186, 10.61395 ], [ -74.287526, 10.613572 ], [ -74.286259, 10.613559 ], [ -74.285592, 10.61317 ], [ -74.28514, 10.61259 ], [ -74.284839, 10.610893 ], [ -74.28491, 10.610236 ], [ -74.285479, 10.610028 ], [ -74.286396, 10.610834 ], [ -74.287061, 10.611047 ], [ -74.287233, 10.610953 ], [ -74.287087, 10.609397 ], [ -74.287293, 10.608765 ], [ -74.287183, 10.608468 ], [ -74.286742, 10.608032 ], [ -74.286169, 10.607913 ], [ -74.284706, 10.608586 ], [ -74.284139, 10.608581 ], [ -74.283576, 10.608306 ], [ -74.283422, 10.607725 ], [ -74.283464, 10.60714 ], [ -74.283615, 10.607008 ], [ -74.28349, 10.60701 ], [ -74.283621, 10.606202 ], [ -74.282919, 10.605125 ], [ -74.282284, 10.605198 ], [ -74.282084, 10.605538 ], [ -74.281306, 10.605331 ], [ -74.279858, 10.603967 ], [ -74.27959, 10.603381 ], [ -74.278243, 10.601989 ], [ -74.277697, 10.601749 ], [ -74.277091, 10.60175 ], [ -74.276544, 10.602051 ], [ -74.276111, 10.602584 ], [ -74.275438, 10.60265 ], [ -74.274373, 10.602449 ], [ -74.273758, 10.602571 ], [ -74.271632, 10.603424 ], [ -74.270496, 10.603339 ], [ -74.269684, 10.602336 ], [ -74.269, 10.600817 ], [ -74.268229, 10.599607 ], [ -74.267188, 10.598769 ], [ -74.266467, 10.597672 ], [ -74.266038, 10.597248 ], [ -74.265284, 10.59703 ], [ -74.265001, 10.596605 ], [ -74.2632, 10.595469 ], [ -74.26342, 10.594903 ], [ -74.264123, 10.594686 ], [ -74.265362, 10.595342 ], [ -74.2662, 10.595466 ], [ -74.266738, 10.595169 ], [ -74.266999, 10.594825 ], [ -74.265517, 10.591947 ], [ -74.263819, 10.589946 ], [ -74.263725, 10.589568 ], [ -74.262992, 10.588905 ], [ -74.26232, 10.589098 ], [ -74.260932, 10.589049 ], [ -74.260925, 10.5877 ], [ -74.261571, 10.586611 ], [ -74.26157, 10.584721 ], [ -74.261312, 10.584142 ], [ -74.26099, 10.582173 ], [ -74.260562, 10.581689 ], [ -74.259975, 10.581365 ], [ -74.259067, 10.580405 ], [ -74.258485, 10.580084 ], [ -74.25801, 10.579613 ], [ -74.257936, 10.578974 ], [ -74.258152, 10.578243 ], [ -74.257845, 10.577575 ], [ -74.256828, 10.576822 ], [ -74.255789, 10.576762 ], [ -74.255219, 10.577765 ], [ -74.254782, 10.578256 ], [ -74.25252, 10.578056 ], [ -74.251556, 10.576574 ], [ -74.251046, 10.574538 ], [ -74.248798, 10.572888 ], [ -74.248409, 10.572379 ], [ -74.247819, 10.572113 ], [ -74.246846, 10.570455 ], [ -74.244231, 10.569718 ], [ -74.243701, 10.568476 ], [ -74.243724, 10.567746 ], [ -74.244438, 10.567526 ], [ -74.245047, 10.567847 ], [ -74.246231, 10.567791 ], [ -74.246105, 10.566619 ], [ -74.245197, 10.564823 ], [ -74.244998, 10.564169 ], [ -74.244864, 10.56286 ], [ -74.2458, 10.561832 ], [ -74.246301, 10.561458 ], [ -74.24642, 10.560867 ], [ -74.246302, 10.560283 ], [ -74.245726, 10.559959 ], [ -74.245458, 10.559244 ], [ -74.244242, 10.55766 ], [ -74.243646, 10.557325 ], [ -74.24338, 10.556741 ], [ -74.242031, 10.555088 ], [ -74.241543, 10.554726 ], [ -74.240938, 10.554727 ], [ -74.240275, 10.55492 ], [ -74.239556, 10.554697 ], [ -74.239153, 10.554099 ], [ -74.238952, 10.553442 ], [ -74.239009, 10.552161 ], [ -74.238675, 10.551783 ], [ -74.238138, 10.552829 ], [ -74.237586, 10.553177 ], [ -74.236755, 10.553507 ], [ -74.236182, 10.553032 ], [ -74.235832, 10.552407 ], [ -74.235829, 10.550475 ], [ -74.235646, 10.54987 ], [ -74.235153, 10.549444 ], [ -74.233981, 10.548863 ], [ -74.233136, 10.547906 ], [ -74.232542, 10.54773 ], [ -74.231231, 10.548047 ], [ -74.230659, 10.547636 ], [ -74.230566, 10.546304 ], [ -74.230322, 10.545701 ], [ -74.229285, 10.544864 ], [ -74.229141, 10.544199 ], [ -74.228775, 10.543597 ], [ -74.227814, 10.543217 ], [ -74.227132, 10.543483 ], [ -74.225838, 10.542206 ], [ -74.22673, 10.540726 ], [ -74.226188, 10.540011 ], [ -74.225222, 10.539302 ], [ -74.223919, 10.538977 ], [ -74.223002, 10.538075 ], [ -74.221765, 10.537622 ], [ -74.221351, 10.537081 ], [ -74.220846, 10.535959 ], [ -74.220261, 10.535844 ], [ -74.21965, 10.535965 ], [ -74.219098, 10.536356 ], [ -74.215854, 10.536165 ], [ -74.21457, 10.536294 ], [ -74.214141, 10.536495 ], [ -74.213419, 10.535963 ], [ -74.212681, 10.535897 ], [ -74.21249, 10.535583 ], [ -74.211747, 10.535115 ], [ -74.211682, 10.534098 ], [ -74.211339, 10.532839 ], [ -74.210613, 10.531193 ], [ -74.210058, 10.531029 ], [ -74.209419, 10.531155 ], [ -74.208096, 10.531154 ], [ -74.206077, 10.530382 ], [ -74.203408, 10.529803 ], [ -74.202784, 10.52952 ], [ -74.202513, 10.528928 ], [ -74.201742, 10.527911 ], [ -74.20102, 10.527196 ], [ -74.200514, 10.526933 ], [ -74.199449, 10.527855 ], [ -74.198571, 10.527776 ], [ -74.197186, 10.526697 ], [ -74.195109, 10.525459 ], [ -74.19463, 10.525407 ], [ -74.192394, 10.525671 ], [ -74.1884, 10.525541 ], [ -74.185892, 10.525688 ], [ -74.185475, 10.526181 ], [ -74.184836, 10.528279 ], [ -74.184446, 10.528456 ], [ -74.18401, 10.528318 ], [ -74.183361, 10.527734 ], [ -74.182896, 10.526669 ], [ -74.182377, 10.52492 ], [ -74.182234, 10.523596 ], [ -74.181704, 10.52231 ], [ -74.180862, 10.52107 ], [ -74.179808, 10.520536 ], [ -74.179079, 10.519482 ], [ -74.178868, 10.51822 ], [ -74.178811, 10.515016 ], [ -74.178598, 10.514592 ], [ -74.178276, 10.514363 ], [ -74.177618, 10.514268 ], [ -74.176294, 10.515214 ], [ -74.175139, 10.515236 ], [ -74.174272, 10.513976 ], [ -74.17417, 10.512903 ], [ -74.172817, 10.509702 ], [ -74.172459, 10.50917 ], [ -74.171934, 10.50894 ], [ -74.17129, 10.50894 ], [ -74.170208, 10.509604 ], [ -74.16983, 10.51102 ], [ -74.169829, 10.512196 ], [ -74.169568, 10.513121 ], [ -74.168885, 10.513954 ], [ -74.167566, 10.514658 ], [ -74.165549, 10.515109 ], [ -74.164473, 10.515159 ], [ -74.163791, 10.514885 ], [ -74.16297, 10.51481 ], [ -74.161348, 10.513719 ], [ -74.160766, 10.513662 ], [ -74.159166, 10.514808 ], [ -74.158418, 10.514817 ], [ -74.157169, 10.514188 ], [ -74.155815, 10.51152 ], [ -74.155213, 10.510924 ], [ -74.154858, 10.509795 ], [ -74.154813, 10.509057 ], [ -74.154102, 10.507032 ], [ -74.152943, 10.506392 ], [ -74.152596, 10.505791 ], [ -74.152166, 10.505366 ], [ -74.150849, 10.504796 ], [ -74.148894, 10.505158 ], [ -74.146818, 10.50497 ], [ -74.145646, 10.504531 ], [ -74.144714, 10.503549 ], [ -74.143043, 10.502342 ], [ -74.141734, 10.501972 ], [ -74.141139, 10.502031 ], [ -74.140633, 10.502405 ], [ -74.140015, 10.502651 ], [ -74.139388, 10.503701 ], [ -74.139266, 10.504839 ], [ -74.139766, 10.505562 ], [ -74.139767, 10.506671 ], [ -74.139581, 10.507902 ], [ -74.138721, 10.511065 ], [ -74.138462, 10.511584 ], [ -74.137586, 10.511563 ], [ -74.13693, 10.510658 ], [ -74.136489, 10.508947 ], [ -74.135332, 10.50786 ], [ -74.134467, 10.503224 ], [ -74.134427, 10.500897 ], [ -74.134712, 10.500203 ], [ -74.135668, 10.499255 ], [ -74.135722, 10.498716 ], [ -74.135324, 10.498266 ], [ -74.134147, 10.497838 ], [ -74.13083, 10.497838 ], [ -74.129489, 10.497508 ], [ -74.128837, 10.497204 ], [ -74.128222, 10.495977 ], [ -74.128594, 10.495276 ], [ -74.129274, 10.495061 ], [ -74.130346, 10.494433 ], [ -74.130636, 10.493859 ], [ -74.130445, 10.491995 ], [ -74.129918, 10.490809 ], [ -74.130016, 10.490056 ], [ -74.130654, 10.489632 ], [ -74.131911, 10.489238 ], [ -74.133869, 10.489043 ], [ -74.134916, 10.488432 ], [ -74.135269, 10.487967 ], [ -74.135268, 10.486761 ], [ -74.134121, 10.484931 ], [ -74.13369, 10.484504 ], [ -74.13315, 10.484208 ], [ -74.131901, 10.484208 ], [ -74.131281, 10.484392 ], [ -74.130685, 10.484718 ], [ -74.130023, 10.484787 ], [ -74.129489, 10.485022 ], [ -74.129099, 10.485531 ], [ -74.128505, 10.485862 ], [ -74.127591, 10.486765 ], [ -74.126918, 10.486974 ], [ -74.125937, 10.487813 ], [ -74.123944, 10.488046 ], [ -74.123615, 10.487184 ], [ -74.123923, 10.485286 ], [ -74.124172, 10.484703 ], [ -74.124172, 10.48398 ], [ -74.123847, 10.483381 ], [ -74.123789, 10.480752 ], [ -74.123304, 10.480362 ], [ -74.122014, 10.480918 ], [ -74.121235, 10.480922 ], [ -74.119822, 10.480752 ], [ -74.118055, 10.479718 ], [ -74.116727, 10.479488 ], [ -74.116098, 10.479719 ], [ -74.115933, 10.479664 ], [ -74.114285, 10.478531 ], [ -74.113702, 10.477379 ], [ -74.113393, 10.476143 ], [ -74.112377, 10.474371 ], [ -74.111977, 10.473918 ], [ -74.110851, 10.473273 ], [ -74.109588, 10.472915 ], [ -74.105517, 10.472312 ], [ -74.104873, 10.472051 ], [ -74.104042, 10.471113 ], [ -74.10275, 10.471057 ], [ -74.101858, 10.472018 ], [ -74.101162, 10.472016 ], [ -74.098484, 10.471354 ], [ -74.095782, 10.470198 ], [ -74.095275, 10.469759 ], [ -74.094022, 10.468166 ], [ -74.093439, 10.468061 ], [ -74.092969, 10.468371 ], [ -74.092778, 10.470349 ], [ -74.091931, 10.470393 ], [ -74.091318, 10.469983 ], [ -74.091303, 10.469287 ], [ -74.091074, 10.468663 ], [ -74.090674, 10.468211 ], [ -74.090222, 10.467942 ], [ -74.088914, 10.467954 ], [ -74.087987, 10.467382 ], [ -74.087216, 10.465355 ], [ -74.086758, 10.464592 ], [ -74.08672, 10.464134 ], [ -74.086388, 10.463368 ], [ -74.086649, 10.462721 ], [ -74.087568, 10.461628 ], [ -74.088669, 10.460837 ], [ -74.089068, 10.460386 ], [ -74.08923, 10.459797 ], [ -74.088507, 10.458805 ], [ -74.087583, 10.458483 ], [ -74.086641, 10.457303 ], [ -74.086393, 10.45662 ], [ -74.086849, 10.456093 ], [ -74.087379, 10.455742 ], [ -74.087599, 10.455197 ], [ -74.087544, 10.454597 ], [ -74.086596, 10.453783 ], [ -74.085742, 10.452817 ], [ -74.085477, 10.45233 ], [ -74.085477, 10.450101 ], [ -74.085607, 10.449406 ], [ -74.087024, 10.449279 ], [ -74.087614, 10.449066 ], [ -74.087722, 10.44719 ], [ -74.087136, 10.446031 ], [ -74.086102, 10.445349 ], [ -74.084672, 10.445172 ], [ -74.084028, 10.44523 ], [ -74.083387, 10.445403 ], [ -74.08283, 10.445766 ], [ -74.082135, 10.445832 ], [ -74.080645, 10.445549 ], [ -74.080441, 10.444837 ], [ -74.08044, 10.443527 ], [ -74.079363, 10.441874 ], [ -74.079167, 10.441173 ], [ -74.080022, 10.440156 ], [ -74.080398, 10.4387 ], [ -74.080288, 10.437837 ], [ -74.079719, 10.437183 ], [ -74.079288, 10.437011 ], [ -74.078426, 10.436938 ], [ -74.077068, 10.437528 ], [ -74.075307, 10.437862 ], [ -74.074782, 10.438342 ], [ -74.074334, 10.438301 ], [ -74.073738, 10.438596 ], [ -74.073525, 10.438793 ], [ -74.07329, 10.439355 ], [ -74.073667, 10.44076 ], [ -74.074029, 10.441333 ], [ -74.073678, 10.441951 ], [ -74.072704, 10.441922 ], [ -74.071336, 10.441454 ], [ -74.069803, 10.441937 ], [ -74.067992, 10.440928 ], [ -74.067553, 10.440513 ], [ -74.06732, 10.440026 ], [ -74.067407, 10.439469 ], [ -74.068215, 10.438792 ], [ -74.068675, 10.438121 ], [ -74.06882, 10.437596 ], [ -74.068733, 10.437226 ], [ -74.067565, 10.436149 ], [ -74.066786, 10.435943 ], [ -74.064846, 10.43496 ], [ -74.062159, 10.43476 ], [ -74.061018, 10.434813 ], [ -74.060114, 10.435026 ], [ -74.057279, 10.436503 ], [ -74.056209, 10.436483 ], [ -74.055883, 10.436362 ], [ -74.055597, 10.435602 ], [ -74.05588, 10.433557 ], [ -74.05562, 10.432829 ], [ -74.055007, 10.432775 ], [ -74.054174, 10.433736 ], [ -74.05347, 10.433868 ], [ -74.05258, 10.433537 ], [ -74.052058, 10.432626 ], [ -74.052229, 10.431945 ], [ -74.052694, 10.431294 ], [ -74.052701, 10.430768 ], [ -74.052446, 10.43067 ], [ -74.051719, 10.43073 ], [ -74.051146, 10.431278 ], [ -74.05059, 10.431024 ], [ -74.049912, 10.430942 ], [ -74.047741, 10.428749 ], [ -74.047293, 10.427802 ], [ -74.047387, 10.426958 ], [ -74.047819, 10.425766 ], [ -74.04762, 10.425162 ], [ -74.047165, 10.42509 ], [ -74.044815, 10.426586 ], [ -74.043535, 10.426778 ], [ -74.042524, 10.42757 ], [ -74.041621, 10.427776 ], [ -74.041037, 10.428063 ], [ -74.039766, 10.428032 ], [ -74.038537, 10.427658 ], [ -74.036439, 10.427676 ], [ -74.035574, 10.427465 ], [ -74.034156, 10.42738 ], [ -74.031549, 10.426693 ], [ -74.030477, 10.427742 ], [ -74.02991, 10.42805 ], [ -74.029314, 10.427993 ], [ -74.029094, 10.428186 ], [ -74.029001, 10.428451 ], [ -74.029156, 10.42902 ], [ -74.028669, 10.42991 ], [ -74.026817, 10.430873 ], [ -74.024699, 10.431207 ], [ -74.021229, 10.433166 ], [ -74.020752, 10.433288 ], [ -74.020483, 10.434005 ], [ -74.020418, 10.434602 ], [ -74.020088, 10.434939 ], [ -74.018127, 10.434881 ], [ -74.017717, 10.434985 ], [ -74.016872, 10.435927 ], [ -74.015794, 10.436659 ], [ -74.014915, 10.436693 ], [ -74.013634, 10.436172 ], [ -74.012915, 10.436239 ], [ -74.012164, 10.436611 ], [ -74.01183, 10.437464 ], [ -74.011179, 10.438163 ], [ -74.008884, 10.438754 ], [ -74.007637, 10.439787 ], [ -74.006602, 10.440041 ], [ -74.005099, 10.440064 ], [ -74.004281, 10.440675 ], [ -74.003872, 10.441231 ], [ -74.002359, 10.441766 ], [ -74.001949, 10.441693 ], [ -74.001174, 10.442577 ], [ -74.000639, 10.442879 ], [ -73.999722, 10.443037 ], [ -73.998735, 10.442648 ], [ -73.996549, 10.442684 ], [ -73.995185, 10.443648 ], [ -73.993975, 10.444978 ], [ -73.993308, 10.445418 ], [ -73.989441, 10.445286 ], [ -73.986941, 10.44626 ], [ -73.985067, 10.446719 ], [ -73.984071, 10.447371 ], [ -73.982147, 10.449946 ], [ -73.980424, 10.451786 ], [ -73.979052, 10.452967 ], [ -73.979133, 10.452491 ], [ -73.980244, 10.451605 ], [ -73.981951, 10.449782 ], [ -73.983781, 10.447304 ], [ -73.984944, 10.446492 ], [ -73.986096, 10.446187 ], [ -73.987303, 10.445676 ], [ -73.988046, 10.445571 ], [ -73.989337, 10.445046 ], [ -73.993227, 10.445174 ], [ -73.993806, 10.444787 ], [ -73.99495, 10.443514 ], [ -73.996029, 10.442834 ], [ -73.996241, 10.442517 ], [ -73.997905, 10.442081 ], [ -73.998914, 10.442229 ], [ -73.999722, 10.442694 ], [ -74.000729, 10.442547 ], [ -74.001048, 10.442346 ], [ -74.001789, 10.441492 ], [ -74.003065, 10.441186 ], [ -74.003721, 10.440856 ], [ -74.004777, 10.439696 ], [ -74.006055, 10.439696 ], [ -74.007331, 10.439511 ], [ -74.008809, 10.438496 ], [ -74.011008, 10.437924 ], [ -74.01157, 10.437393 ], [ -74.011917, 10.436517 ], [ -74.01284, 10.435879 ], [ -74.013713, 10.435799 ], [ -74.014335, 10.436185 ], [ -74.015373, 10.436308 ], [ -74.015947, 10.436168 ], [ -74.016689, 10.435743 ], [ -74.017023, 10.435059 ], [ -74.017501, 10.434476 ], [ -74.019984, 10.434564 ], [ -74.020583, 10.433106 ], [ -74.024244, 10.431161 ], [ -74.02543, 10.430761 ], [ -74.026726, 10.430514 ], [ -74.027265, 10.430066 ], [ -74.027873, 10.4299 ], [ -74.028645, 10.429484 ], [ -74.02875, 10.429329 ], [ -74.028562, 10.428948 ], [ -74.028572, 10.428242 ], [ -74.029066, 10.427581 ], [ -74.029538, 10.427651 ], [ -74.030059, 10.427519 ], [ -74.030882, 10.426628 ], [ -74.031244, 10.426579 ], [ -74.031486, 10.426312 ], [ -74.031713, 10.426312 ], [ -74.031978, 10.426555 ], [ -74.034091, 10.427115 ], [ -74.035829, 10.427212 ], [ -74.036354, 10.427451 ], [ -74.038563, 10.427405 ], [ -74.039805, 10.427781 ], [ -74.041024, 10.42781 ], [ -74.04256, 10.427151 ], [ -74.043428, 10.426577 ], [ -74.044725, 10.426291 ], [ -74.045648, 10.42559 ], [ -74.047128, 10.42482 ], [ -74.047587, 10.424728 ], [ -74.047999, 10.424813 ], [ -74.048351, 10.42505 ], [ -74.04838, 10.425413 ], [ -74.047701, 10.426803 ], [ -74.047547, 10.427695 ], [ -74.047612, 10.428058 ], [ -74.04794, 10.428589 ], [ -74.050066, 10.430725 ], [ -74.050665, 10.430781 ], [ -74.051111, 10.430992 ], [ -74.051665, 10.430455 ], [ -74.052232, 10.430467 ], [ -74.05273, 10.430319 ], [ -74.052999, 10.430445 ], [ -74.052938, 10.43138 ], [ -74.052461, 10.432059 ], [ -74.052312, 10.432662 ], [ -74.052964, 10.433397 ], [ -74.053489, 10.433514 ], [ -74.053976, 10.433382 ], [ -74.054362, 10.432852 ], [ -74.054949, 10.432373 ], [ -74.055737, 10.432578 ], [ -74.056127, 10.433368 ], [ -74.05591, 10.435263 ], [ -74.056208, 10.436129 ], [ -74.056617, 10.436258 ], [ -74.057247, 10.436244 ], [ -74.060006, 10.434795 ], [ -74.060848, 10.434583 ], [ -74.062139, 10.434507 ], [ -74.064922, 10.434718 ], [ -74.06692, 10.435722 ], [ -74.067698, 10.435931 ], [ -74.068959, 10.437093 ], [ -74.06908, 10.437543 ], [ -74.068912, 10.438224 ], [ -74.068407, 10.438963 ], [ -74.067652, 10.439593 ], [ -74.067568, 10.439947 ], [ -74.067746, 10.440348 ], [ -74.068141, 10.440722 ], [ -74.069832, 10.441677 ], [ -74.071341, 10.441194 ], [ -74.071834, 10.441277 ], [ -74.072695, 10.441659 ], [ -74.073523, 10.441724 ], [ -74.073765, 10.441329 ], [ -74.073354, 10.44076 ], [ -74.073361, 10.440253 ], [ -74.07308, 10.439717 ], [ -74.073033, 10.439343 ], [ -74.07314, 10.438917 ], [ -74.073653, 10.438287 ], [ -74.073922, 10.438146 ], [ -74.074678, 10.438098 ], [ -74.075238, 10.437613 ], [ -74.077811, 10.437002 ], [ -74.078435, 10.436611 ], [ -74.079279, 10.436729 ], [ -74.080416, 10.437419 ], [ -74.080747, 10.438173 ], [ -74.080701, 10.438918 ], [ -74.08034, 10.439637 ], [ -74.080227, 10.440239 ], [ -74.079844, 10.44081 ], [ -74.0794, 10.441196 ], [ -74.079558, 10.44177 ], [ -74.080654, 10.443466 ], [ -74.08066, 10.444808 ], [ -74.080821, 10.445395 ], [ -74.082127, 10.445615 ], [ -74.082758, 10.445558 ], [ -74.083299, 10.445203 ], [ -74.083994, 10.445015 ], [ -74.084683, 10.444955 ], [ -74.086161, 10.445138 ], [ -74.0868, 10.445453 ], [ -74.087307, 10.445892 ], [ -74.087937, 10.447137 ], [ -74.087941, 10.448493 ], [ -74.087793, 10.449218 ], [ -74.087064, 10.449494 ], [ -74.085801, 10.449548 ], [ -74.085696, 10.450118 ], [ -74.085696, 10.452301 ], [ -74.086752, 10.453629 ], [ -74.087297, 10.45399 ], [ -74.087757, 10.454531 ], [ -74.087819, 10.455227 ], [ -74.087566, 10.455862 ], [ -74.086624, 10.456676 ], [ -74.086833, 10.457194 ], [ -74.087721, 10.458307 ], [ -74.088638, 10.45862 ], [ -74.089457, 10.459757 ], [ -74.089254, 10.460505 ], [ -74.088815, 10.461001 ], [ -74.087725, 10.461779 ], [ -74.086836, 10.462836 ], [ -74.086615, 10.463382 ], [ -74.087147, 10.464324 ], [ -74.087168, 10.464747 ], [ -74.088384, 10.467263 ], [ -74.088939, 10.467585 ], [ -74.090173, 10.467663 ], [ -74.090812, 10.46804 ], [ -74.091273, 10.46857 ], [ -74.09152, 10.469246 ], [ -74.091522, 10.46987 ], [ -74.091992, 10.47018 ], [ -74.092587, 10.47018 ], [ -74.092765, 10.468272 ], [ -74.093429, 10.467839 ], [ -74.094155, 10.467985 ], [ -74.095439, 10.469615 ], [ -74.095904, 10.470017 ], [ -74.09722, 10.470488 ], [ -74.098552, 10.471147 ], [ -74.101202, 10.471801 ], [ -74.101801, 10.471801 ], [ -74.102658, 10.470848 ], [ -74.10411, 10.470901 ], [ -74.10501, 10.471879 ], [ -74.105583, 10.472105 ], [ -74.109638, 10.472703 ], [ -74.110928, 10.473068 ], [ -74.112112, 10.473745 ], [ -74.112562, 10.474251 ], [ -74.113604, 10.476071 ], [ -74.11391, 10.477309 ], [ -74.114458, 10.478395 ], [ -74.115971, 10.479415 ], [ -74.116719, 10.47921 ], [ -74.11813, 10.479455 ], [ -74.119919, 10.480496 ], [ -74.121258, 10.480651 ], [ -74.121942, 10.480651 ], [ -74.122501, 10.480338 ], [ -74.123423, 10.480109 ], [ -74.124053, 10.480591 ], [ -74.12412, 10.483328 ], [ -74.124446, 10.483936 ], [ -74.124444, 10.484757 ], [ -74.12419, 10.485351 ], [ -74.123892, 10.487182 ], [ -74.124088, 10.487765 ], [ -74.125809, 10.487566 ], [ -74.126779, 10.486738 ], [ -74.127435, 10.486537 ], [ -74.128331, 10.485651 ], [ -74.128917, 10.485325 ], [ -74.129332, 10.484795 ], [ -74.129952, 10.484523 ], [ -74.130599, 10.484457 ], [ -74.131841, 10.483943 ], [ -74.13323, 10.483944 ], [ -74.133857, 10.484288 ], [ -74.134339, 10.484765 ], [ -74.135535, 10.486677 ], [ -74.135529, 10.488072 ], [ -74.135098, 10.488637 ], [ -74.133957, 10.489301 ], [ -74.131988, 10.489499 ], [ -74.13076, 10.489885 ], [ -74.130249, 10.490222 ], [ -74.130194, 10.490769 ], [ -74.130706, 10.49191 ], [ -74.130841, 10.492573 ], [ -74.130905, 10.493927 ], [ -74.130537, 10.494639 ], [ -74.129397, 10.495305 ], [ -74.128777, 10.495492 ], [ -74.128511, 10.495966 ], [ -74.129043, 10.497016 ], [ -74.129581, 10.497253 ], [ -74.130852, 10.497567 ], [ -74.134194, 10.497569 ], [ -74.135476, 10.498037 ], [ -74.135983, 10.498603 ], [ -74.135918, 10.499385 ], [ -74.134937, 10.500362 ], [ -74.134697, 10.500958 ], [ -74.134743, 10.503214 ], [ -74.135588, 10.507746 ], [ -74.136728, 10.508805 ], [ -74.137185, 10.510552 ], [ -74.137744, 10.511326 ], [ -74.138263, 10.511372 ], [ -74.138459, 10.510983 ], [ -74.139312, 10.507847 ], [ -74.139493, 10.506653 ], [ -74.139493, 10.505614 ], [ -74.138995, 10.504909 ], [ -74.139133, 10.503592 ], [ -74.139829, 10.502438 ], [ -74.140497, 10.502168 ], [ -74.141035, 10.501774 ], [ -74.141731, 10.5017 ], [ -74.143179, 10.502105 ], [ -74.144898, 10.503347 ], [ -74.145799, 10.504302 ], [ -74.146933, 10.504716 ], [ -74.148879, 10.504887 ], [ -74.150853, 10.504524 ], [ -74.152333, 10.505149 ], [ -74.152815, 10.505626 ], [ -74.153134, 10.50619 ], [ -74.154322, 10.50686 ], [ -74.15492, 10.508747 ], [ -74.156288, 10.511326 ], [ -74.157271, 10.513518 ], [ -74.157887, 10.514075 ], [ -74.158569, 10.51436 ], [ -74.159597, 10.514199 ], [ -74.160066, 10.513738 ], [ -74.160737, 10.513387 ], [ -74.161451, 10.513466 ], [ -74.163074, 10.514554 ], [ -74.163854, 10.514618 ], [ -74.164515, 10.514887 ], [ -74.165513, 10.51484 ], [ -74.167465, 10.514405 ], [ -74.168712, 10.51374 ], [ -74.169321, 10.512998 ], [ -74.169556, 10.51216 ], [ -74.169558, 10.510975 ], [ -74.169962, 10.509431 ], [ -74.171214, 10.508676 ], [ -74.171999, 10.508673 ], [ -74.172641, 10.50896 ], [ -74.173065, 10.509583 ], [ -74.174431, 10.51282 ], [ -74.174631, 10.513895 ], [ -74.175013, 10.514549 ], [ -74.175853, 10.514868 ], [ -74.178083, 10.513466 ], [ -74.178926, 10.514101 ], [ -74.179185, 10.515171 ], [ -74.179285, 10.517414 ], [ -74.179583, 10.518955 ], [ -74.17999, 10.519662 ], [ -74.180747, 10.520522 ], [ -74.182065, 10.521742 ], [ -74.18257, 10.523212 ], [ -74.182683, 10.524266 ], [ -74.183412, 10.526804 ], [ -74.183819, 10.527608 ], [ -74.184338, 10.527761 ], [ -74.184786, 10.527372 ], [ -74.184852, 10.526108 ], [ -74.185009, 10.525634 ], [ -74.185374, 10.52526 ], [ -74.186023, 10.525079 ], [ -74.189113, 10.525271 ], [ -74.194027, 10.525115 ], [ -74.195721, 10.525231 ], [ -74.19636, 10.525466 ], [ -74.197316, 10.526134 ], [ -74.19884, 10.527495 ], [ -74.199694, 10.527391 ], [ -74.200098, 10.52671 ], [ -74.20044, 10.526648 ], [ -74.201326, 10.526961 ], [ -74.202668, 10.528832 ], [ -74.202922, 10.529392 ], [ -74.203469, 10.529632 ], [ -74.206124, 10.530207 ], [ -74.208131, 10.530975 ], [ -74.209404, 10.530974 ], [ -74.210062, 10.530845 ], [ -74.210731, 10.531044 ], [ -74.211514, 10.532785 ], [ -74.211862, 10.534066 ], [ -74.211912, 10.535013 ], [ -74.212619, 10.535451 ], [ -74.212784, 10.535734 ], [ -74.213411, 10.535735 ], [ -74.214183, 10.536304 ], [ -74.214528, 10.536115 ], [ -74.215845, 10.535984 ], [ -74.219062, 10.536176 ], [ -74.219577, 10.535797 ], [ -74.220243, 10.535663 ], [ -74.220956, 10.535801 ], [ -74.22151, 10.53699 ], [ -74.221875, 10.537472 ], [ -74.2231, 10.537921 ], [ -74.224009, 10.538816 ], [ -74.225304, 10.539138 ], [ -74.226315, 10.539878 ], [ -74.226932, 10.540734 ], [ -74.226033, 10.542148 ], [ -74.227193, 10.543294 ], [ -74.227824, 10.543029 ], [ -74.228906, 10.543464 ], [ -74.229312, 10.544132 ], [ -74.229441, 10.544761 ], [ -74.230479, 10.545604 ], [ -74.230747, 10.546269 ], [ -74.23081, 10.547523 ], [ -74.231268, 10.547863 ], [ -74.232536, 10.547545 ], [ -74.233232, 10.547747 ], [ -74.234089, 10.548715 ], [ -74.235251, 10.549291 ], [ -74.235794, 10.549759 ], [ -74.236012, 10.550455 ], [ -74.236013, 10.552366 ], [ -74.236319, 10.55291 ], [ -74.236801, 10.553327 ], [ -74.237502, 10.553016 ], [ -74.237997, 10.55271 ], [ -74.23857, 10.551572 ], [ -74.238705, 10.551545 ], [ -74.239191, 10.552102 ], [ -74.239131, 10.553403 ], [ -74.239319, 10.55402 ], [ -74.239683, 10.55456 ], [ -74.240275, 10.554735 ], [ -74.240912, 10.554547 ], [ -74.241585, 10.554546 ], [ -74.242154, 10.554953 ], [ -74.243531, 10.556636 ], [ -74.243789, 10.557205 ], [ -74.244372, 10.557531 ], [ -74.245611, 10.559142 ], [ -74.245872, 10.559841 ], [ -74.246455, 10.56017 ], [ -74.246605, 10.560867 ], [ -74.246466, 10.56155 ], [ -74.245047, 10.562898 ], [ -74.245047, 10.563494 ], [ -74.245367, 10.564755 ], [ -74.24628, 10.566564 ], [ -74.246412, 10.56789 ], [ -74.245017, 10.568028 ], [ -74.244428, 10.567714 ], [ -74.24388, 10.567877 ], [ -74.243881, 10.568429 ], [ -74.244383, 10.5696 ], [ -74.246959, 10.570304 ], [ -74.247942, 10.571976 ], [ -74.248524, 10.572234 ], [ -74.248924, 10.572756 ], [ -74.251197, 10.574426 ], [ -74.251726, 10.576505 ], [ -74.252619, 10.577892 ], [ -74.254708, 10.578078 ], [ -74.255731, 10.576578 ], [ -74.256896, 10.576649 ], [ -74.257991, 10.577462 ], [ -74.258341, 10.57823 ], [ -74.25812, 10.578994 ], [ -74.258173, 10.579522 ], [ -74.258596, 10.57994 ], [ -74.259186, 10.580265 ], [ -74.260091, 10.581224 ], [ -74.26068, 10.58155 ], [ -74.261163, 10.582108 ], [ -74.261489, 10.584097 ], [ -74.261752, 10.58469 ], [ -74.261754, 10.58663 ], [ -74.261102, 10.587757 ], [ -74.261097, 10.588918 ], [ -74.2623, 10.588917 ], [ -74.263088, 10.588746 ], [ -74.26388, 10.589466 ], [ -74.26396, 10.589783 ], [ -74.265666, 10.591842 ], [ -74.267019, 10.5939 ], [ -74.267189, 10.59487 ], [ -74.26686, 10.595307 ], [ -74.26625, 10.595644 ], [ -74.265311, 10.595518 ], [ -74.264129, 10.594873 ], [ -74.263547, 10.595046 ], [ -74.263397, 10.595394 ], [ -74.265123, 10.596468 ], [ -74.265391, 10.596874 ], [ -74.266137, 10.597092 ], [ -74.26661, 10.597557 ], [ -74.267324, 10.598647 ], [ -74.268372, 10.599494 ], [ -74.269158, 10.600725 ], [ -74.269842, 10.602243 ], [ -74.270603, 10.603183 ], [ -74.271602, 10.603244 ], [ -74.273699, 10.602399 ], [ -74.27436, 10.602267 ], [ -74.275448, 10.602469 ], [ -74.276044, 10.60241 ], [ -74.276422, 10.601913 ], [ -74.277049, 10.601571 ], [ -74.277735, 10.60157 ], [ -74.278347, 10.601837 ], [ -74.279739, 10.603274 ], [ -74.280003, 10.603855 ], [ -74.281401, 10.605174 ], [ -74.28202, 10.60534 ], [ -74.282113, 10.605051 ], [ -74.282695, 10.604785 ], [ -74.283292, 10.605021 ], [ -74.283755, 10.605479 ], [ -74.283934, 10.606113 ], [ -74.283808, 10.607003 ], [ -74.283658, 10.607007 ], [ -74.28382, 10.607151 ], [ -74.283843, 10.608035 ], [ -74.284229, 10.608225 ], [ -74.284661, 10.608225 ], [ -74.286156, 10.607543 ], [ -74.286924, 10.607709 ], [ -74.287493, 10.608268 ], [ -74.287669, 10.608763 ], [ -74.287454, 10.609433 ], [ -74.287579, 10.611139 ], [ -74.287137, 10.611413 ], [ -74.286716, 10.611342 ], [ -74.28618, 10.611132 ], [ -74.285403, 10.610405 ], [ -74.285204, 10.610495 ], [ -74.285484, 10.612454 ], [ -74.285835, 10.612895 ], [ -74.286379, 10.613211 ], [ -74.287609, 10.613216 ], [ -74.288505, 10.613747 ], [ -74.288579, 10.615929 ], [ -74.288764, 10.616326 ], [ -74.289043, 10.616546 ], [ -74.290404, 10.616515 ], [ -74.290748, 10.616883 ], [ -74.290712, 10.617466 ], [ -74.290287, 10.618322 ], [ -74.290287, 10.618788 ], [ -74.290517, 10.619129 ], [ -74.291, 10.619338 ], [ -74.291628, 10.619244 ], [ -74.292152, 10.618855 ], [ -74.29252, 10.61839 ], [ -74.293095, 10.61668 ], [ -74.293622, 10.616003 ], [ -74.29455, 10.615834 ], [ -74.295168, 10.616223 ], [ -74.295327, 10.616711 ], [ -74.295287, 10.617543 ], [ -74.295597, 10.618359 ], [ -74.296117, 10.618323 ], [ -74.29635, 10.617947 ], [ -74.296468, 10.617359 ], [ -74.296838, 10.616944 ], [ -74.297381, 10.616901 ], [ -74.297857, 10.617283 ], [ -74.29807, 10.617692 ], [ -74.29808, 10.618727 ], [ -74.298763, 10.619399 ], [ -74.299558, 10.619551 ], [ -74.300563, 10.619267 ], [ -74.301496, 10.619266 ], [ -74.301833, 10.61957 ], [ -74.302003, 10.620115 ], [ -74.30187, 10.620683 ], [ -74.301486, 10.621073 ], [ -74.301575, 10.621196 ], [ -74.303027, 10.621686 ], [ -74.303361, 10.622125 ], [ -74.304032, 10.622128 ], [ -74.304654, 10.622436 ], [ -74.305117, 10.622999 ], [ -74.305359, 10.624238 ], [ -74.30579, 10.624621 ], [ -74.307025, 10.624388 ], [ -74.309048, 10.624386 ], [ -74.310514, 10.623118 ], [ -74.311236, 10.622021 ], [ -74.311832, 10.6208 ], [ -74.312479, 10.62048 ], [ -74.313197, 10.620532 ], [ -74.314441, 10.621123 ], [ -74.314953, 10.621583 ], [ -74.31506, 10.622227 ], [ -74.315332, 10.622766 ], [ -74.31584, 10.623016 ], [ -74.316951, 10.622358 ], [ -74.318285, 10.622498 ], [ -74.318852, 10.622412 ], [ -74.319106, 10.621794 ], [ -74.31983, 10.621686 ], [ -74.320273, 10.622276 ], [ -74.320136, 10.623578 ], [ -74.320481, 10.624046 ], [ -74.321756, 10.62428 ], [ -74.324402, 10.624136 ], [ -74.326174, 10.623278 ], [ -74.326648, 10.622736 ], [ -74.328027, 10.623227 ], [ -74.328552, 10.624519 ], [ -74.329161, 10.625472 ], [ -74.329289, 10.626101 ], [ -74.329272, 10.627395 ], [ -74.328909, 10.628024 ], [ -74.328485, 10.628299 ], [ -74.328698, 10.628846 ], [ -74.329228, 10.629371 ], [ -74.32954, 10.629998 ], [ -74.328956, 10.631183 ], [ -74.329331, 10.633542 ], [ -74.329204, 10.634064 ], [ -74.328764, 10.634566 ], [ -74.328765, 10.635242 ], [ -74.329397, 10.637114 ], [ -74.329544, 10.638414 ], [ -74.329866, 10.639226 ], [ -74.329646, 10.639121 ], [ -74.329369, 10.638468 ], [ -74.329218, 10.637155 ], [ -74.328583, 10.63527 ], [ -74.328581, 10.634223 ], [ -74.328768, 10.634154 ], [ -74.329004, 10.633435 ], [ -74.328774, 10.63115 ], [ -74.329347, 10.630004 ], [ -74.329081, 10.629479 ], [ -74.32854, 10.628941 ], [ -74.328286, 10.628287 ], [ -74.328319, 10.628037 ], [ -74.328926, 10.627557 ], [ -74.329016, 10.626281 ], [ -74.328725, 10.62517 ], [ -74.327909, 10.623371 ] ] ] } },
{ "type": "Feature", "properties": { "OBJECTID": 842.0, "NOMBRE_GEO": "Río Fundación", "PROYECTO": null, "SYMBOL": "3", "FECHA": null, "RULEID": 1, "PK_CUE": 622177.0, "GLOBALID": "{E7B0EDCB-BE09-48FC-B8F9-3703A494AC16}" }, "geometry": { "type": "Polygon", "coordinates": [ [ [ -74.449089, 10.672352 ], [ -74.449827, 10.6724 ], [ -74.448692, 10.672687 ], [ -74.448325, 10.673391 ], [ -74.447633, 10.674129 ], [ -74.44726, 10.67496 ], [ -74.447213, 10.675665 ], [ -74.446936, 10.676378 ], [ -74.444765, 10.676812 ], [ -74.442574, 10.676909 ], [ -74.441232, 10.677336 ], [ -74.439822, 10.677338 ], [ -74.439353, 10.677846 ], [ -74.438654, 10.678094 ], [ -74.437446, 10.67732 ], [ -74.435731, 10.675111 ], [ -74.434363, 10.674741 ], [ -74.434246, 10.674518 ], [ -74.434342, 10.67444 ], [ -74.434443, 10.674611 ], [ -74.43582, 10.674993 ], [ -74.437545, 10.677213 ], [ -74.438654, 10.677942 ], [ -74.439271, 10.677724 ], [ -74.439775, 10.677195 ], [ -74.441212, 10.677192 ], [ -74.442544, 10.676767 ], [ -74.444746, 10.676669 ], [ -74.446849, 10.676247 ], [ -74.447069, 10.675637 ], [ -74.447117, 10.674924 ], [ -74.44751, 10.674049 ], [ -74.448204, 10.673302 ], [ -74.448596, 10.672576 ], [ -74.449089, 10.672352 ] ] ] } },
{ "type": "Feature", "properties": { "OBJECTID": 843.0, "NOMBRE_GEO": "Caño Las Tinajas (Caño Limón)", "PROYECTO": null, "SYMBOL": "3", "FECHA": null, "RULEID": 1, "PK_CUE": 622236.0, "GLOBALID": "{E42AFBC5-139E-4460-B371-8FAB4E04DF15}" }, "geometry": { "type": "Polygon", "coordinates": [ [ [ -74.524237, 10.561959 ], [ -74.522519, 10.561926 ], [ -74.518942, 10.562342 ], [ -74.516888, 10.562261 ], [ -74.515574, 10.561966 ], [ -74.514771, 10.561388 ], [ -74.514314, 10.560887 ], [ -74.513487, 10.558475 ], [ -74.513024, 10.556033 ], [ -74.512441, 10.55536 ], [ -74.511947, 10.555219 ], [ -74.511066, 10.555417 ], [ -74.509841, 10.555969 ], [ -74.50911, 10.556644 ], [ -74.507425, 10.558685 ], [ -74.506775, 10.559243 ], [ -74.505746, 10.559405 ], [ -74.504466, 10.559047 ], [ -74.503467, 10.558923 ], [ -74.502801, 10.558987 ], [ -74.500928, 10.559852 ], [ -74.49953, 10.561228 ], [ -74.499678, 10.559758 ], [ -74.499854, 10.559782 ], [ -74.501282, 10.558699 ], [ -74.502779, 10.558133 ], [ -74.505408, 10.558355 ], [ -74.506964, 10.558205 ], [ -74.507946, 10.557547 ], [ -74.509291, 10.555986 ], [ -74.510199, 10.555169 ], [ -74.511755, 10.55457 ], [ -74.512778, 10.554514 ], [ -74.513397, 10.554802 ], [ -74.514037, 10.555537 ], [ -74.514469, 10.556709 ], [ -74.514731, 10.558485 ], [ -74.515056, 10.559337 ], [ -74.515588, 10.560036 ], [ -74.516168, 10.560504 ], [ -74.517575, 10.561133 ], [ -74.518681, 10.561369 ], [ -74.523562, 10.561183 ], [ -74.525075, 10.561284 ], [ -74.526861, 10.56164 ], [ -74.529119, 10.562418 ], [ -74.53064, 10.563248 ], [ -74.533506, 10.565128 ], [ -74.534522, 10.566115 ], [ -74.534767, 10.56652 ], [ -74.534884, 10.567104 ], [ -74.534626, 10.569257 ], [ -74.534041, 10.569886 ], [ -74.534004, 10.569475 ], [ -74.534219, 10.568381 ], [ -74.53381, 10.567362 ], [ -74.533076, 10.566465 ], [ -74.530963, 10.564755 ], [ -74.527354, 10.562756 ], [ -74.525833, 10.562224 ], [ -74.524237, 10.561959 ] ] ] } },
{ "type": "Feature", "properties": { "OBJECTID": 844.0, "NOMBRE_GEO": null, "PROYECTO": null, "SYMBOL": "3", "FECHA": "1899/12/30 00:00:00.000", "RULEID": 1, "PK_CUE": 622237.0, "GLOBALID": "{0ACB48D8-0D21-4716-9593-7A575F7D3EDA}" }, "geometry": { "type": "Polygon", "coordinates": [ [ [ -74.615618, 10.638571 ], [ -74.615221, 10.638321 ], [ -74.614896, 10.638492 ], [ -74.614123, 10.638021 ], [ -74.613878, 10.63771 ], [ -74.614233, 10.637196 ], [ -74.61473, 10.636844 ], [ -74.614995, 10.636934 ], [ -74.616203, 10.637979 ], [ -74.616218, 10.639023 ], [ -74.615771, 10.639044 ], [ -74.615618, 10.638571 ] ] ] } },
{ "type": "Feature", "properties": { "OBJECTID": 845.0, "NOMBRE_GEO": null, "PROYECTO": null, "SYMBOL": "3", "FECHA": "1899/12/30 00:00:00.000", "RULEID": 1, "PK_CUE": 622238.0, "GLOBALID": "{64EAEB96-4217-4260-BF9E-BA9777156315}" }, "geometry": { "type": "Polygon", "coordinates": [ [ [ -74.622655, 10.639822 ], [ -74.623883, 10.639534 ], [ -74.625365, 10.639782 ], [ -74.625546, 10.639925 ], [ -74.625297, 10.640689 ], [ -74.623637, 10.64106 ], [ -74.62213, 10.640918 ], [ -74.622475, 10.640573 ], [ -74.622474, 10.64018 ], [ -74.622655, 10.639822 ] ] ] } },
{ "type": "Feature", "properties": { "OBJECTID": 2184.0, "NOMBRE_GEO": "Caño Lata (Caño Achiote)", "PROYECTO": null, "SYMBOL": "3", "FECHA": null, "RULEID": 1, "PK_CUE": 622234.0, "GLOBALID": "{86DF2529-354F-4AC4-9397-74E7ACA7B74F}" }, "geometry": { "type": "MultiPolygon", "coordinates": [ [ [ [ -74.41039, 10.650627 ], [ -74.40957, 10.650366 ], [ -74.408964, 10.650056 ], [ -74.407046, 10.648747 ], [ -74.406271, 10.648027 ], [ -74.405519, 10.647065 ], [ -74.403903, 10.646095 ], [ -74.40244, 10.644445 ], [ -74.398364, 10.641034 ], [ -74.397556, 10.64049 ], [ -74.396952, 10.640257 ], [ -74.39472, 10.640119 ], [ -74.393867, 10.641126 ], [ -74.393091, 10.641427 ], [ -74.392344, 10.642098 ], [ -74.391827, 10.642236 ], [ -74.390689, 10.641544 ], [ -74.390096, 10.641395 ], [ -74.3898, 10.640703 ], [ -74.38929, 10.640262 ], [ -74.38873, 10.639998 ], [ -74.387984, 10.639883 ], [ -74.38707, 10.639112 ], [ -74.386386, 10.638892 ], [ -74.385971, 10.638369 ], [ -74.385521, 10.638152 ], [ -74.383985, 10.63825 ], [ -74.383106, 10.638035 ], [ -74.381978, 10.638864 ], [ -74.380301, 10.639139 ], [ -74.379853, 10.639715 ], [ -74.379622, 10.639833 ], [ -74.377553, 10.639456 ], [ -74.375574, 10.639715 ], [ -74.374597, 10.639457 ], [ -74.373459, 10.638741 ], [ -74.372438, 10.638402 ], [ -74.37122, 10.637757 ], [ -74.36958, 10.637834 ], [ -74.368712, 10.637463 ], [ -74.367844, 10.637707 ], [ -74.366056, 10.637196 ], [ -74.365427, 10.637329 ], [ -74.364362, 10.637964 ], [ -74.363723, 10.63778 ], [ -74.362638, 10.637759 ], [ -74.362289, 10.637552 ], [ -74.3618, 10.636247 ], [ -74.361346, 10.635931 ], [ -74.361168, 10.635973 ], [ -74.360683, 10.636607 ], [ -74.360292, 10.636816 ], [ -74.359456, 10.635903 ], [ -74.358871, 10.635668 ], [ -74.35321, 10.635355 ], [ -74.352398, 10.635586 ], [ -74.351648, 10.636316 ], [ -74.351257, 10.637301 ], [ -74.351199, 10.638772 ], [ -74.35081, 10.638982 ], [ -74.350274, 10.638959 ], [ -74.349158, 10.638241 ], [ -74.347389, 10.638253 ], [ -74.346271, 10.637907 ], [ -74.34412, 10.638507 ], [ -74.342876, 10.639538 ], [ -74.342137, 10.639821 ], [ -74.340895, 10.639776 ], [ -74.340415, 10.63939 ], [ -74.340005, 10.638707 ], [ -74.338486, 10.638419 ], [ -74.337439, 10.638445 ], [ -74.336345, 10.638663 ], [ -74.335621, 10.63928 ], [ -74.33491, 10.639502 ], [ -74.332968, 10.63921 ], [ -74.329866, 10.639226 ], [ -74.329859, 10.639065 ], [ -74.332976, 10.639029 ], [ -74.33491, 10.639319 ], [ -74.335552, 10.639105 ], [ -74.336265, 10.638495 ], [ -74.337368, 10.638271 ], [ -74.338408, 10.638233 ], [ -74.340101, 10.638545 ], [ -74.340528, 10.639236 ], [ -74.340972, 10.639606 ], [ -74.342138, 10.639639 ], [ -74.342805, 10.639368 ], [ -74.344038, 10.638343 ], [ -74.346267, 10.637724 ], [ -74.347415, 10.638073 ], [ -74.349209, 10.638064 ], [ -74.350354, 10.638781 ], [ -74.350789, 10.638816 ], [ -74.351035, 10.638654 ], [ -74.351037, 10.637517 ], [ -74.351296, 10.636615 ], [ -74.352152, 10.63552 ], [ -74.352595, 10.635274 ], [ -74.353121, 10.635191 ], [ -74.358909, 10.635489 ], [ -74.359526, 10.635728 ], [ -74.360257, 10.636609 ], [ -74.360751, 10.636291 ], [ -74.361137, 10.635762 ], [ -74.36138, 10.635736 ], [ -74.361884, 10.636047 ], [ -74.362403, 10.637415 ], [ -74.362677, 10.637594 ], [ -74.363731, 10.637598 ], [ -74.36437, 10.637773 ], [ -74.365359, 10.63716 ], [ -74.366053, 10.637012 ], [ -74.367844, 10.637522 ], [ -74.368722, 10.637272 ], [ -74.3696, 10.637652 ], [ -74.371255, 10.637577 ], [ -74.372519, 10.638239 ], [ -74.373543, 10.638579 ], [ -74.374667, 10.63929 ], [ -74.375591, 10.639534 ], [ -74.377538, 10.639275 ], [ -74.379594, 10.639636 ], [ -74.380218, 10.638971 ], [ -74.381916, 10.638692 ], [ -74.383022, 10.637855 ], [ -74.384001, 10.638068 ], [ -74.385533, 10.637971 ], [ -74.386074, 10.638219 ], [ -74.386518, 10.638757 ], [ -74.387207, 10.638983 ], [ -74.388071, 10.639721 ], [ -74.388806, 10.63983 ], [ -74.389383, 10.640105 ], [ -74.389942, 10.640582 ], [ -74.390194, 10.64122 ], [ -74.390785, 10.641388 ], [ -74.391912, 10.642048 ], [ -74.392392, 10.641856 ], [ -74.392991, 10.641272 ], [ -74.393712, 10.641011 ], [ -74.394137, 10.640599 ], [ -74.394473, 10.640015 ], [ -74.396681, 10.639965 ], [ -74.397639, 10.640326 ], [ -74.398465, 10.640882 ], [ -74.402564, 10.644313 ], [ -74.404031, 10.645963 ], [ -74.405704, 10.646983 ], [ -74.407038, 10.648505 ], [ -74.40904, 10.649891 ], [ -74.410381, 10.650364 ], [ -74.41103, 10.651337 ], [ -74.412116, 10.652205 ], [ -74.413052, 10.652468 ], [ -74.415107, 10.652594 ], [ -74.417459, 10.65301 ], [ -74.418662, 10.653538 ], [ -74.419735, 10.654394 ], [ -74.420227, 10.655059 ], [ -74.420328, 10.655817 ], [ -74.420679, 10.656788 ], [ -74.420694, 10.658543 ], [ -74.420827, 10.658992 ], [ -74.421239, 10.659381 ], [ -74.421135, 10.659934 ], [ -74.420533, 10.658689 ], [ -74.420532, 10.656989 ], [ -74.420148, 10.655857 ], [ -74.420075, 10.655183 ], [ -74.419618, 10.654532 ], [ -74.418412, 10.653579 ], [ -74.417204, 10.653128 ], [ -74.415251, 10.652809 ], [ -74.413281, 10.652687 ], [ -74.41217, 10.652436 ], [ -74.410961, 10.651526 ], [ -74.41039, 10.650627 ] ] ], [ [ [ -74.017485, 10.434476 ], [ -74.017491, 10.434476 ], [ -74.017477, 10.434477 ], [ -74.017485, 10.434476 ] ] ] ] } },
{ "type": "Feature", "properties": { "OBJECTID": 2185.0, "NOMBRE_GEO": "Caño Doña Frencisca", "PROYECTO": null, "SYMBOL": "3", "FECHA": null, "RULEID": 1, "PK_CUE": 2214673.0, "GLOBALID": "{711A04AE-2032-4AB8-ACBB-A699B327E901}" }, "geometry": { "type": "Polygon", "coordinates": [ [ [ -74.783143, 10.079377 ], [ -74.783185, 10.078766 ], [ -74.782542, 10.078637 ], [ -74.782681, 10.07833 ], [ -74.782759, 10.078508 ], [ -74.783353, 10.078664 ], [ -74.784358, 10.078224 ], [ -74.785618, 10.078329 ], [ -74.785864, 10.078142 ], [ -74.785639, 10.077784 ], [ -74.784718, 10.077283 ], [ -74.784529, 10.076947 ], [ -74.784607, 10.076021 ], [ -74.785243, 10.075345 ], [ -74.785176, 10.074699 ], [ -74.784689, 10.07394 ], [ -74.784317, 10.072721 ], [ -74.784092, 10.072412 ], [ -74.782831, 10.071913 ], [ -74.781301, 10.071034 ], [ -74.780596, 10.069772 ], [ -74.780278, 10.069766 ], [ -74.780169, 10.069909 ], [ -74.780026, 10.070663 ], [ -74.780121, 10.071014 ], [ -74.780876, 10.071759 ], [ -74.780863, 10.072534 ], [ -74.78024, 10.07255 ], [ -74.779429, 10.07215 ], [ -74.779028, 10.071239 ], [ -74.779555, 10.070147 ], [ -74.779496, 10.069983 ], [ -74.7793, 10.069939 ], [ -74.779758, 10.069723 ], [ -74.780115, 10.069368 ], [ -74.78048, 10.068851 ], [ -74.780488, 10.068475 ], [ -74.78132, 10.069469 ], [ -74.781916, 10.070781 ], [ -74.783454, 10.071883 ], [ -74.78449, 10.072326 ], [ -74.784949, 10.073623 ], [ -74.785378, 10.074268 ], [ -74.785814, 10.075308 ], [ -74.78562, 10.075789 ], [ -74.785042, 10.076379 ], [ -74.78497, 10.076601 ], [ -74.785232, 10.076952 ], [ -74.786326, 10.077653 ], [ -74.786429, 10.078076 ], [ -74.786299, 10.078493 ], [ -74.785873, 10.078881 ], [ -74.785591, 10.078968 ], [ -74.784489, 10.078655 ], [ -74.783143, 10.079377 ] ] ] } },
{ "type": "Feature", "properties": { "OBJECTID": 2270.0, "NOMBRE_GEO": "Caño Correa", "PROYECTO": "XXXX", "SYMBOL": "3", "FECHA": null, "RULEID": 1, "PK_CUE": 622083.0, "GLOBALID": "{2D6973F4-37D5-47E9-BED2-0A4E0241FA4D}" }, "geometry": { "type": "Polygon", "coordinates": [ [ [ -75.412956, 10.044918 ], [ -75.411778, 10.04461 ], [ -75.410924, 10.044708 ], [ -75.410442, 10.045286 ], [ -75.410142, 10.045851 ], [ -75.410064, 10.046307 ], [ -75.409256, 10.047767 ], [ -75.408912, 10.048102 ], [ -75.40728, 10.046774 ], [ -75.406618, 10.045777 ], [ -75.406259, 10.044674 ], [ -75.406299, 10.043584 ], [ -75.406435, 10.043217 ], [ -75.408094, 10.041579 ], [ -75.412206, 10.038553 ], [ -75.413124, 10.037364 ], [ -75.413685, 10.034857 ], [ -75.41433, 10.033077 ], [ -75.416386, 10.031076 ], [ -75.416749, 10.030554 ], [ -75.417091, 10.030395 ], [ -75.419275, 10.027819 ], [ -75.420868, 10.026561 ], [ -75.42216, 10.026292 ], [ -75.422738, 10.026327 ], [ -75.424501, 10.026966 ], [ -75.426749, 10.02805 ], [ -75.42736, 10.028184 ], [ -75.429561, 10.027764 ], [ -75.431613, 10.026993 ], [ -75.435049, 10.027499 ], [ -75.435478, 10.027336 ], [ -75.435669, 10.026967 ], [ -75.435754, 10.025968 ], [ -75.43489, 10.024913 ], [ -75.432712, 10.021733 ], [ -75.432531, 10.020999 ], [ -75.432928, 10.020131 ], [ -75.433931, 10.018877 ], [ -75.434869, 10.018034 ], [ -75.436816, 10.017048 ], [ -75.437953, 10.016937 ], [ -75.439348, 10.017186 ], [ -75.441305, 10.018284 ], [ -75.442897, 10.01938 ], [ -75.443736, 10.020338 ], [ -75.444158, 10.021304 ], [ -75.444412, 10.022289 ], [ -75.444468, 10.023698 ], [ -75.444697, 10.024285 ], [ -75.445289, 10.024812 ], [ -75.447456, 10.025777 ], [ -75.447884, 10.026267 ], [ -75.44827, 10.027503 ], [ -75.448342, 10.02838 ], [ -75.448114, 10.029352 ], [ -75.447622, 10.03059 ], [ -75.448114, 10.031624 ], [ -75.448827, 10.032189 ], [ -75.450989, 10.033249 ], [ -75.452544, 10.033848 ], [ -75.453672, 10.035231 ], [ -75.454583, 10.036035 ], [ -75.455099, 10.036255 ], [ -75.457977, 10.036903 ], [ -75.463468, 10.037081 ], [ -75.46677, 10.038611 ], [ -75.469915, 10.04043 ], [ -75.471304, 10.04039 ], [ -75.474661, 10.041123 ], [ -75.475487, 10.04117 ], [ -75.476023, 10.041019 ], [ -75.480868, 10.037215 ], [ -75.482373, 10.036327 ], [ -75.484001, 10.035692 ], [ -75.484994, 10.035568 ], [ -75.485988, 10.035767 ], [ -75.489403, 10.037332 ], [ -75.491061, 10.037517 ], [ -75.492718, 10.03707 ], [ -75.495554, 10.035522 ], [ -75.496893, 10.034936 ], [ -75.500617, 10.034771 ], [ -75.501625, 10.034544 ], [ -75.502771, 10.033653 ], [ -75.505228, 10.030675 ], [ -75.505999, 10.029462 ], [ -75.507398, 10.026606 ], [ -75.507821, 10.026025 ], [ -75.509495, 10.024759 ], [ -75.510099, 10.025095 ], [ -75.509136, 10.025841 ], [ -75.50837, 10.02666 ], [ -75.50731, 10.028318 ], [ -75.506756, 10.029652 ], [ -75.505733, 10.031354 ], [ -75.504876, 10.032228 ], [ -75.504048, 10.033329 ], [ -75.502703, 10.034598 ], [ -75.501884, 10.035161 ], [ -75.50079, 10.035438 ], [ -75.498162, 10.03548 ], [ -75.496854, 10.035754 ], [ -75.495765, 10.036211 ], [ -75.492363, 10.038049 ], [ -75.491604, 10.038276 ], [ -75.490445, 10.038128 ], [ -75.486581, 10.036682 ], [ -75.48483, 10.036547 ], [ -75.483697, 10.036693 ], [ -75.482224, 10.037358 ], [ -75.480489, 10.0387 ], [ -75.479244, 10.039194 ], [ -75.477231, 10.041136 ], [ -75.476153, 10.041766 ], [ -75.475576, 10.041878 ], [ -75.472715, 10.041141 ], [ -75.471168, 10.041113 ], [ -75.468976, 10.040707 ], [ -75.465329, 10.03823 ], [ -75.463811, 10.037564 ], [ -75.462631, 10.037437 ], [ -75.459282, 10.037579 ], [ -75.455887, 10.037192 ], [ -75.45477, 10.036727 ], [ -75.453721, 10.035863 ], [ -75.452429, 10.034446 ], [ -75.450321, 10.033529 ], [ -75.448343, 10.032491 ], [ -75.447488, 10.031581 ], [ -75.44718, 10.031013 ], [ -75.447102, 10.030314 ], [ -75.447826, 10.028142 ], [ -75.447698, 10.02705 ], [ -75.447403, 10.0265 ], [ -75.446974, 10.026044 ], [ -75.446218, 10.025563 ], [ -75.444952, 10.025121 ], [ -75.444431, 10.024519 ], [ -75.443899, 10.021635 ], [ -75.443488, 10.020518 ], [ -75.44274, 10.019559 ], [ -75.441478, 10.018696 ], [ -75.439371, 10.017611 ], [ -75.438168, 10.017212 ], [ -75.436818, 10.017409 ], [ -75.435405, 10.018074 ], [ -75.434571, 10.018724 ], [ -75.433767, 10.019532 ], [ -75.433004, 10.020674 ], [ -75.43277, 10.021277 ], [ -75.433173, 10.022069 ], [ -75.43608, 10.025952 ], [ -75.436306, 10.026641 ], [ -75.436146, 10.027553 ], [ -75.435732, 10.027805 ], [ -75.434902, 10.027823 ], [ -75.431786, 10.027378 ], [ -75.429674, 10.028162 ], [ -75.427163, 10.028536 ], [ -75.426353, 10.028334 ], [ -75.423506, 10.02687 ], [ -75.42206, 10.026663 ], [ -75.420187, 10.027422 ], [ -75.419247, 10.028423 ], [ -75.418338, 10.029756 ], [ -75.417073, 10.030858 ], [ -75.415821, 10.032317 ], [ -75.414548, 10.0334 ], [ -75.413559, 10.037282 ], [ -75.41302, 10.038442 ], [ -75.411314, 10.039822 ], [ -75.410393, 10.040253 ], [ -75.40833, 10.04194 ], [ -75.406635, 10.043601 ], [ -75.406444, 10.0444 ], [ -75.406571, 10.045102 ], [ -75.407327, 10.046408 ], [ -75.408769, 10.047651 ], [ -75.40914, 10.047478 ], [ -75.410208, 10.045144 ], [ -75.410785, 10.044462 ], [ -75.411824, 10.044336 ], [ -75.413085, 10.044594 ], [ -75.413489, 10.044812 ], [ -75.413547, 10.046039 ], [ -75.412448, 10.048343 ], [ -75.412034, 10.049067 ], [ -75.411415, 10.049628 ], [ -75.411044, 10.050284 ], [ -75.409949, 10.051639 ], [ -75.408967, 10.052442 ], [ -75.408028, 10.05371 ], [ -75.405069, 10.057088 ], [ -75.40401, 10.057936 ], [ -75.402009, 10.060145 ], [ -75.400532, 10.061516 ], [ -75.399591, 10.06256 ], [ -75.398398, 10.064197 ], [ -75.398126, 10.064371 ], [ -75.398228, 10.063923 ], [ -75.399382, 10.062386 ], [ -75.403819, 10.057741 ], [ -75.404874, 10.056897 ], [ -75.407815, 10.053539 ], [ -75.408493, 10.052484 ], [ -75.409634, 10.051578 ], [ -75.410962, 10.049702 ], [ -75.411734, 10.049017 ], [ -75.413092, 10.046428 ], [ -75.413297, 10.045511 ], [ -75.413217, 10.045098 ], [ -75.412956, 10.044918 ] ] ] } },
{ "type": "Feature", "properties": { "OBJECTID": 2576.0, "NOMBRE_GEO": "Río Magdalena", "PROYECTO": "<Null>", "SYMBOL": "3", "FECHA": null, "RULEID": 1, "PK_CUE": 623139.0, "GLOBALID": "{D15ADF15-D641-4A8C-825F-520E08841DE8}" }, "geometry": { "type": "Polygon", "coordinates": [ [ [ -74.742512, 10.827219 ], [ -74.74278, 10.836155 ], [ -74.743942, 10.845092 ], [ -74.744031, 10.852062 ], [ -74.741082, 10.861802 ], [ -74.739206, 10.871989 ], [ -74.739116, 10.880836 ], [ -74.739295, 10.88718 ], [ -74.738133, 10.89424 ], [ -74.735631, 10.902818 ], [ -74.732682, 10.909789 ], [ -74.731253, 10.914435 ], [ -74.731342, 10.917652 ], [ -74.733129, 10.92069 ], [ -74.736525, 10.922746 ], [ -74.743763, 10.925963 ], [ -74.750018, 10.929358 ], [ -74.753414, 10.932397 ], [ -74.756274, 10.936239 ], [ -74.757971, 10.939277 ], [ -74.759401, 10.943656 ], [ -74.758686, 10.949196 ], [ -74.758597, 10.954647 ], [ -74.757971, 10.962958 ], [ -74.75882, 10.974798 ], [ -74.758865, 10.978015 ], [ -74.75949, 10.981768 ], [ -74.761859, 10.989587 ], [ -74.763556, 10.993966 ], [ -74.767935, 10.999953 ], [ -74.771822, 11.003974 ], [ -74.775218, 11.006566 ], [ -74.777318, 11.007996 ], [ -74.787282, 11.015591 ], [ -74.79443, 11.022517 ], [ -74.80006, 11.02837 ], [ -74.80283, 11.030827 ], [ -74.807522, 11.033151 ], [ -74.811766, 11.035966 ], [ -74.814715, 11.037753 ], [ -74.818156, 11.039629 ], [ -74.819809, 11.041372 ], [ -74.827226, 11.045393 ], [ -74.832141, 11.049414 ], [ -74.839602, 11.05768 ], [ -74.843087, 11.062774 ], [ -74.846215, 11.068314 ], [ -74.847287, 11.074793 ], [ -74.848047, 11.077473 ], [ -74.852068, 11.097088 ], [ -74.854436, 11.10656 ], [ -74.849745, 11.10665 ], [ -74.84836, 11.103075 ], [ -74.846036, 11.100618 ], [ -74.841657, 11.097669 ], [ -74.841211, 11.096507 ], [ -74.841211, 11.094809 ], [ -74.841747, 11.092397 ], [ -74.841836, 11.091369 ], [ -74.841479, 11.087973 ], [ -74.841657, 11.085605 ], [ -74.840675, 11.082835 ], [ -74.840272, 11.080244 ], [ -74.840719, 11.07792 ], [ -74.841345, 11.073318 ], [ -74.840451, 11.068806 ], [ -74.837726, 11.063399 ], [ -74.833704, 11.057591 ], [ -74.830577, 11.053882 ], [ -74.825796, 11.049682 ], [ -74.821015, 11.04727 ], [ -74.814045, 11.041327 ], [ -74.810337, 11.039719 ], [ -74.808192, 11.039585 ], [ -74.805466, 11.040568 ], [ -74.803411, 11.04088 ], [ -74.801267, 11.040568 ], [ -74.79595, 11.039093 ], [ -74.793224, 11.038021 ], [ -74.790141, 11.036055 ], [ -74.787639, 11.034223 ], [ -74.785673, 11.0319 ], [ -74.783216, 11.028549 ], [ -74.782277, 11.026002 ], [ -74.781294, 11.024125 ], [ -74.778033, 11.018898 ], [ -74.772761, 11.015681 ], [ -74.765388, 11.006387 ], [ -74.762931, 11.002321 ], [ -74.761188, 10.998747 ], [ -74.759044, 10.992581 ], [ -74.757793, 10.989587 ], [ -74.753682, 10.971403 ], [ -74.753191, 10.964611 ], [ -74.752252, 10.959964 ], [ -74.747114, 10.948705 ], [ -74.747069, 10.946873 ], [ -74.746623, 10.942763 ], [ -74.746667, 10.939367 ], [ -74.745059, 10.935971 ], [ -74.74421, 10.934675 ], [ -74.738401, 10.929269 ], [ -74.733397, 10.925159 ], [ -74.729599, 10.921316 ], [ -74.726248, 10.919127 ], [ -74.723523, 10.916982 ], [ -74.718787, 10.913765 ], [ -74.716553, 10.910861 ], [ -74.715034, 10.906706 ], [ -74.714363, 10.90264 ], [ -74.713068, 10.898306 ], [ -74.712263, 10.894508 ], [ -74.711951, 10.886823 ], [ -74.711861, 10.880612 ], [ -74.711504, 10.876368 ], [ -74.711995, 10.874759 ], [ -74.713693, 10.873151 ], [ -74.716955, 10.871766 ], [ -74.7191, 10.871095 ], [ -74.719859, 10.867298 ], [ -74.721736, 10.864572 ], [ -74.724685, 10.862249 ], [ -74.728438, 10.860149 ], [ -74.731967, 10.858853 ], [ -74.733978, 10.857557 ], [ -74.735989, 10.853983 ], [ -74.738133, 10.848487 ], [ -74.739072, 10.844689 ], [ -74.73867, 10.836647 ], [ -74.737821, 10.832447 ], [ -74.737061, 10.829766 ], [ -74.737061, 10.828828 ], [ -74.742512, 10.827219 ] ] ] } }
]
}
