{
"type": "FeatureCollection",
"name": "t73_ufp",
"crs": { "type": "name", "properties": { "name": "urn:ogc:def:crs:OGC:1.3:CRS84" } },
"xy_coordinate_resolution": 1e-05,
"features": [
{ "type": "Feature", "properties": { "UFP": "UFP 1", "VOCACION": "Ecoturística", "ROTULO": "UFP 1\nEcoturística", "DESCRIPCION": "Área con vocación de conservación, paisaje costero y usos eco-recreativos. Articula el borde marino, Ciénaga de Mallorquín y el sector de Puerto Colombia.", "AREA_HA": 2411.1 }, "geometry": { "type": "MultiPolygon", "coordinates": [ [ [ [ -74.83864, 11.01574 ], [ -74.83927, 11.01419 ], [ -74.83943, 11.01379 ], [ -74.83953, 11.01364 ], [ -74.83959, 11.01355 ], [ -74.83968, 11.01348 ], [ -74.83977, 11.01341 ], [ -74.83996, 11.0133 ], [ -74.84024, 11.01316 ], [ -74.84056, 11.01304 ], [ -74.84096, 11.01289 ], [ -74.84128, 11.01277 ], [ -74.84143, 11.01271 ], [ -74.84167, 11.01267 ], [ -74.84183, 11.01266 ], [ -74.84206, 11.01268 ], [ -74.84214, 11.0127 ], [ -74.84219, 11.01271 ], [ -74.84234, 11.01275 ], [ -74.84252, 11.01281 ], [ -74.84281, 11.01296 ], [ -74.84294, 11.01305 ], [ -74.84323, 11.0132 ], [ -74.84393, 11.01358 ], [ -74.84439, 11.01382 ], [ -74.84473, 11.01401 ], [ -74.84517, 11.01424 ], [ -74.84565, 11.0145 ], [ -74.84598, 11.01467 ], [ -74.84649, 11.01494 ], [ -74.8472, 11.01532 ], [ -74.84793, 11.01572 ], [ -74.84892, 11.01624 ], [ -74.84952, 11.0165 ], [ -74.85002, 11.01669 ], [ -74.85065, 11.01689 ], [ -74.85142, 11.01707 ], [ -74.85198, 11.01715 ], [ -74.85229, 11.01719 ], [ -74.85322, 11.01724 ], [ -74.85405, 11.01723 ], [ -74.85523, 11.01707 ], [ -74.85652, 11.01692 ], [ -74.85725, 11.01684 ], [ -74.85802, 11.01673 ], [ -74.85963, 11.01653 ], [ -74.85981, 11.0165 ], [ -74.86013, 11.01678 ], [ -74.86523, 11.01678 ], [ -74.86529, 11.01678 ], [ -74.86536, 11.01667 ], [ -74.86541, 11.0166 ], [ -74.86547, 11.01651 ], [ -74.86555, 11.01639 ], [ -74.86571, 11.01613 ], [ -74.86583, 11.01593 ], [ -74.86591, 11.0158 ], [ -74.86594, 11.01576 ], [ -74.866, 11.01571 ], [ -74.86605, 11.01565 ], [ -74.8661, 11.01561 ], [ -74.86617, 11.01556 ], [ -74.86623, 11.01551 ], [ -74.86626, 11.01544 ], [ -74.86626, 11.01539 ], [ -74.86626, 11.01533 ], [ -74.86628, 11.01526 ], [ -74.86632, 11.0152 ], [ -74.86634, 11.01516 ], [ -74.86643, 11.01508 ], [ -74.86655, 11.015 ], [ -74.86665, 11.0149 ], [ -74.86675, 11.01483 ], [ -74.86678, 11.01482 ], [ -74.86692, 11.01473 ], [ -74.86708, 11.0146 ], [ -74.86727, 11.01439 ], [ -74.86756, 11.01417 ], [ -74.86763, 11.01414 ], [ -74.86786, 11.01398 ], [ -74.86815, 11.01381 ], [ -74.8683, 11.01372 ], [ -74.86852, 11.0136 ], [ -74.86856, 11.01356 ], [ -74.86863, 11.01351 ], [ -74.86871, 11.01344 ], [ -74.86879, 11.01333 ], [ -74.86887, 11.01322 ], [ -74.8689, 11.01318 ], [ -74.86905, 11.01291 ], [ -74.86926, 11.01248 ], [ -74.86939, 11.01218 ], [ -74.86946, 11.01206 ], [ -74.86955, 11.01192 ], [ -74.86966, 11.01172 ], [ -74.86976, 11.01155 ], [ -74.86979, 11.01151 ], [ -74.86985, 11.01144 ], [ -74.86987, 11.01142 ], [ -74.87002, 11.01132 ], [ -74.87009, 11.01125 ], [ -74.87021, 11.01112 ], [ -74.87034, 11.01097 ], [ -74.87043, 11.01082 ], [ -74.87052, 11.01069 ], [ -74.87065, 11.01045 ], [ -74.87081, 11.0102 ], [ -74.87097, 11.00994 ], [ -74.87113, 11.00971 ], [ -74.87124, 11.00947 ], [ -74.87142, 11.0093 ], [ -74.8716, 11.00908 ], [ -74.87165, 11.00903 ], [ -74.8717, 11.00898 ], [ -74.8735, 11.01016 ], [ -74.87462, 11.01101 ], [ -74.87487, 11.01075 ], [ -74.87489, 11.01072 ], [ -74.87503, 11.01058 ], [ -74.87814, 11.00735 ], [ -74.87791, 11.00772 ], [ -74.87729, 11.00869 ], [ -74.87671, 11.00959 ], [ -74.87655, 11.00985 ], [ -74.8764, 11.0101 ], [ -74.87626, 11.01041 ], [ -74.87618, 11.01063 ], [ -74.87616, 11.01071 ], [ -74.87609, 11.011 ], [ -74.87603, 11.01128 ], [ -74.876, 11.0116 ], [ -74.876, 11.0119 ], [ -74.87602, 11.01225 ], [ -74.87608, 11.0126 ], [ -74.87614, 11.01295 ], [ -74.87628, 11.01345 ], [ -74.87632, 11.01362 ], [ -74.87633, 11.01367 ], [ -74.87642, 11.01404 ], [ -74.87649, 11.01431 ], [ -74.87654, 11.01452 ], [ -74.87667, 11.01504 ], [ -74.87675, 11.01545 ], [ -74.87691, 11.01608 ], [ -74.87701, 11.01651 ], [ -74.87706, 11.01674 ], [ -74.87716, 11.01678 ], [ -74.87725, 11.01682 ], [ -74.87731, 11.01682 ], [ -74.87737, 11.01682 ], [ -74.87741, 11.01679 ], [ -74.87746, 11.01674 ], [ -74.87757, 11.0166 ], [ -74.87767, 11.01651 ], [ -74.87775, 11.01645 ], [ -74.87784, 11.01642 ], [ -74.87804, 11.01639 ], [ -74.87823, 11.01635 ], [ -74.87838, 11.01633 ], [ -74.87845, 11.01632 ], [ -74.87883, 11.01625 ], [ -74.879, 11.01622 ], [ -74.87932, 11.01617 ], [ -74.87954, 11.01613 ], [ -74.88008, 11.01604 ], [ -74.88054, 11.01597 ], [ -74.88083, 11.01592 ], [ -74.88176, 11.01577 ], [ -74.88218, 11.0157 ], [ -74.88236, 11.01566 ], [ -74.88301, 11.01555 ], [ -74.88347, 11.01544 ], [ -74.88392, 11.01528 ], [ -74.88437, 11.01515 ], [ -74.88463, 11.01505 ], [ -74.88479, 11.01497 ], [ -74.88495, 11.01486 ], [ -74.88516, 11.0147 ], [ -74.88527, 11.01458 ], [ -74.88551, 11.01438 ], [ -74.88568, 11.01423 ], [ -74.88591, 11.0141 ], [ -74.8864, 11.01389 ], [ -74.88707, 11.01361 ], [ -74.88766, 11.01335 ], [ -74.88777, 11.01331 ], [ -74.88792, 11.01325 ], [ -74.88808, 11.01321 ], [ -74.88823, 11.01318 ], [ -74.88841, 11.01316 ], [ -74.88858, 11.01317 ], [ -74.88874, 11.01318 ], [ -74.88888, 11.0132 ], [ -74.88897, 11.01323 ], [ -74.88928, 11.01331 ], [ -74.88956, 11.0134 ], [ -74.88993, 11.01352 ], [ -74.89013, 11.01359 ], [ -74.89031, 11.01365 ], [ -74.8905, 11.01371 ], [ -74.89065, 11.01375 ], [ -74.89074, 11.01377 ], [ -74.89084, 11.01377 ], [ -74.89094, 11.01378 ], [ -74.89112, 11.01377 ], [ -74.89132, 11.01375 ], [ -74.89169, 11.01372 ], [ -74.89202, 11.01369 ], [ -74.89231, 11.01366 ], [ -74.89243, 11.01364 ], [ -74.89255, 11.01362 ], [ -74.89272, 11.01357 ], [ -74.89292, 11.0135 ], [ -74.89308, 11.01345 ], [ -74.8932, 11.01342 ], [ -74.89333, 11.0134 ], [ -74.89345, 11.01337 ], [ -74.89355, 11.01338 ], [ -74.89364, 11.01339 ], [ -74.89372, 11.01341 ], [ -74.89383, 11.01345 ], [ -74.89392, 11.0135 ], [ -74.89402, 11.01357 ], [ -74.89411, 11.01365 ], [ -74.89421, 11.01373 ], [ -74.89429, 11.01383 ], [ -74.89437, 11.0139 ], [ -74.89444, 11.01396 ], [ -74.8945, 11.01402 ], [ -74.89459, 11.01407 ], [ -74.89473, 11.01415 ], [ -74.89485, 11.01423 ], [ -74.89499, 11.01429 ], [ -74.89508, 11.01436 ], [ -74.89518, 11.01444 ], [ -74.89527, 11.01451 ], [ -74.89538, 11.01458 ], [ -74.89546, 11.01464 ], [ -74.89555, 11.01467 ], [ -74.89563, 11.01471 ], [ -74.89582, 11.01475 ], [ -74.89608, 11.01479 ], [ -74.89628, 11.01484 ], [ -74.89645, 11.01487 ], [ -74.89662, 11.01489 ], [ -74.89683, 11.0149 ], [ -74.897, 11.0149 ], [ -74.89716, 11.0149 ], [ -74.89732, 11.01488 ], [ -74.89757, 11.01486 ], [ -74.89778, 11.01482 ], [ -74.898, 11.01479 ], [ -74.89827, 11.01476 ], [ -74.899, 11.01466 ], [ -74.89966, 11.01458 ], [ -74.89984, 11.01455 ], [ -74.89985, 11.01455 ], [ -74.89958, 11.01667 ], [ -74.89875, 11.0175 ], [ -74.89864, 11.01784 ], [ -74.89833, 11.01875 ], [ -74.89792, 11.02 ], [ -74.8975, 11.02208 ], [ -74.89709, 11.02417 ], [ -74.89667, 11.02458 ], [ -74.89542, 11.025 ], [ -74.89417, 11.02542 ], [ -74.89291, 11.02667 ], [ -74.8925, 11.0275 ], [ -74.89208, 11.02833 ], [ -74.88917, 11.03125 ], [ -74.88834, 11.03167 ], [ -74.8875, 11.03208 ], [ -74.88583, 11.0325 ], [ -74.88416, 11.03292 ], [ -74.88333, 11.03375 ], [ -74.8825, 11.03417 ], [ -74.88167, 11.03458 ], [ -74.88125, 11.035 ], [ -74.88084, 11.03583 ], [ -74.88167, 11.0375 ], [ -74.88084, 11.03917 ], [ -74.88125, 11.04 ], [ -74.8825, 11.04125 ], [ -74.88167, 11.04208 ], [ -74.88, 11.0425 ], [ -74.87833, 11.04292 ], [ -74.8775, 11.04333 ], [ -74.87666, 11.04375 ], [ -74.87625, 11.04417 ], [ -74.87617, 11.04449 ], [ -74.87535, 11.04479 ], [ -74.87292, 11.04552 ], [ -74.87286, 11.0455 ], [ -74.87283, 11.04543 ], [ -74.87277, 11.0453 ], [ -74.87269, 11.04533 ], [ -74.87257, 11.04545 ], [ -74.87254, 11.04554 ], [ -74.87249, 11.04564 ], [ -74.87247, 11.04567 ], [ -74.8709, 11.04619 ], [ -74.86989, 11.04615 ], [ -74.86988, 11.04614 ], [ -74.86989, 11.04606 ], [ -74.86997, 11.04573 ], [ -74.86998, 11.04569 ], [ -74.87013, 11.04549 ], [ -74.87019, 11.04535 ], [ -74.87026, 11.04518 ], [ -74.8704, 11.045 ], [ -74.87048, 11.04486 ], [ -74.87039, 11.04484 ], [ -74.87034, 11.04478 ], [ -74.87042, 11.04464 ], [ -74.87053, 11.04449 ], [ -74.87056, 11.04438 ], [ -74.87053, 11.04432 ], [ -74.87047, 11.04424 ], [ -74.87051, 11.0442 ], [ -74.87057, 11.04415 ], [ -74.87063, 11.04411 ], [ -74.87066, 11.04397 ], [ -74.87057, 11.04387 ], [ -74.87039, 11.04387 ], [ -74.87031, 11.0438 ], [ -74.87033, 11.04367 ], [ -74.87051, 11.04336 ], [ -74.87063, 11.04322 ], [ -74.8708, 11.04304 ], [ -74.87087, 11.04296 ], [ -74.87094, 11.04287 ], [ -74.87102, 11.04277 ], [ -74.8711, 11.0427 ], [ -74.87125, 11.04263 ], [ -74.87136, 11.04257 ], [ -74.8714, 11.04255 ], [ -74.87146, 11.04252 ], [ -74.87157, 11.04235 ], [ -74.87164, 11.04224 ], [ -74.87166, 11.04212 ], [ -74.87167, 11.04197 ], [ -74.87164, 11.04186 ], [ -74.8716, 11.0417 ], [ -74.87153, 11.04154 ], [ -74.87148, 11.04139 ], [ -74.87141, 11.04128 ], [ -74.8713, 11.04107 ], [ -74.87121, 11.04082 ], [ -74.87119, 11.04074 ], [ -74.87116, 11.04066 ], [ -74.8711, 11.04054 ], [ -74.87102, 11.04048 ], [ -74.871, 11.04038 ], [ -74.87097, 11.04031 ], [ -74.87087, 11.04019 ], [ -74.87078, 11.04009 ], [ -74.87074, 11.03996 ], [ -74.87068, 11.03987 ], [ -74.87066, 11.03979 ], [ -74.87066, 11.0397 ], [ -74.87066, 11.03963 ], [ -74.8707, 11.03946 ], [ -74.87078, 11.03932 ], [ -74.87079, 11.03923 ], [ -74.87083, 11.03904 ], [ -74.87096, 11.03861 ], [ -74.871, 11.03848 ], [ -74.87102, 11.03835 ], [ -74.87112, 11.03821 ], [ -74.87119, 11.03809 ], [ -74.87122, 11.03797 ], [ -74.87125, 11.03786 ], [ -74.8713, 11.03772 ], [ -74.8714, 11.03746 ], [ -74.87149, 11.03731 ], [ -74.87155, 11.03708 ], [ -74.87168, 11.03678 ], [ -74.87176, 11.03658 ], [ -74.87191, 11.03628 ], [ -74.87199, 11.03601 ], [ -74.87209, 11.0357 ], [ -74.87218, 11.03546 ], [ -74.87228, 11.03517 ], [ -74.87237, 11.03498 ], [ -74.87248, 11.03474 ], [ -74.87257, 11.0345 ], [ -74.8726, 11.03433 ], [ -74.8726, 11.03425 ], [ -74.87273, 11.03408 ], [ -74.87293, 11.03395 ], [ -74.87306, 11.03365 ], [ -74.87312, 11.03351 ], [ -74.87314, 11.03338 ], [ -74.87316, 11.03325 ], [ -74.87319, 11.03308 ], [ -74.87326, 11.03275 ], [ -74.87335, 11.03232 ], [ -74.87347, 11.03179 ], [ -74.8735, 11.03161 ], [ -74.8735, 11.03153 ], [ -74.87337, 11.03144 ], [ -74.87319, 11.03132 ], [ -74.87305, 11.03127 ], [ -74.87294, 11.03125 ], [ -74.87284, 11.03116 ], [ -74.87257, 11.03079 ], [ -74.87214, 11.0302 ], [ -74.87186, 11.0298 ], [ -74.87178, 11.02971 ], [ -74.87174, 11.02964 ], [ -74.87189, 11.02949 ], [ -74.87197, 11.02937 ], [ -74.87205, 11.0292 ], [ -74.87211, 11.02905 ], [ -74.87219, 11.02887 ], [ -74.87228, 11.02874 ], [ -74.87228, 11.02867 ], [ -74.87128, 11.02743 ], [ -74.87119, 11.0273 ], [ -74.86865, 11.02669 ], [ -74.8685, 11.02665 ], [ -74.86828, 11.02658 ], [ -74.86833, 11.02649 ], [ -74.86881, 11.02589 ], [ -74.86923, 11.02539 ], [ -74.86952, 11.02503 ], [ -74.86999, 11.02446 ], [ -74.87057, 11.02375 ], [ -74.87151, 11.0226 ], [ -74.87178, 11.02225 ], [ -74.87098, 11.02167 ], [ -74.87033, 11.0212 ], [ -74.87017, 11.0211 ], [ -74.86999, 11.02133 ], [ -74.86963, 11.02189 ], [ -74.86943, 11.02216 ], [ -74.86939, 11.02221 ], [ -74.86927, 11.02239 ], [ -74.86917, 11.02252 ], [ -74.86913, 11.02258 ], [ -74.86904, 11.02267 ], [ -74.86893, 11.02279 ], [ -74.86888, 11.02283 ], [ -74.86877, 11.02295 ], [ -74.86856, 11.02313 ], [ -74.8684, 11.02326 ], [ -74.86833, 11.02333 ], [ -74.86797, 11.02364 ], [ -74.86788, 11.02373 ], [ -74.86785, 11.02374 ], [ -74.86779, 11.0238 ], [ -74.86773, 11.02384 ], [ -74.86769, 11.0239 ], [ -74.86767, 11.02393 ], [ -74.86764, 11.02398 ], [ -74.8676, 11.02407 ], [ -74.86715, 11.02441 ], [ -74.86707, 11.02447 ], [ -74.86665, 11.02508 ], [ -74.86663, 11.0251 ], [ -74.86657, 11.02517 ], [ -74.86629, 11.02492 ], [ -74.86597, 11.02524 ], [ -74.86594, 11.02527 ], [ -74.8658, 11.02525 ], [ -74.86516, 11.0253 ], [ -74.86484, 11.0248 ], [ -74.86459, 11.02472 ], [ -74.86392, 11.0259 ], [ -74.86376, 11.02625 ], [ -74.8635, 11.02658 ], [ -74.86344, 11.02662 ], [ -74.86233, 11.02766 ], [ -74.86218, 11.02785 ], [ -74.86091, 11.02836 ], [ -74.86076, 11.02839 ], [ -74.86052, 11.02835 ], [ -74.8604, 11.02832 ], [ -74.8604, 11.02836 ], [ -74.86039, 11.02848 ], [ -74.86034, 11.0286 ], [ -74.86027, 11.02882 ], [ -74.8602, 11.02898 ], [ -74.86016, 11.02908 ], [ -74.86014, 11.02914 ], [ -74.86005, 11.02937 ], [ -74.8599, 11.02975 ], [ -74.85975, 11.03015 ], [ -74.85964, 11.03046 ], [ -74.85953, 11.03077 ], [ -74.85944, 11.03101 ], [ -74.85932, 11.03133 ], [ -74.85758, 11.03089 ], [ -74.85663, 11.03067 ], [ -74.85521, 11.03031 ], [ -74.85347, 11.0299 ], [ -74.8528, 11.02978 ], [ -74.85187, 11.02968 ], [ -74.85115, 11.0297 ], [ -74.85062, 11.02973 ], [ -74.85043, 11.02975 ], [ -74.84995, 11.02984 ], [ -74.84852, 11.03023 ], [ -74.8473, 11.03054 ], [ -74.84615, 11.03085 ], [ -74.84529, 11.03107 ], [ -74.84378, 11.03148 ], [ -74.84286, 11.03172 ], [ -74.84207, 11.03195 ], [ -74.84143, 11.03212 ], [ -74.84068, 11.03231 ], [ -74.8403, 11.03242 ], [ -74.83987, 11.03258 ], [ -74.83934, 11.03293 ], [ -74.83896, 11.03333 ], [ -74.83856, 11.03374 ], [ -74.83833, 11.03398 ], [ -74.83792, 11.03427 ], [ -74.83774, 11.03438 ], [ -74.8376, 11.03445 ], [ -74.8374, 11.0345 ], [ -74.83705, 11.03453 ], [ -74.8367, 11.03456 ], [ -74.83596, 11.03455 ], [ -74.8355, 11.03455 ], [ -74.83509, 11.0346 ], [ -74.8345, 11.03488 ], [ -74.83348, 11.03547 ], [ -74.83267, 11.03592 ], [ -74.83217, 11.03619 ], [ -74.83156, 11.03654 ], [ -74.83094, 11.03686 ], [ -74.83053, 11.03707 ], [ -74.83042, 11.03709 ], [ -74.82982, 11.03736 ], [ -74.8292, 11.03769 ], [ -74.82859, 11.03803 ], [ -74.82809, 11.03829 ], [ -74.82775, 11.03852 ], [ -74.82762, 11.0386 ], [ -74.8276, 11.03861 ], [ -74.82755, 11.03864 ], [ -74.82734, 11.03874 ], [ -74.82724, 11.03878 ], [ -74.82707, 11.03886 ], [ -74.82695, 11.0389 ], [ -74.82685, 11.03892 ], [ -74.82678, 11.03893 ], [ -74.82689, 11.03871 ], [ -74.82694, 11.0385 ], [ -74.82699, 11.0382 ], [ -74.82703, 11.03785 ], [ -74.82708, 11.03748 ], [ -74.82713, 11.03734 ], [ -74.82717, 11.03725 ], [ -74.8272, 11.03719 ], [ -74.82724, 11.03711 ], [ -74.82748, 11.03685 ], [ -74.82773, 11.0366 ], [ -74.82807, 11.03627 ], [ -74.82872, 11.03562 ], [ -74.82906, 11.03528 ], [ -74.82986, 11.03437 ], [ -74.83006, 11.03414 ], [ -74.83057, 11.03348 ], [ -74.83088, 11.03309 ], [ -74.83121, 11.03262 ], [ -74.83151, 11.03217 ], [ -74.83176, 11.03178 ], [ -74.83188, 11.0316 ], [ -74.832, 11.0314 ], [ -74.83204, 11.03133 ], [ -74.83241, 11.03066 ], [ -74.83258, 11.03032 ], [ -74.83282, 11.02985 ], [ -74.83303, 11.02939 ], [ -74.83323, 11.02892 ], [ -74.83359, 11.02802 ], [ -74.83389, 11.0273 ], [ -74.83414, 11.02672 ], [ -74.83437, 11.02615 ], [ -74.83459, 11.0256 ], [ -74.8348, 11.02506 ], [ -74.83518, 11.02415 ], [ -74.83549, 11.02335 ], [ -74.83575, 11.02273 ], [ -74.83599, 11.02212 ], [ -74.8363, 11.02134 ], [ -74.83665, 11.02044 ], [ -74.83699, 11.01958 ], [ -74.83715, 11.01919 ], [ -74.83756, 11.0182 ], [ -74.83791, 11.01733 ], [ -74.83815, 11.01677 ], [ -74.83848, 11.01599 ], [ -74.83859, 11.01572 ], [ -74.83864, 11.01574 ] ] ], [ [ [ -74.91846, 10.94534 ], [ -74.91994, 10.94697 ], [ -74.92002, 10.94727 ], [ -74.92, 10.94749 ], [ -74.91992, 10.9477 ], [ -74.91988, 10.94787 ], [ -74.91986, 10.94806 ], [ -74.91989, 10.94822 ], [ -74.91994, 10.94841 ], [ -74.92004, 10.94861 ], [ -74.9202, 10.949 ], [ -74.92032, 10.94947 ], [ -74.92039, 10.94971 ], [ -74.92041, 10.94984 ], [ -74.92043, 10.94991 ], [ -74.92053, 10.94999 ], [ -74.92086, 10.95024 ], [ -74.92101, 10.95041 ], [ -74.92111, 10.95055 ], [ -74.92117, 10.95073 ], [ -74.92123, 10.95084 ], [ -74.92134, 10.95093 ], [ -74.92156, 10.95108 ], [ -74.92177, 10.95117 ], [ -74.92196, 10.95119 ], [ -74.92211, 10.95122 ], [ -74.92228, 10.95129 ], [ -74.92246, 10.95151 ], [ -74.9226, 10.95162 ], [ -74.92276, 10.95168 ], [ -74.92301, 10.95173 ], [ -74.92321, 10.95182 ], [ -74.92343, 10.95195 ], [ -74.92361, 10.9521 ], [ -74.92381, 10.95232 ], [ -74.92393, 10.95246 ], [ -74.92412, 10.95266 ], [ -74.92418, 10.95275 ], [ -74.92492, 10.95084 ], [ -74.92544, 10.9509 ], [ -74.92582, 10.95102 ], [ -74.92622, 10.95116 ], [ -74.92645, 10.95119 ], [ -74.92673, 10.95119 ], [ -74.92709, 10.95114 ], [ -74.92742, 10.95108 ], [ -74.92785, 10.95105 ], [ -74.92834, 10.95107 ], [ -74.9288, 10.95116 ], [ -74.92915, 10.95127 ], [ -74.92954, 10.95143 ], [ -74.92971, 10.95154 ], [ -74.92917, 10.95208 ], [ -74.93, 10.95292 ], [ -74.92625, 10.95667 ], [ -74.92602, 10.95806 ], [ -74.92583, 10.95917 ], [ -74.92625, 10.96167 ], [ -74.92667, 10.9625 ], [ -74.92709, 10.96333 ], [ -74.9275, 10.96583 ], [ -74.9275, 10.96717 ], [ -74.92668, 10.96682 ], [ -74.92615, 10.96663 ], [ -74.9258, 10.96665 ], [ -74.92533, 10.96667 ], [ -74.92489, 10.96662 ], [ -74.92456, 10.96666 ], [ -74.9242, 10.96677 ], [ -74.92388, 10.96707 ], [ -74.92347, 10.96753 ], [ -74.92309, 10.96785 ], [ -74.92264, 10.96809 ], [ -74.92224, 10.96824 ], [ -74.92206, 10.96838 ], [ -74.92178, 10.96868 ], [ -74.92143, 10.9692 ], [ -74.92123, 10.96974 ], [ -74.92096, 10.97035 ], [ -74.92051, 10.97098 ], [ -74.92009, 10.97153 ], [ -74.91949, 10.97222 ], [ -74.91959, 10.97224 ], [ -74.92081, 10.97254 ], [ -74.92082, 10.97255 ], [ -74.9206, 10.97343 ], [ -74.92042, 10.97417 ], [ -74.9192, 10.97538 ], [ -74.91823, 10.97594 ], [ -74.91567, 10.97723 ], [ -74.91375, 10.9775 ], [ -74.91145, 10.97717 ], [ -74.91084, 10.97708 ], [ -74.90958, 10.97667 ], [ -74.90833, 10.97625 ], [ -74.90791, 10.97583 ], [ -74.9075, 10.97625 ], [ -74.90625, 10.97667 ], [ -74.905, 10.97708 ], [ -74.90459, 10.9775 ], [ -74.90417, 10.97958 ], [ -74.90375, 10.98167 ], [ -74.90334, 10.9825 ], [ -74.90292, 10.98333 ], [ -74.9025, 10.98458 ], [ -74.90292, 10.98583 ], [ -74.90375, 10.98667 ], [ -74.90417, 10.98958 ], [ -74.90388, 10.99155 ], [ -74.90319, 10.99231 ], [ -74.90126, 10.99296 ], [ -74.89835, 10.99781 ], [ -74.88873, 10.99116 ], [ -74.88861, 10.99108 ], [ -74.8888, 10.99079 ], [ -74.8884, 10.9914 ], [ -74.88813, 10.99181 ], [ -74.88787, 10.99222 ], [ -74.88742, 10.99294 ], [ -74.8873, 10.99314 ], [ -74.88688, 10.99377 ], [ -74.88662, 10.99418 ], [ -74.88616, 10.9949 ], [ -74.88531, 10.99623 ], [ -74.884, 10.99826 ], [ -74.88298, 10.99984 ], [ -74.88216, 11.00111 ], [ -74.87631, 10.99684 ], [ -74.87639, 10.99678 ], [ -74.87654, 10.99664 ], [ -74.87668, 10.99637 ], [ -74.87675, 10.99622 ], [ -74.87675, 10.996 ], [ -74.8767, 10.99587 ], [ -74.87666, 10.99574 ], [ -74.8766, 10.99567 ], [ -74.87653, 10.99557 ], [ -74.87643, 10.9955 ], [ -74.87624, 10.99544 ], [ -74.87604, 10.9954 ], [ -74.87587, 10.99542 ], [ -74.87578, 10.99546 ], [ -74.87575, 10.99549 ], [ -74.87572, 10.99554 ], [ -74.87567, 10.99559 ], [ -74.8756, 10.99561 ], [ -74.87553, 10.99557 ], [ -74.87543, 10.99552 ], [ -74.87532, 10.99546 ], [ -74.87522, 10.99542 ], [ -74.87519, 10.99534 ], [ -74.87529, 10.99525 ], [ -74.87537, 10.99523 ], [ -74.87543, 10.99522 ], [ -74.87546, 10.99513 ], [ -74.87545, 10.99507 ], [ -74.8754, 10.99503 ], [ -74.87535, 10.99494 ], [ -74.87543, 10.99484 ], [ -74.87555, 10.99472 ], [ -74.8758, 10.99457 ], [ -74.87589, 10.99455 ], [ -74.87594, 10.99454 ], [ -74.8761, 10.99447 ], [ -74.87623, 10.99442 ], [ -74.87627, 10.99435 ], [ -74.87634, 10.9943 ], [ -74.87643, 10.99425 ], [ -74.87653, 10.99424 ], [ -74.8766, 10.99427 ], [ -74.87662, 10.99429 ], [ -74.87671, 10.99427 ], [ -74.8768, 10.99413 ], [ -74.87689, 10.99407 ], [ -74.87697, 10.994 ], [ -74.87701, 10.99396 ], [ -74.87701, 10.99387 ], [ -74.87699, 10.9938 ], [ -74.8769, 10.99373 ], [ -74.87687, 10.99365 ], [ -74.87684, 10.99355 ], [ -74.87679, 10.99356 ], [ -74.87671, 10.99348 ], [ -74.87664, 10.99344 ], [ -74.87655, 10.99344 ], [ -74.87647, 10.99345 ], [ -74.87641, 10.99347 ], [ -74.87633, 10.99345 ], [ -74.87624, 10.99343 ], [ -74.87622, 10.99334 ], [ -74.87626, 10.99329 ], [ -74.87626, 10.99323 ], [ -74.87621, 10.99315 ], [ -74.87617, 10.99312 ], [ -74.87614, 10.99309 ], [ -74.87606, 10.99299 ], [ -74.87602, 10.99293 ], [ -74.87596, 10.99282 ], [ -74.87593, 10.99277 ], [ -74.87592, 10.99266 ], [ -74.87584, 10.99248 ], [ -74.87588, 10.99206 ], [ -74.87595, 10.99179 ], [ -74.87598, 10.99177 ], [ -74.87603, 10.99172 ], [ -74.8761, 10.99162 ], [ -74.87613, 10.99156 ], [ -74.87621, 10.99144 ], [ -74.87628, 10.99132 ], [ -74.87633, 10.9912 ], [ -74.87642, 10.99102 ], [ -74.87647, 10.99088 ], [ -74.87651, 10.99069 ], [ -74.87647, 10.99052 ], [ -74.87642, 10.99036 ], [ -74.87635, 10.99029 ], [ -74.87628, 10.99022 ], [ -74.87621, 10.99019 ], [ -74.87603, 10.99022 ], [ -74.87591, 10.99031 ], [ -74.87575, 10.99044 ], [ -74.87564, 10.9905 ], [ -74.87548, 10.99054 ], [ -74.87531, 10.99059 ], [ -74.87513, 10.9907 ], [ -74.87498, 10.99076 ], [ -74.87487, 10.99076 ], [ -74.87478, 10.99074 ], [ -74.87466, 10.99069 ], [ -74.87464, 10.99063 ], [ -74.87455, 10.99048 ], [ -74.87447, 10.99043 ], [ -74.87437, 10.99034 ], [ -74.87434, 10.99025 ], [ -74.87434, 10.99018 ], [ -74.8744, 10.99004 ], [ -74.87448, 10.98992 ], [ -74.87451, 10.98985 ], [ -74.87454, 10.98977 ], [ -74.87459, 10.98966 ], [ -74.87469, 10.98951 ], [ -74.87476, 10.98941 ], [ -74.87484, 10.98934 ], [ -74.8749, 10.98927 ], [ -74.87493, 10.98916 ], [ -74.87497, 10.98909 ], [ -74.87501, 10.98904 ], [ -74.87505, 10.98899 ], [ -74.87506, 10.98884 ], [ -74.87505, 10.98878 ], [ -74.87499, 10.98865 ], [ -74.8749, 10.98855 ], [ -74.87485, 10.9885 ], [ -74.87471, 10.98837 ], [ -74.87448, 10.98831 ], [ -74.87438, 10.98821 ], [ -74.87429, 10.98819 ], [ -74.87418, 10.98816 ], [ -74.874, 10.98815 ], [ -74.8739, 10.98805 ], [ -74.87383, 10.98792 ], [ -74.87385, 10.98775 ], [ -74.87388, 10.98764 ], [ -74.87393, 10.9875 ], [ -74.87413, 10.98736 ], [ -74.87436, 10.98733 ], [ -74.87446, 10.98736 ], [ -74.87484, 10.98731 ], [ -74.87513, 10.98731 ], [ -74.87534, 10.98725 ], [ -74.8755, 10.9872 ], [ -74.87564, 10.98711 ], [ -74.87581, 10.98705 ], [ -74.87594, 10.98697 ], [ -74.87601, 10.98691 ], [ -74.87609, 10.98679 ], [ -74.87613, 10.98668 ], [ -74.87616, 10.98656 ], [ -74.87621, 10.98653 ], [ -74.87647, 10.98623 ], [ -74.87662, 10.98605 ], [ -74.87673, 10.98587 ], [ -74.87676, 10.98564 ], [ -74.8766, 10.9855 ], [ -74.87654, 10.98543 ], [ -74.87647, 10.98532 ], [ -74.87654, 10.98522 ], [ -74.8766, 10.98504 ], [ -74.87685, 10.98497 ], [ -74.87712, 10.98493 ], [ -74.87723, 10.98481 ], [ -74.87732, 10.98486 ], [ -74.87742, 10.98484 ], [ -74.87742, 10.98474 ], [ -74.87741, 10.98466 ], [ -74.87738, 10.98455 ], [ -74.87737, 10.98449 ], [ -74.87745, 10.98448 ], [ -74.87752, 10.98448 ], [ -74.87755, 10.98437 ], [ -74.87755, 10.98428 ], [ -74.87755, 10.98421 ], [ -74.87761, 10.98417 ], [ -74.87769, 10.98415 ], [ -74.87766, 10.98399 ], [ -74.87764, 10.9839 ], [ -74.87772, 10.9838 ], [ -74.87787, 10.98379 ], [ -74.87796, 10.98379 ], [ -74.87811, 10.98366 ], [ -74.8782, 10.98364 ], [ -74.87835, 10.98352 ], [ -74.87847, 10.98345 ], [ -74.8785, 10.98338 ], [ -74.87842, 10.98334 ], [ -74.87842, 10.98331 ], [ -74.87843, 10.98316 ], [ -74.87852, 10.98308 ], [ -74.87859, 10.983 ], [ -74.87873, 10.98296 ], [ -74.8789, 10.98288 ], [ -74.879, 10.98288 ], [ -74.87912, 10.98283 ], [ -74.87931, 10.98278 ], [ -74.87946, 10.98277 ], [ -74.87956, 10.98275 ], [ -74.87966, 10.98282 ], [ -74.87978, 10.98283 ], [ -74.87991, 10.98277 ], [ -74.87994, 10.9826 ], [ -74.87985, 10.98257 ], [ -74.87981, 10.98248 ], [ -74.87986, 10.98238 ], [ -74.87983, 10.98227 ], [ -74.87976, 10.98225 ], [ -74.87966, 10.9822 ], [ -74.87968, 10.98211 ], [ -74.87974, 10.98199 ], [ -74.87974, 10.98189 ], [ -74.87979, 10.98184 ], [ -74.87987, 10.98183 ], [ -74.88004, 10.98168 ], [ -74.88014, 10.9816 ], [ -74.88018, 10.98162 ], [ -74.88032, 10.98151 ], [ -74.88041, 10.98155 ], [ -74.88047, 10.98164 ], [ -74.88056, 10.98169 ], [ -74.88076, 10.98162 ], [ -74.88082, 10.9816 ], [ -74.88096, 10.9815 ], [ -74.88109, 10.98141 ], [ -74.8812, 10.98132 ], [ -74.88129, 10.98127 ], [ -74.88138, 10.98132 ], [ -74.88148, 10.98144 ], [ -74.88157, 10.98145 ], [ -74.88175, 10.98145 ], [ -74.88185, 10.9813 ], [ -74.88192, 10.98133 ], [ -74.88198, 10.98137 ], [ -74.88205, 10.98135 ], [ -74.88214, 10.98128 ], [ -74.88223, 10.98119 ], [ -74.88225, 10.98111 ], [ -74.88229, 10.98103 ], [ -74.88235, 10.98095 ], [ -74.88241, 10.98094 ], [ -74.88247, 10.98099 ], [ -74.88259, 10.98099 ], [ -74.88269, 10.98099 ], [ -74.88281, 10.98095 ], [ -74.88294, 10.98085 ], [ -74.88301, 10.98084 ], [ -74.88311, 10.98082 ], [ -74.88321, 10.98072 ], [ -74.8832, 10.98063 ], [ -74.8831, 10.98059 ], [ -74.88304, 10.98057 ], [ -74.88289, 10.98048 ], [ -74.88281, 10.98036 ], [ -74.88283, 10.98024 ], [ -74.88284, 10.98016 ], [ -74.88276, 10.98011 ], [ -74.88271, 10.98006 ], [ -74.88265, 10.97999 ], [ -74.88261, 10.97991 ], [ -74.8825, 10.97983 ], [ -74.88245, 10.9798 ], [ -74.88238, 10.97975 ], [ -74.88233, 10.97965 ], [ -74.88227, 10.97957 ], [ -74.88224, 10.97951 ], [ -74.8822, 10.97943 ], [ -74.88216, 10.97937 ], [ -74.88214, 10.97934 ], [ -74.88214, 10.97927 ], [ -74.88219, 10.97918 ], [ -74.88234, 10.97905 ], [ -74.88238, 10.97902 ], [ -74.88245, 10.97906 ], [ -74.8825, 10.97907 ], [ -74.88258, 10.97907 ], [ -74.88264, 10.97902 ], [ -74.88267, 10.97897 ], [ -74.88272, 10.97892 ], [ -74.8828, 10.97892 ], [ -74.88293, 10.97899 ], [ -74.88301, 10.97901 ], [ -74.88309, 10.97902 ], [ -74.88311, 10.97905 ], [ -74.8832, 10.97905 ], [ -74.88332, 10.97906 ], [ -74.88343, 10.97903 ], [ -74.88354, 10.97903 ], [ -74.88369, 10.97903 ], [ -74.88377, 10.97905 ], [ -74.88381, 10.979 ], [ -74.88385, 10.97891 ], [ -74.88384, 10.97883 ], [ -74.88383, 10.97881 ], [ -74.88379, 10.97876 ], [ -74.8837, 10.97872 ], [ -74.88359, 10.97872 ], [ -74.88348, 10.97868 ], [ -74.88338, 10.97863 ], [ -74.8833, 10.97853 ], [ -74.88322, 10.97846 ], [ -74.88308, 10.97842 ], [ -74.88298, 10.97837 ], [ -74.88293, 10.97831 ], [ -74.88284, 10.97816 ], [ -74.88279, 10.97808 ], [ -74.88279, 10.97795 ], [ -74.88275, 10.97789 ], [ -74.88266, 10.97784 ], [ -74.88248, 10.97775 ], [ -74.8824, 10.97767 ], [ -74.88231, 10.9776 ], [ -74.88222, 10.97753 ], [ -74.8822, 10.97746 ], [ -74.8822, 10.97735 ], [ -74.8822, 10.97724 ], [ -74.88219, 10.97709 ], [ -74.88219, 10.97699 ], [ -74.88219, 10.97691 ], [ -74.88222, 10.97681 ], [ -74.88224, 10.97673 ], [ -74.88226, 10.97672 ], [ -74.8823, 10.97658 ], [ -74.8823, 10.97643 ], [ -74.8823, 10.97631 ], [ -74.8823, 10.97616 ], [ -74.8823, 10.97606 ], [ -74.88237, 10.9759 ], [ -74.88237, 10.97583 ], [ -74.88237, 10.97578 ], [ -74.88239, 10.97572 ], [ -74.88242, 10.97567 ], [ -74.88246, 10.97565 ], [ -74.88244, 10.97555 ], [ -74.88243, 10.97547 ], [ -74.88243, 10.97543 ], [ -74.88244, 10.97539 ], [ -74.88244, 10.97535 ], [ -74.88246, 10.9753 ], [ -74.88247, 10.97525 ], [ -74.88249, 10.9752 ], [ -74.88253, 10.9751 ], [ -74.88255, 10.97502 ], [ -74.88256, 10.97497 ], [ -74.8826, 10.97491 ], [ -74.88264, 10.97486 ], [ -74.88268, 10.97482 ], [ -74.88273, 10.97478 ], [ -74.88277, 10.97475 ], [ -74.88287, 10.97465 ], [ -74.88294, 10.97459 ], [ -74.88296, 10.97454 ], [ -74.883, 10.97457 ], [ -74.88302, 10.97459 ], [ -74.883, 10.97444 ], [ -74.883, 10.97441 ], [ -74.8831, 10.97448 ], [ -74.88316, 10.97452 ], [ -74.88492, 10.97708 ], [ -74.88683, 10.97896 ], [ -74.88715, 10.97992 ], [ -74.88826, 10.98066 ], [ -74.89204, 10.98302 ], [ -74.89385, 10.98301 ], [ -74.89585, 10.98222 ], [ -74.8966, 10.98016 ], [ -74.89735, 10.97884 ], [ -74.89761, 10.97848 ], [ -74.89837, 10.97748 ], [ -74.89891, 10.97713 ], [ -74.9008, 10.97594 ], [ -74.90319, 10.97444 ], [ -74.90443, 10.97365 ], [ -74.90532, 10.97189 ], [ -74.90532, 10.9718 ], [ -74.90532, 10.97163 ], [ -74.90759, 10.9722 ], [ -74.90873, 10.9725 ], [ -74.90931, 10.97144 ], [ -74.90877, 10.97109 ], [ -74.90829, 10.97079 ], [ -74.90758, 10.9707 ], [ -74.90686, 10.97031 ], [ -74.90633, 10.9697 ], [ -74.90571, 10.96904 ], [ -74.90477, 10.96742 ], [ -74.90401, 10.96641 ], [ -74.90219, 10.96528 ], [ -74.9009, 10.96419 ], [ -74.89981, 10.96327 ], [ -74.89903, 10.96261 ], [ -74.89911, 10.96248 ], [ -74.89937, 10.96206 ], [ -74.90023, 10.96068 ], [ -74.90027, 10.96068 ], [ -74.90279, 10.96052 ], [ -74.90518, 10.96036 ], [ -74.90524, 10.96036 ], [ -74.90523, 10.96034 ], [ -74.90527, 10.96033 ], [ -74.90533, 10.96027 ], [ -74.90539, 10.96012 ], [ -74.90538, 10.95988 ], [ -74.90538, 10.95971 ], [ -74.90544, 10.95953 ], [ -74.90554, 10.95939 ], [ -74.9057, 10.95939 ], [ -74.90583, 10.9594 ], [ -74.90604, 10.95933 ], [ -74.90608, 10.95927 ], [ -74.90609, 10.95914 ], [ -74.90615, 10.95892 ], [ -74.90631, 10.95872 ], [ -74.90657, 10.95863 ], [ -74.9071, 10.95833 ], [ -74.90716, 10.95818 ], [ -74.90722, 10.95808 ], [ -74.90728, 10.9579 ], [ -74.90738, 10.95784 ], [ -74.9075, 10.95785 ], [ -74.90766, 10.95785 ], [ -74.90779, 10.95777 ], [ -74.90793, 10.95764 ], [ -74.90821, 10.95738 ], [ -74.90825, 10.95737 ], [ -74.90837, 10.95737 ], [ -74.90862, 10.95745 ], [ -74.90874, 10.95759 ], [ -74.90885, 10.95771 ], [ -74.90905, 10.95784 ], [ -74.90947, 10.95792 ], [ -74.91002, 10.95794 ], [ -74.91061, 10.95796 ], [ -74.91129, 10.95795 ], [ -74.91178, 10.95794 ], [ -74.91186, 10.95794 ], [ -74.91185, 10.95787 ], [ -74.91476, 10.95675 ], [ -74.91521, 10.95635 ], [ -74.91566, 10.9561 ], [ -74.91586, 10.95599 ], [ -74.91617, 10.95563 ], [ -74.91653, 10.95557 ], [ -74.91678, 10.95529 ], [ -74.91743, 10.95491 ], [ -74.9177, 10.95464 ], [ -74.91797, 10.95409 ], [ -74.91795, 10.9539 ], [ -74.91791, 10.95352 ], [ -74.91784, 10.95309 ], [ -74.91784, 10.95257 ], [ -74.91811, 10.95208 ], [ -74.91816, 10.95192 ], [ -74.91835, 10.95134 ], [ -74.91857, 10.95073 ], [ -74.91872, 10.95032 ], [ -74.91905, 10.94977 ], [ -74.91914, 10.94928 ], [ -74.91911, 10.94882 ], [ -74.91897, 10.94861 ], [ -74.91895, 10.94834 ], [ -74.91895, 10.94804 ], [ -74.91888, 10.9477 ], [ -74.91884, 10.94743 ], [ -74.91886, 10.94713 ], [ -74.91876, 10.94657 ], [ -74.9187, 10.94639 ], [ -74.91851, 10.94607 ], [ -74.9184, 10.94583 ], [ -74.9184, 10.94557 ], [ -74.91842, 10.94544 ], [ -74.9184, 10.94529 ], [ -74.91846, 10.94534 ] ] ] ] } },
{ "type": "Feature", "properties": { "UFP": "UFP 2", "VOCACION": "Agroindustrial", "ROTULO": "UFP 2\nAgroindustrial", "DESCRIPCION": "Zona de transición productiva vinculada a actividades agroindustriales y soporte logístico metropolitano en el sector de Galapa.", "AREA_HA": 9303.7 }, "geometry": { "type": "Polygon", "coordinates": [ [ [ -74.83976, 10.89151 ], [ -74.84517, 10.88908 ], [ -74.8514, 10.8842 ], [ -74.85627, 10.87906 ], [ -74.85925, 10.87527 ], [ -74.86087, 10.87175 ], [ -74.86304, 10.86552 ], [ -74.86521, 10.86173 ], [ -74.86575, 10.86099 ], [ -74.86615, 10.86098 ], [ -74.86655, 10.861 ], [ -74.86655, 10.861 ], [ -74.86666, 10.861 ], [ -74.86677, 10.86099 ], [ -74.86685, 10.86099 ], [ -74.86699, 10.86091 ], [ -74.86716, 10.8608 ], [ -74.86724, 10.86074 ], [ -74.86738, 10.86059 ], [ -74.86746, 10.86048 ], [ -74.86753, 10.86038 ], [ -74.86755, 10.86033 ], [ -74.8676, 10.86023 ], [ -74.86765, 10.8601 ], [ -74.86774, 10.85993 ], [ -74.86791, 10.85972 ], [ -74.86798, 10.85963 ], [ -74.86813, 10.85948 ], [ -74.86827, 10.85935 ], [ -74.86843, 10.85923 ], [ -74.86859, 10.85911 ], [ -74.86874, 10.85901 ], [ -74.86886, 10.85892 ], [ -74.86905, 10.8588 ], [ -74.86917, 10.85873 ], [ -74.8693, 10.8587 ], [ -74.86943, 10.85863 ], [ -74.86954, 10.85859 ], [ -74.86961, 10.85852 ], [ -74.8697, 10.85841 ], [ -74.8698, 10.85827 ], [ -74.8699, 10.85807 ], [ -74.86995, 10.85792 ], [ -74.86998, 10.85785 ], [ -74.87, 10.85778 ], [ -74.87004, 10.8577 ], [ -74.87005, 10.85768 ], [ -74.87011, 10.85753 ], [ -74.87016, 10.85741 ], [ -74.87022, 10.85726 ], [ -74.87028, 10.85707 ], [ -74.87034, 10.85689 ], [ -74.87043, 10.85674 ], [ -74.87047, 10.85665 ], [ -74.87055, 10.8565 ], [ -74.87063, 10.85634 ], [ -74.87079, 10.85612 ], [ -74.87095, 10.85594 ], [ -74.87105, 10.85578 ], [ -74.87109, 10.85572 ], [ -74.87112, 10.85565 ], [ -74.87117, 10.85553 ], [ -74.87121, 10.85534 ], [ -74.87125, 10.85521 ], [ -74.87125, 10.85507 ], [ -74.87125, 10.85496 ], [ -74.87127, 10.85479 ], [ -74.87128, 10.85468 ], [ -74.87133, 10.85459 ], [ -74.87136, 10.85449 ], [ -74.87148, 10.85434 ], [ -74.87157, 10.85419 ], [ -74.87159, 10.85413 ], [ -74.87161, 10.85409 ], [ -74.87166, 10.85392 ], [ -74.87166, 10.85382 ], [ -74.87169, 10.85365 ], [ -74.87169, 10.85346 ], [ -74.8717, 10.85345 ], [ -74.87213, 10.85309 ], [ -74.87323, 10.85303 ], [ -74.87462, 10.85294 ], [ -74.8753, 10.85292 ], [ -74.87614, 10.85289 ], [ -74.88071, 10.85297 ], [ -74.8812, 10.85278 ], [ -74.88212, 10.85244 ], [ -74.88386, 10.85186 ], [ -74.88422, 10.85176 ], [ -74.88568, 10.85137 ], [ -74.88804, 10.85059 ], [ -74.889, 10.85025 ], [ -74.88949, 10.85014 ], [ -74.89121, 10.84983 ], [ -74.89196, 10.85002 ], [ -74.89237, 10.85007 ], [ -74.8924, 10.85009 ], [ -74.89279, 10.85025 ], [ -74.89296, 10.85077 ], [ -74.89346, 10.85163 ], [ -74.89355, 10.85173 ], [ -74.89405, 10.85228 ], [ -74.8941, 10.85236 ], [ -74.89435, 10.8528 ], [ -74.89536, 10.85266 ], [ -74.89512, 10.85126 ], [ -74.89534, 10.85048 ], [ -74.89538, 10.85037 ], [ -74.8954, 10.85033 ], [ -74.89603, 10.84923 ], [ -74.89761, 10.84668 ], [ -74.89951, 10.84364 ], [ -74.89976, 10.84387 ], [ -74.90057, 10.84473 ], [ -74.90068, 10.84486 ], [ -74.90083, 10.84502 ], [ -74.90101, 10.8452 ], [ -74.90123, 10.84539 ], [ -74.90156, 10.84561 ], [ -74.9018, 10.8458 ], [ -74.90188, 10.84598 ], [ -74.90198, 10.84617 ], [ -74.90202, 10.84646 ], [ -74.90203, 10.84671 ], [ -74.90203, 10.84716 ], [ -74.90201, 10.84753 ], [ -74.902, 10.84793 ], [ -74.90197, 10.84819 ], [ -74.90191, 10.8486 ], [ -74.90189, 10.84897 ], [ -74.90193, 10.84905 ], [ -74.90213, 10.84917 ], [ -74.90235, 10.84923 ], [ -74.90248, 10.84926 ], [ -74.90261, 10.84927 ], [ -74.90271, 10.84926 ], [ -74.90286, 10.84922 ], [ -74.90296, 10.84919 ], [ -74.90311, 10.84921 ], [ -74.90321, 10.84925 ], [ -74.90335, 10.84932 ], [ -74.90347, 10.8494 ], [ -74.90362, 10.84945 ], [ -74.90378, 10.84949 ], [ -74.90403, 10.84951 ], [ -74.90423, 10.84952 ], [ -74.90444, 10.84952 ], [ -74.90465, 10.84949 ], [ -74.90475, 10.84948 ], [ -74.90483, 10.84947 ], [ -74.90495, 10.84945 ], [ -74.90508, 10.84944 ], [ -74.90522, 10.84949 ], [ -74.90596, 10.84859 ], [ -74.90621, 10.84841 ], [ -74.90642, 10.84822 ], [ -74.9067, 10.84798 ], [ -74.90705, 10.84777 ], [ -74.90722, 10.84772 ], [ -74.90736, 10.8477 ], [ -74.9075, 10.84768 ], [ -74.90772, 10.84754 ], [ -74.90787, 10.84737 ], [ -74.90808, 10.84721 ], [ -74.90837, 10.84704 ], [ -74.90864, 10.84689 ], [ -74.90878, 10.84682 ], [ -74.90987, 10.84615 ], [ -74.91003, 10.84596 ], [ -74.91016, 10.84584 ], [ -74.91029, 10.84571 ], [ -74.91044, 10.84549 ], [ -74.91057, 10.84524 ], [ -74.91074, 10.84496 ], [ -74.91086, 10.84491 ], [ -74.91102, 10.84489 ], [ -74.91121, 10.84487 ], [ -74.91143, 10.84489 ], [ -74.91168, 10.84492 ], [ -74.91188, 10.84494 ], [ -74.91211, 10.8449 ], [ -74.91224, 10.84489 ], [ -74.91238, 10.84491 ], [ -74.91251, 10.84496 ], [ -74.91266, 10.84511 ], [ -74.91272, 10.84525 ], [ -74.91279, 10.84539 ], [ -74.91292, 10.84555 ], [ -74.913, 10.84563 ], [ -74.91305, 10.84569 ], [ -74.91324, 10.84584 ], [ -74.91337, 10.84593 ], [ -74.91338, 10.84597 ], [ -74.91342, 10.84597 ], [ -74.91364, 10.84595 ], [ -74.91393, 10.8459 ], [ -74.91399, 10.84586 ], [ -74.9141, 10.84595 ], [ -74.91422, 10.84609 ], [ -74.91427, 10.84627 ], [ -74.91429, 10.84649 ], [ -74.91426, 10.84669 ], [ -74.91421, 10.84699 ], [ -74.91425, 10.84726 ], [ -74.91427, 10.84745 ], [ -74.91446, 10.84759 ], [ -74.91474, 10.84766 ], [ -74.91499, 10.84771 ], [ -74.91531, 10.84771 ], [ -74.91549, 10.84771 ], [ -74.91612, 10.84769 ], [ -74.91667, 10.84767 ], [ -74.91731, 10.84767 ], [ -74.91817, 10.8477 ], [ -74.91862, 10.84779 ], [ -74.91913, 10.84787 ], [ -74.91969, 10.8481 ], [ -74.92014, 10.8482 ], [ -74.92065, 10.84836 ], [ -74.9209, 10.84845 ], [ -74.921, 10.84868 ], [ -74.92097, 10.84883 ], [ -74.92093, 10.84897 ], [ -74.92082, 10.84914 ], [ -74.92064, 10.84935 ], [ -74.92052, 10.84952 ], [ -74.92035, 10.84977 ], [ -74.92022, 10.84991 ], [ -74.92018, 10.85004 ], [ -74.92012, 10.85018 ], [ -74.92013, 10.85035 ], [ -74.92022, 10.85049 ], [ -74.92033, 10.85061 ], [ -74.92042, 10.85078 ], [ -74.9205, 10.85094 ], [ -74.92059, 10.85108 ], [ -74.92069, 10.85118 ], [ -74.92076, 10.8513 ], [ -74.92098, 10.85151 ], [ -74.92106, 10.85161 ], [ -74.92117, 10.85173 ], [ -74.9213, 10.85183 ], [ -74.92144, 10.85195 ], [ -74.92158, 10.85211 ], [ -74.92173, 10.85224 ], [ -74.92182, 10.85233 ], [ -74.92203, 10.85244 ], [ -74.92216, 10.85256 ], [ -74.92238, 10.85267 ], [ -74.92253, 10.85278 ], [ -74.92277, 10.85294 ], [ -74.92296, 10.85318 ], [ -74.92309, 10.85337 ], [ -74.9233, 10.85369 ], [ -74.92336, 10.8539 ], [ -74.92345, 10.85413 ], [ -74.92348, 10.85435 ], [ -74.92349, 10.85461 ], [ -74.92343, 10.85497 ], [ -74.92346, 10.85531 ], [ -74.92357, 10.85556 ], [ -74.9237, 10.85569 ], [ -74.92378, 10.85579 ], [ -74.92399, 10.85592 ], [ -74.92417, 10.85606 ], [ -74.92444, 10.85622 ], [ -74.92463, 10.85636 ], [ -74.92489, 10.85644 ], [ -74.9253, 10.85649 ], [ -74.92565, 10.85649 ], [ -74.926, 10.85643 ], [ -74.92627, 10.85639 ], [ -74.92674, 10.85634 ], [ -74.92705, 10.85625 ], [ -74.92736, 10.85619 ], [ -74.92766, 10.85611 ], [ -74.92791, 10.85602 ], [ -74.92813, 10.85593 ], [ -74.92831, 10.85581 ], [ -74.92843, 10.85565 ], [ -74.92848, 10.85545 ], [ -74.92849, 10.85526 ], [ -74.92843, 10.85503 ], [ -74.92839, 10.85489 ], [ -74.92832, 10.85475 ], [ -74.9282, 10.85458 ], [ -74.9282, 10.8543 ], [ -74.92839, 10.85402 ], [ -74.92883, 10.85377 ], [ -74.92922, 10.85361 ], [ -74.92979, 10.85342 ], [ -74.93033, 10.85343 ], [ -74.93079, 10.85343 ], [ -74.93122, 10.85345 ], [ -74.93152, 10.85341 ], [ -74.93185, 10.85341 ], [ -74.93192, 10.85341 ], [ -74.93197, 10.85342 ], [ -74.9325, 10.85343 ], [ -74.93259, 10.85353 ], [ -74.93269, 10.85368 ], [ -74.9328, 10.85377 ], [ -74.93294, 10.85382 ], [ -74.93317, 10.85395 ], [ -74.93345, 10.85417 ], [ -74.93379, 10.85436 ], [ -74.93405, 10.85444 ], [ -74.93424, 10.8545 ], [ -74.93449, 10.85457 ], [ -74.93476, 10.85466 ], [ -74.93489, 10.85478 ], [ -74.93504, 10.85492 ], [ -74.93522, 10.8552 ], [ -74.93551, 10.85553 ], [ -74.9357, 10.85584 ], [ -74.93583, 10.85603 ], [ -74.93597, 10.85625 ], [ -74.9361, 10.85658 ], [ -74.93616, 10.85674 ], [ -74.93648, 10.85701 ], [ -74.93667, 10.85711 ], [ -74.93682, 10.85727 ], [ -74.93696, 10.85743 ], [ -74.93709, 10.85749 ], [ -74.93726, 10.8575 ], [ -74.9374, 10.85749 ], [ -74.93751, 10.85748 ], [ -74.93765, 10.85748 ], [ -74.9378, 10.85748 ], [ -74.93797, 10.85747 ], [ -74.93816, 10.85747 ], [ -74.93835, 10.8575 ], [ -74.93849, 10.85749 ], [ -74.93869, 10.85745 ], [ -74.93882, 10.85745 ], [ -74.93895, 10.85749 ], [ -74.93916, 10.85758 ], [ -74.93933, 10.85769 ], [ -74.93948, 10.85784 ], [ -74.93957, 10.85788 ], [ -74.93964, 10.85788 ], [ -74.93973, 10.85788 ], [ -74.93986, 10.85795 ], [ -74.94001, 10.8581 ], [ -74.94019, 10.85828 ], [ -74.94029, 10.85839 ], [ -74.94038, 10.85843 ], [ -74.94048, 10.85844 ], [ -74.94057, 10.85843 ], [ -74.94065, 10.85832 ], [ -74.94074, 10.85829 ], [ -74.9409, 10.8583 ], [ -74.94101, 10.85831 ], [ -74.94117, 10.85833 ], [ -74.94133, 10.85833 ], [ -74.94152, 10.85834 ], [ -74.94165, 10.85841 ], [ -74.94178, 10.85842 ], [ -74.942, 10.85844 ], [ -74.94247, 10.8585 ], [ -74.94266, 10.85834 ], [ -74.94276, 10.85831 ], [ -74.94294, 10.85832 ], [ -74.94306, 10.85826 ], [ -74.94318, 10.85823 ], [ -74.94331, 10.85825 ], [ -74.94342, 10.85835 ], [ -74.94349, 10.85835 ], [ -74.94365, 10.85831 ], [ -74.94379, 10.85829 ], [ -74.9439, 10.8583 ], [ -74.94401, 10.85834 ], [ -74.94414, 10.85834 ], [ -74.94427, 10.85832 ], [ -74.94434, 10.85831 ], [ -74.94481, 10.85842 ], [ -74.94482, 10.85851 ], [ -74.94483, 10.85858 ], [ -74.94487, 10.85873 ], [ -74.945, 10.85955 ], [ -74.94473, 10.85986 ], [ -74.94409, 10.86063 ], [ -74.94373, 10.86071 ], [ -74.94343, 10.86092 ], [ -74.94297, 10.86115 ], [ -74.94275, 10.86159 ], [ -74.94263, 10.86202 ], [ -74.94244, 10.86214 ], [ -74.94225, 10.86223 ], [ -74.9421, 10.8625 ], [ -74.94196, 10.86276 ], [ -74.94198, 10.86312 ], [ -74.94196, 10.86357 ], [ -74.9421, 10.86381 ], [ -74.94232, 10.86404 ], [ -74.94242, 10.86429 ], [ -74.94243, 10.86454 ], [ -74.94232, 10.86484 ], [ -74.94209, 10.86495 ], [ -74.94169, 10.86513 ], [ -74.94088, 10.86541 ], [ -74.94058, 10.86551 ], [ -74.94032, 10.86587 ], [ -74.94005, 10.86607 ], [ -74.93967, 10.86633 ], [ -74.93921, 10.86663 ], [ -74.93888, 10.86679 ], [ -74.93841, 10.86698 ], [ -74.93822, 10.86715 ], [ -74.93803, 10.86736 ], [ -74.93781, 10.86755 ], [ -74.93759, 10.86779 ], [ -74.93737, 10.86796 ], [ -74.93701, 10.8683 ], [ -74.93672, 10.86859 ], [ -74.93638, 10.8688 ], [ -74.93602, 10.86895 ], [ -74.93581, 10.86899 ], [ -74.93552, 10.86896 ], [ -74.93525, 10.86878 ], [ -74.93486, 10.86876 ], [ -74.93445, 10.86881 ], [ -74.93411, 10.86895 ], [ -74.93385, 10.86936 ], [ -74.93363, 10.86974 ], [ -74.93343, 10.86996 ], [ -74.93402, 10.87039 ], [ -74.93431, 10.87063 ], [ -74.9347, 10.87101 ], [ -74.93494, 10.87132 ], [ -74.93511, 10.8717 ], [ -74.93526, 10.87205 ], [ -74.93526, 10.87237 ], [ -74.93507, 10.87268 ], [ -74.93485, 10.87294 ], [ -74.93463, 10.87347 ], [ -74.93442, 10.87393 ], [ -74.93422, 10.87417 ], [ -74.93398, 10.87438 ], [ -74.93355, 10.8745 ], [ -74.93309, 10.87448 ], [ -74.93272, 10.87448 ], [ -74.93238, 10.87437 ], [ -74.93208, 10.87445 ], [ -74.93185, 10.8747 ], [ -74.93151, 10.87497 ], [ -74.93073, 10.87543 ], [ -74.93081, 10.87567 ], [ -74.93067, 10.87573 ], [ -74.93031, 10.87628 ], [ -74.93014, 10.87659 ], [ -74.93, 10.87693 ], [ -74.92982, 10.87739 ], [ -74.92984, 10.87775 ], [ -74.9299, 10.87803 ], [ -74.92983, 10.87829 ], [ -74.92973, 10.87848 ], [ -74.92956, 10.8788 ], [ -74.92951, 10.87913 ], [ -74.92948, 10.87969 ], [ -74.92947, 10.88004 ], [ -74.92957, 10.88037 ], [ -74.92959, 10.8806 ], [ -74.92955, 10.88072 ], [ -74.92964, 10.88107 ], [ -74.92957, 10.88126 ], [ -74.92948, 10.88152 ], [ -74.92933, 10.88176 ], [ -74.9294, 10.88201 ], [ -74.92948, 10.88222 ], [ -74.92957, 10.8825 ], [ -74.92982, 10.883 ], [ -74.92997, 10.88329 ], [ -74.93004, 10.8836 ], [ -74.93005, 10.88385 ], [ -74.93, 10.88404 ], [ -74.92994, 10.88425 ], [ -74.92984, 10.88456 ], [ -74.92978, 10.88475 ], [ -74.92983, 10.88504 ], [ -74.92993, 10.88533 ], [ -74.93007, 10.88553 ], [ -74.93009, 10.88576 ], [ -74.93006, 10.88594 ], [ -74.93001, 10.88616 ], [ -74.92999, 10.88629 ], [ -74.93016, 10.88618 ], [ -74.93031, 10.88616 ], [ -74.93057, 10.88621 ], [ -74.93081, 10.88629 ], [ -74.93102, 10.88636 ], [ -74.93132, 10.88638 ], [ -74.93176, 10.88638 ], [ -74.93196, 10.88654 ], [ -74.93219, 10.88679 ], [ -74.93261, 10.88759 ], [ -74.93284, 10.88868 ], [ -74.93284, 10.88916 ], [ -74.93275, 10.88951 ], [ -74.93204, 10.89009 ], [ -74.93149, 10.89047 ], [ -74.9313, 10.89095 ], [ -74.93123, 10.8915 ], [ -74.93117, 10.89194 ], [ -74.93077, 10.89246 ], [ -74.93014, 10.89301 ], [ -74.92963, 10.89333 ], [ -74.92952, 10.89391 ], [ -74.92951, 10.89425 ], [ -74.92941, 10.89449 ], [ -74.92903, 10.89473 ], [ -74.92837, 10.89532 ], [ -74.92824, 10.89568 ], [ -74.92813, 10.89648 ], [ -74.92806, 10.89713 ], [ -74.92799, 10.8978 ], [ -74.92795, 10.89829 ], [ -74.92806, 10.89875 ], [ -74.92815, 10.89941 ], [ -74.92812, 10.89992 ], [ -74.92453, 10.9351 ], [ -74.92376, 10.93625 ], [ -74.9238, 10.93628 ], [ -74.92364, 10.93652 ], [ -74.92331, 10.93695 ], [ -74.92316, 10.93714 ], [ -74.92293, 10.93754 ], [ -74.92282, 10.93779 ], [ -74.92277, 10.93794 ], [ -74.92275, 10.93811 ], [ -74.92275, 10.93837 ], [ -74.9228, 10.93905 ], [ -74.92281, 10.93923 ], [ -74.92282, 10.93986 ], [ -74.92282, 10.94034 ], [ -74.92286, 10.94124 ], [ -74.92289, 10.94181 ], [ -74.92287, 10.94206 ], [ -74.92284, 10.94221 ], [ -74.92278, 10.94233 ], [ -74.92263, 10.94255 ], [ -74.92173, 10.94353 ], [ -74.92124, 10.94403 ], [ -74.9211, 10.94413 ], [ -74.9207, 10.94431 ], [ -74.92036, 10.94447 ], [ -74.92034, 10.94448 ], [ -74.91965, 10.94481 ], [ -74.91929, 10.94498 ], [ -74.91919, 10.94503 ], [ -74.9184, 10.94529 ], [ -74.91633, 10.94634 ], [ -74.91541, 10.9468 ], [ -74.91193, 10.94846 ], [ -74.91051, 10.94915 ], [ -74.90909, 10.94983 ], [ -74.90771, 10.95046 ], [ -74.90677, 10.95029 ], [ -74.90624, 10.95021 ], [ -74.90539, 10.95005 ], [ -74.90495, 10.95005 ], [ -74.9032, 10.95006 ], [ -74.90236, 10.95006 ], [ -74.90148, 10.94996 ], [ -74.90086, 10.94985 ], [ -74.90017, 10.94973 ], [ -74.89895, 10.94976 ], [ -74.89808, 10.94989 ], [ -74.89753, 10.95007 ], [ -74.89702, 10.95024 ], [ -74.89655, 10.9503 ], [ -74.8963, 10.95027 ], [ -74.89594, 10.9501 ], [ -74.89494, 10.95026 ], [ -74.89414, 10.95051 ], [ -74.89306, 10.95046 ], [ -74.89236, 10.95045 ], [ -74.89229, 10.95007 ], [ -74.89222, 10.94953 ], [ -74.89225, 10.94889 ], [ -74.89232, 10.94824 ], [ -74.8924, 10.94772 ], [ -74.89231, 10.94727 ], [ -74.8922, 10.94643 ], [ -74.89228, 10.94579 ], [ -74.89231, 10.94562 ], [ -74.89218, 10.9457 ], [ -74.89208, 10.94571 ], [ -74.89073, 10.94567 ], [ -74.88961, 10.94563 ], [ -74.88775, 10.94556 ], [ -74.88609, 10.9455 ], [ -74.88589, 10.94543 ], [ -74.8848, 10.94543 ], [ -74.88441, 10.94543 ], [ -74.88389, 10.94539 ], [ -74.88373, 10.94538 ], [ -74.88373, 10.94543 ], [ -74.88268, 10.94537 ], [ -74.88156, 10.94528 ], [ -74.88157, 10.94522 ], [ -74.88075, 10.94518 ], [ -74.87953, 10.94505 ], [ -74.87945, 10.94504 ], [ -74.87941, 10.94514 ], [ -74.8784, 10.9452 ], [ -74.87775, 10.94518 ], [ -74.87763, 10.94517 ], [ -74.8779, 10.94484 ], [ -74.87641, 10.94388 ], [ -74.87421, 10.94243 ], [ -74.87293, 10.94158 ], [ -74.87176, 10.94081 ], [ -74.87059, 10.94003 ], [ -74.86964, 10.93941 ], [ -74.86906, 10.93905 ], [ -74.86776, 10.93881 ], [ -74.86621, 10.93852 ], [ -74.86514, 10.93832 ], [ -74.86413, 10.93814 ], [ -74.86333, 10.93799 ], [ -74.86214, 10.93778 ], [ -74.86164, 10.93769 ], [ -74.86158, 10.93768 ], [ -74.86114, 10.9376 ], [ -74.86079, 10.93753 ], [ -74.86017, 10.93742 ], [ -74.85948, 10.93729 ], [ -74.85912, 10.93723 ], [ -74.8583, 10.93709 ], [ -74.85816, 10.93708 ], [ -74.85752, 10.9371 ], [ -74.85519, 10.9377 ], [ -74.85352, 10.93825 ], [ -74.85201, 10.93849 ], [ -74.85112, 10.93858 ], [ -74.85102, 10.93859 ], [ -74.85017, 10.93859 ], [ -74.84981, 10.93742 ], [ -74.84935, 10.93674 ], [ -74.84896, 10.93584 ], [ -74.84848, 10.93517 ], [ -74.84796, 10.93444 ], [ -74.847, 10.93324 ], [ -74.84695, 10.93318 ], [ -74.84602, 10.9321 ], [ -74.84536, 10.93134 ], [ -74.84432, 10.93009 ], [ -74.84361, 10.92927 ], [ -74.84323, 10.92877 ], [ -74.84276, 10.92835 ], [ -74.8417, 10.92773 ], [ -74.84126, 10.92756 ], [ -74.8407, 10.92737 ], [ -74.84039, 10.92725 ], [ -74.84014, 10.92716 ], [ -74.83981, 10.92705 ], [ -74.83927, 10.92686 ], [ -74.83882, 10.9266 ], [ -74.83839, 10.92638 ], [ -74.83903, 10.92462 ], [ -74.83898, 10.92462 ], [ -74.83918, 10.92425 ], [ -74.83928, 10.92403 ], [ -74.83964, 10.92328 ], [ -74.84016, 10.92217 ], [ -74.84034, 10.92176 ], [ -74.84018, 10.92174 ], [ -74.84002, 10.92171 ], [ -74.83989, 10.92168 ], [ -74.83957, 10.92151 ], [ -74.83931, 10.92138 ], [ -74.83904, 10.92129 ], [ -74.83883, 10.92122 ], [ -74.83872, 10.92117 ], [ -74.83856, 10.92106 ], [ -74.83813, 10.92075 ], [ -74.8376, 10.92037 ], [ -74.83752, 10.92031 ], [ -74.83729, 10.92014 ], [ -74.83662, 10.91966 ], [ -74.83597, 10.91919 ], [ -74.83541, 10.91877 ], [ -74.83514, 10.91857 ], [ -74.83498, 10.9185 ], [ -74.83478, 10.91841 ], [ -74.83472, 10.91842 ], [ -74.83455, 10.91839 ], [ -74.83442, 10.91836 ], [ -74.834, 10.91813 ], [ -74.83385, 10.91804 ], [ -74.83364, 10.91792 ], [ -74.83372, 10.91755 ], [ -74.83379, 10.91722 ], [ -74.83378, 10.9172 ], [ -74.83368, 10.91718 ], [ -74.83364, 10.91715 ], [ -74.8336, 10.9171 ], [ -74.83347, 10.91692 ], [ -74.83318, 10.9166 ], [ -74.83288, 10.91631 ], [ -74.8324, 10.91587 ], [ -74.83216, 10.9157 ], [ -74.83202, 10.91571 ], [ -74.83191, 10.91571 ], [ -74.83181, 10.91562 ], [ -74.83164, 10.91557 ], [ -74.83161, 10.91558 ], [ -74.83132, 10.91561 ], [ -74.83114, 10.91563 ], [ -74.8311, 10.91563 ], [ -74.8309, 10.91555 ], [ -74.83084, 10.91553 ], [ -74.8307, 10.91547 ], [ -74.83052, 10.9154 ], [ -74.83014, 10.91524 ], [ -74.82975, 10.91509 ], [ -74.82932, 10.915 ], [ -74.82889, 10.91493 ], [ -74.82865, 10.91491 ], [ -74.82828, 10.91479 ], [ -74.82793, 10.91475 ], [ -74.82776, 10.91473 ], [ -74.82751, 10.91464 ], [ -74.82723, 10.91443 ], [ -74.82695, 10.9142 ], [ -74.82668, 10.91407 ], [ -74.82654, 10.91406 ], [ -74.82654, 10.914 ], [ -74.82657, 10.91392 ], [ -74.82677, 10.91373 ], [ -74.82708, 10.91349 ], [ -74.82716, 10.91336 ], [ -74.8273, 10.91278 ], [ -74.82741, 10.91247 ], [ -74.82756, 10.91218 ], [ -74.82774, 10.91192 ], [ -74.82791, 10.91174 ], [ -74.82827, 10.91142 ], [ -74.8284, 10.9112 ], [ -74.82842, 10.91103 ], [ -74.82839, 10.91078 ], [ -74.8282, 10.91025 ], [ -74.82811, 10.91 ], [ -74.82806, 10.90976 ], [ -74.82804, 10.90908 ], [ -74.8281, 10.90857 ], [ -74.82813, 10.90847 ], [ -74.82826, 10.90828 ], [ -74.82844, 10.90806 ], [ -74.82874, 10.9079 ], [ -74.82915, 10.90776 ], [ -74.82957, 10.9076 ], [ -74.82976, 10.9075 ], [ -74.82992, 10.90739 ], [ -74.82995, 10.90737 ], [ -74.83024, 10.90713 ], [ -74.83033, 10.90697 ], [ -74.83049, 10.90652 ], [ -74.8306, 10.90633 ], [ -74.83077, 10.90614 ], [ -74.83149, 10.90563 ], [ -74.83213, 10.90518 ], [ -74.83213, 10.90522 ], [ -74.83242, 10.90501 ], [ -74.83282, 10.90476 ], [ -74.83332, 10.90442 ], [ -74.83342, 10.9043 ], [ -74.83347, 10.90413 ], [ -74.83357, 10.90398 ], [ -74.83383, 10.90365 ], [ -74.83405, 10.90317 ], [ -74.83419, 10.90285 ], [ -74.83435, 10.90251 ], [ -74.83438, 10.90244 ], [ -74.83449, 10.90214 ], [ -74.83467, 10.90187 ], [ -74.83474, 10.90177 ], [ -74.835, 10.90151 ], [ -74.83516, 10.90143 ], [ -74.83544, 10.90126 ], [ -74.83565, 10.90114 ], [ -74.83591, 10.90098 ], [ -74.83606, 10.90084 ], [ -74.83608, 10.90082 ], [ -74.83618, 10.90046 ], [ -74.83634, 10.89984 ], [ -74.83646, 10.89923 ], [ -74.83646, 10.8992 ], [ -74.83651, 10.89868 ], [ -74.83651, 10.89865 ], [ -74.83652, 10.89822 ], [ -74.83649, 10.89801 ], [ -74.83639, 10.89762 ], [ -74.83638, 10.8975 ], [ -74.83636, 10.89727 ], [ -74.83636, 10.89707 ], [ -74.83637, 10.89701 ], [ -74.83637, 10.89696 ], [ -74.83638, 10.89667 ], [ -74.83642, 10.89609 ], [ -74.83645, 10.89568 ], [ -74.83655, 10.89504 ], [ -74.83659, 10.89476 ], [ -74.83666, 10.89444 ], [ -74.83667, 10.89437 ], [ -74.83668, 10.89421 ], [ -74.83675, 10.89393 ], [ -74.83682, 10.8937 ], [ -74.83693, 10.89337 ], [ -74.83712, 10.89293 ], [ -74.8373, 10.89242 ], [ -74.83976, 10.89151 ] ] ] } },
{ "type": "Feature", "properties": { "UFP": "UFP 3", "VOCACION": "Socio-cultural", "ROTULO": "UFP 3\nSocio-cultural", "DESCRIPCION": "Espacio de articulación comunitaria, servicios y centralidades locales en la franja intermedia entre Barranquilla y la periferia suroccidental.", "AREA_HA": 6716.2 }, "geometry": { "type": "MultiPolygon", "coordinates": [ [ [ [ -74.82854, 11.01103 ], [ -74.82879, 11.01113 ], [ -74.8291, 11.01124 ], [ -74.82987, 11.01143 ], [ -74.83012, 11.01145 ], [ -74.83044, 11.01149 ], [ -74.83076, 11.01152 ], [ -74.83111, 11.01161 ], [ -74.83148, 11.01173 ], [ -74.832, 11.01195 ], [ -74.83251, 11.01215 ], [ -74.83328, 11.01254 ], [ -74.83386, 11.01295 ], [ -74.8346, 11.01346 ], [ -74.83566, 11.01418 ], [ -74.8362, 11.01452 ], [ -74.83697, 11.01498 ], [ -74.8372, 11.01516 ], [ -74.83749, 11.01528 ], [ -74.83823, 11.01558 ], [ -74.83859, 11.01572 ], [ -74.83848, 11.01599 ], [ -74.83815, 11.01677 ], [ -74.83791, 11.01733 ], [ -74.83756, 11.0182 ], [ -74.83715, 11.01919 ], [ -74.83699, 11.01958 ], [ -74.83665, 11.02044 ], [ -74.8363, 11.02134 ], [ -74.83599, 11.02212 ], [ -74.83575, 11.02273 ], [ -74.83549, 11.02335 ], [ -74.83518, 11.02415 ], [ -74.8348, 11.02506 ], [ -74.83459, 11.0256 ], [ -74.83437, 11.02615 ], [ -74.83414, 11.02672 ], [ -74.83389, 11.0273 ], [ -74.83359, 11.02802 ], [ -74.83323, 11.02892 ], [ -74.83303, 11.02939 ], [ -74.83282, 11.02985 ], [ -74.83258, 11.03032 ], [ -74.83241, 11.03066 ], [ -74.83204, 11.03133 ], [ -74.832, 11.0314 ], [ -74.83188, 11.0316 ], [ -74.83176, 11.03178 ], [ -74.83151, 11.03217 ], [ -74.83121, 11.03262 ], [ -74.83088, 11.03309 ], [ -74.83057, 11.03348 ], [ -74.83006, 11.03414 ], [ -74.82986, 11.03437 ], [ -74.82906, 11.03528 ], [ -74.82872, 11.03562 ], [ -74.82807, 11.03627 ], [ -74.82773, 11.0366 ], [ -74.82748, 11.03685 ], [ -74.82724, 11.03711 ], [ -74.8272, 11.03719 ], [ -74.82717, 11.03725 ], [ -74.82713, 11.03734 ], [ -74.82708, 11.03748 ], [ -74.82703, 11.03785 ], [ -74.82699, 11.0382 ], [ -74.82694, 11.0385 ], [ -74.82689, 11.03871 ], [ -74.82678, 11.03893 ], [ -74.82685, 11.03892 ], [ -74.82695, 11.0389 ], [ -74.82707, 11.03886 ], [ -74.82724, 11.03878 ], [ -74.82734, 11.03874 ], [ -74.82755, 11.03864 ], [ -74.8276, 11.03861 ], [ -74.82762, 11.0386 ], [ -74.82775, 11.03852 ], [ -74.82809, 11.03829 ], [ -74.82859, 11.03803 ], [ -74.8292, 11.03769 ], [ -74.82982, 11.03736 ], [ -74.83042, 11.03709 ], [ -74.83053, 11.03707 ], [ -74.83094, 11.03686 ], [ -74.83156, 11.03654 ], [ -74.83217, 11.03619 ], [ -74.83267, 11.03592 ], [ -74.83348, 11.03547 ], [ -74.8345, 11.03488 ], [ -74.83509, 11.0346 ], [ -74.8355, 11.03455 ], [ -74.83596, 11.03455 ], [ -74.8367, 11.03456 ], [ -74.83705, 11.03453 ], [ -74.8374, 11.0345 ], [ -74.8376, 11.03445 ], [ -74.83774, 11.03438 ], [ -74.83792, 11.03427 ], [ -74.83833, 11.03398 ], [ -74.83856, 11.03374 ], [ -74.83896, 11.03333 ], [ -74.83934, 11.03293 ], [ -74.83987, 11.03258 ], [ -74.8403, 11.03242 ], [ -74.84068, 11.03231 ], [ -74.84143, 11.03212 ], [ -74.84207, 11.03195 ], [ -74.84286, 11.03172 ], [ -74.84378, 11.03148 ], [ -74.84529, 11.03107 ], [ -74.84615, 11.03085 ], [ -74.8473, 11.03054 ], [ -74.84852, 11.03023 ], [ -74.84995, 11.02984 ], [ -74.85043, 11.02975 ], [ -74.85062, 11.02973 ], [ -74.85115, 11.0297 ], [ -74.85187, 11.02968 ], [ -74.8528, 11.02978 ], [ -74.85347, 11.0299 ], [ -74.85521, 11.03031 ], [ -74.85663, 11.03067 ], [ -74.85758, 11.03089 ], [ -74.85932, 11.03133 ], [ -74.85944, 11.03101 ], [ -74.85953, 11.03077 ], [ -74.85964, 11.03046 ], [ -74.85975, 11.03015 ], [ -74.8599, 11.02975 ], [ -74.86005, 11.02937 ], [ -74.86014, 11.02914 ], [ -74.86016, 11.02908 ], [ -74.8602, 11.02898 ], [ -74.86027, 11.02882 ], [ -74.86034, 11.0286 ], [ -74.86039, 11.02848 ], [ -74.8604, 11.02836 ], [ -74.8604, 11.02832 ], [ -74.86052, 11.02835 ], [ -74.86076, 11.02839 ], [ -74.86091, 11.02836 ], [ -74.86218, 11.02785 ], [ -74.86233, 11.02766 ], [ -74.86344, 11.02662 ], [ -74.8635, 11.02658 ], [ -74.86376, 11.02625 ], [ -74.86392, 11.0259 ], [ -74.86459, 11.02472 ], [ -74.86484, 11.0248 ], [ -74.86516, 11.0253 ], [ -74.8658, 11.02525 ], [ -74.86594, 11.02527 ], [ -74.86597, 11.02524 ], [ -74.86629, 11.02492 ], [ -74.86657, 11.02517 ], [ -74.86663, 11.0251 ], [ -74.86665, 11.02508 ], [ -74.86707, 11.02447 ], [ -74.86715, 11.02441 ], [ -74.8676, 11.02407 ], [ -74.86764, 11.02398 ], [ -74.86767, 11.02393 ], [ -74.86769, 11.0239 ], [ -74.86773, 11.02384 ], [ -74.86779, 11.0238 ], [ -74.86785, 11.02374 ], [ -74.86788, 11.02373 ], [ -74.86797, 11.02364 ], [ -74.86833, 11.02333 ], [ -74.8684, 11.02326 ], [ -74.86856, 11.02313 ], [ -74.86877, 11.02295 ], [ -74.86888, 11.02283 ], [ -74.86893, 11.02279 ], [ -74.86904, 11.02267 ], [ -74.86913, 11.02258 ], [ -74.86917, 11.02252 ], [ -74.86927, 11.02239 ], [ -74.86939, 11.02221 ], [ -74.86943, 11.02216 ], [ -74.86963, 11.02189 ], [ -74.86999, 11.02133 ], [ -74.87017, 11.0211 ], [ -74.87033, 11.0212 ], [ -74.87098, 11.02167 ], [ -74.87178, 11.02225 ], [ -74.87151, 11.0226 ], [ -74.87057, 11.02375 ], [ -74.86999, 11.02446 ], [ -74.86952, 11.02503 ], [ -74.86923, 11.02539 ], [ -74.86881, 11.02589 ], [ -74.86833, 11.02649 ], [ -74.86828, 11.02658 ], [ -74.8685, 11.02665 ], [ -74.86865, 11.02669 ], [ -74.87119, 11.0273 ], [ -74.87128, 11.02743 ], [ -74.87228, 11.02867 ], [ -74.87228, 11.02874 ], [ -74.87219, 11.02887 ], [ -74.87211, 11.02905 ], [ -74.87205, 11.0292 ], [ -74.87197, 11.02937 ], [ -74.87189, 11.02949 ], [ -74.87174, 11.02964 ], [ -74.87178, 11.02971 ], [ -74.87186, 11.0298 ], [ -74.87214, 11.0302 ], [ -74.87257, 11.03079 ], [ -74.87284, 11.03116 ], [ -74.87294, 11.03125 ], [ -74.87305, 11.03127 ], [ -74.87319, 11.03132 ], [ -74.87337, 11.03144 ], [ -74.8735, 11.03153 ], [ -74.8735, 11.03161 ], [ -74.87347, 11.03179 ], [ -74.87335, 11.03232 ], [ -74.87326, 11.03275 ], [ -74.87319, 11.03308 ], [ -74.87316, 11.03325 ], [ -74.87314, 11.03338 ], [ -74.87312, 11.03351 ], [ -74.87306, 11.03365 ], [ -74.87293, 11.03395 ], [ -74.87273, 11.03408 ], [ -74.8726, 11.03425 ], [ -74.8726, 11.03433 ], [ -74.87257, 11.0345 ], [ -74.87248, 11.03474 ], [ -74.87237, 11.03498 ], [ -74.87228, 11.03517 ], [ -74.87218, 11.03546 ], [ -74.87209, 11.0357 ], [ -74.87199, 11.03601 ], [ -74.87191, 11.03628 ], [ -74.87176, 11.03658 ], [ -74.87168, 11.03678 ], [ -74.87155, 11.03708 ], [ -74.87149, 11.03731 ], [ -74.8714, 11.03746 ], [ -74.8713, 11.03772 ], [ -74.87125, 11.03786 ], [ -74.87122, 11.03797 ], [ -74.87119, 11.03809 ], [ -74.87112, 11.03821 ], [ -74.87102, 11.03835 ], [ -74.871, 11.03848 ], [ -74.87096, 11.03861 ], [ -74.87083, 11.03904 ], [ -74.87079, 11.03923 ], [ -74.87078, 11.03932 ], [ -74.8707, 11.03946 ], [ -74.87066, 11.03963 ], [ -74.87066, 11.0397 ], [ -74.87066, 11.03979 ], [ -74.87068, 11.03987 ], [ -74.87074, 11.03996 ], [ -74.87078, 11.04009 ], [ -74.87087, 11.04019 ], [ -74.87097, 11.04031 ], [ -74.871, 11.04038 ], [ -74.87102, 11.04048 ], [ -74.8711, 11.04054 ], [ -74.87116, 11.04066 ], [ -74.87119, 11.04074 ], [ -74.87121, 11.04082 ], [ -74.8713, 11.04107 ], [ -74.87141, 11.04128 ], [ -74.87148, 11.04139 ], [ -74.87153, 11.04154 ], [ -74.8716, 11.0417 ], [ -74.87164, 11.04186 ], [ -74.87167, 11.04197 ], [ -74.87166, 11.04212 ], [ -74.87164, 11.04224 ], [ -74.87157, 11.04235 ], [ -74.87146, 11.04252 ], [ -74.8714, 11.04255 ], [ -74.87136, 11.04257 ], [ -74.87125, 11.04263 ], [ -74.8711, 11.0427 ], [ -74.87102, 11.04277 ], [ -74.87094, 11.04287 ], [ -74.87087, 11.04296 ], [ -74.8708, 11.04304 ], [ -74.87063, 11.04322 ], [ -74.87051, 11.04336 ], [ -74.87033, 11.04367 ], [ -74.87031, 11.0438 ], [ -74.87039, 11.04387 ], [ -74.87057, 11.04387 ], [ -74.87066, 11.04397 ], [ -74.87063, 11.04411 ], [ -74.87057, 11.04415 ], [ -74.87051, 11.0442 ], [ -74.87047, 11.04424 ], [ -74.87053, 11.04432 ], [ -74.87056, 11.04438 ], [ -74.87053, 11.04449 ], [ -74.87042, 11.04464 ], [ -74.87034, 11.04478 ], [ -74.87039, 11.04484 ], [ -74.87048, 11.04486 ], [ -74.8704, 11.045 ], [ -74.87026, 11.04518 ], [ -74.87019, 11.04535 ], [ -74.87013, 11.04549 ], [ -74.86998, 11.04569 ], [ -74.86997, 11.04573 ], [ -74.86989, 11.04606 ], [ -74.86988, 11.04614 ], [ -74.86722, 11.04561 ], [ -74.86672, 11.04476 ], [ -74.86656, 11.04236 ], [ -74.86498, 11.03955 ], [ -74.86325, 11.03713 ], [ -74.86132, 11.03635 ], [ -74.85922, 11.0365 ], [ -74.85749, 11.03638 ], [ -74.85643, 11.03523 ], [ -74.85504, 11.03414 ], [ -74.85349, 11.03376 ], [ -74.85176, 11.03391 ], [ -74.84998, 11.03451 ], [ -74.84914, 11.03556 ], [ -74.84907, 11.03789 ], [ -74.84872, 11.03928 ], [ -74.84802, 11.04046 ], [ -74.84704, 11.04116 ], [ -74.84574, 11.0411 ], [ -74.84538, 11.04023 ], [ -74.84551, 11.03857 ], [ -74.84635, 11.03586 ], [ -74.84599, 11.03573 ], [ -74.84513, 11.03588 ], [ -74.84414, 11.036 ], [ -74.84377, 11.03569 ], [ -74.84334, 11.03481 ], [ -74.84315, 11.03417 ], [ -74.84159, 11.03437 ], [ -74.83951, 11.03532 ], [ -74.83844, 11.03651 ], [ -74.83755, 11.03666 ], [ -74.83403, 11.03999 ], [ -74.83228, 11.04404 ], [ -74.83218, 11.04432 ], [ -74.83153, 11.0448 ], [ -74.83081, 11.04562 ], [ -74.8305, 11.04586 ], [ -74.82955, 11.04693 ], [ -74.82932, 11.0468 ], [ -74.8227, 11.04224 ], [ -74.82478, 11.03917 ], [ -74.82441, 11.03914 ], [ -74.82649, 11.03554 ], [ -74.82785, 11.03012 ], [ -74.82893, 11.02552 ], [ -74.82893, 11.01848 ], [ -74.82839, 11.01361 ], [ -74.82801, 11.01175 ], [ -74.82804, 11.01171 ], [ -74.82818, 11.01153 ], [ -74.8284, 11.01119 ], [ -74.82854, 11.01103 ] ] ], [ [ [ -74.84034, 11.01154 ], [ -74.8404, 11.01142 ], [ -74.84158, 11.00819 ], [ -74.84163, 11.00798 ], [ -74.84171, 11.0076 ], [ -74.84183, 11.00701 ], [ -74.84193, 11.00644 ], [ -74.84204, 11.00566 ], [ -74.84217, 11.00504 ], [ -74.84223, 11.00421 ], [ -74.84216, 11.0038 ], [ -74.84203, 11.00319 ], [ -74.84168, 11.0023 ], [ -74.84142, 11.00152 ], [ -74.84097, 11.00027 ], [ -74.84018, 10.99815 ], [ -74.8396, 10.99653 ], [ -74.83909, 10.99518 ], [ -74.8388, 10.99438 ], [ -74.83849, 10.9935 ], [ -74.83817, 10.99274 ], [ -74.83787, 10.99179 ], [ -74.83753, 10.99094 ], [ -74.83711, 10.98983 ], [ -74.83675, 10.98873 ], [ -74.83663, 10.98829 ], [ -74.83637, 10.98708 ], [ -74.83629, 10.98662 ], [ -74.83623, 10.98608 ], [ -74.83618, 10.9854 ], [ -74.83614, 10.98478 ], [ -74.83614, 10.9841 ], [ -74.83616, 10.98308 ], [ -74.83615, 10.98264 ], [ -74.83613, 10.98172 ], [ -74.83614, 10.98151 ], [ -74.83559, 10.98157 ], [ -74.83534, 10.98162 ], [ -74.83508, 10.98169 ], [ -74.83475, 10.9817 ], [ -74.83476, 10.9814 ], [ -74.83482, 10.9809 ], [ -74.83489, 10.9803 ], [ -74.83452, 10.9804 ], [ -74.8342, 10.98047 ], [ -74.83421, 10.97991 ], [ -74.83423, 10.97954 ], [ -74.83421, 10.97897 ], [ -74.8342, 10.97841 ], [ -74.83401, 10.97838 ], [ -74.83395, 10.97812 ], [ -74.83391, 10.97777 ], [ -74.83387, 10.97745 ], [ -74.8338, 10.97703 ], [ -74.83371, 10.97645 ], [ -74.83367, 10.9761 ], [ -74.83356, 10.97574 ], [ -74.83348, 10.97552 ], [ -74.83331, 10.97558 ], [ -74.83266, 10.97579 ], [ -74.83221, 10.97594 ], [ -74.83196, 10.97527 ], [ -74.83176, 10.97485 ], [ -74.83147, 10.97429 ], [ -74.83114, 10.97364 ], [ -74.8309, 10.97315 ], [ -74.83072, 10.97275 ], [ -74.83054, 10.97239 ], [ -74.83045, 10.9722 ], [ -74.83038, 10.9719 ], [ -74.8303, 10.97149 ], [ -74.83021, 10.9711 ], [ -74.83016, 10.97095 ], [ -74.8301, 10.9707 ], [ -74.83001, 10.97011 ], [ -74.82996, 10.96977 ], [ -74.8299, 10.9694 ], [ -74.82982, 10.96943 ], [ -74.82922, 10.96958 ], [ -74.82917, 10.96916 ], [ -74.82912, 10.96882 ], [ -74.82907, 10.96856 ], [ -74.82904, 10.96835 ], [ -74.82896, 10.96785 ], [ -74.82892, 10.96766 ], [ -74.82884, 10.96741 ], [ -74.82871, 10.96713 ], [ -74.82855, 10.96718 ], [ -74.82838, 10.96725 ], [ -74.82826, 10.96727 ], [ -74.82815, 10.96652 ], [ -74.82807, 10.96622 ], [ -74.82799, 10.96589 ], [ -74.8279, 10.96485 ], [ -74.82779, 10.96429 ], [ -74.82774, 10.96401 ], [ -74.82758, 10.96352 ], [ -74.82754, 10.96335 ], [ -74.8275, 10.96325 ], [ -74.82737, 10.96295 ], [ -74.82726, 10.96272 ], [ -74.82715, 10.96256 ], [ -74.82708, 10.96239 ], [ -74.8269, 10.96201 ], [ -74.8268, 10.96177 ], [ -74.82671, 10.9616 ], [ -74.82658, 10.9614 ], [ -74.82632, 10.96118 ], [ -74.82622, 10.96111 ], [ -74.82604, 10.96096 ], [ -74.82591, 10.96087 ], [ -74.82564, 10.96075 ], [ -74.82525, 10.96061 ], [ -74.82528, 10.96054 ], [ -74.82542, 10.96038 ], [ -74.82551, 10.96028 ], [ -74.82568, 10.96012 ], [ -74.82613, 10.9597 ], [ -74.82548, 10.9589 ], [ -74.825, 10.95828 ], [ -74.8247, 10.9579 ], [ -74.82437, 10.95738 ], [ -74.82404, 10.95697 ], [ -74.8238, 10.9567 ], [ -74.8237, 10.95656 ], [ -74.82366, 10.95641 ], [ -74.82363, 10.9561 ], [ -74.82363, 10.95564 ], [ -74.82363, 10.95505 ], [ -74.82373, 10.95232 ], [ -74.82257, 10.95228 ], [ -74.82173, 10.95224 ], [ -74.8217, 10.95089 ], [ -74.82175, 10.949 ], [ -74.82176, 10.94847 ], [ -74.82178, 10.94709 ], [ -74.82178, 10.94574 ], [ -74.82034, 10.94622 ], [ -74.81978, 10.9464 ], [ -74.8196, 10.94646 ], [ -74.81927, 10.94657 ], [ -74.81891, 10.94669 ], [ -74.81835, 10.94689 ], [ -74.81829, 10.94676 ], [ -74.8182, 10.94654 ], [ -74.81813, 10.9464 ], [ -74.81808, 10.94627 ], [ -74.81802, 10.94609 ], [ -74.81793, 10.94589 ], [ -74.81788, 10.94579 ], [ -74.81777, 10.94561 ], [ -74.81768, 10.94551 ], [ -74.81754, 10.94537 ], [ -74.8175, 10.94534 ], [ -74.81757, 10.94525 ], [ -74.81766, 10.94512 ], [ -74.81775, 10.94499 ], [ -74.81781, 10.94491 ], [ -74.81785, 10.94482 ], [ -74.81791, 10.94464 ], [ -74.81797, 10.94441 ], [ -74.81799, 10.94434 ], [ -74.81811, 10.94396 ], [ -74.81799, 10.94394 ], [ -74.81786, 10.9439 ], [ -74.81771, 10.94386 ], [ -74.81762, 10.94388 ], [ -74.81752, 10.94389 ], [ -74.81744, 10.9439 ], [ -74.81731, 10.94385 ], [ -74.81717, 10.94375 ], [ -74.81707, 10.94368 ], [ -74.81722, 10.94326 ], [ -74.81731, 10.94298 ], [ -74.81744, 10.94258 ], [ -74.81749, 10.94252 ], [ -74.81754, 10.94233 ], [ -74.81762, 10.94214 ], [ -74.81767, 10.942 ], [ -74.81774, 10.94187 ], [ -74.81797, 10.94132 ], [ -74.818, 10.94127 ], [ -74.81764, 10.94107 ], [ -74.81793, 10.94057 ], [ -74.81813, 10.94028 ], [ -74.81828, 10.94008 ], [ -74.81813, 10.93998 ], [ -74.81809, 10.93995 ], [ -74.81775, 10.93971 ], [ -74.81756, 10.93956 ], [ -74.81741, 10.93937 ], [ -74.81702, 10.93891 ], [ -74.81689, 10.93878 ], [ -74.81668, 10.93852 ], [ -74.81644, 10.93824 ], [ -74.81637, 10.93814 ], [ -74.81619, 10.93791 ], [ -74.81606, 10.93774 ], [ -74.81574, 10.93736 ], [ -74.81551, 10.93705 ], [ -74.81531, 10.93678 ], [ -74.81514, 10.93655 ], [ -74.81498, 10.93631 ], [ -74.81504, 10.93629 ], [ -74.81527, 10.93626 ], [ -74.81537, 10.93625 ], [ -74.81554, 10.93623 ], [ -74.8156, 10.93623 ], [ -74.81559, 10.93617 ], [ -74.81556, 10.93603 ], [ -74.81552, 10.93594 ], [ -74.81549, 10.93586 ], [ -74.81544, 10.93576 ], [ -74.81537, 10.93564 ], [ -74.8153, 10.93551 ], [ -74.81529, 10.93548 ], [ -74.81522, 10.93538 ], [ -74.81512, 10.93522 ], [ -74.81507, 10.93515 ], [ -74.81499, 10.93503 ], [ -74.8149, 10.93488 ], [ -74.81485, 10.93476 ], [ -74.81479, 10.93462 ], [ -74.81474, 10.93455 ], [ -74.81465, 10.93444 ], [ -74.8146, 10.9344 ], [ -74.81453, 10.93436 ], [ -74.81444, 10.93433 ], [ -74.81432, 10.93429 ], [ -74.81419, 10.93424 ], [ -74.81406, 10.93417 ], [ -74.81394, 10.9341 ], [ -74.81378, 10.93401 ], [ -74.81363, 10.9339 ], [ -74.81354, 10.93384 ], [ -74.81342, 10.93376 ], [ -74.81326, 10.93365 ], [ -74.81311, 10.93356 ], [ -74.81297, 10.9335 ], [ -74.81287, 10.93345 ], [ -74.81272, 10.93339 ], [ -74.81268, 10.93336 ], [ -74.81377, 10.93077 ], [ -74.81729, 10.92373 ], [ -74.81747, 10.92346 ], [ -74.82081, 10.91831 ], [ -74.82093, 10.91804 ], [ -74.82126, 10.9179 ], [ -74.82179, 10.91669 ], [ -74.82233, 10.91622 ], [ -74.82319, 10.91574 ], [ -74.82354, 10.91555 ], [ -74.82413, 10.91522 ], [ -74.82504, 10.91487 ], [ -74.82643, 10.91392 ], [ -74.82654, 10.91406 ], [ -74.82668, 10.91407 ], [ -74.82695, 10.9142 ], [ -74.82723, 10.91443 ], [ -74.82751, 10.91464 ], [ -74.82776, 10.91473 ], [ -74.82793, 10.91475 ], [ -74.82828, 10.91479 ], [ -74.82865, 10.91491 ], [ -74.82889, 10.91493 ], [ -74.82932, 10.915 ], [ -74.82975, 10.91509 ], [ -74.83014, 10.91524 ], [ -74.83052, 10.9154 ], [ -74.8307, 10.91547 ], [ -74.83084, 10.91553 ], [ -74.8309, 10.91555 ], [ -74.8311, 10.91563 ], [ -74.83114, 10.91563 ], [ -74.83132, 10.91561 ], [ -74.83161, 10.91558 ], [ -74.83164, 10.91557 ], [ -74.83181, 10.91562 ], [ -74.83191, 10.91571 ], [ -74.83202, 10.91571 ], [ -74.83216, 10.9157 ], [ -74.8324, 10.91587 ], [ -74.83288, 10.91631 ], [ -74.83318, 10.9166 ], [ -74.83347, 10.91692 ], [ -74.8336, 10.9171 ], [ -74.83364, 10.91715 ], [ -74.83368, 10.91718 ], [ -74.83378, 10.9172 ], [ -74.83379, 10.91722 ], [ -74.83372, 10.91755 ], [ -74.83364, 10.91792 ], [ -74.83385, 10.91804 ], [ -74.834, 10.91813 ], [ -74.83442, 10.91836 ], [ -74.83455, 10.91839 ], [ -74.83472, 10.91842 ], [ -74.83478, 10.91841 ], [ -74.83498, 10.9185 ], [ -74.83514, 10.91857 ], [ -74.83541, 10.91877 ], [ -74.83597, 10.91919 ], [ -74.83662, 10.91966 ], [ -74.83729, 10.92014 ], [ -74.83752, 10.92031 ], [ -74.8376, 10.92037 ], [ -74.83813, 10.92075 ], [ -74.83856, 10.92106 ], [ -74.83872, 10.92117 ], [ -74.83883, 10.92122 ], [ -74.83904, 10.92129 ], [ -74.83931, 10.92138 ], [ -74.83957, 10.92151 ], [ -74.83989, 10.92168 ], [ -74.84002, 10.92171 ], [ -74.84018, 10.92174 ], [ -74.84034, 10.92176 ], [ -74.84016, 10.92217 ], [ -74.83964, 10.92328 ], [ -74.83928, 10.92403 ], [ -74.83918, 10.92425 ], [ -74.83898, 10.92462 ], [ -74.83903, 10.92462 ], [ -74.83839, 10.92638 ], [ -74.83882, 10.9266 ], [ -74.83927, 10.92686 ], [ -74.83981, 10.92705 ], [ -74.84014, 10.92716 ], [ -74.84039, 10.92725 ], [ -74.8407, 10.92737 ], [ -74.84126, 10.92756 ], [ -74.8417, 10.92773 ], [ -74.84276, 10.92835 ], [ -74.84323, 10.92877 ], [ -74.84361, 10.92927 ], [ -74.84432, 10.93009 ], [ -74.84536, 10.93134 ], [ -74.84602, 10.9321 ], [ -74.84695, 10.93318 ], [ -74.847, 10.93324 ], [ -74.84796, 10.93444 ], [ -74.84848, 10.93517 ], [ -74.84896, 10.93584 ], [ -74.84935, 10.93674 ], [ -74.84981, 10.93742 ], [ -74.85017, 10.93859 ], [ -74.85102, 10.93859 ], [ -74.85112, 10.93858 ], [ -74.85201, 10.93849 ], [ -74.85352, 10.93825 ], [ -74.85519, 10.9377 ], [ -74.85752, 10.9371 ], [ -74.85816, 10.93708 ], [ -74.8583, 10.93709 ], [ -74.85912, 10.93723 ], [ -74.85948, 10.93729 ], [ -74.86017, 10.93742 ], [ -74.86079, 10.93753 ], [ -74.86114, 10.9376 ], [ -74.86158, 10.93768 ], [ -74.86164, 10.93769 ], [ -74.86214, 10.93778 ], [ -74.86333, 10.93799 ], [ -74.86413, 10.93814 ], [ -74.86514, 10.93832 ], [ -74.86621, 10.93852 ], [ -74.86776, 10.93881 ], [ -74.86906, 10.93905 ], [ -74.86964, 10.93941 ], [ -74.87059, 10.94003 ], [ -74.87176, 10.94081 ], [ -74.87293, 10.94158 ], [ -74.87421, 10.94243 ], [ -74.87641, 10.94388 ], [ -74.8779, 10.94484 ], [ -74.87763, 10.94517 ], [ -74.87775, 10.94518 ], [ -74.8784, 10.9452 ], [ -74.87941, 10.94514 ], [ -74.87945, 10.94504 ], [ -74.87953, 10.94505 ], [ -74.88075, 10.94518 ], [ -74.88157, 10.94522 ], [ -74.88156, 10.94528 ], [ -74.88268, 10.94537 ], [ -74.88373, 10.94543 ], [ -74.88373, 10.94538 ], [ -74.88389, 10.94539 ], [ -74.88441, 10.94543 ], [ -74.8848, 10.94543 ], [ -74.88589, 10.94543 ], [ -74.88609, 10.9455 ], [ -74.88775, 10.94556 ], [ -74.88961, 10.94563 ], [ -74.89073, 10.94567 ], [ -74.89208, 10.94571 ], [ -74.89218, 10.9457 ], [ -74.89231, 10.94562 ], [ -74.89228, 10.94579 ], [ -74.8922, 10.94643 ], [ -74.89231, 10.94727 ], [ -74.8924, 10.94772 ], [ -74.89232, 10.94824 ], [ -74.89225, 10.94889 ], [ -74.89222, 10.94953 ], [ -74.89229, 10.95007 ], [ -74.89236, 10.95045 ], [ -74.89306, 10.95046 ], [ -74.89414, 10.95051 ], [ -74.89494, 10.95026 ], [ -74.89594, 10.9501 ], [ -74.8963, 10.95027 ], [ -74.89655, 10.9503 ], [ -74.89702, 10.95024 ], [ -74.89753, 10.95007 ], [ -74.89808, 10.94989 ], [ -74.89895, 10.94976 ], [ -74.90017, 10.94973 ], [ -74.90086, 10.94985 ], [ -74.90148, 10.94996 ], [ -74.90236, 10.95006 ], [ -74.9032, 10.95006 ], [ -74.90495, 10.95005 ], [ -74.90539, 10.95005 ], [ -74.90624, 10.95021 ], [ -74.90677, 10.95029 ], [ -74.90771, 10.95046 ], [ -74.90909, 10.94983 ], [ -74.91051, 10.94915 ], [ -74.91193, 10.94846 ], [ -74.91541, 10.9468 ], [ -74.91633, 10.94634 ], [ -74.9184, 10.94529 ], [ -74.91842, 10.94544 ], [ -74.9184, 10.94557 ], [ -74.9184, 10.94583 ], [ -74.91851, 10.94607 ], [ -74.9187, 10.94639 ], [ -74.91876, 10.94657 ], [ -74.91886, 10.94713 ], [ -74.91884, 10.94743 ], [ -74.91888, 10.9477 ], [ -74.91895, 10.94804 ], [ -74.91895, 10.94834 ], [ -74.91897, 10.94861 ], [ -74.91911, 10.94882 ], [ -74.91914, 10.94928 ], [ -74.91905, 10.94977 ], [ -74.91872, 10.95032 ], [ -74.91857, 10.95073 ], [ -74.91835, 10.95134 ], [ -74.91816, 10.95192 ], [ -74.91811, 10.95208 ], [ -74.91784, 10.95257 ], [ -74.91784, 10.95309 ], [ -74.91791, 10.95352 ], [ -74.91795, 10.9539 ], [ -74.91797, 10.95409 ], [ -74.9177, 10.95464 ], [ -74.91743, 10.95491 ], [ -74.91678, 10.95529 ], [ -74.91653, 10.95557 ], [ -74.91617, 10.95563 ], [ -74.91586, 10.95599 ], [ -74.91566, 10.9561 ], [ -74.91521, 10.95635 ], [ -74.91476, 10.95675 ], [ -74.91185, 10.95787 ], [ -74.91186, 10.95794 ], [ -74.91178, 10.95794 ], [ -74.91129, 10.95795 ], [ -74.91061, 10.95796 ], [ -74.91002, 10.95794 ], [ -74.90947, 10.95792 ], [ -74.90905, 10.95784 ], [ -74.90885, 10.95771 ], [ -74.90874, 10.95759 ], [ -74.90862, 10.95745 ], [ -74.90837, 10.95737 ], [ -74.90825, 10.95737 ], [ -74.90821, 10.95738 ], [ -74.90793, 10.95764 ], [ -74.90779, 10.95777 ], [ -74.90766, 10.95785 ], [ -74.9075, 10.95785 ], [ -74.90738, 10.95784 ], [ -74.90728, 10.9579 ], [ -74.90722, 10.95808 ], [ -74.90716, 10.95818 ], [ -74.9071, 10.95833 ], [ -74.90657, 10.95863 ], [ -74.90631, 10.95872 ], [ -74.90615, 10.95892 ], [ -74.90609, 10.95914 ], [ -74.90608, 10.95927 ], [ -74.90604, 10.95933 ], [ -74.90583, 10.9594 ], [ -74.9057, 10.95939 ], [ -74.90554, 10.95939 ], [ -74.90544, 10.95953 ], [ -74.90538, 10.95971 ], [ -74.90538, 10.95988 ], [ -74.90539, 10.96012 ], [ -74.90533, 10.96027 ], [ -74.90527, 10.96033 ], [ -74.90523, 10.96034 ], [ -74.90524, 10.96036 ], [ -74.90518, 10.96036 ], [ -74.90279, 10.96052 ], [ -74.90027, 10.96068 ], [ -74.90023, 10.96068 ], [ -74.89937, 10.96206 ], [ -74.89911, 10.96248 ], [ -74.89903, 10.96261 ], [ -74.89981, 10.96327 ], [ -74.9009, 10.96419 ], [ -74.90219, 10.96528 ], [ -74.90401, 10.96641 ], [ -74.90477, 10.96742 ], [ -74.90571, 10.96904 ], [ -74.90633, 10.9697 ], [ -74.90686, 10.97031 ], [ -74.90758, 10.9707 ], [ -74.90829, 10.97079 ], [ -74.90877, 10.97109 ], [ -74.90931, 10.97144 ], [ -74.90873, 10.9725 ], [ -74.90759, 10.9722 ], [ -74.90532, 10.97163 ], [ -74.90532, 10.9718 ], [ -74.90532, 10.97189 ], [ -74.90443, 10.97365 ], [ -74.90319, 10.97444 ], [ -74.9008, 10.97594 ], [ -74.89891, 10.97713 ], [ -74.89837, 10.97748 ], [ -74.89761, 10.97848 ], [ -74.89735, 10.97884 ], [ -74.8966, 10.98016 ], [ -74.89585, 10.98222 ], [ -74.89385, 10.98301 ], [ -74.89204, 10.98302 ], [ -74.88826, 10.98066 ], [ -74.88715, 10.97992 ], [ -74.88683, 10.97896 ], [ -74.88492, 10.97708 ], [ -74.88316, 10.97452 ], [ -74.8831, 10.97448 ], [ -74.883, 10.97441 ], [ -74.883, 10.97444 ], [ -74.88302, 10.97459 ], [ -74.883, 10.97457 ], [ -74.88296, 10.97454 ], [ -74.88294, 10.97459 ], [ -74.88287, 10.97465 ], [ -74.88277, 10.97475 ], [ -74.88273, 10.97478 ], [ -74.88268, 10.97482 ], [ -74.88264, 10.97486 ], [ -74.8826, 10.97491 ], [ -74.88256, 10.97497 ], [ -74.88255, 10.97502 ], [ -74.88253, 10.9751 ], [ -74.88249, 10.9752 ], [ -74.88247, 10.97525 ], [ -74.88246, 10.9753 ], [ -74.88244, 10.97535 ], [ -74.88244, 10.97539 ], [ -74.88243, 10.97543 ], [ -74.88243, 10.97547 ], [ -74.88244, 10.97555 ], [ -74.88246, 10.97565 ], [ -74.88242, 10.97567 ], [ -74.88239, 10.97572 ], [ -74.88237, 10.97578 ], [ -74.88237, 10.97583 ], [ -74.88237, 10.9759 ], [ -74.8823, 10.97606 ], [ -74.8823, 10.97616 ], [ -74.8823, 10.97631 ], [ -74.8823, 10.97643 ], [ -74.8823, 10.97658 ], [ -74.88226, 10.97672 ], [ -74.88224, 10.97673 ], [ -74.88222, 10.97681 ], [ -74.88219, 10.97691 ], [ -74.88219, 10.97699 ], [ -74.88219, 10.97709 ], [ -74.8822, 10.97724 ], [ -74.8822, 10.97735 ], [ -74.8822, 10.97746 ], [ -74.88222, 10.97753 ], [ -74.88231, 10.9776 ], [ -74.8824, 10.97767 ], [ -74.88248, 10.97775 ], [ -74.88266, 10.97784 ], [ -74.88275, 10.97789 ], [ -74.88279, 10.97795 ], [ -74.88279, 10.97808 ], [ -74.88284, 10.97816 ], [ -74.88293, 10.97831 ], [ -74.88298, 10.97837 ], [ -74.88308, 10.97842 ], [ -74.88322, 10.97846 ], [ -74.8833, 10.97853 ], [ -74.88338, 10.97863 ], [ -74.88348, 10.97868 ], [ -74.88359, 10.97872 ], [ -74.8837, 10.97872 ], [ -74.88379, 10.97876 ], [ -74.88383, 10.97881 ], [ -74.88384, 10.97883 ], [ -74.88385, 10.97891 ], [ -74.88381, 10.979 ], [ -74.88377, 10.97905 ], [ -74.88369, 10.97903 ], [ -74.88354, 10.97903 ], [ -74.88343, 10.97903 ], [ -74.88332, 10.97906 ], [ -74.8832, 10.97905 ], [ -74.88311, 10.97905 ], [ -74.88309, 10.97902 ], [ -74.88301, 10.97901 ], [ -74.88293, 10.97899 ], [ -74.8828, 10.97892 ], [ -74.88272, 10.97892 ], [ -74.88267, 10.97897 ], [ -74.88264, 10.97902 ], [ -74.88258, 10.97907 ], [ -74.8825, 10.97907 ], [ -74.88245, 10.97906 ], [ -74.88238, 10.97902 ], [ -74.88234, 10.97905 ], [ -74.88219, 10.97918 ], [ -74.88214, 10.97927 ], [ -74.88214, 10.97934 ], [ -74.88216, 10.97937 ], [ -74.8822, 10.97943 ], [ -74.88224, 10.97951 ], [ -74.88227, 10.97957 ], [ -74.88233, 10.97965 ], [ -74.88238, 10.97975 ], [ -74.88245, 10.9798 ], [ -74.8825, 10.97983 ], [ -74.88261, 10.97991 ], [ -74.88265, 10.97999 ], [ -74.88271, 10.98006 ], [ -74.88276, 10.98011 ], [ -74.88284, 10.98016 ], [ -74.88283, 10.98024 ], [ -74.88281, 10.98036 ], [ -74.88289, 10.98048 ], [ -74.88304, 10.98057 ], [ -74.8831, 10.98059 ], [ -74.8832, 10.98063 ], [ -74.88321, 10.98072 ], [ -74.88311, 10.98082 ], [ -74.88301, 10.98084 ], [ -74.88294, 10.98085 ], [ -74.88281, 10.98095 ], [ -74.88269, 10.98099 ], [ -74.88259, 10.98099 ], [ -74.88247, 10.98099 ], [ -74.88241, 10.98094 ], [ -74.88235, 10.98095 ], [ -74.88229, 10.98103 ], [ -74.88225, 10.98111 ], [ -74.88223, 10.98119 ], [ -74.88214, 10.98128 ], [ -74.88205, 10.98135 ], [ -74.88198, 10.98137 ], [ -74.88192, 10.98133 ], [ -74.88185, 10.9813 ], [ -74.88175, 10.98145 ], [ -74.88157, 10.98145 ], [ -74.88148, 10.98144 ], [ -74.88138, 10.98132 ], [ -74.88129, 10.98127 ], [ -74.8812, 10.98132 ], [ -74.88109, 10.98141 ], [ -74.88096, 10.9815 ], [ -74.88082, 10.9816 ], [ -74.88076, 10.98162 ], [ -74.88056, 10.98169 ], [ -74.88047, 10.98164 ], [ -74.88041, 10.98155 ], [ -74.88032, 10.98151 ], [ -74.88018, 10.98162 ], [ -74.88014, 10.9816 ], [ -74.88004, 10.98168 ], [ -74.87987, 10.98183 ], [ -74.87979, 10.98184 ], [ -74.87974, 10.98189 ], [ -74.87974, 10.98199 ], [ -74.87968, 10.98211 ], [ -74.87966, 10.9822 ], [ -74.87976, 10.98225 ], [ -74.87983, 10.98227 ], [ -74.87986, 10.98238 ], [ -74.87981, 10.98248 ], [ -74.87985, 10.98257 ], [ -74.87994, 10.9826 ], [ -74.87991, 10.98277 ], [ -74.87978, 10.98283 ], [ -74.87966, 10.98282 ], [ -74.87956, 10.98275 ], [ -74.87946, 10.98277 ], [ -74.87931, 10.98278 ], [ -74.87912, 10.98283 ], [ -74.879, 10.98288 ], [ -74.8789, 10.98288 ], [ -74.87873, 10.98296 ], [ -74.87859, 10.983 ], [ -74.87852, 10.98308 ], [ -74.87843, 10.98316 ], [ -74.87842, 10.98331 ], [ -74.87842, 10.98334 ], [ -74.8785, 10.98338 ], [ -74.87847, 10.98345 ], [ -74.87835, 10.98352 ], [ -74.8782, 10.98364 ], [ -74.87811, 10.98366 ], [ -74.87796, 10.98379 ], [ -74.87787, 10.98379 ], [ -74.87772, 10.9838 ], [ -74.87764, 10.9839 ], [ -74.87766, 10.98399 ], [ -74.87769, 10.98415 ], [ -74.87761, 10.98417 ], [ -74.87755, 10.98421 ], [ -74.87755, 10.98428 ], [ -74.87755, 10.98437 ], [ -74.87752, 10.98448 ], [ -74.87745, 10.98448 ], [ -74.87737, 10.98449 ], [ -74.87738, 10.98455 ], [ -74.87741, 10.98466 ], [ -74.87742, 10.98474 ], [ -74.87742, 10.98484 ], [ -74.87732, 10.98486 ], [ -74.87723, 10.98481 ], [ -74.87712, 10.98493 ], [ -74.87685, 10.98497 ], [ -74.8766, 10.98504 ], [ -74.87654, 10.98522 ], [ -74.87647, 10.98532 ], [ -74.87654, 10.98543 ], [ -74.8766, 10.9855 ], [ -74.87676, 10.98564 ], [ -74.87673, 10.98587 ], [ -74.87662, 10.98605 ], [ -74.87647, 10.98623 ], [ -74.87621, 10.98653 ], [ -74.87616, 10.98656 ], [ -74.87613, 10.98668 ], [ -74.87609, 10.98679 ], [ -74.87601, 10.98691 ], [ -74.87594, 10.98697 ], [ -74.87581, 10.98705 ], [ -74.87564, 10.98711 ], [ -74.8755, 10.9872 ], [ -74.87534, 10.98725 ], [ -74.87513, 10.98731 ], [ -74.87484, 10.98731 ], [ -74.87446, 10.98736 ], [ -74.87436, 10.98733 ], [ -74.87413, 10.98736 ], [ -74.87393, 10.9875 ], [ -74.87388, 10.98764 ], [ -74.87385, 10.98775 ], [ -74.87383, 10.98792 ], [ -74.8739, 10.98805 ], [ -74.874, 10.98815 ], [ -74.87418, 10.98816 ], [ -74.87429, 10.98819 ], [ -74.87438, 10.98821 ], [ -74.87448, 10.98831 ], [ -74.87471, 10.98837 ], [ -74.87485, 10.9885 ], [ -74.8749, 10.98855 ], [ -74.87499, 10.98865 ], [ -74.87505, 10.98878 ], [ -74.87506, 10.98884 ], [ -74.87505, 10.98899 ], [ -74.87501, 10.98904 ], [ -74.87497, 10.98909 ], [ -74.87493, 10.98916 ], [ -74.8749, 10.98927 ], [ -74.87484, 10.98934 ], [ -74.87476, 10.98941 ], [ -74.87469, 10.98951 ], [ -74.87459, 10.98966 ], [ -74.87454, 10.98977 ], [ -74.87451, 10.98985 ], [ -74.87448, 10.98992 ], [ -74.8744, 10.99004 ], [ -74.87434, 10.99018 ], [ -74.87434, 10.99025 ], [ -74.87437, 10.99034 ], [ -74.87447, 10.99043 ], [ -74.87455, 10.99048 ], [ -74.87464, 10.99063 ], [ -74.87466, 10.99069 ], [ -74.87478, 10.99074 ], [ -74.87487, 10.99076 ], [ -74.87498, 10.99076 ], [ -74.87513, 10.9907 ], [ -74.87531, 10.99059 ], [ -74.87548, 10.99054 ], [ -74.87564, 10.9905 ], [ -74.87575, 10.99044 ], [ -74.87591, 10.99031 ], [ -74.87603, 10.99022 ], [ -74.87621, 10.99019 ], [ -74.87628, 10.99022 ], [ -74.87635, 10.99029 ], [ -74.87642, 10.99036 ], [ -74.87647, 10.99052 ], [ -74.87651, 10.99069 ], [ -74.87647, 10.99088 ], [ -74.87642, 10.99102 ], [ -74.87633, 10.9912 ], [ -74.87628, 10.99132 ], [ -74.87621, 10.99144 ], [ -74.87613, 10.99156 ], [ -74.8761, 10.99162 ], [ -74.87603, 10.99172 ], [ -74.87598, 10.99177 ], [ -74.87595, 10.99179 ], [ -74.87588, 10.99206 ], [ -74.87584, 10.99248 ], [ -74.87592, 10.99266 ], [ -74.87593, 10.99277 ], [ -74.87596, 10.99282 ], [ -74.87602, 10.99293 ], [ -74.87606, 10.99299 ], [ -74.87614, 10.99309 ], [ -74.87617, 10.99312 ], [ -74.87621, 10.99315 ], [ -74.87626, 10.99323 ], [ -74.87626, 10.99329 ], [ -74.87622, 10.99334 ], [ -74.87624, 10.99343 ], [ -74.87633, 10.99345 ], [ -74.87641, 10.99347 ], [ -74.87647, 10.99345 ], [ -74.87655, 10.99344 ], [ -74.87664, 10.99344 ], [ -74.87671, 10.99348 ], [ -74.87679, 10.99356 ], [ -74.87684, 10.99355 ], [ -74.87687, 10.99365 ], [ -74.8769, 10.99373 ], [ -74.87699, 10.9938 ], [ -74.87701, 10.99387 ], [ -74.87701, 10.99396 ], [ -74.87697, 10.994 ], [ -74.87689, 10.99407 ], [ -74.8768, 10.99413 ], [ -74.87671, 10.99427 ], [ -74.87662, 10.99429 ], [ -74.8766, 10.99427 ], [ -74.87653, 10.99424 ], [ -74.87643, 10.99425 ], [ -74.87634, 10.9943 ], [ -74.87627, 10.99435 ], [ -74.87623, 10.99442 ], [ -74.8761, 10.99447 ], [ -74.87594, 10.99454 ], [ -74.87589, 10.99455 ], [ -74.8758, 10.99457 ], [ -74.87555, 10.99472 ], [ -74.87543, 10.99484 ], [ -74.87535, 10.99494 ], [ -74.8754, 10.99503 ], [ -74.87545, 10.99507 ], [ -74.87546, 10.99513 ], [ -74.87543, 10.99522 ], [ -74.87537, 10.99523 ], [ -74.87529, 10.99525 ], [ -74.87519, 10.99534 ], [ -74.87522, 10.99542 ], [ -74.87532, 10.99546 ], [ -74.87543, 10.99552 ], [ -74.87553, 10.99557 ], [ -74.8756, 10.99561 ], [ -74.87567, 10.99559 ], [ -74.87572, 10.99554 ], [ -74.87575, 10.99549 ], [ -74.87578, 10.99546 ], [ -74.87587, 10.99542 ], [ -74.87604, 10.9954 ], [ -74.87624, 10.99544 ], [ -74.87643, 10.9955 ], [ -74.87653, 10.99557 ], [ -74.8766, 10.99567 ], [ -74.87666, 10.99574 ], [ -74.8767, 10.99587 ], [ -74.87675, 10.996 ], [ -74.87675, 10.99622 ], [ -74.87668, 10.99637 ], [ -74.87654, 10.99664 ], [ -74.87639, 10.99678 ], [ -74.87631, 10.99684 ], [ -74.88216, 11.00111 ], [ -74.88203, 11.00131 ], [ -74.88115, 11.00266 ], [ -74.8806, 11.00352 ], [ -74.87939, 11.00539 ], [ -74.87814, 11.00735 ], [ -74.87503, 11.01058 ], [ -74.87489, 11.01072 ], [ -74.87487, 11.01075 ], [ -74.87462, 11.01101 ], [ -74.8735, 11.01016 ], [ -74.8717, 11.00898 ], [ -74.87165, 11.00903 ], [ -74.8716, 11.00908 ], [ -74.87142, 11.0093 ], [ -74.87124, 11.00947 ], [ -74.87113, 11.00971 ], [ -74.87097, 11.00994 ], [ -74.87081, 11.0102 ], [ -74.87065, 11.01045 ], [ -74.87052, 11.01069 ], [ -74.87043, 11.01082 ], [ -74.87034, 11.01097 ], [ -74.87021, 11.01112 ], [ -74.87009, 11.01125 ], [ -74.87002, 11.01132 ], [ -74.86987, 11.01142 ], [ -74.86985, 11.01144 ], [ -74.86979, 11.01151 ], [ -74.86976, 11.01155 ], [ -74.86966, 11.01172 ], [ -74.86955, 11.01192 ], [ -74.86946, 11.01206 ], [ -74.86939, 11.01218 ], [ -74.86926, 11.01248 ], [ -74.86905, 11.01291 ], [ -74.8689, 11.01318 ], [ -74.86887, 11.01322 ], [ -74.86879, 11.01333 ], [ -74.86871, 11.01344 ], [ -74.86863, 11.01351 ], [ -74.86856, 11.01356 ], [ -74.86852, 11.0136 ], [ -74.8683, 11.01372 ], [ -74.86815, 11.01381 ], [ -74.86786, 11.01398 ], [ -74.86763, 11.01414 ], [ -74.86756, 11.01417 ], [ -74.86727, 11.01439 ], [ -74.86708, 11.0146 ], [ -74.86692, 11.01473 ], [ -74.86678, 11.01482 ], [ -74.86675, 11.01483 ], [ -74.86665, 11.0149 ], [ -74.86655, 11.015 ], [ -74.86643, 11.01508 ], [ -74.86634, 11.01516 ], [ -74.86632, 11.0152 ], [ -74.86628, 11.01526 ], [ -74.86626, 11.01533 ], [ -74.86626, 11.01539 ], [ -74.86626, 11.01544 ], [ -74.86623, 11.01551 ], [ -74.86617, 11.01556 ], [ -74.8661, 11.01561 ], [ -74.86605, 11.01565 ], [ -74.866, 11.01571 ], [ -74.86594, 11.01576 ], [ -74.86591, 11.0158 ], [ -74.86583, 11.01593 ], [ -74.86571, 11.01613 ], [ -74.86555, 11.01639 ], [ -74.86547, 11.01651 ], [ -74.86541, 11.0166 ], [ -74.86536, 11.01667 ], [ -74.86529, 11.01678 ], [ -74.86523, 11.01678 ], [ -74.86013, 11.01678 ], [ -74.85981, 11.0165 ], [ -74.85963, 11.01653 ], [ -74.85802, 11.01673 ], [ -74.85725, 11.01684 ], [ -74.85652, 11.01692 ], [ -74.85523, 11.01707 ], [ -74.85405, 11.01723 ], [ -74.85322, 11.01724 ], [ -74.85229, 11.01719 ], [ -74.85198, 11.01715 ], [ -74.85142, 11.01707 ], [ -74.85065, 11.01689 ], [ -74.85002, 11.01669 ], [ -74.84952, 11.0165 ], [ -74.84892, 11.01624 ], [ -74.84793, 11.01572 ], [ -74.8472, 11.01532 ], [ -74.84649, 11.01494 ], [ -74.84598, 11.01467 ], [ -74.84565, 11.0145 ], [ -74.84517, 11.01424 ], [ -74.84473, 11.01401 ], [ -74.84439, 11.01382 ], [ -74.84393, 11.01358 ], [ -74.84323, 11.0132 ], [ -74.84294, 11.01305 ], [ -74.84281, 11.01296 ], [ -74.84252, 11.01281 ], [ -74.84234, 11.01275 ], [ -74.84219, 11.01271 ], [ -74.84214, 11.0127 ], [ -74.84206, 11.01268 ], [ -74.84183, 11.01266 ], [ -74.84167, 11.01267 ], [ -74.84143, 11.01271 ], [ -74.84128, 11.01277 ], [ -74.84096, 11.01289 ], [ -74.84056, 11.01304 ], [ -74.84024, 11.01316 ], [ -74.83996, 11.0133 ], [ -74.83977, 11.01341 ], [ -74.83968, 11.01348 ], [ -74.83959, 11.01355 ], [ -74.83953, 11.01364 ], [ -74.83943, 11.01379 ], [ -74.84034, 11.01154 ] ] ], [ [ [ -74.87257, 11.04563 ], [ -74.87247, 11.04567 ], [ -74.87249, 11.04564 ], [ -74.87254, 11.04554 ], [ -74.87257, 11.04545 ], [ -74.87269, 11.04533 ], [ -74.87277, 11.0453 ], [ -74.87283, 11.04543 ], [ -74.87286, 11.0455 ], [ -74.87292, 11.04552 ], [ -74.87257, 11.04563 ] ] ] ] } },
{ "type": "Feature", "properties": { "UFP": "UFP 4", "VOCACION": "Industrial-logística", "ROTULO": "UFP 4\nIndustrial-logística", "DESCRIPCION": "Sector de mayor vocación para actividades logísticas, productivas y soporte portuario fluvial hacia Malambo y el río Magdalena.", "AREA_HA": 9236.9 }, "geometry": { "type": "Polygon", "coordinates": [ [ [ -74.81865, 10.89008 ], [ -74.81893, 10.88985 ], [ -74.81918, 10.88956 ], [ -74.81938, 10.88937 ], [ -74.81955, 10.88918 ], [ -74.81973, 10.88894 ], [ -74.81992, 10.88867 ], [ -74.82, 10.88846 ], [ -74.82009, 10.88823 ], [ -74.82025, 10.88778 ], [ -74.82041, 10.88747 ], [ -74.82051, 10.88727 ], [ -74.82057, 10.88716 ], [ -74.82073, 10.887 ], [ -74.82063, 10.88696 ], [ -74.82062, 10.8869 ], [ -74.82063, 10.88678 ], [ -74.82068, 10.88658 ], [ -74.82078, 10.88626 ], [ -74.82089, 10.88601 ], [ -74.82108, 10.88563 ], [ -74.8214, 10.885 ], [ -74.82174, 10.88431 ], [ -74.82182, 10.88415 ], [ -74.82217, 10.88345 ], [ -74.82247, 10.88285 ], [ -74.82261, 10.88257 ], [ -74.82267, 10.88246 ], [ -74.8228, 10.88221 ], [ -74.82291, 10.88205 ], [ -74.82296, 10.88187 ], [ -74.82306, 10.88172 ], [ -74.82321, 10.88153 ], [ -74.82325, 10.88147 ], [ -74.82332, 10.88137 ], [ -74.8234, 10.88122 ], [ -74.82345, 10.88112 ], [ -74.82348, 10.88106 ], [ -74.82359, 10.88086 ], [ -74.82366, 10.88074 ], [ -74.82391, 10.8804 ], [ -74.82402, 10.88027 ], [ -74.82413, 10.88012 ], [ -74.82437, 10.87987 ], [ -74.82454, 10.87965 ], [ -74.82468, 10.87946 ], [ -74.82461, 10.87946 ], [ -74.82484, 10.87911 ], [ -74.82486, 10.87904 ], [ -74.82487, 10.87901 ], [ -74.82478, 10.879 ], [ -74.82283, 10.8783 ], [ -74.82094, 10.87762 ], [ -74.82088, 10.87759 ], [ -74.81992, 10.87724 ], [ -74.81963, 10.87721 ], [ -74.81877, 10.87712 ], [ -74.81665, 10.87691 ], [ -74.81391, 10.87662 ], [ -74.8121, 10.87884 ], [ -74.81159, 10.87949 ], [ -74.81174, 10.87949 ], [ -74.81136, 10.87992 ], [ -74.8112, 10.8801 ], [ -74.8106, 10.88016 ], [ -74.80951, 10.88027 ], [ -74.80859, 10.88033 ], [ -74.80799, 10.8804 ], [ -74.80776, 10.88063 ], [ -74.80749, 10.88084 ], [ -74.8072, 10.88141 ], [ -74.80672, 10.88236 ], [ -74.80643, 10.88311 ], [ -74.80604, 10.88452 ], [ -74.80579, 10.88543 ], [ -74.80573, 10.88581 ], [ -74.80571, 10.8861 ], [ -74.80551, 10.88597 ], [ -74.8054, 10.88585 ], [ -74.80516, 10.88565 ], [ -74.8049, 10.88541 ], [ -74.80429, 10.88492 ], [ -74.80353, 10.88419 ], [ -74.80271, 10.88351 ], [ -74.80213, 10.883 ], [ -74.80176, 10.88266 ], [ -74.80128, 10.88218 ], [ -74.80097, 10.88186 ], [ -74.80065, 10.88147 ], [ -74.80017, 10.8809 ], [ -74.79979, 10.88047 ], [ -74.79954, 10.88022 ], [ -74.79911, 10.87985 ], [ -74.79866, 10.87952 ], [ -74.79927, 10.87952 ], [ -74.80002, 10.87805 ], [ -74.7998, 10.87792 ], [ -74.80001, 10.87743 ], [ -74.80046, 10.87634 ], [ -74.79936, 10.87603 ], [ -74.79884, 10.87694 ], [ -74.79842, 10.87732 ], [ -74.79755, 10.87789 ], [ -74.79722, 10.87811 ], [ -74.79689, 10.87778 ], [ -74.79674, 10.8776 ], [ -74.79663, 10.87745 ], [ -74.79656, 10.87749 ], [ -74.79606, 10.87855 ], [ -74.79597, 10.87895 ], [ -74.79588, 10.87934 ], [ -74.79587, 10.87953 ], [ -74.79576, 10.87982 ], [ -74.79569, 10.88002 ], [ -74.79566, 10.88024 ], [ -74.79564, 10.88038 ], [ -74.79566, 10.88051 ], [ -74.79565, 10.88061 ], [ -74.79565, 10.88074 ], [ -74.79563, 10.88084 ], [ -74.79555, 10.88108 ], [ -74.79534, 10.88146 ], [ -74.79436, 10.88104 ], [ -74.7926, 10.88032 ], [ -74.79236, 10.88023 ], [ -74.7923, 10.88021 ], [ -74.79213, 10.88054 ], [ -74.79164, 10.88028 ], [ -74.79137, 10.88011 ], [ -74.79138, 10.88006 ], [ -74.79144, 10.87999 ], [ -74.79154, 10.87986 ], [ -74.79164, 10.87973 ], [ -74.79172, 10.87964 ], [ -74.79177, 10.87954 ], [ -74.79184, 10.87946 ], [ -74.7919, 10.8793 ], [ -74.79082, 10.87837 ], [ -74.79036, 10.87797 ], [ -74.78928, 10.87705 ], [ -74.78934, 10.87674 ], [ -74.78949, 10.87631 ], [ -74.78962, 10.87607 ], [ -74.78977, 10.87584 ], [ -74.78992, 10.87565 ], [ -74.7897, 10.87562 ], [ -74.78927, 10.87557 ], [ -74.78861, 10.87542 ], [ -74.78808, 10.87521 ], [ -74.78796, 10.87512 ], [ -74.78783, 10.8753 ], [ -74.78769, 10.87553 ], [ -74.78755, 10.87588 ], [ -74.78737, 10.87646 ], [ -74.78726, 10.87699 ], [ -74.7872, 10.87724 ], [ -74.78717, 10.87743 ], [ -74.78717, 10.87751 ], [ -74.78706, 10.87751 ], [ -74.78679, 10.87746 ], [ -74.78654, 10.87744 ], [ -74.7862, 10.87737 ], [ -74.78597, 10.87735 ], [ -74.78582, 10.87737 ], [ -74.78573, 10.87742 ], [ -74.78565, 10.87752 ], [ -74.78556, 10.87779 ], [ -74.78549, 10.87803 ], [ -74.78542, 10.87821 ], [ -74.7853, 10.87835 ], [ -74.78513, 10.87839 ], [ -74.78505, 10.87843 ], [ -74.78496, 10.87859 ], [ -74.78489, 10.87878 ], [ -74.78487, 10.87893 ], [ -74.78485, 10.87901 ], [ -74.78478, 10.87914 ], [ -74.78394, 10.87901 ], [ -74.78313, 10.87885 ], [ -74.78309, 10.87865 ], [ -74.78307, 10.87829 ], [ -74.78306, 10.87779 ], [ -74.78297, 10.87735 ], [ -74.78289, 10.87705 ], [ -74.78211, 10.87683 ], [ -74.78128, 10.8766 ], [ -74.78123, 10.87671 ], [ -74.7812, 10.87682 ], [ -74.78028, 10.87785 ], [ -74.77919, 10.87909 ], [ -74.77971, 10.87956 ], [ -74.77978, 10.87956 ], [ -74.78009, 10.87991 ], [ -74.7804, 10.88026 ], [ -74.77973, 10.88145 ], [ -74.77917, 10.88243 ], [ -74.7784, 10.88385 ], [ -74.77823, 10.88415 ], [ -74.77806, 10.88406 ], [ -74.7779, 10.88395 ], [ -74.77792, 10.88384 ], [ -74.77794, 10.88375 ], [ -74.77793, 10.88365 ], [ -74.77787, 10.88357 ], [ -74.77777, 10.88352 ], [ -74.77763, 10.88348 ], [ -74.77751, 10.88342 ], [ -74.7774, 10.88338 ], [ -74.77732, 10.88329 ], [ -74.7772, 10.8831 ], [ -74.7771, 10.88292 ], [ -74.77703, 10.88281 ], [ -74.77698, 10.88275 ], [ -74.77687, 10.88268 ], [ -74.77671, 10.8826 ], [ -74.77652, 10.88253 ], [ -74.77637, 10.88251 ], [ -74.77593, 10.88249 ], [ -74.77538, 10.88245 ], [ -74.77497, 10.8824 ], [ -74.77461, 10.88239 ], [ -74.77458, 10.88221 ], [ -74.77453, 10.88216 ], [ -74.77436, 10.88208 ], [ -74.77418, 10.882 ], [ -74.77405, 10.88197 ], [ -74.77389, 10.88192 ], [ -74.77378, 10.88191 ], [ -74.77369, 10.8819 ], [ -74.77361, 10.88191 ], [ -74.77356, 10.88188 ], [ -74.77358, 10.88182 ], [ -74.77365, 10.88171 ], [ -74.77378, 10.88153 ], [ -74.77388, 10.88139 ], [ -74.77371, 10.88132 ], [ -74.77357, 10.88124 ], [ -74.77342, 10.88122 ], [ -74.77325, 10.88122 ], [ -74.77309, 10.88123 ], [ -74.77296, 10.88124 ], [ -74.77276, 10.88124 ], [ -74.77248, 10.88125 ], [ -74.77227, 10.88123 ], [ -74.77212, 10.8812 ], [ -74.77199, 10.88119 ], [ -74.77188, 10.88116 ], [ -74.77172, 10.88115 ], [ -74.77159, 10.88109 ], [ -74.77146, 10.88102 ], [ -74.77131, 10.88099 ], [ -74.77119, 10.881 ], [ -74.77105, 10.88102 ], [ -74.77083, 10.88105 ], [ -74.77056, 10.88108 ], [ -74.77039, 10.88108 ], [ -74.77024, 10.88105 ], [ -74.77005, 10.881 ], [ -74.76991, 10.88096 ], [ -74.7697, 10.88094 ], [ -74.76953, 10.88094 ], [ -74.76944, 10.88164 ], [ -74.76939, 10.882 ], [ -74.76937, 10.88228 ], [ -74.76936, 10.88252 ], [ -74.76935, 10.88299 ], [ -74.76935, 10.8837 ], [ -74.76933, 10.88399 ], [ -74.76937, 10.88436 ], [ -74.76941, 10.88482 ], [ -74.76947, 10.88549 ], [ -74.76959, 10.88628 ], [ -74.7697, 10.88703 ], [ -74.76978, 10.88759 ], [ -74.76983, 10.88795 ], [ -74.76983, 10.8883 ], [ -74.76983, 10.88857 ], [ -74.76982, 10.88885 ], [ -74.76981, 10.88919 ], [ -74.76976, 10.88973 ], [ -74.76972, 10.89014 ], [ -74.76922, 10.89018 ], [ -74.76884, 10.89021 ], [ -74.76826, 10.89024 ], [ -74.76781, 10.89023 ], [ -74.76758, 10.89021 ], [ -74.76718, 10.89023 ], [ -74.76697, 10.89029 ], [ -74.76662, 10.89039 ], [ -74.76633, 10.89048 ], [ -74.7643, 10.89049 ], [ -74.76426, 10.89038 ], [ -74.76421, 10.89023 ], [ -74.76421, 10.89013 ], [ -74.76421, 10.89003 ], [ -74.7642, 10.88993 ], [ -74.76416, 10.88986 ], [ -74.76411, 10.88976 ], [ -74.76408, 10.88961 ], [ -74.76407, 10.88951 ], [ -74.76403, 10.88933 ], [ -74.76399, 10.88922 ], [ -74.76394, 10.88912 ], [ -74.76391, 10.88907 ], [ -74.76387, 10.88897 ], [ -74.76383, 10.88884 ], [ -74.76377, 10.88871 ], [ -74.76369, 10.88858 ], [ -74.7636, 10.88849 ], [ -74.76349, 10.88842 ], [ -74.76303, 10.88833 ], [ -74.76258, 10.88822 ], [ -74.76216, 10.88806 ], [ -74.76167, 10.88787 ], [ -74.76133, 10.88773 ], [ -74.7611, 10.88762 ], [ -74.76064, 10.88735 ], [ -74.75998, 10.88701 ], [ -74.75964, 10.8868 ], [ -74.75918, 10.88657 ], [ -74.75869, 10.88625 ], [ -74.75819, 10.88597 ], [ -74.75777, 10.88577 ], [ -74.75739, 10.88562 ], [ -74.75706, 10.88553 ], [ -74.75673, 10.88546 ], [ -74.75649, 10.88538 ], [ -74.75626, 10.8853 ], [ -74.75591, 10.8852 ], [ -74.75566, 10.88515 ], [ -74.75499, 10.88504 ], [ -74.75456, 10.88497 ], [ -74.75415, 10.88494 ], [ -74.75389, 10.88486 ], [ -74.75336, 10.88487 ], [ -74.75285, 10.88493 ], [ -74.75239, 10.88501 ], [ -74.75217, 10.88504 ], [ -74.75175, 10.88516 ], [ -74.75155, 10.88522 ], [ -74.75139, 10.8853 ], [ -74.7512, 10.88535 ], [ -74.751, 10.88537 ], [ -74.7508, 10.88534 ], [ -74.75064, 10.88533 ], [ -74.75033, 10.88531 ], [ -74.75004, 10.88526 ], [ -74.74991, 10.88523 ], [ -74.74948, 10.88523 ], [ -74.74927, 10.88523 ], [ -74.749, 10.88523 ], [ -74.74876, 10.88523 ], [ -74.74819, 10.88527 ], [ -74.74768, 10.88531 ], [ -74.74714, 10.88527 ], [ -74.74627, 10.88521 ], [ -74.74514, 10.88514 ], [ -74.74486, 10.88509 ], [ -74.74502, 10.88481 ], [ -74.74514, 10.8846 ], [ -74.74525, 10.88443 ], [ -74.74545, 10.88418 ], [ -74.74555, 10.88397 ], [ -74.74567, 10.88375 ], [ -74.74587, 10.88341 ], [ -74.74557, 10.88347 ], [ -74.74442, 10.88371 ], [ -74.74432, 10.88413 ], [ -74.74388, 10.88408 ], [ -74.74357, 10.88405 ], [ -74.74329, 10.83445 ], [ -74.74947, 10.83443 ], [ -74.75293, 10.83443 ], [ -74.75296, 10.83441 ], [ -74.75313, 10.83432 ], [ -74.7533, 10.83424 ], [ -74.75348, 10.83415 ], [ -74.75365, 10.83408 ], [ -74.75382, 10.834 ], [ -74.75401, 10.83393 ], [ -74.75418, 10.83384 ], [ -74.75435, 10.83377 ], [ -74.75452, 10.83369 ], [ -74.75468, 10.83359 ], [ -74.75483, 10.83348 ], [ -74.75507, 10.83336 ], [ -74.75525, 10.83326 ], [ -74.75531, 10.83309 ], [ -74.75543, 10.83294 ], [ -74.75557, 10.8328 ], [ -74.75569, 10.83262 ], [ -74.75581, 10.83246 ], [ -74.75595, 10.83231 ], [ -74.75593, 10.83212 ], [ -74.75591, 10.83193 ], [ -74.75588, 10.83175 ], [ -74.75584, 10.83156 ], [ -74.75584, 10.83132 ], [ -74.75583, 10.8311 ], [ -74.75583, 10.83091 ], [ -74.75579, 10.83073 ], [ -74.75576, 10.83054 ], [ -74.75576, 10.83035 ], [ -74.75569, 10.83018 ], [ -74.75558, 10.83001 ], [ -74.75546, 10.82986 ], [ -74.75534, 10.82971 ], [ -74.75518, 10.8296 ], [ -74.75503, 10.82957 ], [ -74.75486, 10.82951 ], [ -74.75472, 10.82935 ], [ -74.75462, 10.82918 ], [ -74.75455, 10.829 ], [ -74.75453, 10.82881 ], [ -74.75451, 10.82862 ], [ -74.75439, 10.82847 ], [ -74.75427, 10.82832 ], [ -74.75412, 10.8282 ], [ -74.75396, 10.82808 ], [ -74.75381, 10.82798 ], [ -74.7536, 10.82791 ], [ -74.75346, 10.82777 ], [ -74.75331, 10.82764 ], [ -74.75315, 10.82752 ], [ -74.75303, 10.82737 ], [ -74.753, 10.82713 ], [ -74.75296, 10.82694 ], [ -74.75298, 10.82676 ], [ -74.75298, 10.82657 ], [ -74.75303, 10.82638 ], [ -74.75317, 10.82616 ], [ -74.75327, 10.82594 ], [ -74.75332, 10.82575 ], [ -74.75339, 10.82558 ], [ -74.75347, 10.82541 ], [ -74.75354, 10.82524 ], [ -74.75363, 10.82507 ], [ -74.75373, 10.82492 ], [ -74.75385, 10.82476 ], [ -74.75399, 10.82463 ], [ -74.75414, 10.82449 ], [ -74.75428, 10.82436 ], [ -74.75438, 10.8242 ], [ -74.75447, 10.82403 ], [ -74.75455, 10.82386 ], [ -74.7546, 10.82367 ], [ -74.75466, 10.82349 ], [ -74.75466, 10.8233 ], [ -74.75461, 10.82311 ], [ -74.75469, 10.82299 ], [ -74.76335, 10.82475 ], [ -74.76377, 10.8248 ], [ -74.76415, 10.82486 ], [ -74.76507, 10.82501 ], [ -74.7658, 10.82512 ], [ -74.76643, 10.82522 ], [ -74.7674, 10.82538 ], [ -74.76786, 10.82546 ], [ -74.76783, 10.82531 ], [ -74.76771, 10.82488 ], [ -74.76767, 10.82474 ], [ -74.76795, 10.82458 ], [ -74.76862, 10.82435 ], [ -74.76887, 10.82426 ], [ -74.76953, 10.82406 ], [ -74.77005, 10.82388 ], [ -74.77123, 10.8235 ], [ -74.77173, 10.82333 ], [ -74.77246, 10.82307 ], [ -74.77298, 10.8229 ], [ -74.77368, 10.82266 ], [ -74.77481, 10.82227 ], [ -74.77551, 10.82202 ], [ -74.7759, 10.8219 ], [ -74.7768, 10.82159 ], [ -74.77782, 10.82123 ], [ -74.77791, 10.82119 ], [ -74.77888, 10.82086 ], [ -74.77976, 10.82056 ], [ -74.78049, 10.82032 ], [ -74.78097, 10.82014 ], [ -74.78182, 10.81986 ], [ -74.7823, 10.81969 ], [ -74.78316, 10.81939 ], [ -74.78405, 10.81909 ], [ -74.785, 10.81874 ], [ -74.78552, 10.81858 ], [ -74.78647, 10.81825 ], [ -74.78676, 10.81814 ], [ -74.7876, 10.81785 ], [ -74.78859, 10.81752 ], [ -74.78955, 10.81717 ], [ -74.78964, 10.81713 ], [ -74.7897, 10.81711 ], [ -74.78997, 10.81702 ], [ -74.79041, 10.81688 ], [ -74.79081, 10.81673 ], [ -74.79094, 10.81668 ], [ -74.79176, 10.8164 ], [ -74.79203, 10.81629 ], [ -74.79223, 10.81624 ], [ -74.79302, 10.81595 ], [ -74.79332, 10.81585 ], [ -74.7939, 10.81564 ], [ -74.79436, 10.8155 ], [ -74.79474, 10.81535 ], [ -74.79524, 10.81519 ], [ -74.79573, 10.81501 ], [ -74.7963, 10.81482 ], [ -74.79687, 10.81463 ], [ -74.79719, 10.81452 ], [ -74.79776, 10.81432 ], [ -74.79827, 10.81414 ], [ -74.79883, 10.81394 ], [ -74.79937, 10.81377 ], [ -74.79974, 10.81364 ], [ -74.80022, 10.81346 ], [ -74.80067, 10.81332 ], [ -74.80102, 10.8132 ], [ -74.80166, 10.81298 ], [ -74.80263, 10.81266 ], [ -74.80321, 10.81244 ], [ -74.80345, 10.81243 ], [ -74.80353, 10.8124 ], [ -74.80394, 10.81234 ], [ -74.80471, 10.81225 ], [ -74.80492, 10.81224 ], [ -74.80535, 10.81224 ], [ -74.80614, 10.81224 ], [ -74.80779, 10.81228 ], [ -74.80784, 10.81228 ], [ -74.80821, 10.81229 ], [ -74.80826, 10.81229 ], [ -74.80839, 10.81229 ], [ -74.82236, 10.81241 ], [ -74.82246, 10.81241 ], [ -74.82338, 10.81242 ], [ -74.82865, 10.81246 ], [ -74.83038, 10.81248 ], [ -74.83065, 10.81248 ], [ -74.83071, 10.81248 ], [ -74.83112, 10.81249 ], [ -74.83144, 10.81249 ], [ -74.83164, 10.81249 ], [ -74.83189, 10.81249 ], [ -74.83259, 10.8125 ], [ -74.83265, 10.8125 ], [ -74.8349, 10.81252 ], [ -74.83524, 10.81253 ], [ -74.83592, 10.81253 ], [ -74.83808, 10.81255 ], [ -74.84238, 10.8126 ], [ -74.8445, 10.81262 ], [ -74.84618, 10.81263 ], [ -74.84737, 10.81265 ], [ -74.84932, 10.81267 ], [ -74.8539, 10.81271 ], [ -74.85641, 10.81274 ], [ -74.85749, 10.81275 ], [ -74.8596, 10.81277 ], [ -74.86263, 10.8128 ], [ -74.86665, 10.81284 ], [ -74.8668, 10.83659 ], [ -74.86663, 10.83682 ], [ -74.8668, 10.83696 ], [ -74.86695, 10.86093 ], [ -74.86685, 10.86099 ], [ -74.86677, 10.86099 ], [ -74.86655, 10.861 ], [ -74.86615, 10.86098 ], [ -74.86575, 10.86099 ], [ -74.8656, 10.86099 ], [ -74.8655, 10.86099 ], [ -74.86484, 10.86097 ], [ -74.86409, 10.86097 ], [ -74.86283, 10.86098 ], [ -74.86241, 10.86098 ], [ -74.86231, 10.8613 ], [ -74.86219, 10.86163 ], [ -74.86209, 10.86198 ], [ -74.86197, 10.86221 ], [ -74.8619, 10.86236 ], [ -74.86183, 10.86251 ], [ -74.86173, 10.86262 ], [ -74.86164, 10.8627 ], [ -74.8615, 10.86283 ], [ -74.86133, 10.86293 ], [ -74.86121, 10.86299 ], [ -74.86104, 10.86305 ], [ -74.86092, 10.86305 ], [ -74.86078, 10.86305 ], [ -74.86055, 10.86302 ], [ -74.86045, 10.86301 ], [ -74.86034, 10.86299 ], [ -74.86018, 10.86299 ], [ -74.86007, 10.86299 ], [ -74.85977, 10.86299 ], [ -74.85961, 10.86301 ], [ -74.85944, 10.86306 ], [ -74.8592, 10.86313 ], [ -74.85905, 10.86319 ], [ -74.85873, 10.86335 ], [ -74.85844, 10.8635 ], [ -74.85805, 10.86375 ], [ -74.85776, 10.8639 ], [ -74.85752, 10.86403 ], [ -74.85697, 10.86425 ], [ -74.85658, 10.86442 ], [ -74.85631, 10.86454 ], [ -74.85615, 10.86459 ], [ -74.85594, 10.86466 ], [ -74.85589, 10.86459 ], [ -74.85558, 10.86468 ], [ -74.85506, 10.86481 ], [ -74.8548, 10.86488 ], [ -74.85462, 10.8649 ], [ -74.85432, 10.86494 ], [ -74.85411, 10.86495 ], [ -74.85393, 10.86497 ], [ -74.85374, 10.86501 ], [ -74.8535, 10.86512 ], [ -74.85331, 10.8652 ], [ -74.85307, 10.86528 ], [ -74.85276, 10.86535 ], [ -74.85248, 10.86537 ], [ -74.85219, 10.86544 ], [ -74.85188, 10.86553 ], [ -74.85143, 10.8657 ], [ -74.85117, 10.86581 ], [ -74.85076, 10.86601 ], [ -74.85041, 10.86621 ], [ -74.85015, 10.86634 ], [ -74.84985, 10.86648 ], [ -74.84925, 10.86672 ], [ -74.84909, 10.86677 ], [ -74.84897, 10.86676 ], [ -74.84896, 10.86681 ], [ -74.84883, 10.86685 ], [ -74.84856, 10.86692 ], [ -74.84812, 10.86696 ], [ -74.84795, 10.86694 ], [ -74.84781, 10.86692 ], [ -74.84768, 10.8669 ], [ -74.8476, 10.86688 ], [ -74.84745, 10.86684 ], [ -74.84731, 10.86684 ], [ -74.84717, 10.86685 ], [ -74.84703, 10.86687 ], [ -74.84683, 10.86695 ], [ -74.84673, 10.86699 ], [ -74.84662, 10.86705 ], [ -74.84647, 10.86713 ], [ -74.84632, 10.86719 ], [ -74.84609, 10.86729 ], [ -74.84593, 10.86734 ], [ -74.84583, 10.86737 ], [ -74.84572, 10.8674 ], [ -74.84556, 10.86742 ], [ -74.84534, 10.86746 ], [ -74.84513, 10.86748 ], [ -74.84489, 10.86754 ], [ -74.84459, 10.86766 ], [ -74.84448, 10.86774 ], [ -74.84438, 10.8678 ], [ -74.84422, 10.86787 ], [ -74.84407, 10.86793 ], [ -74.84386, 10.86802 ], [ -74.8437, 10.86809 ], [ -74.8432, 10.86832 ], [ -74.84288, 10.86849 ], [ -74.84262, 10.86863 ], [ -74.84247, 10.86875 ], [ -74.84227, 10.86886 ], [ -74.84202, 10.86904 ], [ -74.84152, 10.86942 ], [ -74.84134, 10.86957 ], [ -74.84116, 10.86973 ], [ -74.84096, 10.86991 ], [ -74.84068, 10.87015 ], [ -74.8402, 10.87065 ], [ -74.84003, 10.87084 ], [ -74.83989, 10.87096 ], [ -74.83971, 10.87114 ], [ -74.83958, 10.87126 ], [ -74.83921, 10.87155 ], [ -74.83894, 10.87175 ], [ -74.83885, 10.87181 ], [ -74.83891, 10.87189 ], [ -74.83924, 10.87205 ], [ -74.83959, 10.87216 ], [ -74.83979, 10.87222 ], [ -74.84011, 10.87231 ], [ -74.84032, 10.87235 ], [ -74.84047, 10.87237 ], [ -74.84072, 10.87239 ], [ -74.8409, 10.87241 ], [ -74.84107, 10.87242 ], [ -74.84116, 10.87242 ], [ -74.8414, 10.87252 ], [ -74.84158, 10.87257 ], [ -74.84183, 10.87265 ], [ -74.84202, 10.87272 ], [ -74.84221, 10.87282 ], [ -74.84238, 10.87291 ], [ -74.84251, 10.873 ], [ -74.84264, 10.8731 ], [ -74.84276, 10.87321 ], [ -74.84281, 10.8733 ], [ -74.84284, 10.87346 ], [ -74.84285, 10.8736 ], [ -74.84278, 10.87387 ], [ -74.84272, 10.87413 ], [ -74.84263, 10.87444 ], [ -74.84258, 10.87467 ], [ -74.84257, 10.87497 ], [ -74.84257, 10.87516 ], [ -74.84257, 10.87536 ], [ -74.84261, 10.87551 ], [ -74.84264, 10.87561 ], [ -74.84273, 10.87578 ], [ -74.84283, 10.87586 ], [ -74.84299, 10.87596 ], [ -74.84318, 10.87605 ], [ -74.8434, 10.87614 ], [ -74.84359, 10.87621 ], [ -74.84374, 10.87623 ], [ -74.84388, 10.87624 ], [ -74.84404, 10.87624 ], [ -74.84418, 10.87626 ], [ -74.84431, 10.87625 ], [ -74.84441, 10.87628 ], [ -74.84455, 10.87635 ], [ -74.8446, 10.87643 ], [ -74.84461, 10.87655 ], [ -74.84461, 10.87667 ], [ -74.84463, 10.8768 ], [ -74.84466, 10.87689 ], [ -74.84473, 10.87702 ], [ -74.84486, 10.87719 ], [ -74.84502, 10.87731 ], [ -74.8451, 10.87736 ], [ -74.84504, 10.8776 ], [ -74.84495, 10.87795 ], [ -74.84483, 10.87827 ], [ -74.84468, 10.87854 ], [ -74.84453, 10.87879 ], [ -74.84433, 10.87906 ], [ -74.84418, 10.87926 ], [ -74.84403, 10.87941 ], [ -74.84356, 10.87985 ], [ -74.84323, 10.88017 ], [ -74.84292, 10.88046 ], [ -74.84265, 10.88069 ], [ -74.84254, 10.88081 ], [ -74.84243, 10.88096 ], [ -74.84225, 10.88125 ], [ -74.842, 10.88164 ], [ -74.84187, 10.88189 ], [ -74.84175, 10.88215 ], [ -74.84161, 10.88246 ], [ -74.84152, 10.88268 ], [ -74.84134, 10.88294 ], [ -74.84124, 10.88302 ], [ -74.84115, 10.88296 ], [ -74.84089, 10.88329 ], [ -74.84068, 10.88338 ], [ -74.84056, 10.88344 ], [ -74.84039, 10.88351 ], [ -74.84022, 10.88363 ], [ -74.84006, 10.88371 ], [ -74.83988, 10.88382 ], [ -74.83974, 10.88393 ], [ -74.83951, 10.88416 ], [ -74.83933, 10.88438 ], [ -74.83916, 10.88466 ], [ -74.83902, 10.88497 ], [ -74.83891, 10.88522 ], [ -74.83882, 10.88543 ], [ -74.83819, 10.88547 ], [ -74.83747, 10.88553 ], [ -74.83705, 10.8856 ], [ -74.83663, 10.88566 ], [ -74.83627, 10.8857 ], [ -74.83604, 10.88574 ], [ -74.83488, 10.8861 ], [ -74.83404, 10.88637 ], [ -74.83328, 10.88663 ], [ -74.83288, 10.8867 ], [ -74.83248, 10.88677 ], [ -74.83207, 10.88683 ], [ -74.83184, 10.88685 ], [ -74.8317, 10.88689 ], [ -74.83158, 10.88695 ], [ -74.83134, 10.8871 ], [ -74.8311, 10.88719 ], [ -74.83079, 10.88733 ], [ -74.83013, 10.88761 ], [ -74.83006, 10.88764 ], [ -74.8295, 10.88793 ], [ -74.82857, 10.88833 ], [ -74.82799, 10.88859 ], [ -74.82763, 10.8888 ], [ -74.82749, 10.88891 ], [ -74.82735, 10.88912 ], [ -74.82723, 10.88927 ], [ -74.82717, 10.88936 ], [ -74.82709, 10.88945 ], [ -74.82685, 10.88962 ], [ -74.82659, 10.88977 ], [ -74.82638, 10.88988 ], [ -74.82616, 10.88998 ], [ -74.8259, 10.89012 ], [ -74.82586, 10.89013 ], [ -74.81855, 10.89018 ], [ -74.81865, 10.89008 ] ] ] } }
]
}
