{
"type": "FeatureCollection",
"name": "vias_amb",
"crs": { "type": "name", "properties": { "name": "urn:ogc:def:crs:OGC:1.3:CRS84" } },
"xy_coordinate_resolution": 1e-06,
"features": [
{ "type": "Feature", "properties": { "Name": "Carrera 30", "descriptio": null, "timestamp": null, "begin": null, "end": null, "altitudeMo": null, "tessellate": -1.0, "extrude": 0.0, "visibility": -1.0, "drawOrder": null, "icon": null, "fid": 5493.0, "osm_id": "1351904635", "highway": "secondary_link", "waterway": null, "aerialway": null, "barrier": null, "man_made": null, "railway": null, "z_order": 6.0, "other_tags": "\"alt_name\"=>\"Calle 125\",\"lanes\"=>\"1\",\"oneway\"=>\"yes\",\"surface\"=>\"concrete\"" }, "geometry": { "type": "LineString", "coordinates": [ [ -74.850118, 11.017158 ], [ -74.851772, 11.017577 ], [ -74.85226, 11.017546 ] ] } },
{ "type": "Feature", "properties": { "Name": "Carrera 30", "descriptio": null, "timestamp": null, "begin": null, "end": null, "altitudeMo": null, "tessellate": -1.0, "extrude": 0.0, "visibility": -1.0, "drawOrder": null, "icon": null, "fid": 5479.0, "osm_id": "1345339208", "highway": "secondary_link", "waterway": null, "aerialway": null, "barrier": null, "man_made": null, "railway": null, "z_order": 6.0, "other_tags": "\"alt_name\"=>\"Calle 125\",\"lanes\"=>\"1\",\"oneway\"=>\"yes\",\"surface\"=>\"concrete\"" }, "geometry": { "type": "LineString", "coordinates": [ [ -74.852245, 11.01743 ], [ -74.851702, 11.01735 ], [ -74.850192, 11.016884 ] ] } },
{ "type": "Feature", "properties": { "Name": "Carrera 30", "descriptio": null, "timestamp": null, "begin": null, "end": null, "altitudeMo": null, "tessellate": -1.0, "extrude": 0.0, "visibility": -1.0, "drawOrder": null, "icon": null, "fid": 5497.0, "osm_id": "1351904639", "highway": "secondary_link", "waterway": null, "aerialway": null, "barrier": null, "man_made": null, "railway": null, "z_order": 6.0, "other_tags": "\"alt_name\"=>\"Calle 125\",\"lanes\"=>\"1\",\"oneway\"=>\"yes\",\"surface\"=>\"concrete\"" }, "geometry": { "type": "LineString", "coordinates": [ [ -74.847869, 11.016519 ], [ -74.849949, 11.01711 ] ] } },
{ "type": "Feature", "properties": { "Name": "Carrera 30", "descriptio": null, "timestamp": null, "begin": null, "end": null, "altitudeMo": null, "tessellate": -1.0, "extrude": 0.0, "visibility": -1.0, "drawOrder": null, "icon": null, "fid": 5496.0, "osm_id": "1351904638", "highway": "secondary_link", "waterway": null, "aerialway": null, "barrier": null, "man_made": null, "railway": null, "z_order": 6.0, "other_tags": "\"alt_name\"=>\"Calle 125\",\"lanes\"=>\"1\",\"oneway\"=>\"yes\",\"surface\"=>\"concrete\"" }, "geometry": { "type": "LineString", "coordinates": [ [ -74.850027, 11.01684 ], [ -74.848266, 11.016419 ], [ -74.847883, 11.016419 ] ] } },
{ "type": "Feature", "properties": { "Name": null, "descriptio": null, "timestamp": null, "begin": null, "end": null, "altitudeMo": null, "tessellate": -1.0, "extrude": 0.0, "visibility": -1.0, "drawOrder": null, "icon": null, "fid": 5236.0, "osm_id": "1299413264", "highway": "trunk", "waterway": null, "aerialway": null, "barrier": null, "man_made": null, "railway": null, "z_order": 8.0, "other_tags": "\"bicycle\"=>\"yes\",\"foot\"=>\"no\",\"junction\"=>\"roundabout\",\"lanes\"=>\"2\",\"lit\"=>\"yes\",\"oneway\"=>\"yes\",\"surface\"=>\"concrete\"" }, "geometry": { "type": "LineString", "coordinates": [ [ -74.826955, 11.038445 ], [ -74.826788, 11.038529 ], [ -74.826727, 11.038757 ] ] } },
{ "type": "Feature", "properties": { "Name": null, "descriptio": null, "timestamp": null, "begin": null, "end": null, "altitudeMo": null, "tessellate": -1.0, "extrude": 0.0, "visibility": -1.0, "drawOrder": null, "icon": null, "fid": 5238.0, "osm_id": "1299413266", "highway": "trunk", "waterway": null, "aerialway": null, "barrier": null, "man_made": null, "railway": null, "z_order": 8.0, "other_tags": "\"junction\"=>\"roundabout\",\"lanes\"=>\"3\",\"lit\"=>\"yes\",\"oneway\"=>\"yes\",\"smoothness\"=>\"excellent\",\"surface\"=>\"asphalt\"" }, "geometry": { "type": "LineString", "coordinates": [ [ -74.85926, 11.031253 ], [ -74.859423, 11.031331 ], [ -74.859637, 11.031267 ], [ -74.859733, 11.031068 ], [ -74.859662, 11.030879 ] ] } },
{ "type": "Feature", "properties": { "Name": null, "descriptio": null, "timestamp": null, "begin": null, "end": null, "altitudeMo": null, "tessellate": -1.0, "extrude": 0.0, "visibility": -1.0, "drawOrder": null, "icon": null, "fid": 5237.0, "osm_id": "1299413265", "highway": "trunk", "waterway": null, "aerialway": null, "barrier": null, "man_made": null, "railway": null, "z_order": 8.0, "other_tags": "\"bicycle\"=>\"yes\",\"foot\"=>\"no\",\"junction\"=>\"roundabout\",\"lanes\"=>\"2\",\"lit\"=>\"yes\",\"oneway\"=>\"yes\",\"surface\"=>\"concrete\"" }, "geometry": { "type": "LineString", "coordinates": [ [ -74.826989, 11.038954 ], [ -74.827026, 11.038949 ] ] } },
{ "type": "Feature", "properties": { "Name": null, "descriptio": null, "timestamp": null, "begin": null, "end": null, "altitudeMo": null, "tessellate": -1.0, "extrude": 0.0, "visibility": -1.0, "drawOrder": null, "icon": null, "fid": 5241.0, "osm_id": "1299413269", "highway": "trunk", "waterway": null, "aerialway": null, "barrier": null, "man_made": null, "railway": null, "z_order": 8.0, "other_tags": "\"bicycle\"=>\"yes\",\"foot\"=>\"no\",\"junction\"=>\"roundabout\",\"lanes\"=>\"2\",\"lit\"=>\"yes\",\"oneway\"=>\"yes\",\"surface\"=>\"concrete\"" }, "geometry": { "type": "LineString", "coordinates": [ [ -74.827229, 11.038642 ], [ -74.827136, 11.038499 ], [ -74.826955, 11.038445 ] ] } },
{ "type": "Feature", "properties": { "Name": null, "descriptio": null, "timestamp": null, "begin": null, "end": null, "altitudeMo": null, "tessellate": -1.0, "extrude": 0.0, "visibility": -1.0, "drawOrder": null, "icon": null, "fid": 5239.0, "osm_id": "1299413267", "highway": "trunk", "waterway": null, "aerialway": null, "barrier": null, "man_made": null, "railway": null, "z_order": 8.0, "other_tags": "\"junction\"=>\"roundabout\",\"lanes\"=>\"3\",\"oneway\"=>\"yes\",\"smoothness\"=>\"excellent\",\"surface\"=>\"asphalt\"" }, "geometry": { "type": "LineString", "coordinates": [ [ -74.859251, 11.030879 ], [ -74.859181, 11.03109 ], [ -74.85926, 11.031253 ] ] } },
{ "type": "Feature", "properties": { "Name": null, "descriptio": null, "timestamp": null, "begin": null, "end": null, "altitudeMo": null, "tessellate": -1.0, "extrude": 0.0, "visibility": -1.0, "drawOrder": null, "icon": null, "fid": 5266.0, "osm_id": "1299416240", "highway": "trunk", "waterway": null, "aerialway": null, "barrier": null, "man_made": null, "railway": null, "z_order": 8.0, "other_tags": "\"bicycle\"=>\"yes\",\"foot\"=>\"no\",\"junction\"=>\"circular\",\"lanes\"=>\"4\",\"lit\"=>\"yes\",\"maxspeed\"=>\"30\",\"oneway\"=>\"yes\",\"surface\"=>\"concrete\"" }, "geometry": { "type": "LineString", "coordinates": [ [ -74.831183, 11.032726 ], [ -74.830948, 11.033019 ] ] } },
{ "type": "Feature", "properties": { "Name": null, "descriptio": null, "timestamp": null, "begin": null, "end": null, "altitudeMo": null, "tessellate": -1.0, "extrude": 0.0, "visibility": -1.0, "drawOrder": null, "icon": null, "fid": 5242.0, "osm_id": "1299413270", "highway": "trunk", "waterway": null, "aerialway": null, "barrier": null, "man_made": null, "railway": null, "z_order": 8.0, "other_tags": "\"bicycle\"=>\"yes\",\"foot\"=>\"no\",\"junction\"=>\"roundabout\",\"lanes\"=>\"2\",\"lit\"=>\"yes\",\"oneway\"=>\"yes\",\"surface\"=>\"concrete\"" }, "geometry": { "type": "LineString", "coordinates": [ [ -74.826727, 11.038757 ], [ -74.826853, 11.038917 ], [ -74.826989, 11.038954 ] ] } },
{ "type": "Feature", "properties": { "Name": null, "descriptio": null, "timestamp": null, "begin": null, "end": null, "altitudeMo": null, "tessellate": -1.0, "extrude": 0.0, "visibility": -1.0, "drawOrder": null, "icon": null, "fid": 5220.0, "osm_id": "1297683942", "highway": "unclassified", "waterway": null, "aerialway": null, "barrier": null, "man_made": null, "railway": null, "z_order": 3.0, "other_tags": "\"lanes\"=>\"2\",\"oneway\"=>\"yes\",\"surface\"=>\"concrete\"" }, "geometry": { "type": "LineString", "coordinates": [ [ -74.843276, 11.013314 ], [ -74.843991, 11.013692 ] ] } },
{ "type": "Feature", "properties": { "Name": null, "descriptio": null, "timestamp": null, "begin": null, "end": null, "altitudeMo": null, "tessellate": -1.0, "extrude": 0.0, "visibility": -1.0, "drawOrder": null, "icon": null, "fid": 5042.0, "osm_id": "1264359306", "highway": "unclassified", "waterway": null, "aerialway": null, "barrier": null, "man_made": null, "railway": null, "z_order": 3.0, "other_tags": "\"surface\"=>\"unpaved\",\"tracktype\"=>\"grade3\"" }, "geometry": { "type": "LineString", "coordinates": [ [ -74.885475, 11.013166 ], [ -74.885447, 11.013056 ] ] } },
{ "type": "Feature", "properties": { "Name": null, "descriptio": null, "timestamp": null, "begin": null, "end": null, "altitudeMo": null, "tessellate": null, "extrude": null, "visibility": null, "drawOrder": null, "icon": null, "fid": null, "osm_id": null, "highway": null, "waterway": null, "aerialway": null, "barrier": null, "man_made": null, "railway": null, "z_order": null, "other_tags": null }, "geometry": { "type": "LineString", "coordinates": [ [ -74.765025, 10.953264 ], [ -74.764676, 10.952176 ], [ -74.764734, 10.95173 ], [ -74.764875, 10.951442 ], [ -74.765444, 10.951097 ], [ -74.767583, 10.950716 ] ] } },
{ "type": "Feature", "properties": { "Name": null, "descriptio": null, "timestamp": null, "begin": null, "end": null, "altitudeMo": null, "tessellate": null, "extrude": null, "visibility": null, "drawOrder": null, "icon": null, "fid": null, "osm_id": null, "highway": null, "waterway": null, "aerialway": null, "barrier": null, "man_made": null, "railway": null, "z_order": null, "other_tags": null }, "geometry": { "type": "LineString", "coordinates": [ [ -74.761541, 10.950367 ], [ -74.762297, 10.950396 ], [ -74.762878, 10.950537 ], [ -74.763313, 10.950731 ], [ -74.763724, 10.951014 ], [ -74.764051, 10.95133 ], [ -74.764547, 10.952074 ], [ -74.76498, 10.95328 ] ] } },
{ "type": "Feature", "properties": { "Name": null, "descriptio": null, "timestamp": null, "begin": null, "end": null, "altitudeMo": null, "tessellate": null, "extrude": null, "visibility": null, "drawOrder": null, "icon": null, "fid": null, "osm_id": null, "highway": null, "waterway": null, "aerialway": null, "barrier": null, "man_made": null, "railway": null, "z_order": null, "other_tags": null }, "geometry": { "type": "LineString", "coordinates": [ [ -74.765244, 10.953455 ], [ -74.765338, 10.95313 ], [ -74.765609, 10.95281 ], [ -74.767541, 10.951006 ] ] } },
{ "type": "Feature", "properties": { "Name": null, "descriptio": null, "timestamp": null, "begin": null, "end": null, "altitudeMo": null, "tessellate": null, "extrude": null, "visibility": null, "drawOrder": null, "icon": null, "fid": null, "osm_id": null, "highway": null, "waterway": null, "aerialway": null, "barrier": null, "man_made": null, "railway": null, "z_order": null, "other_tags": null }, "geometry": { "type": "LineString", "coordinates": [ [ -74.765361, 10.95116 ], [ -74.765216, 10.95143 ], [ -74.765465, 10.952283 ], [ -74.765687, 10.952428 ], [ -74.766086, 10.952289 ] ] } },
{ "type": "Feature", "properties": { "Name": null, "descriptio": null, "timestamp": null, "begin": null, "end": null, "altitudeMo": null, "tessellate": null, "extrude": null, "visibility": null, "drawOrder": null, "icon": null, "fid": null, "osm_id": null, "highway": null, "waterway": null, "aerialway": null, "barrier": null, "man_made": null, "railway": null, "z_order": null, "other_tags": null }, "geometry": { "type": "LineString", "coordinates": [ [ -74.761094, 10.95019 ], [ -74.761946, 10.950173 ], [ -74.762749, 10.950264 ], [ -74.765078, 10.950957 ], [ -74.766553, 10.950769 ], [ -74.766842, 10.950823 ], [ -74.767081, 10.950974 ], [ -74.767274, 10.951215 ], [ -74.767348, 10.951533 ], [ -74.767294, 10.951808 ], [ -74.767156, 10.952032 ], [ -74.765601, 10.95288 ] ] } },
{ "type": "Feature", "properties": { "Name": null, "descriptio": null, "timestamp": null, "begin": null, "end": null, "altitudeMo": null, "tessellate": null, "extrude": null, "visibility": null, "drawOrder": null, "icon": null, "fid": null, "osm_id": null, "highway": null, "waterway": null, "aerialway": null, "barrier": null, "man_made": null, "railway": null, "z_order": null, "other_tags": null }, "geometry": { "type": "LineString", "coordinates": [ [ -74.766735, 10.951778 ], [ -74.767515, 10.951704 ], [ -74.768163, 10.951114 ] ] } },
{ "type": "Feature", "properties": { "Name": null, "descriptio": null, "timestamp": null, "begin": null, "end": null, "altitudeMo": null, "tessellate": null, "extrude": null, "visibility": null, "drawOrder": null, "icon": null, "fid": null, "osm_id": null, "highway": null, "waterway": null, "aerialway": null, "barrier": null, "man_made": null, "railway": null, "z_order": null, "other_tags": null }, "geometry": { "type": "LineString", "coordinates": [ [ -74.774147, 10.949157 ], [ -74.773938, 10.948904 ], [ -74.773723, 10.948838 ], [ -74.773491, 10.948862 ], [ -74.773238, 10.949097 ], [ -74.773197, 10.949447 ], [ -74.773386, 10.949714 ], [ -74.773594, 10.949798 ], [ -74.773821, 10.94979 ], [ -74.774009, 10.949676 ], [ -74.77415, 10.949477 ], [ -74.774147, 10.949157 ] ] } },
{ "type": "Feature", "properties": { "Name": null, "descriptio": null, "timestamp": null, "begin": null, "end": null, "altitudeMo": null, "tessellate": null, "extrude": null, "visibility": null, "drawOrder": null, "icon": null, "fid": null, "osm_id": null, "highway": null, "waterway": null, "aerialway": null, "barrier": null, "man_made": null, "railway": null, "z_order": null, "other_tags": null }, "geometry": { "type": "LineString", "coordinates": [ [ -74.781378, 10.935801 ], [ -74.781299, 10.936126 ], [ -74.78082, 10.93627 ], [ -74.780647, 10.936131 ], [ -74.78062, 10.935674 ] ] } },
{ "type": "Feature", "properties": { "Name": null, "descriptio": null, "timestamp": null, "begin": null, "end": null, "altitudeMo": null, "tessellate": null, "extrude": null, "visibility": null, "drawOrder": null, "icon": null, "fid": null, "osm_id": null, "highway": null, "waterway": null, "aerialway": null, "barrier": null, "man_made": null, "railway": null, "z_order": null, "other_tags": null }, "geometry": { "type": "LineString", "coordinates": [ [ -74.782548, 10.931953 ], [ -74.782341, 10.932079 ], [ -74.781983, 10.932101 ], [ -74.780604, 10.931848 ], [ -74.780423, 10.931719 ] ] } },
{ "type": "Feature", "properties": { "Name": null, "descriptio": null, "timestamp": null, "begin": null, "end": null, "altitudeMo": null, "tessellate": null, "extrude": null, "visibility": null, "drawOrder": null, "icon": null, "fid": null, "osm_id": null, "highway": null, "waterway": null, "aerialway": null, "barrier": null, "man_made": null, "railway": null, "z_order": null, "other_tags": null }, "geometry": { "type": "LineString", "coordinates": [ [ -74.783553, 10.931097 ], [ -74.783379, 10.931053 ], [ -74.783112, 10.931112 ], [ -74.782873, 10.931365 ], [ -74.782872, 10.931757 ], [ -74.782941, 10.931874 ], [ -74.783193, 10.932043 ], [ -74.783624, 10.931995 ], [ -74.783845, 10.931675 ], [ -74.783833, 10.931376 ], [ -74.783557, 10.931097 ] ] } },
{ "type": "Feature", "properties": { "Name": null, "descriptio": null, "timestamp": null, "begin": null, "end": null, "altitudeMo": null, "tessellate": null, "extrude": null, "visibility": null, "drawOrder": null, "icon": null, "fid": null, "osm_id": null, "highway": null, "waterway": null, "aerialway": null, "barrier": null, "man_made": null, "railway": null, "z_order": null, "other_tags": null }, "geometry": { "type": "LineString", "coordinates": [ [ -74.780286, 10.933273 ], [ -74.780487, 10.933144 ], [ -74.780694, 10.933214 ], [ -74.780764, 10.93337 ], [ -74.780743, 10.933615 ] ] } },
{ "type": "Feature", "properties": { "Name": null, "descriptio": null, "timestamp": null, "begin": null, "end": null, "altitudeMo": null, "tessellate": null, "extrude": null, "visibility": null, "drawOrder": null, "icon": null, "fid": null, "osm_id": null, "highway": null, "waterway": null, "aerialway": null, "barrier": null, "man_made": null, "railway": null, "z_order": null, "other_tags": null }, "geometry": { "type": "LineString", "coordinates": [ [ -74.780437, 10.932016 ], [ -74.780549, 10.931917 ], [ -74.780633, 10.931922 ], [ -74.781777, 10.932124 ], [ -74.78196, 10.932171 ], [ -74.782049, 10.932318 ] ] } },
{ "type": "Feature", "properties": { "Name": null, "descriptio": null, "timestamp": null, "begin": null, "end": null, "altitudeMo": null, "tessellate": null, "extrude": null, "visibility": null, "drawOrder": null, "icon": null, "fid": null, "osm_id": null, "highway": null, "waterway": null, "aerialway": null, "barrier": null, "man_made": null, "railway": null, "z_order": null, "other_tags": null }, "geometry": { "type": "LineString", "coordinates": [ [ -74.781598, 10.935864 ], [ -74.781092, 10.933548 ], [ -74.781162, 10.933319 ], [ -74.781817, 10.93268 ] ] } },
{ "type": "Feature", "properties": { "Name": null, "descriptio": null, "timestamp": null, "begin": null, "end": null, "altitudeMo": null, "tessellate": null, "extrude": null, "visibility": null, "drawOrder": null, "icon": null, "fid": null, "osm_id": null, "highway": null, "waterway": null, "aerialway": null, "barrier": null, "man_made": null, "railway": null, "z_order": null, "other_tags": null }, "geometry": { "type": "LineString", "coordinates": [ [ -74.780819, 10.934162 ], [ -74.780929, 10.934117 ], [ -74.781097, 10.934194 ], [ -74.78131, 10.934859 ], [ -74.781273, 10.935087 ], [ -74.781075, 10.935137 ] ] } },
{ "type": "Feature", "properties": { "Name": null, "descriptio": null, "timestamp": null, "begin": null, "end": null, "altitudeMo": null, "tessellate": null, "extrude": null, "visibility": null, "drawOrder": null, "icon": null, "fid": null, "osm_id": null, "highway": null, "waterway": null, "aerialway": null, "barrier": null, "man_made": null, "railway": null, "z_order": null, "other_tags": null }, "geometry": { "type": "LineString", "coordinates": [ [ -74.767798, 10.950829 ], [ -74.767093, 10.951161 ], [ -74.766473, 10.95132 ], [ -74.765801, 10.951326 ], [ -74.765176, 10.951197 ], [ -74.762641, 10.950374 ], [ -74.761846, 10.950306 ], [ -74.761122, 10.950347 ] ] } },
{ "type": "Feature", "properties": { "Name": null, "descriptio": null, "timestamp": null, "begin": null, "end": null, "altitudeMo": null, "tessellate": null, "extrude": null, "visibility": null, "drawOrder": null, "icon": null, "fid": null, "osm_id": null, "highway": null, "waterway": null, "aerialway": null, "barrier": null, "man_made": null, "railway": null, "z_order": null, "other_tags": null }, "geometry": { "type": "LineString", "coordinates": [ [ -74.780161, 10.932766 ], [ -74.779973, 10.933558 ], [ -74.779969, 10.93381 ], [ -74.780038, 10.934187 ], [ -74.78045, 10.935249 ] ] } },
{ "type": "Feature", "properties": { "Name": null, "descriptio": null, "timestamp": null, "begin": null, "end": null, "altitudeMo": null, "tessellate": null, "extrude": null, "visibility": null, "drawOrder": null, "icon": null, "fid": null, "osm_id": null, "highway": null, "waterway": null, "aerialway": null, "barrier": null, "man_made": null, "railway": null, "z_order": null, "other_tags": null }, "geometry": { "type": "LineString", "coordinates": [ [ -74.799556, 10.923564 ], [ -74.799847, 10.923716 ], [ -74.800033, 10.923916 ], [ -74.800117, 10.924122 ], [ -74.800107, 10.924447 ], [ -74.800009, 10.924672 ], [ -74.799745, 10.924856 ], [ -74.799444, 10.924805 ], [ -74.799275, 10.924626 ] ] } },
{ "type": "Feature", "properties": { "Name": null, "descriptio": null, "timestamp": null, "begin": null, "end": null, "altitudeMo": null, "tessellate": null, "extrude": null, "visibility": null, "drawOrder": null, "icon": null, "fid": null, "osm_id": null, "highway": null, "waterway": null, "aerialway": null, "barrier": null, "man_made": null, "railway": null, "z_order": null, "other_tags": null }, "geometry": { "type": "LineString", "coordinates": [ [ -74.800738, 10.923502 ], [ -74.800393, 10.923821 ], [ -74.800085, 10.924702 ], [ -74.799891, 10.924878 ], [ -74.799382, 10.9251 ], [ -74.799272, 10.92526 ] ] } },
{ "type": "Feature", "properties": { "Name": null, "descriptio": null, "timestamp": null, "begin": null, "end": null, "altitudeMo": null, "tessellate": null, "extrude": null, "visibility": null, "drawOrder": null, "icon": null, "fid": null, "osm_id": null, "highway": null, "waterway": null, "aerialway": null, "barrier": null, "man_made": null, "railway": null, "z_order": null, "other_tags": null }, "geometry": { "type": "LineString", "coordinates": [ [ -74.801016, 10.923214 ], [ -74.797181, 10.923496 ] ] } },
{ "type": "Feature", "properties": { "Name": null, "descriptio": null, "timestamp": null, "begin": null, "end": null, "altitudeMo": null, "tessellate": null, "extrude": null, "visibility": null, "drawOrder": null, "icon": null, "fid": null, "osm_id": null, "highway": null, "waterway": null, "aerialway": null, "barrier": null, "man_made": null, "railway": null, "z_order": null, "other_tags": null }, "geometry": { "type": "LineString", "coordinates": [ [ -74.801029, 10.923453 ], [ -74.797288, 10.92369 ] ] } },
{ "type": "Feature", "properties": { "Name": null, "descriptio": null, "timestamp": null, "begin": null, "end": null, "altitudeMo": null, "tessellate": null, "extrude": null, "visibility": null, "drawOrder": null, "icon": null, "fid": null, "osm_id": null, "highway": null, "waterway": null, "aerialway": null, "barrier": null, "man_made": null, "railway": null, "z_order": null, "other_tags": null }, "geometry": { "type": "LineString", "coordinates": [ [ -74.799291, 10.922378 ], [ -74.799442, 10.922215 ], [ -74.799659, 10.922184 ], [ -74.799936, 10.922399 ], [ -74.800004, 10.922916 ], [ -74.79992, 10.923097 ], [ -74.799739, 10.923238 ] ] } },
{ "type": "Feature", "properties": { "Name": null, "descriptio": null, "timestamp": null, "begin": null, "end": null, "altitudeMo": null, "tessellate": null, "extrude": null, "visibility": null, "drawOrder": null, "icon": null, "fid": null, "osm_id": null, "highway": null, "waterway": null, "aerialway": null, "barrier": null, "man_made": null, "railway": null, "z_order": null, "other_tags": null }, "geometry": { "type": "LineString", "coordinates": [ [ -74.800567, 10.923214 ], [ -74.80026, 10.923032 ], [ -74.800123, 10.922506 ], [ -74.799979, 10.922283 ], [ -74.799321, 10.921836 ] ] } },
{ "type": "Feature", "properties": { "Name": null, "descriptio": null, "timestamp": null, "begin": null, "end": null, "altitudeMo": null, "tessellate": null, "extrude": null, "visibility": null, "drawOrder": null, "icon": null, "fid": null, "osm_id": null, "highway": null, "waterway": null, "aerialway": null, "barrier": null, "man_made": null, "railway": null, "z_order": null, "other_tags": null }, "geometry": { "type": "LineString", "coordinates": [ [ -74.798647, 10.923351 ], [ -74.798428, 10.923208 ], [ -74.798278, 10.922968 ], [ -74.798262, 10.922454 ], [ -74.798366, 10.922235 ], [ -74.798578, 10.922101 ], [ -74.798836, 10.922136 ], [ -74.798991, 10.922301 ] ] } },
{ "type": "Feature", "properties": { "Name": null, "descriptio": null, "timestamp": null, "begin": null, "end": null, "altitudeMo": null, "tessellate": null, "extrude": null, "visibility": null, "drawOrder": null, "icon": null, "fid": null, "osm_id": null, "highway": null, "waterway": null, "aerialway": null, "barrier": null, "man_made": null, "railway": null, "z_order": null, "other_tags": null }, "geometry": { "type": "LineString", "coordinates": [ [ -74.799044, 10.9215 ], [ -74.798872, 10.921799 ], [ -74.798321, 10.922158 ], [ -74.798195, 10.922386 ], [ -74.798099, 10.922961 ], [ -74.797993, 10.923168 ], [ -74.797242, 10.923453 ] ] } },
{ "type": "Feature", "properties": { "Name": null, "descriptio": null, "timestamp": null, "begin": null, "end": null, "altitudeMo": null, "tessellate": null, "extrude": null, "visibility": null, "drawOrder": null, "icon": null, "fid": null, "osm_id": null, "highway": null, "waterway": null, "aerialway": null, "barrier": null, "man_made": null, "railway": null, "z_order": null, "other_tags": null }, "geometry": { "type": "LineString", "coordinates": [ [ -74.786791, 10.979801 ], [ -74.785791, 10.979609 ], [ -74.778871, 10.976804 ], [ -74.77701, 10.976201 ] ] } },
{ "type": "Feature", "properties": { "Name": null, "descriptio": null, "timestamp": null, "begin": null, "end": null, "altitudeMo": null, "tessellate": null, "extrude": null, "visibility": null, "drawOrder": null, "icon": null, "fid": null, "osm_id": null, "highway": null, "waterway": null, "aerialway": null, "barrier": null, "man_made": null, "railway": null, "z_order": null, "other_tags": null }, "geometry": { "type": "LineString", "coordinates": [ [ -74.77701, 10.976201 ], [ -74.772921, 10.974989 ], [ -74.767809, 10.973775 ], [ -74.76639, 10.973265 ], [ -74.765169, 10.972309 ], [ -74.764071, 10.971132 ], [ -74.76243, 10.968423 ], [ -74.76201, 10.967946 ], [ -74.761499, 10.967723 ], [ -74.75871, 10.967581 ] ] } },
{ "type": "Feature", "properties": { "Name": null, "descriptio": null, "timestamp": null, "begin": null, "end": null, "altitudeMo": null, "tessellate": null, "extrude": null, "visibility": null, "drawOrder": null, "icon": null, "fid": null, "osm_id": null, "highway": null, "waterway": null, "aerialway": null, "barrier": null, "man_made": null, "railway": null, "z_order": null, "other_tags": null }, "geometry": { "type": "LineString", "coordinates": [ [ -74.786765, 10.860939 ], [ -74.783476, 10.861022 ], [ -74.780716, 10.861971 ], [ -74.775947, 10.863846 ], [ -74.774552, 10.864304 ], [ -74.772187, 10.865286 ] ] } },
{ "type": "Feature", "properties": { "Name": null, "descriptio": null, "timestamp": null, "begin": null, "end": null, "altitudeMo": null, "tessellate": null, "extrude": null, "visibility": null, "drawOrder": null, "icon": null, "fid": null, "osm_id": null, "highway": null, "waterway": null, "aerialway": null, "barrier": null, "man_made": null, "railway": null, "z_order": null, "other_tags": null }, "geometry": { "type": "LineString", "coordinates": [ [ -74.784693, 10.987283 ], [ -74.782564, 10.986721 ], [ -74.777926, 10.985985 ], [ -74.776049, 10.985552 ] ] } },
{ "type": "Feature", "properties": { "Name": null, "descriptio": null, "timestamp": null, "begin": null, "end": null, "altitudeMo": null, "tessellate": null, "extrude": null, "visibility": null, "drawOrder": null, "icon": null, "fid": null, "osm_id": null, "highway": null, "waterway": null, "aerialway": null, "barrier": null, "man_made": null, "railway": null, "z_order": null, "other_tags": null }, "geometry": { "type": "LineString", "coordinates": [ [ -74.799087, 10.921429 ], [ -74.799006, 10.922529 ], [ -74.799032, 10.925503 ] ] } },
{ "type": "Feature", "properties": { "Name": null, "descriptio": null, "timestamp": null, "begin": null, "end": null, "altitudeMo": null, "tessellate": null, "extrude": null, "visibility": null, "drawOrder": null, "icon": null, "fid": null, "osm_id": null, "highway": null, "waterway": null, "aerialway": null, "barrier": null, "man_made": null, "railway": null, "z_order": null, "other_tags": null }, "geometry": { "type": "LineString", "coordinates": [ [ -74.799289, 10.921698 ], [ -74.79924, 10.925532 ] ] } },
{ "type": "Feature", "properties": { "Name": null, "descriptio": null, "timestamp": null, "begin": null, "end": null, "altitudeMo": null, "tessellate": null, "extrude": null, "visibility": null, "drawOrder": null, "icon": null, "fid": null, "osm_id": null, "highway": null, "waterway": null, "aerialway": null, "barrier": null, "man_made": null, "railway": null, "z_order": null, "other_tags": null }, "geometry": { "type": "LineString", "coordinates": [ [ -74.798992, 10.924639 ], [ -74.798814, 10.924799 ], [ -74.798589, 10.924837 ], [ -74.798362, 10.924691 ], [ -74.798291, 10.924544 ], [ -74.798246, 10.924253 ], [ -74.798295, 10.924023 ], [ -74.798606, 10.923663 ] ] } },
{ "type": "Feature", "properties": { "Name": null, "descriptio": null, "timestamp": null, "begin": null, "end": null, "altitudeMo": null, "tessellate": null, "extrude": null, "visibility": null, "drawOrder": null, "icon": null, "fid": null, "osm_id": null, "highway": null, "waterway": null, "aerialway": null, "barrier": null, "man_made": null, "railway": null, "z_order": null, "other_tags": null }, "geometry": { "type": "LineString", "coordinates": [ [ -74.799012, 10.92528 ], [ -74.798842, 10.925069 ], [ -74.798283, 10.924746 ], [ -74.797898, 10.923939 ], [ -74.797714, 10.923768 ], [ -74.797542, 10.92371 ] ] } },
{ "type": "Feature", "properties": { "Name": null, "descriptio": null, "timestamp": null, "begin": null, "end": null, "altitudeMo": null, "tessellate": null, "extrude": null, "visibility": null, "drawOrder": null, "icon": null, "fid": null, "osm_id": null, "highway": null, "waterway": null, "aerialway": null, "barrier": null, "man_made": null, "railway": null, "z_order": null, "other_tags": null }, "geometry": { "type": "LineString", "coordinates": [ [ -74.840052, 11.011374 ], [ -74.83465, 11.008221 ], [ -74.827765, 11.005139 ], [ -74.822851, 11.00273 ], [ -74.822186, 11.002482 ], [ -74.821448, 11.002345 ], [ -74.819033, 11.001539 ], [ -74.816612, 11.000558 ], [ -74.812026, 10.997825 ], [ -74.808819, 10.996028 ], [ -74.805687, 10.994387 ], [ -74.801996, 10.992143 ], [ -74.796457, 10.990611 ], [ -74.794749, 10.990038 ], [ -74.784693, 10.987283 ] ] } },
{ "type": "Feature", "properties": { "Name": null, "descriptio": null, "timestamp": null, "begin": null, "end": null, "altitudeMo": null, "tessellate": null, "extrude": null, "visibility": null, "drawOrder": null, "icon": null, "fid": null, "osm_id": null, "highway": null, "waterway": null, "aerialway": null, "barrier": null, "man_made": null, "railway": null, "z_order": null, "other_tags": null }, "geometry": { "type": "LineString", "coordinates": [ [ -74.769314, 10.903572 ], [ -74.768789, 10.904433 ], [ -74.76857, 10.90524 ], [ -74.767639, 10.909617 ], [ -74.76732, 10.911551 ], [ -74.767146, 10.912289 ], [ -74.766458, 10.914388 ], [ -74.765917, 10.915476 ], [ -74.76525, 10.917415 ], [ -74.76482, 10.918156 ], [ -74.763875, 10.920099 ], [ -74.763677, 10.920837 ], [ -74.763684, 10.921318 ], [ -74.763575, 10.92218 ], [ -74.763677, 10.92438 ], [ -74.76394, 10.926134 ], [ -74.76456, 10.932075 ], [ -74.764757, 10.933407 ], [ -74.764908, 10.933725 ], [ -74.766616, 10.936058 ], [ -74.769387, 10.940758 ], [ -74.769815, 10.94168 ], [ -74.77088, 10.94446 ], [ -74.772933, 10.946942 ], [ -74.773226, 10.947561 ], [ -74.773538, 10.948552 ], [ -74.773792, 10.950823 ], [ -74.773948, 10.954706 ], [ -74.774644, 10.958497 ], [ -74.775292, 10.964387 ], [ -74.775323, 10.964986 ], [ -74.775147, 10.966063 ], [ -74.774716, 10.967614 ], [ -74.774383, 10.969193 ], [ -74.774365, 10.969604 ], [ -74.774374, 10.970206 ], [ -74.77469, 10.972222 ], [ -74.775356, 10.97572 ] ] } },
{ "type": "Feature", "properties": { "Name": "Via oriental", "descriptio": null, "timestamp": null, "begin": null, "end": null, "altitudeMo": null, "tessellate": null, "extrude": null, "visibility": null, "drawOrder": null, "icon": null, "fid": null, "osm_id": null, "highway": null, "waterway": null, "aerialway": null, "barrier": null, "man_made": null, "railway": null, "z_order": null, "other_tags": null }, "geometry": { "type": "LineString", "coordinates": [ [ -74.770472, 10.841479 ], [ -74.770259, 10.844395 ], [ -74.770213, 10.848185 ], [ -74.770425, 10.849423 ], [ -74.770639, 10.851663 ], [ -74.770941, 10.853461 ], [ -74.770943, 10.854346 ], [ -74.771484, 10.855819 ], [ -74.770865, 10.859358 ], [ -74.770539, 10.860303 ], [ -74.770542, 10.861276 ], [ -74.770872, 10.862248 ], [ -74.772308, 10.864191 ], [ -74.772134, 10.866049 ], [ -74.77172, 10.867524 ], [ -74.771261, 10.870966 ], [ -74.770471, 10.873258 ], [ -74.770212, 10.875812 ], [ -74.769884, 10.87686 ], [ -74.769444, 10.882046 ], [ -74.769451, 10.884522 ] ] } },
{ "type": "Feature", "properties": { "Name": "Via Caracoli", "descriptio": null, "timestamp": null, "begin": null, "end": null, "altitudeMo": null, "tessellate": null, "extrude": null, "visibility": null, "drawOrder": null, "icon": null, "fid": null, "osm_id": null, "highway": null, "waterway": null, "aerialway": null, "barrier": null, "man_made": null, "railway": null, "z_order": null, "other_tags": null }, "geometry": { "type": "LineString", "coordinates": [ [ -74.895545, 10.850425 ], [ -74.893977, 10.850121 ], [ -74.893099, 10.850146 ], [ -74.892486, 10.850087 ], [ -74.89117, 10.849829 ], [ -74.889133, 10.850208 ], [ -74.885623, 10.851407 ], [ -74.883022, 10.852111 ], [ -74.882544, 10.852302 ], [ -74.88213, 10.852366 ], [ -74.880344, 10.852924 ], [ -74.875278, 10.852888 ], [ -74.871665, 10.853119 ], [ -74.866572, 10.853118 ], [ -74.86497, 10.8534 ], [ -74.863874, 10.853514 ], [ -74.863368, 10.85371 ], [ -74.859791, 10.85444 ], [ -74.859069, 10.854499 ], [ -74.856144, 10.854959 ], [ -74.855488, 10.85498 ], [ -74.852749, 10.854734 ], [ -74.851322, 10.8545 ], [ -74.849552, 10.854282 ], [ -74.848843, 10.854289 ], [ -74.84818, 10.854159 ], [ -74.847574, 10.854204 ], [ -74.84332, 10.858673 ], [ -74.840509, 10.861447 ], [ -74.839632, 10.862431 ], [ -74.838868, 10.863156 ], [ -74.838458, 10.863676 ], [ -74.837877, 10.864084 ], [ -74.836951, 10.864007 ], [ -74.835072, 10.863522 ], [ -74.829282, 10.862944 ], [ -74.827662, 10.862702 ], [ -74.825309, 10.86298 ], [ -74.823899, 10.862402 ], [ -74.822562, 10.86215 ], [ -74.82139, 10.862138 ], [ -74.82057, 10.861996 ], [ -74.818587, 10.861851 ], [ -74.81556, 10.861524 ], [ -74.800197, 10.861234 ], [ -74.792472, 10.861361 ], [ -74.788885, 10.860884 ], [ -74.786765, 10.860939 ] ] } },
{ "type": "Feature", "properties": { "Name": null, "descriptio": null, "timestamp": null, "begin": null, "end": null, "altitudeMo": null, "tessellate": null, "extrude": null, "visibility": null, "drawOrder": null, "icon": null, "fid": null, "osm_id": null, "highway": null, "waterway": null, "aerialway": null, "barrier": null, "man_made": null, "railway": null, "z_order": null, "other_tags": null }, "geometry": { "type": "LineString", "coordinates": [ [ -74.789724, 10.856341 ], [ -74.787743, 10.857125 ], [ -74.78701, 10.857354 ], [ -74.786093, 10.857469 ], [ -74.785428, 10.857471 ], [ -74.784782, 10.857876 ], [ -74.783599, 10.858434 ], [ -74.783299, 10.85913 ], [ -74.782313, 10.85945 ], [ -74.780939, 10.860179 ], [ -74.778022, 10.861102 ], [ -74.776753, 10.861898 ], [ -74.775669, 10.86167 ], [ -74.774815, 10.861405 ] ] } },
{ "type": "Feature", "properties": { "Name": null, "descriptio": null, "timestamp": null, "begin": null, "end": null, "altitudeMo": null, "tessellate": null, "extrude": null, "visibility": null, "drawOrder": null, "icon": null, "fid": null, "osm_id": null, "highway": null, "waterway": null, "aerialway": null, "barrier": null, "man_made": null, "railway": null, "z_order": null, "other_tags": null }, "geometry": { "type": "LineString", "coordinates": [ [ -74.837386, 10.855446 ], [ -74.837237, 10.85419 ], [ -74.835264, 10.853338 ], [ -74.833132, 10.851707 ], [ -74.832745, 10.850458 ], [ -74.832733, 10.849683 ], [ -74.832575, 10.848995 ], [ -74.832434, 10.848814 ], [ -74.829893, 10.84775 ], [ -74.825209, 10.845203 ], [ -74.822897, 10.844173 ], [ -74.821806, 10.843776 ], [ -74.821272, 10.84372 ], [ -74.819955, 10.844627 ], [ -74.818604, 10.845265 ], [ -74.817642, 10.845562 ], [ -74.814228, 10.84684 ], [ -74.81288, 10.847154 ], [ -74.809477, 10.84848 ], [ -74.808668, 10.848673 ], [ -74.806975, 10.848865 ], [ -74.803893, 10.84941 ], [ -74.801291, 10.850158 ], [ -74.80073, 10.850635 ], [ -74.798325, 10.851592 ], [ -74.796767, 10.852367 ], [ -74.795737, 10.852958 ], [ -74.794533, 10.853372 ], [ -74.793263, 10.854438 ], [ -74.790145, 10.856196 ], [ -74.789724, 10.856341 ] ] } },
{ "type": "Feature", "properties": { "Name": null, "descriptio": null, "timestamp": null, "begin": null, "end": null, "altitudeMo": null, "tessellate": null, "extrude": null, "visibility": null, "drawOrder": null, "icon": null, "fid": null, "osm_id": null, "highway": null, "waterway": null, "aerialway": null, "barrier": null, "man_made": null, "railway": null, "z_order": null, "other_tags": null }, "geometry": { "type": "LineString", "coordinates": [ [ -74.773654, 10.949344 ], [ -74.772722, 10.949331 ], [ -74.771781, 10.949147 ], [ -74.768994, 10.950091 ], [ -74.767688, 10.950804 ], [ -74.766999, 10.9511 ], [ -74.766124, 10.951274 ], [ -74.765603, 10.951248 ], [ -74.7652, 10.951143 ], [ -74.762907, 10.950379 ], [ -74.76193, 10.95025 ], [ -74.751653, 10.950415 ], [ -74.751154, 10.950474 ], [ -74.750333, 10.950687 ], [ -74.749232, 10.951208 ], [ -74.748581, 10.951676 ], [ -74.748175, 10.952089 ], [ -74.747441, 10.953082 ], [ -74.746534, 10.954884 ], [ -74.746067, 10.955585 ], [ -74.7446, 10.959081 ], [ -74.742839, 10.96101 ], [ -74.74027, 10.963319 ], [ -74.738569, 10.965127 ], [ -74.73618, 10.96735 ], [ -74.735287, 10.969717 ], [ -74.734931, 10.971285 ], [ -74.734382, 10.972628 ], [ -74.734286, 10.973199 ], [ -74.733806, 10.97434 ], [ -74.733058, 10.975434 ], [ -74.726336, 10.98186 ], [ -74.72523, 10.982424 ], [ -74.704207, 10.989653 ], [ -74.702413, 10.990722 ], [ -74.700351, 10.992234 ], [ -74.695213, 10.996561 ], [ -74.694102, 10.997671 ], [ -74.693648, 10.99844 ], [ -74.691812, 11.000449 ], [ -74.691055, 11.001226 ], [ -74.6893, 11.002754 ], [ -74.684191, 11.005732 ], [ -74.683164, 11.006403 ], [ -74.682434, 11.006671 ], [ -74.681514, 11.006807 ], [ -74.680594, 11.006755 ], [ -74.666463, 11.004617 ], [ -74.664623, 11.004754 ], [ -74.655181, 11.006243 ], [ -74.65445, 11.006432 ], [ -74.653045, 11.007183 ], [ -74.648125, 11.010053 ], [ -74.646124, 11.011019 ], [ -74.642021, 11.011887 ], [ -74.632606, 11.013723 ], [ -74.629973, 11.014048 ], [ -74.626536, 11.013857 ], [ -74.6193, 11.013082 ], [ -74.613712, 11.01258 ], [ -74.61177, 11.012221 ], [ -74.610064, 11.011521 ], [ -74.605616, 11.00927 ], [ -74.604471, 11.008334 ], [ -74.598722, 11.001907 ], [ -74.597856, 11.001157 ], [ -74.596886, 11.000738 ], [ -74.595483, 11.000509 ], [ -74.592809, 11.00043 ], [ -74.590742, 11.00016 ], [ -74.590025, 10.99977 ], [ -74.588945, 10.998962 ], [ -74.588103, 10.998579 ], [ -74.586247, 10.998178 ], [ -74.583801, 10.997807 ], [ -74.58094, 10.997632 ], [ -74.580263, 10.997386 ], [ -74.576946, 10.995742 ], [ -74.573235, 10.995215 ], [ -74.570814, 10.994415 ], [ -74.5665, 10.992733 ], [ -74.56486, 10.992416 ], [ -74.558194, 10.992085 ], [ -74.557223, 10.991852 ], [ -74.555583, 10.991343 ], [ -74.551374, 10.989773 ], [ -74.550338, 10.989519 ], [ -74.54829, 10.990119 ], [ -74.544431, 10.991659 ], [ -74.542684, 10.991683 ], [ -74.540052, 10.991495 ], [ -74.534721, 10.989436 ], [ -74.530339, 10.987503 ], [ -74.528202, 10.986739 ], [ -74.517865, 10.983642 ], [ -74.51519, 10.982964 ], [ -74.505956, 10.981762 ], [ -74.501468, 10.981108 ], [ -74.495923, 10.980135 ], [ -74.48259, 10.977979 ], [ -74.476268, 10.976602 ], [ -74.472276, 10.975819 ], [ -74.464358, 10.974657 ], [ -74.444186, 10.971314 ], [ -74.442806, 10.971508 ], [ -74.431614, 10.973759 ], [ -74.429284, 10.973719 ], [ -74.418973, 10.973134 ], [ -74.410623, 10.972195 ], [ -74.408294, 10.97207 ], [ -74.402493, 10.972236 ], [ -74.389853, 10.972462 ], [ -74.384887, 10.97234 ], [ -74.382303, 10.971809 ], [ -74.37829, 10.970832 ], [ -74.376154, 10.970238 ], [ -74.37419, 10.969792 ], [ -74.373155, 10.969857 ], [ -74.370222, 10.970201 ], [ -74.365564, 10.971037 ], [ -74.360129, 10.972278 ], [ -74.352905, 10.973755 ], [ -74.347901, 10.974463 ], [ -74.345529, 10.97504 ], [ -74.341194, 10.97628 ], [ -74.338434, 10.976922 ], [ -74.330971, 10.977888 ], [ -74.31665, 10.979583 ], [ -74.306945, 10.98266 ], [ -74.303883, 10.984047 ], [ -74.300433, 10.985734 ], [ -74.296897, 10.987164 ], [ -74.290815, 10.988873 ], [ -74.289313, 10.989364 ] ] } },
{ "type": "Feature", "properties": { "Name": null, "descriptio": null, "timestamp": null, "begin": null, "end": null, "altitudeMo": null, "tessellate": null, "extrude": null, "visibility": null, "drawOrder": null, "icon": null, "fid": null, "osm_id": null, "highway": null, "waterway": null, "aerialway": null, "barrier": null, "man_made": null, "railway": null, "z_order": null, "other_tags": null }, "geometry": { "type": "LineString", "coordinates": [ [ -74.773654, 10.949344 ], [ -74.774204, 10.949214 ], [ -74.774787, 10.948972 ], [ -74.77509, 10.948554 ], [ -74.776949, 10.944013 ], [ -74.780345, 10.936137 ], [ -74.780522, 10.935519 ], [ -74.780629, 10.934712 ] ] } },
{ "type": "Feature", "properties": { "Name": null, "descriptio": null, "timestamp": null, "begin": null, "end": null, "altitudeMo": null, "tessellate": -1.0, "extrude": 0.0, "visibility": -1.0, "drawOrder": null, "icon": null, "fid": 5896.0, "osm_id": "1461304989", "highway": "unclassified", "waterway": null, "aerialway": null, "barrier": null, "man_made": null, "railway": null, "z_order": 3.0, "other_tags": null }, "geometry": { "type": "LineString", "coordinates": [ [ -74.891031, 11.005343 ], [ -74.891184, 11.005271 ] ] } },
{ "type": "Feature", "properties": { "Name": "Carrera 75A", "descriptio": null, "timestamp": null, "begin": null, "end": null, "altitudeMo": null, "tessellate": -1.0, "extrude": 0.0, "visibility": -1.0, "drawOrder": null, "icon": null, "fid": 5960.0, "osm_id": "1470116525", "highway": "unclassified", "waterway": null, "aerialway": null, "barrier": null, "man_made": null, "railway": null, "z_order": 3.0, "other_tags": "\"lanes\"=>\"3\",\"surface\"=>\"concrete\"" }, "geometry": { "type": "LineString", "coordinates": [ [ -74.827927, 11.030737 ], [ -74.827327, 11.030553 ] ] } },
{ "type": "Feature", "properties": { "Name": null, "descriptio": null, "timestamp": null, "begin": null, "end": null, "altitudeMo": null, "tessellate": -1.0, "extrude": 0.0, "visibility": -1.0, "drawOrder": null, "icon": null, "fid": 3658.0, "osm_id": "1000883126", "highway": "secondary_link", "waterway": null, "aerialway": null, "barrier": null, "man_made": null, "railway": null, "z_order": 6.0, "other_tags": "\"lanes\"=>\"1\",\"oneway\"=>\"yes\"" }, "geometry": { "type": "LineString", "coordinates": [ [ -74.836677, 11.014793 ], [ -74.8362, 11.014425 ], [ -74.836144, 11.014247 ] ] } },
{ "type": "Feature", "properties": { "Name": null, "descriptio": null, "timestamp": null, "begin": null, "end": null, "altitudeMo": null, "tessellate": -1.0, "extrude": 0.0, "visibility": -1.0, "drawOrder": null, "icon": null, "fid": 3609.0, "osm_id": "1000629358", "highway": "trunk_link", "waterway": null, "aerialway": null, "barrier": null, "man_made": null, "railway": null, "z_order": 8.0, "other_tags": "\"lanes\"=>\"2\",\"lit\"=>\"yes\",\"smoothness\"=>\"good\",\"surface\"=>\"concrete\"" }, "geometry": { "type": "LineString", "coordinates": [ [ -74.797881, 11.019303 ], [ -74.79776, 11.019386 ] ] } },
{ "type": "Feature", "properties": { "Name": null, "descriptio": null, "timestamp": null, "begin": null, "end": null, "altitudeMo": null, "tessellate": -1.0, "extrude": 0.0, "visibility": -1.0, "drawOrder": null, "icon": null, "fid": 3598.0, "osm_id": "1000600852", "highway": "trunk_link", "waterway": null, "aerialway": null, "barrier": null, "man_made": null, "railway": null, "z_order": 8.0, "other_tags": "\"lanes\"=>\"1\",\"oneway\"=>\"yes\",\"smoothness\"=>\"excellent\",\"surface\"=>\"asphalt\"" }, "geometry": { "type": "LineString", "coordinates": [ [ -74.832392, 11.030569 ], [ -74.832136, 11.030854 ] ] } },
{ "type": "Feature", "properties": { "Name": null, "descriptio": null, "timestamp": null, "begin": null, "end": null, "altitudeMo": null, "tessellate": -1.0, "extrude": 0.0, "visibility": -1.0, "drawOrder": null, "icon": null, "fid": 3596.0, "osm_id": "1000598847", "highway": "trunk_link", "waterway": null, "aerialway": null, "barrier": null, "man_made": null, "railway": null, "z_order": 8.0, "other_tags": "\"lanes\"=>\"1\",\"oneway\"=>\"yes\",\"smoothness\"=>\"good\",\"surface\"=>\"concrete\"" }, "geometry": { "type": "LineString", "coordinates": [ [ -74.860691, 11.016241 ], [ -74.860051, 11.016117 ] ] } },
{ "type": "Feature", "properties": { "Name": null, "descriptio": null, "timestamp": null, "begin": null, "end": null, "altitudeMo": null, "tessellate": -1.0, "extrude": 0.0, "visibility": -1.0, "drawOrder": null, "icon": null, "fid": 3606.0, "osm_id": "1000625185", "highway": "unclassified", "waterway": null, "aerialway": null, "barrier": null, "man_made": null, "railway": null, "z_order": 3.0, "other_tags": "\"lanes\"=>\"2\",\"oneway\"=>\"yes\",\"surface\"=>\"concrete\"" }, "geometry": { "type": "LineString", "coordinates": [ [ -74.843839, 11.016158 ], [ -74.843486, 11.016392 ] ] } },
{ "type": "Feature", "properties": { "Name": "Carrera 75A", "descriptio": null, "timestamp": null, "begin": null, "end": null, "altitudeMo": null, "tessellate": -1.0, "extrude": 0.0, "visibility": -1.0, "drawOrder": null, "icon": null, "fid": 3602.0, "osm_id": "1000605235", "highway": "unclassified", "waterway": null, "aerialway": null, "barrier": null, "man_made": null, "railway": null, "z_order": 3.0, "other_tags": "\"lanes\"=>\"2\",\"oneway\"=>\"yes\",\"surface\"=>\"concrete\"" }, "geometry": { "type": "LineString", "coordinates": [ [ -74.831183, 11.032726 ], [ -74.830948, 11.032596 ], [ -74.830681, 11.032311 ] ] } },
{ "type": "Feature", "properties": { "Name": "Transversal 3B", "descriptio": null, "timestamp": null, "begin": null, "end": null, "altitudeMo": null, "tessellate": -1.0, "extrude": 0.0, "visibility": -1.0, "drawOrder": null, "icon": null, "fid": 3574.0, "osm_id": "1000339375", "highway": "unclassified", "waterway": null, "aerialway": null, "barrier": null, "man_made": null, "railway": null, "z_order": 3.0, "other_tags": "\"oneway\"=>\"yes\",\"surface\"=>\"asphalt\"" }, "geometry": { "type": "LineString", "coordinates": [ [ -74.86454, 11.025208 ], [ -74.864224, 11.025758 ] ] } },
{ "type": "Feature", "properties": { "Name": "Transversal 3B", "descriptio": null, "timestamp": null, "begin": null, "end": null, "altitudeMo": null, "tessellate": -1.0, "extrude": 0.0, "visibility": -1.0, "drawOrder": null, "icon": null, "fid": 3576.0, "osm_id": "1000339377", "highway": "unclassified", "waterway": null, "aerialway": null, "barrier": null, "man_made": null, "railway": null, "z_order": 23.0, "other_tags": "\"bridge\"=>\"yes\",\"layer\"=>\"1\"" }, "geometry": { "type": "LineString", "coordinates": [ [ -74.861909, 11.028538 ], [ -74.863304, 11.027287 ] ] } },
{ "type": "Feature", "properties": { "Name": "Transversal 3B", "descriptio": null, "timestamp": null, "begin": null, "end": null, "altitudeMo": null, "tessellate": -1.0, "extrude": 0.0, "visibility": -1.0, "drawOrder": null, "icon": null, "fid": 3575.0, "osm_id": "1000339376", "highway": "unclassified", "waterway": null, "aerialway": null, "barrier": null, "man_made": null, "railway": null, "z_order": 3.0, "other_tags": "\"surface\"=>\"unpaved\"" }, "geometry": { "type": "LineString", "coordinates": [ [ -74.863304, 11.027287 ], [ -74.863488, 11.027137 ], [ -74.864224, 11.025758 ] ] } },
{ "type": "Feature", "properties": { "Name": null, "descriptio": null, "timestamp": null, "begin": null, "end": null, "altitudeMo": null, "tessellate": -1.0, "extrude": 0.0, "visibility": -1.0, "drawOrder": null, "icon": null, "fid": 3578.0, "osm_id": "1000552696", "highway": "unclassified", "waterway": null, "aerialway": null, "barrier": null, "man_made": null, "railway": null, "z_order": 3.0, "other_tags": "\"lanes\"=>\"1\",\"oneway\"=>\"yes\",\"surface\"=>\"concrete\"" }, "geometry": { "type": "LineString", "coordinates": [ [ -74.841605, 11.012641 ], [ -74.842033, 11.01273 ], [ -74.842159, 11.012915 ] ] } },
{ "type": "Feature", "properties": { "Name": "Transversal 3B", "descriptio": null, "timestamp": null, "begin": null, "end": null, "altitudeMo": null, "tessellate": -1.0, "extrude": 0.0, "visibility": -1.0, "drawOrder": null, "icon": null, "fid": 3577.0, "osm_id": "1000339378", "highway": "unclassified", "waterway": null, "aerialway": null, "barrier": null, "man_made": null, "railway": null, "z_order": 3.0, "other_tags": "\"surface\"=>\"asphalt\"" }, "geometry": { "type": "LineString", "coordinates": [ [ -74.862295, 11.028298 ], [ -74.862631, 11.02799 ] ] } },
{ "type": "Feature", "properties": { "Name": "Vía al Mar", "descriptio": null, "timestamp": null, "begin": null, "end": null, "altitudeMo": null, "tessellate": -1.0, "extrude": 0.0, "visibility": -1.0, "drawOrder": null, "icon": null, "fid": 3582.0, "osm_id": "1000587808", "highway": "trunk", "waterway": null, "aerialway": null, "barrier": null, "man_made": null, "railway": null, "z_order": 8.0, "other_tags": "\"alt_name\"=>\"Carrera 46\",\"bicycle\"=>\"yes\",\"lanes\"=>\"3\",\"mechanical\"=>\"yes\",\"nat_name\"=>\"Vía Cartagena - Barranquilla\",\"oneway\"=>\"yes\",\"ref\"=>\"90A\",\"smoothness\"=>\"excellent\",\"surface\"=>\"asphalt\"" }, "geometry": { "type": "LineString", "coordinates": [ [ -74.874274, 11.014674 ], [ -74.875063, 11.014559 ] ] } },
{ "type": "Feature", "properties": { "Name": "Vía al Mar", "descriptio": null, "timestamp": null, "begin": null, "end": null, "altitudeMo": null, "tessellate": -1.0, "extrude": 0.0, "visibility": -1.0, "drawOrder": null, "icon": null, "fid": 3546.0, "osm_id": "999581523", "highway": "trunk", "waterway": null, "aerialway": null, "barrier": null, "man_made": null, "railway": null, "z_order": 8.0, "other_tags": "\"bicycle\"=>\"yes\",\"lanes\"=>\"3\",\"mechanical\"=>\"yes\",\"nat_name\"=>\"Vía Cartagena - Barranquilla\",\"oneway\"=>\"yes\",\"ref\"=>\"90A\",\"smoothness\"=>\"excellent\",\"surface\"=>\"asphalt\",\"turn:lanes\"=>\"||merge_to_left\"" }, "geometry": { "type": "LineString", "coordinates": [ [ -74.91421, 11.008403 ], [ -74.913948, 11.008559 ] ] } },
{ "type": "Feature", "properties": { "Name": "Vía al Mar", "descriptio": null, "timestamp": null, "begin": null, "end": null, "altitudeMo": null, "tessellate": -1.0, "extrude": 0.0, "visibility": -1.0, "drawOrder": null, "icon": null, "fid": 3548.0, "osm_id": "999581525", "highway": "trunk", "waterway": null, "aerialway": null, "barrier": null, "man_made": null, "railway": null, "z_order": 8.0, "other_tags": "\"bicycle\"=>\"yes\",\"lanes\"=>\"3\",\"mechanical\"=>\"yes\",\"nat_name\"=>\"Vía Cartagena - Barranquilla\",\"oneway\"=>\"yes\",\"ref\"=>\"90A\",\"smoothness\"=>\"excellent\",\"surface\"=>\"asphalt\"" }, "geometry": { "type": "LineString", "coordinates": [ [ -74.915391, 11.007671 ], [ -74.91421, 11.008403 ] ] } },
{ "type": "Feature", "properties": { "Name": "Vía al Mar", "descriptio": null, "timestamp": null, "begin": null, "end": null, "altitudeMo": null, "tessellate": -1.0, "extrude": 0.0, "visibility": -1.0, "drawOrder": null, "icon": null, "fid": 3547.0, "osm_id": "999581524", "highway": "trunk", "waterway": null, "aerialway": null, "barrier": null, "man_made": null, "railway": null, "z_order": 8.0, "other_tags": "\"bicycle\"=>\"yes\",\"lanes\"=>\"2\",\"maxheight\"=>\"4.5\",\"mechanical\"=>\"yes\",\"nat_name\"=>\"Vía Cartagena - Barranquilla\",\"oneway\"=>\"yes\",\"ref\"=>\"90A\",\"smoothness\"=>\"excellent\",\"surface\"=>\"asphalt\"" }, "geometry": { "type": "LineString", "coordinates": [ [ -74.916197, 11.007175 ], [ -74.915391, 11.007671 ] ] } },
{ "type": "Feature", "properties": { "Name": "Vía al Mar", "descriptio": null, "timestamp": null, "begin": null, "end": null, "altitudeMo": null, "tessellate": -1.0, "extrude": 0.0, "visibility": -1.0, "drawOrder": null, "icon": null, "fid": 3549.0, "osm_id": "999581527", "highway": "trunk", "waterway": null, "aerialway": null, "barrier": null, "man_made": null, "railway": null, "z_order": 8.0, "other_tags": "\"bicycle\"=>\"yes\",\"lanes\"=>\"3\",\"mechanical\"=>\"yes\",\"nat_name\"=>\"Vía Cartagena - Barranquilla\",\"oneway\"=>\"yes\",\"ref\"=>\"90A\",\"smoothness\"=>\"excellent\",\"surface\"=>\"asphalt\"" }, "geometry": { "type": "LineString", "coordinates": [ [ -74.916746, 11.00683 ], [ -74.916197, 11.007175 ] ] } },
{ "type": "Feature", "properties": { "Name": null, "descriptio": null, "timestamp": null, "begin": null, "end": null, "altitudeMo": null, "tessellate": -1.0, "extrude": 0.0, "visibility": -1.0, "drawOrder": null, "icon": null, "fid": 3555.0, "osm_id": "999672139", "highway": "trunk_link", "waterway": null, "aerialway": null, "barrier": null, "man_made": null, "railway": null, "z_order": 8.0, "other_tags": "\"lanes\"=>\"1\",\"oneway\"=>\"yes\",\"surface\"=>\"concrete\"" }, "geometry": { "type": "LineString", "coordinates": [ [ -74.83167, 11.031846 ], [ -74.831636, 11.032107 ] ] } },
{ "type": "Feature", "properties": { "Name": null, "descriptio": null, "timestamp": null, "begin": null, "end": null, "altitudeMo": null, "tessellate": -1.0, "extrude": 0.0, "visibility": -1.0, "drawOrder": null, "icon": null, "fid": 3523.0, "osm_id": "999219942", "highway": "unclassified", "waterway": null, "aerialway": null, "barrier": null, "man_made": null, "railway": null, "z_order": 3.0, "other_tags": "\"surface\"=>\"unpaved\",\"tracktype\"=>\"grade3\"" }, "geometry": { "type": "LineString", "coordinates": [ [ -74.885447, 11.013056 ], [ -74.885351, 11.012524 ], [ -74.885398, 11.012214 ], [ -74.885493, 11.01197 ], [ -74.885669, 11.011831 ] ] } },
{ "type": "Feature", "properties": { "Name": "Vía al Mar", "descriptio": null, "timestamp": null, "begin": null, "end": null, "altitudeMo": null, "tessellate": -1.0, "extrude": 0.0, "visibility": -1.0, "drawOrder": null, "icon": null, "fid": 3537.0, "osm_id": "999248768", "highway": "trunk", "waterway": null, "aerialway": null, "barrier": null, "man_made": null, "railway": null, "z_order": 8.0, "other_tags": "\"bicycle\"=>\"yes\",\"lanes\"=>\"2\",\"lit\"=>\"yes\",\"mechanical\"=>\"yes\",\"nat_name\"=>\"Vía Cartagena - Barranquilla\",\"oneway\"=>\"yes\",\"ref\"=>\"90A\",\"smoothness\"=>\"excellent\",\"surface\"=>\"asphalt\"" }, "geometry": { "type": "LineString", "coordinates": [ [ -74.881541, 11.013751 ], [ -74.883551, 11.0135 ] ] } },
{ "type": "Feature", "properties": { "Name": "Vía al Mar", "descriptio": null, "timestamp": null, "begin": null, "end": null, "altitudeMo": null, "tessellate": -1.0, "extrude": 0.0, "visibility": -1.0, "drawOrder": null, "icon": null, "fid": 4923.0, "osm_id": "1231436486", "highway": "trunk", "waterway": null, "aerialway": null, "barrier": null, "man_made": null, "railway": null, "z_order": 8.0, "other_tags": "\"alt_name\"=>\"Carrera 46\",\"bicycle\"=>\"yes\",\"lanes\"=>\"2\",\"nat_name\"=>\"Vía Cartagena - Barranquilla\",\"oneway\"=>\"yes\",\"ref\"=>\"90A\",\"smoothness\"=>\"excellent\",\"surface\"=>\"asphalt\"" }, "geometry": { "type": "LineString", "coordinates": [ [ -74.842141, 11.012593 ], [ -74.842555, 11.012839 ] ] } },
{ "type": "Feature", "properties": { "Name": null, "descriptio": null, "timestamp": null, "begin": null, "end": null, "altitudeMo": null, "tessellate": -1.0, "extrude": 0.0, "visibility": -1.0, "drawOrder": null, "icon": null, "fid": 4705.0, "osm_id": "1166243260", "highway": "unclassified", "waterway": null, "aerialway": null, "barrier": null, "man_made": null, "railway": null, "z_order": 3.0, "other_tags": "\"lanes\"=>\"2\",\"oneway\"=>\"yes\",\"surface\"=>\"concrete\"" }, "geometry": { "type": "LineString", "coordinates": [ [ -74.842415, 11.013093 ], [ -74.842777, 11.013078 ], [ -74.843276, 11.013314 ] ] } },
{ "type": "Feature", "properties": { "Name": "Transversal 3B", "descriptio": null, "timestamp": null, "begin": null, "end": null, "altitudeMo": null, "tessellate": -1.0, "extrude": 0.0, "visibility": -1.0, "drawOrder": null, "icon": null, "fid": 4771.0, "osm_id": "1184339445", "highway": "unclassified", "waterway": null, "aerialway": null, "barrier": null, "man_made": null, "railway": null, "z_order": 3.0, "other_tags": null }, "geometry": { "type": "LineString", "coordinates": [ [ -74.862631, 11.02799 ], [ -74.862746, 11.027886 ] ] } },
{ "type": "Feature", "properties": { "Name": "Carrera 75A", "descriptio": null, "timestamp": null, "begin": null, "end": null, "altitudeMo": null, "tessellate": -1.0, "extrude": 0.0, "visibility": -1.0, "drawOrder": null, "icon": null, "fid": 4802.0, "osm_id": "1211148333", "highway": "unclassified", "waterway": null, "aerialway": null, "barrier": null, "man_made": null, "railway": null, "z_order": 3.0, "other_tags": "\"lanes\"=>\"3\",\"oneway\"=>\"yes\",\"surface\"=>\"concrete\"" }, "geometry": { "type": "LineString", "coordinates": [ [ -74.830681, 11.032311 ], [ -74.829865, 11.031946 ] ] } },
{ "type": "Feature", "properties": { "Name": "Carrera 75A", "descriptio": null, "timestamp": null, "begin": null, "end": null, "altitudeMo": null, "tessellate": -1.0, "extrude": 0.0, "visibility": -1.0, "drawOrder": null, "icon": null, "fid": 4804.0, "osm_id": "1211149226", "highway": "unclassified", "waterway": null, "aerialway": null, "barrier": null, "man_made": null, "railway": null, "z_order": 3.0, "other_tags": "\"lanes\"=>\"3\",\"oneway\"=>\"yes\",\"surface\"=>\"concrete\"" }, "geometry": { "type": "LineString", "coordinates": [ [ -74.828539, 11.031074 ], [ -74.827927, 11.030737 ] ] } },
{ "type": "Feature", "properties": { "Name": "Calle 107", "descriptio": null, "timestamp": null, "begin": null, "end": null, "altitudeMo": null, "tessellate": -1.0, "extrude": 0.0, "visibility": -1.0, "drawOrder": null, "icon": null, "fid": 4803.0, "osm_id": "1211148334", "highway": "unclassified", "waterway": null, "aerialway": null, "barrier": null, "man_made": null, "railway": null, "z_order": 3.0, "other_tags": "\"surface\"=>\"concrete\"" }, "geometry": { "type": "LineString", "coordinates": [ [ -74.829739, 11.032047 ], [ -74.829865, 11.031946 ] ] } },
{ "type": "Feature", "properties": { "Name": "Transversal 3B", "descriptio": null, "timestamp": null, "begin": null, "end": null, "altitudeMo": null, "tessellate": -1.0, "extrude": 0.0, "visibility": -1.0, "drawOrder": null, "icon": null, "fid": 4374.0, "osm_id": "1080398194", "highway": "unclassified", "waterway": null, "aerialway": null, "barrier": null, "man_made": null, "railway": null, "z_order": 3.0, "other_tags": "\"oneway\"=>\"yes\"" }, "geometry": { "type": "LineString", "coordinates": [ [ -74.860303, 11.029443 ], [ -74.860494, 11.029036 ], [ -74.860732, 11.028959 ] ] } },
{ "type": "Feature", "properties": { "Name": "Transversal 3B", "descriptio": null, "timestamp": null, "begin": null, "end": null, "altitudeMo": null, "tessellate": -1.0, "extrude": 0.0, "visibility": -1.0, "drawOrder": null, "icon": null, "fid": 4373.0, "osm_id": "1080398193", "highway": "unclassified", "waterway": null, "aerialway": null, "barrier": null, "man_made": null, "railway": null, "z_order": 3.0, "other_tags": "\"surface\"=>\"asphalt\"" }, "geometry": { "type": "LineString", "coordinates": [ [ -74.861909, 11.028538 ], [ -74.86158, 11.028874 ] ] } },
{ "type": "Feature", "properties": { "Name": "Transversal 3B", "descriptio": null, "timestamp": null, "begin": null, "end": null, "altitudeMo": null, "tessellate": -1.0, "extrude": 0.0, "visibility": -1.0, "drawOrder": null, "icon": null, "fid": 4699.0, "osm_id": "1166223244", "highway": "unclassified", "waterway": null, "aerialway": null, "barrier": null, "man_made": null, "railway": null, "z_order": 3.0, "other_tags": "\"oneway\"=>\"yes\"" }, "geometry": { "type": "LineString", "coordinates": [ [ -74.860732, 11.028959 ], [ -74.860619, 11.028756 ], [ -74.860691, 11.028527 ] ] } },
{ "type": "Feature", "properties": { "Name": null, "descriptio": null, "timestamp": null, "begin": null, "end": null, "altitudeMo": null, "tessellate": -1.0, "extrude": 0.0, "visibility": -1.0, "drawOrder": null, "icon": null, "fid": 4357.0, "osm_id": "1076756764", "highway": "unclassified", "waterway": null, "aerialway": null, "barrier": null, "man_made": null, "railway": null, "z_order": 3.0, "other_tags": null }, "geometry": { "type": "LineString", "coordinates": [ [ -74.891184, 11.005271 ], [ -74.89138, 11.004932 ], [ -74.891801, 11.004492 ], [ -74.892311, 11.00354 ], [ -74.892471, 11.003473 ], [ -74.892708, 11.003536 ], [ -74.893009, 11.003509 ], [ -74.893418, 11.003314 ], [ -74.893738, 11.002614 ], [ -74.893685, 11.002109 ], [ -74.893958, 11.001646 ], [ -74.895847, 11.000528 ], [ -74.89627, 11.000361 ], [ -74.896619, 11.000282 ], [ -74.897164, 11.000299 ], [ -74.898251, 11.000148 ], [ -74.898357, 10.999925 ], [ -74.898786, 10.999514 ], [ -74.899214, 10.998891 ], [ -74.899641, 10.998565 ], [ -74.899809, 10.99831 ], [ -74.900076, 10.997276 ], [ -74.899845, 10.995009 ], [ -74.900779, 10.993687 ], [ -74.900846, 10.993669 ], [ -74.901128, 10.993882 ], [ -74.901433, 10.993936 ], [ -74.903297, 10.993934 ] ] } },
{ "type": "Feature", "properties": { "Name": null, "descriptio": null, "timestamp": null, "begin": null, "end": null, "altitudeMo": null, "tessellate": -1.0, "extrude": 0.0, "visibility": -1.0, "drawOrder": null, "icon": null, "fid": 4372.0, "osm_id": "1080398191", "highway": "unclassified", "waterway": null, "aerialway": null, "barrier": null, "man_made": null, "railway": null, "z_order": 3.0, "other_tags": "\"lane_markings\"=>\"no\",\"surface\"=>\"unpaved\"" }, "geometry": { "type": "LineString", "coordinates": [ [ -74.862854, 11.0279 ], [ -74.862901, 11.027743 ], [ -74.86336, 11.027251 ] ] } },
{ "type": "Feature", "properties": { "Name": null, "descriptio": null, "timestamp": null, "begin": null, "end": null, "altitudeMo": null, "tessellate": -1.0, "extrude": 0.0, "visibility": -1.0, "drawOrder": null, "icon": null, "fid": 4023.0, "osm_id": "1032856995", "highway": "unclassified", "waterway": null, "aerialway": null, "barrier": null, "man_made": null, "railway": null, "z_order": 3.0, "other_tags": null }, "geometry": { "type": "LineString", "coordinates": [ [ -74.884923, 11.007752 ], [ -74.882754, 11.004729 ] ] } },
{ "type": "Feature", "properties": { "Name": null, "descriptio": null, "timestamp": null, "begin": null, "end": null, "altitudeMo": null, "tessellate": -1.0, "extrude": 0.0, "visibility": -1.0, "drawOrder": null, "icon": null, "fid": 4026.0, "osm_id": "1033706049", "highway": "unclassified", "waterway": null, "aerialway": null, "barrier": null, "man_made": null, "railway": null, "z_order": 3.0, "other_tags": null }, "geometry": { "type": "LineString", "coordinates": [ [ -74.884699, 11.005506 ], [ -74.886243, 11.005617 ], [ -74.886588, 11.00559 ], [ -74.886719, 11.005506 ], [ -74.887533, 11.00453 ], [ -74.887783, 11.004385 ], [ -74.88888, 11.004146 ], [ -74.890041, 11.004344 ], [ -74.890398, 11.004546 ], [ -74.891031, 11.005343 ] ] } },
{ "type": "Feature", "properties": { "Name": null, "descriptio": null, "timestamp": null, "begin": null, "end": null, "altitudeMo": null, "tessellate": -1.0, "extrude": 0.0, "visibility": -1.0, "drawOrder": null, "icon": null, "fid": 4024.0, "osm_id": "1033706047", "highway": "unclassified", "waterway": null, "aerialway": null, "barrier": null, "man_made": null, "railway": null, "z_order": 3.0, "other_tags": null }, "geometry": { "type": "LineString", "coordinates": [ [ -74.886719, 11.005506 ], [ -74.886606, 11.005677 ], [ -74.886248, 11.005833 ], [ -74.886126, 11.006399 ], [ -74.88575, 11.007 ], [ -74.884923, 11.007752 ] ] } },
{ "type": "Feature", "properties": { "Name": null, "descriptio": null, "timestamp": null, "begin": null, "end": null, "altitudeMo": null, "tessellate": -1.0, "extrude": 0.0, "visibility": -1.0, "drawOrder": null, "icon": null, "fid": 3910.0, "osm_id": "1006091415", "highway": "unclassified", "waterway": null, "aerialway": null, "barrier": null, "man_made": null, "railway": null, "z_order": 3.0, "other_tags": null }, "geometry": { "type": "LineString", "coordinates": [ [ -74.822654, 11.038802 ], [ -74.822695, 11.038599 ] ] } },
{ "type": "Feature", "properties": { "Name": null, "descriptio": null, "timestamp": null, "begin": null, "end": null, "altitudeMo": null, "tessellate": -1.0, "extrude": 0.0, "visibility": -1.0, "drawOrder": null, "icon": null, "fid": 3664.0, "osm_id": "1000911097", "highway": "unclassified", "waterway": null, "aerialway": null, "barrier": null, "man_made": null, "railway": null, "z_order": 3.0, "other_tags": "\"lanes\"=>\"3\",\"oneway\"=>\"yes\",\"surface\"=>\"concrete\"" }, "geometry": { "type": "LineString", "coordinates": [ [ -74.827927, 11.030737 ], [ -74.827876, 11.03086 ] ] } },
{ "type": "Feature", "properties": { "Name": null, "descriptio": null, "timestamp": null, "begin": null, "end": null, "altitudeMo": null, "tessellate": -1.0, "extrude": 0.0, "visibility": -1.0, "drawOrder": null, "icon": null, "fid": 3667.0, "osm_id": "1000916332", "highway": "trunk_link", "waterway": null, "aerialway": null, "barrier": null, "man_made": null, "railway": null, "z_order": 8.0, "other_tags": "\"lanes\"=>\"1\",\"oneway\"=>\"yes\",\"smoothness\"=>\"excellent\",\"surface\"=>\"concrete\"" }, "geometry": { "type": "LineString", "coordinates": [ [ -74.843057, 11.013102 ], [ -74.843276, 11.013314 ] ] } },
{ "type": "Feature", "properties": { "Name": "Salida a Avenida Circunvalar", "descriptio": null, "timestamp": null, "begin": null, "end": null, "altitudeMo": null, "tessellate": -1.0, "extrude": 0.0, "visibility": -1.0, "drawOrder": null, "icon": null, "fid": 3679.0, "osm_id": "1001174573", "highway": "trunk_link", "waterway": null, "aerialway": null, "barrier": null, "man_made": null, "railway": null, "z_order": 8.0, "other_tags": "\"bicycle\"=>\"yes\",\"lanes\"=>\"2\",\"oneway\"=>\"yes\",\"surface\"=>\"asphalt\"" }, "geometry": { "type": "LineString", "coordinates": [ [ -74.842229, 11.01248 ], [ -74.841886, 11.011975 ], [ -74.841257, 11.010134 ] ] } },
{ "type": "Feature", "properties": { "Name": null, "descriptio": null, "timestamp": null, "begin": null, "end": null, "altitudeMo": null, "tessellate": -1.0, "extrude": 0.0, "visibility": -1.0, "drawOrder": null, "icon": null, "fid": 3082.0, "osm_id": "941522177", "highway": "trunk_link", "waterway": null, "aerialway": null, "barrier": null, "man_made": null, "railway": null, "z_order": 28.0, "other_tags": "\"bridge\"=>\"yes\",\"check_date\"=>\"2020-07-26\",\"lanes\"=>\"1\",\"layer\"=>\"1\",\"oneway\"=>\"yes\",\"smoothness\"=>\"excellent\",\"surface\"=>\"asphalt\"" }, "geometry": { "type": "LineString", "coordinates": [ [ -74.873801, 11.021214 ], [ -74.873514, 11.020853 ] ] } },
{ "type": "Feature", "properties": { "Name": null, "descriptio": null, "timestamp": null, "begin": null, "end": null, "altitudeMo": null, "tessellate": -1.0, "extrude": 0.0, "visibility": -1.0, "drawOrder": null, "icon": null, "fid": 3083.0, "osm_id": "941522178", "highway": "trunk_link", "waterway": null, "aerialway": null, "barrier": null, "man_made": null, "railway": null, "z_order": 8.0, "other_tags": "\"check_date\"=>\"2020-07-26\",\"lanes\"=>\"1\",\"oneway\"=>\"yes\",\"smoothness\"=>\"excellent\",\"surface\"=>\"asphalt\"" }, "geometry": { "type": "LineString", "coordinates": [ [ -74.873514, 11.020853 ], [ -74.872967, 11.020563 ] ] } },
{ "type": "Feature", "properties": { "Name": null, "descriptio": null, "timestamp": null, "begin": null, "end": null, "altitudeMo": null, "tessellate": -1.0, "extrude": 0.0, "visibility": -1.0, "drawOrder": null, "icon": null, "fid": 3267.0, "osm_id": "965457506", "highway": "trunk", "waterway": null, "aerialway": null, "barrier": null, "man_made": null, "railway": null, "z_order": 8.0, "other_tags": "\"junction\"=>\"roundabout\",\"lanes\"=>\"3\",\"oneway\"=>\"yes\",\"smoothness\"=>\"excellent\",\"surface\"=>\"asphalt\"" }, "geometry": { "type": "LineString", "coordinates": [ [ -74.859662, 11.030879 ], [ -74.859448, 11.03079 ], [ -74.859251, 11.030879 ] ] } },
{ "type": "Feature", "properties": { "Name": null, "descriptio": null, "timestamp": null, "begin": null, "end": null, "altitudeMo": null, "tessellate": -1.0, "extrude": 0.0, "visibility": -1.0, "drawOrder": null, "icon": null, "fid": 2965.0, "osm_id": "883615351", "highway": "trunk_link", "waterway": null, "aerialway": null, "barrier": null, "man_made": null, "railway": null, "z_order": 8.0, "other_tags": "\"destination\"=>\"Salgar;Cartagena\",\"destination:ref\"=>\"90A\",\"lanes\"=>\"1\",\"oneway\"=>\"yes\",\"smoothness\"=>\"excellent\",\"surface\"=>\"asphalt\"" }, "geometry": { "type": "LineString", "coordinates": [ [ -74.876942, 11.015879 ], [ -74.876919, 11.015645 ], [ -74.877016, 11.015386 ] ] } },
{ "type": "Feature", "properties": { "Name": null, "descriptio": null, "timestamp": null, "begin": null, "end": null, "altitudeMo": null, "tessellate": -1.0, "extrude": 0.0, "visibility": -1.0, "drawOrder": null, "icon": null, "fid": 2967.0, "osm_id": "883615353", "highway": "trunk_link", "waterway": null, "aerialway": null, "barrier": null, "man_made": null, "railway": null, "z_order": 28.0, "other_tags": "\"bridge\"=>\"yes\",\"destination\"=>\"Salgar;Cartagena\",\"destination:ref\"=>\"90A\",\"lanes\"=>\"2\",\"layer\"=>\"1\",\"oneway\"=>\"yes\",\"smoothness\"=>\"excellent\",\"surface\"=>\"asphalt\"" }, "geometry": { "type": "LineString", "coordinates": [ [ -74.878957, 11.014792 ], [ -74.879114, 11.014441 ] ] } },
{ "type": "Feature", "properties": { "Name": null, "descriptio": null, "timestamp": null, "begin": null, "end": null, "altitudeMo": null, "tessellate": -1.0, "extrude": 0.0, "visibility": -1.0, "drawOrder": null, "icon": null, "fid": 2966.0, "osm_id": "883615352", "highway": "trunk_link", "waterway": null, "aerialway": null, "barrier": null, "man_made": null, "railway": null, "z_order": 8.0, "other_tags": "\"destination\"=>\"Salgar;Cartagena\",\"destination:ref\"=>\"90A\",\"lanes\"=>\"1\",\"oneway\"=>\"yes\",\"smoothness\"=>\"excellent\",\"surface\"=>\"asphalt\"" }, "geometry": { "type": "LineString", "coordinates": [ [ -74.879114, 11.014441 ], [ -74.879378, 11.014132 ], [ -74.879784, 11.013956 ] ] } },
{ "type": "Feature", "properties": { "Name": null, "descriptio": null, "timestamp": null, "begin": null, "end": null, "altitudeMo": null, "tessellate": -1.0, "extrude": 0.0, "visibility": -1.0, "drawOrder": null, "icon": null, "fid": 2968.0, "osm_id": "883618342", "highway": "unclassified", "waterway": null, "aerialway": null, "barrier": null, "man_made": null, "railway": null, "z_order": 3.0, "other_tags": "\"lanes\"=>\"1\",\"oneway\"=>\"yes\",\"surface\"=>\"concrete\"" }, "geometry": { "type": "LineString", "coordinates": [ [ -74.842415, 11.013093 ], [ -74.842464, 11.012955 ], [ -74.842408, 11.012858 ], [ -74.842285, 11.012824 ], [ -74.842159, 11.012915 ] ] } },
{ "type": "Feature", "properties": { "Name": null, "descriptio": null, "timestamp": null, "begin": null, "end": null, "altitudeMo": null, "tessellate": -1.0, "extrude": 0.0, "visibility": -1.0, "drawOrder": null, "icon": null, "fid": 2931.0, "osm_id": "867532477", "highway": "secondary_link", "waterway": null, "aerialway": null, "barrier": null, "man_made": null, "railway": null, "z_order": 6.0, "other_tags": "\"lanes\"=>\"1\",\"oneway\"=>\"yes\",\"surface\"=>\"asphalt\"" }, "geometry": { "type": "LineString", "coordinates": [ [ -74.872906, 11.020604 ], [ -74.872958, 11.020747 ], [ -74.872878, 11.020864 ] ] } },
{ "type": "Feature", "properties": { "Name": null, "descriptio": null, "timestamp": null, "begin": null, "end": null, "altitudeMo": null, "tessellate": -1.0, "extrude": 0.0, "visibility": -1.0, "drawOrder": null, "icon": null, "fid": 2930.0, "osm_id": "867532476", "highway": "trunk_link", "waterway": null, "aerialway": null, "barrier": null, "man_made": null, "railway": null, "z_order": 8.0, "other_tags": "\"lanes\"=>\"1\",\"oneway\"=>\"yes\",\"smoothness\"=>\"excellent\",\"surface\"=>\"asphalt\"" }, "geometry": { "type": "LineString", "coordinates": [ [ -74.873054, 11.020636 ], [ -74.873199, 11.020771 ], [ -74.873231, 11.020913 ] ] } },
{ "type": "Feature", "properties": { "Name": null, "descriptio": null, "timestamp": null, "begin": null, "end": null, "altitudeMo": null, "tessellate": -1.0, "extrude": 0.0, "visibility": -1.0, "drawOrder": null, "icon": null, "fid": 2951.0, "osm_id": "877654199", "highway": "unclassified", "waterway": null, "aerialway": null, "barrier": null, "man_made": null, "railway": null, "z_order": 3.0, "other_tags": "\"foot\"=>\"yes\",\"lanes\"=>\"2\",\"oneway\"=>\"yes\",\"surface\"=>\"concrete\"" }, "geometry": { "type": "LineString", "coordinates": [ [ -74.83167, 11.031846 ], [ -74.831492, 11.032174 ], [ -74.831182, 11.032372 ] ] } },
{ "type": "Feature", "properties": { "Name": "Avenida Carrera 46", "descriptio": null, "timestamp": null, "begin": null, "end": null, "altitudeMo": null, "tessellate": -1.0, "extrude": 0.0, "visibility": -1.0, "drawOrder": null, "icon": null, "fid": 2822.0, "osm_id": "825050426", "highway": "primary", "waterway": null, "aerialway": null, "barrier": null, "man_made": null, "railway": null, "z_order": 7.0, "other_tags": "\"alt_name\"=>\"Avenida Olaya Herrera\",\"bicycle\"=>\"yes\",\"lanes\"=>\"2\",\"lit\"=>\"yes\",\"oneway\"=>\"yes\",\"surface\"=>\"concrete\"" }, "geometry": { "type": "MultiLineString", "coordinates": [ [ [ -74.840052, 11.011361 ], [ -74.83454, 11.008367 ], [ -74.829919, 11.005984 ], [ -74.824524, 11.003471 ], [ -74.822317, 11.002493 ], [ -74.821226, 11.002261 ], [ -74.817474, 11.001 ], [ -74.807821, 10.995438 ] ], [ [ -74.807676, 10.995462 ], [ -74.81738, 11.001089 ], [ -74.821024, 11.002343 ], [ -74.822577, 11.002753 ], [ -74.829296, 11.005828 ], [ -74.830932, 11.006631 ], [ -74.839998, 11.011469 ] ] ] } },
{ "type": "Feature", "properties": { "Name": null, "descriptio": null, "timestamp": null, "begin": null, "end": null, "altitudeMo": null, "tessellate": -1.0, "extrude": 0.0, "visibility": -1.0, "drawOrder": null, "icon": null, "fid": 2926.0, "osm_id": "853537395", "highway": "trunk_link", "waterway": null, "aerialway": null, "barrier": null, "man_made": null, "railway": null, "z_order": 8.0, "other_tags": "\"check_date\"=>\"2020-07-26\",\"lanes\"=>\"1\",\"oneway\"=>\"yes\",\"smoothness\"=>\"excellent\",\"surface\"=>\"asphalt\"" }, "geometry": { "type": "LineString", "coordinates": [ [ -74.873764, 11.021237 ], [ -74.873864, 11.021703 ], [ -74.873788, 11.02186 ], [ -74.873643, 11.02196 ], [ -74.873397, 11.021958 ], [ -74.873218, 11.021805 ], [ -74.873181, 11.021574 ], [ -74.87329, 11.021368 ] ] } },
{ "type": "Feature", "properties": { "Name": null, "descriptio": null, "timestamp": null, "begin": null, "end": null, "altitudeMo": null, "tessellate": -1.0, "extrude": 0.0, "visibility": -1.0, "drawOrder": null, "icon": null, "fid": 2595.0, "osm_id": "800843517", "highway": "unclassified", "waterway": null, "aerialway": null, "barrier": null, "man_made": null, "railway": null, "z_order": 3.0, "other_tags": "\"surface\"=>\"unpaved\",\"tracktype\"=>\"grade3\"" }, "geometry": { "type": "LineString", "coordinates": [ [ -74.885669, 11.011831 ], [ -74.885768, 11.011723 ], [ -74.885792, 11.011431 ], [ -74.885712, 11.011178 ], [ -74.885396, 11.010678 ], [ -74.885104, 11.009593 ], [ -74.88468, 11.005277 ], [ -74.884493, 11.004437 ], [ -74.884199, 11.003826 ], [ -74.884274, 11.003398 ], [ -74.884245, 11.002958 ], [ -74.883875, 11.002266 ], [ -74.883625, 11.002066 ], [ -74.883253, 11.001911 ], [ -74.883211, 11.001536 ], [ -74.88329, 10.99997 ], [ -74.883699, 10.999244 ], [ -74.88372, 10.999 ] ] } },
{ "type": "Feature", "properties": { "Name": null, "descriptio": null, "timestamp": null, "begin": null, "end": null, "altitudeMo": null, "tessellate": -1.0, "extrude": 0.0, "visibility": -1.0, "drawOrder": null, "icon": null, "fid": 2604.0, "osm_id": "803005861", "highway": "unclassified", "waterway": null, "aerialway": null, "barrier": null, "man_made": null, "railway": null, "z_order": 3.0, "other_tags": "\"oneway\"=>\"yes\"" }, "geometry": { "type": "LineString", "coordinates": [ [ -74.832359, 11.03039 ], [ -74.83167, 11.031846 ] ] } },
{ "type": "Feature", "properties": { "Name": "Vía al Mar", "descriptio": null, "timestamp": null, "begin": null, "end": null, "altitudeMo": null, "tessellate": -1.0, "extrude": 0.0, "visibility": -1.0, "drawOrder": null, "icon": null, "fid": 2614.0, "osm_id": "803031741", "highway": "trunk", "waterway": null, "aerialway": null, "barrier": null, "man_made": null, "railway": null, "z_order": 8.0, "other_tags": "\"bicycle\"=>\"yes\",\"lanes\"=>\"2\",\"lit\"=>\"yes\",\"nat_name\"=>\"Vía Cartagena - Barranquilla\",\"oneway\"=>\"yes\",\"ref\"=>\"90A\",\"smoothness\"=>\"excellent\",\"surface\"=>\"concrete\"" }, "geometry": { "type": "LineString", "coordinates": [ [ -74.842229, 11.01248 ], [ -74.840535, 11.011609 ] ] } },
{ "type": "Feature", "properties": { "Name": "Vía al Mar", "descriptio": null, "timestamp": null, "begin": null, "end": null, "altitudeMo": null, "tessellate": -1.0, "extrude": 0.0, "visibility": -1.0, "drawOrder": null, "icon": null, "fid": 2613.0, "osm_id": "803031740", "highway": "trunk", "waterway": null, "aerialway": null, "barrier": null, "man_made": null, "railway": null, "z_order": 8.0, "other_tags": "\"bicycle\"=>\"yes\",\"lanes\"=>\"2\",\"nat_name\"=>\"Vía Cartagena - Barranquilla\",\"oneway\"=>\"yes\",\"ref\"=>\"90A\",\"smoothness\"=>\"excellent\",\"surface\"=>\"concrete\"" }, "geometry": { "type": "LineString", "coordinates": [ [ -74.84048, 11.011718 ], [ -74.842141, 11.012593 ] ] } },
{ "type": "Feature", "properties": { "Name": null, "descriptio": null, "timestamp": null, "begin": null, "end": null, "altitudeMo": null, "tessellate": -1.0, "extrude": 0.0, "visibility": -1.0, "drawOrder": null, "icon": null, "fid": 3495.0, "osm_id": "998803283", "highway": "unclassified", "waterway": null, "aerialway": null, "barrier": null, "man_made": null, "railway": null, "z_order": 3.0, "other_tags": "\"oneway\"=>\"yes\",\"surface\"=>\"asphalt\"" }, "geometry": { "type": "LineString", "coordinates": [ [ -74.881109, 11.002831 ], [ -74.881249, 11.002733 ], [ -74.881439, 11.002704 ] ] } },
{ "type": "Feature", "properties": { "Name": null, "descriptio": null, "timestamp": null, "begin": null, "end": null, "altitudeMo": null, "tessellate": -1.0, "extrude": 0.0, "visibility": -1.0, "drawOrder": null, "icon": null, "fid": 3494.0, "osm_id": "998803282", "highway": "unclassified", "waterway": null, "aerialway": null, "barrier": null, "man_made": null, "railway": null, "z_order": 3.0, "other_tags": "\"oneway\"=>\"yes\",\"surface\"=>\"asphalt\"" }, "geometry": { "type": "LineString", "coordinates": [ [ -74.881439, 11.002704 ], [ -74.881397, 11.002502 ], [ -74.881496, 11.002264 ] ] } },
{ "type": "Feature", "properties": { "Name": null, "descriptio": null, "timestamp": null, "begin": null, "end": null, "altitudeMo": null, "tessellate": -1.0, "extrude": 0.0, "visibility": -1.0, "drawOrder": null, "icon": null, "fid": 3496.0, "osm_id": "998803284", "highway": "unclassified", "waterway": null, "aerialway": null, "barrier": null, "man_made": null, "railway": null, "z_order": 3.0, "other_tags": "\"access\"=>\"private\",\"surface\"=>\"unpaved\"" }, "geometry": { "type": "LineString", "coordinates": [ [ -74.881439, 11.002704 ], [ -74.882062, 11.003765 ], [ -74.882754, 11.004729 ] ] } },
{ "type": "Feature", "properties": { "Name": null, "descriptio": null, "timestamp": null, "begin": null, "end": null, "altitudeMo": null, "tessellate": -1.0, "extrude": 0.0, "visibility": -1.0, "drawOrder": null, "icon": null, "fid": 3480.0, "osm_id": "998780891", "highway": "trunk_link", "waterway": null, "aerialway": null, "barrier": null, "man_made": null, "railway": null, "z_order": 8.0, "other_tags": "\"bicycle\"=>\"yes\",\"lanes\"=>\"1\",\"oneway\"=>\"yes\",\"smoothness\"=>\"excellent\",\"surface\"=>\"asphalt\"" }, "geometry": { "type": "LineString", "coordinates": [ [ -74.868741, 11.025926 ], [ -74.868935, 11.025827 ], [ -74.869418, 11.025782 ], [ -74.869718, 11.025664 ], [ -74.870027, 11.025419 ], [ -74.870563, 11.024756 ] ] } },
{ "type": "Feature", "properties": { "Name": "Transversal 3B", "descriptio": null, "timestamp": null, "begin": null, "end": null, "altitudeMo": null, "tessellate": -1.0, "extrude": 0.0, "visibility": -1.0, "drawOrder": null, "icon": null, "fid": 3272.0, "osm_id": "965457515", "highway": "unclassified", "waterway": null, "aerialway": null, "barrier": null, "man_made": null, "railway": null, "z_order": 3.0, "other_tags": "\"oneway\"=>\"yes\",\"surface\"=>\"concrete\"" }, "geometry": { "type": "LineString", "coordinates": [ [ -74.864224, 11.025758 ], [ -74.864382, 11.025671 ], [ -74.86462, 11.025249 ] ] } },
{ "type": "Feature", "properties": { "Name": null, "descriptio": null, "timestamp": null, "begin": null, "end": null, "altitudeMo": null, "tessellate": -1.0, "extrude": 0.0, "visibility": -1.0, "drawOrder": null, "icon": null, "fid": 3280.0, "osm_id": "966200505", "highway": "trunk_link", "waterway": null, "aerialway": null, "barrier": null, "man_made": null, "railway": null, "z_order": 8.0, "other_tags": "\"lanes\"=>\"1\",\"oneway\"=>\"yes\",\"surface\"=>\"paved\"" }, "geometry": { "type": "LineString", "coordinates": [ [ -74.860489, 11.027985 ], [ -74.86045, 11.02864 ] ] } },
{ "type": "Feature", "properties": { "Name": null, "descriptio": null, "timestamp": null, "begin": null, "end": null, "altitudeMo": null, "tessellate": -1.0, "extrude": 0.0, "visibility": -1.0, "drawOrder": null, "icon": null, "fid": 3276.0, "osm_id": "965457525", "highway": "trunk_link", "waterway": null, "aerialway": null, "barrier": null, "man_made": null, "railway": null, "z_order": 8.0, "other_tags": "\"lanes\"=>\"1\",\"oneway\"=>\"yes\",\"surface\"=>\"asphalt\"" }, "geometry": { "type": "LineString", "coordinates": [ [ -74.862062, 11.0278 ], [ -74.861944, 11.027699 ], [ -74.861958, 11.027476 ] ] } },
{ "type": "Feature", "properties": { "Name": "Carrera 23", "descriptio": null, "timestamp": null, "begin": null, "end": null, "altitudeMo": null, "tessellate": -1.0, "extrude": 0.0, "visibility": -1.0, "drawOrder": null, "icon": null, "fid": 3287.0, "osm_id": "966200514", "highway": "unclassified", "waterway": null, "aerialway": null, "barrier": null, "man_made": null, "railway": null, "z_order": 3.0, "other_tags": "\"surface\"=>\"gravel\"" }, "geometry": { "type": "LineString", "coordinates": [ [ -74.863287, 11.026609 ], [ -74.863696, 11.026763 ] ] } },
{ "type": "Feature", "properties": { "Name": null, "descriptio": null, "timestamp": null, "begin": null, "end": null, "altitudeMo": null, "tessellate": -1.0, "extrude": 0.0, "visibility": -1.0, "drawOrder": null, "icon": null, "fid": 1750.0, "osm_id": "633103832", "highway": "trunk_link", "waterway": null, "aerialway": null, "barrier": null, "man_made": null, "railway": null, "z_order": 8.0, "other_tags": "\"destination\"=>\"Juan Mina;Centro Barranquilla\",\"destination:ref\"=>\"90A\",\"lanes\"=>\"1\",\"oneway\"=>\"yes\",\"smoothness\"=>\"excellent\",\"surface\"=>\"asphalt\"" }, "geometry": { "type": "LineString", "coordinates": [ [ -74.87644, 11.013895 ], [ -74.876488, 11.013601 ], [ -74.876615, 11.013452 ], [ -74.876845, 11.013379 ], [ -74.877077, 11.013448 ], [ -74.877227, 11.013635 ], [ -74.877242, 11.013872 ], [ -74.877117, 11.014075 ], [ -74.876886, 11.014206 ] ] } },
{ "type": "Feature", "properties": { "Name": null, "descriptio": null, "timestamp": null, "begin": null, "end": null, "altitudeMo": null, "tessellate": -1.0, "extrude": 0.0, "visibility": -1.0, "drawOrder": null, "icon": null, "fid": 1749.0, "osm_id": "633103831", "highway": "trunk_link", "waterway": null, "aerialway": null, "barrier": null, "man_made": null, "railway": null, "z_order": 8.0, "other_tags": "\"destination\"=>\"Juan Mina;Aeropuerto\",\"lanes\"=>\"1\",\"oneway\"=>\"yes\",\"smoothness\"=>\"excellent\",\"surface\"=>\"asphalt\"" }, "geometry": { "type": "LineString", "coordinates": [ [ -74.877989, 11.014073 ], [ -74.877521, 11.013964 ], [ -74.877146, 11.013365 ], [ -74.876965, 11.01328 ], [ -74.8765, 11.01323 ], [ -74.876185, 11.012881 ] ] } },
{ "type": "Feature", "properties": { "Name": null, "descriptio": null, "timestamp": null, "begin": null, "end": null, "altitudeMo": null, "tessellate": -1.0, "extrude": 0.0, "visibility": -1.0, "drawOrder": null, "icon": null, "fid": 1752.0, "osm_id": "633103834", "highway": "trunk_link", "waterway": null, "aerialway": null, "barrier": null, "man_made": null, "railway": null, "z_order": 8.0, "other_tags": "\"destination\"=>\"Centro;Barranquilla\",\"destination:ref\"=>\"90A\",\"lanes\"=>\"1\",\"oneway\"=>\"yes\",\"smoothness\"=>\"excellent\",\"surface\"=>\"asphalt\"" }, "geometry": { "type": "LineString", "coordinates": [ [ -74.876083, 11.012828 ], [ -74.87593, 11.01327 ], [ -74.875552, 11.0135 ], [ -74.875427, 11.013669 ], [ -74.875307, 11.014237 ], [ -74.874969, 11.014455 ] ] } },
{ "type": "Feature", "properties": { "Name": null, "descriptio": null, "timestamp": null, "begin": null, "end": null, "altitudeMo": null, "tessellate": -1.0, "extrude": 0.0, "visibility": -1.0, "drawOrder": null, "icon": null, "fid": 1751.0, "osm_id": "633103833", "highway": "trunk_link", "waterway": null, "aerialway": null, "barrier": null, "man_made": null, "railway": null, "z_order": 8.0, "other_tags": "\"destination\"=>\"La Playa\",\"lanes\"=>\"1\",\"lit\"=>\"yes\",\"oneway\"=>\"yes\",\"smoothness\"=>\"excellent\",\"surface\"=>\"asphalt\"" }, "geometry": { "type": "LineString", "coordinates": [ [ -74.875947, 11.014326 ], [ -74.875724, 11.014292 ], [ -74.875522, 11.014101 ], [ -74.87548, 11.013883 ], [ -74.875597, 11.013633 ], [ -74.875793, 11.013522 ], [ -74.876019, 11.013527 ], [ -74.876208, 11.013647 ], [ -74.876331, 11.013898 ] ] } },
{ "type": "Feature", "properties": { "Name": null, "descriptio": null, "timestamp": null, "begin": null, "end": null, "altitudeMo": null, "tessellate": -1.0, "extrude": 0.0, "visibility": -1.0, "drawOrder": null, "icon": null, "fid": 1754.0, "osm_id": "633103836", "highway": "trunk_link", "waterway": null, "aerialway": null, "barrier": null, "man_made": null, "railway": null, "z_order": 8.0, "other_tags": "\"destination\"=>\"La Playa\",\"lanes\"=>\"1\",\"oneway\"=>\"yes\",\"smoothness\"=>\"excellent\",\"surface\"=>\"asphalt\"" }, "geometry": { "type": "LineString", "coordinates": [ [ -74.875063, 11.014559 ], [ -74.875463, 11.014676 ], [ -74.875679, 11.015124 ], [ -74.875837, 11.015277 ], [ -74.876537, 11.015412 ], [ -74.876791, 11.015885 ] ] } },
{ "type": "Feature", "properties": { "Name": null, "descriptio": null, "timestamp": null, "begin": null, "end": null, "altitudeMo": null, "tessellate": -1.0, "extrude": 0.0, "visibility": -1.0, "drawOrder": null, "icon": null, "fid": 1753.0, "osm_id": "633103835", "highway": "trunk_link", "waterway": null, "aerialway": null, "barrier": null, "man_made": null, "railway": null, "z_order": 8.0, "other_tags": "\"lanes\"=>\"1\",\"oneway\"=>\"yes\",\"smoothness\"=>\"excellent\",\"surface\"=>\"asphalt\"" }, "geometry": { "type": "LineString", "coordinates": [ [ -74.876937, 11.014327 ], [ -74.877244, 11.014362 ], [ -74.877414, 11.014481 ], [ -74.877501, 11.014667 ], [ -74.877461, 11.014919 ], [ -74.877274, 11.015095 ], [ -74.877068, 11.015131 ], [ -74.876872, 11.015062 ], [ -74.876685, 11.014864 ] ] } },
{ "type": "Feature", "properties": { "Name": null, "descriptio": null, "timestamp": null, "begin": null, "end": null, "altitudeMo": null, "tessellate": -1.0, "extrude": 0.0, "visibility": -1.0, "drawOrder": null, "icon": null, "fid": 1734.0, "osm_id": "633096310", "highway": "trunk_link", "waterway": null, "aerialway": null, "barrier": null, "man_made": null, "railway": null, "z_order": 8.0, "other_tags": "\"destination\"=>\"Caracolí;Malambo\",\"lanes\"=>\"1\",\"oneway\"=>\"yes\",\"smoothness\"=>\"excellent\",\"surface\"=>\"asphalt\"" }, "geometry": { "type": "LineString", "coordinates": [ [ -74.858717, 10.894977 ], [ -74.858803, 10.894964 ], [ -74.859111, 10.895126 ], [ -74.859227, 10.895094 ], [ -74.859257, 10.894923 ], [ -74.859018, 10.894692 ] ] } },
{ "type": "Feature", "properties": { "Name": null, "descriptio": null, "timestamp": null, "begin": null, "end": null, "altitudeMo": null, "tessellate": -1.0, "extrude": 0.0, "visibility": -1.0, "drawOrder": null, "icon": null, "fid": 1733.0, "osm_id": "633096309", "highway": "trunk_link", "waterway": null, "aerialway": null, "barrier": null, "man_made": null, "railway": null, "z_order": 8.0, "other_tags": "\"destination\"=>\"Barranquilla;Galapa\",\"lanes\"=>\"1\",\"oneway\"=>\"yes\",\"smoothness\"=>\"excellent\",\"surface\"=>\"asphalt\"" }, "geometry": { "type": "LineString", "coordinates": [ [ -74.860029, 10.895319 ], [ -74.859465, 10.895076 ], [ -74.859391, 10.895228 ], [ -74.859645, 10.895502 ] ] } },
{ "type": "Feature", "properties": { "Name": null, "descriptio": null, "timestamp": null, "begin": null, "end": null, "altitudeMo": null, "tessellate": -1.0, "extrude": 0.0, "visibility": -1.0, "drawOrder": null, "icon": null, "fid": 1736.0, "osm_id": "633096314", "highway": "trunk_link", "waterway": null, "aerialway": null, "barrier": null, "man_made": null, "railway": null, "z_order": 8.0, "other_tags": "\"destination\"=>\"Caracolí;Malambo\",\"lanes\"=>\"1\",\"oneway\"=>\"yes\",\"smoothness\"=>\"excellent\",\"surface\"=>\"asphalt\"" }, "geometry": { "type": "LineString", "coordinates": [ [ -74.843368, 10.885982 ], [ -74.843574, 10.885811 ], [ -74.843536, 10.885631 ] ] } },
{ "type": "Feature", "properties": { "Name": null, "descriptio": null, "timestamp": null, "begin": null, "end": null, "altitudeMo": null, "tessellate": -1.0, "extrude": 0.0, "visibility": -1.0, "drawOrder": null, "icon": null, "fid": 1735.0, "osm_id": "633096313", "highway": "trunk_link", "waterway": null, "aerialway": null, "barrier": null, "man_made": null, "railway": null, "z_order": 8.0, "other_tags": "\"destination\"=>\"Juan Mina;Galapa\",\"lanes\"=>\"1\",\"oneway\"=>\"yes\",\"smoothness\"=>\"excellent\",\"surface\"=>\"asphalt\"" }, "geometry": { "type": "LineString", "coordinates": [ [ -74.84575, 10.886911 ], [ -74.845601, 10.886855 ], [ -74.845453, 10.886915 ], [ -74.845389, 10.887059 ], [ -74.845508, 10.887255 ] ] } },
{ "type": "Feature", "properties": { "Name": null, "descriptio": null, "timestamp": null, "begin": null, "end": null, "altitudeMo": null, "tessellate": -1.0, "extrude": 0.0, "visibility": -1.0, "drawOrder": null, "icon": null, "fid": 1724.0, "osm_id": "633092614", "highway": "trunk_link", "waterway": null, "aerialway": null, "barrier": null, "man_made": null, "railway": null, "z_order": 28.0, "other_tags": "\"bridge\"=>\"yes\",\"destination\"=>\"Caracolí\",\"lanes\"=>\"2\",\"layer\"=>\"1\",\"oneway\"=>\"yes\",\"smoothness\"=>\"excellent\",\"surface\"=>\"asphalt\"" }, "geometry": { "type": "LineString", "coordinates": [ [ -74.768719, 10.828074 ], [ -74.769203, 10.828224 ] ] } },
{ "type": "Feature", "properties": { "Name": null, "descriptio": null, "timestamp": null, "begin": null, "end": null, "altitudeMo": null, "tessellate": -1.0, "extrude": 0.0, "visibility": -1.0, "drawOrder": null, "icon": null, "fid": 1725.0, "osm_id": "633092615", "highway": "trunk_link", "waterway": null, "aerialway": null, "barrier": null, "man_made": null, "railway": null, "z_order": 28.0, "other_tags": "\"bridge\"=>\"yes\",\"destination\"=>\"Malambo\",\"destination:ref\"=>\"25\",\"lanes\"=>\"2\",\"layer\"=>\"1\",\"oneway\"=>\"yes\",\"smoothness\"=>\"excellent\",\"surface\"=>\"asphalt\"" }, "geometry": { "type": "LineString", "coordinates": [ [ -74.769174, 10.828073 ], [ -74.768711, 10.827927 ] ] } },
{ "type": "Feature", "properties": { "Name": null, "descriptio": null, "timestamp": null, "begin": null, "end": null, "altitudeMo": null, "tessellate": -1.0, "extrude": 0.0, "visibility": -1.0, "drawOrder": null, "icon": null, "fid": 1728.0, "osm_id": "633092622", "highway": "trunk_link", "waterway": null, "aerialway": null, "barrier": null, "man_made": null, "railway": null, "z_order": 8.0, "other_tags": "\"destination\"=>\"Malambo\",\"destination:ref\"=>\"25\",\"lanes\"=>\"1\",\"oneway\"=>\"yes\",\"smoothness\"=>\"excellent\",\"surface\"=>\"asphalt\"" }, "geometry": { "type": "LineString", "coordinates": [ [ -74.768711, 10.827927 ], [ -74.767956, 10.827674 ], [ -74.767829, 10.827389 ], [ -74.76796, 10.827095 ], [ -74.768269, 10.826984 ], [ -74.768553, 10.827115 ], [ -74.76863, 10.827283 ] ] } },
{ "type": "Feature", "properties": { "Name": null, "descriptio": null, "timestamp": null, "begin": null, "end": null, "altitudeMo": null, "tessellate": -1.0, "extrude": 0.0, "visibility": -1.0, "drawOrder": null, "icon": null, "fid": 1727.0, "osm_id": "633092621", "highway": "trunk_link", "waterway": null, "aerialway": null, "barrier": null, "man_made": null, "railway": null, "z_order": 8.0, "other_tags": "\"destination\"=>\"Caracolí\",\"lanes\"=>\"1\",\"oneway\"=>\"yes\",\"smoothness\"=>\"excellent\",\"surface\"=>\"asphalt\"" }, "geometry": { "type": "LineString", "coordinates": [ [ -74.768173, 10.825784 ], [ -74.768207, 10.826188 ], [ -74.768157, 10.82645 ], [ -74.767732, 10.8272 ], [ -74.767704, 10.827452 ], [ -74.767774, 10.827645 ], [ -74.767944, 10.827814 ], [ -74.768719, 10.828074 ] ] } },
{ "type": "Feature", "properties": { "Name": null, "descriptio": null, "timestamp": null, "begin": null, "end": null, "altitudeMo": null, "tessellate": -1.0, "extrude": 0.0, "visibility": -1.0, "drawOrder": null, "icon": null, "fid": 1730.0, "osm_id": "633092624", "highway": "trunk_link", "waterway": null, "aerialway": null, "barrier": null, "man_made": null, "railway": null, "z_order": 8.0, "other_tags": "\"destination\"=>\"Sabanagrande\",\"destination:ref\"=>\"25\",\"lanes\"=>\"1\",\"oneway\"=>\"yes\",\"smoothness\"=>\"excellent\",\"surface\"=>\"asphalt\"" }, "geometry": { "type": "LineString", "coordinates": [ [ -74.770537, 10.828395 ], [ -74.769771, 10.828175 ], [ -74.769431, 10.827968 ], [ -74.768879, 10.827376 ], [ -74.768692, 10.827007 ] ] } },
{ "type": "Feature", "properties": { "Name": null, "descriptio": null, "timestamp": null, "begin": null, "end": null, "altitudeMo": null, "tessellate": -1.0, "extrude": 0.0, "visibility": -1.0, "drawOrder": null, "icon": null, "fid": 1729.0, "osm_id": "633092623", "highway": "trunk_link", "waterway": null, "aerialway": null, "barrier": null, "man_made": null, "railway": null, "z_order": 8.0, "other_tags": "\"destination\"=>\"Galapa;Caracolí\",\"lanes\"=>\"1\",\"oneway\"=>\"yes\",\"smoothness\"=>\"excellent\",\"surface\"=>\"asphalt\"" }, "geometry": { "type": "LineString", "coordinates": [ [ -74.769687, 10.829531 ], [ -74.769689, 10.829263 ], [ -74.769898, 10.828824 ], [ -74.770269, 10.828576 ], [ -74.770715, 10.828534 ] ] } },
{ "type": "Feature", "properties": { "Name": null, "descriptio": null, "timestamp": null, "begin": null, "end": null, "altitudeMo": null, "tessellate": -1.0, "extrude": 0.0, "visibility": -1.0, "drawOrder": null, "icon": null, "fid": 1602.0, "osm_id": "561650514", "highway": "trunk_link", "waterway": null, "aerialway": null, "barrier": null, "man_made": null, "railway": null, "z_order": 8.0, "other_tags": "\"foot\"=>\"no\",\"lanes\"=>\"1\",\"lit\"=>\"no\",\"oneway\"=>\"yes\",\"surface\"=>\"asphalt\"" }, "geometry": { "type": "LineString", "coordinates": [ [ -74.994129, 10.967936 ], [ -74.994345, 10.967779 ], [ -74.994392, 10.967644 ], [ -74.994261, 10.967463 ], [ -74.994033, 10.967459 ] ] } },
{ "type": "Feature", "properties": { "Name": null, "descriptio": null, "timestamp": null, "begin": null, "end": null, "altitudeMo": null, "tessellate": -1.0, "extrude": 0.0, "visibility": -1.0, "drawOrder": null, "icon": null, "fid": 1628.0, "osm_id": "562043787", "highway": "trunk_link", "waterway": null, "aerialway": null, "barrier": null, "man_made": null, "railway": null, "z_order": 8.0, "other_tags": "\"bicycle\"=>\"yes\",\"lanes\"=>\"1\",\"lit\"=>\"yes\",\"oneway\"=>\"yes\",\"surface\"=>\"concrete\"" }, "geometry": { "type": "LineString", "coordinates": [ [ -74.83674, 11.019558 ], [ -74.836695, 11.019898 ], [ -74.836456, 11.020578 ], [ -74.836402, 11.021014 ] ] } },
{ "type": "Feature", "properties": { "Name": null, "descriptio": null, "timestamp": null, "begin": null, "end": null, "altitudeMo": null, "tessellate": -1.0, "extrude": 0.0, "visibility": -1.0, "drawOrder": null, "icon": null, "fid": 1717.0, "osm_id": "625121939", "highway": "unclassified", "waterway": null, "aerialway": null, "barrier": null, "man_made": null, "railway": null, "z_order": 3.0, "other_tags": "\"lanes\"=>\"2\",\"oneway\"=>\"yes\",\"surface\"=>\"concrete\"" }, "geometry": { "type": "LineString", "coordinates": [ [ -74.843991, 11.013692 ], [ -74.844208, 11.0141 ] ] } },
{ "type": "Feature", "properties": { "Name": null, "descriptio": null, "timestamp": null, "begin": null, "end": null, "altitudeMo": null, "tessellate": -1.0, "extrude": 0.0, "visibility": -1.0, "drawOrder": null, "icon": null, "fid": 1716.0, "osm_id": "625121937", "highway": "unclassified", "waterway": null, "aerialway": null, "barrier": null, "man_made": null, "railway": null, "z_order": 3.0, "other_tags": "\"lanes\"=>\"2\",\"oneway\"=>\"yes\",\"smoothness\"=>\"excellent\",\"surface\"=>\"concrete\"" }, "geometry": { "type": "LineString", "coordinates": [ [ -74.844208, 11.0141 ], [ -74.844434, 11.013916 ] ] } },
{ "type": "Feature", "properties": { "Name": null, "descriptio": null, "timestamp": null, "begin": null, "end": null, "altitudeMo": null, "tessellate": -1.0, "extrude": 0.0, "visibility": -1.0, "drawOrder": null, "icon": null, "fid": 1718.0, "osm_id": "625121942", "highway": "unclassified", "waterway": null, "aerialway": null, "barrier": null, "man_made": null, "railway": null, "z_order": 3.0, "other_tags": "\"destination:ref\"=>\"90A\",\"lanes\"=>\"2\",\"oneway\"=>\"yes\"" }, "geometry": { "type": "LineString", "coordinates": [ [ -74.843991, 11.013692 ], [ -74.844716, 11.014062 ], [ -74.844942, 11.014117 ] ] } },
{ "type": "Feature", "properties": { "Name": null, "descriptio": null, "timestamp": null, "begin": null, "end": null, "altitudeMo": null, "tessellate": -1.0, "extrude": 0.0, "visibility": -1.0, "drawOrder": null, "icon": null, "fid": 1601.0, "osm_id": "561650513", "highway": "trunk_link", "waterway": null, "aerialway": null, "barrier": null, "man_made": null, "railway": null, "z_order": 8.0, "other_tags": "\"foot\"=>\"no\",\"lanes\"=>\"1\",\"lit\"=>\"no\",\"oneway\"=>\"yes\",\"surface\"=>\"asphalt\"" }, "geometry": { "type": "LineString", "coordinates": [ [ -74.994748, 10.967126 ], [ -74.994508, 10.967333 ], [ -74.994481, 10.967465 ], [ -74.994543, 10.967583 ], [ -74.994776, 10.967586 ], [ -74.995113, 10.967441 ] ] } },
{ "type": "Feature", "properties": { "Name": null, "descriptio": null, "timestamp": null, "begin": null, "end": null, "altitudeMo": null, "tessellate": -1.0, "extrude": 0.0, "visibility": -1.0, "drawOrder": null, "icon": null, "fid": 1587.0, "osm_id": "561644588", "highway": "trunk_link", "waterway": null, "aerialway": null, "barrier": null, "man_made": null, "railway": null, "z_order": 8.0, "other_tags": "\"lanes\"=>\"1\",\"oneway\"=>\"yes\",\"surface\"=>\"concrete\"" }, "geometry": { "type": "LineString", "coordinates": [ [ -74.838036, 11.017566 ], [ -74.838231, 11.017382 ] ] } },
{ "type": "Feature", "properties": { "Name": null, "descriptio": null, "timestamp": null, "begin": null, "end": null, "altitudeMo": null, "tessellate": -1.0, "extrude": 0.0, "visibility": -1.0, "drawOrder": null, "icon": null, "fid": 1586.0, "osm_id": "561644587", "highway": "trunk_link", "waterway": null, "aerialway": null, "barrier": null, "man_made": null, "railway": null, "z_order": 8.0, "other_tags": "\"lanes\"=>\"1\",\"oneway\"=>\"yes\",\"surface\"=>\"concrete\"" }, "geometry": { "type": "LineString", "coordinates": [ [ -74.838346, 11.016814 ], [ -74.838478, 11.016765 ] ] } },
{ "type": "Feature", "properties": { "Name": null, "descriptio": null, "timestamp": null, "begin": null, "end": null, "altitudeMo": null, "tessellate": -1.0, "extrude": 0.0, "visibility": -1.0, "drawOrder": null, "icon": null, "fid": 1567.0, "osm_id": "561058695", "highway": "trunk_link", "waterway": null, "aerialway": null, "barrier": null, "man_made": null, "railway": null, "z_order": 8.0, "other_tags": "\"destination\"=>\"Pto Colombia\",\"lanes\"=>\"1\",\"lit\"=>\"yes\",\"oneway\"=>\"yes\",\"surface\"=>\"asphalt\"" }, "geometry": { "type": "LineString", "coordinates": [ [ -74.83647, 11.021363 ], [ -74.836975, 11.020818 ], [ -74.837611, 11.020484 ], [ -74.838116, 11.020397 ], [ -74.838993, 11.020451 ] ] } },
{ "type": "Feature", "properties": { "Name": null, "descriptio": null, "timestamp": null, "begin": null, "end": null, "altitudeMo": null, "tessellate": -1.0, "extrude": 0.0, "visibility": -1.0, "drawOrder": null, "icon": null, "fid": 1569.0, "osm_id": "561058700", "highway": "trunk_link", "waterway": null, "aerialway": null, "barrier": null, "man_made": null, "railway": null, "z_order": 8.0, "other_tags": "\"lanes\"=>\"1\",\"oneway\"=>\"yes\",\"surface\"=>\"asphalt\"" }, "geometry": { "type": "LineString", "coordinates": [ [ -74.839118, 11.016058 ], [ -74.839501, 11.01627 ], [ -74.839557, 11.016392 ], [ -74.839524, 11.016466 ], [ -74.839283, 11.016485 ], [ -74.838897, 11.016279 ], [ -74.838753, 11.016159 ], [ -74.838698, 11.015962 ] ] } },
{ "type": "Feature", "properties": { "Name": null, "descriptio": null, "timestamp": null, "begin": null, "end": null, "altitudeMo": null, "tessellate": -1.0, "extrude": 0.0, "visibility": -1.0, "drawOrder": null, "icon": null, "fid": 1568.0, "osm_id": "561058697", "highway": "trunk_link", "waterway": null, "aerialway": null, "barrier": null, "man_made": null, "railway": null, "z_order": 8.0, "other_tags": "\"cycleway:both\"=>\"no\",\"lanes\"=>\"1\",\"oneway\"=>\"yes\",\"surface\"=>\"asphalt\"" }, "geometry": { "type": "LineString", "coordinates": [ [ -74.837599, 11.019635 ], [ -74.837742, 11.019873 ], [ -74.83776, 11.02005 ], [ -74.837588, 11.020297 ], [ -74.8373, 11.020509 ], [ -74.837141, 11.020544 ], [ -74.836992, 11.020466 ], [ -74.83699, 11.019995 ] ] } },
{ "type": "Feature", "properties": { "Name": null, "descriptio": null, "timestamp": null, "begin": null, "end": null, "altitudeMo": null, "tessellate": -1.0, "extrude": 0.0, "visibility": -1.0, "drawOrder": null, "icon": null, "fid": 1577.0, "osm_id": "561590556", "highway": "unclassified", "waterway": null, "aerialway": null, "barrier": null, "man_made": null, "railway": null, "z_order": 3.0, "other_tags": "\"lanes\"=>\"1\",\"oneway\"=>\"yes\",\"surface\"=>\"concrete\"" }, "geometry": { "type": "LineString", "coordinates": [ [ -74.843995, 11.01639 ], [ -74.843873, 11.016302 ], [ -74.843839, 11.016158 ] ] } },
{ "type": "Feature", "properties": { "Name": null, "descriptio": null, "timestamp": null, "begin": null, "end": null, "altitudeMo": null, "tessellate": -1.0, "extrude": 0.0, "visibility": -1.0, "drawOrder": null, "icon": null, "fid": 2560.0, "osm_id": "787279285", "highway": "trunk_link", "waterway": null, "aerialway": null, "barrier": null, "man_made": null, "railway": null, "z_order": 8.0, "other_tags": "\"bicycle\"=>\"yes\",\"lanes\"=>\"2\",\"oneway\"=>\"yes\",\"smoothness\"=>\"excellent\",\"surface\"=>\"asphalt\"" }, "geometry": { "type": "LineString", "coordinates": [ [ -74.874441, 11.020472 ], [ -74.873731, 11.020713 ], [ -74.872967, 11.020563 ] ] } },
{ "type": "Feature", "properties": { "Name": null, "descriptio": null, "timestamp": null, "begin": null, "end": null, "altitudeMo": null, "tessellate": -1.0, "extrude": 0.0, "visibility": -1.0, "drawOrder": null, "icon": null, "fid": 2563.0, "osm_id": "787279289", "highway": "trunk_link", "waterway": null, "aerialway": null, "barrier": null, "man_made": null, "railway": null, "z_order": 28.0, "other_tags": "\"bridge\"=>\"yes\",\"check_date\"=>\"2020-07-26\",\"lanes\"=>\"1\",\"layer\"=>\"1\",\"oneway\"=>\"yes\",\"smoothness\"=>\"excellent\",\"surface\"=>\"asphalt\"" }, "geometry": { "type": "LineString", "coordinates": [ [ -74.873477, 11.020887 ], [ -74.873764, 11.021237 ] ] } },
{ "type": "Feature", "properties": { "Name": null, "descriptio": null, "timestamp": null, "begin": null, "end": null, "altitudeMo": null, "tessellate": -1.0, "extrude": 0.0, "visibility": -1.0, "drawOrder": null, "icon": null, "fid": 2562.0, "osm_id": "787279288", "highway": "trunk_link", "waterway": null, "aerialway": null, "barrier": null, "man_made": null, "railway": null, "z_order": 8.0, "other_tags": "\"check_date\"=>\"2020-07-26\",\"lanes\"=>\"1\",\"oneway\"=>\"yes\",\"smoothness\"=>\"excellent\",\"surface\"=>\"asphalt\"" }, "geometry": { "type": "LineString", "coordinates": [ [ -74.872906, 11.020604 ], [ -74.873209, 11.020696 ], [ -74.873477, 11.020887 ] ] } },
{ "type": "Feature", "properties": { "Name": null, "descriptio": null, "timestamp": null, "begin": null, "end": null, "altitudeMo": null, "tessellate": -1.0, "extrude": 0.0, "visibility": -1.0, "drawOrder": null, "icon": null, "fid": 2564.0, "osm_id": "787279290", "highway": "trunk_link", "waterway": null, "aerialway": null, "barrier": null, "man_made": null, "railway": null, "z_order": 8.0, "other_tags": "\"check_date\"=>\"2020-07-26\",\"lanes\"=>\"1\",\"oneway\"=>\"yes\",\"smoothness\"=>\"excellent\",\"surface\"=>\"asphalt\"" }, "geometry": { "type": "LineString", "coordinates": [ [ -74.87279, 11.021887 ], [ -74.873091, 11.021848 ], [ -74.873438, 11.022037 ], [ -74.873732, 11.021982 ], [ -74.873876, 11.021828 ], [ -74.87392, 11.021671 ], [ -74.873801, 11.021214 ] ] } },
{ "type": "Feature", "properties": { "Name": null, "descriptio": null, "timestamp": null, "begin": null, "end": null, "altitudeMo": null, "tessellate": -1.0, "extrude": 0.0, "visibility": -1.0, "drawOrder": null, "icon": null, "fid": 2557.0, "osm_id": "777539117", "highway": "trunk_link", "waterway": null, "aerialway": null, "barrier": null, "man_made": null, "railway": null, "z_order": 8.0, "other_tags": "\"bicycle\"=>\"no\",\"check_date\"=>\"2020-07-26\",\"lanes\"=>\"1\",\"oneway\"=>\"yes\",\"surface\"=>\"asphalt\"" }, "geometry": { "type": "LineString", "coordinates": [ [ -74.872878, 11.020864 ], [ -74.873084, 11.020803 ], [ -74.873249, 11.020958 ], [ -74.87323, 11.021102 ], [ -74.872944, 11.021489 ] ] } },
{ "type": "Feature", "properties": { "Name": null, "descriptio": null, "timestamp": null, "begin": null, "end": null, "altitudeMo": null, "tessellate": -1.0, "extrude": 0.0, "visibility": -1.0, "drawOrder": null, "icon": null, "fid": 2556.0, "osm_id": "777539116", "highway": "trunk_link", "waterway": null, "aerialway": null, "barrier": null, "man_made": null, "railway": null, "z_order": 8.0, "other_tags": "\"bicycle\"=>\"yes\",\"destination\"=>\"Villa Campestre\",\"lanes\"=>\"2\",\"oneway\"=>\"yes\",\"surface\"=>\"asphalt\"" }, "geometry": { "type": "LineString", "coordinates": [ [ -74.871171, 11.023701 ], [ -74.870827, 11.023971 ], [ -74.870494, 11.023775 ] ] } },
{ "type": "Feature", "properties": { "Name": "Transversal 3B", "descriptio": null, "timestamp": null, "begin": null, "end": null, "altitudeMo": null, "tessellate": -1.0, "extrude": 0.0, "visibility": -1.0, "drawOrder": null, "icon": null, "fid": 2286.0, "osm_id": "695534251", "highway": "unclassified", "waterway": null, "aerialway": null, "barrier": null, "man_made": null, "railway": null, "z_order": 3.0, "other_tags": "\"surface\"=>\"paved\"" }, "geometry": { "type": "LineString", "coordinates": [ [ -74.860732, 11.028959 ], [ -74.861163, 11.029001 ], [ -74.861441, 11.028946 ], [ -74.861834, 11.028718 ], [ -74.862295, 11.028298 ] ] } },
{ "type": "Feature", "properties": { "Name": null, "descriptio": null, "timestamp": null, "begin": null, "end": null, "altitudeMo": null, "tessellate": -1.0, "extrude": 0.0, "visibility": -1.0, "drawOrder": null, "icon": null, "fid": 2248.0, "osm_id": "694836960", "highway": "trunk_link", "waterway": null, "aerialway": null, "barrier": null, "man_made": null, "railway": null, "z_order": 8.0, "other_tags": "\"destination\"=>\"Cartagena;Salgar\",\"destination:ref\"=>\"90A\",\"lanes\"=>\"1\",\"oneway\"=>\"yes\",\"smoothness\"=>\"excellent\",\"surface\"=>\"asphalt\"" }, "geometry": { "type": "LineString", "coordinates": [ [ -74.876541, 11.014805 ], [ -74.876476, 11.015043 ], [ -74.87632, 11.015198 ], [ -74.876105, 11.015251 ], [ -74.875848, 11.015152 ], [ -74.875727, 11.014969 ], [ -74.875721, 11.014751 ], [ -74.875832, 11.014563 ], [ -74.876074, 11.014439 ] ] } },
{ "type": "Feature", "properties": { "Name": "Carrera 75A", "descriptio": null, "timestamp": null, "begin": null, "end": null, "altitudeMo": null, "tessellate": -1.0, "extrude": 0.0, "visibility": -1.0, "drawOrder": null, "icon": null, "fid": 1937.0, "osm_id": "674271701", "highway": "unclassified", "waterway": null, "aerialway": null, "barrier": null, "man_made": null, "railway": null, "z_order": 3.0, "other_tags": "\"lanes\"=>\"2\",\"lit\"=>\"yes\",\"sidewalk\"=>\"right\",\"surface\"=>\"concrete\"" }, "geometry": { "type": "LineString", "coordinates": [ [ -74.816885, 11.028005 ], [ -74.819581, 11.02959 ], [ -74.82041, 11.029928 ], [ -74.822783, 11.030239 ], [ -74.827283, 11.030686 ], [ -74.827876, 11.03086 ] ] } },
{ "type": "Feature", "properties": { "Name": null, "descriptio": null, "timestamp": null, "begin": null, "end": null, "altitudeMo": null, "tessellate": -1.0, "extrude": 0.0, "visibility": -1.0, "drawOrder": null, "icon": null, "fid": 2012.0, "osm_id": "676323199", "highway": "trunk_link", "waterway": null, "aerialway": null, "barrier": null, "man_made": null, "railway": null, "z_order": 8.0, "other_tags": "\"bicycle\"=>\"yes\",\"destination:ref\"=>\"90A\",\"lanes\"=>\"1\",\"oneway\"=>\"yes\",\"surface\"=>\"asphalt\"" }, "geometry": { "type": "LineString", "coordinates": [ [ -74.841273, 11.01275 ], [ -74.841816, 11.012624 ], [ -74.842073, 11.012654 ], [ -74.842555, 11.012839 ] ] } },
{ "type": "Feature", "properties": { "Name": "Circunvalar de la Prosperidad", "descriptio": null, "timestamp": null, "begin": null, "end": null, "altitudeMo": null, "tessellate": -1.0, "extrude": 0.0, "visibility": -1.0, "drawOrder": null, "icon": null, "fid": 1755.0, "osm_id": "633103837", "highway": "trunk", "waterway": null, "aerialway": null, "barrier": null, "man_made": null, "railway": null, "z_order": 8.0, "other_tags": "\"lanes\"=>\"2\",\"oneway\"=>\"yes\",\"smoothness\"=>\"excellent\",\"surface\"=>\"asphalt\",\"unsigned_ref\"=>\"25 AT 04\"" }, "geometry": { "type": "MultiLineString", "coordinates": [ [ [ -74.85972, 11.030978 ], [ -74.860508, 11.028891 ], [ -74.860725, 11.028477 ], [ -74.861044, 11.028156 ], [ -74.861323, 11.027999 ], [ -74.861773, 11.027897 ], [ -74.863702, 11.028137 ], [ -74.864211, 11.028084 ], [ -74.864683, 11.027897 ], [ -74.865037, 11.027654 ], [ -74.867547, 11.025634 ], [ -74.868096, 11.02547 ], [ -74.869243, 11.025524 ], [ -74.869882, 11.025322 ], [ -74.870255, 11.025077 ], [ -74.870563, 11.024756 ], [ -74.873148, 11.021481 ], [ -74.876383, 11.019545 ], [ -74.876679, 11.019297 ], [ -74.876989, 11.018913 ], [ -74.877195, 11.018505 ], [ -74.877338, 11.017862 ], [ -74.877145, 11.016704 ], [ -74.876077, 11.012364 ], [ -74.876054, 11.011555 ], [ -74.876227, 11.010679 ], [ -74.876555, 11.009938 ], [ -74.881109, 11.002831 ], [ -74.882523, 11.000693 ], [ -74.884148, 10.998406 ], [ -74.8855, 10.99606 ], [ -74.889195, 10.990263 ], [ -74.889612, 10.989472 ], [ -74.889804, 10.988757 ], [ -74.891428, 10.976556 ], [ -74.891932, 10.975252 ], [ -74.892239, 10.974744 ], [ -74.892975, 10.973839 ], [ -74.893342, 10.9735 ], [ -74.899789, 10.968736 ], [ -74.900175, 10.968386 ], [ -74.900712, 10.967714 ], [ -74.900956, 10.967254 ], [ -74.901096, 10.966817 ], [ -74.901194, 10.966327 ], [ -74.901235, 10.965419 ], [ -74.900967, 10.964342 ], [ -74.900381, 10.962824 ], [ -74.899613, 10.960475 ], [ -74.898305, 10.957665 ], [ -74.896656, 10.953519 ], [ -74.896454, 10.952779 ], [ -74.896352, 10.951852 ], [ -74.896215, 10.94761 ], [ -74.895735, 10.942487 ], [ -74.895746, 10.941774 ], [ -74.895872, 10.941 ], [ -74.896033, 10.94052 ], [ -74.898246, 10.935174 ], [ -74.898332, 10.934742 ], [ -74.898356, 10.934105 ], [ -74.898219, 10.933273 ], [ -74.898014, 10.932649 ], [ -74.89779, 10.932212 ], [ -74.897171, 10.931472 ], [ -74.894626, 10.929259 ], [ -74.891559, 10.926744 ], [ -74.890994, 10.926335 ], [ -74.890141, 10.925905 ], [ -74.888482, 10.925423 ] ], [ [ -74.884724, 10.92462 ], [ -74.883342, 10.92418 ], [ -74.88279, 10.923844 ], [ -74.882395, 10.923501 ], [ -74.881873, 10.922824 ], [ -74.880924, 10.920958 ], [ -74.880299, 10.920221 ], [ -74.879701, 10.919678 ], [ -74.878913, 10.919229 ], [ -74.8761, 10.918154 ], [ -74.875464, 10.917722 ], [ -74.874844, 10.917122 ], [ -74.874246, 10.916222 ], [ -74.87313, 10.913908 ], [ -74.87117, 10.910972 ], [ -74.870672, 10.910007 ], [ -74.866695, 10.900255 ], [ -74.865992, 10.89922 ], [ -74.86525, 10.898503 ], [ -74.864666, 10.898093 ], [ -74.86246, 10.896823 ], [ -74.859453, 10.894942 ], [ -74.857055, 10.893654 ], [ -74.850527, 10.889835 ], [ -74.848472, 10.8887 ], [ -74.845125, 10.886487 ], [ -74.844315, 10.886015 ], [ -74.841976, 10.884875 ], [ -74.836695, 10.881883 ], [ -74.83224, 10.880511 ], [ -74.831786, 10.880316 ], [ -74.831, 10.879797 ], [ -74.830707, 10.87944 ], [ -74.830056, 10.878306 ], [ -74.829828, 10.8775 ], [ -74.829015, 10.873723 ], [ -74.828691, 10.871457 ], [ -74.82816, 10.869914 ], [ -74.826194, 10.861146 ], [ -74.825432, 10.857447 ], [ -74.825081, 10.855109 ], [ -74.82449, 10.85329 ], [ -74.823367, 10.84849 ], [ -74.822983, 10.847352 ], [ -74.822559, 10.846396 ], [ -74.821782, 10.84501 ], [ -74.820652, 10.843505 ], [ -74.819652, 10.842455 ], [ -74.818995, 10.841881 ], [ -74.818177, 10.841251 ], [ -74.817064, 10.840529 ], [ -74.813952, 10.838702 ], [ -74.812164, 10.837488 ], [ -74.810039, 10.836425 ], [ -74.804763, 10.833353 ], [ -74.791271, 10.826667 ], [ -74.790054, 10.826138 ], [ -74.7887, 10.825898 ], [ -74.787491, 10.825952 ], [ -74.780449, 10.826978 ], [ -74.778558, 10.827084 ], [ -74.775449, 10.827776 ], [ -74.771021, 10.828411 ], [ -74.770154, 10.828361 ], [ -74.769174, 10.828073 ] ], [ [ -74.826467, 10.862922 ], [ -74.827758, 10.868671 ], [ -74.828305, 10.87165 ], [ -74.828849, 10.873757 ], [ -74.82979, 10.877893 ], [ -74.830141, 10.878847 ], [ -74.830601, 10.879531 ], [ -74.830943, 10.87989 ], [ -74.831707, 10.880394 ], [ -74.83219, 10.880612 ], [ -74.836202, 10.881786 ], [ -74.836864, 10.882064 ], [ -74.841883, 10.88497 ], [ -74.84441, 10.886666 ], [ -74.846982, 10.887981 ], [ -74.851482, 10.890535 ], [ -74.856919, 10.893749 ], [ -74.859147, 10.895264 ], [ -74.861248, 10.896299 ], [ -74.864522, 10.898185 ], [ -74.865153, 10.898633 ], [ -74.86585, 10.899274 ], [ -74.866422, 10.900054 ], [ -74.866714, 10.900595 ], [ -74.870842, 10.910729 ], [ -74.874029, 10.916353 ], [ -74.874719, 10.917287 ], [ -74.87541, 10.917842 ], [ -74.876073, 10.918251 ], [ -74.878859, 10.919312 ], [ -74.879425, 10.91962 ], [ -74.879956, 10.920008 ], [ -74.88052, 10.920607 ], [ -74.880994, 10.921261 ], [ -74.881691, 10.922785 ], [ -74.882108, 10.923424 ], [ -74.882543, 10.923881 ], [ -74.883264, 10.924391 ], [ -74.884516, 10.924853 ], [ -74.890259, 10.926201 ], [ -74.890992, 10.926527 ], [ -74.891396, 10.926792 ], [ -74.894373, 10.929305 ], [ -74.896994, 10.931405 ], [ -74.897727, 10.932248 ], [ -74.898006, 10.93283 ], [ -74.898148, 10.933289 ], [ -74.898282, 10.93411 ], [ -74.898175, 10.935156 ], [ -74.895927, 10.940522 ], [ -74.895631, 10.941414 ], [ -74.895566, 10.942133 ], [ -74.895755, 10.946829 ], [ -74.896245, 10.952414 ], [ -74.896354, 10.952957 ], [ -74.898535, 10.958705 ], [ -74.899107, 10.960654 ], [ -74.900192, 10.962787 ], [ -74.900931, 10.964621 ], [ -74.901065, 10.965155 ], [ -74.901121, 10.965843 ], [ -74.901004, 10.966755 ], [ -74.900859, 10.967198 ], [ -74.900282, 10.968107 ], [ -74.899704, 10.968673 ], [ -74.893234, 10.97344 ], [ -74.892877, 10.973776 ], [ -74.892125, 10.974688 ], [ -74.891804, 10.975233 ], [ -74.891304, 10.976533 ], [ -74.8898, 10.987948 ], [ -74.889638, 10.989012 ], [ -74.889368, 10.989748 ], [ -74.885387, 10.99599 ], [ -74.883833, 10.998157 ], [ -74.882358, 11.000707 ], [ -74.876439, 11.009926 ], [ -74.876133, 11.010628 ], [ -74.875951, 11.011556 ], [ -74.875975, 11.012363 ], [ -74.877142, 11.01737 ], [ -74.87714, 11.018126 ], [ -74.87703, 11.018516 ], [ -74.876817, 11.018915 ], [ -74.876239, 11.019477 ], [ -74.87407, 11.02067 ], [ -74.873295, 11.021165 ], [ -74.872944, 11.021489 ], [ -74.87035, 11.024734 ], [ -74.869814, 11.025184 ], [ -74.869141, 11.02539 ], [ -74.868103, 11.025327 ], [ -74.867408, 11.025532 ], [ -74.864801, 11.027653 ], [ -74.864204, 11.027941 ], [ -74.86353, 11.027977 ], [ -74.861812, 11.027793 ], [ -74.861376, 11.027874 ], [ -74.860992, 11.028057 ], [ -74.860657, 11.028346 ], [ -74.86045, 11.02864 ], [ -74.859735, 11.030504 ], [ -74.859493, 11.030792 ] ], [ [ -74.827026, 11.038949 ], [ -74.827771, 11.038733 ], [ -74.831183, 11.036874 ], [ -74.834831, 11.03474 ], [ -74.835476, 11.034582 ], [ -74.837023, 11.034549 ], [ -74.837667, 11.034385 ], [ -74.838234, 11.034037 ], [ -74.839473, 11.032843 ], [ -74.839988, 11.03255 ], [ -74.849148, 11.030074 ], [ -74.850579, 11.02985 ], [ -74.853681, 11.030043 ], [ -74.858123, 11.031105 ], [ -74.858957, 11.03109 ], [ -74.85926, 11.031253 ] ], [ [ -74.859251, 11.030879 ], [ -74.858629, 11.031 ], [ -74.858155, 11.030972 ], [ -74.853598, 11.029931 ], [ -74.85077, 11.029747 ], [ -74.850102, 11.029786 ], [ -74.849362, 11.029926 ], [ -74.839965, 11.032469 ], [ -74.839375, 11.032807 ], [ -74.838258, 11.033894 ], [ -74.837762, 11.034232 ], [ -74.837392, 11.034379 ], [ -74.836905, 11.034468 ], [ -74.83542, 11.034491 ], [ -74.834836, 11.034634 ], [ -74.831156, 11.036775 ], [ -74.82764, 11.038674 ], [ -74.827395, 11.038736 ], [ -74.827229, 11.038642 ] ], [ [ -74.769203, 10.828224 ], [ -74.770329, 10.828502 ], [ -74.771035, 10.828509 ], [ -74.775463, 10.827865 ], [ -74.778617, 10.827502 ], [ -74.78047, 10.827133 ], [ -74.787544, 10.826038 ], [ -74.78868, 10.825991 ], [ -74.789742, 10.826153 ], [ -74.790655, 10.826452 ], [ -74.804704, 10.833442 ], [ -74.808957, 10.835913 ], [ -74.81182, 10.837783 ], [ -74.81384, 10.83879 ], [ -74.817015, 10.840606 ], [ -74.818123, 10.841324 ], [ -74.818936, 10.84195 ], [ -74.819589, 10.84252 ], [ -74.820581, 10.843562 ], [ -74.821704, 10.845059 ], [ -74.822477, 10.846435 ], [ -74.822898, 10.847384 ], [ -74.823279, 10.848515 ], [ -74.823755, 10.850554 ], [ -74.824346, 10.853295 ], [ -74.82463, 10.855204 ], [ -74.825492, 10.858254 ], [ -74.826251, 10.861902 ] ] ] } },
{ "type": "Feature", "properties": { "Name": "Troncal del Caribe", "descriptio": null, "timestamp": null, "begin": null, "end": null, "altitudeMo": null, "tessellate": -1.0, "extrude": 0.0, "visibility": -1.0, "drawOrder": null, "icon": null, "fid": 1023.0, "osm_id": "204907229", "highway": "trunk", "waterway": null, "aerialway": null, "barrier": null, "man_made": null, "railway": null, "z_order": 8.0, "other_tags": "\"alt_name\"=>\"Vía Cienaga - Barranquilla\",\"lanes\"=>\"2\",\"lit\"=>\"no\",\"mechanical\"=>\"yes\",\"nat_name\"=>\"Transversal del Caribe\",\"ref\"=>\"90\",\"smoothness\"=>\"excellent\",\"surface\"=>\"asphalt\",\"toll\"=>\"yes\"" }, "geometry": { "type": "LineString", "coordinates": [ [ -74.654877, 11.006291 ], [ -74.664092, 11.004694 ], [ -74.666369, 11.004583 ], [ -74.668149, 11.004721 ], [ -74.671205, 11.005253 ], [ -74.681022, 11.006784 ], [ -74.682029, 11.006728 ], [ -74.682969, 11.006454 ], [ -74.68655, 11.004327 ], [ -74.689091, 11.002742 ], [ -74.690279, 11.001917 ], [ -74.691189, 11.001086 ], [ -74.693017, 10.998897 ], [ -74.694169, 10.997725 ], [ -74.702163, 10.991102 ], [ -74.703255, 10.990417 ], [ -74.70506, 10.989483 ], [ -74.725099, 10.982463 ] ] } },
{ "type": "Feature", "properties": { "Name": null, "descriptio": null, "timestamp": null, "begin": null, "end": null, "altitudeMo": null, "tessellate": -1.0, "extrude": 0.0, "visibility": -1.0, "drawOrder": null, "icon": null, "fid": 956.0, "osm_id": "182328510", "highway": "secondary_link", "waterway": null, "aerialway": null, "barrier": null, "man_made": null, "railway": null, "z_order": 6.0, "other_tags": "\"bicycle\"=>\"yes\",\"lanes\"=>\"1\",\"oneway\"=>\"yes\",\"surface\"=>\"concrete\"" }, "geometry": { "type": "LineString", "coordinates": [ [ -74.837621, 11.017406 ], [ -74.837224, 11.018313 ], [ -74.836814, 11.018507 ], [ -74.836449, 11.018473 ] ] } },
{ "type": "Feature", "properties": { "Name": null, "descriptio": null, "timestamp": null, "begin": null, "end": null, "altitudeMo": null, "tessellate": -1.0, "extrude": 0.0, "visibility": -1.0, "drawOrder": null, "icon": null, "fid": 1025.0, "osm_id": "206132640", "highway": "trunk", "waterway": null, "aerialway": null, "barrier": null, "man_made": null, "railway": null, "z_order": 8.0, "other_tags": "\"bicycle\"=>\"yes\",\"foot\"=>\"no\",\"junction\"=>\"roundabout\",\"lanes\"=>\"2\",\"lit\"=>\"yes\",\"oneway\"=>\"yes\",\"surface\"=>\"concrete\"" }, "geometry": { "type": "LineString", "coordinates": [ [ -74.827026, 11.038949 ], [ -74.827204, 11.03882 ], [ -74.827229, 11.038642 ] ] } },
{ "type": "Feature", "properties": { "Name": null, "descriptio": null, "timestamp": null, "begin": null, "end": null, "altitudeMo": null, "tessellate": -1.0, "extrude": 0.0, "visibility": -1.0, "drawOrder": null, "icon": null, "fid": 1048.0, "osm_id": "214449833", "highway": "unclassified", "waterway": null, "aerialway": null, "barrier": null, "man_made": null, "railway": null, "z_order": 3.0, "other_tags": "\"lanes\"=>\"1\",\"oneway\"=>\"yes\",\"surface\"=>\"paving_stones\"" }, "geometry": { "type": "LineString", "coordinates": [ [ -74.844433, 11.016452 ], [ -74.843995, 11.01639 ], [ -74.841266, 11.016459 ] ] } },
{ "type": "Feature", "properties": { "Name": "Avenida Circunvalar", "descriptio": null, "timestamp": null, "begin": null, "end": null, "altitudeMo": null, "tessellate": -1.0, "extrude": 0.0, "visibility": -1.0, "drawOrder": null, "icon": null, "fid": 947.0, "osm_id": "179086753", "highway": "trunk", "waterway": null, "aerialway": null, "barrier": null, "man_made": null, "railway": null, "z_order": 8.0, "other_tags": "\"alt_name\"=>\"Avenida Circunvalar Alberto Pumarejo\",\"bicycle\"=>\"yes\",\"lanes\"=>\"3\",\"lit\"=>\"yes\",\"maxspeed\"=>\"60\",\"oneway\"=>\"yes\",\"surface\"=>\"asphalt\"" }, "geometry": { "type": "MultiLineString", "coordinates": [ [ [ -74.842417, 11.004722 ], [ -74.842424, 11.004162 ], [ -74.842252, 11.004051 ], [ -74.842032, 11.004114 ], [ -74.841927, 11.004304 ], [ -74.841957, 11.005387 ], [ -74.841801, 11.006712 ], [ -74.841634, 11.007605 ], [ -74.841148, 11.009221 ], [ -74.835851, 11.022402 ], [ -74.833006, 11.029277 ], [ -74.831978, 11.031338 ], [ -74.831636, 11.032107 ], [ -74.831602, 11.032387 ], [ -74.83143, 11.032614 ], [ -74.831183, 11.032726 ] ], [ [ -74.841806, 11.003355 ], [ -74.841927, 11.004304 ] ], [ [ -74.836082, 10.984127 ], [ -74.836093, 10.985388 ], [ -74.836255, 10.987016 ], [ -74.836653, 10.98877 ], [ -74.837597, 10.991381 ], [ -74.838048, 10.992915 ], [ -74.838528, 10.994262 ], [ -74.839247, 10.995878 ], [ -74.84139, 11.001661 ], [ -74.841806, 11.003355 ], [ -74.842002, 11.003807 ], [ -74.842237, 11.003854 ], [ -74.842387, 11.003739 ], [ -74.842412, 11.003505 ], [ -74.841766, 11.002156 ], [ -74.840668, 10.999149 ] ], [ [ -74.836357, 10.983024 ], [ -74.83647, 10.982807 ], [ -74.83646, 10.982691 ], [ -74.836345, 10.982522 ], [ -74.836096, 10.982466 ], [ -74.836119, 10.983102 ], [ -74.836167, 10.984458 ], [ -74.83633, 10.986354 ], [ -74.836616, 10.988078 ], [ -74.83687, 10.989181 ] ], [ [ -74.799156, 10.923469 ], [ -74.802854, 10.923241 ], [ -74.808839, 10.922999 ], [ -74.815854, 10.922836 ], [ -74.81905, 10.92414 ], [ -74.826273, 10.927277 ], [ -74.830051, 10.929112 ], [ -74.83167, 10.929969 ], [ -74.832966, 10.931435 ], [ -74.834038, 10.933264 ], [ -74.834404, 10.935117 ], [ -74.834352, 10.936521 ], [ -74.833497, 10.94537 ], [ -74.833457, 10.946019 ], [ -74.833506, 10.946792 ], [ -74.833717, 10.947901 ], [ -74.838087, 10.962999 ], [ -74.838348, 10.964151 ], [ -74.838417, 10.965339 ], [ -74.838353, 10.967145 ], [ -74.838023, 10.968744 ], [ -74.836766, 10.972783 ], [ -74.83641, 10.974468 ], [ -74.836086, 10.977564 ], [ -74.836034, 10.97896 ], [ -74.836096, 10.982466 ], [ -74.835901, 10.98255 ], [ -74.835814, 10.982799 ], [ -74.835868, 10.982961 ], [ -74.835989, 10.983064 ], [ -74.836077, 10.9831 ], [ -74.836119, 10.983102 ], [ -74.836131, 10.983103 ], [ -74.836356, 10.983025 ] ], [ [ -74.831722, 11.032774 ], [ -74.831595, 11.032703 ], [ -74.831305, 11.032684 ] ], [ [ -74.827136, 11.038499 ], [ -74.826971, 11.038117 ], [ -74.826982, 11.037727 ], [ -74.827223, 11.037308 ], [ -74.829709, 11.034913 ], [ -74.830672, 11.033787 ], [ -74.830947, 11.033627 ], [ -74.831552, 11.033616 ], [ -74.831744, 11.033513 ], [ -74.831878, 11.033323 ], [ -74.831904, 11.033081 ], [ -74.831722, 11.032774 ], [ -74.831726, 11.03246 ], [ -74.833624, 11.028568 ], [ -74.83699, 11.019995 ], [ -74.838698, 11.015962 ], [ -74.841408, 11.009253 ], [ -74.841688, 11.008369 ], [ -74.84218, 11.00554 ], [ -74.842417, 11.004722 ], [ -74.8425, 11.004354 ], [ -74.842499, 11.003862 ], [ -74.842412, 11.003505 ] ], [ [ -74.830948, 11.033019 ], [ -74.830972, 11.03335 ], [ -74.831236, 11.033599 ] ], [ [ -74.830936, 11.033238 ], [ -74.830789, 11.033524 ], [ -74.830212, 11.033921 ], [ -74.828655, 11.035618 ], [ -74.827098, 11.037136 ], [ -74.826928, 11.03755 ], [ -74.826833, 11.038485 ] ], [ [ -74.780636, 10.934697 ], [ -74.780843, 10.933673 ], [ -74.781026, 10.933291 ], [ -74.781294, 10.932983 ], [ -74.783261, 10.931575 ], [ -74.78408, 10.930547 ], [ -74.787908, 10.926881 ], [ -74.789831, 10.925625 ], [ -74.791814, 10.924701 ], [ -74.794017, 10.9241 ], [ -74.795548, 10.923772 ], [ -74.799148, 10.923469 ] ] ] } },
{ "type": "Feature", "properties": { "Name": null, "descriptio": null, "timestamp": null, "begin": null, "end": null, "altitudeMo": null, "tessellate": -1.0, "extrude": 0.0, "visibility": -1.0, "drawOrder": null, "icon": null, "fid": 955.0, "osm_id": "182328506", "highway": "trunk_link", "waterway": null, "aerialway": null, "barrier": null, "man_made": null, "railway": null, "z_order": 8.0, "other_tags": "\"bicycle\"=>\"yes\",\"lanes\"=>\"1\",\"lit\"=>\"yes\",\"oneway\"=>\"yes\",\"surface\"=>\"concrete\"" }, "geometry": { "type": "LineString", "coordinates": [ [ -74.838274, 11.019684 ], [ -74.837679, 11.019042 ], [ -74.83762, 11.018796 ], [ -74.837679, 11.018364 ] ] } },
{ "type": "Feature", "properties": { "Name": null, "descriptio": null, "timestamp": null, "begin": null, "end": null, "altitudeMo": null, "tessellate": -1.0, "extrude": 0.0, "visibility": -1.0, "drawOrder": null, "icon": null, "fid": 800.0, "osm_id": "115506535", "highway": "trunk_link", "waterway": null, "aerialway": null, "barrier": null, "man_made": null, "railway": null, "z_order": 8.0, "other_tags": "\"lanes\"=>\"1\",\"oneway\"=>\"yes\",\"smoothness\"=>\"good\",\"surface\"=>\"concrete\"" }, "geometry": { "type": "LineString", "coordinates": [ [ -74.859249, 11.016562 ], [ -74.859528, 11.016595 ], [ -74.859881, 11.016893 ], [ -74.860023, 11.016899 ], [ -74.860114, 11.016739 ], [ -74.860051, 11.016117 ] ] } },
{ "type": "Feature", "properties": { "Name": null, "descriptio": null, "timestamp": null, "begin": null, "end": null, "altitudeMo": null, "tessellate": -1.0, "extrude": 0.0, "visibility": -1.0, "drawOrder": null, "icon": null, "fid": 799.0, "osm_id": "115506533", "highway": "trunk_link", "waterway": null, "aerialway": null, "barrier": null, "man_made": null, "railway": null, "z_order": 8.0, "other_tags": "\"destination:ref\"=>\"90A\",\"lanes\"=>\"1\",\"oneway\"=>\"yes\",\"smoothness\"=>\"good\",\"surface\"=>\"concrete\"" }, "geometry": { "type": "LineString", "coordinates": [ [ -74.860051, 11.016117 ], [ -74.859324, 11.016417 ] ] } },
{ "type": "Feature", "properties": { "Name": null, "descriptio": null, "timestamp": null, "begin": null, "end": null, "altitudeMo": null, "tessellate": -1.0, "extrude": 0.0, "visibility": -1.0, "drawOrder": null, "icon": null, "fid": 926.0, "osm_id": "178927701", "highway": "unclassified", "waterway": null, "aerialway": null, "barrier": null, "man_made": null, "railway": null, "z_order": 3.0, "other_tags": "\"destination:ref\"=>\"90A\",\"lanes\"=>\"1\",\"oneway\"=>\"yes\",\"smoothness\"=>\"intermediate\",\"surface\"=>\"asphalt\"" }, "geometry": { "type": "LineString", "coordinates": [ [ -74.885554, 11.013537 ], [ -74.885626, 11.013353 ], [ -74.885784, 11.013235 ] ] } },
{ "type": "Feature", "properties": { "Name": null, "descriptio": null, "timestamp": null, "begin": null, "end": null, "altitudeMo": null, "tessellate": -1.0, "extrude": 0.0, "visibility": -1.0, "drawOrder": null, "icon": null, "fid": 928.0, "osm_id": "178927703", "highway": "unclassified", "waterway": null, "aerialway": null, "barrier": null, "man_made": null, "railway": null, "z_order": 3.0, "other_tags": "\"lanes\"=>\"1\",\"oneway\"=>\"yes\",\"smoothness\"=>\"intermediate\",\"surface\"=>\"asphalt\"" }, "geometry": { "type": "LineString", "coordinates": [ [ -74.885254, 11.013314 ], [ -74.885436, 11.013383 ], [ -74.885554, 11.013537 ] ] } },
{ "type": "Feature", "properties": { "Name": null, "descriptio": null, "timestamp": null, "begin": null, "end": null, "altitudeMo": null, "tessellate": -1.0, "extrude": 0.0, "visibility": -1.0, "drawOrder": null, "icon": null, "fid": 707.0, "osm_id": "106275774", "highway": "secondary_link", "waterway": null, "aerialway": null, "barrier": null, "man_made": null, "railway": null, "z_order": 6.0, "other_tags": "\"lanes\"=>\"2\",\"oneway\"=>\"yes\",\"surface\"=>\"concrete\"" }, "geometry": { "type": "LineString", "coordinates": [ [ -74.838728, 11.016283 ], [ -74.839414, 11.016591 ], [ -74.841426, 11.01658 ] ] } },
{ "type": "Feature", "properties": { "Name": null, "descriptio": null, "timestamp": null, "begin": null, "end": null, "altitudeMo": null, "tessellate": -1.0, "extrude": 0.0, "visibility": -1.0, "drawOrder": null, "icon": null, "fid": 705.0, "osm_id": "106275760", "highway": "trunk_link", "waterway": null, "aerialway": null, "barrier": null, "man_made": null, "railway": null, "z_order": 8.0, "other_tags": "\"bicycle\"=>\"yes\",\"lanes\"=>\"1\",\"lit\"=>\"yes\",\"oneway\"=>\"yes\",\"surface\"=>\"asphalt\"" }, "geometry": { "type": "LineString", "coordinates": [ [ -74.839475, 11.01608 ], [ -74.839213, 11.01575 ], [ -74.83911, 11.01551 ], [ -74.839094, 11.015159 ], [ -74.839166, 11.014794 ] ] } },
{ "type": "Feature", "properties": { "Name": "Salida a Avenida Circunvalar", "descriptio": null, "timestamp": null, "begin": null, "end": null, "altitudeMo": null, "tessellate": -1.0, "extrude": 0.0, "visibility": -1.0, "drawOrder": null, "icon": null, "fid": 717.0, "osm_id": "106407763", "highway": "trunk_link", "waterway": null, "aerialway": null, "barrier": null, "man_made": null, "railway": null, "z_order": 8.0, "other_tags": "\"bicycle\"=>\"yes\",\"lanes\"=>\"1\",\"oneway\"=>\"yes\",\"surface\"=>\"asphalt\"" }, "geometry": { "type": "LineString", "coordinates": [ [ -74.841257, 11.010134 ], [ -74.841264, 11.009805 ], [ -74.841408, 11.009253 ] ] } },
{ "type": "Feature", "properties": { "Name": "Salida a Avenida Carrera 46", "descriptio": null, "timestamp": null, "begin": null, "end": null, "altitudeMo": null, "tessellate": -1.0, "extrude": 0.0, "visibility": -1.0, "drawOrder": null, "icon": null, "fid": 732.0, "osm_id": "106408059", "highway": "trunk_link", "waterway": null, "aerialway": null, "barrier": null, "man_made": null, "railway": null, "z_order": 8.0, "other_tags": "\"bicycle\"=>\"yes\",\"destination:ref\"=>\"90A\",\"lanes\"=>\"1\",\"lit\"=>\"yes\",\"oneway\"=>\"yes\",\"surface\"=>\"asphalt\"" }, "geometry": { "type": "LineString", "coordinates": [ [ -74.840593, 11.011224 ], [ -74.840875, 11.010827 ], [ -74.841045, 11.01073 ], [ -74.841295, 11.010779 ], [ -74.841471, 11.011017 ], [ -74.841463, 11.011363 ], [ -74.841268, 11.011567 ], [ -74.84094, 11.01166 ], [ -74.840535, 11.011609 ] ] } },
{ "type": "Feature", "properties": { "Name": "Vía al Henequén", "descriptio": null, "timestamp": null, "begin": null, "end": null, "altitudeMo": null, "tessellate": -1.0, "extrude": 0.0, "visibility": -1.0, "drawOrder": null, "icon": null, "fid": 722.0, "osm_id": "106407880", "highway": "unclassified", "waterway": null, "aerialway": null, "barrier": null, "man_made": null, "railway": null, "z_order": 3.0, "other_tags": "\"oneway\"=>\"yes\",\"surface\"=>\"asphalt\"" }, "geometry": { "type": "LineString", "coordinates": [ [ -74.840978, 11.0103 ], [ -74.841257, 11.010134 ] ] } },
{ "type": "Feature", "properties": { "Name": "Vía al Mar", "descriptio": null, "timestamp": null, "begin": null, "end": null, "altitudeMo": null, "tessellate": -1.0, "extrude": 0.0, "visibility": -1.0, "drawOrder": null, "icon": null, "fid": 798.0, "osm_id": "115506531", "highway": "trunk", "waterway": null, "aerialway": null, "barrier": null, "man_made": null, "railway": null, "z_order": 28.0, "other_tags": "\"bicycle\"=>\"yes\",\"bridge\"=>\"yes\",\"lanes\"=>\"2\",\"layer\"=>\"1\",\"lit\"=>\"yes\",\"mechanical\"=>\"yes\",\"nat_name\"=>\"Vía Cartagena - Barranquilla\",\"oneway\"=>\"yes\",\"ref\"=>\"90A\",\"smoothness\"=>\"excellent\",\"surface\"=>\"concrete\"" }, "geometry": { "type": "LineString", "coordinates": [ [ -74.860199, 11.016301 ], [ -74.859925, 11.016337 ] ] } },
{ "type": "Feature", "properties": { "Name": null, "descriptio": null, "timestamp": null, "begin": null, "end": null, "altitudeMo": null, "tessellate": -1.0, "extrude": 0.0, "visibility": -1.0, "drawOrder": null, "icon": null, "fid": 539.0, "osm_id": "100410079", "highway": "trunk_link", "waterway": null, "aerialway": null, "barrier": null, "man_made": null, "railway": null, "z_order": 8.0, "other_tags": "\"destination\"=>\"Salgar;Cartagena\",\"destination:ref\"=>\"90A\",\"lanes\"=>\"2\",\"oneway\"=>\"yes\",\"smoothness\"=>\"excellent\",\"surface\"=>\"asphalt\"" }, "geometry": { "type": "LineString", "coordinates": [ [ -74.877459, 11.015159 ], [ -74.878691, 11.014984 ], [ -74.878957, 11.014792 ] ] } },
{ "type": "Feature", "properties": { "Name": "Vía al Mar", "descriptio": null, "timestamp": null, "begin": null, "end": null, "altitudeMo": null, "tessellate": -1.0, "extrude": 0.0, "visibility": -1.0, "drawOrder": null, "icon": null, "fid": 536.0, "osm_id": "100410073", "highway": "trunk", "waterway": null, "aerialway": null, "barrier": null, "man_made": null, "railway": null, "z_order": 28.0, "other_tags": "\"bicycle\"=>\"yes\",\"bridge\"=>\"yes\",\"bridge:name\"=>\"Olaya Herrera\",\"lanes\"=>\"2\",\"layer\"=>\"1\",\"lit\"=>\"yes\",\"nat_name\"=>\"Vía Cartagena - Barranquilla\",\"oneway\"=>\"yes\",\"ref\"=>\"90A\",\"smoothness\"=>\"excellent\",\"surface\"=>\"concrete\"" }, "geometry": { "type": "LineString", "coordinates": [ [ -74.883867, 11.013352 ], [ -74.883539, 11.013392 ] ] } },
{ "type": "Feature", "properties": { "Name": "Vía al Mar", "descriptio": null, "timestamp": null, "begin": null, "end": null, "altitudeMo": null, "tessellate": -1.0, "extrude": 0.0, "visibility": -1.0, "drawOrder": null, "icon": null, "fid": 537.0, "osm_id": "100410075", "highway": "trunk", "waterway": null, "aerialway": null, "barrier": null, "man_made": null, "railway": null, "z_order": 28.0, "other_tags": "\"bicycle\"=>\"yes\",\"bridge\"=>\"yes\",\"bridge:name\"=>\"Olaya Herrera\",\"lanes\"=>\"2\",\"layer\"=>\"1\",\"lit\"=>\"yes\",\"nat_name\"=>\"Vía Cartagena - Barranquilla\",\"oneway\"=>\"yes\",\"ref\"=>\"90A\",\"smoothness\"=>\"excellent\",\"surface\"=>\"concrete\"" }, "geometry": { "type": "LineString", "coordinates": [ [ -74.883551, 11.0135 ], [ -74.883879, 11.013464 ] ] } },
{ "type": "Feature", "properties": { "Name": "Vía al Mar", "descriptio": null, "timestamp": null, "begin": null, "end": null, "altitudeMo": null, "tessellate": -1.0, "extrude": 0.0, "visibility": -1.0, "drawOrder": null, "icon": null, "fid": 168.0, "osm_id": "48960517", "highway": "trunk", "waterway": null, "aerialway": null, "barrier": null, "man_made": null, "railway": null, "z_order": 28.0, "other_tags": "\"bicycle\"=>\"yes\",\"bridge\"=>\"viaduct\",\"lanes\"=>\"2\",\"layer\"=>\"2\",\"nat_name\"=>\"Vía Cartagena - Barranquilla\",\"oneway\"=>\"yes\",\"ref\"=>\"90A\",\"smoothness\"=>\"excellent\",\"surface\"=>\"concrete\"" }, "geometry": { "type": "LineString", "coordinates": [ [ -74.839998, 11.011469 ], [ -74.84048, 11.011718 ] ] } },
{ "type": "Feature", "properties": { "Name": "Salida a Vía al Mar", "descriptio": null, "timestamp": null, "begin": null, "end": null, "altitudeMo": null, "tessellate": -1.0, "extrude": 0.0, "visibility": -1.0, "drawOrder": null, "icon": null, "fid": 126.0, "osm_id": "34241326", "highway": "trunk_link", "waterway": null, "aerialway": null, "barrier": null, "man_made": null, "railway": null, "z_order": 8.0, "other_tags": "\"bicycle\"=>\"yes\",\"destination:ref\"=>\"90A\",\"lanes\"=>\"1\",\"oneway\"=>\"yes\",\"surface\"=>\"asphalt\"" }, "geometry": { "type": "LineString", "coordinates": [ [ -74.840093, 11.01183 ], [ -74.839746, 11.012187 ], [ -74.839486, 11.012275 ], [ -74.839165, 11.012168 ], [ -74.839004, 11.011913 ], [ -74.839024, 11.011639 ], [ -74.839233, 11.011402 ], [ -74.839533, 11.011346 ], [ -74.839998, 11.011469 ] ] } },
{ "type": "Feature", "properties": { "Name": "Salida a Avenida Carrera 46", "descriptio": null, "timestamp": null, "begin": null, "end": null, "altitudeMo": null, "tessellate": -1.0, "extrude": 0.0, "visibility": -1.0, "drawOrder": null, "icon": null, "fid": 129.0, "osm_id": "34376571", "highway": "trunk_link", "waterway": null, "aerialway": null, "barrier": null, "man_made": null, "railway": null, "z_order": 8.0, "other_tags": "\"bicycle\"=>\"yes\",\"lanes\"=>\"2\",\"oneway\"=>\"yes\",\"surface\"=>\"asphalt\"" }, "geometry": { "type": "LineString", "coordinates": [ [ -74.838029, 11.010424 ], [ -74.838327, 11.010658 ], [ -74.838488, 11.010887 ], [ -74.839219, 11.012917 ], [ -74.839296, 11.013451 ], [ -74.839225, 11.01395 ] ] } },
{ "type": "Feature", "properties": { "Name": "Salida a Avenida Circunvalar", "descriptio": null, "timestamp": null, "begin": null, "end": null, "altitudeMo": null, "tessellate": -1.0, "extrude": 0.0, "visibility": -1.0, "drawOrder": null, "icon": null, "fid": 127.0, "osm_id": "34241337", "highway": "trunk_link", "waterway": null, "aerialway": null, "barrier": null, "man_made": null, "railway": null, "z_order": 8.0, "other_tags": "\"bicycle\"=>\"yes\",\"lanes\"=>\"1\",\"oneway\"=>\"yes\",\"surface\"=>\"asphalt\"" }, "geometry": { "type": "LineString", "coordinates": [ [ -74.84048, 11.011718 ], [ -74.840863, 11.011974 ], [ -74.84101, 11.012211 ], [ -74.841023, 11.012466 ], [ -74.840936, 11.012683 ], [ -74.8406, 11.012864 ], [ -74.840321, 11.012801 ], [ -74.840161, 11.012618 ], [ -74.840187, 11.012217 ] ] } },
{ "type": "Feature", "properties": { "Name": "Salida a Vía al Mar", "descriptio": null, "timestamp": null, "begin": null, "end": null, "altitudeMo": null, "tessellate": -1.0, "extrude": 0.0, "visibility": -1.0, "drawOrder": null, "icon": null, "fid": 133.0, "osm_id": "34377032", "highway": "trunk_link", "waterway": null, "aerialway": null, "barrier": null, "man_made": null, "railway": null, "z_order": 8.0, "other_tags": "\"bicycle\"=>\"yes\",\"destination:ref\"=>\"90A\",\"lanes\"=>\"2\",\"lit\"=>\"yes\",\"oneway\"=>\"yes\",\"surface\"=>\"asphalt\"" }, "geometry": { "type": "LineString", "coordinates": [ [ -74.839541, 11.013837 ], [ -74.839751, 11.013473 ], [ -74.839979, 11.013246 ], [ -74.841273, 11.01275 ] ] } },
{ "type": "Feature", "properties": { "Name": null, "descriptio": null, "timestamp": null, "begin": null, "end": null, "altitudeMo": null, "tessellate": -1.0, "extrude": 0.0, "visibility": -1.0, "drawOrder": null, "icon": null, "fid": 130.0, "osm_id": "34376622", "highway": "trunk_link", "waterway": null, "aerialway": null, "barrier": null, "man_made": null, "railway": null, "z_order": 8.0, "other_tags": "\"bicycle\"=>\"yes\",\"lanes\"=>\"1\",\"oneway\"=>\"yes\",\"surface\"=>\"concrete\"" }, "geometry": { "type": "LineString", "coordinates": [ [ -74.838798, 11.015018 ], [ -74.838544, 11.015181 ], [ -74.838113, 11.015192 ], [ -74.837566, 11.015107 ], [ -74.836834, 11.014881 ] ] } },
{ "type": "Feature", "properties": { "Name": null, "descriptio": null, "timestamp": null, "begin": null, "end": null, "altitudeMo": null, "tessellate": -1.0, "extrude": 0.0, "visibility": -1.0, "drawOrder": null, "icon": null, "fid": 165.0, "osm_id": "48960512", "highway": "trunk_link", "waterway": null, "aerialway": null, "barrier": null, "man_made": null, "railway": null, "z_order": 8.0, "other_tags": "\"bicycle\"=>\"yes\",\"lanes\"=>\"2\",\"oneway\"=>\"yes\",\"surface\"=>\"concrete\"" }, "geometry": { "type": "LineString", "coordinates": [ [ -74.83736, 11.015283 ], [ -74.838248, 11.015941 ], [ -74.838335, 11.016149 ] ] } },
{ "type": "Feature", "properties": { "Name": "Carrera 75A", "descriptio": null, "timestamp": null, "begin": null, "end": null, "altitudeMo": null, "tessellate": -1.0, "extrude": 0.0, "visibility": -1.0, "drawOrder": null, "icon": null, "fid": 1445.0, "osm_id": "544383871", "highway": "unclassified", "waterway": null, "aerialway": null, "barrier": null, "man_made": null, "railway": null, "z_order": 3.0, "other_tags": "\"lanes\"=>\"3\",\"oneway\"=>\"yes\",\"surface\"=>\"concrete\"" }, "geometry": { "type": "LineString", "coordinates": [ [ -74.827876, 11.03086 ], [ -74.828449, 11.031166 ], [ -74.829739, 11.032047 ], [ -74.83057, 11.032402 ], [ -74.830794, 11.032649 ], [ -74.830948, 11.033019 ] ] } },
{ "type": "Feature", "properties": { "Name": "Carrera 75A", "descriptio": null, "timestamp": null, "begin": null, "end": null, "altitudeMo": null, "tessellate": -1.0, "extrude": 0.0, "visibility": -1.0, "drawOrder": null, "icon": null, "fid": 1444.0, "osm_id": "544383870", "highway": "unclassified", "waterway": null, "aerialway": null, "barrier": null, "man_made": null, "railway": null, "z_order": 3.0, "other_tags": "\"lanes\"=>\"3\",\"lit\"=>\"yes\",\"oneway\"=>\"yes\",\"surface\"=>\"concrete\"" }, "geometry": { "type": "LineString", "coordinates": [ [ -74.829865, 11.031946 ], [ -74.828539, 11.031074 ] ] } },
{ "type": "Feature", "properties": { "Name": null, "descriptio": null, "timestamp": null, "begin": null, "end": null, "altitudeMo": null, "tessellate": -1.0, "extrude": 0.0, "visibility": -1.0, "drawOrder": null, "icon": null, "fid": 1447.0, "osm_id": "544386943", "highway": "unclassified", "waterway": null, "aerialway": null, "barrier": null, "man_made": null, "railway": null, "z_order": 3.0, "other_tags": "\"foot\"=>\"yes\",\"lanes\"=>\"1\",\"oneway\"=>\"yes\",\"surface\"=>\"concrete\"" }, "geometry": { "type": "LineString", "coordinates": [ [ -74.831182, 11.032372 ], [ -74.830898, 11.032386 ], [ -74.830681, 11.032311 ] ] } },
{ "type": "Feature", "properties": { "Name": "Calle 1", "descriptio": null, "timestamp": null, "begin": null, "end": null, "altitudeMo": null, "tessellate": -1.0, "extrude": 0.0, "visibility": -1.0, "drawOrder": null, "icon": null, "fid": 1331.0, "osm_id": "405584556", "highway": "unclassified", "waterway": null, "aerialway": null, "barrier": null, "man_made": null, "railway": null, "z_order": 3.0, "other_tags": "\"lanes\"=>\"2\",\"oneway\"=>\"yes\",\"surface\"=>\"concrete\"" }, "geometry": { "type": "LineString", "coordinates": [ [ -74.837871, 11.019274 ], [ -74.837736, 11.018955 ], [ -74.837721, 11.018629 ], [ -74.838659, 11.016335 ], [ -74.838728, 11.016283 ] ] } },
{ "type": "Feature", "properties": { "Name": null, "descriptio": null, "timestamp": null, "begin": null, "end": null, "altitudeMo": null, "tessellate": -1.0, "extrude": 0.0, "visibility": -1.0, "drawOrder": null, "icon": null, "fid": 1339.0, "osm_id": "414088834", "highway": "trunk_link", "waterway": null, "aerialway": null, "barrier": null, "man_made": null, "railway": null, "z_order": 8.0, "other_tags": "\"foot\"=>\"no\",\"lanes\"=>\"1\",\"oneway\"=>\"yes\",\"surface\"=>\"asphalt\"" }, "geometry": { "type": "LineString", "coordinates": [ [ -74.944633, 10.979733 ], [ -74.944614, 10.97944 ], [ -74.944409, 10.979388 ], [ -74.944303, 10.979502 ], [ -74.944136, 10.979933 ] ] } },
{ "type": "Feature", "properties": { "Name": null, "descriptio": null, "timestamp": null, "begin": null, "end": null, "altitudeMo": null, "tessellate": -1.0, "extrude": 0.0, "visibility": -1.0, "drawOrder": null, "icon": null, "fid": 1335.0, "osm_id": "407814808", "highway": "trunk_link", "waterway": null, "aerialway": null, "barrier": null, "man_made": null, "railway": null, "z_order": 8.0, "other_tags": "\"lanes\"=>\"2\",\"oneway\"=>\"yes\",\"surface\"=>\"concrete\"" }, "geometry": { "type": "LineString", "coordinates": [ [ -74.838245, 11.016358 ], [ -74.838008, 11.016504 ] ] } },
{ "type": "Feature", "properties": { "Name": null, "descriptio": null, "timestamp": null, "begin": null, "end": null, "altitudeMo": null, "tessellate": -1.0, "extrude": 0.0, "visibility": -1.0, "drawOrder": null, "icon": null, "fid": 1340.0, "osm_id": "414088841", "highway": "trunk_link", "waterway": null, "aerialway": null, "barrier": null, "man_made": null, "railway": null, "z_order": 8.0, "other_tags": "\"foot\"=>\"no\",\"lanes\"=>\"1\",\"oneway\"=>\"yes\",\"surface\"=>\"asphalt\"" }, "geometry": { "type": "LineString", "coordinates": [ [ -74.944483, 10.97868 ], [ -74.944413, 10.979116 ], [ -74.944485, 10.979248 ], [ -74.944703, 10.979212 ], [ -74.944821, 10.978857 ] ] } },
{ "type": "Feature", "properties": { "Name": null, "descriptio": null, "timestamp": null, "begin": null, "end": null, "altitudeMo": null, "tessellate": -1.0, "extrude": 0.0, "visibility": -1.0, "drawOrder": null, "icon": null, "fid": 1131.0, "osm_id": "242089646", "highway": "secondary_link", "waterway": null, "aerialway": null, "barrier": null, "man_made": null, "railway": null, "z_order": 6.0, "other_tags": "\"bicycle\"=>\"yes\",\"lanes\"=>\"2\",\"oneway\"=>\"yes\",\"surface\"=>\"concrete\"" }, "geometry": { "type": "LineString", "coordinates": [ [ -74.837308, 11.019468 ], [ -74.837528, 11.019331 ], [ -74.837528, 11.019075 ] ] } },
{ "type": "Feature", "properties": { "Name": null, "descriptio": null, "timestamp": null, "begin": null, "end": null, "altitudeMo": null, "tessellate": -1.0, "extrude": 0.0, "visibility": -1.0, "drawOrder": null, "icon": null, "fid": 1130.0, "osm_id": "242089645", "highway": "secondary_link", "waterway": null, "aerialway": null, "barrier": null, "man_made": null, "railway": null, "z_order": 6.0, "other_tags": "\"bicycle\"=>\"yes\",\"lanes\"=>\"2\",\"oneway\"=>\"yes\",\"surface\"=>\"concrete\",\"turn:lanes\"=>\"left|left;through\"" }, "geometry": { "type": "LineString", "coordinates": [ [ -74.837064, 11.0188 ], [ -74.836812, 11.018888 ], [ -74.836772, 11.01912 ] ] } },
{ "type": "Feature", "properties": { "Name": null, "descriptio": null, "timestamp": null, "begin": null, "end": null, "altitudeMo": null, "tessellate": -1.0, "extrude": 0.0, "visibility": -1.0, "drawOrder": null, "icon": null, "fid": 1133.0, "osm_id": "242530999", "highway": "trunk_link", "waterway": null, "aerialway": null, "barrier": null, "man_made": null, "railway": null, "z_order": 8.0, "other_tags": "\"destination\"=>\"Salgar;Cartagena\",\"destination:ref\"=>\"90A\",\"lanes\"=>\"1\",\"oneway\"=>\"yes\",\"smoothness\"=>\"excellent\",\"surface\"=>\"asphalt\"" }, "geometry": { "type": "LineString", "coordinates": [ [ -74.877016, 11.015386 ], [ -74.877233, 11.015209 ], [ -74.877459, 11.015159 ] ] } },
{ "type": "Feature", "properties": { "Name": null, "descriptio": null, "timestamp": null, "begin": null, "end": null, "altitudeMo": null, "tessellate": -1.0, "extrude": 0.0, "visibility": -1.0, "drawOrder": null, "icon": null, "fid": 1134.0, "osm_id": "242531000", "highway": "unclassified", "waterway": null, "aerialway": null, "barrier": null, "man_made": null, "railway": null, "z_order": 3.0, "other_tags": "\"lanes\"=>\"2\",\"oneway\"=>\"no\",\"smoothness\"=>\"intermediate\",\"surface\"=>\"asphalt\"" }, "geometry": { "type": "LineString", "coordinates": [ [ -74.885554, 11.013537 ], [ -74.885627, 11.014267 ] ] } },
{ "type": "Feature", "properties": { "Name": "Vía al Mar", "descriptio": null, "timestamp": null, "begin": null, "end": null, "altitudeMo": null, "tessellate": -1.0, "extrude": 0.0, "visibility": -1.0, "drawOrder": null, "icon": null, "fid": 1056.0, "osm_id": "214459796", "highway": "trunk", "waterway": null, "aerialway": null, "barrier": null, "man_made": null, "railway": null, "z_order": 28.0, "other_tags": "\"bicycle\"=>\"yes\",\"bridge\"=>\"viaduct\",\"lanes\"=>\"2\",\"layer\"=>\"2\",\"lit\"=>\"yes\",\"nat_name\"=>\"Vía Cartagena - Barranquilla\",\"oneway\"=>\"yes\",\"ref\"=>\"90A\",\"smoothness\"=>\"excellent\",\"surface\"=>\"concrete\"" }, "geometry": { "type": "LineString", "coordinates": [ [ -74.840535, 11.011609 ], [ -74.840052, 11.011361 ] ] } },
{ "type": "Feature", "properties": { "Name": "Salida a Avenida Circunvalar", "descriptio": null, "timestamp": null, "begin": null, "end": null, "altitudeMo": null, "tessellate": -1.0, "extrude": 0.0, "visibility": -1.0, "drawOrder": null, "icon": null, "fid": 1051.0, "osm_id": "214459790", "highway": "trunk_link", "waterway": null, "aerialway": null, "barrier": null, "man_made": null, "railway": null, "z_order": 8.0, "other_tags": "\"bicycle\"=>\"yes\",\"lanes\"=>\"1\",\"lit\"=>\"yes\",\"oneway\"=>\"yes\",\"surface\"=>\"asphalt\"" }, "geometry": { "type": "LineString", "coordinates": [ [ -74.840052, 11.011361 ], [ -74.839641, 11.011122 ], [ -74.839444, 11.010853 ], [ -74.839436, 11.010506 ], [ -74.83967, 11.010231 ], [ -74.840043, 11.010191 ], [ -74.840343, 11.01041 ], [ -74.840418, 11.010721 ], [ -74.840365, 11.011175 ] ] } },
{ "type": "Feature", "properties": { "Name": null, "descriptio": null, "timestamp": null, "begin": null, "end": null, "altitudeMo": null, "tessellate": -1.0, "extrude": 0.0, "visibility": -1.0, "drawOrder": null, "icon": null, "fid": 1116.0, "osm_id": "227244157", "highway": "secondary_link", "waterway": null, "aerialway": null, "barrier": null, "man_made": null, "railway": null, "z_order": 6.0, "other_tags": "\"lanes\"=>\"1\",\"lit\"=>\"yes\",\"oneway\"=>\"yes\",\"surface\"=>\"concrete\"" }, "geometry": { "type": "LineString", "coordinates": [ [ -74.828442, 11.011196 ], [ -74.828604, 11.011145 ], [ -74.828782, 11.011189 ] ] } },
{ "type": "Feature", "properties": { "Name": null, "descriptio": null, "timestamp": null, "begin": null, "end": null, "altitudeMo": null, "tessellate": -1.0, "extrude": 0.0, "visibility": -1.0, "drawOrder": null, "icon": null, "fid": 1129.0, "osm_id": "242089643", "highway": "trunk_link", "waterway": null, "aerialway": null, "barrier": null, "man_made": null, "railway": null, "z_order": 8.0, "other_tags": "\"bicycle\"=>\"yes\",\"lanes\"=>\"1\",\"oneway\"=>\"yes\",\"surface\"=>\"concrete\"" }, "geometry": { "type": "LineString", "coordinates": [ [ -74.836772, 11.01912 ], [ -74.83674, 11.019558 ] ] } },
{ "type": "Feature", "properties": { "Name": "Salida a Avenida Carrera 46", "descriptio": null, "timestamp": null, "begin": null, "end": null, "altitudeMo": null, "tessellate": -1.0, "extrude": 0.0, "visibility": -1.0, "drawOrder": null, "icon": null, "fid": 1126.0, "osm_id": "241887580", "highway": "trunk_link", "waterway": null, "aerialway": null, "barrier": null, "man_made": null, "railway": null, "z_order": 8.0, "other_tags": "\"bicycle\"=>\"yes\",\"destination:ref\"=>\"90A\",\"lanes\"=>\"2\",\"lit\"=>\"yes\",\"oneway\"=>\"yes\",\"surface\"=>\"asphalt\"" }, "geometry": { "type": "LineString", "coordinates": [ [ -74.841148, 11.009221 ], [ -74.840597, 11.009754 ], [ -74.840292, 11.009898 ], [ -74.838904, 11.010303 ], [ -74.838574, 11.010339 ], [ -74.838093, 11.010264 ] ] } },
{ "type": "Feature", "properties": { "Name": null, "descriptio": null, "timestamp": null, "begin": null, "end": null, "altitudeMo": null, "tessellate": null, "extrude": null, "visibility": null, "drawOrder": null, "icon": null, "fid": null, "osm_id": null, "highway": null, "waterway": null, "aerialway": null, "barrier": null, "man_made": null, "railway": null, "z_order": null, "other_tags": null }, "geometry": { "type": "LineString", "coordinates": [ [ -74.833697, 10.944896 ], [ -74.833747, 10.944581 ], [ -74.833842, 10.944377 ], [ -74.83401, 10.944222 ], [ -74.834383, 10.944078 ], [ -74.835341, 10.944037 ], [ -74.836211, 10.943597 ] ] } },
{ "type": "Feature", "properties": { "Name": null, "descriptio": null, "timestamp": null, "begin": null, "end": null, "altitudeMo": null, "tessellate": null, "extrude": null, "visibility": null, "drawOrder": null, "icon": null, "fid": null, "osm_id": null, "highway": null, "waterway": null, "aerialway": null, "barrier": null, "man_made": null, "railway": null, "z_order": null, "other_tags": null }, "geometry": { "type": "LineString", "coordinates": [ [ -74.835198, 10.943526 ], [ -74.83529, 10.943657 ], [ -74.835298, 10.943801 ], [ -74.835219, 10.943928 ], [ -74.835048, 10.943994 ], [ -74.834065, 10.943975 ], [ -74.833892, 10.943888 ], [ -74.833787, 10.943709 ] ] } },
{ "type": "Feature", "properties": { "Name": null, "descriptio": null, "timestamp": null, "begin": null, "end": null, "altitudeMo": null, "tessellate": null, "extrude": null, "visibility": null, "drawOrder": null, "icon": null, "fid": null, "osm_id": null, "highway": null, "waterway": null, "aerialway": null, "barrier": null, "man_made": null, "railway": null, "z_order": null, "other_tags": null }, "geometry": { "type": "LineString", "coordinates": [ [ -74.83131, 10.943345 ], [ -74.831482, 10.943377 ], [ -74.832101, 10.943798 ], [ -74.832974, 10.943993 ], [ -74.833292, 10.944269 ], [ -74.833484, 10.944693 ] ] } },
{ "type": "Feature", "properties": { "Name": null, "descriptio": null, "timestamp": null, "begin": null, "end": null, "altitudeMo": null, "tessellate": null, "extrude": null, "visibility": null, "drawOrder": null, "icon": null, "fid": null, "osm_id": null, "highway": null, "waterway": null, "aerialway": null, "barrier": null, "man_made": null, "railway": null, "z_order": null, "other_tags": null }, "geometry": { "type": "LineString", "coordinates": [ [ -74.833615, 10.943586 ], [ -74.833481, 10.943796 ], [ -74.833326, 10.943888 ], [ -74.832392, 10.943788 ], [ -74.832162, 10.943729 ], [ -74.832073, 10.943624 ], [ -74.832048, 10.943445 ], [ -74.832179, 10.943279 ] ] } },
{ "type": "Feature", "properties": { "Name": null, "descriptio": null, "timestamp": null, "begin": null, "end": null, "altitudeMo": null, "tessellate": null, "extrude": null, "visibility": null, "drawOrder": null, "icon": null, "fid": null, "osm_id": null, "highway": null, "waterway": null, "aerialway": null, "barrier": null, "man_made": null, "railway": null, "z_order": null, "other_tags": null }, "geometry": { "type": "LineString", "coordinates": [ [ -74.832294, 10.943154 ], [ -74.832128, 10.942998 ], [ -74.832108, 10.942874 ], [ -74.832165, 10.942711 ], [ -74.832356, 10.942619 ], [ -74.833341, 10.942644 ], [ -74.833505, 10.942717 ], [ -74.833673, 10.942937 ] ] } },
{ "type": "Feature", "properties": { "Name": null, "descriptio": null, "timestamp": null, "begin": null, "end": null, "altitudeMo": null, "tessellate": null, "extrude": null, "visibility": null, "drawOrder": null, "icon": null, "fid": null, "osm_id": null, "highway": null, "waterway": null, "aerialway": null, "barrier": null, "man_made": null, "railway": null, "z_order": null, "other_tags": null }, "geometry": { "type": "LineString", "coordinates": [ [ -74.831317, 10.94319 ], [ -74.832152, 10.942582 ], [ -74.83296, 10.942533 ], [ -74.833331, 10.942429 ], [ -74.833653, 10.942125 ], [ -74.833748, 10.941906 ] ] } },
{ "type": "Feature", "properties": { "Name": null, "descriptio": null, "timestamp": null, "begin": null, "end": null, "altitudeMo": null, "tessellate": null, "extrude": null, "visibility": null, "drawOrder": null, "icon": null, "fid": null, "osm_id": null, "highway": null, "waterway": null, "aerialway": null, "barrier": null, "man_made": null, "railway": null, "z_order": null, "other_tags": null }, "geometry": { "type": "LineString", "coordinates": [ [ -74.836227, 10.943467 ], [ -74.835403, 10.94286 ], [ -74.834505, 10.942645 ], [ -74.834186, 10.942422 ], [ -74.834059, 10.942158 ], [ -74.834028, 10.941918 ], [ -74.834092, 10.940374 ] ] } },
{ "type": "Feature", "properties": { "Name": null, "descriptio": null, "timestamp": null, "begin": null, "end": null, "altitudeMo": null, "tessellate": null, "extrude": null, "visibility": null, "drawOrder": null, "icon": null, "fid": null, "osm_id": null, "highway": null, "waterway": null, "aerialway": null, "barrier": null, "man_made": null, "railway": null, "z_order": null, "other_tags": null }, "geometry": { "type": "LineString", "coordinates": [ [ -74.833853, 10.942963 ], [ -74.833998, 10.942781 ], [ -74.834188, 10.942709 ], [ -74.83518, 10.942888 ], [ -74.835356, 10.943104 ], [ -74.83531, 10.943299 ], [ -74.835183, 10.943387 ] ] } },
{ "type": "Feature", "properties": { "Name": null, "descriptio": null, "timestamp": null, "begin": null, "end": null, "altitudeMo": null, "tessellate": null, "extrude": null, "visibility": null, "drawOrder": null, "icon": null, "fid": null, "osm_id": null, "highway": null, "waterway": null, "aerialway": null, "barrier": null, "man_made": null, "railway": null, "z_order": null, "other_tags": null }, "geometry": { "type": "LineString", "coordinates": [ [ -74.847883, 11.016419 ], [ -74.841266, 11.016459 ], [ -74.840092, 11.016291 ], [ -74.839614, 11.016161 ] ] } },
{ "type": "Feature", "properties": { "Name": null, "descriptio": null, "timestamp": null, "begin": null, "end": null, "altitudeMo": null, "tessellate": null, "extrude": null, "visibility": null, "drawOrder": null, "icon": null, "fid": null, "osm_id": null, "highway": null, "waterway": null, "aerialway": null, "barrier": null, "man_made": null, "railway": null, "z_order": null, "other_tags": null }, "geometry": { "type": "LineString", "coordinates": [ [ -74.839575, 11.016226 ], [ -74.8409, 11.016473 ], [ -74.84252, 11.016591 ], [ -74.847869, 11.016519 ] ] } },
{ "type": "Feature", "properties": { "Name": null, "descriptio": null, "timestamp": null, "begin": null, "end": null, "altitudeMo": null, "tessellate": null, "extrude": null, "visibility": null, "drawOrder": null, "icon": null, "fid": null, "osm_id": null, "highway": null, "waterway": null, "aerialway": null, "barrier": null, "man_made": null, "railway": null, "z_order": null, "other_tags": null }, "geometry": { "type": "LineString", "coordinates": [ [ -74.81215, 10.837713 ], [ -74.811249, 10.838262 ], [ -74.808932, 10.839357 ], [ -74.808047, 10.839966 ], [ -74.807061, 10.84083 ], [ -74.806075, 10.841579 ], [ -74.802711, 10.843397 ], [ -74.800452, 10.84451 ], [ -74.800174, 10.844686 ], [ -74.799422, 10.845402 ], [ -74.797727, 10.846183 ], [ -74.796341, 10.846649 ] ] } },
{ "type": "Feature", "properties": { "Name": "La Cordialidad", "descriptio": null, "timestamp": null, "begin": null, "end": null, "altitudeMo": null, "tessellate": null, "extrude": null, "visibility": null, "drawOrder": null, "icon": null, "fid": null, "osm_id": null, "highway": null, "waterway": null, "aerialway": null, "barrier": null, "man_made": null, "railway": null, "z_order": null, "other_tags": null }, "geometry": { "type": "LineString", "coordinates": [ [ -74.915257, 10.809462 ], [ -74.914985, 10.811532 ], [ -74.914438, 10.813748 ], [ -74.913615, 10.818093 ], [ -74.911853, 10.82295 ], [ -74.910434, 10.824376 ], [ -74.909175, 10.82677 ], [ -74.906508, 10.830899 ], [ -74.904225, 10.833867 ], [ -74.903163, 10.834766 ], [ -74.902972, 10.835147 ], [ -74.902164, 10.837691 ], [ -74.901058, 10.840738 ], [ -74.900195, 10.842434 ], [ -74.898827, 10.844606 ], [ -74.895809, 10.850064 ], [ -74.895154, 10.850959 ], [ -74.895081, 10.852276 ], [ -74.896225, 10.855742 ], [ -74.896969, 10.858393 ], [ -74.895397, 10.864975 ], [ -74.894948, 10.867269 ], [ -74.892781, 10.87476 ], [ -74.890912, 10.880144 ], [ -74.888791, 10.886578 ], [ -74.887983, 10.888772 ], [ -74.88743, 10.889859 ], [ -74.887128, 10.890267 ], [ -74.885896, 10.891493 ], [ -74.884012, 10.893916 ], [ -74.883661, 10.894926 ], [ -74.882751, 10.90236 ], [ -74.882513, 10.906076 ], [ -74.882581, 10.906717 ], [ -74.882215, 10.907383 ], [ -74.881895, 10.908353 ], [ -74.881689, 10.908653 ], [ -74.880628, 10.909616 ], [ -74.879373, 10.91107 ], [ -74.878824, 10.911434 ], [ -74.878458, 10.912057 ], [ -74.877334, 10.913252 ], [ -74.876942, 10.913823 ], [ -74.876745, 10.91467 ], [ -74.876639, 10.915717 ], [ -74.875953, 10.918222 ], [ -74.875227, 10.919208 ], [ -74.873816, 10.920155 ], [ -74.871191, 10.92165 ], [ -74.86801, 10.923844 ], [ -74.867041, 10.924782 ], [ -74.866485, 10.925701 ], [ -74.866101, 10.927672 ], [ -74.865538, 10.929431 ], [ -74.864103, 10.930743 ], [ -74.861688, 10.933106 ], [ -74.860826, 10.933777 ], [ -74.859414, 10.935469 ], [ -74.858336, 10.93654 ], [ -74.857479, 10.937077 ], [ -74.855891, 10.937458 ], [ -74.853445, 10.938249 ], [ -74.85211, 10.938441 ], [ -74.850076, 10.938603 ], [ -74.849113, 10.939013 ], [ -74.846413, 10.940644 ], [ -74.842891, 10.942356 ], [ -74.838336, 10.943701 ], [ -74.832676, 10.943252 ], [ -74.831477, 10.943245 ], [ -74.825544, 10.944462 ], [ -74.818199, 10.946929 ] ] } },
{ "type": "Feature", "properties": { "Name": "Autopista Aeropurto", "descriptio": null, "timestamp": null, "begin": null, "end": null, "altitudeMo": null, "tessellate": null, "extrude": null, "visibility": null, "drawOrder": null, "icon": null, "fid": null, "osm_id": null, "highway": null, "waterway": null, "aerialway": null, "barrier": null, "man_made": null, "railway": null, "z_order": null, "other_tags": null }, "geometry": { "type": "LineString", "coordinates": [ [ -74.769451, 10.884522 ], [ -74.769535, 10.885963 ], [ -74.769867, 10.887529 ], [ -74.76998, 10.889014 ], [ -74.769819, 10.89042 ], [ -74.769554, 10.894148 ], [ -74.769292, 10.899012 ], [ -74.769285, 10.902975 ], [ -74.769367, 10.904172 ], [ -74.773783, 10.914718 ], [ -74.774534, 10.916659 ], [ -74.775883, 10.919739 ], [ -74.777566, 10.924117 ], [ -74.778414, 10.925999 ], [ -74.779688, 10.929418 ], [ -74.780334, 10.931703 ], [ -74.780337, 10.932235 ], [ -74.780173, 10.933386 ], [ -74.780232, 10.933984 ], [ -74.780478, 10.934513 ], [ -74.781516, 10.935853 ], [ -74.781653, 10.93629 ] ] } },
{ "type": "Feature", "properties": { "Name": "Calle 30", "descriptio": null, "timestamp": null, "begin": null, "end": null, "altitudeMo": null, "tessellate": null, "extrude": null, "visibility": null, "drawOrder": null, "icon": null, "fid": null, "osm_id": null, "highway": null, "waterway": null, "aerialway": null, "barrier": null, "man_made": null, "railway": null, "z_order": null, "other_tags": null }, "geometry": { "type": "LineString", "coordinates": [ [ -74.781653, 10.93629 ], [ -74.785821, 10.950651 ], [ -74.786477, 10.952689 ], [ -74.78666, 10.953805 ], [ -74.7865, 10.955072 ], [ -74.785623, 10.957571 ], [ -74.783838, 10.961845 ], [ -74.781625, 10.967664 ], [ -74.778169, 10.973977 ], [ -74.77701, 10.976201 ], [ -74.77677, 10.97712 ], [ -74.776255, 10.97788 ], [ -74.775828, 10.978742 ], [ -74.775623, 10.97937 ], [ -74.77536, 10.980684 ], [ -74.775423, 10.982472 ], [ -74.775751, 10.984303 ], [ -74.776046, 10.985541 ] ] } },
{ "type": "Feature", "properties": { "Name": "Carrera 38", "descriptio": null, "timestamp": null, "begin": null, "end": null, "altitudeMo": null, "tessellate": null, "extrude": null, "visibility": null, "drawOrder": null, "icon": null, "fid": null, "osm_id": null, "highway": null, "waterway": null, "aerialway": null, "barrier": null, "man_made": null, "railway": null, "z_order": null, "other_tags": null }, "geometry": { "type": "MultiLineString", "coordinates": [ [ [ -74.973688, 10.873226 ], [ -74.97354, 10.872714 ], [ -74.973237, 10.872243 ], [ -74.972184, 10.871817 ], [ -74.971993, 10.871474 ], [ -74.971819, 10.871427 ], [ -74.97172, 10.871104 ], [ -74.971686, 10.870619 ], [ -74.97175, 10.870166 ], [ -74.971912, 10.86981 ], [ -74.97202, 10.869214 ], [ -74.971696, 10.869012 ], [ -74.971518, 10.86907 ], [ -74.971388, 10.869424 ], [ -74.971388, 10.869715 ], [ -74.971259, 10.870071 ], [ -74.971139, 10.870173 ], [ -74.971139, 10.870415 ], [ -74.970643, 10.870597 ], [ -74.970465, 10.870846 ], [ -74.970739, 10.871398 ], [ -74.971427, 10.871784 ], [ -74.971723, 10.872171 ], [ -74.971655, 10.873017 ], [ -74.971696, 10.873789 ], [ -74.972187, 10.874368 ], [ -74.972485, 10.875435 ], [ -74.973207, 10.876047 ], [ -74.973242, 10.877049 ], [ -74.973538, 10.877501 ], [ -74.973498, 10.877927 ], [ -74.973249, 10.87817 ], [ -74.972919, 10.878214 ], [ -74.972259, 10.878153 ], [ -74.9714, 10.878358 ], [ -74.971094, 10.878554 ], [ -74.970916, 10.878766 ], [ -74.970348, 10.880047 ], [ -74.969748, 10.881002 ], [ -74.969238, 10.881987 ], [ -74.968488, 10.883121 ], [ -74.967696, 10.884728 ], [ -74.967799, 10.885762 ], [ -74.967616, 10.886494 ], [ -74.966693, 10.888749 ], [ -74.966258, 10.89011 ], [ -74.966202, 10.890879 ], [ -74.966312, 10.89168 ], [ -74.966102, 10.892157 ], [ -74.965651, 10.892516 ], [ -74.963964, 10.892938 ], [ -74.963485, 10.893893 ], [ -74.963218, 10.895045 ], [ -74.962802, 10.895271 ], [ -74.961818, 10.895394 ], [ -74.961227, 10.895832 ], [ -74.960867, 10.895897 ], [ -74.960205, 10.896197 ], [ -74.959182, 10.896856 ], [ -74.958249, 10.897574 ], [ -74.958223, 10.898706 ], [ -74.958359, 10.898941 ], [ -74.958179, 10.901123 ], [ -74.957996, 10.901612 ], [ -74.956638, 10.902647 ], [ -74.956211, 10.903256 ], [ -74.955837, 10.904538 ], [ -74.955532, 10.906184 ], [ -74.955158, 10.906732 ], [ -74.954113, 10.906793 ], [ -74.952999, 10.907036 ], [ -74.952015, 10.907768 ], [ -74.951389, 10.90813 ], [ -74.95113, 10.908176 ], [ -74.950291, 10.908072 ], [ -74.949612, 10.908072 ], [ -74.948871, 10.908438 ], [ -74.948192, 10.909048 ], [ -74.947826, 10.909778 ], [ -74.947269, 10.911668 ], [ -74.946156, 10.914716 ], [ -74.94516, 10.916613 ], [ -74.944317, 10.917377 ], [ -74.943786, 10.918023 ], [ -74.943535, 10.918595 ], [ -74.943242, 10.919817 ], [ -74.942991, 10.922101 ], [ -74.942827, 10.92234 ], [ -74.943859, 10.922605 ], [ -74.944048, 10.922931 ], [ -74.942706, 10.923098 ], [ -74.941266, 10.923686 ], [ -74.940213, 10.923868 ], [ -74.93991, 10.924086 ], [ -74.939781, 10.924377 ], [ -74.939395, 10.924826 ], [ -74.938514, 10.924697 ], [ -74.93806, 10.924751 ], [ -74.937807, 10.924897 ], [ -74.937594, 10.925122 ], [ -74.937234, 10.92511 ], [ -74.936793, 10.924953 ], [ -74.936272, 10.924967 ], [ -74.935833, 10.925298 ], [ -74.935486, 10.925444 ], [ -74.935139, 10.925379 ], [ -74.934912, 10.925222 ], [ -74.93467, 10.924682 ], [ -74.934349, 10.924313 ], [ -74.934135, 10.92409 ], [ -74.933868, 10.92409 ], [ -74.933467, 10.924105 ], [ -74.933068, 10.924409 ], [ -74.932215, 10.924873 ], [ -74.93163, 10.925574 ], [ -74.931285, 10.92634 ], [ -74.931247, 10.927039 ], [ -74.931063, 10.927923 ], [ -74.93069, 10.928214 ], [ -74.930265, 10.928415 ], [ -74.929518, 10.929347 ], [ -74.929174, 10.930183 ], [ -74.929177, 10.931067 ], [ -74.929071, 10.931634 ], [ -74.92879, 10.931847 ], [ -74.927794, 10.933749 ], [ -74.9272, 10.93433 ], [ -74.926121, 10.934666 ], [ -74.924739, 10.934991 ], [ -74.923849, 10.935942 ], [ -74.922919, 10.9371 ], [ -74.922674, 10.938075 ], [ -74.922675, 10.94216 ], [ -74.922056, 10.943317 ], [ -74.921317, 10.943927 ], [ -74.920096, 10.944627 ], [ -74.919315, 10.944851 ], [ -74.917962, 10.945478 ], [ -74.915831, 10.946669 ], [ -74.911513, 10.948924 ], [ -74.898376, 10.955138 ], [ -74.890006, 10.958964 ], [ -74.884979, 10.961451 ], [ -74.878014, 10.964726 ], [ -74.877306, 10.965187 ], [ -74.875532, 10.965981 ], [ -74.87207, 10.967728 ], [ -74.861634, 10.972663 ], [ -74.853863, 10.976502 ], [ -74.852584, 10.977018 ], [ -74.849406, 10.978748 ], [ -74.84649, 10.980035 ], [ -74.845071, 10.980522 ], [ -74.8422, 10.981132 ], [ -74.839989, 10.981681 ], [ -74.836762, 10.98255 ], [ -74.836411, 10.982754 ], [ -74.83606, 10.982808 ] ], [ [ -74.83606, 10.982808 ], [ -74.835712, 10.982741 ], [ -74.835009, 10.982764 ], [ -74.833161, 10.982912 ], [ -74.83267, 10.982991 ], [ -74.832344, 10.983156 ], [ -74.829745, 10.986413 ], [ -74.829343, 10.986698 ], [ -74.828774, 10.986756 ], [ -74.828428, 10.986622 ], [ -74.828142, 10.986387 ], [ -74.827427, 10.985178 ], [ -74.827147, 10.98493 ], [ -74.826541, 10.984717 ], [ -74.825344, 10.984763 ], [ -74.823386, 10.984939 ], [ -74.822875, 10.985094 ], [ -74.819796, 10.987082 ], [ -74.819374, 10.987325 ], [ -74.81911, 10.987382 ], [ -74.818597, 10.987312 ], [ -74.812724, 10.985664 ], [ -74.812027, 10.985601 ], [ -74.809999, 10.984958 ], [ -74.807044, 10.984193 ], [ -74.805402, 10.983872 ], [ -74.80404, 10.983475 ], [ -74.8021, 10.983232 ], [ -74.801309, 10.983415 ], [ -74.800798, 10.983841 ], [ -74.800193, 10.984123 ], [ -74.796836, 10.982744 ], [ -74.794809, 10.981799 ], [ -74.790033, 10.980685 ], [ -74.786791, 10.979801 ] ] ] } },
{ "type": "Feature", "properties": { "Name": "La Cordialidad", "descriptio": null, "timestamp": null, "begin": null, "end": null, "altitudeMo": null, "tessellate": null, "extrude": null, "visibility": null, "drawOrder": null, "icon": null, "fid": null, "osm_id": null, "highway": null, "waterway": null, "aerialway": null, "barrier": null, "man_made": null, "railway": null, "z_order": null, "other_tags": null }, "geometry": { "type": "LineString", "coordinates": [ [ -74.818199, 10.946929 ], [ -74.814924, 10.948057 ], [ -74.813927, 10.948685 ], [ -74.809288, 10.95301 ], [ -74.80774, 10.954584 ], [ -74.804963, 10.957048 ], [ -74.803605, 10.957971 ], [ -74.801011, 10.959524 ], [ -74.798951, 10.960594 ], [ -74.794527, 10.962439 ], [ -74.792199, 10.963576 ] ] } },
{ "type": "Feature", "properties": { "Name": "Vía 40", "descriptio": null, "timestamp": null, "begin": null, "end": null, "altitudeMo": null, "tessellate": -1.0, "extrude": null, "visibility": -1.0, "drawOrder": null, "icon": null, "fid": 5801.0, "osm_id": "1426704057", "highway": "trunk", "waterway": null, "aerialway": null, "barrier": null, "man_made": null, "railway": null, "z_order": 8.0, "other_tags": "\"bicycle\"=>\"yes\",\"lanes\"=>\"2\",\"lit\"=>\"yes\",\"maxspeed\"=>\"60\",\"oneway\"=>\"yes\",\"surface\"=>\"concrete\"" }, "geometry": { "type": "MultiLineString", "coordinates": [ [ [ -74.826727, 11.038757 ], [ -74.826536, 11.038983 ], [ -74.826995, 11.038854 ] ], [ [ -74.821348, 11.038449 ], [ -74.821544, 11.038488 ], [ -74.821601, 11.038508 ], [ -74.821348, 11.038449 ], [ -74.820007, 11.038138 ], [ -74.818357, 11.03769 ], [ -74.82001, 11.038185 ], [ -74.821348, 11.038449 ] ], [ [ -74.81657, 11.03692 ], [ -74.818357, 11.03769 ], [ -74.817778, 11.037532 ], [ -74.816677, 11.036989 ], [ -74.81657, 11.03692 ], [ -74.816092, 11.036612 ], [ -74.815515, 11.036224 ], [ -74.813854, 11.035059 ], [ -74.81657, 11.03692 ] ], [ [ -74.798127, 11.019837 ], [ -74.800882, 11.023242 ], [ -74.802617, 11.025066 ], [ -74.805785, 11.028682 ], [ -74.807796, 11.030864 ], [ -74.809686, 11.032241 ], [ -74.809825, 11.032329 ], [ -74.810625, 11.032836 ], [ -74.811534, 11.033476 ], [ -74.811796, 11.033619 ], [ -74.812671, 11.034096 ], [ -74.813854, 11.035059 ], [ -74.812134, 11.033857 ], [ -74.811796, 11.033619 ], [ -74.811744, 11.033583 ], [ -74.811547, 11.033442 ], [ -74.810777, 11.032911 ], [ -74.808584, 11.031348 ], [ -74.809506, 11.032098 ], [ -74.809532, 11.032117 ], [ -74.809825, 11.032329 ], [ -74.810478, 11.032803 ], [ -74.810608, 11.032897 ], [ -74.810721, 11.032979 ], [ -74.816114, 11.036719 ], [ -74.816621, 11.037043 ], [ -74.817723, 11.037595 ], [ -74.819991, 11.038216 ], [ -74.822857, 11.038867 ], [ -74.823064, 11.0389 ], [ -74.82358, 11.038981 ], [ -74.824183, 11.039124 ], [ -74.825143, 11.039202 ], [ -74.825379, 11.039201 ], [ -74.82568, 11.039201 ], [ -74.826536, 11.038983 ], [ -74.825757, 11.039205 ], [ -74.825578, 11.039211 ], [ -74.825379, 11.039201 ], [ -74.825309, 11.039198 ], [ -74.824578, 11.039132 ], [ -74.821601, 11.038508 ], [ -74.822138, 11.038694 ], [ -74.822654, 11.038802 ], [ -74.823064, 11.0389 ], [ -74.823551, 11.039016 ], [ -74.824038, 11.039118 ], [ -74.824119, 11.039144 ], [ -74.825586, 11.039299 ], [ -74.825919, 11.039261 ], [ -74.826989, 11.038954 ] ], [ [ -74.807192, 11.030116 ], [ -74.808307, 11.03101 ], [ -74.808584, 11.031348 ], [ -74.807858, 11.030792 ], [ -74.807515, 11.030456 ], [ -74.807192, 11.030116 ], [ -74.807077, 11.029995 ], [ -74.802323, 11.02462 ], [ -74.807192, 11.030116 ] ], [ [ -74.776046, 10.985541 ], [ -74.776446, 10.986902 ], [ -74.776972, 10.987689 ], [ -74.778933, 10.989503 ], [ -74.77949, 10.990175 ], [ -74.779665, 10.991204 ], [ -74.779681, 10.992465 ], [ -74.780047, 10.993414 ], [ -74.780574, 10.994264 ], [ -74.780909, 10.994624 ], [ -74.782153, 10.99647 ], [ -74.783221, 10.998289 ], [ -74.783755, 10.999438 ], [ -74.783854, 10.999791 ], [ -74.783755, 10.999995 ], [ -74.783923, 11.000197 ], [ -74.783954, 11.000652 ], [ -74.784221, 11.001348 ], [ -74.7848, 11.002136 ], [ -74.785357, 11.002622 ], [ -74.786792, 11.003485 ], [ -74.789302, 11.005427 ], [ -74.789919, 11.006731 ], [ -74.790683, 11.00861 ], [ -74.79317, 11.012952 ], [ -74.794147, 11.014462 ], [ -74.79494, 11.015433 ], [ -74.796107, 11.016646 ], [ -74.799304, 11.020842 ], [ -74.802323, 11.02462 ], [ -74.800921, 11.023076 ], [ -74.797881, 11.019303 ] ], [ [ -74.79776, 11.019386 ], [ -74.798064, 11.019759 ] ] ] } },
{ "type": "Feature", "properties": { "Name": "K 10", "descriptio": null, "timestamp": null, "begin": null, "end": null, "altitudeMo": null, "tessellate": -1.0, "extrude": null, "visibility": -1.0, "drawOrder": null, "icon": null, "fid": 5801.0, "osm_id": "1426704057", "highway": "trunk", "waterway": null, "aerialway": null, "barrier": null, "man_made": null, "railway": null, "z_order": 8.0, "other_tags": "\"bicycle\"=>\"yes\",\"lanes\"=>\"2\",\"lit\"=>\"yes\",\"maxspeed\"=>\"60\",\"oneway\"=>\"yes\",\"surface\"=>\"concrete\"" }, "geometry": { "type": "LineString", "coordinates": [ [ -74.859322, 11.031444 ], [ -74.862511, 11.032276 ], [ -74.869866, 11.033702 ], [ -74.871139, 11.033536 ], [ -74.872971, 11.033945 ], [ -74.874481, 11.034582 ], [ -74.876118, 11.035155 ] ] } },
{ "type": "Feature", "properties": { "Name": "Via los Manaties", "descriptio": null, "timestamp": null, "begin": null, "end": null, "altitudeMo": null, "tessellate": -1.0, "extrude": null, "visibility": -1.0, "drawOrder": null, "icon": null, "fid": 5801.0, "osm_id": "1426704057", "highway": "trunk", "waterway": null, "aerialway": null, "barrier": null, "man_made": null, "railway": null, "z_order": 8.0, "other_tags": "\"bicycle\"=>\"yes\",\"lanes\"=>\"2\",\"lit\"=>\"yes\",\"maxspeed\"=>\"60\",\"oneway\"=>\"yes\",\"surface\"=>\"concrete\"" }, "geometry": { "type": "LineString", "coordinates": [ [ -74.876118, 11.035155 ], [ -74.876981, 11.035627 ], [ -74.878237, 11.035913 ], [ -74.87999, 11.035549 ], [ -74.881616, 11.035352 ], [ -74.882759, 11.03539 ], [ -74.88388, 11.035702 ], [ -74.884965, 11.036174 ], [ -74.887876, 11.037647 ], [ -74.889194, 11.03804 ], [ -74.890176, 11.038236 ], [ -74.896977, 11.038395 ], [ -74.899685, 11.038541 ], [ -74.905032, 11.038552 ], [ -74.90813, 11.038697 ], [ -74.909557, 11.03888 ], [ -74.912273, 11.039907 ], [ -74.913495, 11.040532 ], [ -74.915008, 11.040986 ], [ -74.916645, 11.040611 ], [ -74.917503, 11.039996 ], [ -74.918519, 11.03911 ], [ -74.919101, 11.037888 ], [ -74.919405, 11.036829 ], [ -74.919253, 11.036292 ], [ -74.919191, 11.035307 ], [ -74.919218, 11.03404 ], [ -74.91965, 11.031972 ], [ -74.920854, 11.028308 ], [ -74.921257, 11.027802 ], [ -74.922166, 11.027205 ], [ -74.92468, 11.025182 ], [ -74.926625, 11.024183 ], [ -74.927518, 11.023163 ], [ -74.927891, 11.022102 ], [ -74.92822, 11.021731 ], [ -74.930015, 11.020662 ], [ -74.93225, 11.019975 ], [ -74.933347, 11.019833 ], [ -74.937582, 11.0179 ], [ -74.938397, 11.017624 ], [ -74.939895, 11.016622 ], [ -74.94026, 11.016497 ], [ -74.939919, 11.015561 ], [ -74.939473, 11.01382 ], [ -74.938859, 11.012078 ] ] } },
{ "type": "Feature", "properties": { "Name": "Vía al Mar", "descriptio": null, "timestamp": null, "begin": null, "end": null, "altitudeMo": null, "tessellate": -1.0, "extrude": 0.0, "visibility": -1.0, "drawOrder": null, "icon": null, "fid": 5619.0, "osm_id": "1385215415", "highway": "trunk", "waterway": null, "aerialway": null, "barrier": null, "man_made": null, "railway": null, "z_order": 8.0, "other_tags": "\"lanes\"=>\"2\",\"mechanical\"=>\"yes\",\"nat_name\"=>\"Vía Cartagena - Barranquilla\",\"ref\"=>\"90A\",\"surface\"=>\"asphalt\"" }, "geometry": { "type": "MultiLineString", "coordinates": [ [ [ -75.260278, 10.739325 ], [ -75.259791, 10.740011 ], [ -75.259094, 10.740555 ], [ -75.258167, 10.740891 ], [ -75.255332, 10.741609 ], [ -75.254484, 10.742116 ], [ -75.254066, 10.742519 ], [ -75.253107, 10.743971 ], [ -75.250053, 10.749403 ], [ -75.245758, 10.756832 ], [ -75.245377, 10.757452 ], [ -75.244685, 10.758287 ], [ -75.244051, 10.758864 ], [ -75.233396, 10.766401 ], [ -75.23203, 10.767081 ], [ -75.230671, 10.767432 ], [ -75.207035, 10.772981 ], [ -75.206141, 10.773237 ], [ -75.204683, 10.77401 ], [ -75.190359, 10.783278 ], [ -75.189526, 10.783907 ], [ -75.189091, 10.784389 ], [ -75.188768, 10.78492 ], [ -75.188545, 10.785443 ], [ -75.183904, 10.798718 ], [ -75.183657, 10.799223 ], [ -75.18303, 10.800029 ], [ -75.182463, 10.800479 ], [ -75.173344, 10.806318 ], [ -75.17215, 10.807285 ], [ -75.171429, 10.808104 ], [ -75.16022, 10.822765 ], [ -75.159179, 10.82408 ], [ -75.158355, 10.824864 ], [ -75.157393, 10.82544 ], [ -75.156191, 10.82589 ], [ -75.145931, 10.829086 ], [ -75.145071, 10.829445 ], [ -75.144284, 10.829939 ], [ -75.143892, 10.830361 ], [ -75.143388, 10.8311 ], [ -75.138538, 10.842429 ], [ -75.138339, 10.842881 ], [ -75.137935, 10.843527 ], [ -75.137384, 10.844115 ], [ -75.136536, 10.844735 ], [ -75.13597, 10.844976 ], [ -75.131099, 10.846602 ], [ -75.130246, 10.847097 ], [ -75.129908, 10.84741 ], [ -75.129278, 10.848173 ], [ -75.128976, 10.84872 ], [ -75.125571, 10.85624 ], [ -75.124866, 10.857177 ], [ -75.124464, 10.857526 ], [ -75.123773, 10.857937 ], [ -75.119417, 10.859895 ], [ -75.118994, 10.860058 ], [ -75.117987, 10.860285 ], [ -75.116916, 10.860313 ], [ -75.111369, 10.859699 ], [ -75.109882, 10.859852 ], [ -75.10906, 10.860131 ], [ -75.104615, 10.862594 ], [ -75.103963, 10.862874 ], [ -75.0961, 10.865428 ], [ -75.094852, 10.866081 ], [ -75.089763, 10.869492 ], [ -75.083292, 10.874742 ], [ -75.081933, 10.875724 ], [ -75.078573, 10.877267 ], [ -75.073268, 10.879478 ], [ -75.072396, 10.8799 ], [ -75.071725, 10.880334 ], [ -75.071137, 10.880922 ], [ -75.067903, 10.884973 ], [ -75.067493, 10.88541 ], [ -75.066656, 10.885968 ], [ -75.066184, 10.886174 ], [ -75.063073, 10.886917 ], [ -75.059812, 10.888341 ], [ -75.048498, 10.891659 ], [ -75.047451, 10.891827 ], [ -75.044145, 10.892082 ], [ -75.043281, 10.892314 ], [ -75.042779, 10.892551 ], [ -75.03948, 10.894921 ], [ -75.038218, 10.896267 ], [ -75.036172, 10.898776 ], [ -75.035139, 10.899815 ], [ -75.030659, 10.904008 ], [ -75.030248, 10.904489 ], [ -75.02982, 10.905226 ], [ -75.029685, 10.905621 ], [ -75.028727, 10.910917 ], [ -75.028491, 10.911794 ], [ -75.028214, 10.912409 ], [ -75.027592, 10.913259 ], [ -75.02712, 10.913706 ], [ -75.023317, 10.916659 ], [ -75.022551, 10.917545 ], [ -75.02215, 10.918368 ], [ -75.021956, 10.918981 ], [ -75.02088, 10.923948 ], [ -75.020724, 10.925054 ], [ -75.020724, 10.92562 ], [ -75.020835, 10.926423 ], [ -75.021113, 10.927318 ], [ -75.023792, 10.933853 ], [ -75.023923, 10.934694 ], [ -75.0239, 10.935125 ], [ -75.023717, 10.935897 ], [ -75.023492, 10.936382 ], [ -75.019888, 10.941403 ], [ -75.019407, 10.941905 ], [ -75.018787, 10.942302 ], [ -75.018012, 10.942601 ], [ -75.017132, 10.942734 ], [ -75.014435, 10.942397 ], [ -75.013821, 10.942364 ], [ -75.012598, 10.942469 ], [ -75.008954, 10.943247 ], [ -75.007903, 10.943543 ], [ -75.007363, 10.943803 ], [ -75.006245, 10.944618 ], [ -75.00534, 10.945806 ], [ -75.003914, 10.947907 ], [ -75.003668, 10.948357 ], [ -75.003527, 10.948788 ], [ -75.00343, 10.949382 ], [ -75.003465, 10.949928 ], [ -75.00403, 10.951897 ], [ -75.004099, 10.952589 ], [ -75.004013, 10.95381 ], [ -75.003682, 10.95614 ], [ -75.003466, 10.956789 ], [ -75.003147, 10.957303 ], [ -75.001304, 10.959222 ], [ -75.001154, 10.959469 ], [ -75.000314, 10.961557 ], [ -74.999886, 10.962325 ], [ -74.99647, 10.96633 ], [ -74.99572, 10.967025 ], [ -74.994513, 10.967778 ], [ -74.993928, 10.968015 ], [ -74.993006, 10.968273 ], [ -74.99239, 10.968372 ], [ -74.988083, 10.968621 ], [ -74.986741, 10.968628 ], [ -74.985789, 10.968542 ], [ -74.9697, 10.966109 ], [ -74.968654, 10.966077 ], [ -74.967726, 10.966145 ], [ -74.959452, 10.967275 ], [ -74.9588, 10.967443 ] ], [ [ -75.02967, 10.904979 ], [ -75.029376, 10.905869 ], [ -75.028586, 10.91076 ], [ -75.028477, 10.911266 ], [ -75.028246, 10.911892 ], [ -75.027764, 10.91269 ], [ -75.027227, 10.913333 ], [ -75.023168, 10.91651 ], [ -75.022317, 10.917474 ], [ -75.02211, 10.917858 ], [ -75.021831, 10.918704 ], [ -75.020489, 10.924946 ], [ -75.020413, 10.925704 ], [ -75.02045, 10.926095 ], [ -75.020523, 10.92651 ], [ -75.020946, 10.927787 ], [ -75.021748, 10.930064 ], [ -75.023266, 10.93331 ], [ -75.023574, 10.934213 ], [ -75.023631, 10.934627 ], [ -75.023598, 10.935467 ], [ -75.02335, 10.93632 ], [ -75.023127, 10.936739 ], [ -75.019948, 10.94105 ], [ -75.019164, 10.941838 ], [ -75.018706, 10.94212 ], [ -75.018015, 10.942385 ], [ -75.017133, 10.942532 ], [ -75.01659, 10.942513 ], [ -75.014104, 10.942165 ], [ -75.012881, 10.942218 ], [ -75.008197, 10.943251 ], [ -75.007257, 10.943624 ], [ -75.006797, 10.943905 ], [ -75.006096, 10.944504 ], [ -75.005795, 10.94485 ], [ -75.003933, 10.947542 ], [ -75.0035, 10.94827 ], [ -75.0033, 10.948886 ], [ -75.003237, 10.949265 ], [ -75.003267, 10.949931 ], [ -75.003789, 10.951682 ], [ -75.003924, 10.952541 ], [ -75.003504, 10.9561 ], [ -75.003296, 10.956834 ], [ -75.003021, 10.957247 ], [ -75.001105, 10.959203 ], [ -75.000827, 10.959693 ], [ -75.000026, 10.961682 ], [ -74.999666, 10.96229 ], [ -74.996318, 10.966161 ], [ -74.995599, 10.966696 ], [ -74.994614, 10.967193 ], [ -74.992956, 10.967966 ], [ -74.992332, 10.968158 ], [ -74.990439, 10.968317 ], [ -74.987284, 10.96844 ], [ -74.985858, 10.968372 ], [ -74.969709, 10.96592 ], [ -74.968675, 10.965905 ], [ -74.967757, 10.965972 ], [ -74.959787, 10.96702 ], [ -74.956293, 10.967197 ], [ -74.955197, 10.967363 ], [ -74.953787, 10.967459 ], [ -74.953016, 10.967574 ], [ -74.952242, 10.967833 ], [ -74.951649, 10.968152 ], [ -74.94736, 10.971153 ], [ -74.946522, 10.971996 ], [ -74.946116, 10.972631 ], [ -74.945846, 10.973257 ], [ -74.9435, 10.982317 ], [ -74.943291, 10.983409 ], [ -74.943353, 10.984837 ], [ -74.943708, 10.988203 ], [ -74.943821, 10.98905 ], [ -74.944571, 10.992038 ], [ -74.944554, 10.992968 ], [ -74.944364, 10.993772 ], [ -74.944138, 10.994246 ], [ -74.943642, 10.995054 ], [ -74.942484, 10.996659 ], [ -74.942087, 10.997002 ], [ -74.941296, 10.997383 ], [ -74.934936, 10.998682 ], [ -74.929612, 10.999685 ], [ -74.928072, 11.000165 ], [ -74.926951, 11.000686 ], [ -74.916746, 11.00683 ] ], [ [ -74.958876, 10.967095 ], [ -74.957897, 10.967252 ], [ -74.957778, 10.967406 ], [ -74.957912, 10.967553 ], [ -74.9588, 10.967443 ] ], [ [ -74.954001, 10.967776 ], [ -74.954961, 10.967722 ], [ -74.955065, 10.967615 ], [ -74.954982, 10.967497 ], [ -74.954021, 10.967447 ] ], [ [ -74.883879, 11.013464 ], [ -74.9087, 11.010435 ], [ -74.910521, 11.010093 ], [ -74.912241, 11.009546 ], [ -74.913605, 11.008868 ], [ -74.92506, 11.00199 ], [ -74.927139, 11.00077 ], [ -74.928115, 11.000317 ], [ -74.929628, 10.999843 ], [ -74.94108, 10.997616 ], [ -74.94157, 10.997499 ], [ -74.942038, 10.997279 ], [ -74.942667, 10.996732 ], [ -74.944197, 10.994447 ], [ -74.944538, 10.993736 ], [ -74.944692, 10.993098 ], [ -74.944738, 10.992323 ], [ -74.94466, 10.991575 ], [ -74.943996, 10.989019 ], [ -74.943538, 10.984829 ], [ -74.943477, 10.983912 ], [ -74.943508, 10.983431 ], [ -74.943735, 10.98238 ], [ -74.944556, 10.980021 ], [ -74.944764, 10.97924 ], [ -74.945006, 10.977232 ], [ -74.945919, 10.973736 ], [ -74.946286, 10.972736 ], [ -74.946649, 10.972155 ], [ -74.947081, 10.97165 ], [ -74.947453, 10.971329 ], [ -74.951735, 10.968377 ], [ -74.95234, 10.968057 ], [ -74.953095, 10.967828 ], [ -74.953469, 10.96779 ], [ -74.956753, 10.967819 ], [ -74.957693, 10.967695 ], [ -74.9588, 10.967443 ] ], [ [ -74.913948, 11.008559 ], [ -74.912481, 11.009312 ], [ -74.911557, 11.009679 ], [ -74.910379, 11.010038 ], [ -74.909481, 11.010222 ], [ -74.883867, 11.013352 ] ], [ [ -74.883539, 11.013392 ], [ -74.872878, 11.014679 ], [ -74.860199, 11.016301 ] ], [ [ -74.875063, 11.014559 ], [ -74.881541, 11.013751 ] ], [ [ -74.842555, 11.012839 ], [ -74.848946, 11.016241 ], [ -74.85084, 11.01694 ], [ -74.85167, 11.017107 ], [ -74.852702, 11.017215 ], [ -74.854281, 11.017187 ], [ -74.874274, 11.014674 ] ], [ [ -74.859925, 11.016337 ], [ -74.853848, 11.017077 ], [ -74.852408, 11.017063 ], [ -74.851223, 11.016889 ], [ -74.850132, 11.016579 ], [ -74.848718, 11.015958 ], [ -74.842229, 11.01248 ] ] ] } }
]
}
